Algorithm,F1_Macro_Global,Precision_Macro,Recall_Macro,Accuracy,PR_AUC_Macro,Best_Hyperparameters,Features_List,Heavy_F1,Heavy_Precision,Heavy_Recall,Heavy_PR_AUC,Moderate_F1,Moderate_Precision,Moderate_Recall,Moderate_PR_AUC,No Rain_F1,No Rain_Precision,No Rain_Recall,No Rain_PR_AUC
RF,0.9282030216750652,0.9139403508771929,0.9457636962280925,0.9484339190221543,0.9587701501772342,"{'n_estimators': 100, 'max_depth': 10}","['spec_skew', 'NDSI', 'mfcc_1', 'wav_detail_lvl5_std', 'mfcc_var', 'mfcc_std', 'wav_approx_std', 'mfcc_2']",0.8732394366197183,0.8157894736842105,0.9393939393939394,0.9179405005838008,0.9359886201991465,0.9276315789473685,0.9444976076555024,0.9605542924132171,0.9753810082063306,0.9984,0.9533995416348358,0.9978156575346847
RF,0.9271142671361496,0.9139478572881149,0.9431767922479996,0.9472880061115355,0.9562007108696301,"{'n_estimators': 100, 'max_depth': 10}","['spec_skew', 'spec_kurtosis', 'NDSI', 'mfcc_1', 'wav_detail_lvl5_std', 'mfcc_var', 'mfcc_std', 'wav_approx_std', 'mfcc_2']",0.8723404255319149,0.82,0.9318181818181818,0.9107625888617291,0.9348441926345609,0.9226467847157502,0.9473684210526315,0.9602985765477011,0.9741581832419733,0.9991967871485944,0.9503437738731857,0.9975409671994597
RF,0.9268888603304216,0.9121032348805996,0.9451767788455095,0.946524064171123,0.9536436463037224,"{'n_estimators': 50, 'max_depth': None}","['mfcc_mean', 'spec_skew', 'spec_kurtosis', 'NDSI', 'mfcc_1', 'wav_detail_lvl5_std', 'mfcc_var', 'mfcc_std', 'wav_approx_std']",0.8736842105263158,0.8137254901960784,0.9431818181818182,0.8961812129300956,0.9339039467427485,0.9281663516068053,0.939712918660287,0.9672321474987912,0.9730784237222005,0.9944178628389154,0.9526355996944232,0.9975175784822806
RF,0.9268756525186687,0.9136256410600065,0.9429300747412203,0.9488158899923606,0.9601841786977888,"{'n_estimators': 50, 'max_depth': 10}","['spec_skew', 'spec_kurtosis', 'NDSI', 'mfcc_1', 'wav_detail_lvl5_std', 'mfcc_var', 'mfcc_std', 'mfcc_2']",0.8672566371681416,0.813953488372093,0.928030303030303,0.9168412578829815,0.936372269705603,0.9293119698397738,0.9435406698564593,0.9655404978290427,0.9769980506822612,0.9976114649681529,0.9572192513368984,0.9981707803813421
RF,0.9267551262287137,0.9129080437223219,0.9438551816260795,0.9453781512605042,0.9604386470809785,"{'n_estimators': 100, 'max_depth': 10}","['spec_kurtosis', 'mfcc_1', 'wav_detail_lvl5_std', 'wav_approx_std', 'mfcc_2']",0.8763250883392226,0.8211920529801324,0.9393939393939394,0.9317315365183205,0.9325789721829326,0.9191449814126395,0.9464114832535885,0.9527426602839132,0.9713613181639859,0.9983870967741936,0.9457601222307105,0.996841744440702
RF,0.926000282571787,0.9116607903940643,0.9438551816260795,0.9453781512605042,0.9558438458809526,"{'n_estimators': 100, 'max_depth': 10}","['spec_skew', 'NDSI', 'mfcc_1', 'wav_detail_lvl5_std', 'mfcc_var', 'mfcc_std', 'wav_approx_std']",0.8732394366197183,0.8157894736842105,0.9393939393939394,0.9084214369725893,0.9330188679245283,0.92,0.9464114832535885,0.961412247045969,0.9717425431711146,0.9991928974979822,0.9457601222307105,0.9976978536242997
RF,0.9259782199480964,0.9108757029664051,0.9449248120300752,0.9457601222307105,0.9571045972930684,"{'n_estimators': 100, 'max_depth': 10}","['spec_kurtosis', 'NDSI', 'mfcc_1', 'wav_detail_lvl5_std', 'mfcc_std', 'wav_approx_std']",0.87215411558669,0.8110749185667753,0.9431818181818182,0.9121459050686368,0.9328287606433302,0.9223573433115061,0.9435406698564593,0.9615149082835497,0.9729517836142689,0.999194847020934,0.948051948051948,0.9976529785270185
RF,0.9259782199480964,0.9108757029664051,0.9449248120300752,0.9457601222307105,0.9571095584681607,"{'n_estimators': 100, 'max_depth': 10}","['spec_kurtosis', 'NDSI', 'mfcc_1', 'wav_detail_lvl5_std', 'mfcc_var', 'wav_approx_std']",0.87215411558669,0.8110749185667753,0.9431818181818182,0.9121600636636052,0.9328287606433302,0.9223573433115061,0.9435406698564593,0.9615156332138584,0.9729517836142689,0.999194847020934,0.948051948051948,0.9976529785270185
RF,0.9257105895082547,0.9097993429779795,0.9457908362707124,0.9446142093200917,0.9468138013052808,"{'n_estimators': 50, 'max_depth': None}","['spec_kurtosis', 'NDSI', 'wav_detail_lvl5_std', 'mfcc_std', 'wav_approx_std']",0.8745644599303136,0.8096774193548387,0.9507575757575758,0.8818724112570295,0.9311163895486936,0.9245283018867925,0.937799043062201,0.962120115590702,0.9714509190457568,0.9951923076923077,0.9488158899923606,0.996448877068111
RF,0.9254721684570164,0.9198346195034169,0.9320539539579787,0.9491978609625669,0.9531189732284915,"{'n_estimators': 50, 'max_depth': 10}","['mfcc_mean', 'spec_skew', 'NDSI', 'mfcc_1', 'mfcc_var', 'mfcc_std', 'wav_approx_std', 'mfcc_2']",0.8613678373382625,0.8411552346570397,0.8825757575757576,0.9012931504632412,0.9377049180327869,0.918348623853211,0.9578947368421052,0.9600178732616791,0.97734375,1.0,0.9556913674560733,0.9980458959605538
RF,0.925310064634786,0.9130537200724426,0.9401422450958054,0.9457601222307105,0.9591220733929952,"{'n_estimators': 100, 'max_depth': 10}","['spec_kurtosis', 'NDSI', 'mfcc_1', 'wav_detail_lvl5_std', 'mfcc_std', 'wav_approx_std', 'mfcc_2']",0.8698752228163993,0.8215488215488216,0.9242424242424242,0.9183708744140439,0.9330819981149858,0.9192200557103064,0.9473684210526315,0.961346575340487,0.972972972972973,0.9983922829581994,0.9488158899923606,0.9976487704244545
RF,0.925310064634786,0.9130537200724426,0.9401422450958054,0.9457601222307105,0.9591220733929952,"{'n_estimators': 100, 'max_depth': 10}","['spec_kurtosis', 'NDSI', 'mfcc_1', 'wav_detail_lvl5_std', 'mfcc_var', 'wav_approx_std', 'mfcc_2']",0.8698752228163993,0.8215488215488216,0.9242424242424242,0.9183708744140439,0.9330819981149858,0.9192200557103064,0.9473684210526315,0.961346575340487,0.972972972972973,0.9983922829581994,0.9488158899923606,0.9976487704244545
RF,0.9253012411274136,0.9092049316797172,0.9456621723649588,0.9446142093200917,0.9501417432039228,"{'n_estimators': 100, 'max_depth': None}","['spec_kurtosis', 'NDSI', 'wav_detail_lvl5_std', 'mfcc_var', 'wav_approx_std']",0.8730434782608696,0.8070739549839229,0.9507575757575758,0.888853142900143,0.9309852451213708,0.9261363636363636,0.9358851674641149,0.9647225777618036,0.971875,0.9944044764188649,0.9503437738731857,0.9968495089498215
RF,0.9252421294504037,0.9127077284961675,0.9402549377007582,0.944996180290298,0.9562337638635929,"{'n_estimators': 50, 'max_depth': None}","['mfcc_mean', 'spec_skew', 'spec_kurtosis', 'NDSI', 'wav_detail_lvl5_std', 'mfcc_var', 'mfcc_std', 'wav_approx_std']",0.8718861209964412,0.8221476510067114,0.928030303030303,0.906595624608876,0.9327014218009478,0.923943661971831,0.9416267942583733,0.965270300166575,0.9711388455538221,0.9920318725099602,0.9511077158135982,0.996835366815328
RF,0.9247525241923954,0.9149798764199771,0.9363033251578144,0.9457601222307105,0.9581925546427955,"{'n_estimators': 100, 'max_depth': 10}","['mfcc_mean', 'spec_skew', 'spec_kurtosis', 'NDSI', 'mfcc_1', 'wav_detail_lvl5_std', 'mfcc_var', 'mfcc_std', 'wav_approx_std', 'mfcc_2']",0.8679927667269439,0.8304498269896193,0.9090909090909091,0.9171202061578125,0.9332706766917294,0.9168975069252078,0.9502392344497608,0.9601847078620225,0.9729941291585127,0.9975922953451043,0.9495798319327731,0.9972727499085512
RF,0.9247365148570933,0.9142545383542365,0.9373650257551187,0.9442322383498855,0.9542462897465724,"{'n_estimators': 50, 'max_depth': 10}","['mfcc_mean', 'spec_skew', 'spec_kurtosis', 'NDSI', 'wav_detail_lvl5_std', 'mfcc_std', 'wav_approx_std']",0.872072072072072,0.8316151202749141,0.9166666666666666,0.9108355733075539,0.9315838800374883,0.9127640036730946,0.9511961722488038,0.9548233984376028,0.9705535924617197,0.9983844911147012,0.9442322383498855,0.9970798974945607
RF,0.9247365148570933,0.9142545383542365,0.9373650257551187,0.9442322383498855,0.9542462897465724,"{'n_estimators': 50, 'max_depth': 10}","['mfcc_mean', 'spec_skew', 'spec_kurtosis', 'NDSI', 'wav_detail_lvl5_std', 'mfcc_var', 'wav_approx_std']",0.872072072072072,0.8316151202749141,0.9166666666666666,0.9108355733075539,0.9315838800374883,0.9127640036730946,0.9511961722488038,0.9548233984376028,0.9705535924617197,0.9983844911147012,0.9442322383498855,0.9970798974945607
RF,0.9247325378927367,0.9159131713293983,0.935105030848065,0.9453781512605042,0.9575780212657721,"{'n_estimators': 100, 'max_depth': 10}","['mfcc_mean', 'spec_skew', 'spec_kurtosis', 'NDSI', 'wav_detail_lvl5_std', 'mfcc_var', 'mfcc_std', 'wav_approx_std', 'mfcc_2']",0.8690909090909091,0.8356643356643356,0.9053030303030303,0.9167319383137497,0.9328953542937588,0.9152854511970534,0.9511961722488038,0.9587037652029371,0.9722113502935421,0.9967897271268058,0.9488158899923606,0.9972983602806295
RF,0.9246678382889071,0.9116749497716873,0.9404585438641165,0.946524064171123,0.9590068682878465,"{'n_estimators': 100, 'max_depth': 10}","['spec_kurtosis', 'NDSI', 'mfcc_1', 'wav_detail_lvl5_std', 'mfcc_var', 'mfcc_std', 'wav_approx_std', 'mfcc_2']",0.8652482269503546,0.8133333333333334,0.9242424242424242,0.9181363623250705,0.9337748344370861,0.9232927970065482,0.9444976076555024,0.9610448347632654,0.9749804534792806,0.9983987189751802,0.9526355996944232,0.997839407775204
RF,0.9246044623801892,0.9080144873205507,0.9459195001764661,0.9446142093200917,0.9554941036126952,"{'n_estimators': 50, 'max_depth': 10}","['spec_skew', 'NDSI', 'wav_detail_lvl5_std', 'mfcc_var', 'mfcc_std', 'wav_approx_std']",0.8700173310225303,0.8019169329073482,0.9507575757575758,0.9085283226018802,0.9312470365101944,0.9229323308270677,0.939712918660287,0.9602574726174352,0.9725490196078431,0.9991941982272361,0.9472880061115355,0.9976965156187699
RF,0.924479786149795,0.9134341354952707,0.9377456564763067,0.944996180290298,0.9556918199900676,"{'n_estimators': 100, 'max_depth': 10}","['spec_skew', 'spec_kurtosis', 'mfcc_1', 'wav_detail_lvl5_std', 'mfcc_var', 'mfcc_std', 'wav_approx_std', 'mfcc_2']",0.8689407540394973,0.825938566552901,0.9166666666666666,0.9171955046863114,0.9323308270676691,0.9159741458910434,0.9492822966507177,0.9526392496964302,0.9721677773422187,0.998389694041868,0.9472880061115355,0.9972407055874609
RF,0.9243544357330987,0.9135286832967814,0.9372230710466004,0.9430863254392666,0.9558958616678231,"{'n_estimators': 50, 'max_depth': 10}","['spec_kurtosis', 'mfcc_1', 'wav_detail_lvl5_std', 'mfcc_var', 'mfcc_std', 'wav_approx_std', 'mfcc_2']",0.8741007194244604,0.8321917808219178,0.9204545454545454,0.9165897015854436,0.9298823529411765,0.9148148148148149,0.9454545454545454,0.9539857457942864,0.9690802348336595,0.9935794542536116,0.9457601222307105,0.9971121376237392
RF,0.9243308849614347,0.908785023010954,0.9439678742310321,0.9446142093200917,0.954709893679874,"{'n_estimators': 50, 'max_depth': 10}","['spec_skew', 'NDSI', 'mfcc_1', 'wav_detail_lvl5_std', 'mfcc_var', 'wav_approx_std']",0.8691099476439791,0.8058252427184466,0.9431818181818182,0.9030819312773491,0.9313121743249645,0.9221388367729831,0.9406698564593301,0.9631832240534818,0.9725705329153606,0.998390989541432,0.948051948051948,0.997864525708791
RF,0.9243308849614347,0.908785023010954,0.9439678742310321,0.9446142093200917,0.954709893679874,"{'n_estimators': 50, 'max_depth': 10}","['spec_skew', 'NDSI', 'mfcc_1', 'wav_detail_lvl5_std', 'mfcc_std', 'wav_approx_std']",0.8691099476439791,0.8058252427184466,0.9431818181818182,0.9030819312773491,0.9313121743249645,0.9221388367729831,0.9406698564593301,0.9631832240534818,0.9725705329153606,0.998390989541432,0.948051948051948,0.997864525708791
RF,0.924210355201004,0.9122843847361386,0.9386249715197083,0.944996180290298,0.9561828038193712,"{'n_estimators': 100, 'max_depth': 10}","['spec_skew', 'spec_kurtosis', 'NDSI', 'mfcc_1', 'wav_detail_lvl5_std', 'mfcc_var', 'wav_approx_std', 'mfcc_2']",0.8678571428571429,0.8209459459459459,0.9204545454545454,0.9099207424884401,0.9322033898305084,0.917516218721038,0.9473684210526315,0.960946097006953,0.9725705329153606,0.998390989541432,0.948051948051948,0.9976815719627201
RF,0.924210355201004,0.9122843847361386,0.9386249715197083,0.944996180290298,0.9560917903540488,"{'n_estimators': 100, 'max_depth': 10}","['spec_skew', 'spec_kurtosis', 'NDSI', 'mfcc_1', 'wav_detail_lvl5_std', 'mfcc_std', 'wav_approx_std', 'mfcc_2']",0.8678571428571429,0.8209459459459459,0.9204545454545454,0.9096996819586212,0.9322033898305084,0.917516218721038,0.9473684210526315,0.9608935161121415,0.9725705329153606,0.998390989541432,0.948051948051948,0.9976821729913838
RF,0.9241632246473137,0.9095800776665532,0.9424532811529716,0.9434682964094728,0.9539162302206075,"{'n_estimators': 100, 'max_depth': 10}","['spec_skew', 'NDSI', 'mfcc_1', 'wav_detail_lvl5_std', 'wav_approx_std']",0.8717047451669596,0.8131147540983606,0.9393939393939394,0.9070001930671692,0.9302544769085768,0.9164345403899722,0.9444976076555024,0.9574163765003114,0.9705304518664047,0.9991909385113269,0.9434682964094728,0.9973321210943419
RF,0.9240914357662328,0.9118521972116578,0.9386945527812401,0.9472880061115355,0.9551104604013559,"{'n_estimators': 50, 'max_depth': 10}","['spec_kurtosis', 'mfcc_1', 'wav_detail_lvl5_std', 'mfcc_var', 'mfcc_std', 'mfcc_2']",0.8612099644128114,0.8120805369127517,0.9166666666666666,0.9103318295454409,0.9344106463878327,0.9282341831916903,0.9406698564593301,0.9575770331592264,0.9766536964980544,0.9952418715305313,0.9587471352177235,0.9974225184994003
RF,0.9240910732577415,0.9081181763718759,0.9442708821965787,0.9442322383498855,0.9539238861784343,"{'n_estimators': 100, 'max_depth': None}","['spec_skew', 'spec_kurtosis', 'NDSI', 'mfcc_1', 'wav_detail_lvl5_std', 'mfcc_var', 'mfcc_std', 'wav_approx_std']",0.8695652173913043,0.8038585209003215,0.946969696969697,0.897218198354932,0.9304099142040038,0.9268755935422602,0.9339712918660287,0.9674218273264249,0.9722980881779165,0.9936204146730463,0.9518716577540107,0.9971316328539458
RF,0.9240729233616146,0.9153170089429091,0.9342230353066266,0.9457601222307105,0.9566693492452109,"{'n_estimators': 50, 'max_depth': 10}","['mfcc_mean', 'spec_skew', 'NDSI', 'wav_detail_lvl5_std', 'mfcc_var', 'mfcc_std', 'mfcc_2']",0.8654545454545455,0.8321678321678322,0.9015151515151515,0.9071913933023703,0.9340866290018832,0.9193697868396663,0.9492822966507177,0.9648312689720471,0.9726775956284153,0.994413407821229,0.9518716577540107,0.9979853854612154
RF,0.9240056899641461,0.9085553066135591,0.9435335218616953,0.9453781512605042,0.9541024241936674,"{'n_estimators': 50, 'max_depth': 10}","['spec_kurtosis', 'NDSI', 'mfcc_1', 'wav_detail_lvl5_std', 'mfcc_var', 'mfcc_std', 'wav_approx_std']",0.8656195462478184,0.8025889967637541,0.9393939393939394,0.903682739553295,0.9322595926101374,0.9230769230769231,0.9416267942583733,0.9607836862693786,0.9741379310344828,1.0,0.9495798319327731,0.9978408467583284
RF,0.9239235197699598,0.908838025937374,0.9427562891185183,0.9430863254392666,0.9504005464722155,"{'n_estimators': 100, 'max_depth': None}","['spec_skew', 'spec_kurtosis', 'NDSI', 'mfcc_1', 'wav_detail_lvl5_std', 'wav_approx_std']",0.87215411558669,0.8110749185667753,0.9431818181818182,0.8869360613251731,0.9293504030346136,0.9210526315789473,0.937799043062201,0.9668108799696455,0.9702660406885759,0.9943865276663993,0.9472880061115355,0.9974546981218279
RF,0.92389739898613,0.9107789465084067,0.9398311956361493,0.9472880061115355,0.9600942208144855,"{'n_estimators': 100, 'max_depth': 10}","['spec_kurtosis', 'NDSI', 'mfcc_1', 'wav_detail_lvl5_std', 'mfcc_std', 'mfcc_2']",0.8601769911504424,0.8073089700996677,0.9204545454545454,0.9172464064161283,0.9345351043643264,0.9266227657572906,0.9425837320574163,0.9649365834161139,0.9769801014436208,0.9984051036682615,0.9564553093964858,0.9980996726112141
RF,0.9238645760022676,0.9081962136091768,0.9435818825137711,0.9446142093200917,0.9518771137520687,"{'n_estimators': 100, 'max_depth': None}","['spec_skew', 'spec_kurtosis', 'NDSI', 'mfcc_1', 'wav_detail_lvl5_std', 'mfcc_var', 'wav_approx_std']",0.867595818815331,0.8032258064516129,0.9431818181818182,0.8904540120158139,0.9309194854692711,0.926944971537002,0.9349282296650717,0.9676724550120122,0.9730784237222005,0.9944178628389154,0.9526355996944232,0.9975048742283799
RF,0.9238645760022676,0.9081962136091768,0.9435818825137711,0.9446142093200917,0.9518771137520687,"{'n_estimators': 100, 'max_depth': None}","['spec_skew', 'spec_kurtosis', 'NDSI', 'mfcc_1', 'wav_detail_lvl5_std', 'mfcc_std', 'wav_approx_std']",0.867595818815331,0.8032258064516129,0.9431818181818182,0.8904540120158139,0.9309194854692711,0.926944971537002,0.9349282296650717,0.9676724550120122,0.9730784237222005,0.9944178628389154,0.9526355996944232,0.9975048742283799
RF,0.9237875422103624,0.9146616821307126,0.9346600681740002,0.9446142093200917,0.9543628335558226,"{'n_estimators': 100, 'max_depth': 10}","['mfcc_mean', 'spec_skew', 'spec_kurtosis', 'NDSI', 'mfcc_1', 'wav_detail_lvl5_std', 'wav_approx_std', 'mfcc_2']",0.867513611615245,0.8327526132404182,0.9053030303030303,0.9154470949943613,0.9320843091334895,0.9128440366972477,0.9521531100478469,0.9509863756045897,0.971764705882353,0.9983883964544722,0.946524064171123,0.9966550300685171
RF,0.9237847363704526,0.9167606585671262,0.9316951022833376,0.9453781512605042,0.948964721086989,"{'n_estimators': 50, 'max_depth': 5}","['NDSI', 'mfcc_var', 'mfcc_std', 'mfcc_2']",0.8660550458715597,0.8398576512455516,0.8939393939393939,0.9089500672199886,0.9325153374233128,0.9199255121042831,0.9454545454545454,0.9405263840639471,0.9727838258164853,0.9904988123515439,0.9556913674560733,0.9974177119770316
RF,0.9236165913756452,0.9104882268683271,0.9395765483226785,0.9469060351413292,0.9601968533604968,"{'n_estimators': 100, 'max_depth': 10}","['spec_kurtosis', 'NDSI', 'mfcc_1', 'wav_detail_lvl5_std', 'mfcc_var', 'mfcc_2']",0.8601769911504424,0.8073089700996677,0.9204545454545454,0.9173233028815864,0.9340919867235656,0.9257518796992481,0.9425837320574163,0.9651391974910956,0.9765807962529274,0.9984038308060654,0.9556913674560733,0.9981280597088087
RF,0.9235207975880524,0.9124388351831961,0.9365526114752121,0.9469060351413292,0.958422663599941,"{'n_estimators': 50, 'max_depth': 10}","['spec_skew', 'NDSI', 'mfcc_1', 'wav_detail_lvl5_std', 'mfcc_var', 'mfcc_std', 'mfcc_2']",0.8602150537634409,0.8163265306122449,0.9090909090909091,0.9092776408085532,0.9340919867235656,0.9257518796992481,0.9425837320574163,0.9677705490911461,0.9762553522771507,0.9952380952380953,0.957983193277311,0.9982198009001239
RF,0.9234983716484777,0.9113228443710987,0.938177328347607,0.9446142093200917,0.9566860335750458,"{'n_estimators': 50, 'max_depth': 10}","['spec_kurtosis', 'mfcc_1', 'wav_detail_lvl5_std', 'mfcc_var', 'wav_approx_std', 'mfcc_2']",0.8663101604278075,0.8181818181818182,0.9204545454545454,0.9204433368079953,0.931571495988674,0.9189944134078212,0.9444976076555024,0.9526516547132045,0.9726134585289515,0.9967923015236567,0.9495798319327731,0.9969631092039374
RF,0.9234983716484777,0.9113228443710987,0.938177328347607,0.9446142093200917,0.9566860335750457,"{'n_estimators': 50, 'max_depth': 10}","['spec_kurtosis', 'mfcc_1', 'wav_detail_lvl5_std', 'mfcc_std', 'wav_approx_std', 'mfcc_2']",0.8663101604278075,0.8181818181818182,0.9204545454545454,0.9204433368079953,0.931571495988674,0.9189944134078212,0.9444976076555024,0.9526516547132045,0.9726134585289515,0.9967923015236567,0.9495798319327731,0.9969631092039373
RF,0.9231096337495027,0.9073232287253251,0.9432039322906195,0.9434682964094728,0.9546885946701043,"{'n_estimators': 100, 'max_depth': 10}","['spec_skew', 'NDSI', 'wav_detail_lvl5_std', 'mfcc_std', 'wav_approx_std']",0.867595818815331,0.8032258064516129,0.9431818181818182,0.910174758086094,0.9299905392620624,0.9195509822263798,0.9406698564593301,0.9566130940813231,0.9717425431711146,0.9991928974979822,0.9457601222307105,0.9972779318428957
RF,0.9231096337495027,0.9073232287253251,0.9432039322906195,0.9434682964094728,0.954688396698035,"{'n_estimators': 100, 'max_depth': 10}","['spec_skew', 'NDSI', 'wav_detail_lvl5_std', 'mfcc_var', 'wav_approx_std']",0.867595818815331,0.8032258064516129,0.9431818181818182,0.9101654230010507,0.9299905392620624,0.9195509822263798,0.9406698564593301,0.9566218352501588,0.9717425431711146,0.9991928974979822,0.9457601222307105,0.9972779318428957
RF,0.9230364224036797,0.9123923316089494,0.9357296985779957,0.944996180290298,0.9580135317926156,"{'n_estimators': 100, 'max_depth': 10}","['mfcc_mean', 'spec_skew', 'spec_kurtosis', 'NDSI', 'wav_detail_lvl5_std', 'mfcc_var', 'mfcc_2']",0.8633093525179856,0.821917808219178,0.9090909090909091,0.9176146974037812,0.9332079021636877,0.9176688251618872,0.9492822966507177,0.9588869575276571,0.9725920125293657,0.9975903614457832,0.9488158899923606,0.9975389404464088
RF,0.9230364224036797,0.9123923316089494,0.9357296985779957,0.944996180290298,0.9580137253593004,"{'n_estimators': 100, 'max_depth': 10}","['mfcc_mean', 'spec_skew', 'spec_kurtosis', 'NDSI', 'wav_detail_lvl5_std', 'mfcc_std', 'mfcc_2']",0.8633093525179856,0.821917808219178,0.9090909090909091,0.9176146974037812,0.9332079021636877,0.9176688251618872,0.9492822966507177,0.9588875382277113,0.9725920125293657,0.9975903614457832,0.9488158899923606,0.9975389404464088
RF,0.9229980768451925,0.9099635256857731,0.9389949919361684,0.9442322383498855,0.9595816135519887,"{'n_estimators': 100, 'max_depth': 10}","['spec_skew', 'spec_kurtosis', 'mfcc_1', 'wav_detail_lvl5_std', 'mfcc_var', 'wav_approx_std', 'mfcc_2']",0.8652482269503546,0.8133333333333334,0.9242424242424242,0.9281341565547145,0.9311969839773798,0.9173630454967502,0.9454545454545454,0.953574237565876,0.9725490196078431,0.9991941982272361,0.9472880061115355,0.9970364465353755
RF,0.9229980768451925,0.9099635256857731,0.9389949919361684,0.9442322383498855,0.959581259021689,"{'n_estimators': 100, 'max_depth': 10}","['spec_skew', 'spec_kurtosis', 'mfcc_1', 'wav_detail_lvl5_std', 'mfcc_std', 'wav_approx_std', 'mfcc_2']",0.8652482269503546,0.8133333333333334,0.9242424242424242,0.9281341565547145,0.9311969839773798,0.9173630454967502,0.9454545454545454,0.9535731739749771,0.9725490196078431,0.9991941982272361,0.9472880061115355,0.9970364465353755
RF,0.9229373856359334,0.9107517373764519,0.9376680337206653,0.9438502673796791,0.9586710736245823,"{'n_estimators': 50, 'max_depth': 10}","['mfcc_mean', 'spec_skew', 'NDSI', 'mfcc_1', 'wav_detail_lvl5_std', 'mfcc_std', 'wav_approx_std']",0.8663101604278075,0.8181818181818182,0.9204545454545454,0.9167987801266767,0.9306930693069307,0.9172862453531598,0.9444976076555024,0.9616876958372206,0.9718089271730619,0.9967871485943776,0.948051948051948,0.9975267449098494
RF,0.9229373856359334,0.9107517373764519,0.9376680337206653,0.9438502673796791,0.958673773763163,"{'n_estimators': 50, 'max_depth': 10}","['mfcc_mean', 'spec_skew', 'NDSI', 'mfcc_1', 'wav_detail_lvl5_std', 'mfcc_var', 'wav_approx_std']",0.8663101604278075,0.8181818181818182,0.9204545454545454,0.9167987801266767,0.9306930693069307,0.9172862453531598,0.9444976076555024,0.9616933578779012,0.9718089271730619,0.9967871485943776,0.948051948051948,0.9975291832849111
RF,0.9228846484020073,0.9069850664253801,0.9431933219858917,0.9419404125286478,0.9459823037449927,"{'n_estimators': 50, 'max_depth': 5}","['spec_skew', 'mfcc_1', 'wav_detail_lvl5_std', 'mfcc_var', 'mfcc_2']",0.8710801393728222,0.8064516129032258,0.946969696969697,0.9301867902320747,0.9282341831916903,0.9161230195712954,0.9406698564593301,0.9106235213090856,0.9693396226415094,0.9983805668016195,0.9419404125286478,0.9971365996938178
RF,0.9228846484020073,0.9069850664253801,0.9431933219858917,0.9419404125286478,0.9459823037449927,"{'n_estimators': 50, 'max_depth': 5}","['spec_skew', 'mfcc_1', 'wav_detail_lvl5_std', 'mfcc_std', 'mfcc_2']",0.8710801393728222,0.8064516129032258,0.946969696969697,0.9301867902320747,0.9282341831916903,0.9161230195712954,0.9406698564593301,0.9106235213090856,0.9693396226415094,0.9983805668016195,0.9419404125286478,0.9971365996938178
RF,0.9228761807210812,0.908484479296325,0.9408179539758487,0.9442322383498855,0.9611065257012804,"{'n_estimators': 100, 'max_depth': 10}","['spec_kurtosis', 'NDSI', 'mfcc_1', 'wav_detail_lvl5_std', 'wav_approx_std', 'mfcc_2']",0.8646748681898067,0.8065573770491803,0.9318181818181818,0.9278343198486523,0.9310018903591682,0.9197012138188608,0.9425837320574163,0.9580571346155504,0.9729517836142689,0.999194847020934,0.948051948051948,0.9974281226396389
RF,0.9228090745005783,0.9077625326184386,0.9418153226202762,0.9427043544690603,0.955492057484784,"{'n_estimators': 100, 'max_depth': 10}","['spec_kurtosis', 'NDSI', 'mfcc_1', 'wav_detail_lvl5_std', 'wav_approx_std']",0.8686514886164624,0.8078175895765473,0.9393939393939394,0.9093372434385799,0.9292452830188679,0.9162790697674419,0.9425837320574163,0.9598426684131948,0.9705304518664047,0.9991909385113269,0.9434682964094728,0.9972962606025776
RF,0.9227433324747577,0.9124272005444007,0.9348344122337929,0.9442322383498855,0.9519077994574312,"{'n_estimators': 100, 'max_depth': 10}","['spec_kurtosis', 'NDSI', 'mfcc_var', 'mfcc_std', 'wav_approx_std']",0.8648648648648649,0.8247422680412371,0.9090909090909091,0.8941581036152108,0.931067044381492,0.918918918918919,0.9435406698564593,0.963204474627745,0.9722980881779165,0.9936204146730463,0.9518716577540107,0.9983608201293375
RF,0.9226668801357568,0.9096528555615414,0.9384399054677693,0.9469060351413292,0.9620374689526033,"{'n_estimators': 100, 'max_depth': 10}","['spec_kurtosis', 'NDSI', 'wav_detail_lvl5_std', 'mfcc_var', 'mfcc_std', 'mfcc_2']",0.856637168141593,0.8039867109634552,0.9166666666666666,0.920462808125363,0.9339667458432304,0.9273584905660377,0.9406698564593301,0.9674295942341663,0.9773967264224473,0.9976133651551312,0.957983193277311,0.9982200044982809
RF,0.9226540198219461,0.9073550666834719,0.9417993513194752,0.9419404125286478,0.9551428809488699,"{'n_estimators': 50, 'max_depth': None}","['mfcc_mean', 'spec_skew', 'spec_kurtosis', 'NDSI', 'mfcc_1', 'wav_detail_lvl5_std', 'wav_approx_std']",0.8706293706293706,0.8084415584415584,0.9431818181818182,0.9083305813101414,0.9278252611585945,0.9208294062205467,0.9349282296650717,0.9611785636781062,0.9695074276778733,0.9927942353883107,0.9472880061115355,0.9959194978583623
RF,0.9226089364168938,0.9187876334000084,0.9274165806673547,0.9438502673796791,0.9462483480205642,"{'n_estimators': 100, 'max_depth': 5}","['spec_kurtosis', 'mfcc_var', 'mfcc_std', 'mfcc_2']",0.8656716417910447,0.8529411764705882,0.8787878787878788,0.9151904988440097,0.9315323707498836,0.9074410163339383,0.9569377990430622,0.9271358786206596,0.9706227967097533,0.9959807073954984,0.946524064171123,0.9964186665970237
RF,0.9225917906065909,0.9128098902158944,0.933834363091329,0.9461420932009167,0.9496573323475838,"{'n_estimators': 100, 'max_depth': None}","['mfcc_mean', 'spec_skew', 'spec_kurtosis', 'NDSI', 'mfcc_var', 'mfcc_std', 'wav_approx_std']",0.8592057761732852,0.8206896551724138,0.9015151515151515,0.8877624654422871,0.9330166270783848,0.9264150943396227,0.939712918660287,0.9638919773847154,0.9755529685681025,0.9913249211356467,0.9602750190985485,0.9973175542157485
RF,0.9225793840899789,0.9101235102461919,0.937796697626419,0.9438502673796791,0.9575461211421809,"{'n_estimators': 100, 'max_depth': 10}","['spec_skew', 'spec_kurtosis', 'NDSI', 'mfcc_1', 'wav_detail_lvl5_std', 'wav_approx_std', 'mfcc_2']",0.8647686832740213,0.8154362416107382,0.9204545454545454,0.9210779979321297,0.9308235294117647,0.9157407407407407,0.9464114832535885,0.9549390712807433,0.9721459395841506,0.9991935483870967,0.946524064171123,0.9966212942136694
RF,0.9224846756988766,0.9089730935832114,0.9391209753438856,0.9446142093200917,0.957770287181451,"{'n_estimators': 100, 'max_depth': 10}","['spec_kurtosis', 'NDSI', 'wav_detail_lvl5_std', 'mfcc_var', 'mfcc_std', 'wav_approx_std', 'mfcc_2']",0.8621908127208481,0.8079470198675497,0.9242424242424242,0.9165592630892615,0.9315068493150684,0.9197761194029851,0.9435406698564593,0.9590858370299316,0.9737563650607128,0.9991961414790996,0.9495798319327731,0.9976657614251597
RF,0.9224640646897595,0.9057638796906198,0.9440189153811445,0.9434682964094728,0.9568107589270394,"{'n_estimators': 100, 'max_depth': 10}","['spec_kurtosis', 'NDSI', 'wav_detail_lvl5_std', 'mfcc_var', 'mfcc_std', 'wav_approx_std']",0.8650519031141869,0.7961783439490446,0.946969696969697,0.9091396121799512,0.9297912713472486,0.9219190968955786,0.937799043062201,0.963427499904405,0.9725490196078431,0.9991941982272361,0.9472880061115355,0.9978651646967618
RF,0.9222755327088005,0.9079153383925761,0.9400513315373997,0.9434682964094728,0.9525969673647969,"{'n_estimators': 50, 'max_depth': None}","['mfcc_mean', 'spec_skew', 'spec_kurtosis', 'NDSI', 'mfcc_1', 'wav_detail_lvl5_std', 'mfcc_std', 'wav_approx_std']",0.8646748681898067,0.8065573770491803,0.9318181818181818,0.9018698118572888,0.930298719772404,0.9219924812030075,0.938755980861244,0.9599099020525432,0.9718530101641908,0.9951961569255404,0.9495798319327731,0.9960111881845586
RF,0.9222755327088005,0.9079153383925761,0.9400513315373997,0.9434682964094728,0.9525969673647969,"{'n_estimators': 50, 'max_depth': None}","['mfcc_mean', 'spec_skew', 'spec_kurtosis', 'NDSI', 'mfcc_1', 'wav_detail_lvl5_std', 'mfcc_var', 'wav_approx_std']",0.8646748681898067,0.8065573770491803,0.9318181818181818,0.9018698118572888,0.930298719772404,0.9219924812030075,0.938755980861244,0.9599099020525432,0.9718530101641908,0.9951961569255404,0.9495798319327731,0.9960111881845586
RF,0.9222187405086265,0.9086955182504236,0.9389306599832915,0.9442322383498855,0.9599949835827403,"{'n_estimators': 50, 'max_depth': 10}","['spec_kurtosis', 'NDSI', 'wav_detail_lvl5_std', 'mfcc_var', 'wav_approx_std', 'mfcc_2']",0.8621908127208481,0.8079470198675497,0.9242424242424242,0.9287843870333417,0.9311320754716981,0.9181395348837209,0.9444976076555024,0.95437518408993,0.9733333333333334,1.0,0.948051948051948,0.996825379624949
RF,0.9222187405086265,0.9086955182504236,0.9389306599832915,0.9442322383498855,0.9599927727157128,"{'n_estimators': 50, 'max_depth': 10}","['spec_kurtosis', 'NDSI', 'wav_detail_lvl5_std', 'mfcc_std', 'wav_approx_std', 'mfcc_2']",0.8621908127208481,0.8079470198675497,0.9242424242424242,0.9287768277142531,0.9311320754716981,0.9181395348837209,0.9444976076555024,0.954376110807936,0.9733333333333334,1.0,0.948051948051948,0.996825379624949
RF,0.922189266988562,0.9086806026611999,0.9388019960775379,0.9442322383498855,0.9582265202549882,"{'n_estimators': 100, 'max_depth': 10}","['spec_skew', 'NDSI', 'wav_detail_lvl5_std', 'mfcc_var', 'mfcc_std', 'wav_approx_std', 'mfcc_2']",0.8621908127208481,0.8079470198675497,0.9242424242424242,0.9170305630789961,0.9310018903591682,0.9197012138188608,0.9425837320574163,0.960173164739768,0.9733750978856696,0.9983935742971888,0.9495798319327731,0.9974758329462005
RF,0.9221578644563824,0.9115183957257257,0.9349657566375832,0.9438502673796791,0.9559823657681337,"{'n_estimators': 50, 'max_depth': 10}","['mfcc_mean', 'spec_skew', 'NDSI', 'wav_detail_lvl5_std', 'mfcc_var', 'mfcc_std', 'wav_approx_std']",0.8633093525179856,0.821917808219178,0.9090909090909091,0.90797730822459,0.9310183012670108,0.9134438305709024,0.9492822966507177,0.9621540309074402,0.9721459395841506,0.9991935483870967,0.946524064171123,0.9978157581723706
RF,0.9221154478670455,0.9134751631891027,0.932142745455439,0.9457601222307105,0.9471950201670079,"{'n_estimators': 100, 'max_depth': 5}","['NDSI', 'mfcc_var', 'mfcc_2']",0.8581818181818182,0.8251748251748252,0.8939393939393939,0.9103536442364616,0.9331450094161958,0.9184430027803522,0.9483253588516747,0.9348772448547303,0.9750195160031225,0.9968076616121309,0.9541634835752483,0.9963541714098315
RF,0.9221154478670455,0.9134751631891027,0.932142745455439,0.9457601222307105,0.9471957857907287,"{'n_estimators': 100, 'max_depth': 5}","['NDSI', 'mfcc_std', 'mfcc_2']",0.8581818181818182,0.8251748251748252,0.8939393939393939,0.9103559229796163,0.9331450094161958,0.9184430027803522,0.9483253588516747,0.9348772629827382,0.9750195160031225,0.9968076616121309,0.9541634835752483,0.9963541714098315
RF,0.9221125608581783,0.9069409614413154,0.9412523063451855,0.9434682964094728,0.956302595339817,"{'n_estimators': 50, 'max_depth': 10}","['mfcc_mean', 'spec_kurtosis', 'NDSI', 'mfcc_1', 'wav_detail_lvl5_std', 'mfcc_var', 'mfcc_std', 'wav_approx_std']",0.8636363636363636,0.801948051948052,0.9356060606060606,0.9115529056450978,0.9309366130558183,0.9204864359214219,0.9416267942583733,0.9597328752938743,0.971764705882353,0.9983883964544722,0.946524064171123,0.9976220050804789
RF,0.9220633187181567,0.9079863944115342,0.9395553277132224,0.9438502673796791,0.9574224953883904,"{'n_estimators': 50, 'max_depth': 10}","['spec_skew', 'wav_detail_lvl5_std', 'mfcc_var', 'mfcc_std', 'wav_approx_std', 'mfcc_2']",0.8626760563380281,0.805921052631579,0.928030303030303,0.9256439536507354,0.9305621162021729,0.9188432835820896,0.9425837320574163,0.9500225205087285,0.9729517836142689,0.999194847020934,0.948051948051948,0.9966010120057072
RF,0.9220194194167064,0.910761614651328,0.9356547563203911,0.9434682964094728,0.9609666148643914,"{'n_estimators': 50, 'max_depth': 10}","['spec_skew', 'spec_kurtosis', 'NDSI', 'wav_detail_lvl5_std', 'mfcc_var', 'mfcc_std', 'wav_approx_std', 'mfcc_2']",0.8637992831541219,0.8197278911564626,0.9128787878787878,0.9253792616615069,0.9305164319248826,0.9133640552995391,0.9483253588516747,0.9599625440524993,0.9717425431711146,0.9991928974979822,0.9457601222307105,0.9975580388791683
RF,0.9219720740941533,0.9083765983622519,0.9386196105236353,0.9457601222307105,0.9611053100930951,"{'n_estimators': 50, 'max_depth': 10}","['spec_skew', 'spec_kurtosis', 'NDSI', 'wav_detail_lvl5_std', 'mfcc_var', 'mfcc_std', 'mfcc_2']",0.8571428571428571,0.801980198019802,0.9204545454545454,0.9253915577729576,0.932573599240266,0.9255419415645617,0.939712918660287,0.9600268652544152,0.9761997658993368,0.9976076555023924,0.9556913674560733,0.9978975072519126
RF,0.9219690473334982,0.914594199635884,0.9303575337631065,0.9434682964094728,0.9514461569861462,"{'n_estimators': 100, 'max_depth': 10}","['spec_skew', 'mfcc_std', 'mfcc_2']",0.8644688644688645,0.8368794326241135,0.8939393939393939,0.9205154041010121,0.9302544769085768,0.9164345403899722,0.9444976076555024,0.9374283977722062,0.971183800623053,0.9904686258935663,0.9526355996944232,0.9963946690852207
RF,0.9219690473334982,0.914594199635884,0.9303575337631065,0.9434682964094728,0.9514569529897844,"{'n_estimators': 100, 'max_depth': 10}","['spec_skew', 'mfcc_var', 'mfcc_2']",0.8644688644688645,0.8368794326241135,0.8939393939393939,0.9205454785653858,0.9302544769085768,0.9164345403899722,0.9444976076555024,0.937428948068496,0.971183800623053,0.9904686258935663,0.9526355996944232,0.9963964323354715
RF,0.9218909799789045,0.9095312273248045,0.9368503701321039,0.9442322383498855,0.9610198495261492,"{'n_estimators': 50, 'max_depth': 10}","['spec_skew', 'spec_kurtosis', 'NDSI', 'mfcc_1', 'wav_detail_lvl5_std', 'mfcc_var', 'mfcc_2']",0.8612099644128114,0.8120805369127517,0.9166666666666666,0.9213756302602771,0.931067044381492,0.918918918918919,0.9435406698564593,0.9638327255434321,0.97339593114241,0.9975942261427426,0.9503437738731857,0.9978511927747381
RF,0.9218909799789045,0.9095312273248045,0.9368503701321039,0.9442322383498855,0.9610185284513912,"{'n_estimators': 50, 'max_depth': 10}","['spec_skew', 'spec_kurtosis', 'NDSI', 'mfcc_1', 'wav_detail_lvl5_std', 'mfcc_std', 'mfcc_2']",0.8612099644128114,0.8120805369127517,0.9166666666666666,0.9213756302602771,0.931067044381492,0.918918918918919,0.9435406698564593,0.9638287623191586,0.97339593114241,0.9975942261427426,0.9503437738731857,0.9978511927747381
RF,0.9218463094548991,0.920371815076585,0.9241379965064175,0.9434682964094728,0.9467341813820201,"{'n_estimators': 100, 'max_depth': 5}","['spec_skew', 'mfcc_var', 'mfcc_std', 'mfcc_2']",0.8641509433962264,0.8609022556390977,0.8674242424242424,0.9184747999543695,0.931098696461825,0.9066183136899365,0.9569377990430622,0.9255126748124928,0.9702892885066459,0.9935948759007206,0.948051948051948,0.9962150693791982
RF,0.9218357741100371,0.9093022428617573,0.9373411246476261,0.9415584415584416,0.9494832190071602,"{'n_estimators': 100, 'max_depth': 10}","['spec_skew', 'spec_kurtosis', 'mfcc_1', 'wav_detail_lvl5_std', 'mfcc_var', 'mfcc_std', 'wav_approx_std']",0.8683274021352313,0.8187919463087249,0.9242424242424242,0.9034227202821595,0.9282700421940928,0.9099264705882353,0.9473684210526315,0.9490862808704723,0.9689098780007871,0.9991883116883117,0.9404125286478228,0.9959406558688488
RF,0.9218214678610718,0.9099705345998316,0.9360864281916914,0.9430863254392666,0.9563781395431046,"{'n_estimators': 50, 'max_depth': 10}","['spec_skew', 'spec_kurtosis', 'wav_detail_lvl5_std', 'mfcc_var', 'mfcc_std', 'wav_approx_std', 'mfcc_2']",0.8642857142857143,0.8175675675675675,0.9166666666666666,0.9162031998731766,0.9297501178689298,0.9163568773234201,0.9435406698564593,0.9556481634421536,0.9714285714285714,0.9959871589085072,0.948051948051948,0.9972830553139834
RF,0.9217920726705158,0.9074586800676476,0.9396839916189762,0.9438502673796791,0.9531294874076818,"{'n_estimators': 50, 'max_depth': 10}","['mfcc_mean', 'spec_skew', 'NDSI', 'mfcc_1', 'wav_detail_lvl5_std', 'mfcc_var']",0.8611599297012302,0.8032786885245902,0.928030303030303,0.8988756795434826,0.9324515824279641,0.9207089552238806,0.9444976076555024,0.9628345879656176,0.971764705882353,0.9983883964544722,0.946524064171123,0.9976781947139449
RF,0.9217920726705158,0.9074586800676476,0.9396839916189762,0.9438502673796791,0.9531294874076818,"{'n_estimators': 50, 'max_depth': 10}","['mfcc_mean', 'spec_skew', 'NDSI', 'mfcc_1', 'wav_detail_lvl5_std', 'mfcc_std']",0.8611599297012302,0.8032786885245902,0.928030303030303,0.8988756795434826,0.9324515824279641,0.9207089552238806,0.9444976076555024,0.9628345879656176,0.971764705882353,0.9983883964544722,0.946524064171123,0.9976781947139449
RF,0.9217209662973311,0.909325674965988,0.9369173825830172,0.9438502673796791,0.9564645128618058,"{'n_estimators': 100, 'max_depth': 10}","['mfcc_mean', 'spec_skew', 'NDSI', 'mfcc_1', 'wav_detail_lvl5_std', 'mfcc_var', 'mfcc_std', 'wav_approx_std']",0.8612099644128114,0.8120805369127517,0.9166666666666666,0.9102345935519373,0.9318288669487541,0.9158964879852126,0.9483253588516747,0.9612262372678892,0.9721240675304279,1.0,0.9457601222307105,0.9979327077655905
RF,0.9214927663765317,0.9123640381768134,0.9323655618547259,0.9415584415584416,0.959787520756346,"{'n_estimators': 50, 'max_depth': 10}","['mfcc_mean', 'spec_skew', 'spec_kurtosis', 'mfcc_1', 'wav_detail_lvl5_std', 'mfcc_var', 'mfcc_std', 'wav_approx_std', 'mfcc_2']",0.867513611615245,0.8327526132404182,0.9053030303030303,0.9277610063444947,0.9283372365339578,0.9091743119266055,0.9483253588516747,0.9544413351113159,0.9686274509803922,0.9951651893634166,0.9434682964094728,0.9971602208132274
RF,0.9214640522875817,0.9093393420280339,0.936215092097445,0.9430863254392666,0.9564792226590081,"{'n_estimators': 100, 'max_depth': 10}","['spec_skew', 'spec_kurtosis', 'wav_detail_lvl5_std', 'mfcc_std', 'wav_approx_std', 'mfcc_2']",0.8627450980392157,0.8148148148148148,0.9166666666666666,0.9202892283567325,0.9298823529411765,0.9148148148148149,0.9454545454545454,0.9525205101148658,0.971764705882353,0.9983883964544722,0.946524064171123,0.9966279295054262
RF,0.9214640522875817,0.9093393420280339,0.936215092097445,0.9430863254392666,0.9565458896212388,"{'n_estimators': 100, 'max_depth': 10}","['spec_skew', 'spec_kurtosis', 'wav_detail_lvl5_std', 'mfcc_var', 'wav_approx_std', 'mfcc_2']",0.8627450980392157,0.8148148148148148,0.9166666666666666,0.9204619870270621,0.9298823529411765,0.9148148148148149,0.9454545454545454,0.9525456197655361,0.971764705882353,0.9983883964544722,0.946524064171123,0.9966300620711183
RF,0.9214514710739005,0.9089475792942087,0.936542001170484,0.9453781512605042,0.9614464503481791,"{'n_estimators': 100, 'max_depth': 10}","['spec_kurtosis', 'NDSI', 'mfcc_1', 'wav_detail_lvl5_std', 'mfcc_var', 'mfcc_std', 'mfcc_2']",0.8561278863232682,0.8060200668896321,0.9128787878787878,0.9202902926935629,0.9332070108953103,0.924015009380863,0.9425837320574163,0.9658426586318993,0.9750195160031225,0.9968076616121309,0.9541634835752483,0.9982063997190749
RF,0.9214344337541499,0.9086412937764171,0.9372767926947493,0.9415584415584416,0.9498696536722898,"{'n_estimators': 50, 'max_depth': 10}","['spec_skew', 'mfcc_1', 'wav_detail_lvl5_std', 'mfcc_var', 'mfcc_std', 'wav_approx_std']",0.866785079928952,0.8160535117056856,0.9242424242424242,0.9079379570886275,0.9282027217268888,0.9106813996316758,0.9464114832535885,0.9456835046608759,0.969315499606609,0.9991889699918897,0.9411764705882353,0.9959874992673663
RF,0.9214319490796022,0.9070947469575232,0.9391799463006892,0.9453781512605042,0.9537792587085224,"{'n_estimators': 50, 'max_depth': 10}","['spec_skew', 'wav_detail_lvl5_std', 'mfcc_var', 'mfcc_std', 'mfcc_2']",0.856140350877193,0.7973856209150327,0.9242424242424242,0.9078826621279527,0.9319371727748691,0.9270833333333334,0.9368421052631579,0.9561030244784481,0.9762183235867447,0.9968152866242038,0.9564553093964858,0.9973520895191664
RF,0.9212431884428932,0.9129913838039282,0.9308290780427004,0.946524064171123,0.955608587612183,"{'n_estimators': 50, 'max_depth': 10}","['mfcc_mean', 'spec_kurtosis', 'NDSI', 'mfcc_1', 'wav_detail_lvl5_std', 'mfcc_var', 'mfcc_std', 'mfcc_2']",0.8524590163934426,0.8210526315789474,0.8863636363636364,0.905921956087754,0.9350893697083725,0.9195189639222942,0.9511961722488038,0.9629457258621306,0.9761811792268645,0.9984025559105432,0.9549274255156608,0.9979580808866646
RF,0.921173304903991,0.9079551879945048,0.9374777183600713,0.9434682964094728,0.9573976351093232,"{'n_estimators': 100, 'max_depth': 10}","['mfcc_mean', 'spec_kurtosis', 'NDSI', 'mfcc_1', 'wav_detail_lvl5_std', 'mfcc_var', 'wav_approx_std']",0.8601769911504424,0.8073089700996677,0.9204545454545454,0.9134266914469941,0.9311969839773798,0.9173630454967502,0.9454545454545454,0.961129811702497,0.9721459395841506,0.9991935483870967,0.946524064171123,0.9976364021784785
RF,0.921173304903991,0.9079551879945048,0.9374777183600713,0.9434682964094728,0.9573976351093232,"{'n_estimators': 100, 'max_depth': 10}","['mfcc_mean', 'spec_kurtosis', 'NDSI', 'mfcc_1', 'wav_detail_lvl5_std', 'mfcc_std', 'wav_approx_std']",0.8601769911504424,0.8073089700996677,0.9204545454545454,0.9134266914469941,0.9311969839773798,0.9173630454967502,0.9454545454545454,0.961129811702497,0.9721459395841506,0.9991935483870967,0.946524064171123,0.9976364021784785
RF,0.921111477118734,0.9114640207890385,0.9324378236142943,0.9434682964094728,0.9556627898773894,"{'n_estimators': 100, 'max_depth': 10}","['mfcc_mean', 'spec_skew', 'spec_kurtosis', 'mfcc_1', 'wav_detail_lvl5_std', 'mfcc_var', 'mfcc_std', 'mfcc_2']",0.8607594936708861,0.8235294117647058,0.9015151515151515,0.9147157955997801,0.9303201506591338,0.9156626506024096,0.9454545454545454,0.9552725370336027,0.9722547870261821,0.9952,0.9503437738731857,0.9970000369987851
RF,0.9210881867672956,0.9113047654056036,0.932523376176627,0.946524064171123,0.9551981078832351,"{'n_estimators': 100, 'max_depth': 10}","['spec_kurtosis', 'NDSI', 'mfcc_1', 'mfcc_var', 'mfcc_std', 'wav_approx_std', 'mfcc_2']",0.851985559566787,0.8137931034482758,0.8939393939393939,0.9057095572319026,0.9338999055712937,0.9217148182665424,0.9464114832535885,0.9615384452860897,0.9773790951638065,0.998406374501992,0.9572192513368984,0.9983463211317132
RF,0.9210372111852053,0.9120227543168875,0.9318158363823997,0.9434682964094728,0.9573835203856249,"{'n_estimators': 100, 'max_depth': 10}","['mfcc_mean', 'spec_skew', 'spec_kurtosis', 'NDSI', 'mfcc_1', 'wav_detail_lvl5_std', 'mfcc_var', 'wav_approx_std', 'mfcc_2']",0.8602540834845736,0.8257839721254355,0.8977272727272727,0.9167087231268767,0.9307116104868914,0.9110907424381302,0.9511961722488038,0.9583485896665485,0.9721459395841506,0.9991935483870967,0.946524064171123,0.9970932483634495
RF,0.9210372111852053,0.9120227543168875,0.9318158363823997,0.9434682964094728,0.9573650671359909,"{'n_estimators': 100, 'max_depth': 10}","['mfcc_mean', 'spec_skew', 'spec_kurtosis', 'NDSI', 'mfcc_1', 'wav_detail_lvl5_std', 'mfcc_std', 'wav_approx_std', 'mfcc_2']",0.8602540834845736,0.8257839721254355,0.8977272727272727,0.9166582518976016,0.9307116104868914,0.9110907424381302,0.9511961722488038,0.9583485896665485,0.9721459395841506,0.9991935483870967,0.946524064171123,0.9970883598438225
RF,0.9210352472990837,0.9107390862122325,0.9333841511086094,0.9430863254392666,0.9560017644563407,"{'n_estimators': 50, 'max_depth': 10}","['mfcc_mean', 'spec_kurtosis', 'NDSI', 'mfcc_1', 'wav_detail_lvl5_std', 'mfcc_var', 'wav_approx_std', 'mfcc_2']",0.8612612612612612,0.8213058419243986,0.9053030303030303,0.9125922820166218,0.9300797747536368,0.9125230202578268,0.9483253588516747,0.9579877044351042,0.971764705882353,0.9983883964544722,0.946524064171123,0.9974253069172964
RF,0.9210352472990837,0.9107390862122325,0.9333841511086094,0.9430863254392666,0.9560017644563407,"{'n_estimators': 50, 'max_depth': 10}","['mfcc_mean', 'spec_kurtosis', 'NDSI', 'mfcc_1', 'wav_detail_lvl5_std', 'mfcc_std', 'wav_approx_std', 'mfcc_2']",0.8612612612612612,0.8213058419243986,0.9053030303030303,0.9125922820166218,0.9300797747536368,0.9125230202578268,0.9483253588516747,0.9579877044351042,0.971764705882353,0.9983883964544722,0.946524064171123,0.9974253069172964
RF,0.9210232981579414,0.9100464918954742,0.9344458517059137,0.9415584415584416,0.951493897498345,"{'n_estimators': 50, 'max_depth': 10}","['mfcc_mean', 'spec_skew', 'spec_kurtosis', 'mfcc_1', 'wav_detail_lvl5_std', 'mfcc_var', 'mfcc_std', 'wav_approx_std']",0.8653500897666068,0.8225255972696246,0.9128787878787878,0.9083191800256537,0.9284043051006083,0.9084249084249084,0.9492822966507177,0.9496908175227156,0.969315499606609,0.9991889699918897,0.9411764705882353,0.9964716949466655
RF,0.921013055638466,0.9064737005913477,0.9392363484468748,0.9434682964094728,0.955317949357048,"{'n_estimators': 50, 'max_depth': 10}","['spec_skew', 'spec_kurtosis', 'NDSI', 'wav_detail_lvl5_std', 'mfcc_std', 'wav_approx_std', 'mfcc_2']",0.8596491228070176,0.8006535947712419,0.928030303030303,0.9118259164122655,0.9300567107750473,0.9187675070028011,0.9416267942583733,0.9569270155291612,0.9733333333333334,1.0,0.948051948051948,0.9972009161297171
RF,0.921013055638466,0.9064737005913477,0.9392363484468748,0.9434682964094728,0.955317949357048,"{'n_estimators': 50, 'max_depth': 10}","['spec_skew', 'spec_kurtosis', 'NDSI', 'wav_detail_lvl5_std', 'mfcc_var', 'wav_approx_std', 'mfcc_2']",0.8596491228070176,0.8006535947712419,0.928030303030303,0.9118259164122655,0.9300567107750473,0.9187675070028011,0.9416267942583733,0.9569270155291612,0.9733333333333334,1.0,0.948051948051948,0.9972009161297171
RF,0.9209617766547168,0.9075479668180947,0.937410705909158,0.9438502673796791,0.9584433348928801,"{'n_estimators': 100, 'max_depth': 10}","['spec_skew', 'spec_kurtosis', 'mfcc_1', 'wav_detail_lvl5_std', 'mfcc_var', 'mfcc_2']",0.8586572438162544,0.804635761589404,0.9204545454545454,0.9185587198471789,0.930430667297681,0.9204119850187266,0.9406698564593301,0.9592485194876489,0.9737974188502151,0.9975961538461539,0.9511077158135982,0.9975227653438129
RF,0.9209617766547168,0.9075479668180947,0.937410705909158,0.9438502673796791,0.9584308810972672,"{'n_estimators': 100, 'max_depth': 10}","['spec_skew', 'spec_kurtosis', 'mfcc_1', 'wav_detail_lvl5_std', 'mfcc_std', 'mfcc_2']",0.8586572438162544,0.804635761589404,0.9204545454545454,0.9185213584603398,0.930430667297681,0.9204119850187266,0.9406698564593301,0.9592485194876489,0.9737974188502151,0.9975961538461539,0.9511077158135982,0.9975227653438129
RF,0.9209108257948594,0.9068277352115598,0.9384080745535854,0.9423223834988541,0.9569684731584823,"{'n_estimators': 100, 'max_depth': 10}","['spec_kurtosis', 'wav_detail_lvl5_std', 'mfcc_var', 'mfcc_std', 'wav_approx_std', 'mfcc_2']",0.8626760563380281,0.805921052631579,0.928030303030303,0.9194517283117407,0.9286726499763817,0.9169776119402985,0.9406698564593301,0.9544881585891312,0.9713837710701686,0.9975845410628019,0.946524064171123,0.9969655325745749
RF,0.9208904421886023,0.9170286708949172,0.9260338904301753,0.9362108479755539,0.9461080684113813,"{'n_estimators': 50, 'max_depth': 5}","['mfcc_std', 'mfcc_2']",0.8805970149253731,0.8676470588235294,0.8939393939393939,0.9303432840623904,0.9225776541492814,0.8947841726618705,0.9521531100478469,0.9122097615579321,0.9594966574911522,0.9886547811993517,0.932009167303285,0.9957711596138215
RF,0.9208904421886023,0.9170286708949172,0.9260338904301753,0.9362108479755539,0.9461080684113813,"{'n_estimators': 50, 'max_depth': 5}","['mfcc_var', 'mfcc_2']",0.8805970149253731,0.8676470588235294,0.8939393939393939,0.9303432840623904,0.9225776541492814,0.8947841726618705,0.9521531100478469,0.9122097615579321,0.9594966574911522,0.9886547811993517,0.932009167303285,0.9957711596138215
RF,0.9208753324618949,0.9064769967057807,0.9386573608709833,0.9434682964094728,0.9658299186649518,"{'n_estimators': 100, 'max_depth': None}","['spec_skew', 'spec_kurtosis', 'NDSI', 'wav_detail_lvl5_std', 'mfcc_var', 'mfcc_2']",0.8596491228070176,0.8006535947712419,0.928030303030303,0.9346588651206191,0.9294566253574833,0.9259259259259259,0.9330143540669856,0.9664436352093222,0.9735202492211839,0.9928514694201748,0.9549274255156608,0.9963872556649142
RF,0.9208753324618949,0.9064769967057807,0.9386573608709833,0.9434682964094728,0.96564847529497,"{'n_estimators': 100, 'max_depth': None}","['spec_skew', 'spec_kurtosis', 'NDSI', 'wav_detail_lvl5_std', 'mfcc_std', 'mfcc_2']",0.8596491228070176,0.8006535947712419,0.928030303030303,0.9341404095984452,0.9294566253574833,0.9259259259259259,0.9330143540669856,0.9664177606215509,0.9735202492211839,0.9928514694201748,0.9549274255156608,0.9963872556649142
RF,0.9207248352559761,0.9083701646750112,0.9356387850195901,0.9427043544690603,0.9597608086922333,"{'n_estimators': 50, 'max_depth': 10}","['mfcc_mean', 'spec_kurtosis', 'NDSI', 'mfcc_1', 'wav_detail_lvl5_std', 'mfcc_var', 'mfcc_std', 'wav_approx_std', 'mfcc_2']",0.8612099644128114,0.8120805369127517,0.9166666666666666,0.9216426690764957,0.9291115311909263,0.9178338001867413,0.9406698564593301,0.9600627855094293,0.9718530101641908,0.9951961569255404,0.9495798319327731,0.9975769714907752
RF,0.9206607113754122,0.9076937114820799,0.936649444466782,0.9423223834988541,0.9558666754767909,"{'n_estimators': 100, 'max_depth': 10}","['spec_kurtosis', 'wav_detail_lvl5_std', 'mfcc_std', 'wav_approx_std', 'mfcc_2']",0.8617021276595744,0.81,0.9204545454545454,0.9178673687660801,0.9289411764705883,0.9138888888888889,0.9444976076555024,0.9529349468055852,0.9713388299960738,0.9991922455573505,0.944996180290298,0.9967977108587077
RF,0.9206607113754122,0.9076937114820799,0.936649444466782,0.9423223834988541,0.9558666754767909,"{'n_estimators': 100, 'max_depth': 10}","['spec_kurtosis', 'wav_detail_lvl5_std', 'mfcc_var', 'wav_approx_std', 'mfcc_2']",0.8617021276595744,0.81,0.9204545454545454,0.9178673687660801,0.9289411764705883,0.9138888888888889,0.9444976076555024,0.9529349468055852,0.9713388299960738,0.9991922455573505,0.944996180290298,0.9967977108587077
RF,0.920547481519034,0.9062242344470027,0.9384724065064622,0.9423223834988541,0.952949402974764,"{'n_estimators': 100, 'max_depth': 10}","['spec_skew', 'spec_kurtosis', 'NDSI', 'wav_detail_lvl5_std', 'mfcc_var', 'mfcc_std', 'wav_approx_std']",0.8611599297012302,0.8032786885245902,0.928030303030303,0.9005740286794528,0.928739971684757,0.9162011173184358,0.9416267942583733,0.9605238333338119,0.9717425431711146,0.9991928974979822,0.9457601222307105,0.9977503469110275
RF,0.9204894010527814,0.9118169721217035,0.9306791935274906,0.9434682964094728,0.9553694443217488,"{'n_estimators': 50, 'max_depth': 10}","['mfcc_mean', 'spec_kurtosis', 'NDSI', 'wav_detail_lvl5_std', 'mfcc_var', 'mfcc_std', 'mfcc_2']",0.8581818181818182,0.8251748251748252,0.8939393939393939,0.9052979179105194,0.9314553990610329,0.9142857142857143,0.9492822966507177,0.962828154751699,0.971830985915493,0.9959903769045709,0.9488158899923606,0.9979822603030275
RF,0.9204459058991444,0.9069385156631102,0.9370167843852054,0.9419404125286478,0.9606450682505311,"{'n_estimators': 100, 'max_depth': 10}","['spec_skew', 'mfcc_1', 'wav_detail_lvl5_std', 'wav_approx_std', 'mfcc_2']",0.8621908127208481,0.8079470198675497,0.9242424242424242,0.9331519691143111,0.9280983916745507,0.9176800748362957,0.938755980861244,0.9520216541023981,0.9710485133020345,0.9951884522854851,0.948051948051948,0.9967615815348839
RF,0.920440655309945,0.9067402591432656,0.9374133864071945,0.9434682964094728,0.953084186767177,"{'n_estimators': 50, 'max_depth': 10}","['mfcc_mean', 'spec_skew', 'NDSI', 'mfcc_1', 'wav_detail_lvl5_std', 'mfcc_var', 'mfcc_std']",0.8571428571428571,0.801980198019802,0.9204545454545454,0.8984866445679558,0.9320113314447592,0.9198508853681268,0.9444976076555024,0.9629224214388101,0.9721677773422187,0.998389694041868,0.9472880061115355,0.9978434942947652
RF,0.9204334099893607,0.9062409714698446,0.9380353736390887,0.9434682964094728,0.962194650072966,"{'n_estimators': 50, 'max_depth': 10}","['spec_skew', 'spec_kurtosis', 'wav_detail_lvl5_std', 'mfcc_std', 'mfcc_2']",0.8576449912126538,0.8,0.9242424242424242,0.932122595364466,0.9298578199052133,0.9211267605633803,0.938755980861244,0.9577915864521511,0.9737974188502151,0.9975961538461539,0.9511077158135982,0.996669768402281
RF,0.9204334099893607,0.9062409714698446,0.9380353736390887,0.9434682964094728,0.962194650072966,"{'n_estimators': 50, 'max_depth': 10}","['spec_skew', 'spec_kurtosis', 'wav_detail_lvl5_std', 'mfcc_var', 'mfcc_2']",0.8576449912126538,0.8,0.9242424242424242,0.932122595364466,0.9298578199052133,0.9211267605633803,0.938755980861244,0.9577915864521511,0.9737974188502151,0.9975961538461539,0.9511077158135982,0.996669768402281
RF,0.9204323613080181,0.9059668910818554,0.9384266146650048,0.9457601222307105,0.9592152471125165,"{'n_estimators': 50, 'max_depth': 10}","['spec_skew', 'NDSI', 'mfcc_1', 'wav_detail_lvl5_std', 'mfcc_var', 'mfcc_2']",0.851138353765324,0.7915309446254072,0.9204545454545454,0.9149493279203145,0.9323809523809524,0.9279620853080569,0.9368421052631579,0.9645603692277123,0.9777777777777777,0.9984076433121019,0.957983193277311,0.9981360441895227
RF,0.9204323613080181,0.9059668910818554,0.9384266146650048,0.9457601222307105,0.9592152471125165,"{'n_estimators': 50, 'max_depth': 10}","['spec_skew', 'NDSI', 'mfcc_1', 'wav_detail_lvl5_std', 'mfcc_std', 'mfcc_2']",0.851138353765324,0.7915309446254072,0.9204545454545454,0.9149493279203145,0.9323809523809524,0.9279620853080569,0.9368421052631579,0.9645603692277123,0.9777777777777777,0.9984076433121019,0.957983193277311,0.9981360441895227
RF,0.9203268203295764,0.9070300881107998,0.9367648175697711,0.9411764705882353,0.9570554535641292,"{'n_estimators': 50, 'max_depth': 10}","['spec_skew', 'mfcc_1', 'wav_detail_lvl5_std', 'mfcc_var', 'mfcc_std', 'wav_approx_std', 'mfcc_2']",0.863716814159292,0.8106312292358804,0.9242424242424242,0.9192508267961219,0.9274952919020716,0.9128822984244671,0.9425837320574163,0.9548229019017723,0.9697683549273656,0.9975767366720517,0.9434682964094728,0.9970926319944933
RF,0.9203166745245953,0.9085346191304589,0.9345048226627174,0.9423223834988541,0.9558533523987026,"{'n_estimators': 100, 'max_depth': 10}","['spec_skew', 'mfcc_1', 'wav_detail_lvl5_std', 'mfcc_std', 'wav_approx_std', 'mfcc_2']",0.8607142857142858,0.8141891891891891,0.9128787878787878,0.9176547451786264,0.9288071664309288,0.9154275092936803,0.9425837320574163,0.9528945031732646,0.9714285714285714,0.9959871589085072,0.948051948051948,0.9970108088442168
RF,0.9203166745245953,0.9085346191304589,0.9345048226627174,0.9423223834988541,0.9558533523987026,"{'n_estimators': 100, 'max_depth': 10}","['spec_skew', 'mfcc_1', 'wav_detail_lvl5_std', 'mfcc_var', 'wav_approx_std', 'mfcc_2']",0.8607142857142858,0.8141891891891891,0.9128787878787878,0.9176547451786264,0.9288071664309288,0.9154275092936803,0.9425837320574163,0.9528945031732646,0.9714285714285714,0.9959871589085072,0.948051948051948,0.9970108088442168
RF,0.9202285254848288,0.9077438905328719,0.9352660841050934,0.9438502673796791,0.9569921041582713,"{'n_estimators': 100, 'max_depth': 10}","['spec_skew', 'mfcc_1', 'wav_detail_lvl5_std', 'mfcc_var', 'mfcc_std', 'mfcc_2']",0.8561278863232682,0.8060200668896321,0.9128787878787878,0.920293420735217,0.930298719772404,0.9219924812030075,0.938755980861244,0.9534158267486281,0.9742589703588144,0.9952191235059761,0.9541634835752483,0.9972670649909683
RF,0.920145044094976,0.907402240881665,0.9355850633714411,0.9442322383498855,0.9593229662173569,"{'n_estimators': 100, 'max_depth': 10}","['spec_skew', 'spec_kurtosis', 'wav_detail_lvl5_std', 'mfcc_var', 'mfcc_std', 'mfcc_2']",0.8546099290780141,0.8033333333333333,0.9128787878787878,0.9227229841434771,0.9308056872037914,0.9220657276995305,0.939712918660287,0.9579439252103514,0.9750195160031225,0.9968076616121309,0.9541634835752483,0.9973019892982421
RF,0.9201378817330372,0.9124491368832971,0.9292262519042706,0.9427043544690603,0.9591017243425884,"{'n_estimators': 50, 'max_depth': 10}","['mfcc_mean', 'spec_skew', 'NDSI', 'wav_detail_lvl5_std', 'mfcc_var', 'wav_approx_std', 'mfcc_2']",0.8592321755027422,0.8303886925795053,0.8901515151515151,0.9195233092035382,0.9297752808988764,0.9101741521539871,0.9502392344497608,0.960430617092423,0.9714061887974932,0.9967845659163987,0.9472880061115355,0.9973512467318039
RF,0.9201378817330372,0.9124491368832971,0.9292262519042706,0.9427043544690603,0.9591066035697954,"{'n_estimators': 50, 'max_depth': 10}","['mfcc_mean', 'spec_skew', 'NDSI', 'wav_detail_lvl5_std', 'mfcc_std', 'wav_approx_std', 'mfcc_2']",0.8592321755027422,0.8303886925795053,0.8901515151515151,0.9195361323156378,0.9297752808988764,0.9101741521539871,0.9502392344497608,0.9604324316619445,0.9714061887974932,0.9967845659163987,0.9472880061115355,0.9973512467318039
RF,0.9201101551312522,0.9098780405633043,0.9324405041123308,0.9430863254392666,0.9557889362337333,"{'n_estimators': 100, 'max_depth': 10}","['mfcc_mean', 'spec_skew', 'spec_kurtosis', 'NDSI', 'wav_detail_lvl5_std', 'mfcc_std', 'wav_approx_std', 'mfcc_2']",0.8576576576576577,0.8178694158075601,0.9015151515151515,0.9155541479282362,0.9301453352086263,0.9117647058823529,0.9492822966507177,0.9548249347844942,0.9725274725274725,1.0,0.946524064171123,0.9969877259884694
RF,0.9201101551312522,0.9098780405633043,0.9324405041123308,0.9430863254392666,0.9557835853006283,"{'n_estimators': 100, 'max_depth': 10}","['mfcc_mean', 'spec_skew', 'spec_kurtosis', 'NDSI', 'wav_detail_lvl5_std', 'mfcc_var', 'wav_approx_std', 'mfcc_2']",0.8576576576576577,0.8178694158075601,0.9015151515151515,0.9155421157437716,0.9301453352086263,0.9117647058823529,0.9492822966507177,0.9548209141696444,0.9725274725274725,1.0,0.946524064171123,0.9969877259884694
RF,0.9200345421204116,0.9064096658210928,0.9370731865313909,0.9400305576776165,0.9513328782677649,"{'n_estimators': 50, 'max_depth': 10}","['spec_skew', 'spec_kurtosis', 'mfcc_1', 'wav_detail_lvl5_std', 'mfcc_var', 'wav_approx_std']",0.8657243816254417,0.8112582781456954,0.928030303030303,0.9045076777372522,0.9262564584311883,0.9095940959409594,0.9435406698564593,0.9527957799663259,0.9681227863046045,0.9983766233766234,0.9396485867074102,0.9966951770997164
RF,0.9200345421204116,0.9064096658210928,0.9370731865313909,0.9400305576776165,0.9513328782677649,"{'n_estimators': 50, 'max_depth': 10}","['spec_skew', 'spec_kurtosis', 'mfcc_1', 'wav_detail_lvl5_std', 'mfcc_std', 'wav_approx_std']",0.8657243816254417,0.8112582781456954,0.928030303030303,0.9045076777372522,0.9262564584311883,0.9095940959409594,0.9435406698564593,0.9527957799663259,0.9681227863046045,0.9983766233766234,0.9396485867074102,0.9966951770997164
RF,0.9200188572197959,0.9042355116325203,0.940102372687512,0.9423223834988541,0.9493598446674318,"{'n_estimators': 100, 'max_depth': 5}","['NDSI', 'mfcc_1', 'wav_detail_lvl5_std', 'mfcc_var', 'mfcc_std', 'mfcc_2']",0.8591304347826086,0.7942122186495176,0.9356060606060606,0.9191728366606947,0.9283341243474134,0.9209039548022598,0.9358851674641149,0.9310248527029986,0.9725920125293657,0.9975903614457832,0.9488158899923606,0.9978818446386022
RF,0.9199538796911689,0.9162107304934084,0.9247116230862361,0.9442322383498855,0.9474024116625178,"{'n_estimators': 100, 'max_depth': 5}","['spec_skew', 'NDSI', 'mfcc_std', 'mfcc_2']",0.8544776119402985,0.8419117647058824,0.8674242424242424,0.912007419273508,0.9320297951582868,0.9075249320036265,0.9578947368421052,0.9344813142422193,0.9733542319749217,0.999195494770716,0.9488158899923606,0.9957185014718265
RF,0.9199538796911689,0.9162107304934084,0.9247116230862361,0.9442322383498855,0.9474024116625178,"{'n_estimators': 100, 'max_depth': 5}","['spec_skew', 'NDSI', 'mfcc_var', 'mfcc_2']",0.8544776119402985,0.8419117647058824,0.8674242424242424,0.912007419273508,0.9320297951582868,0.9075249320036265,0.9578947368421052,0.9344813142422193,0.9733542319749217,0.999195494770716,0.9488158899923606,0.9957185014718265
RF,0.9198140254614513,0.9050289639742256,0.9382873404545231,0.9442322383498855,0.9594851052839365,"{'n_estimators': 100, 'max_depth': 10}","['spec_kurtosis', 'mfcc_1', 'wav_detail_lvl5_std', 'mfcc_var', 'mfcc_2']",0.8531468531468531,0.7922077922077922,0.9242424242424242,0.9224541964213792,0.9304761904761905,0.9260663507109005,0.9349282296650717,0.9583721636571177,0.9758190327613104,0.9968127490039841,0.9556913674560733,0.9976289557733125
RF,0.9198140254614513,0.9050289639742256,0.9382873404545231,0.9442322383498855,0.9594796697390594,"{'n_estimators': 100, 'max_depth': 10}","['spec_kurtosis', 'mfcc_1', 'wav_detail_lvl5_std', 'mfcc_std', 'mfcc_2']",0.8531468531468531,0.7922077922077922,0.9242424242424242,0.9224385663237459,0.9304761904761905,0.9260663507109005,0.9349282296650717,0.9583714871201199,0.9758190327613104,0.9968127490039841,0.9556913674560733,0.9976289557733125
RF,0.9198035873082652,0.9057014712947629,0.9374538172525789,0.9407944996180291,0.9508448238613795,"{'n_estimators': 100, 'max_depth': 10}","['spec_kurtosis', 'mfcc_1', 'wav_detail_lvl5_std', 'mfcc_var', 'mfcc_std', 'wav_approx_std']",0.8626760563380281,0.805921052631579,0.928030303030303,0.9088311603954377,0.9269901083372586,0.9128014842300557,0.9416267942583733,0.9474910150303202,0.9697445972495088,0.9983818770226537,0.9427043544690603,0.9962122961583801
RF,0.919762563951717,0.901868878704525,0.9434399278052529,0.9434682964094728,0.9548372130214332,"{'n_estimators': 50, 'max_depth': 10}","['mfcc_1', 'wav_detail_lvl5_std', 'mfcc_var', 'mfcc_std', 'wav_approx_std', 'mfcc_2']",0.8547008547008547,0.778816199376947,0.946969696969697,0.916417511290643,0.9291866028708134,0.9291866028708134,0.9291866028708134,0.9509935664330833,0.975400234283483,0.9976038338658147,0.9541634835752483,0.9971005613405735
RF,0.9196277697973572,0.9113205224540435,0.9294808992177414,0.9430863254392666,0.9580762426690207,"{'n_estimators': 50, 'max_depth': 10}","['mfcc_mean', 'spec_skew', 'NDSI', 'wav_detail_lvl5_std', 'mfcc_var', 'mfcc_std', 'wav_approx_std', 'mfcc_2']",0.8561020036429873,0.8245614035087719,0.8901515151515151,0.9178554723592542,0.9302107728337237,0.9110091743119266,0.9502392344497608,0.9589692930834621,0.9725705329153606,0.998390989541432,0.948051948051948,0.9974039625643457
RF,0.9196187852838854,0.9072356786119898,0.9346845277185835,0.9411764705882353,0.9564631254417946,"{'n_estimators': 50, 'max_depth': 10}","['spec_skew', 'spec_kurtosis', 'mfcc_1', 'wav_detail_lvl5_std', 'wav_approx_std', 'mfcc_2']",0.8612099644128114,0.8120805369127517,0.9166666666666666,0.9224713696509959,0.9274269557021678,0.9136490250696379,0.9416267942583733,0.9500727832295977,0.9702194357366771,0.99597747385358,0.9457601222307105,0.9968452234447902
RF,0.9195992833165015,0.9025867553044323,0.9415930646580802,0.9407944996180291,0.9483734967385663,"{'n_estimators': 100, 'max_depth': None}","['spec_skew', 'spec_kurtosis', 'NDSI', 'wav_detail_lvl5_std', 'mfcc_var', 'wav_approx_std']",0.8620689655172413,0.7911392405063291,0.946969696969697,0.8828925755690264,0.9260143198090692,0.9238095238095239,0.9282296650717703,0.9652465966559824,0.970714564623194,0.9928115015974441,0.9495798319327731,0.9969813179906899
RF,0.9195992833165015,0.9025867553044323,0.9415930646580802,0.9407944996180291,0.9483234297736228,"{'n_estimators': 100, 'max_depth': None}","['spec_skew', 'spec_kurtosis', 'NDSI', 'wav_detail_lvl5_std', 'mfcc_std', 'wav_approx_std']",0.8620689655172413,0.7911392405063291,0.946969696969697,0.8827426358229596,0.9260143198090692,0.9238095238095239,0.9282296650717703,0.9652466800361439,0.970714564623194,0.9928115015974441,0.9495798319327731,0.9969809734617653
RF,0.9195583808100768,0.9050979121230837,0.9375340088188384,0.9446142093200917,0.9571360550909483,"{'n_estimators': 50, 'max_depth': 10}","['spec_skew', 'NDSI', 'wav_detail_lvl5_std', 'mfcc_var', 'mfcc_std', 'mfcc_2']",0.851138353765324,0.7915309446254072,0.9204545454545454,0.9072873276387018,0.9309194854692711,0.926944971537002,0.9349282296650717,0.9659341089271067,0.9766173031956352,0.9968178202068417,0.9572192513368984,0.9981867287070363
RF,0.9195394807761691,0.9047403968448545,0.9379471405787195,0.9407944996180291,0.9460558803208512,"{'n_estimators': 100, 'max_depth': None}","['mfcc_mean', 'spec_skew', 'spec_kurtosis', 'NDSI', 'mfcc_1', 'wav_detail_lvl5_std', 'mfcc_var']",0.861646234676007,0.8013029315960912,0.9318181818181818,0.877602378345015,0.9281978126485972,0.9224952741020794,0.9339712918660287,0.9636924209545714,0.9687743950039032,0.9904229848363927,0.948051948051948,0.996872841662967
RF,0.9195394807761691,0.9047403968448545,0.9379471405787195,0.9407944996180291,0.9460119389226308,"{'n_estimators': 100, 'max_depth': None}","['mfcc_mean', 'spec_skew', 'spec_kurtosis', 'NDSI', 'mfcc_1', 'wav_detail_lvl5_std', 'mfcc_std']",0.861646234676007,0.8013029315960912,0.9318181818181818,0.8774785924900219,0.9281978126485972,0.9224952741020794,0.9339712918660287,0.9636843826149035,0.9687743950039032,0.9904229848363927,0.948051948051948,0.996872841662967
RF,0.9195362700818933,0.8989260056796663,0.9481236513744253,0.9392666157372039,0.9536287984434336,"{'n_estimators': 100, 'max_depth': 10}","['mfcc_1', 'wav_detail_lvl5_std', 'mfcc_std', 'wav_approx_std']",0.8657718120805369,0.7771084337349398,0.9772727272727273,0.920835694200407,0.9241114313160422,0.9276759884281581,0.9205741626794258,0.9443441172557226,0.9687255668491008,0.9919935948759008,0.946524064171123,0.9957065838741708
RF,0.9195362700818933,0.8989260056796663,0.9481236513744253,0.9392666157372039,0.9536287984434336,"{'n_estimators': 100, 'max_depth': 10}","['mfcc_1', 'wav_detail_lvl5_std', 'mfcc_var', 'wav_approx_std']",0.8657718120805369,0.7771084337349398,0.9772727272727273,0.920835694200407,0.9241114313160422,0.9276759884281581,0.9205741626794258,0.9443441172557226,0.9687255668491008,0.9919935948759008,0.946524064171123,0.9957065838741708
RF,0.9195167135246879,0.9069481004404908,0.9348881338819419,0.9427043544690603,0.9541727503435032,"{'n_estimators': 100, 'max_depth': 10}","['mfcc_mean', 'spec_skew', 'spec_kurtosis', 'NDSI', 'mfcc_1', 'wav_detail_lvl5_std', 'mfcc_var', 'mfcc_std', 'mfcc_2']",0.8561278863232682,0.8060200668896321,0.9128787878787878,0.9025580078821351,0.9302544769085768,0.9164345403899722,0.9444976076555024,0.9621317996075858,0.9721677773422187,0.998389694041868,0.9472880061115355,0.9978284435407888
RF,0.9195067549111332,0.9147529777451037,0.9247546227422389,0.9442322383498855,0.9537870830205009,"{'n_estimators': 100, 'max_depth': 10}","['mfcc_mean', 'spec_skew', 'spec_kurtosis', 'NDSI', 'mfcc_1', 'mfcc_var', 'mfcc_std', 'mfcc_2']",0.8534322820037106,0.8363636363636363,0.8712121212121212,0.8961605745936458,0.931067044381492,0.918918918918919,0.9435406698564593,0.9669650089410929,0.974020938348197,0.988976377952756,0.959511077158136,0.9982356655267638
RF,0.9194620133448664,0.9057829331671775,0.9363921166552744,0.9423223834988541,0.9532535253828658,"{'n_estimators': 50, 'max_depth': 10}","['spec_skew', 'wav_detail_lvl5_std', 'mfcc_var', 'wav_approx_std', 'mfcc_2']",0.8571428571428571,0.801980198019802,0.9204545454545454,0.9167314195078252,0.9286726499763817,0.9169776119402985,0.9406698564593301,0.9464996681162068,0.9725705329153606,0.998390989541432,0.948051948051948,0.9965294885245654
RF,0.9194620133448664,0.9057829331671775,0.9363921166552744,0.9423223834988541,0.9532534836008907,"{'n_estimators': 50, 'max_depth': 10}","['spec_skew', 'wav_detail_lvl5_std', 'mfcc_std', 'wav_approx_std', 'mfcc_2']",0.8571428571428571,0.801980198019802,0.9204545454545454,0.9167314195078252,0.9286726499763817,0.9169776119402985,0.9406698564593301,0.9464995427702815,0.9725705329153606,0.998390989541432,0.948051948051948,0.9965294885245654
RF,0.9194280777900667,0.9110668050182223,0.9291486291486292,0.9415584415584416,0.9528325211261729,"{'n_estimators': 100, 'max_depth': 10}","['mfcc_mean', 'spec_kurtosis', 'mfcc_1', 'wav_detail_lvl5_std', 'mfcc_var', 'mfcc_std', 'mfcc_2']",0.8597449908925319,0.8280701754385965,0.8939393939393939,0.9086348053516726,0.9290079924776681,0.9131238447319778,0.9454545454545454,0.9528283436888372,0.96953125,0.9920063948840927,0.948051948051948,0.9970344143380091
RF,0.919391164072529,0.9039873890732251,0.9389578000259114,0.9404125286478228,0.9473155884673155,"{'n_estimators': 50, 'max_depth': 5}","['spec_kurtosis', 'NDSI', 'wav_detail_lvl5_std', 'mfcc_std', 'mfcc_2']",0.8621291448516579,0.7993527508090615,0.9356060606060606,0.9250685140999915,0.9262759924385633,0.9150326797385621,0.937799043062201,0.9211360023497562,0.9697683549273656,0.9975767366720517,0.9434682964094728,0.9957422489521989
RF,0.919391164072529,0.9039873890732251,0.9389578000259114,0.9404125286478228,0.947320924779334,"{'n_estimators': 50, 'max_depth': 5}","['spec_kurtosis', 'NDSI', 'wav_detail_lvl5_std', 'mfcc_var', 'mfcc_2']",0.8621291448516579,0.7993527508090615,0.9356060606060606,0.9250837245624304,0.9262759924385633,0.9150326797385621,0.937799043062201,0.9211368008233729,0.9697683549273656,0.9975767366720517,0.9434682964094728,0.9957422489521989
RF,0.9193903172450811,0.8982965371003098,0.9489413149629868,0.9388846447669977,0.9504558580849846,"{'n_estimators': 100, 'max_depth': 10}","['mfcc_1', 'wav_detail_lvl5_std', 'mfcc_var', 'mfcc_std', 'wav_approx_std']",0.8662207357859532,0.7754491017964071,0.9810606060606061,0.9168294701980403,0.9232981783317353,0.9250720461095101,0.9215311004784689,0.9389675350756593,0.9686520376175548,0.9943684633950121,0.9442322383498855,0.9955705689812542
RF,0.9193407172923004,0.9032462258593571,0.9399869995845228,0.9434682964094728,0.9498317259740645,"{'n_estimators': 100, 'max_depth': 10}","['spec_skew', 'NDSI', 'mfcc_1', 'wav_detail_lvl5_std', 'mfcc_var', 'mfcc_std']",0.8526863084922011,0.7859424920127795,0.9318181818181818,0.8863993980574248,0.9315589353612167,0.9254013220018886,0.937799043062201,0.9648901390034943,0.9737769080234834,0.9983948635634029,0.9503437738731857,0.9982056408612745
RF,0.9191362511297552,0.9084617137639676,0.9317461434334499,0.9442322383498855,0.9566284237507233,"{'n_estimators': 50, 'max_depth': 10}","['spec_skew', 'spec_kurtosis', 'NDSI', 'mfcc_1', 'mfcc_var', 'mfcc_std', 'wav_approx_std', 'mfcc_2']",0.8509874326750448,0.8088737201365188,0.8977272727272727,0.9098903111534828,0.9310018903591682,0.9197012138188608,0.9425837320574163,0.9618833238575228,0.9754194303550526,0.9968102073365231,0.9549274255156608,0.9981116362411644
RF,0.9190891068754586,0.9077369864812649,0.9326148481721237,0.9427043544690603,0.950644926457623,"{'n_estimators': 50, 'max_depth': 10}","['spec_kurtosis', 'NDSI', 'mfcc_1', 'mfcc_var', 'mfcc_std', 'wav_approx_std']",0.855098389982111,0.8101694915254237,0.9053030303030303,0.8937536852382316,0.9291115311909263,0.9178338001867413,0.9406698564593301,0.959962140276997,0.9730573994533386,0.9952076677316294,0.9518716577540107,0.9982189538576403
RF,0.9190508178057706,0.9107216867936153,0.9286366540236509,0.9411764705882353,0.9561288997587688,"{'n_estimators': 100, 'max_depth': 10}","['mfcc_mean', 'spec_kurtosis', 'wav_detail_lvl5_std', 'mfcc_var', 'mfcc_std', 'mfcc_2']",0.8597449908925319,0.8280701754385965,0.8939393939393939,0.9161761784387581,0.9274269557021678,0.9136490250696379,0.9416267942583733,0.955061839616777,0.969980506822612,0.9904458598726115,0.9503437738731857,0.9971486812207712
RF,0.9190410054102905,0.9092870154357483,0.9305611399264649,0.944996180290298,0.953959295153232,"{'n_estimators': 50, 'max_depth': 10}","['spec_skew', 'spec_kurtosis', 'NDSI', 'mfcc_var', 'mfcc_std', 'wav_approx_std', 'mfcc_2']",0.8483754512635379,0.8103448275862069,0.8901515151515151,0.9091644214923507,0.9322033898305084,0.917516218721038,0.9473684210526315,0.9552305529204841,0.9765441751368257,1.0,0.9541634835752483,0.9974829110468613
RF,0.9189940426766544,0.9064113317877801,0.9343788392550002,0.9419404125286478,0.9548626835124799,"{'n_estimators': 50, 'max_depth': 10}","['mfcc_mean', 'spec_kurtosis', 'NDSI', 'wav_detail_lvl5_std', 'mfcc_var', 'mfcc_std']",0.8561278863232682,0.8060200668896321,0.9128787878787878,0.9033815570002881,0.9302544769085768,0.9164345403899722,0.9444976076555024,0.9635082618712991,0.9705997647981184,0.9967793880837359,0.9457601222307105,0.9976982316658528
RF,0.9189765699329463,0.9117850310961123,0.9271538918597741,0.9446142093200917,0.9458003778369458,"{'n_estimators': 50, 'max_depth': 5}","['spec_kurtosis', 'NDSI', 'mfcc_1', 'mfcc_std', 'mfcc_2']",0.8498168498168498,0.8226950354609929,0.8787878787878788,0.9060497332787864,0.9316360207449317,0.9182156133828996,0.9454545454545454,0.9344113877590824,0.9754768392370572,0.9944444444444445,0.9572192513368984,0.9969400124729685
RF,0.9189765699329463,0.9117850310961123,0.9271538918597741,0.9446142093200917,0.9458003778369458,"{'n_estimators': 50, 'max_depth': 5}","['spec_kurtosis', 'NDSI', 'mfcc_1', 'mfcc_var', 'mfcc_2']",0.8498168498168498,0.8226950354609929,0.8787878787878788,0.9060497332787864,0.9316360207449317,0.9182156133828996,0.9454545454545454,0.9344113877590824,0.9754768392370572,0.9944444444444445,0.9572192513368984,0.9969400124729685
RF,0.9189750652479768,0.9101474609891397,0.9290922270024436,0.9434682964094728,0.9535219988169715,"{'n_estimators': 100, 'max_depth': None}","['mfcc_mean', 'spec_skew', 'spec_kurtosis', 'NDSI', 'mfcc_1', 'mfcc_std', 'wav_approx_std']",0.852994555353902,0.818815331010453,0.8901515151515151,0.8975286951398145,0.9299905392620624,0.9195509822263798,0.9406698564593301,0.9655926539750136,0.9739401011279658,0.9920760697305864,0.9564553093964858,0.9974446473360864
RF,0.9189750652479768,0.9101474609891397,0.9290922270024436,0.9434682964094728,0.9535206647524846,"{'n_estimators': 100, 'max_depth': None}","['mfcc_mean', 'spec_skew', 'spec_kurtosis', 'NDSI', 'mfcc_1', 'mfcc_var', 'wav_approx_std']",0.852994555353902,0.818815331010453,0.8901515151515151,0.8975228380726262,0.9299905392620624,0.9195509822263798,0.9406698564593301,0.9655945088487411,0.9739401011279658,0.9920760697305864,0.9564553093964858,0.9974446473360864
RF,0.9189695613276726,0.9075062915607415,0.9327329017731495,0.9411764705882353,0.9556215274522133,"{'n_estimators': 100, 'max_depth': None}","['mfcc_mean', 'spec_skew', 'NDSI', 'wav_detail_lvl5_std', 'mfcc_var', 'wav_approx_std']",0.8586762075134168,0.8135593220338984,0.9090909090909091,0.9010131257646119,0.9283694627709708,0.914577530176416,0.9425837320574163,0.9684735954045495,0.9698630136986301,0.9943820224719101,0.946524064171123,0.9973778611874783
RF,0.9189695613276726,0.9075062915607415,0.9327329017731495,0.9411764705882353,0.9556211560771817,"{'n_estimators': 100, 'max_depth': None}","['mfcc_mean', 'spec_skew', 'NDSI', 'wav_detail_lvl5_std', 'mfcc_std', 'wav_approx_std']",0.8586762075134168,0.8135593220338984,0.9090909090909091,0.9010131257646119,0.9283694627709708,0.914577530176416,0.9425837320574163,0.9684724812794548,0.9698630136986301,0.9943820224719101,0.946524064171123,0.9973778611874783
RF,0.918950480002685,0.9091048458993294,0.9306791935274906,0.9434682964094728,0.9585555017706566,"{'n_estimators': 100, 'max_depth': 10}","['mfcc_mean', 'spec_kurtosis', 'NDSI', 'mfcc_1', 'wav_detail_lvl5_std', 'mfcc_var', 'mfcc_2']",0.851985559566787,0.8137931034482758,0.8939393939393939,0.9147972631180078,0.931892907468295,0.915129151291513,0.9492822966507177,0.9632126148502191,0.972972972972973,0.9983922829581994,0.9488158899923606,0.9976566273437428
RF,0.918950480002685,0.9091048458993294,0.9306791935274906,0.9434682964094728,0.9585555017706566,"{'n_estimators': 100, 'max_depth': 10}","['mfcc_mean', 'spec_kurtosis', 'NDSI', 'mfcc_1', 'wav_detail_lvl5_std', 'mfcc_std', 'mfcc_2']",0.851985559566787,0.8137931034482758,0.8939393939393939,0.9147972631180078,0.931892907468295,0.915129151291513,0.9492822966507177,0.9632126148502191,0.972972972972973,0.9983922829581994,0.9488158899923606,0.9976566273437428
RF,0.9189384767368955,0.905573489216876,0.9354484696589959,0.9423223834988541,0.9606771941342044,"{'n_estimators': 50, 'max_depth': 10}","['spec_skew', 'NDSI', 'wav_detail_lvl5_std', 'mfcc_std', 'wav_approx_std', 'mfcc_2']",0.8551236749116607,0.8013245033112583,0.9166666666666666,0.9299960729820935,0.928739971684757,0.9162011173184358,0.9416267942583733,0.9552240329691747,0.9729517836142689,0.999194847020934,0.948051948051948,0.996811476451345
RF,0.9189384767368955,0.905573489216876,0.9354484696589959,0.9423223834988541,0.9606771941342044,"{'n_estimators': 50, 'max_depth': 10}","['spec_skew', 'NDSI', 'wav_detail_lvl5_std', 'mfcc_var', 'wav_approx_std', 'mfcc_2']",0.8551236749116607,0.8013245033112583,0.9166666666666666,0.9299960729820935,0.928739971684757,0.9162011173184358,0.9416267942583733,0.9552240329691747,0.9729517836142689,0.999194847020934,0.948051948051948,0.996811476451345
RF,0.9188538377260992,0.9099380915335101,0.9293522353119877,0.9430863254392666,0.9568964978057576,"{'n_estimators': 50, 'max_depth': 10}","['mfcc_mean', 'spec_kurtosis', 'NDSI', 'wav_detail_lvl5_std', 'mfcc_var', 'mfcc_2']",0.852994555353902,0.818815331010453,0.8901515151515151,0.9159815634758023,0.9309534992954439,0.9142066420664207,0.9483253588516747,0.9573660848896519,0.9726134585289515,0.9967923015236567,0.9495798319327731,0.9973418450518188
RF,0.9188538377260992,0.9099380915335101,0.9293522353119877,0.9430863254392666,0.9568980748457517,"{'n_estimators': 50, 'max_depth': 10}","['mfcc_mean', 'spec_kurtosis', 'NDSI', 'wav_detail_lvl5_std', 'mfcc_std', 'mfcc_2']",0.852994555353902,0.818815331010453,0.8901515151515151,0.9159851380067969,0.9309534992954439,0.9142066420664207,0.9483253588516747,0.9573672414786396,0.9726134585289515,0.9967923015236567,0.9495798319327731,0.9973418450518188
RF,0.9188461017408386,0.9086764451458239,0.9309848819910739,0.9427043544690603,0.9590747569366131,"{'n_estimators': 50, 'max_depth': 10}","['mfcc_mean', 'spec_kurtosis', 'NDSI', 'wav_detail_lvl5_std', 'mfcc_var', 'mfcc_std', 'wav_approx_std', 'mfcc_2']",0.8540540540540541,0.8144329896907216,0.8977272727272727,0.9221978327665253,0.9295112781954887,0.9132040627885504,0.9464114832535885,0.95791424391882,0.972972972972973,0.9983922829581994,0.9488158899923606,0.9971121941244944
RF,0.9188190505432273,0.9041611257297532,0.9373788749949741,0.9392666157372039,0.9530390269911138,"{'n_estimators': 100, 'max_depth': 10}","['spec_skew', 'mfcc_1', 'wav_detail_lvl5_std', 'mfcc_var', 'wav_approx_std']",0.8631578947368421,0.803921568627451,0.9318181818181818,0.911944217737143,0.9251764705882353,0.9101851851851852,0.9406698564593301,0.9507513492578589,0.9681227863046045,0.9983766233766234,0.9396485867074102,0.9964215139783396
RF,0.9188190505432273,0.9041611257297532,0.9373788749949741,0.9392666157372039,0.9530387499014777,"{'n_estimators': 100, 'max_depth': 10}","['spec_skew', 'mfcc_1', 'wav_detail_lvl5_std', 'mfcc_std', 'wav_approx_std']",0.8631578947368421,0.803921568627451,0.9318181818181818,0.911944217737143,0.9251764705882353,0.9101851851851852,0.9406698564593301,0.9507513492578589,0.9681227863046045,0.9983766233766234,0.9396485867074102,0.9964206827094313
RF,0.9187907698709639,0.9072489647870517,0.9328509553741752,0.9396485867074102,0.9523739116629955,"{'n_estimators': 100, 'max_depth': 10}","['mfcc_mean', 'spec_skew', 'spec_kurtosis', 'wav_detail_lvl5_std', 'mfcc_var', 'mfcc_std', 'wav_approx_std']",0.8622540250447227,0.8169491525423729,0.9128787878787878,0.9116846469583001,0.9263256687001408,0.9088397790055248,0.9444976076555024,0.9493415937358406,0.9677926158680282,0.9959579628132579,0.9411764705882353,0.9960954942948458
RF,0.9187530238107325,0.9091524289173224,0.9300922761449076,0.9415584415584416,0.9575097959447575,"{'n_estimators': 100, 'max_depth': 10}","['mfcc_mean', 'spec_skew', 'NDSI', 'mfcc_1', 'wav_detail_lvl5_std', 'mfcc_var', 'mfcc_std', 'wav_approx_std', 'mfcc_2']",0.8571428571428571,0.8200692041522492,0.8977272727272727,0.9167907386377633,0.9280677009873061,0.9121996303142329,0.9444976076555024,0.958434986370452,0.9710485133020345,0.9951884522854851,0.948051948051948,0.997303662826057
RF,0.9187521424277706,0.9031238806686542,0.9387674846653175,0.9400305576776165,0.9518293929869684,"{'n_estimators': 50, 'max_depth': 10}","['spec_skew', 'wav_detail_lvl5_std', 'mfcc_var', 'mfcc_std', 'wav_approx_std']",0.8606271777003485,0.7967741935483871,0.9356060606060606,0.9073504502443429,0.92590844738084,0.9134078212290503,0.938755980861244,0.9518548945400479,0.9697208022021234,0.9991896272285251,0.9419404125286478,0.9962828341765145
RF,0.9187019504729643,0.9067921517720715,0.9331911552499786,0.9430863254392666,0.9575401371182491,"{'n_estimators': 50, 'max_depth': 10}","['mfcc_mean', 'spec_kurtosis', 'NDSI', 'wav_detail_lvl5_std', 'mfcc_var', 'mfcc_std', 'wav_approx_std']",0.8520499108734403,0.8047138047138047,0.9053030303030303,0.9140119382320216,0.9303201506591338,0.9156626506024096,0.9454545454545454,0.9606951489110558,0.973735789886319,1.0,0.9488158899923606,0.9979133242116699
RF,0.9186928874270434,0.9104302148548983,0.9284729202685859,0.9430863254392666,0.9584448777718558,"{'n_estimators': 100, 'max_depth': 10}","['mfcc_mean', 'spec_skew', 'spec_kurtosis', 'NDSI', 'wav_detail_lvl5_std', 'mfcc_var', 'mfcc_std', 'mfcc_2']",0.8524590163934426,0.8210526315789474,0.8863636363636364,0.914482388541137,0.9306466729147141,0.9118457300275482,0.9502392344497608,0.9629709522405119,0.972972972972973,0.9983922829581994,0.9488158899923606,0.9978812925339189
RF,0.9185259380173244,0.9009943845390498,0.9416063554608446,0.9419404125286478,0.9564710219677085,"{'n_estimators': 100, 'max_depth': 10}","['NDSI', 'mfcc_1', 'wav_detail_lvl5_std', 'mfcc_var', 'wav_approx_std', 'mfcc_2']",0.8542024013722127,0.780564263322884,0.9431818181818182,0.9140017651984631,0.9276190476190476,0.9232227488151659,0.9320574162679426,0.9580326214007291,0.9737563650607128,0.9991961414790996,0.9495798319327731,0.9973786793039331
RF,0.9185259380173244,0.9009943845390498,0.9416063554608446,0.9419404125286478,0.9564710219677085,"{'n_estimators': 100, 'max_depth': 10}","['NDSI', 'mfcc_1', 'wav_detail_lvl5_std', 'mfcc_std', 'wav_approx_std', 'mfcc_2']",0.8542024013722127,0.780564263322884,0.9431818181818182,0.9140017651984631,0.9276190476190476,0.9232227488151659,0.9320574162679426,0.9580326214007291,0.9737563650607128,0.9991961414790996,0.9495798319327731,0.9973786793039331
RF,0.9184708218569195,0.9010984977462987,0.9412979864992249,0.9430863254392666,0.9573619454982465,"{'n_estimators': 100, 'max_depth': 10}","['NDSI', 'mfcc_1', 'wav_detail_lvl5_std', 'mfcc_var', 'mfcc_std', 'wav_approx_std', 'mfcc_2']",0.8507718696397941,0.7774294670846394,0.9393939393939394,0.9142039315314823,0.9288782816229116,0.9266666666666666,0.9311004784688995,0.9602895212757769,0.9757623143080532,0.9991993594875901,0.9533995416348358,0.9975923836874804
RF,0.9184232394129143,0.9014609159455994,0.9406441683531467,0.9385026737967914,0.9178742446468119,"{'n_estimators': 50, 'max_depth': 5}","['spec_skew', 'mfcc_1', 'wav_detail_lvl5_std', 'mfcc_var', 'mfcc_std']",0.8635578583765112,0.7936507936507936,0.946969696969697,0.842461370438234,0.924020764511562,0.9115456238361266,0.9368421052631579,0.9146420930794226,0.9676910953506698,0.9991863303498779,0.9381207028265852,0.9965192704227791
RF,0.918417941264715,0.911214235637622,0.9266445972328325,0.9438502673796791,0.9482089700422005,"{'n_estimators': 50, 'max_depth': 5}","['spec_kurtosis', 'NDSI', 'mfcc_std', 'mfcc_2']",0.8498168498168498,0.8226950354609929,0.8787878787878788,0.9164530897875525,0.9307583608101743,0.9165120593692022,0.9454545454545454,0.9320530013878047,0.9746786131671211,0.994435612082671,0.9556913674560733,0.9961208189512445
RF,0.918417941264715,0.911214235637622,0.9266445972328325,0.9438502673796791,0.9482089700422005,"{'n_estimators': 50, 'max_depth': 5}","['spec_kurtosis', 'NDSI', 'mfcc_var', 'mfcc_2']",0.8498168498168498,0.8226950354609929,0.8787878787878788,0.9164530897875525,0.9307583608101743,0.9165120593692022,0.9454545454545454,0.9320530013878047,0.9746786131671211,0.994435612082671,0.9556913674560733,0.9961208189512445
RF,0.9184041008598145,0.9083320917380827,0.9302288698573529,0.9434682964094728,0.9492598973705598,"{'n_estimators': 50, 'max_depth': 10}","['spec_skew', 'mfcc_1', 'mfcc_var', 'mfcc_std', 'wav_approx_std', 'mfcc_2']",0.8504504504504504,0.8109965635738832,0.8939393939393939,0.9029580501376134,0.9301227573182247,0.9179869524697111,0.9425837320574163,0.9473289771650071,0.9746390948107686,0.9960127591706539,0.9541634835752483,0.9974926648090593
RF,0.9183875792676274,0.9081518204142277,0.9307196243728751,0.9407944996180291,0.9507892204824359,"{'n_estimators': 50, 'max_depth': None}","['mfcc_mean', 'spec_skew', 'spec_kurtosis', 'NDSI', 'wav_detail_lvl5_std', 'wav_approx_std']",0.8576576576576577,0.8178694158075601,0.9015151515151515,0.8996836028059488,0.927332395686826,0.9090073529411765,0.9464114832535885,0.9582630419036848,0.9701726844583988,0.9975786924939467,0.9442322383498855,0.9944210167376739
RF,0.9183786590757858,0.9031771799628943,0.937748895411434,0.9385026737967914,0.9534916046339649,"{'n_estimators': 50, 'max_depth': 10}","['spec_kurtosis', 'mfcc_1', 'wav_detail_lvl5_std', 'mfcc_std', 'wav_approx_std']",0.8636363636363636,0.801948051948052,0.9356060606060606,0.9151479086140507,0.9241639189825719,0.9100185528756958,0.938755980861244,0.9492183751211409,0.9673356946084218,0.997564935064935,0.9388846447669977,0.9961085301667029
RF,0.9183786590757858,0.9031771799628943,0.937748895411434,0.9385026737967914,0.9534929632705458,"{'n_estimators': 50, 'max_depth': 10}","['spec_kurtosis', 'mfcc_1', 'wav_detail_lvl5_std', 'mfcc_var', 'wav_approx_std']",0.8636363636363636,0.801948051948052,0.9356060606060606,0.9151519845237935,0.9241639189825719,0.9100185528756958,0.938755980861244,0.9492183751211409,0.9673356946084218,0.997564935064935,0.9388846447669977,0.9961085301667028
RF,0.9182987900421701,0.9036110165783461,0.9368264690246114,0.9415584415584416,0.9569902932024296,"{'n_estimators': 100, 'max_depth': 10}","['spec_skew', 'NDSI', 'mfcc_1', 'wav_detail_lvl5_std', 'mfcc_var', 'wav_approx_std', 'mfcc_2']",0.8546409807355516,0.7947882736156352,0.9242424242424242,0.9158615186447854,0.9277279168634861,0.9160447761194029,0.939712918660287,0.957729490964539,0.9725274725274725,1.0,0.946524064171123,0.9973798699979645
RF,0.9182987900421701,0.9036110165783461,0.9368264690246114,0.9415584415584416,0.9569902932024296,"{'n_estimators': 100, 'max_depth': 10}","['spec_skew', 'NDSI', 'mfcc_1', 'wav_detail_lvl5_std', 'mfcc_std', 'wav_approx_std', 'mfcc_2']",0.8546409807355516,0.7947882736156352,0.9242424242424242,0.9158615186447854,0.9277279168634861,0.9160447761194029,0.939712918660287,0.957729490964539,0.9725274725274725,1.0,0.946524064171123,0.9973798699979645
RF,0.9182671623627154,0.9046659115263426,0.9351294903926483,0.9419404125286478,0.9498918955762915,"{'n_estimators': 50, 'max_depth': 10}","['spec_skew', 'spec_kurtosis', 'NDSI', 'mfcc_1', 'mfcc_var', 'wav_approx_std']",0.8536155202821869,0.7986798679867987,0.9166666666666666,0.8883262674902753,0.9282341831916903,0.9161230195712954,0.9406698564593301,0.9630857804784101,0.9729517836142689,0.999194847020934,0.948051948051948,0.9982636387601894
RF,0.9182671623627154,0.9046659115263426,0.9351294903926483,0.9419404125286478,0.9498918955762915,"{'n_estimators': 50, 'max_depth': 10}","['spec_skew', 'spec_kurtosis', 'NDSI', 'mfcc_1', 'mfcc_std', 'wav_approx_std']",0.8536155202821869,0.7986798679867987,0.9166666666666666,0.8883262674902753,0.9282341831916903,0.9161230195712954,0.9406698564593301,0.9630857804784101,0.9729517836142689,0.999194847020934,0.948051948051948,0.9982636387601894
RF,0.9182518314830634,0.9035883755395472,0.9366334731659808,0.9415584415584416,0.9588570292354844,"{'n_estimators': 100, 'max_depth': 10}","['spec_skew', 'spec_kurtosis', 'mfcc_1', 'wav_detail_lvl5_std', 'mfcc_2']",0.8546409807355516,0.7947882736156352,0.9242424242424242,0.924274474889574,0.9275225011842728,0.9183864915572233,0.9368421052631579,0.9556027975535121,0.9725920125293657,0.9975903614457832,0.9488158899923606,0.9966938152633673
RF,0.9182399141991974,0.9084696433834365,0.9297971979860525,0.9438502673796791,0.9574840792126519,"{'n_estimators': 100, 'max_depth': 10}","['mfcc_mean', 'spec_skew', 'NDSI', 'mfcc_1', 'wav_detail_lvl5_std', 'mfcc_var', 'mfcc_std', 'mfcc_2']",0.8483754512635379,0.8103448275862069,0.8901515151515151,0.911960515306316,0.9317647058823529,0.9166666666666666,0.9473684210526315,0.9625104082885136,0.9745795854517012,0.9983974358974359,0.9518716577540107,0.9979813140431257
RF,0.9182296210362804,0.9070963697410526,0.9318562672277843,0.9407944996180291,0.9520302500049649,"{'n_estimators': 50, 'max_depth': 10}","['mfcc_mean', 'spec_skew', 'spec_kurtosis', 'wav_detail_lvl5_std', 'mfcc_std', 'wav_approx_std']",0.8566308243727598,0.8129251700680272,0.9053030303030303,0.9107390352387847,0.9283372365339578,0.9091743119266055,0.9483253588516747,0.949256369252,0.9697208022021234,0.9991896272285251,0.9419404125286478,0.99609534552411
RF,0.9182296210362804,0.9070963697410526,0.9318562672277843,0.9407944996180291,0.952037009480042,"{'n_estimators': 50, 'max_depth': 10}","['mfcc_mean', 'spec_skew', 'spec_kurtosis', 'wav_detail_lvl5_std', 'mfcc_var', 'wav_approx_std']",0.8566308243727598,0.8129251700680272,0.9053030303030303,0.9107568258664787,0.9283372365339578,0.9091743119266055,0.9483253588516747,0.9492588570495375,0.9697208022021234,0.9991896272285251,0.9419404125286478,0.99609534552411
RF,0.9182023766790207,0.9113291720003799,0.9262129253615322,0.9442322383498855,0.9467671542996228,"{'n_estimators': 100, 'max_depth': 5}","['spec_kurtosis', 'NDSI', 'mfcc_1', 'mfcc_2']",0.8477064220183487,0.8220640569395018,0.875,0.9110604232875911,0.9315196998123827,0.9135234590616376,0.9502392344497608,0.9326555729234627,0.9753810082063306,0.9984,0.9533995416348358,0.9965854666878146
RF,0.9181667149300597,0.9089279320338197,0.9289556332899988,0.9415584415584416,0.9560338243075858,"{'n_estimators': 100, 'max_depth': 10}","['mfcc_mean', 'spec_kurtosis', 'mfcc_1', 'wav_detail_lvl5_std', 'mfcc_std', 'mfcc_2']",0.855072463768116,0.8194444444444444,0.8939393939393939,0.9156432340523236,0.9279321714554876,0.9137291280148423,0.9425837320574163,0.9554628258728637,0.9714955095665756,0.9936102236421726,0.9503437738731857,0.9969954129975701
RF,0.9181667149300597,0.9089279320338197,0.9289556332899988,0.9415584415584416,0.9560338243075858,"{'n_estimators': 100, 'max_depth': 10}","['mfcc_mean', 'spec_kurtosis', 'mfcc_1', 'wav_detail_lvl5_std', 'mfcc_var', 'mfcc_2']",0.855072463768116,0.8194444444444444,0.8939393939393939,0.9156432340523236,0.9279321714554876,0.9137291280148423,0.9425837320574163,0.9554628258728637,0.9714955095665756,0.9936102236421726,0.9503437738731857,0.9969954129975701
RF,0.9181335469748624,0.902695651907193,0.9377137138747046,0.9434682964094728,0.959098861154219,"{'n_estimators': 100, 'max_depth': 10}","['spec_kurtosis', 'wav_detail_lvl5_std', 'mfcc_var', 'mfcc_std', 'mfcc_2']",0.8486956521739131,0.7845659163987139,0.9242424242424242,0.9211943298853695,0.9295238095238095,0.9251184834123223,0.9339712918660287,0.9585862940601657,0.9761811792268645,0.9984025559105432,0.9549274255156608,0.9975159595171218
RF,0.9181217404279786,0.9044177605813939,0.9350545481350435,0.9404125286478228,0.9507846332009069,"{'n_estimators': 50, 'max_depth': 10}","['mfcc_mean', 'spec_kurtosis', 'NDSI', 'wav_detail_lvl5_std', 'mfcc_std']",0.8571428571428571,0.801980198019802,0.9204545454545454,0.8985362441344972,0.9281663516068053,0.9169000933706816,0.939712918660287,0.9568203353223405,0.9690560125342734,0.9943729903536977,0.944996180290298,0.996997320145883
RF,0.9181217404279786,0.9044177605813939,0.9350545481350435,0.9404125286478228,0.950785483396254,"{'n_estimators': 50, 'max_depth': 10}","['mfcc_mean', 'spec_kurtosis', 'NDSI', 'wav_detail_lvl5_std', 'mfcc_var']",0.8571428571428571,0.801980198019802,0.9204545454545454,0.8985362441344972,0.9281663516068053,0.9169000933706816,0.939712918660287,0.9568222971019644,0.9690560125342734,0.9943729903536977,0.944996180290298,0.9969979089523006
RF,0.9180925435470022,0.9082082216274814,0.9297089649256831,0.9411764705882353,0.9533424057911928,"{'n_estimators': 100, 'max_depth': 10}","['mfcc_mean', 'spec_skew', 'spec_kurtosis', 'mfcc_1', 'wav_detail_lvl5_std', 'mfcc_std', 'mfcc_2']",0.855595667870036,0.8172413793103448,0.8977272727272727,0.9101045582814513,0.9283694627709708,0.914577530176416,0.9425837320574163,0.9529673354109288,0.9703125,0.9928057553956835,0.9488158899923606,0.9969553236811981
RF,0.9180925435470022,0.9082082216274814,0.9297089649256831,0.9411764705882353,0.9533424263326898,"{'n_estimators': 100, 'max_depth': 10}","['mfcc_mean', 'spec_skew', 'spec_kurtosis', 'mfcc_1', 'wav_detail_lvl5_std', 'mfcc_var', 'mfcc_2']",0.855595667870036,0.8172413793103448,0.8977272727272727,0.9101045582814513,0.9283694627709708,0.914577530176416,0.9425837320574163,0.9529679327602559,0.9703125,0.9928057553956835,0.9488158899923606,0.9969547879563623
RF,0.9180872631856923,0.9085437997791898,0.9291326578478282,0.9407944996180291,0.9518300091724456,"{'n_estimators': 100, 'max_depth': 10}","['spec_kurtosis', 'mfcc_std', 'mfcc_2']",0.8571428571428571,0.8200692041522492,0.8977272727272727,0.9207141987086911,0.9267139479905437,0.9158878504672897,0.937799043062201,0.9381948099430744,0.9704049844236761,0.9896743447180302,0.9518716577540107,0.9965810188655715
RF,0.9180872631856923,0.9085437997791898,0.9291326578478282,0.9407944996180291,0.9518325267057831,"{'n_estimators': 100, 'max_depth': 10}","['spec_kurtosis', 'mfcc_var', 'mfcc_2']",0.8571428571428571,0.8200692041522492,0.8977272727272727,0.9207135561408873,0.9267139479905437,0.9158878504672897,0.937799043062201,0.9382005864834497,0.9704049844236761,0.9896743447180302,0.9518716577540107,0.9965834374930125
RF,0.9180705247029222,0.9075826254582604,0.9303654635697979,0.9453781512605042,0.9480201783048358,"{'n_estimators': 100, 'max_depth': 5}","['NDSI', 'mfcc_1', 'mfcc_2']",0.8438061041292639,0.8020477815699659,0.8901515151515151,0.9056226859569836,0.9321953532479849,0.9238721804511278,0.9406698564593301,0.9410532245889266,0.9782101167315175,0.9968279143536876,0.9602750190985485,0.997384624368597
RF,0.9180620903554967,0.9109249419652463,0.9260682901549774,0.9434682964094728,0.9633256181487662,"{'n_estimators': 50, 'max_depth': 10}","['spec_skew', 'spec_kurtosis', 'NDSI', 'mfcc_var', 'mfcc_2']",0.8498168498168498,0.8226950354609929,0.8787878787878788,0.9279606239800621,0.9299905392620624,0.9195509822263798,0.9406698564593301,0.9642660252958891,0.9743788819875776,0.9905288082083662,0.9587471352177235,0.9977502051703471
RF,0.917986694632645,0.9057936898194537,0.932665889322236,0.9415584415584416,0.9506979371939246,"{'n_estimators': 100, 'max_depth': 10}","['spec_skew', 'NDSI', 'mfcc_var', 'mfcc_std', 'wav_approx_std']",0.8540925266903915,0.8053691275167785,0.9090909090909091,0.8903927359453836,0.9275911026975864,0.9176029962546817,0.937799043062201,0.9632749303343813,0.972276454509957,0.994408945686901,0.9511077158135982,0.9984261453020089
RF,0.9179057352150292,0.8970062443351462,0.9471667135753824,0.9381207028265852,0.9545259778931804,"{'n_estimators': 100, 'max_depth': 10}","['wav_detail_lvl5_std', 'mfcc_var', 'mfcc_std', 'wav_approx_std']",0.862876254180602,0.7724550898203593,0.9772727272727273,0.9218807764027572,0.9221153846153847,0.9265700483091788,0.9177033492822967,0.9459150055563403,0.9687255668491008,0.9919935948759008,0.946524064171123,0.9957821517204434
RF,0.9178535015625502,0.9072995556460309,0.9303681440678345,0.944996180290298,0.9538789945698545,"{'n_estimators': 50, 'max_depth': 10}","['spec_kurtosis', 'NDSI', 'mfcc_1', 'mfcc_var', 'wav_approx_std', 'mfcc_2']",0.8438061041292639,0.8020477815699659,0.8901515151515151,0.904038735462591,0.9320113314447592,0.9198508853681268,0.9444976076555024,0.9594424709337341,0.9777430691136275,1.0,0.9564553093964858,0.9981557773132381
RF,0.9178535015625502,0.9072995556460309,0.9303681440678345,0.944996180290298,0.9538772854428682,"{'n_estimators': 50, 'max_depth': 10}","['spec_kurtosis', 'NDSI', 'mfcc_1', 'mfcc_std', 'wav_approx_std', 'mfcc_2']",0.8438061041292639,0.8020477815699659,0.8901515151515151,0.9040436497891907,0.9320113314447592,0.9198508853681268,0.9444976076555024,0.959438030139623,0.9777430691136275,1.0,0.9564553093964858,0.9981501763997905
RF,0.9178125000149587,0.9041798609718437,0.9347488596714603,0.9411764705882353,0.9529506565368715,"{'n_estimators': 100, 'max_depth': 10}","['mfcc_mean', 'spec_skew', 'spec_kurtosis', 'NDSI', 'wav_detail_lvl5_std', 'mfcc_var', 'mfcc_std']",0.8536155202821869,0.7986798679867987,0.9166666666666666,0.8983678515177144,0.9292452830188679,0.9162790697674419,0.9425837320574163,0.9627294309701002,0.9705766967438211,0.9975806451612903,0.944996180290298,0.9977546871228002
RF,0.9178022741376486,0.9025974025974026,0.9371752688316155,0.9377387318563789,0.9531338420948948,"{'n_estimators': 50, 'max_depth': 10}","['spec_kurtosis', 'mfcc_1', 'wav_detail_lvl5_std', 'wav_approx_std']",0.8636363636363636,0.801948051948052,0.9356060606060606,0.912413594032075,0.9232218558643429,0.9090909090909091,0.937799043062201,0.9509432377290099,0.9665486029122393,0.9967532467532467,0.9381207028265852,0.9960446945235996
RF,0.9177996629948849,0.9083017090616914,0.9290975879985167,0.9427043544690603,0.9582846158690804,"{'n_estimators': 100, 'max_depth': 10}","['mfcc_mean', 'spec_skew', 'spec_kurtosis', 'NDSI', 'mfcc_1', 'wav_detail_lvl5_std', 'mfcc_var', 'mfcc_2']",0.8499095840867993,0.8131487889273357,0.8901515151515151,0.916510423096794,0.9305164319248826,0.9133640552995391,0.9483253588516747,0.9606385134308477,0.972972972972973,0.9983922829581994,0.9488158899923606,0.9977049110795996
RF,0.9177996629948849,0.9083017090616914,0.9290975879985167,0.9427043544690603,0.9582846158690804,"{'n_estimators': 100, 'max_depth': 10}","['mfcc_mean', 'spec_skew', 'spec_kurtosis', 'NDSI', 'mfcc_1', 'wav_detail_lvl5_std', 'mfcc_std', 'mfcc_2']",0.8499095840867993,0.8131487889273357,0.8901515151515151,0.916510423096794,0.9305164319248826,0.9133640552995391,0.9483253588516747,0.9606385134308477,0.972972972972973,0.9983922829581994,0.9488158899923606,0.9977049110795996
RF,0.9177672572258007,0.9106394416537017,0.9257493108886298,0.9430863254392666,0.9632656040619386,"{'n_estimators': 50, 'max_depth': 10}","['spec_skew', 'spec_kurtosis', 'NDSI', 'mfcc_std', 'mfcc_2']",0.8498168498168498,0.8226950354609929,0.8787878787878788,0.9277909997686462,0.9294841457643161,0.9194756554307116,0.939712918660287,0.9642556072468224,0.9740007760962359,0.9897476340694006,0.9587471352177235,0.9977502051703471
RF,0.917762967059207,0.9082774405286763,0.9290975879985167,0.9427043544690603,0.9557995710649654,"{'n_estimators': 100, 'max_depth': 10}","['mfcc_mean', 'spec_skew', 'NDSI', 'mfcc_1', 'wav_detail_lvl5_std', 'mfcc_std', 'wav_approx_std', 'mfcc_2']",0.8499095840867993,0.8131487889273357,0.8901515151515151,0.9096306751965035,0.9296435272045028,0.9116835326586936,0.9483253588516747,0.9600465589928636,0.973735789886319,1.0,0.9488158899923606,0.9977214790055288
RF,0.917762967059207,0.9082774405286763,0.9290975879985167,0.9427043544690603,0.9557931374837693,"{'n_estimators': 100, 'max_depth': 10}","['mfcc_mean', 'spec_skew', 'NDSI', 'mfcc_1', 'wav_detail_lvl5_std', 'mfcc_var', 'wav_approx_std', 'mfcc_2']",0.8499095840867993,0.8131487889273357,0.8901515151515151,0.9096133877172485,0.9296435272045028,0.9116835326586936,0.9483253588516747,0.9600445457285305,0.973735789886319,1.0,0.9488158899923606,0.9977214790055288
RF,0.9177520761454541,0.9126028053610441,0.9240093326006639,0.9434682964094728,0.9478717263649094,"{'n_estimators': 50, 'max_depth': 10}","['mfcc_mean', 'spec_skew', 'spec_kurtosis', 'mfcc_var', 'mfcc_std', 'wav_approx_std', 'mfcc_2']",0.8481481481481481,0.8297101449275363,0.8674242424242424,0.9019552002825264,0.9309701492537313,0.908098271155596,0.9550239234449761,0.9447520056894703,0.9741379310344828,1.0,0.9495798319327731,0.9969079731227315
RF,0.9177429134010913,0.9047911415531575,0.9336228271212791,0.9427043544690603,0.9546522396353309,"{'n_estimators': 50, 'max_depth': 10}","['spec_kurtosis', 'NDSI', 'mfcc_std', 'wav_approx_std']",0.8495575221238938,0.7973421926910299,0.9090909090909091,0.9017100485513588,0.9291115311909263,0.9178338001867413,0.9406698564593301,0.964087470303966,0.974559686888454,0.9991974317817014,0.9511077158135982,0.9981592000506678
RF,0.9177316815265201,0.897672613850895,0.9454213742913433,0.9392666157372039,0.9506275107502375,"{'n_estimators': 100, 'max_depth': 10}","['wav_detail_lvl5_std', 'mfcc_var', 'wav_approx_std']",0.8585858585858586,0.7727272727272727,0.9659090909090909,0.9171896788542512,0.9240324892498806,0.9227099236641222,0.9253588516746412,0.9388255698959933,0.9705766967438211,0.9975806451612903,0.944996180290298,0.9958672835004683
RF,0.9177316815265201,0.897672613850895,0.9454213742913433,0.9392666157372039,0.9506311721227219,"{'n_estimators': 100, 'max_depth': 10}","['wav_detail_lvl5_std', 'mfcc_std', 'wav_approx_std']",0.8585858585858586,0.7727272727272727,0.9659090909090909,0.9169498356271385,0.9240324892498806,0.9227099236641222,0.9253588516746412,0.939072937427274,0.9705766967438211,0.9975806451612903,0.944996180290298,0.9958707433137532
RF,0.9176389546157148,0.9051708876424468,0.9327945532279897,0.9415584415584416,0.9527656776718163,"{'n_estimators': 100, 'max_depth': 10}","['spec_skew', 'NDSI', 'mfcc_1', 'mfcc_var', 'wav_approx_std']",0.8525754884547069,0.802675585284281,0.9090909090909091,0.8981427241835875,0.9277279168634861,0.9160447761194029,0.939712918660287,0.9618495345747731,0.9726134585289515,0.9967923015236567,0.9495798319327731,0.9983047742570883
RF,0.9176389546157148,0.9051708876424468,0.9327945532279897,0.9415584415584416,0.9527656776718163,"{'n_estimators': 100, 'max_depth': 10}","['spec_skew', 'NDSI', 'mfcc_1', 'mfcc_std', 'wav_approx_std']",0.8525754884547069,0.802675585284281,0.9090909090909091,0.8981427241835875,0.9277279168634861,0.9160447761194029,0.939712918660287,0.9618495345747731,0.9726134585289515,0.9967923015236567,0.9495798319327731,0.9983047742570883
RF,0.9176321512694904,0.9017973332562086,0.9377541447200889,0.9407944996180291,0.9527125531642403,"{'n_estimators': 100, 'max_depth': None}","['mfcc_mean', 'spec_skew', 'spec_kurtosis', 'NDSI', 'mfcc_1', 'wav_detail_lvl5_std', 'mfcc_var', 'mfcc_std']",0.8541666666666666,0.7884615384615384,0.9318181818181818,0.8935765135877181,0.9279923700524559,0.9249049429657795,0.9311004784688995,0.9672455170650831,0.9707374170893485,0.9920255183413078,0.9503437738731857,0.99731562883992
RF,0.9176122381393226,0.9114670024687003,0.924706262090163,0.944996180290298,0.9528707451029916,"{'n_estimators': 50, 'max_depth': 10}","['mfcc_mean', 'spec_kurtosis', 'NDSI', 'mfcc_1', 'mfcc_var', 'mfcc_std', 'wav_approx_std', 'mfcc_2']",0.8434622467771639,0.8207885304659498,0.8674242424242424,0.9008035813704282,0.9323943661971831,0.9152073732718894,0.9502392344497608,0.9600784457661062,0.9769801014436208,0.9984051036682615,0.9564553093964858,0.9977302081724406
RF,0.9175772001491698,0.906793235528152,0.930397964608491,0.9407944996180291,0.9588678291375521,"{'n_estimators': 100, 'max_depth': None}","['mfcc_mean', 'spec_kurtosis', 'NDSI', 'wav_detail_lvl5_std', 'mfcc_var', 'wav_approx_std']",0.8545780969479354,0.8122866894197952,0.9015151515151515,0.9124607799118962,0.9278642149929278,0.9144981412639405,0.9416267942583733,0.9668117656819822,0.9702892885066459,0.9935948759007206,0.948051948051948,0.9973309418187777
RF,0.9175772001491698,0.906793235528152,0.930397964608491,0.9407944996180291,0.9588668902362358,"{'n_estimators': 100, 'max_depth': None}","['mfcc_mean', 'spec_kurtosis', 'NDSI', 'wav_detail_lvl5_std', 'mfcc_std', 'wav_approx_std']",0.8545780969479354,0.8122866894197952,0.9015151515151515,0.9124520504430382,0.9278642149929278,0.9144981412639405,0.9416267942583733,0.966816461047056,0.9702892885066459,0.9935948759007206,0.948051948051948,0.9973321592186133
RF,0.9175434621921285,0.9102910957801097,0.9263847006107068,0.9411764705882353,0.9510509962753627,"{'n_estimators': 50, 'max_depth': 10}","['mfcc_mean', 'spec_skew', 'spec_kurtosis', 'NDSI', 'mfcc_1', 'wav_approx_std', 'mfcc_2']",0.8534798534798534,0.8262411347517731,0.8825757575757576,0.9054926998641133,0.9282385834109972,0.9046321525885559,0.9531100478468899,0.9507292371184174,0.9709119496855346,1.0,0.9434682964094728,0.9969310518435573
RF,0.9174916035618477,0.9016501000966469,0.9378105468662744,0.9388846447669977,0.9533333403192419,"{'n_estimators': 100, 'max_depth': 10}","['spec_skew', 'wav_detail_lvl5_std', 'mfcc_var', 'wav_approx_std']",0.8591304347826086,0.7942122186495176,0.9356060606060606,0.9113044354464385,0.9243856332703214,0.9131652661064426,0.9358851674641149,0.952613831408724,0.968958742632613,0.9975728155339806,0.9419404125286478,0.9960817541025633
RF,0.9174916035618477,0.9016501000966469,0.9378105468662744,0.9388846447669977,0.953316458631912,"{'n_estimators': 100, 'max_depth': 10}","['spec_skew', 'wav_detail_lvl5_std', 'mfcc_std', 'wav_approx_std']",0.8591304347826086,0.7942122186495176,0.9356060606060606,0.9112438677456152,0.9243856332703214,0.9131652661064426,0.9358851674641149,0.9526237540475573,0.968958742632613,0.9975728155339806,0.9419404125286478,0.9960817541025633
RF,0.9174785583438618,0.9092606242116235,0.9272102940059597,0.9427043544690603,0.9573303663306846,"{'n_estimators': 50, 'max_depth': 10}","['mfcc_mean', 'spec_skew', 'NDSI', 'mfcc_1', 'wav_detail_lvl5_std', 'mfcc_std', 'mfcc_2']",0.848816029143898,0.8175438596491228,0.8825757575757576,0.909368088007587,0.9306466729147141,0.9118457300275482,0.9502392344497608,0.9648087516573274,0.972972972972973,0.9983922829581994,0.9488158899923606,0.9978142593271394
RF,0.9174785583438618,0.9092606242116235,0.9272102940059597,0.9427043544690603,0.9573303663306846,"{'n_estimators': 50, 'max_depth': 10}","['mfcc_mean', 'spec_skew', 'NDSI', 'mfcc_1', 'wav_detail_lvl5_std', 'mfcc_var', 'mfcc_2']",0.848816029143898,0.8175438596491228,0.8825757575757576,0.909368088007587,0.9306466729147141,0.9118457300275482,0.9502392344497608,0.9648087516573274,0.972972972972973,0.9983922829581994,0.9488158899923606,0.9978142593271394
RF,0.917462785114083,0.9045055305933075,0.9333681798078083,0.9423223834988541,0.9546512066750217,"{'n_estimators': 50, 'max_depth': 10}","['spec_kurtosis', 'NDSI', 'mfcc_var', 'wav_approx_std']",0.8495575221238938,0.7973421926910299,0.9090909090909091,0.9017100485513588,0.9286726499763817,0.9169776119402985,0.9406698564593301,0.9640820211801803,0.9741581832419733,0.9991967871485944,0.9503437738731857,0.998161550293526
RF,0.9174558110185504,0.9056576717922606,0.9317010217165015,0.9385026737967914,0.9492973024019579,"{'n_estimators': 100, 'max_depth': None}","['mfcc_mean', 'spec_skew', 'spec_kurtosis', 'mfcc_1', 'wav_detail_lvl5_std', 'mfcc_std', 'wav_approx_std']",0.8607142857142858,0.8141891891891891,0.9128787878787878,0.903549692269419,0.9241639189825719,0.9100185528756958,0.938755980861244,0.950987455942794,0.9674892283587936,0.9927652733118971,0.9434682964094728,0.993354758993661
RF,0.9174385242966542,0.9035724987807846,0.9347488596714603,0.9411764705882353,0.9531496635556015,"{'n_estimators': 100, 'max_depth': 10}","['mfcc_mean', 'spec_kurtosis', 'NDSI', 'mfcc_1', 'wav_detail_lvl5_std', 'mfcc_var', 'mfcc_std']",0.852112676056338,0.7960526315789473,0.9166666666666666,0.8999285037846235,0.9292452830188679,0.9162790697674419,0.9425837320574163,0.9618075104159514,0.9709576138147566,0.9983857949959645,0.944996180290298,0.9977129764662295
RF,0.9174243779987618,0.9101484430000203,0.9258700449876921,0.9411764705882353,0.950241780249387,"{'n_estimators': 50, 'max_depth': 10}","['mfcc_mean', 'spec_skew', 'spec_kurtosis', 'NDSI', 'mfcc_1', 'mfcc_var', 'mfcc_std', 'wav_approx_std']",0.8534798534798534,0.8262411347517731,0.8825757575757576,0.8935544024808347,0.927699530516432,0.9105990783410138,0.9454545454545454,0.9591278757510739,0.97109375,0.9936051159072742,0.9495798319327731,0.9980430625162523
RF,0.9174121547906281,0.9092074186237397,0.9270816301002061,0.9427043544690603,0.9546232050379513,"{'n_estimators': 50, 'max_depth': 10}","['mfcc_mean', 'spec_skew', 'spec_kurtosis', 'NDSI', 'mfcc_var', 'mfcc_std', 'wav_approx_std', 'mfcc_2']",0.848816029143898,0.8175438596491228,0.8825757575757576,0.9066677258929028,0.9296435272045028,0.9116835326586936,0.9483253588516747,0.9594848968412883,0.9737769080234834,0.9983948635634029,0.9503437738731857,0.9977169923796627
RF,0.9174038303701672,0.9063731130215874,0.9305239480162081,0.9411764705882353,0.9478959871084943,"{'n_estimators': 100, 'max_depth': 10}","['spec_skew', 'NDSI', 'mfcc_1', 'mfcc_var', 'mfcc_std', 'wav_approx_std']",0.8530465949820788,0.8095238095238095,0.9015151515151515,0.8841995083772691,0.927289896128423,0.9151910531220876,0.939712918660287,0.9611260562185473,0.971875,0.9944044764188649,0.9503437738731857,0.9983623967296665
RF,0.9172574012821987,0.9038080850597089,0.9337355197262318,0.9419404125286478,0.9571852124732492,"{'n_estimators': 100, 'max_depth': 10}","['spec_skew', 'spec_kurtosis', 'mfcc_1', 'wav_detail_lvl5_std', 'mfcc_var', 'mfcc_std', 'mfcc_2']",0.8500881834215167,0.7953795379537953,0.9128787878787878,0.9145109487796497,0.9278252611585945,0.9208294062205467,0.9349282296650717,0.9595596210894569,0.9738587592664846,0.9952153110047847,0.9533995416348358,0.9974850675506407
RF,0.917239671733519,0.9100599431610247,0.9253686801674418,0.9423223834988541,0.9494840568509052,"{'n_estimators': 100, 'max_depth': 5}","['spec_kurtosis', 'NDSI', 'mfcc_var', 'mfcc_std', 'mfcc_2']",0.8498168498168498,0.8226950354609929,0.8787878787878788,0.9180851996883489,0.928739971684757,0.9162011173184358,0.9416267942583733,0.9338524673336988,0.9731621936989499,0.991283676703645,0.9556913674560733,0.9965145035306676
RF,0.9171996771926891,0.9106443182285879,0.924939688794178,0.9423223834988541,0.9473793187607611,"{'n_estimators': 50, 'max_depth': 10}","['mfcc_mean', 'spec_skew', 'spec_kurtosis', 'mfcc_1', 'mfcc_var', 'mfcc_std', 'wav_approx_std', 'mfcc_2']",0.8492647058823529,0.825,0.875,0.8952209115331851,0.9293401965372017,0.9093406593406593,0.9502392344497608,0.9499724667174029,0.9729941291585127,0.9975922953451043,0.9495798319327731,0.9969445780316954
RF,0.917110028612322,0.9082015543448311,0.927695687525409,0.9407944996180291,0.954650136595809,"{'n_estimators': 100, 'max_depth': 10}","['mfcc_mean', 'spec_skew', 'spec_kurtosis', 'wav_detail_lvl5_std', 'mfcc_var', 'mfcc_std', 'wav_approx_std', 'mfcc_2']",0.852994555353902,0.818815331010453,0.8901515151515151,0.9122509065990754,0.927332395686826,0.9090073529411765,0.9464114832535885,0.9544328849246615,0.9710031347962382,0.996781979082864,0.946524064171123,0.99726661826369
RF,0.917099338516807,0.9014746513209447,0.9370678255353178,0.9407944996180291,0.9603875642994243,"{'n_estimators': 100, 'max_depth': 10}","['spec_skew', 'NDSI', 'mfcc_1', 'wav_detail_lvl5_std', 'wav_approx_std', 'mfcc_2']",0.8521739130434782,0.7877813504823151,0.928030303030303,0.9259029001246585,0.9265750828991,0.9174484052532833,0.9358851674641149,0.957964768646081,0.9725490196078431,0.9991941982272361,0.9472880061115355,0.9972950241275331
RF,0.9170876835780472,0.9068026765892219,0.9290789361996792,0.9423223834988541,0.9491284514558176,"{'n_estimators': 50, 'max_depth': 10}","['spec_skew', 'NDSI', 'mfcc_1', 'mfcc_var', 'mfcc_std', 'wav_approx_std', 'mfcc_2']",0.8489208633093526,0.8082191780821918,0.8939393939393939,0.8900246308911183,0.9284020862968232,0.9201127819548872,0.9368421052631579,0.9594286101748574,0.9739401011279658,0.9920760697305864,0.9564553093964858,0.9979321133014772
RF,0.9170328206943387,0.9115417586359258,0.9232267388614138,0.9419404125286478,0.9451551933393447,"{'n_estimators': 50, 'max_depth': 10}","['mfcc_mean', 'spec_skew', 'spec_kurtosis', 'NDSI', 'mfcc_var', 'mfcc_std', 'mfcc_2']",0.8502772643253235,0.8303249097472925,0.8712121212121212,0.8776276389562944,0.928436911487759,0.9138090824837812,0.9435406698564593,0.9601654813839813,0.9723842862699339,0.9904912836767037,0.9549274255156608,0.9976724596777587
RF,0.9169903051477927,0.9068995139227597,0.9288913013371217,0.9415584415584416,0.9477176788000726,"{'n_estimators': 50, 'max_depth': None}","['mfcc_mean', 'spec_skew', 'spec_kurtosis', 'NDSI', 'mfcc_std', 'wav_approx_std']",0.8504504504504504,0.8109965635738832,0.8939393939393939,0.8870922814772095,0.9278642149929278,0.9144981412639405,0.9416267942583733,0.9596317292730127,0.97265625,0.9952038369304557,0.9511077158135982,0.9964290256499961
RF,0.9169903051477927,0.9068995139227597,0.9288913013371217,0.9415584415584416,0.94773554425818,"{'n_estimators': 50, 'max_depth': None}","['mfcc_mean', 'spec_skew', 'spec_kurtosis', 'NDSI', 'mfcc_var', 'wav_approx_std']",0.8504504504504504,0.8109965635738832,0.8939393939393939,0.8871382246425454,0.9278642149929278,0.9144981412639405,0.9416267942583733,0.9596393965968092,0.97265625,0.9952038369304557,0.9511077158135982,0.9964290115351854
RF,0.9169693593134047,0.9032593836900871,0.9339072949754064,0.9388846447669977,0.9504488087003943,"{'n_estimators': 50, 'max_depth': 10}","['mfcc_mean', 'spec_skew', 'spec_kurtosis', 'NDSI', 'wav_detail_lvl5_std', 'mfcc_std']",0.8571428571428571,0.801980198019802,0.9204545454545454,0.8964102004613171,0.9262759924385633,0.9150326797385621,0.937799043062201,0.9577927653575129,0.9674892283587936,0.9927652733118971,0.9434682964094728,0.9971434602823527
RF,0.9169693593134047,0.9032593836900871,0.9339072949754064,0.9388846447669977,0.9504519300610342,"{'n_estimators': 50, 'max_depth': 10}","['mfcc_mean', 'spec_skew', 'spec_kurtosis', 'NDSI', 'wav_detail_lvl5_std', 'mfcc_var']",0.8571428571428571,0.801980198019802,0.9204545454545454,0.8964102004613171,0.9262759924385633,0.9150326797385621,0.937799043062201,0.9578015143573368,0.9674892283587936,0.9927652733118971,0.9434682964094728,0.9971440753644488
RF,0.9169266133963525,0.9054608464862953,0.930757374720223,0.9385026737967914,0.9553417448785072,"{'n_estimators': 50, 'max_depth': 10}","['mfcc_mean', 'spec_skew', 'spec_kurtosis', 'mfcc_1', 'wav_detail_lvl5_std', 'mfcc_var', 'wav_approx_std', 'mfcc_2']",0.8586762075134168,0.8135593220338984,0.9090909090909091,0.9149989345266415,0.924235294117647,0.9092592592592592,0.939712918660287,0.9540266901898468,0.9678683385579937,0.9935639581657281,0.9434682964094728,0.9969996099190335
RF,0.9169266133963525,0.9054608464862953,0.930757374720223,0.9385026737967914,0.9553417448785072,"{'n_estimators': 50, 'max_depth': 10}","['mfcc_mean', 'spec_skew', 'spec_kurtosis', 'mfcc_1', 'wav_detail_lvl5_std', 'mfcc_std', 'wav_approx_std', 'mfcc_2']",0.8586762075134168,0.8135593220338984,0.9090909090909091,0.9149989345266415,0.924235294117647,0.9092592592592592,0.939712918660287,0.9540266901898468,0.9678683385579937,0.9935639581657281,0.9434682964094728,0.9969996099190335
RF,0.9169049052390233,0.9063197262997112,0.9296234123633504,0.9381207028265852,0.9455801322622377,"{'n_estimators': 50, 'max_depth': None}","['mfcc_mean', 'spec_skew', 'spec_kurtosis', 'mfcc_1', 'wav_detail_lvl5_std', 'mfcc_var', 'wav_approx_std']",0.8597122302158273,0.8184931506849316,0.9053030303030303,0.8953690936435814,0.923943661971831,0.9069124423963134,0.9416267942583733,0.9490413422517809,0.9670588235294117,0.9935535858178888,0.9419404125286478,0.9923299608913507
RF,0.9168769608596091,0.9097654771362432,0.9248699958452281,0.9430863254392666,0.952863175125637,"{'n_estimators': 50, 'max_depth': 10}","['mfcc_mean', 'spec_kurtosis', 'NDSI', 'mfcc_1', 'mfcc_var', 'mfcc_std', 'mfcc_2']",0.8461538461538461,0.8191489361702128,0.875,0.8932252587960565,0.9304964539007092,0.9196261682242991,0.9416267942583733,0.9672048964065254,0.9739805825242719,0.990521327014218,0.957983193277311,0.9981593701743293
RF,0.9168480492593655,0.9124554962854527,0.9217844075429215,0.9427043544690603,0.9518222886743729,"{'n_estimators': 50, 'max_depth': 10}","['mfcc_mean', 'spec_kurtosis', 'NDSI', 'mfcc_1', 'mfcc_std', 'mfcc_2']",0.8475836431226765,0.8321167883211679,0.8636363636363636,0.8931831762222124,0.9293785310734464,0.9147358665430955,0.9444976076555024,0.9644217579932323,0.9735819735819736,0.9905138339920949,0.9572192513368984,0.997861931807674
RF,0.9168480492593655,0.9124554962854527,0.9217844075429215,0.9427043544690603,0.9518217674014654,"{'n_estimators': 50, 'max_depth': 10}","['mfcc_mean', 'spec_kurtosis', 'NDSI', 'mfcc_1', 'mfcc_var', 'mfcc_2']",0.8475836431226765,0.8321167883211679,0.8636363636363636,0.8931831762222124,0.9293785310734464,0.9147358665430955,0.9444976076555024,0.9644201941745097,0.9735819735819736,0.9905138339920949,0.9572192513368984,0.997861931807674
RF,0.9167898298638982,0.9039835387064029,0.9324006317040373,0.9396485867074102,0.9532143809315846,"{'n_estimators': 100, 'max_depth': None}","['mfcc_mean', 'spec_kurtosis', 'NDSI', 'mfcc_1', 'wav_detail_lvl5_std', 'wav_approx_std']",0.8546099290780141,0.8033333333333333,0.9128787878787878,0.8973374275222238,0.9262759924385633,0.9150326797385621,0.937799043062201,0.9653270177186486,0.9694835680751174,0.9935846030473136,0.946524064171123,0.9969786975538817
RF,0.9167522658707025,0.9032811483457057,0.933333668395588,0.9381207028265852,0.9506595124944978,"{'n_estimators': 50, 'max_depth': None}","['mfcc_mean', 'spec_skew', 'spec_kurtosis', 'NDSI', 'mfcc_1', 'wav_detail_lvl5_std']",0.8586572438162544,0.804635761589404,0.9204545454545454,0.8912244093755701,0.9248937175247992,0.9132462686567164,0.9368421052631579,0.9639718659536938,0.9667058362710537,0.9919614147909968,0.9427043544690603,0.9967822621542294
RF,0.9167155503550419,0.8980856366305163,0.9417727697139462,0.9396485867074102,0.9473758318500751,"{'n_estimators': 50, 'max_depth': 5}","['NDSI', 'mfcc_1', 'wav_detail_lvl5_std', 'mfcc_var', 'mfcc_2']",0.8537414965986394,0.7746913580246914,0.9507575757575758,0.9211664682851649,0.924618320610687,0.9219790675547098,0.9272727272727272,0.9231641533609348,0.9717868338557993,0.997586484312148,0.9472880061115355,0.9977968739041255
RF,0.9167155503550419,0.8980856366305163,0.9417727697139462,0.9396485867074102,0.9473758318500751,"{'n_estimators': 50, 'max_depth': 5}","['NDSI', 'mfcc_1', 'wav_detail_lvl5_std', 'mfcc_std', 'mfcc_2']",0.8537414965986394,0.7746913580246914,0.9507575757575758,0.9211664682851649,0.924618320610687,0.9219790675547098,0.9272727272727272,0.9231641533609348,0.9717868338557993,0.997586484312148,0.9472880061115355,0.9977968739041255
RF,0.9166538196064771,0.8997917996673707,0.9386280987674177,0.9415584415584416,0.9462590726178569,"{'n_estimators': 50, 'max_depth': None}","['spec_skew', 'spec_kurtosis', 'NDSI', 'mfcc_var', 'mfcc_std', 'wav_approx_std']",0.8487972508591065,0.7767295597484277,0.9356060606060606,0.8827013503204573,0.9264069264069265,0.9313346228239845,0.9215311004784689,0.9596045353292291,0.974757281553398,0.9913112164296999,0.9587471352177235,0.9964713322038842
RF,0.9166398913570238,0.9066049959064811,0.9285212809206618,0.9423223834988541,0.955397647046126,"{'n_estimators': 100, 'max_depth': 10}","['mfcc_mean', 'NDSI', 'mfcc_1', 'wav_detail_lvl5_std', 'mfcc_var', 'mfcc_std', 'mfcc_2']",0.8468468468468469,0.8075601374570447,0.8901515151515151,0.9071233670115939,0.9288742345737164,0.9146567717996289,0.9435406698564593,0.96136444430324,0.9741985926505082,0.9975980784627703,0.9518716577540107,0.9977051298235435
RF,0.9166221846996727,0.9035967684396748,0.9325266151117545,0.9400305576776165,0.9493851457758823,"{'n_estimators': 100, 'max_depth': 10}","['NDSI', 'mfcc_1', 'mfcc_var', 'mfcc_std', 'wav_approx_std']",0.8530973451327434,0.8006644518272426,0.9128787878787878,0.8930352924130457,0.9256980596308566,0.9157303370786517,0.9358851674641149,0.9570589435790005,0.9710711493354183,0.9943955164131305,0.9488158899923606,0.9980612013356004
RF,0.9165414590460349,0.9006838840228143,0.9369418421276006,0.9404125286478228,0.9561855863724492,"{'n_estimators': 50, 'max_depth': 10}","['mfcc_mean', 'NDSI', 'mfcc_1', 'wav_detail_lvl5_std', 'mfcc_var', 'mfcc_std', 'wav_approx_std']",0.8506944444444444,0.7852564102564102,0.928030303030303,0.9120320524071963,0.9275911026975864,0.9176029962546817,0.937799043062201,0.9590280700258137,0.9713388299960738,0.9991922455573505,0.944996180290298,0.9974966366843375
RF,0.916527377322438,0.898033902687959,0.9413278070398814,0.9388846447669977,0.947733218949056,"{'n_estimators': 50, 'max_depth': 5}","['NDSI', 'wav_detail_lvl5_std', 'mfcc_var', 'mfcc_std', 'mfcc_2']",0.8551959114139693,0.7770897832817337,0.9507575757575758,0.9191016182497748,0.9238095238095239,0.919431279620853,0.9282296650717703,0.9264207254947117,0.9705766967438211,0.9975806451612903,0.944996180290298,0.9976773131026814
RF,0.916521155843877,0.9106260162943888,0.9233447924624395,0.9404125286478228,0.9551382567784877,"{'n_estimators': 50, 'max_depth': 10}","['mfcc_mean', 'spec_skew', 'spec_kurtosis', 'wav_detail_lvl5_std', 'mfcc_var', 'mfcc_2']",0.8523985239852399,0.8309352517985612,0.875,0.9139109168583588,0.926829268292683,0.9089236430542779,0.9454545454545454,0.954735929789237,0.970335675253708,0.9920191540303273,0.9495798319327731,0.9967679236878676
RF,0.916521155843877,0.9106260162943888,0.9233447924624395,0.9404125286478228,0.9551045746872537,"{'n_estimators': 50, 'max_depth': 10}","['mfcc_mean', 'spec_skew', 'spec_kurtosis', 'wav_detail_lvl5_std', 'mfcc_std', 'mfcc_2']",0.8523985239852399,0.8309352517985612,0.875,0.9138089936522289,0.926829268292683,0.9089236430542779,0.9454545454545454,0.9547356299646292,0.970335675253708,0.9920191540303273,0.9495798319327731,0.9967691004449032
RF,0.9164594252755466,0.907569441828683,0.9268004011812061,0.9400305576776165,0.953775297374477,"{'n_estimators': 100, 'max_depth': 10}","['mfcc_mean', 'spec_skew', 'spec_kurtosis', 'wav_detail_lvl5_std', 'mfcc_var', 'mfcc_std', 'mfcc_2']",0.852994555353902,0.818815331010453,0.8901515151515151,0.9084481858784829,0.9260480452190297,0.911873840445269,0.9406698564593301,0.9558482432551182,0.970335675253708,0.9920191540303273,0.9495798319327731,0.9970294629898298
RF,0.9164151457678446,0.9072128879199118,0.9272480443533074,0.9404125286478228,0.9529265236683603,"{'n_estimators': 100, 'max_depth': 10}","['mfcc_mean', 'spec_skew', 'mfcc_1', 'wav_detail_lvl5_std', 'mfcc_var', 'mfcc_std', 'mfcc_2']",0.8514492753623188,0.8159722222222222,0.8901515151515151,0.9107153538097482,0.927127409496944,0.911275415896488,0.9435406698564593,0.9510540034730864,0.9706687524442706,0.9943910256410257,0.948051948051948,0.997010213722246
RF,0.9163953413442784,0.9086578734604226,0.9251113523559344,0.9423223834988541,0.9556705661129073,"{'n_estimators': 100, 'max_depth': 10}","['spec_skew', 'spec_kurtosis', 'NDSI', 'mfcc_1', 'mfcc_var', 'mfcc_std', 'mfcc_2']",0.8467153284671532,0.8169014084507042,0.8787878787878788,0.9059460895431674,0.9284699194694458,0.9193245778611632,0.937799043062201,0.96302717703257,0.9740007760962359,0.9897476340694006,0.9587471352177235,0.9980384317629847
RF,0.9163472712137047,0.9153655655421993,0.9184522134212537,0.9407944996180291,0.9358915865309051,"{'n_estimators': 100, 'max_depth': 5}","['mfcc_mean', 'spec_kurtosis', 'NDSI', 'mfcc_var', 'mfcc_std', 'mfcc_2']",0.8506616257088847,0.8490566037735849,0.8522727272727273,0.8833986366090268,0.9282075034738305,0.8994614003590664,0.9588516746411483,0.9276088793881527,0.9701726844583988,0.9975786924939467,0.9442322383498855,0.9966672435955358
RF,0.9162604167537797,0.9019943554749289,0.9342799958899031,0.9377387318563789,0.9512936587649907,"{'n_estimators': 50, 'max_depth': 10}","['spec_skew', 'spec_kurtosis', 'mfcc_1', 'wav_detail_lvl5_std', 'wav_approx_std']",0.8576449912126538,0.8,0.9242424242424242,0.9052096321442826,0.9238005644402634,0.9084181313598519,0.939712918660287,0.9525683518551098,0.9673356946084218,0.997564935064935,0.9388846447669977,0.9961029922955796
RF,0.9162541608931268,0.9104517684770096,0.9228567184449538,0.9427043544690603,0.9461536256291119,"{'n_estimators': 50, 'max_depth': 5}","['spec_skew', 'NDSI', 'mfcc_1', 'mfcc_var', 'mfcc_2']",0.8450184501845018,0.8237410071942446,0.8674242424242424,0.9078743222534218,0.929444967074318,0.913968547641073,0.9454545454545454,0.9337465114604561,0.9742990654205608,0.9936457505957109,0.9556913674560733,0.9968400431734576
RF,0.9162541608931268,0.9104517684770096,0.9228567184449538,0.9427043544690603,0.9461536256291119,"{'n_estimators': 50, 'max_depth': 5}","['spec_skew', 'NDSI', 'mfcc_1', 'mfcc_std', 'mfcc_2']",0.8450184501845018,0.8237410071942446,0.8674242424242424,0.9078743222534218,0.929444967074318,0.913968547641073,0.9454545454545454,0.9337465114604561,0.9742990654205608,0.9936457505957109,0.9556913674560733,0.9968400431734576
RF,0.9162448461798393,0.8994684724297201,0.9380704434884001,0.9415584415584416,0.9498938363042483,"{'n_estimators': 100, 'max_depth': None}","['spec_kurtosis', 'NDSI', 'mfcc_1', 'wav_approx_std']",0.846815834767642,0.7760252365930599,0.9318181818181818,0.8877428291609293,0.926899187768753,0.9255725190839694,0.9282296650717703,0.9646275622028608,0.9750195160031225,0.9968076616121309,0.9541634835752483,0.9973111175489547
RF,0.9162442075856024,0.9051394393565064,0.9293979154660269,0.9427043544690603,0.9435039946736232,"{'n_estimators': 50, 'max_depth': 10}","['spec_kurtosis', 'mfcc_1', 'mfcc_var', 'mfcc_std', 'wav_approx_std', 'mfcc_2']",0.8443649373881932,0.8,0.8939393939393939,0.8855101431210249,0.9289099526066351,0.92018779342723,0.937799043062201,0.9476105683573088,0.975457732761979,0.9952305246422893,0.9564553093964858,0.9973912725425361
RF,0.9162219034306908,0.9000422676500505,0.9370651450372812,0.9411764705882353,0.9652339795691088,"{'n_estimators': 100, 'max_depth': 10}","['spec_skew', 'NDSI', 'wav_detail_lvl5_std', 'mfcc_std', 'mfcc_2']",0.8477508650519031,0.7802547770700637,0.928030303030303,0.934744919754724,0.9267364414843007,0.9214758751182592,0.9320574162679426,0.9629984754529263,0.9741784037558685,0.9983961507618284,0.9511077158135982,0.9979585434996762
RF,0.9162219034306908,0.9000422676500505,0.9370651450372812,0.9411764705882353,0.9653326846328548,"{'n_estimators': 100, 'max_depth': 10}","['spec_skew', 'NDSI', 'wav_detail_lvl5_std', 'mfcc_var', 'mfcc_2']",0.8477508650519031,0.7802547770700637,0.928030303030303,0.9350000834126094,0.9267364414843007,0.9214758751182592,0.9320574162679426,0.9630394269862789,0.9741784037558685,0.9983961507618284,0.9511077158135982,0.9979585434996762
RF,0.9162178243633895,0.9100654745843522,0.9234330255228088,0.9430863254392666,0.9461098464710207,"{'n_estimators': 100, 'max_depth': 5}","['spec_skew', 'NDSI', 'mfcc_1', 'mfcc_2']",0.8434622467771639,0.8207885304659498,0.8674242424242424,0.9091866016932915,0.9302107728337237,0.9110091743119266,0.9502392344497608,0.9327914070064687,0.9749804534792806,0.9983987189751802,0.9526355996944232,0.9963515307133021
RF,0.916214790374565,0.9054901678699104,0.9289125219465776,0.9446142093200917,0.9563783239913439,"{'n_estimators': 100, 'max_depth': 10}","['spec_kurtosis', 'NDSI', 'mfcc_var', 'mfcc_std', 'wav_approx_std', 'mfcc_2']",0.8387096774193549,0.7959183673469388,0.8863636363636364,0.9090170286165217,0.9313771888310459,0.9213483146067416,0.9416267942583733,0.9618602127320766,0.9785575048732943,0.9992038216560509,0.9587471352177235,0.9982577306254337
RF,0.916191538827312,0.9110714879387286,0.922363395118813,0.9427043544690603,0.9486731613724939,"{'n_estimators': 50, 'max_depth': 10}","['mfcc_mean', 'spec_skew', 'spec_kurtosis', 'mfcc_1', 'mfcc_var', 'wav_approx_std', 'mfcc_2']",0.8444444444444444,0.8260869565217391,0.8636363636363636,0.8977062430199879,0.9299719887955182,0.9079307201458523,0.9531100478468899,0.9513775669277973,0.9741581832419733,0.9991967871485944,0.9503437738731857,0.9969356741696965
RF,0.916191538827312,0.9110714879387286,0.922363395118813,0.9427043544690603,0.9486731613724939,"{'n_estimators': 50, 'max_depth': 10}","['mfcc_mean', 'spec_skew', 'spec_kurtosis', 'mfcc_1', 'mfcc_std', 'wav_approx_std', 'mfcc_2']",0.8444444444444444,0.8260869565217391,0.8636363636363636,0.8977062430199879,0.9299719887955182,0.9079307201458523,0.9531100478468899,0.9513775669277973,0.9741581832419733,0.9991967871485944,0.9503437738731857,0.9969356741696965
RF,0.9161343439926269,0.9132173351590244,0.9201598023579448,0.9419404125286478,0.9378264374241235,"{'n_estimators': 100, 'max_depth': 5}","['mfcc_mean', 'spec_skew', 'NDSI', 'mfcc_1', 'mfcc_std', 'mfcc_2']",0.846441947565543,0.837037037037037,0.8560606060606061,0.8892683137436989,0.9294336118848654,0.9026149684400361,0.9578947368421052,0.9271280629064722,0.9725274725274725,1.0,0.946524064171123,0.9970829356221995
RF,0.9161343439926269,0.9132173351590244,0.9201598023579448,0.9419404125286478,0.9378264374241235,"{'n_estimators': 100, 'max_depth': 5}","['mfcc_mean', 'spec_skew', 'NDSI', 'mfcc_1', 'mfcc_var', 'mfcc_2']",0.846441947565543,0.837037037037037,0.8560606060606061,0.8892683137436989,0.9294336118848654,0.9026149684400361,0.9578947368421052,0.9271280629064722,0.9725274725274725,1.0,0.946524064171123,0.9970829356221995
RF,0.9160894401661274,0.9143228878007044,0.9189615080481953,0.9415584415584416,0.9383820406620919,"{'n_estimators': 50, 'max_depth': 5}","['mfcc_mean', 'spec_skew', 'spec_kurtosis', 'NDSI', 'mfcc_1', 'mfcc_var', 'mfcc_2']",0.847457627118644,0.8426966292134831,0.8522727272727273,0.8941920025892067,0.9290681502086231,0.9010791366906474,0.9588516746411483,0.9246747886148131,0.9717425431711146,0.9991928974979822,0.9457601222307105,0.996279330782256
RF,0.9160894401661274,0.9143228878007044,0.9189615080481953,0.9415584415584416,0.9383820406620919,"{'n_estimators': 50, 'max_depth': 5}","['mfcc_mean', 'spec_skew', 'spec_kurtosis', 'NDSI', 'mfcc_1', 'mfcc_std', 'mfcc_2']",0.847457627118644,0.8426966292134831,0.8522727272727273,0.8941920025892067,0.9290681502086231,0.9010791366906474,0.9588516746411483,0.9246747886148131,0.9717425431711146,0.9991928974979822,0.9457601222307105,0.996279330782256
RF,0.9160755315473487,0.8981216254664327,0.9400247499318706,0.9411764705882353,0.9512862306581598,"{'n_estimators': 50, 'max_depth': 10}","['spec_kurtosis', 'NDSI', 'mfcc_1', 'wav_detail_lvl5_std', 'mfcc_var']",0.8464163822525598,0.7701863354037267,0.9393939393939394,0.8905447880342621,0.9284351145038168,0.9257849666983825,0.9311004784688995,0.9652273886548917,0.9733750978856696,0.9983935742971888,0.9495798319327731,0.9980865152853253
RF,0.9160755315473487,0.8981216254664327,0.9400247499318706,0.9411764705882353,0.9512862306581598,"{'n_estimators': 50, 'max_depth': 10}","['spec_kurtosis', 'NDSI', 'mfcc_1', 'wav_detail_lvl5_std', 'mfcc_std']",0.8464163822525598,0.7701863354037267,0.9393939393939394,0.8905447880342622,0.9284351145038168,0.9257849666983825,0.9311004784688995,0.9652273886548917,0.9733750978856696,0.9983935742971888,0.9495798319327731,0.9980865152853253
RF,0.9160466968121467,0.9105866074574616,0.9224893785265302,0.9430863254392666,0.9552289082460068,"{'n_estimators': 100, 'max_depth': 10}","['mfcc_mean', 'spec_skew', 'spec_kurtosis', 'NDSI', 'mfcc_1', 'mfcc_std', 'wav_approx_std', 'mfcc_2']",0.8428835489833642,0.8231046931407943,0.8636363636363636,0.9105244405635528,0.930276087973795,0.9102564102564102,0.9511961722488038,0.957595101476483,0.9749804534792806,0.9983987189751802,0.9526355996944232,0.9975671826979849
RF,0.9160466968121467,0.9105866074574616,0.9224893785265302,0.9430863254392666,0.9552289082460068,"{'n_estimators': 100, 'max_depth': 10}","['mfcc_mean', 'spec_skew', 'spec_kurtosis', 'NDSI', 'mfcc_1', 'mfcc_var', 'wav_approx_std', 'mfcc_2']",0.8428835489833642,0.8231046931407943,0.8636363636363636,0.9105244405635528,0.930276087973795,0.9102564102564102,0.9511961722488038,0.957595101476483,0.9749804534792806,0.9983987189751802,0.9526355996944232,0.9975671826979849
RF,0.916002952896144,0.9020348990155275,0.9334192209579206,0.9411764705882353,0.9572263908447508,"{'n_estimators': 50, 'max_depth': 10}","['mfcc_mean', 'NDSI', 'wav_detail_lvl5_std', 'mfcc_var', 'mfcc_std', 'wav_approx_std', 'mfcc_2']",0.8471001757469244,0.7901639344262295,0.9128787878787878,0.9142186788082772,0.9271523178807947,0.9167446211412535,0.937799043062201,0.9600590796341355,0.9737563650607128,0.9991961414790996,0.9495798319327731,0.99740141409184
RF,0.9159198812519201,0.9007678178014008,0.9351699212380327,0.9392666157372039,0.9520494663690616,"{'n_estimators': 50, 'max_depth': 10}","['mfcc_mean', 'spec_kurtosis', 'NDSI', 'mfcc_1', 'wav_detail_lvl5_std', 'mfcc_var']",0.8516579406631762,0.7896440129449838,0.9242424242424242,0.899266148711739,0.9267139479905437,0.9158878504672897,0.937799043062201,0.9594257526490206,0.9693877551020408,0.9967715899919289,0.9434682964094728,0.9974564977464251
RF,0.9159198812519201,0.9007678178014008,0.9351699212380327,0.9392666157372039,0.9520494663690616,"{'n_estimators': 50, 'max_depth': 10}","['mfcc_mean', 'spec_kurtosis', 'NDSI', 'mfcc_1', 'wav_detail_lvl5_std', 'mfcc_std']",0.8516579406631762,0.7896440129449838,0.9242424242424242,0.899266148711739,0.9267139479905437,0.9158878504672897,0.937799043062201,0.9594257526490207,0.9693877551020408,0.9967715899919289,0.9434682964094728,0.9974564977464251
RF,0.9158184176577276,0.8999044906040478,0.9362501619467564,0.9411764705882353,0.9514547235112866,"{'n_estimators': 100, 'max_depth': 10}","['spec_skew', 'NDSI', 'mfcc_1', 'wav_detail_lvl5_std', 'mfcc_var']",0.8457538994800693,0.7795527156549521,0.9242424242424242,0.8892986868551199,0.9287072243346007,0.9225684608120869,0.9349282296650717,0.9669035654261486,0.9729941291585127,0.9975922953451043,0.9495798319327731,0.9981619182525915
RF,0.9158184176577276,0.8999044906040478,0.9362501619467564,0.9411764705882353,0.9514547235112866,"{'n_estimators': 100, 'max_depth': 10}","['spec_skew', 'NDSI', 'mfcc_1', 'wav_detail_lvl5_std', 'mfcc_std']",0.8457538994800693,0.7795527156549521,0.9242424242424242,0.8892986868551199,0.9287072243346007,0.9225684608120869,0.9349282296650717,0.9669035654261486,0.9729941291585127,0.9975922953451043,0.9495798319327731,0.9981619182525915
RF,0.9157712254953364,0.9080219323319993,0.9248216351931523,0.9438502673796791,0.9512949773860209,"{'n_estimators': 50, 'max_depth': 10}","['mfcc_mean', 'spec_skew', 'spec_kurtosis', 'NDSI', 'mfcc_1', 'mfcc_var', 'mfcc_std', 'wav_approx_std', 'mfcc_2']",0.8394160583941606,0.8098591549295775,0.8712121212121212,0.8972532231227218,0.9309534992954439,0.9142066420664207,0.9483253588516747,0.9591949234035254,0.9769441187964049,1.0,0.9549274255156608,0.9974367856318154
RF,0.9156900536191531,0.914364777000589,0.9183262300135365,0.9404125286478228,0.9392749341658343,"{'n_estimators': 100, 'max_depth': 5}","['mfcc_mean', 'spec_skew', 'NDSI', 'mfcc_var', 'mfcc_std', 'mfcc_2']",0.8490566037735849,0.8458646616541353,0.8522727272727273,0.8946591684344483,0.9279112754158965,0.8972296693476318,0.9607655502392345,0.9264024476212069,0.970102281667978,1.0,0.9419404125286478,0.9967631864418478
RF,0.9156856264643954,0.9135437918322058,0.9189615080481953,0.9415584415584416,0.9381754152800656,"{'n_estimators': 50, 'max_depth': 5}","['mfcc_mean', 'NDSI', 'mfcc_var', 'mfcc_std', 'mfcc_2']",0.8458646616541353,0.8395522388059702,0.8522727272727273,0.8935288071862175,0.9290681502086231,0.9010791366906474,0.9588516746411483,0.9236411881819484,0.9721240675304279,1.0,0.9457601222307105,0.9973562504720309
RF,0.9156796045585908,0.9060627157931197,0.9269502856964157,0.9430863254392666,0.9507680868801675,"{'n_estimators': 50, 'max_depth': 10}","['spec_skew', 'spec_kurtosis', 'mfcc_var', 'mfcc_std', 'wav_approx_std', 'mfcc_2']",0.8411552346570397,0.803448275862069,0.8825757575757576,0.9045648543340378,0.929683813119396,0.9171322160148976,0.9425837320574163,0.9507711082185317,0.9761997658993368,0.9976076555023924,0.9556913674560733,0.9969682980879331
RF,0.9156534162345006,0.9007175480157387,0.9344112286062751,0.9404125286478228,0.9550902940108662,"{'n_estimators': 100, 'max_depth': None}","['spec_kurtosis', 'NDSI', 'mfcc_1', 'wav_detail_lvl5_std', 'mfcc_2']",0.8481675392670157,0.7864077669902912,0.9204545454545454,0.9030708672962183,0.9257142857142857,0.9213270142180094,0.9301435406698565,0.965620231605968,0.9730784237222005,0.9944178628389154,0.9526355996944232,0.9965797831304122
RF,0.9156530865523621,0.9003159153455282,0.935274684036294,0.9365928189457601,0.953694620337231,"{'n_estimators': 50, 'max_depth': 10}","['spec_skew', 'mfcc_1', 'wav_detail_lvl5_std', 'wav_approx_std']",0.8586387434554974,0.7961165048543689,0.9318181818181818,0.9138454831676032,0.9217719132893497,0.9080779944289693,0.9358851674641149,0.9510995537090015,0.9665486029122393,0.9967532467532467,0.9381207028265852,0.9961388241350881
RF,0.9156018294176594,0.8977741836949629,0.9393251399443351,0.9400305576776165,0.9499717522211776,"{'n_estimators': 100, 'max_depth': 10}","['spec_skew', 'NDSI', 'mfcc_1', 'wav_detail_lvl5_std']",0.8478632478632478,0.7725856697819314,0.9393939393939394,0.8870833652931058,0.9271775345073774,0.9223484848484849,0.9320574162679426,0.9650094398620922,0.971764705882353,0.9983883964544722,0.946524064171123,0.997822451508335
RF,0.9155654022215032,0.9010789343330209,0.9337249094215038,0.9404125286478228,0.9574969826992911,"{'n_estimators': 50, 'max_depth': 10}","['spec_skew', 'spec_kurtosis', 'NDSI', 'mfcc_1', 'wav_detail_lvl5_std', 'mfcc_2']",0.8476357267950964,0.7882736156351792,0.9166666666666666,0.9207203890826471,0.9260663507109005,0.9173708920187793,0.9349282296650717,0.9545953582493322,0.9729941291585127,0.9975922953451043,0.9495798319327731,0.997175200765894
RF,0.9155556150532544,0.8960390750789538,0.9422581632333955,0.9377387318563789,0.9520972204087395,"{'n_estimators': 100, 'max_depth': 10}","['mfcc_1', 'wav_detail_lvl5_std', 'wav_approx_std']",0.8547297297297297,0.7713414634146342,0.9583333333333334,0.9176951445174125,0.9221213569039656,0.9208015267175572,0.9234449760765551,0.9425062535546492,0.9698157585260682,0.9959742351046699,0.944996180290298,0.9960902631541564
RF,0.9155516412652845,0.907053576860601,0.9254867337684676,0.9407944996180291,0.9517695446638769,"{'n_estimators': 50, 'max_depth': 10}","['mfcc_mean', 'spec_skew', 'NDSI', 'wav_detail_lvl5_std', 'mfcc_var', 'mfcc_2']",0.8472727272727273,0.8146853146853147,0.8825757575757576,0.9027442083829534,0.927127409496944,0.911275415896488,0.9435406698564593,0.9555077571854186,0.9722547870261821,0.9952,0.9503437738731857,0.9970566684232585
RF,0.9155516412652845,0.907053576860601,0.9254867337684676,0.9407944996180291,0.9517704821887544,"{'n_estimators': 50, 'max_depth': 10}","['mfcc_mean', 'spec_skew', 'NDSI', 'wav_detail_lvl5_std', 'mfcc_std', 'mfcc_2']",0.8472727272727273,0.8146853146853147,0.8825757575757576,0.9027442083829534,0.927127409496944,0.911275415896488,0.9435406698564593,0.9555087412823758,0.9722547870261821,0.9952,0.9503437738731857,0.9970584969009337
RF,0.9155333100927522,0.9137832073784004,0.9184522134212537,0.9407944996180291,0.9412029135463368,"{'n_estimators': 50, 'max_depth': 5}","['mfcc_mean', 'spec_skew', 'NDSI', 'mfcc_1', 'mfcc_var', 'mfcc_std', 'mfcc_2']",0.847457627118644,0.8426966292134831,0.8522727272727273,0.8979009694969396,0.9282075034738305,0.8994614003590664,0.9588516746411483,0.9286313739517096,0.9709347996857817,0.9991915925626516,0.9442322383498855,0.997076397190361
RF,0.9154712063995261,0.9049830302846497,0.9278939326926943,0.9430863254392666,0.9497019561289358,"{'n_estimators': 100, 'max_depth': 10}","['spec_kurtosis', 'mfcc_1', 'mfcc_std', 'wav_approx_std', 'mfcc_2']",0.8402154398563735,0.7986348122866894,0.8863636363636364,0.9006657058562318,0.9296173830892773,0.917910447761194,0.9416267942583733,0.951034734402599,0.9765807962529274,0.9984038308060654,0.9556913674560733,0.9974054281279767
RF,0.9154095499506437,0.9021919424000786,0.9318402959269831,0.9400305576776165,0.9597100013756451,"{'n_estimators': 50, 'max_depth': 10}","['spec_kurtosis', 'NDSI', 'mfcc_1', 'wav_approx_std', 'mfcc_2']",0.8480565371024735,0.7947019867549668,0.9090909090909091,0.9220558639379315,0.9260480452190297,0.911873840445269,0.9406698564593301,0.959273580670013,0.9721240675304279,1.0,0.9457601222307105,0.9978005595189907
RF,0.9153932568491445,0.9072274478770034,0.925119393850044,0.9411764705882353,0.9531809424756618,"{'n_estimators': 100, 'max_depth': 10}","['mfcc_mean', 'spec_skew', 'spec_kurtosis', 'NDSI', 'mfcc_1', 'wav_detail_lvl5_std', 'mfcc_2']",0.8451730418943534,0.8140350877192982,0.8787878787878788,0.9084511534152192,0.9288389513108615,0.9092575618698442,0.9492822966507177,0.9539365353397327,0.9721677773422187,0.998389694041868,0.9472880061115355,0.9971551386720338
RF,0.9153716726312648,0.9077798920790615,0.9244064930597439,0.9388846447669977,0.9545395883913067,"{'n_estimators': 100, 'max_depth': 10}","['mfcc_mean', 'spec_skew', 'spec_kurtosis', 'mfcc_1', 'wav_detail_lvl5_std', 'wav_approx_std', 'mfcc_2']",0.8519195612431444,0.823321554770318,0.8825757575757576,0.918137004791755,0.9251637043966323,0.9048490393412626,0.9464114832535885,0.948888390374961,0.969031752254018,0.9951690821256038,0.9442322383498855,0.9965933700072039
RF,0.9153181998481346,0.9090901713042335,0.9227095144277806,0.9392666157372039,0.9542889743974124,"{'n_estimators': 100, 'max_depth': 10}","['mfcc_mean', 'spec_kurtosis', 'mfcc_1', 'wav_detail_lvl5_std', 'mfcc_var', 'mfcc_std', 'wav_approx_std', 'mfcc_2']",0.850828729281768,0.8279569892473119,0.875,0.9123388586273553,0.9256661991584852,0.9049360146252285,0.9473684210526315,0.953300799331973,0.9694596711041503,0.9943775100401606,0.9457601222307105,0.9972272652329092
RF,0.9152819729059788,0.9130605432887821,0.9182326359570941,0.9385026737967914,0.9477458362099931,"{'n_estimators': 50, 'max_depth': 10}","['mfcc_mean', 'spec_skew', 'spec_kurtosis', 'mfcc_std', 'mfcc_2']",0.8533834586466166,0.8470149253731343,0.8598484848484849,0.8994370387760584,0.9248716752216519,0.9025500910746812,0.9483253588516747,0.9472743944719763,0.9675907848496681,0.9896166134185304,0.946524064171123,0.9965260753819445
RF,0.9152819729059788,0.9130605432887821,0.9182326359570941,0.9385026737967914,0.9477364333261032,"{'n_estimators': 50, 'max_depth': 10}","['mfcc_mean', 'spec_skew', 'spec_kurtosis', 'mfcc_var', 'mfcc_2']",0.8533834586466166,0.8470149253731343,0.8598484848484849,0.899415837584696,0.9248716752216519,0.9025500910746812,0.9483253588516747,0.9472673870116689,0.9675907848496681,0.9896166134185304,0.946524064171123,0.9965260753819445
RF,0.9152703653067983,0.9080889190848067,0.9234707758701566,0.9407944996180291,0.9412505455138457,"{'n_estimators': 100, 'max_depth': 10}","['mfcc_mean', 'spec_kurtosis', 'NDSI', 'mfcc_1', 'mfcc_var', 'mfcc_std']",0.8461538461538461,0.8191489361702128,0.875,0.8669819770019165,0.9288742345737164,0.9146567717996289,0.9435406698564593,0.9591386831414179,0.970783015192832,0.9904610492845787,0.9518716577540107,0.9976309763982025
RF,0.9152508039018151,0.9078695332045683,0.9235297468269605,0.9415584415584416,0.9595697541107594,"{'n_estimators': 100, 'max_depth': 10}","['spec_skew', 'spec_kurtosis', 'NDSI', 'mfcc_var', 'mfcc_std', 'mfcc_2']",0.8446069469835467,0.8162544169611308,0.875,0.9165726301205874,0.9275225011842728,0.9183864915572233,0.9368421052631579,0.9641404107794277,0.9736229635376261,0.9889676910953507,0.9587471352177235,0.9979962214322635
RF,0.9152488920410603,0.9064384127071746,0.925679729627098,0.9407944996180291,0.9536818008047648,"{'n_estimators': 100, 'max_depth': 10}","['mfcc_mean', 'spec_skew', 'NDSI', 'mfcc_1', 'wav_detail_lvl5_std', 'mfcc_2']",0.8457350272232305,0.8118466898954704,0.8825757575757576,0.905168967815058,0.9282027217268888,0.9106813996316758,0.9464114832535885,0.9586279024624049,0.9718089271730619,0.9967871485943776,0.948051948051948,0.9972485321368318
RF,0.9152315334831211,0.904844857981924,0.9275537328168907,0.9396485867074102,0.9520720115442955,"{'n_estimators': 50, 'max_depth': 10}","['mfcc_mean', 'spec_skew', 'spec_kurtosis', 'mfcc_1', 'wav_detail_lvl5_std', 'mfcc_2']",0.8489208633093526,0.8082191780821918,0.8939393939393939,0.913079153407448,0.9264844486333648,0.9127205199628597,0.9406698564593301,0.9470236709071295,0.9702892885066459,0.9935948759007206,0.948051948051948,0.9961132103183091
RF,0.9151918619098702,0.9142010293670101,0.9172406283087398,0.9392666157372039,0.938685479809683,"{'n_estimators': 50, 'max_depth': 5}","['mfcc_mean', 'NDSI', 'mfcc_1', 'mfcc_var', 'mfcc_2']",0.8506616257088847,0.8490566037735849,0.8522727272727273,0.8923467081901812,0.9262865090403338,0.8983812949640287,0.9559808612440192,0.926427135014517,0.9686274509803922,0.9951651893634166,0.9434682964094728,0.9972825962243506
RF,0.9151918619098702,0.9142010293670101,0.9172406283087398,0.9392666157372039,0.938685479809683,"{'n_estimators': 50, 'max_depth': 5}","['mfcc_mean', 'NDSI', 'mfcc_1', 'mfcc_std', 'mfcc_2']",0.8506616257088847,0.8490566037735849,0.8522727272727273,0.8923467081901812,0.9262865090403338,0.8983812949640287,0.9559808612440192,0.926427135014517,0.9686274509803922,0.9951651893634166,0.9434682964094728,0.9972825962243506
RF,0.9151916964460652,0.904697451405912,0.9276392853792235,0.9427043544690603,0.9496994918823699,"{'n_estimators': 100, 'max_depth': 10}","['spec_kurtosis', 'mfcc_1', 'mfcc_var', 'wav_approx_std', 'mfcc_2']",0.8402154398563735,0.7986348122866894,0.8863636363636364,0.9006657058562318,0.9291784702549575,0.9170549860205033,0.9416267942583733,0.9510273416629011,0.9761811792268645,0.9984025559105432,0.9549274255156608,0.9974054281279767
RF,0.9151783948786264,0.8984102226749285,0.9370976460759742,0.9365928189457601,0.952947245392687,"{'n_estimators': 50, 'max_depth': 10}","['spec_kurtosis', 'wav_detail_lvl5_std', 'mfcc_var', 'mfcc_std', 'wav_approx_std']",0.8566493955094991,0.7873015873015873,0.9393939393939394,0.9109661672925827,0.9215500945179584,0.9103641456582633,0.9330143540669856,0.9517405547056987,0.9673356946084218,0.997564935064935,0.9388846447669977,0.9961350141797798
RF,0.9151679987361195,0.9082491084978145,0.9232698502048348,0.9388846447669977,0.941592712652477,"{'n_estimators': 100, 'max_depth': 5}","['spec_kurtosis', 'mfcc_1', 'mfcc_var', 'mfcc_std', 'mfcc_2']",0.8513761467889909,0.8256227758007118,0.8787878787878788,0.9029292319677721,0.9250234301780693,0.90633608815427,0.9444976076555024,0.9248042228023713,0.9691044192412984,0.9927884615384616,0.946524064171123,0.9970446831872876
RF,0.9150182541205621,0.9049072622619496,0.9270444381899491,0.9388846447669977,0.9539840487732215,"{'n_estimators': 100, 'max_depth': 10}","['mfcc_mean', 'spec_skew', 'mfcc_1', 'wav_detail_lvl5_std', 'mfcc_var', 'mfcc_std', 'wav_approx_std', 'mfcc_2']",0.8504504504504504,0.8109965635738832,0.8939393939393939,0.9135664420527371,0.9247412982126059,0.9093432007400555,0.9406698564593301,0.9511906395553454,0.9698630136986301,0.9943820224719101,0.946524064171123,0.9971950647115821
RF,0.9149483394650738,0.8997730616277542,0.9340895688418908,0.9404125286478228,0.9429115279068577,"{'n_estimators': 50, 'max_depth': None}","['mfcc_mean', 'spec_skew', 'spec_kurtosis', 'NDSI', 'mfcc_var']",0.8452173913043478,0.7813504823151125,0.9204545454545454,0.8672187402273828,0.9275779376498801,0.9298076923076923,0.9253588516746412,0.9650255671915713,0.9720496894409938,0.9881610102604578,0.9564553093964858,0.9964902763016189
RF,0.9149483394650738,0.8997730616277542,0.9340895688418908,0.9404125286478228,0.9432764360722531,"{'n_estimators': 50, 'max_depth': None}","['mfcc_mean', 'spec_skew', 'spec_kurtosis', 'NDSI', 'mfcc_std']",0.8452173913043478,0.7813504823151125,0.9204545454545454,0.867112299049513,0.9275779376498801,0.9298076923076923,0.9253588516746412,0.9659668547057789,0.9720496894409938,0.9881610102604578,0.9564553093964858,0.9967501544614673
RF,0.9149169094575395,0.9094590547520381,0.9214064573197701,0.9415584415584416,0.9511752331896218,"{'n_estimators': 50, 'max_depth': 10}","['mfcc_mean', 'spec_skew', 'NDSI', 'mfcc_1', 'mfcc_var', 'mfcc_std', 'wav_approx_std']",0.8428835489833642,0.8231046931407943,0.8636363636363636,0.8948270577542062,0.9284712482468443,0.9076782449725777,0.9502392344497608,0.9604340389873767,0.97339593114241,0.9975942261427426,0.9503437738731857,0.9982646028272828
RF,0.9147630942433662,0.9009054690237255,0.9319635988366638,0.9407944996180291,0.9463471490272859,"{'n_estimators': 100, 'max_depth': 10}","['mfcc_1', 'wav_approx_std', 'mfcc_2']",0.843585237258348,0.7868852459016393,0.9090909090909091,0.9102067194422374,0.9265054528212423,0.918233082706767,0.9349282296650717,0.9318066237005141,0.9741985926505082,0.9975980784627703,0.9518716577540107,0.9970281039391059
RF,0.9147625818670432,0.90417289741239,0.9275026916667782,0.9407944996180291,0.951269450650536,"{'n_estimators': 100, 'max_depth': 10}","['spec_kurtosis', 'mfcc_1', 'wav_approx_std', 'mfcc_2']",0.8438061041292639,0.8020477815699659,0.8901515151515151,0.9099964326393103,0.927127409496944,0.911275415896488,0.9435406698564593,0.946752055446,0.9733542319749217,0.999195494770716,0.9488158899923606,0.9970598638662976
RF,0.9147440402853464,0.9030041592394533,0.9288780105343574,0.9404125286478228,0.9514972947921162,"{'n_estimators': 100, 'max_depth': 10}","['spec_kurtosis', 'NDSI', 'mfcc_1', 'mfcc_var', 'wav_approx_std']",0.8449197860962567,0.797979797979798,0.8977272727272727,0.8943902537861464,0.9262759924385633,0.9150326797385621,0.937799043062201,0.9617115238313313,0.9730363423212193,0.996,0.9511077158135982,0.9983901067588707
RF,0.9147440402853464,0.9030041592394533,0.9288780105343574,0.9404125286478228,0.951496814646826,"{'n_estimators': 100, 'max_depth': 10}","['spec_kurtosis', 'NDSI', 'mfcc_1', 'mfcc_std', 'wav_approx_std']",0.8449197860962567,0.797979797979798,0.8977272727272727,0.8943902537861464,0.9262759924385633,0.9150326797385621,0.937799043062201,0.9617106906508909,0.9730363423212193,0.996,0.9511077158135982,0.9983894995034406
RF,0.914679381449275,0.9125408991080634,0.9178891971461631,0.9415584415584416,0.9443997446974078,"{'n_estimators': 100, 'max_depth': 10}","['mfcc_mean', 'spec_kurtosis', 'mfcc_1', 'wav_approx_std', 'mfcc_2']",0.8421052631578947,0.835820895522388,0.8484848484848485,0.8921058590986631,0.9290023201856148,0.9018018018018018,0.9578947368421052,0.9443686721750076,0.9729305610043154,1.0,0.9472880061115355,0.9967247028185525
RF,0.9146634010629905,0.9058550329253787,0.9249774391415259,0.9400305576776165,0.9523274781713256,"{'n_estimators': 100, 'max_depth': 10}","['mfcc_mean', 'spec_skew', 'mfcc_1', 'wav_detail_lvl5_std', 'mfcc_var', 'mfcc_2']",0.8457350272232305,0.8118466898954704,0.8825757575757576,0.9037957975327311,0.9275634995296331,0.9121184088806661,0.9435406698564593,0.9560067285992663,0.9706916764361079,0.9936,0.9488158899923606,0.9971799083819793
RF,0.9146634010629905,0.9058550329253787,0.9249774391415259,0.9400305576776165,0.9523274781713256,"{'n_estimators': 100, 'max_depth': 10}","['mfcc_mean', 'spec_skew', 'mfcc_1', 'wav_detail_lvl5_std', 'mfcc_std', 'mfcc_2']",0.8457350272232305,0.8118466898954704,0.8825757575757576,0.9037957975327311,0.9275634995296331,0.9121184088806661,0.9435406698564593,0.9560067285992663,0.9706916764361079,0.9936,0.9488158899923606,0.9971799083819793
RF,0.9146348119986891,0.909916300654678,0.9203474372205024,0.9427043544690603,0.9541199691520377,"{'n_estimators': 100, 'max_depth': 10}","['mfcc_mean', 'spec_kurtosis', 'NDSI', 'mfcc_var', 'mfcc_std', 'wav_approx_std']",0.8385899814471243,0.8218181818181818,0.8560606060606061,0.9019885574630057,0.9299719887955182,0.9079307201458523,0.9531100478468899,0.9622389739737172,0.9753424657534246,1.0,0.9518716577540107,0.9981323760193904
RF,0.9146091608090959,0.8980549938196217,0.9361082072382382,0.9400305576776165,0.963957969278176,"{'n_estimators': 50, 'max_depth': 10}","['spec_kurtosis', 'wav_detail_lvl5_std', 'mfcc_std', 'mfcc_2']",0.8448275862068966,0.7753164556962026,0.928030303030303,0.9328529835649318,0.9252024773701762,0.9212523719165086,0.9291866028708134,0.9615224209491702,0.9737974188502151,0.9975961538461539,0.9511077158135982,0.9974985033204258
RF,0.9146091608090959,0.8980549938196217,0.9361082072382382,0.9400305576776165,0.9639607263937512,"{'n_estimators': 50, 'max_depth': 10}","['spec_kurtosis', 'wav_detail_lvl5_std', 'mfcc_var', 'mfcc_2']",0.8448275862068966,0.7753164556962026,0.928030303030303,0.9328602537275192,0.9252024773701762,0.9212523719165086,0.9291866028708134,0.9615228134224163,0.9737974188502151,0.9975961538461539,0.9511077158135982,0.997499112031318
RF,0.9145779224699441,0.8969068080240605,0.9380598331836723,0.9400305576776165,0.957201063495425,"{'n_estimators': 50, 'max_depth': 10}","['NDSI', 'wav_detail_lvl5_std', 'mfcc_var', 'mfcc_std', 'wav_approx_std', 'mfcc_2']",0.8444444444444444,0.7694704049844237,0.9356060606060606,0.9201484995621378,0.9251311397234144,0.9220532319391636,0.9282296650717703,0.9545928625653526,0.9741581832419733,0.9991967871485944,0.9503437738731857,0.9968618283587845
RF,0.9145720269422587,0.9081437846172232,0.9218354486930339,0.9415584415584416,0.9486351473020984,"{'n_estimators': 100, 'max_depth': 5}","['spec_skew', 'NDSI', 'mfcc_var', 'mfcc_std', 'mfcc_2']",0.8419117647058824,0.8178571428571428,0.8674242424242424,0.9184191093189992,0.9278642149929278,0.9144981412639405,0.9416267942583733,0.9312296884980744,0.9739401011279658,0.9920760697305864,0.9564553093964858,0.9962566440892219
RF,0.9145383010078665,0.9051100132962963,0.9258594346829642,0.9396485867074102,0.9567958037885308,"{'n_estimators': 100, 'max_depth': 10}","['mfcc_mean', 'spec_kurtosis', 'NDSI', 'mfcc_1', 'wav_detail_lvl5_std', 'wav_approx_std', 'mfcc_2']",0.8462929475587704,0.8096885813148789,0.8863636363636364,0.9154798385859803,0.9259606373008434,0.9072543617998163,0.9454545454545454,0.9575308679549427,0.9713613181639859,0.9983870967741936,0.9457601222307105,0.9973767048246691
RF,0.9145076704959787,0.9063528259227752,0.9239051282394936,0.9400305576776165,0.938263917008344,"{'n_estimators': 50, 'max_depth': 10}","['mfcc_mean', 'spec_skew', 'NDSI', 'mfcc_1', 'mfcc_var', 'mfcc_std']",0.8451730418943534,0.8140350877192982,0.8787878787878788,0.8552831295942591,0.9283694627709708,0.914577530176416,0.9425837320574163,0.9618805147147613,0.969980506822612,0.9904458598726115,0.9503437738731857,0.9976281067160118
RF,0.9144822584322755,0.9019706019655048,0.9296286616720053,0.9404125286478228,0.9489696736687941,"{'n_estimators': 100, 'max_depth': 10}","['spec_skew', 'spec_kurtosis', 'NDSI', 'mfcc_1', 'mfcc_var', 'mfcc_std', 'wav_approx_std']",0.8439716312056738,0.7933333333333333,0.9015151515151515,0.8859544720242591,0.9259962049335864,0.9181561618062088,0.9339712918660287,0.9626044748441855,0.9734789391575663,0.9944223107569721,0.9533995416348358,0.9983500741379377
RF,0.9144505976810816,0.9115666390078836,0.9185675865242429,0.9396485867074102,0.9403572559999649,"{'n_estimators': 100, 'max_depth': 5}","['mfcc_mean', 'spec_kurtosis', 'NDSI', 'mfcc_var', 'mfcc_2']",0.846441947565543,0.837037037037037,0.8560606060606061,0.8980017303560822,0.9267840593141798,0.8984725965858041,0.9569377990430622,0.9272704198593675,0.970125786163522,0.9991902834008097,0.9427043544690603,0.9957996177844448
RF,0.9144505976810816,0.9115666390078836,0.9185675865242429,0.9396485867074102,0.9403572559999649,"{'n_estimators': 100, 'max_depth': 5}","['mfcc_mean', 'spec_kurtosis', 'NDSI', 'mfcc_std', 'mfcc_2']",0.846441947565543,0.837037037037037,0.8560606060606061,0.8980017303560822,0.9267840593141798,0.8984725965858041,0.9569377990430622,0.9272704198593675,0.970125786163522,0.9991902834008097,0.9427043544690603,0.9957996177844448
RF,0.9143229357233208,0.8955094266598692,0.9397329107081429,0.9369747899159664,0.9558162149563566,"{'n_estimators': 100, 'max_depth': 10}","['mfcc_1', 'wav_detail_lvl5_std', 'mfcc_var', 'wav_approx_std', 'mfcc_2']",0.8522920203735145,0.7723076923076924,0.9507575757575758,0.9190054072441808,0.9212410501193318,0.919047619047619,0.9234449760765551,0.9517178478720114,0.969435736677116,0.995172968624296,0.944996180290298,0.9967253897528775
RF,0.9143229357233208,0.8955094266598692,0.9397329107081429,0.9369747899159664,0.9558007297691703,"{'n_estimators': 100, 'max_depth': 10}","['mfcc_1', 'wav_detail_lvl5_std', 'mfcc_std', 'wav_approx_std', 'mfcc_2']",0.8522920203735145,0.7723076923076924,0.9507575757575758,0.9189650721568385,0.9212410501193318,0.919047619047619,0.9234449760765551,0.9517178478720114,0.969435736677116,0.995172968624296,0.944996180290298,0.9967192692786607
RF,0.9143190831709864,0.898628364237938,0.9343362863486702,0.9388846447669977,0.9512751020239181,"{'n_estimators': 100, 'max_depth': 10}","['NDSI', 'mfcc_1', 'mfcc_std', 'wav_approx_std']",0.8472222222222222,0.782051282051282,0.9242424242424242,0.9004142147914959,0.9238820171265462,0.9186376537369915,0.9291866028708134,0.9554650372162588,0.9718530101641908,0.9951961569255404,0.9495798319327731,0.9979460540639995
RF,0.9143190831709864,0.898628364237938,0.9343362863486702,0.9388846447669977,0.9512754081757325,"{'n_estimators': 100, 'max_depth': 10}","['NDSI', 'mfcc_1', 'mfcc_var', 'wav_approx_std']",0.8472222222222222,0.782051282051282,0.9242424242424242,0.9004142147914959,0.9238820171265462,0.9186376537369915,0.9291866028708134,0.9554659556717023,0.9718530101641908,0.9951961569255404,0.9495798319327731,0.9979460540639995
RF,0.9143186467571817,0.89761889264815,0.9361028462421651,0.9407944996180291,0.9523036295828361,"{'n_estimators': 100, 'max_depth': None}","['spec_skew', 'spec_kurtosis', 'NDSI', 'mfcc_std', 'wav_approx_std']",0.8419243986254296,0.7704402515723271,0.928030303030303,0.8940272745411559,0.9255165785679962,0.9295366795366795,0.9215311004784689,0.9660195812086827,0.9755149630781189,0.992879746835443,0.9587471352177235,0.9968640329986695
RF,0.9143186467571817,0.89761889264815,0.9361028462421651,0.9407944996180291,0.9522855905108988,"{'n_estimators': 100, 'max_depth': None}","['spec_skew', 'spec_kurtosis', 'NDSI', 'mfcc_var', 'wav_approx_std']",0.8419243986254296,0.7704402515723271,0.928030303030303,0.8939949063127013,0.9255165785679962,0.9295366795366795,0.9215311004784689,0.9660007019750816,0.9755149630781189,0.992879746835443,0.9587471352177235,0.9968611632449136
RF,0.9143113138244644,0.900357918729624,0.9316552298750441,0.9419404125286478,0.948394249815773,"{'n_estimators': 100, 'max_depth': 10}","['mfcc_std', 'wav_approx_std', 'mfcc_2']",0.8385964912280702,0.7810457516339869,0.9053030303030303,0.9086368997163914,0.9277566539923955,0.9216241737488197,0.9339712918660287,0.9393513807399675,0.9765807962529274,0.9984038308060654,0.9556913674560733,0.9971944689909603
RF,0.9143051449857822,0.9034793526553405,0.9271810319023941,0.9407944996180291,0.9502649173247905,"{'n_estimators': 100, 'max_depth': None}","['mfcc_mean', 'spec_skew', 'spec_kurtosis', 'NDSI', 'mfcc_1', 'wav_approx_std']",0.8422939068100358,0.7993197278911565,0.8901515151515151,0.8880458690752637,0.9267831837505904,0.9151119402985075,0.938755980861244,0.9649066717333474,0.97383834439672,0.9960063897763578,0.9526355996944232,0.9978422111657599
RF,0.9142994113066557,0.9023895795437914,0.9286983054784912,0.9415584415584416,0.9501315642695439,"{'n_estimators': 100, 'max_depth': 10}","['spec_skew', 'spec_kurtosis', 'mfcc_1', 'mfcc_var', 'wav_approx_std', 'mfcc_2']",0.8398576512455516,0.7919463087248322,0.8939393939393939,0.902674651125773,0.9276595744680851,0.9168224299065421,0.938755980861244,0.9504579939784378,0.9753810082063306,0.9984,0.9533995416348358,0.9972620477044211
RF,0.9142994113066557,0.9023895795437914,0.9286983054784912,0.9415584415584416,0.9501292820712273,"{'n_estimators': 100, 'max_depth': 10}","['spec_skew', 'spec_kurtosis', 'mfcc_1', 'mfcc_std', 'wav_approx_std', 'mfcc_2']",0.8398576512455516,0.7919463087248322,0.8939393939393939,0.9026669719210595,0.9276595744680851,0.9168224299065421,0.938755980861244,0.9504588265882015,0.9753810082063306,0.9984,0.9533995416348358,0.9972620477044211
RF,0.9142344087832753,0.8975073242875006,0.9360438752853613,0.9400305576776165,0.9617780365905645,"{'n_estimators': 100, 'max_depth': 10}","['spec_kurtosis', 'mfcc_1', 'wav_detail_lvl5_std', 'mfcc_2']",0.8433734939759037,0.7728706624605678,0.928030303030303,0.930893042885947,0.9251311397234144,0.9220532319391636,0.9282296650717703,0.9572112284304661,0.9741985926505082,0.9975980784627703,0.9518716577540107,0.9972298384552801
RF,0.9142264952314897,0.9080722189183398,0.9211868798556105,0.9392666157372039,0.9494069843520404,"{'n_estimators': 100, 'max_depth': 10}","['mfcc_mean', 'spec_kurtosis', 'mfcc_1', 'mfcc_var', 'mfcc_std', 'mfcc_2']",0.8471454880294659,0.8243727598566308,0.8712121212121212,0.9015546771909447,0.9251059821008007,0.9109461966604824,0.939712918660287,0.9498368852101534,0.9704280155642023,0.9888977002379065,0.9526355996944232,0.9968293906550231
RF,0.9141916461163998,0.90564349565947,0.9241358744454721,0.9377387318563789,0.9581306656772296,"{'n_estimators': 100, 'max_depth': None}","['mfcc_mean', 'spec_skew', 'spec_kurtosis', 'wav_detail_lvl5_std', 'mfcc_std', 'wav_approx_std', 'mfcc_2']",0.850909090909091,0.8181818181818182,0.8863636363636364,0.9203402876682217,0.9232941176470588,0.9083333333333333,0.938755980861244,0.9585730552433784,0.9683717297930496,0.9904153354632588,0.9472880061115355,0.9954786541200887
RF,0.914188895089015,0.8951837184966819,0.9401268322320954,0.9388846447669977,0.9562685135190435,"{'n_estimators': 100, 'max_depth': 10}","['NDSI', 'wav_detail_lvl5_std', 'mfcc_var', 'wav_approx_std']",0.8460236886632826,0.764525993883792,0.946969696969697,0.9122169701325684,0.9235912129894938,0.9218303145853194,0.9253588516746412,0.9594795796201687,0.9729517836142689,0.999194847020934,0.948051948051948,0.9971089908043933
RF,0.914188895089015,0.8951837184966819,0.9401268322320954,0.9388846447669977,0.9562694049678737,"{'n_estimators': 100, 'max_depth': 10}","['NDSI', 'wav_detail_lvl5_std', 'mfcc_std', 'wav_approx_std']",0.8460236886632826,0.764525993883792,0.946969696969697,0.9122169701325684,0.9235912129894938,0.9218303145853194,0.9253588516746412,0.9594822539666594,0.9729517836142689,0.999194847020934,0.948051948051948,0.9971089908043933
RF,0.9141569239704818,0.911664987018881,0.9178785868414351,0.9400305576776165,0.9417499660855024,"{'n_estimators': 100, 'max_depth': 5}","['mfcc_mean', 'spec_skew', 'NDSI', 'mfcc_std', 'mfcc_2']",0.8442776735459663,0.8364312267657993,0.8522727272727273,0.9022051692162834,0.9272811486799444,0.8985637342908438,0.9578947368421052,0.9269860040998719,0.9709119496855346,1.0,0.9434682964094728,0.996058724940352
RF,0.9141569239704818,0.911664987018881,0.9178785868414351,0.9400305576776165,0.9417499660855024,"{'n_estimators': 100, 'max_depth': 5}","['mfcc_mean', 'spec_skew', 'NDSI', 'mfcc_var', 'mfcc_2']",0.8442776735459663,0.8364312267657993,0.8522727272727273,0.9022051692162834,0.9272811486799444,0.8985637342908438,0.9578947368421052,0.9269860040998719,0.9709119496855346,1.0,0.9434682964094728,0.996058724940352
RF,0.9140573820662773,0.9065144860801974,0.9228222070327333,0.9385026737967914,0.947420662119788,"{'n_estimators': 50, 'max_depth': 5}","['spec_kurtosis', 'NDSI', 'mfcc_1', 'mfcc_var', 'mfcc_std', 'mfcc_2']",0.8482632541133455,0.8197879858657244,0.8787878787878788,0.9025192398602275,0.9243776420854861,0.9077490774907749,0.9416267942583733,0.9419930423075823,0.96953125,0.9920063948840927,0.948051948051948,0.9977497041915541
RF,0.9140230774068293,0.9024428073308766,0.9279449738428066,0.9419404125286478,0.9490216547109895,"{'n_estimators': 100, 'max_depth': 10}","['spec_skew', 'spec_kurtosis', 'mfcc_1', 'mfcc_var', 'mfcc_std', 'wav_approx_std', 'mfcc_2']",0.8377896613190731,0.7912457912457912,0.8901515151515151,0.8978382968603269,0.9280983916745507,0.9176800748362957,0.938755980861244,0.9517310152183234,0.9761811792268645,0.9984025559105432,0.9549274255156608,0.9974956520543186
RF,0.9140007054323472,0.9052622502131791,0.9244814353173486,0.9404125286478228,0.9547304599168953,"{'n_estimators': 100, 'max_depth': 10}","['mfcc_mean', 'spec_kurtosis', 'NDSI', 'wav_detail_lvl5_std', 'mfcc_var', 'wav_approx_std', 'mfcc_2']",0.8421052631578947,0.8083623693379791,0.8787878787878788,0.912814339097766,0.9269662921348315,0.9074243813015582,0.9473684210526315,0.9544362021208682,0.9729305610043154,1.0,0.9472880061115355,0.9969408385320518
RF,0.9140007054323472,0.9052622502131791,0.9244814353173486,0.9404125286478228,0.9547319445849435,"{'n_estimators': 100, 'max_depth': 10}","['mfcc_mean', 'spec_kurtosis', 'NDSI', 'wav_detail_lvl5_std', 'mfcc_std', 'wav_approx_std', 'mfcc_2']",0.8421052631578947,0.8083623693379791,0.8787878787878788,0.912814339097766,0.9269662921348315,0.9074243813015582,0.9473684210526315,0.9544406561250129,0.9729305610043154,1.0,0.9472880061115355,0.9969408385320518
RF,0.9139819812180906,0.898316495531577,0.9341380411813848,0.9365928189457601,0.9498585083233196,"{'n_estimators': 50, 'max_depth': 10}","['spec_kurtosis', 'wav_detail_lvl5_std', 'mfcc_std', 'wav_approx_std']",0.8521739130434782,0.7877813504823151,0.928030303030303,0.9032395755008535,0.9216241737488197,0.9095992544268406,0.9339712918660287,0.9501989120268459,0.968147856861974,0.9975688816855753,0.9404125286478228,0.9961370374422593
RF,0.9139819812180906,0.898316495531577,0.9341380411813848,0.9365928189457601,0.949880114589534,"{'n_estimators': 50, 'max_depth': 10}","['spec_kurtosis', 'wav_detail_lvl5_std', 'mfcc_var', 'wav_approx_std']",0.8521739130434782,0.7877813504823151,0.928030303030303,0.9033015099474574,0.9216241737488197,0.9095992544268406,0.9339712918660287,0.9501989120268459,0.968147856861974,0.9975688816855753,0.9404125286478228,0.9961399217942983
RF,0.9139779415644864,0.896892782064648,0.9362746214913398,0.9377387318563789,0.9456547462494379,"{'n_estimators': 100, 'max_depth': None}","['spec_skew', 'spec_kurtosis', 'NDSI', 'mfcc_1', 'wav_detail_lvl5_std', 'mfcc_std']",0.8487972508591065,0.7767295597484277,0.9356060606060606,0.8811846285371072,0.9239598278335724,0.9235181644359465,0.9244019138755981,0.9596978035531422,0.9691767460007803,0.9904306220095693,0.9488158899923606,0.996081806658064
RF,0.9139599192704408,0.9037139026168638,0.9259051148370033,0.9392666157372039,0.9415650978339998,"{'n_estimators': 100, 'max_depth': 10}","['spec_kurtosis', 'NDSI', 'mfcc_1', 'mfcc_var', 'mfcc_std']",0.8453237410071942,0.8047945205479452,0.8901515151515151,0.8653473217448555,0.9265054528212423,0.918233082706767,0.9349282296650717,0.9612214165030376,0.970050563982886,0.9881141045958796,0.9526355996944232,0.9981265552541064
RF,0.9139397741953103,0.9045593839781164,0.9252347669530332,0.9400305576776165,0.9537807194413586,"{'n_estimators': 50, 'max_depth': 10}","['mfcc_mean', 'spec_skew', 'NDSI', 'mfcc_1', 'wav_detail_lvl5_std', 'wav_approx_std']",0.8426763110307414,0.8062283737024222,0.8825757575757576,0.9069031293608809,0.927400468384075,0.908256880733945,0.9473684210526315,0.9571330580317545,0.9717425431711146,0.9991928974979822,0.9457601222307105,0.9973059709314401
RF,0.9139282423279217,0.8964392752424573,0.937113505689357,0.9404125286478228,0.9482757227489111,"{'n_estimators': 100, 'max_depth': None}","['spec_skew', 'spec_kurtosis', 'NDSI', 'mfcc_1', 'wav_approx_std']",0.841025641025641,0.7663551401869159,0.9318181818181818,0.88193325676977,0.9253588516746412,0.9253588516746412,0.9253588516746412,0.9654600130774464,0.975400234283483,0.9976038338658147,0.9541634835752483,0.9974338983995169
RF,0.9139217290983764,0.9106935053235939,0.918556976219515,0.9381207028265852,0.9371777842381442,"{'n_estimators': 50, 'max_depth': 5}","['mfcc_mean', 'spec_skew', 'mfcc_var', 'mfcc_std', 'mfcc_2']",0.8485981308411215,0.8376383763837638,0.8598484848484849,0.8878084712792883,0.9250693802035153,0.8952551477170994,0.9569377990430622,0.9274304509291308,0.9680976762504924,0.9991869918699187,0.9388846447669977,0.9962944305060137
RF,0.9139134017841988,0.894763128739191,0.9400518899744906,0.9373567608861727,0.9435665918728183,"{'n_estimators': 100, 'max_depth': 5}","['NDSI', 'wav_detail_lvl5_std', 'mfcc_var', 'mfcc_2']",0.8494077834179357,0.7675840978593272,0.9507575757575758,0.9191008663091061,0.9217557251908397,0.9191246431969553,0.9244019138755981,0.915121797635069,0.9705766967438211,0.9975806451612903,0.944996180290298,0.9964771116742795
RF,0.9139134017841988,0.894763128739191,0.9400518899744906,0.9373567608861727,0.9435665918728183,"{'n_estimators': 100, 'max_depth': 5}","['NDSI', 'wav_detail_lvl5_std', 'mfcc_std', 'mfcc_2']",0.8494077834179357,0.7675840978593272,0.9507575757575758,0.9191008663091061,0.9217557251908397,0.9191246431969553,0.9244019138755981,0.915121797635069,0.9705766967438211,0.9975806451612903,0.944996180290298,0.9964771116742795
RF,0.9139125571923374,0.9053608513407926,0.9238812271320013,0.9373567608861727,0.9581225829559168,"{'n_estimators': 100, 'max_depth': None}","['mfcc_mean', 'spec_skew', 'spec_kurtosis', 'wav_detail_lvl5_std', 'mfcc_var', 'wav_approx_std', 'mfcc_2']",0.850909090909091,0.8181818181818182,0.8863636363636364,0.9203240686979384,0.922859830667921,0.9074930619796485,0.938755980861244,0.9585644874742933,0.96796875,0.9904076738609112,0.946524064171123,0.9954791926955185
RF,0.9138378728035245,0.9056890635625234,0.9233315016596751,0.9392666157372039,0.9561902974731589,"{'n_estimators': 100, 'max_depth': 10}","['mfcc_mean', 'spec_kurtosis', 'mfcc_1', 'wav_detail_lvl5_std', 'mfcc_2']",0.8451730418943534,0.8140350877192982,0.8787878787878788,0.9192811407144179,0.92524682651622,0.9094269870609981,0.9416267942583733,0.9525122687528165,0.97109375,0.9936051159072742,0.9495798319327731,0.9967774829522423
RF,0.9138120737038508,0.8940685508661459,0.941049258618918,0.9358288770053476,0.9335054786265187,"{'n_estimators': 50, 'max_depth': 5}","['wav_detail_lvl5_std', 'mfcc_var', 'mfcc_std', 'mfcc_2']",0.8532883642495784,0.7689969604863222,0.9583333333333334,0.8826777242106513,0.92,0.9156398104265403,0.9244019138755981,0.9205912196473233,0.968147856861974,0.9975688816855753,0.9404125286478228,0.9972474920215814
RF,0.9137557515099651,0.8976029400607283,0.9346579461130545,0.9388846447669977,0.9501660628010195,"{'n_estimators': 100, 'max_depth': 10}","['spec_skew', 'spec_kurtosis', 'NDSI', 'mfcc_1', 'wav_detail_lvl5_std', 'mfcc_var', 'mfcc_std']",0.8442906574394463,0.7770700636942676,0.9242424242424242,0.8889092454153827,0.9259962049335864,0.9181561618062088,0.9339712918660287,0.963768073876929,0.9709803921568627,0.9975825946817083,0.9457601222307105,0.9978208691107467
RF,0.9137044714395842,0.9104353717554522,0.9178865166481266,0.9419404125286478,0.9453286285369566,"{'n_estimators': 100, 'max_depth': 10}","['mfcc_mean', 'spec_kurtosis', 'mfcc_var', 'mfcc_std', 'wav_approx_std', 'mfcc_2']",0.8373831775700935,0.8265682656826568,0.8484848484848485,0.8915385451830867,0.9291705498602051,0.9055404178019982,0.9540669856459331,0.9474210935831847,0.974559686888454,0.9991974317817014,0.9511077158135982,0.9970262468445984
RF,0.913700683398738,0.9015658906769617,0.9282373715036254,0.9400305576776165,0.9428113047972966,"{'n_estimators': 100, 'max_depth': None}","['mfcc_mean', 'spec_skew', 'spec_kurtosis', 'NDSI', 'mfcc_1']",0.8419182948490231,0.7926421404682275,0.8977272727272727,0.8699674225030238,0.9271775345073774,0.9223484848484849,0.9320574162679426,0.9617832178536396,0.9720062208398134,0.9897070467141726,0.9549274255156608,0.9966832740352263
RF,0.9136669845479274,0.9076394405664304,0.920379826571777,0.9411764705882353,0.9485450909706551,"{'n_estimators': 100, 'max_depth': 10}","['mfcc_mean', 'NDSI', 'mfcc_1', 'mfcc_var', 'mfcc_std', 'mfcc_2']",0.8397790055248618,0.8172043010752689,0.8636363636363636,0.8879001560770536,0.9272211720226843,0.9159663865546218,0.938755980861244,0.9598481857917069,0.9740007760962359,0.9897476340694006,0.9587471352177235,0.9978869310432046
RF,0.9136594572362521,0.9058517565258649,0.9226425019768674,0.9396485867074102,0.9414231656872453,"{'n_estimators': 100, 'max_depth': 10}","['mfcc_mean', 'spec_kurtosis', 'NDSI', 'mfcc_var', 'mfcc_std']",0.843065693430657,0.8133802816901409,0.875,0.8650435889546886,0.9279321714554876,0.9137291280148423,0.9425837320574163,0.9614468098696785,0.969980506822612,0.9904458598726115,0.9503437738731857,0.9977790982373687
RF,0.913658820300279,0.9058653367461171,0.9230284936941283,0.9396485867074102,0.9496298125033905,"{'n_estimators': 50, 'max_depth': 10}","['mfcc_mean', 'spec_skew', 'spec_kurtosis', 'mfcc_var', 'wav_approx_std', 'mfcc_2']",0.843065693430657,0.8133802816901409,0.875,0.9056695912342114,0.9261682242990654,0.9050228310502283,0.9483253588516747,0.9470654581966808,0.9717425431711146,0.9991928974979822,0.9457601222307105,0.996154388079279
RF,0.913658820300279,0.9058653367461171,0.9230284936941283,0.9396485867074102,0.949630046672512,"{'n_estimators': 50, 'max_depth': 10}","['mfcc_mean', 'spec_skew', 'spec_kurtosis', 'mfcc_std', 'wav_approx_std', 'mfcc_2']",0.843065693430657,0.8133802816901409,0.875,0.9056695912342114,0.9261682242990654,0.9050228310502283,0.9483253588516747,0.9470661607040456,0.9717425431711146,0.9991928974979822,0.9457601222307105,0.996154388079279
RF,0.9136116809115574,0.9054485687903969,0.9231411862990809,0.9388846447669977,0.9536126122022118,"{'n_estimators': 100, 'max_depth': 10}","['mfcc_mean', 'spec_skew', 'wav_detail_lvl5_std', 'mfcc_var', 'mfcc_std', 'mfcc_2']",0.8451730418943534,0.8140350877192982,0.8787878787878788,0.9105536398998757,0.9257518796992481,0.9095106186518929,0.9425837320574163,0.9531013547338502,0.9699101211410708,0.9928,0.948051948051948,0.9971828419729099
RF,0.9136113759021859,0.9095322042140274,0.9184096605149237,0.9377387318563789,0.9471522765548159,"{'n_estimators': 50, 'max_depth': 10}","['mfcc_mean', 'spec_skew', 'spec_kurtosis', 'mfcc_var', 'mfcc_std', 'mfcc_2']",0.8491620111731844,0.8351648351648352,0.8636363636363636,0.8934422326315111,0.9236533957845433,0.9045871559633027,0.9435406698564593,0.9513155147170251,0.96801872074883,0.9888446215139443,0.948051948051948,0.9966990823159114
RF,0.9135834157298331,0.9049801154147185,0.9244927157465858,0.9327731092436975,0.9426685954998965,"{'n_estimators': 50, 'max_depth': 5}","['mfcc_1', 'mfcc_2']",0.8618181818181818,0.8286713286713286,0.8977272727272727,0.9259230993777594,0.9188687992582291,0.8911870503597122,0.9483253588516747,0.9068092629424604,0.9600632661130882,0.9950819672131147,0.9274255156608098,0.9952734241794695
RF,0.9135812168981025,0.9009699526530329,0.9291890599940135,0.9388846447669977,0.9501828617342762,"{'n_estimators': 50, 'max_depth': 10}","['mfcc_mean', 'spec_skew', 'NDSI', 'mfcc_1', 'wav_detail_lvl5_std']",0.8439716312056738,0.7933333333333333,0.9015151515151515,0.8955294944870426,0.9266227657572906,0.9111933395004626,0.9425837320574163,0.9577448594387974,0.9701492537313433,0.9983831851253031,0.9434682964094728,0.9972742312769886
RF,0.9134417273260237,0.8985828523928993,0.9322155656520982,0.9415584415584416,0.947597679394215,"{'n_estimators': 50, 'max_depth': 10}","['mfcc_var', 'wav_approx_std', 'mfcc_2']",0.8362369337979094,0.7741935483870968,0.9090909090909091,0.9061611862505748,0.9271081467365412,0.9231499051233396,0.9311004784688995,0.9396173250220964,0.9769801014436208,0.9984051036682615,0.9564553093964858,0.9970145269099735
RF,0.9134347891787167,0.9002104974320854,0.9299934327798104,0.9373567608861727,0.9460849840213177,"{'n_estimators': 50, 'max_depth': 5}","['spec_skew', 'NDSI', 'mfcc_1', 'wav_detail_lvl5_std', 'mfcc_2']",0.8480565371024735,0.7947019867549668,0.9090909090909091,0.9172803071656732,0.9229323308270677,0.9067405355493998,0.939712918660287,0.9246759319126758,0.969315499606609,0.9991889699918897,0.9411764705882353,0.9962987129856038
RF,0.9134332084893882,0.9050388963312886,0.9234734563681931,0.9404125286478228,0.9532637666562366,"{'n_estimators': 50, 'max_depth': 10}","['mfcc_mean', 'spec_skew', 'spec_kurtosis', 'NDSI', 'mfcc_std', 'wav_approx_std', 'mfcc_2']",0.84,0.8076923076923077,0.875,0.9103688328743965,0.9269662921348315,0.9074243813015582,0.9473684210526315,0.952811506272878,0.9733333333333334,1.0,0.948051948051948,0.9966109608214351
RF,0.9134332084893882,0.9050388963312886,0.9234734563681931,0.9404125286478228,0.9533078338148263,"{'n_estimators': 50, 'max_depth': 10}","['mfcc_mean', 'spec_skew', 'spec_kurtosis', 'NDSI', 'mfcc_var', 'wav_approx_std', 'mfcc_2']",0.84,0.8076923076923077,0.875,0.9104827021519047,0.9269662921348315,0.9074243813015582,0.9473684210526315,0.9528249608476381,0.9733333333333334,1.0,0.948051948051948,0.9966158384449364
RF,0.9134277585522277,0.8969675837427844,0.9348376511689205,0.9377387318563789,0.9505775377811712,"{'n_estimators': 100, 'max_depth': 10}","['spec_skew', 'spec_kurtosis', 'NDSI', 'mfcc_1', 'wav_detail_lvl5_std', 'mfcc_var']",0.846286701208981,0.7777777777777778,0.928030303030303,0.8889406040929159,0.9246088193456614,0.9163533834586466,0.9330143540669856,0.9649314703528293,0.9693877551020408,0.9967715899919289,0.9434682964094728,0.9978605388977684
RF,0.9133967993780713,0.899547166499791,0.930990801424238,0.9358288770053476,0.9446132240026373,"{'n_estimators': 50, 'max_depth': 5}","['spec_skew', 'mfcc_1', 'wav_detail_lvl5_std', 'mfcc_2']",0.852112676056338,0.7960526315789473,0.9166666666666666,0.9226336702196807,0.9212007504690432,0.9034038638454461,0.939712918660287,0.9141634560378299,0.9668769716088328,0.9991850040749797,0.9365928189457601,0.9970425457504013
RF,0.9133845940742189,0.8955252299655908,0.9372315592903827,0.9388846447669977,0.9521514513696379,"{'n_estimators': 50, 'max_depth': 10}","['NDSI', 'mfcc_1', 'wav_detail_lvl5_std', 'mfcc_var', 'mfcc_std', 'wav_approx_std']",0.8430034129692833,0.7670807453416149,0.9356060606060606,0.9031698033818243,0.9241773962804005,0.9211026615969582,0.9272727272727272,0.9559060431624504,0.972972972972973,0.9983922829581994,0.9488158899923606,0.9973785075646389
RF,0.9132635732787087,0.8939573888826446,0.9397329107081429,0.9369747899159664,0.9459890569115544,"{'n_estimators': 50, 'max_depth': 5}","['NDSI', 'mfcc_1', 'wav_detail_lvl5_std', 'mfcc_2']",0.847972972972973,0.7652439024390244,0.9507575757575758,0.923827737366981,0.9212410501193318,0.919047619047619,0.9234449760765551,0.9168826774073017,0.9705766967438211,0.9975806451612903,0.944996180290298,0.9972567559603808
RF,0.9131850158836666,0.904037417881134,0.9240742229906317,0.9373567608861727,0.9517968350009268,"{'n_estimators': 50, 'max_depth': 10}","['mfcc_mean', 'spec_kurtosis', 'mfcc_1', 'wav_detail_lvl5_std', 'mfcc_std', 'wav_approx_std']",0.8478260869565217,0.8125,0.8863636363636364,0.9099999531848534,0.9230769230769231,0.9052437902483901,0.9416267942583733,0.9494607575131635,0.9686520376175548,0.9943684633950121,0.9442322383498855,0.9959297943047635
RF,0.9131850158836666,0.904037417881134,0.9240742229906317,0.9373567608861727,0.9517898291025272,"{'n_estimators': 50, 'max_depth': 10}","['mfcc_mean', 'spec_kurtosis', 'mfcc_1', 'wav_detail_lvl5_std', 'mfcc_var', 'wav_approx_std']",0.8478260869565217,0.8125,0.8863636363636364,0.9099900096282756,0.9230769230769231,0.9052437902483901,0.9416267942583733,0.9494533345253553,0.9686520376175548,0.9943684633950121,0.9442322383498855,0.9959261431539503
RF,0.9131412897594964,0.9077394907375528,0.9197632003359558,0.9404125286478228,0.9462247769820317,"{'n_estimators': 50, 'max_depth': 10}","['mfcc_mean', 'spec_skew', 'spec_kurtosis', 'mfcc_1', 'wav_approx_std', 'mfcc_2']",0.8391866913123844,0.8194945848375451,0.8598484848484849,0.8948393692593694,0.9273066169617894,0.9037238873751136,0.9521531100478469,0.9472447343794579,0.9729305610043154,1.0,0.9472880061115355,0.996590227307268
RF,0.9131406001577743,0.8988018593215071,0.9309933702348564,0.9385026737967914,0.9563918211268545,"{'n_estimators': 50, 'max_depth': 10}","['mfcc_mean', 'NDSI', 'wav_detail_lvl5_std', 'mfcc_var', 'mfcc_std', 'mfcc_2']",0.8441330998248686,0.7850162866449512,0.9128787878787878,0.9071310564412274,0.9233698238933841,0.9185606060606061,0.9282296650717703,0.9642313368203346,0.9719188767550702,0.9928286852589642,0.9518716577540107,0.9978130701190017
RF,0.9131312999781641,0.9013610596291461,0.9276074544650396,0.9381207028265852,0.9510790056233187,"{'n_estimators': 100, 'max_depth': 10}","['mfcc_mean', 'spec_kurtosis', 'mfcc_1', 'wav_detail_lvl5_std', 'mfcc_var', 'mfcc_std', 'wav_approx_std']",0.8449197860962567,0.797979797979798,0.8977272727272727,0.91119849335696,0.923943661971831,0.9069124423963134,0.9416267942583733,0.946086657012287,0.9705304518664047,0.9991909385113269,0.9434682964094728,0.9959518665007091
RF,0.9131124729129652,0.9102214730362794,0.9168785376989712,0.9419404125286478,0.9479026069870224,"{'n_estimators': 100, 'max_depth': 10}","['mfcc_mean', 'spec_kurtosis', 'mfcc_1', 'mfcc_std', 'wav_approx_std', 'mfcc_2']",0.8352059925093633,0.825925925925926,0.8446969696969697,0.8964007168800131,0.9291705498602051,0.9055404178019982,0.9540669856459331,0.9501418022315484,0.974960876369327,0.9991980753809142,0.9518716577540107,0.9971653018495059
RF,0.9131124729129652,0.9102214730362794,0.9168785376989712,0.9419404125286478,0.9479026069870224,"{'n_estimators': 100, 'max_depth': 10}","['mfcc_mean', 'spec_kurtosis', 'mfcc_1', 'mfcc_var', 'wav_approx_std', 'mfcc_2']",0.8352059925093633,0.825925925925926,0.8446969696969697,0.8964007168800131,0.9291705498602051,0.9055404178019982,0.9540669856459331,0.9501418022315484,0.974960876369327,0.9991980753809142,0.9518716577540107,0.9971653018495059
RF,0.9130893660628517,0.8937703949127188,0.9396015663043528,0.9373567608861727,0.95525362022248,"{'n_estimators': 50, 'max_depth': 10}","['wav_detail_lvl5_std', 'mfcc_var', 'mfcc_std', 'wav_approx_std', 'mfcc_2']",0.8465430016863407,0.7629179331306991,0.9507575757575758,0.9176346336903775,0.9212295869356388,0.9247830279652844,0.9177033492822967,0.951201815244496,0.9714955095665756,0.9936102236421726,0.9503437738731857,0.9969244117325664
RF,0.9130392163433254,0.9010723345345905,0.9276823967226444,0.9396485867074102,0.9526014936736944,"{'n_estimators': 100, 'max_depth': 10}","['mfcc_mean', 'spec_skew', 'NDSI', 'wav_detail_lvl5_std', 'mfcc_var', 'mfcc_std']",0.8398576512455516,0.7919463087248322,0.8939393939393939,0.8986338151394266,0.9274952919020716,0.9128822984244671,0.9425837320574163,0.9613224214764196,0.971764705882353,0.9983883964544722,0.946524064171123,0.997848244405237
RF,0.9130057495722704,0.9009252023880224,0.9276903265293358,0.9415584415584416,0.9575446346200777,"{'n_estimators': 100, 'max_depth': 10}","['spec_kurtosis', 'NDSI', 'mfcc_var', 'wav_approx_std', 'mfcc_2']",0.8348134991119005,0.7859531772575251,0.8901515151515151,0.9154737041749587,0.9276595744680851,0.9168224299065421,0.938755980861244,0.9594962507766662,0.9765441751368257,1.0,0.9541634835752483,0.9976639489086078
RF,0.9130057495722704,0.9009252023880224,0.9276903265293358,0.9415584415584416,0.9575446346200777,"{'n_estimators': 100, 'max_depth': 10}","['spec_kurtosis', 'NDSI', 'mfcc_std', 'wav_approx_std', 'mfcc_2']",0.8348134991119005,0.7859531772575251,0.8901515151515151,0.9154737041749587,0.9276595744680851,0.9168224299065421,0.938755980861244,0.9594962507766662,0.9765441751368257,1.0,0.9541634835752483,0.9976639489086078
RF,0.9129890213465197,0.8969078272124432,0.933883393867914,0.9362108479755539,0.9496546367342034,"{'n_estimators': 50, 'max_depth': 10}","['spec_skew', 'spec_kurtosis', 'wav_detail_lvl5_std', 'mfcc_var', 'wav_approx_std']",0.8492201039861352,0.7827476038338658,0.928030303030303,0.901717081448465,0.9216241737488197,0.9095992544268406,0.9339712918660287,0.9507786156031347,0.9681227863046045,0.9983766233766234,0.9396485867074102,0.9964682131510102
RF,0.9129890213465197,0.8969078272124432,0.933883393867914,0.9362108479755539,0.9495868169298188,"{'n_estimators': 50, 'max_depth': 10}","['spec_skew', 'spec_kurtosis', 'wav_detail_lvl5_std', 'mfcc_std', 'wav_approx_std']",0.8492201039861352,0.7827476038338658,0.928030303030303,0.9015482562733184,0.9216241737488197,0.9095992544268406,0.9339712918660287,0.9507439813651278,0.9681227863046045,0.9983766233766234,0.9396485867074102,0.9964682131510102
RF,0.9129824782369343,0.910478435639375,0.9164979069777831,0.9411764705882353,0.9461662003803912,"{'n_estimators': 100, 'max_depth': 10}","['mfcc_mean', 'spec_kurtosis', 'mfcc_var', 'wav_approx_std', 'mfcc_2']",0.8367729831144465,0.828996282527881,0.8446969696969697,0.895399345640929,0.9284386617100372,0.9024390243902439,0.9559808612440192,0.9465272018231812,0.973735789886319,1.0,0.9488158899923606,0.9965720536770635
RF,0.9129824782369343,0.910478435639375,0.9164979069777831,0.9411764705882353,0.9461662003803912,"{'n_estimators': 100, 'max_depth': 10}","['mfcc_mean', 'spec_kurtosis', 'mfcc_std', 'wav_approx_std', 'mfcc_2']",0.8367729831144465,0.828996282527881,0.8446969696969697,0.895399345640929,0.9284386617100372,0.9024390243902439,0.9559808612440192,0.9465272018231812,0.973735789886319,1.0,0.9488158899923606,0.9965720536770635
RF,0.9129713932821414,0.9020540443801197,0.9260231684380291,0.9377387318563789,0.9456901301334103,"{'n_estimators': 50, 'max_depth': 5}","['NDSI', 'mfcc_1', 'mfcc_var', 'mfcc_2']",0.8458781362007168,0.8027210884353742,0.8939393939393939,0.9058027499409177,0.9231494578029231,0.9098513011152416,0.9368421052631579,0.9336031332866164,0.9698865858427845,0.9935897435897436,0.9472880061115355,0.9976645071726973
RF,0.9129713932821414,0.9020540443801197,0.9260231684380291,0.9377387318563789,0.9456901301334103,"{'n_estimators': 50, 'max_depth': 5}","['NDSI', 'mfcc_1', 'mfcc_std', 'mfcc_2']",0.8458781362007168,0.8027210884353742,0.8939393939393939,0.9058027499409177,0.9231494578029231,0.9098513011152416,0.9368421052631579,0.9336031332866164,0.9698865858427845,0.9935897435897436,0.9472880061115355,0.9976645071726973
RF,0.9129508109454951,0.9065858937149501,0.9202028020139474,0.9419404125286478,0.9609982855612934,"{'n_estimators': 100, 'max_depth': 10}","['spec_skew', 'spec_kurtosis', 'NDSI', 'mfcc_1', 'mfcc_2']",0.8345588235294118,0.8107142857142857,0.8598484848484849,0.9218174361715049,0.928436911487759,0.9138090824837812,0.9435406698564593,0.9634106491690374,0.9758566978193146,0.9952343129467831,0.9572192513368984,0.997766771343338
RF,0.9129323367189154,0.9061650999452754,0.9211411997015713,0.9396485867074102,0.9510509348928355,"{'n_estimators': 50, 'max_depth': 10}","['mfcc_mean', 'spec_kurtosis', 'NDSI', 'mfcc_var', 'wav_approx_std', 'mfcc_2']",0.8403669724770643,0.8149466192170819,0.8674242424242424,0.901054729173031,0.9263059701492538,0.9035486806187443,0.9502392344497608,0.9549332338737633,0.9721240675304279,1.0,0.9457601222307105,0.9971648416317126
RF,0.9129323367189154,0.9061650999452754,0.9211411997015713,0.9396485867074102,0.951051705470903,"{'n_estimators': 50, 'max_depth': 10}","['mfcc_mean', 'spec_kurtosis', 'NDSI', 'mfcc_std', 'wav_approx_std', 'mfcc_2']",0.8403669724770643,0.8149466192170819,0.8674242424242424,0.901054729173031,0.9263059701492538,0.9035486806187443,0.9502392344497608,0.9549355456079656,0.9721240675304279,1.0,0.9457601222307105,0.9971648416317126
RF,0.9129262055037142,0.9044731728614366,0.9229508709384872,0.9385026737967914,0.945053482378643,"{'n_estimators': 100, 'max_depth': 5}","['spec_kurtosis', 'mfcc_1', 'mfcc_var', 'mfcc_2']",0.8436363636363636,0.8111888111888111,0.8787878787878788,0.907443638019115,0.9245194561650257,0.90625,0.9435406698564593,0.9308923729356321,0.9706227967097533,0.9959807073954984,0.946524064171123,0.9968244361811819
RF,0.9129262055037142,0.9044731728614366,0.9229508709384872,0.9385026737967914,0.945053482378643,"{'n_estimators': 100, 'max_depth': 5}","['spec_kurtosis', 'mfcc_1', 'mfcc_std', 'mfcc_2']",0.8436363636363636,0.8111888111888111,0.8787878787878788,0.907443638019115,0.9245194561650257,0.90625,0.9435406698564593,0.9308923729356321,0.9706227967097533,0.9959807073954984,0.946524064171123,0.9968244361811819
RF,0.9128608476580755,0.8974614607614608,0.9325239346137179,0.9404125286478228,0.9509435085243964,"{'n_estimators': 100, 'max_depth': 10}","['spec_kurtosis', 'NDSI', 'mfcc_1', 'wav_detail_lvl5_std', 'mfcc_var', 'mfcc_std']",0.8368055555555556,0.7724358974358975,0.9128787878787878,0.8902045463190171,0.9271775345073774,0.9223484848484849,0.9320574162679426,0.964566025141729,0.9745994529112935,0.9976,0.9526355996944232,0.998059954112443
RF,0.9128321953869509,0.9006539395486496,0.9277095367652644,0.9358288770053476,0.9497296251158258,"{'n_estimators': 50, 'max_depth': 10}","['mfcc_mean', 'spec_skew', 'mfcc_1', 'wav_detail_lvl5_std', 'mfcc_var', 'mfcc_std', 'wav_approx_std']",0.8505338078291815,0.802013422818792,0.9053030303030303,0.9081713729626778,0.9209039548022598,0.9063948100092678,0.9358851674641149,0.9447250529582528,0.9670588235294117,0.9935535858178888,0.9419404125286478,0.9962924494265467
RF,0.9128168104676617,0.9000944134712489,0.9288488601182099,0.9354469060351414,0.9436540837549826,"{'n_estimators': 100, 'max_depth': 5}","['spec_skew', 'wav_detail_lvl5_std', 'mfcc_var', 'mfcc_2']",0.851063829787234,0.8,0.9090909090909091,0.919959336079812,0.9209171736078615,0.9010989010989011,0.9416267942583733,0.9151717989549772,0.9664694280078896,0.9991843393148451,0.9358288770053476,0.9958311162301589
RF,0.9128168104676617,0.9000944134712489,0.9288488601182099,0.9354469060351414,0.9436532740894009,"{'n_estimators': 100, 'max_depth': 5}","['spec_skew', 'wav_detail_lvl5_std', 'mfcc_std', 'mfcc_2']",0.851063829787234,0.8,0.9090909090909091,0.919959336079812,0.9209171736078615,0.9010989010989011,0.9416267942583733,0.9151705499993097,0.9664694280078896,0.9991843393148451,0.9358288770053476,0.9958299361890813
RF,0.9128146227293731,0.9009670874246903,0.9271810319023941,0.9407944996180291,0.9553918235485009,"{'n_estimators': 100, 'max_depth': 10}","['spec_skew', 'spec_kurtosis', 'NDSI', 'mfcc_1', 'mfcc_var', 'wav_approx_std', 'mfcc_2']",0.8362989323843416,0.7885906040268457,0.8901515151515151,0.908058972820593,0.9267831837505904,0.9151119402985075,0.938755980861244,0.9602780241407944,0.9753617520531873,0.999198717948718,0.9526355996944232,0.9978384736841154
RF,0.9128146227293731,0.9009670874246903,0.9271810319023941,0.9407944996180291,0.9553922998384204,"{'n_estimators': 100, 'max_depth': 10}","['spec_skew', 'spec_kurtosis', 'NDSI', 'mfcc_1', 'mfcc_std', 'wav_approx_std', 'mfcc_2']",0.8362989323843416,0.7885906040268457,0.8901515151515151,0.908058972820593,0.9267831837505904,0.9151119402985075,0.938755980861244,0.9602788433210356,0.9753617520531873,0.999198717948718,0.9526355996944232,0.9978390833736325
RF,0.9127947318072475,0.9095903686635088,0.9174740550127547,0.9365928189457601,0.9335618268070697,"{'n_estimators': 50, 'max_depth': 5}","['mfcc_mean', 'spec_kurtosis', 'mfcc_var', 'mfcc_std', 'mfcc_2']",0.8485981308411215,0.8376383763837638,0.8598484848484849,0.8809055038923033,0.9232902033271719,0.8927613941018767,0.9559808612440192,0.9234120438495068,0.966495861253449,0.998371335504886,0.9365928189457601,0.996367932679399
RF,0.9127927078422128,0.9013550417835953,0.9265967950178476,0.9385026737967914,0.9551166324836092,"{'n_estimators': 100, 'max_depth': 10}","['mfcc_mean', 'NDSI', 'mfcc_1', 'wav_detail_lvl5_std', 'mfcc_var', 'mfcc_std', 'wav_approx_std', 'mfcc_2']",0.8428571428571429,0.7972972972972973,0.8939393939393939,0.9100786357443484,0.9240924092409241,0.9107806691449815,0.937799043062201,0.9578039370817806,0.9714285714285714,0.9959871589085072,0.948051948051948,0.9974673246246986
RF,0.9127702694854182,0.9026443536988471,0.9248785957764286,0.9358288770053476,0.9500772774122148,"{'n_estimators': 50, 'max_depth': None}","['mfcc_mean', 'spec_skew', 'spec_kurtosis', 'mfcc_1', 'wav_detail_lvl5_std', 'wav_approx_std']",0.8504504504504504,0.8109965635738832,0.8939393939393939,0.9039455642704284,0.9215594175669328,0.9049815498154982,0.938755980861244,0.951809705377952,0.9663009404388715,0.9919549477071601,0.9419404125286478,0.994476562588264
RF,0.9127454088852237,0.899941045197223,0.928376645714107,0.9415584415584416,0.9527668532057403,"{'n_estimators': 100, 'max_depth': 10}","['NDSI', 'mfcc_1', 'mfcc_var', 'mfcc_std', 'wav_approx_std', 'mfcc_2']",0.833922261484099,0.7814569536423841,0.8939393939393939,0.9025009945618973,0.9273159144893112,0.9207547169811321,0.9339712918660287,0.9579445267468367,0.9769980506822612,0.9976114649681529,0.9572192513368984,0.9978550383084869
RF,0.9127333957179831,0.8986069022377046,0.9305000469087158,0.9385026737967914,0.9534246790435482,"{'n_estimators': 50, 'max_depth': 10}","['spec_skew', 'NDSI', 'mfcc_var', 'wav_approx_std']",0.8421052631578947,0.7843137254901961,0.9090909090909091,0.8985320576320596,0.9239489844119037,0.9123134328358209,0.9358851674641149,0.9635615820580151,0.9721459395841506,0.9991935483870967,0.946524064171123,0.9981803974405703
RF,0.9127333957179831,0.8986069022377046,0.9305000469087158,0.9385026737967914,0.9534297959855209,"{'n_estimators': 50, 'max_depth': 10}","['spec_skew', 'NDSI', 'mfcc_std', 'wav_approx_std']",0.8421052631578947,0.7843137254901961,0.9090909090909091,0.8985320576320596,0.9239489844119037,0.9123134328358209,0.9358851674641149,0.963576932883933,0.9721459395841506,0.9991935483870967,0.946524064171123,0.9981803974405703
RF,0.9125817158846342,0.8930213199722387,0.9394649725919076,0.9354469060351414,0.9595265889496517,"{'n_estimators': 100, 'max_depth': 10}","['mfcc_1', 'wav_detail_lvl5_std', 'wav_approx_std', 'mfcc_2']",0.8499156829679595,0.7659574468085106,0.9545454545454546,0.9289784983671583,0.9191774270683883,0.9187380497131931,0.9196172248803828,0.9529035482077441,0.9686520376175548,0.9943684633950121,0.9442322383498855,0.9966977202740528
RF,0.9125562274852722,0.9061334436368962,0.9197955896872306,0.9388846447669977,0.9375874593086481,"{'n_estimators': 50, 'max_depth': 10}","['mfcc_mean', 'spec_skew', 'spec_kurtosis', 'mfcc_1', 'mfcc_var', 'mfcc_std', 'mfcc_2']",0.8419117647058824,0.8178571428571428,0.8674242424242424,0.861480530952538,0.9245283018867925,0.9116279069767442,0.937799043062201,0.9542122120076267,0.9712286158631416,0.9889152810768013,0.9541634835752483,0.9970696349657795
RF,0.9125334315328294,0.9004849801811626,0.9272884751986918,0.9377387318563789,0.9506497046286002,"{'n_estimators': 100, 'max_depth': 10}","['mfcc_mean', 'spec_kurtosis', 'NDSI', 'mfcc_1', 'wav_detail_lvl5_std']",0.8434163701067615,0.7953020134228188,0.8977272727272727,0.8954759461947384,0.9251764705882353,0.9101851851851852,0.9406698564593301,0.9589632008262636,0.9690074539034915,0.9959677419354839,0.9434682964094728,0.9975099668647986
RF,0.9124611672833284,0.9088456018374694,0.9170582427548372,0.9407944996180291,0.9464067979314971,"{'n_estimators': 50, 'max_depth': 10}","['mfcc_mean', 'spec_skew', 'mfcc_1', 'mfcc_var', 'wav_approx_std', 'mfcc_2']",0.835820895522388,0.8235294117647058,0.8484848484848485,0.889611194200531,0.927806241266884,0.9038112522686026,0.9531100478468899,0.9522082888228577,0.9737563650607128,0.9991961414790996,0.9495798319327731,0.9974009107711024
RF,0.9124611672833284,0.9088456018374694,0.9170582427548372,0.9407944996180291,0.946406797931497,"{'n_estimators': 50, 'max_depth': 10}","['mfcc_mean', 'spec_skew', 'mfcc_1', 'mfcc_std', 'wav_approx_std', 'mfcc_2']",0.835820895522388,0.8235294117647058,0.8484848484848485,0.889611194200531,0.927806241266884,0.9038112522686026,0.9531100478468899,0.9522082888228577,0.9737563650607128,0.9991961414790996,0.9495798319327731,0.9974009107711023
RF,0.9124113582738164,0.8932388745142328,0.9387998740165923,0.9385026737967914,0.948400230950242,"{'n_estimators': 50, 'max_depth': 10}","['spec_kurtosis', 'NDSI', 'wav_detail_lvl5_std', 'mfcc_var', 'mfcc_std']",0.8397976391231029,0.756838905775076,0.9431818181818182,0.8834019408675948,0.9248444231689804,0.9252873563218391,0.9244019138755981,0.9637571377138658,0.9725920125293657,0.9975903614457832,0.9488158899923606,0.9980416142692653
RF,0.9124060988745727,0.9059345461030855,0.9200555979967745,0.9385026737967914,0.942010388415259,"{'n_estimators': 100, 'max_depth': 5}","['spec_skew', 'spec_kurtosis', 'mfcc_var', 'mfcc_std', 'mfcc_2']",0.8419117647058824,0.8178571428571428,0.8674242424242424,0.9068176037228873,0.9246607393542349,0.9047619047619048,0.9454545454545454,0.9240318677082991,0.9706457925636007,0.9951845906902087,0.9472880061115355,0.9951816938145905
RF,0.9123659220609115,0.9040487083307632,0.9225894504532276,0.932009167303285,0.9424502015922789,"{'n_estimators': 100, 'max_depth': 5}","['mfcc_1', 'mfcc_var', 'mfcc_std', 'mfcc_2']",0.8597449908925319,0.8280701754385965,0.8939393939393939,0.9121687183373506,0.9171322160148976,0.8930190389845875,0.9425837320574163,0.9201799100967184,0.9602205592753053,0.9910569105691057,0.9312452253628725,0.9950019763427675
RF,0.9123422746269058,0.9058772462297418,0.9197982701852672,0.9385026737967914,0.9490034489198349,"{'n_estimators': 100, 'max_depth': 10}","['mfcc_mean', 'spec_skew', 'spec_kurtosis', 'NDSI', 'mfcc_1', 'mfcc_2']",0.8419117647058824,0.8178571428571428,0.8674242424242424,0.8886425793261017,0.9243776420854861,0.9077490774907749,0.9416267942583733,0.9606639938848648,0.9707374170893485,0.9920255183413078,0.9503437738731857,0.9977037735485381
RF,0.9123180513737189,0.8923969448622319,0.9399663374121578,0.9343009931245225,0.9419535820341217,"{'n_estimators': 100, 'max_depth': 5}","['mfcc_1', 'wav_detail_lvl5_std', 'mfcc_std', 'mfcc_2']",0.8518518518518519,0.7666666666666667,0.9583333333333334,0.9101685969574265,0.9181731684110371,0.912961210974456,0.9234449760765551,0.9185498495209039,0.9669291338582677,0.9975629569455727,0.9381207028265852,0.9971422996240349
RF,0.9123180513737189,0.8923969448622319,0.9399663374121578,0.9343009931245225,0.9419539763127519,"{'n_estimators': 100, 'max_depth': 5}","['mfcc_1', 'wav_detail_lvl5_std', 'mfcc_var', 'mfcc_2']",0.8518518518518519,0.7666666666666667,0.9583333333333334,0.9101685969574265,0.9181731684110371,0.912961210974456,0.9234449760765551,0.9185510323567943,0.9669291338582677,0.9975629569455727,0.9381207028265852,0.9971422996240349
RF,0.9122822188911313,0.8941997510354938,0.9365962812557239,0.9377387318563789,0.9490950019365226,"{'n_estimators': 100, 'max_depth': 10}","['spec_skew', 'NDSI', 'wav_detail_lvl5_std', 'mfcc_var']",0.8415672913117547,0.7647058823529411,0.9356060606060606,0.885380955623071,0.9243217515468825,0.9195075757575758,0.9291866028708134,0.964365752166956,0.9709576138147566,0.9983857949959645,0.944996180290298,0.9975382980195409
RF,0.9122822188911313,0.8941997510354938,0.9365962812557239,0.9377387318563789,0.949064340327603,"{'n_estimators': 100, 'max_depth': 10}","['spec_skew', 'NDSI', 'wav_detail_lvl5_std', 'mfcc_std']",0.8415672913117547,0.7647058823529411,0.9356060606060606,0.8852591205320588,0.9243217515468825,0.9195075757575758,0.9291866028708134,0.9643872208228182,0.9709576138147566,0.9983857949959645,0.944996180290298,0.9975466796279318
RF,0.9122792031318605,0.8930025173801918,0.9387865832138278,0.9373567608861727,0.94058007635974,"{'n_estimators': 100, 'max_depth': 5}","['NDSI', 'mfcc_1', 'wav_detail_lvl5_std']",0.8431703204047217,0.7598784194528876,0.946969696969697,0.8821358683997543,0.921455938697318,0.9223394055608821,0.9205741626794258,0.9415974191217017,0.9722113502935421,0.9967897271268058,0.9488158899923606,0.9980069415577636
RF,0.9121686113976847,0.8986877077778875,0.9288647197315928,0.9392666157372039,0.9399883399190738,"{'n_estimators': 50, 'max_depth': 10}","['mfcc_1', 'mfcc_var', 'mfcc_std', 'wav_approx_std', 'mfcc_2']",0.8380281690140845,0.7828947368421053,0.9015151515151515,0.8983236909449587,0.9246802463287541,0.9155722326454033,0.9339712918660287,0.9254888983890065,0.9737974188502151,0.9975961538461539,0.9511077158135982,0.9961524304232565
RF,0.9121488757785515,0.9096654275092937,0.9157339650373707,0.9400305576776165,0.943850382089643,"{'n_estimators': 100, 'max_depth': 10}","['mfcc_mean', 'spec_skew', 'mfcc_1', 'wav_approx_std', 'mfcc_2']",0.8367729831144465,0.828996282527881,0.8446969696969697,0.8908165923770631,0.9271461716937355,0.9,0.9559808612440192,0.9442477243318168,0.9725274725274725,1.0,0.946524064171123,0.996486829560049
RF,0.9121243600343849,0.8993927629452604,0.9276876460312993,0.9419404125286478,0.9551430936229025,"{'n_estimators': 100, 'max_depth': 10}","['spec_skew', 'NDSI', 'mfcc_1', 'mfcc_var', 'wav_approx_std', 'mfcc_2']",0.8303886925795053,0.7781456953642384,0.8901515151515151,0.9051774201546701,0.9278252611585945,0.9208294062205467,0.9349282296650717,0.9621474210652396,0.9781591263650546,0.999203187250996,0.957983193277311,0.9981044396487981
RF,0.9121243600343849,0.8993927629452604,0.9276876460312993,0.9419404125286478,0.955142447153659,"{'n_estimators': 100, 'max_depth': 10}","['spec_skew', 'NDSI', 'mfcc_1', 'mfcc_std', 'wav_approx_std', 'mfcc_2']",0.8303886925795053,0.7781456953642384,0.8901515151515151,0.9051754807469392,0.9278252611585945,0.9208294062205467,0.9349282296650717,0.9621474210652395,0.9781591263650546,0.999203187250996,0.957983193277311,0.9981044396487981
RF,0.9121075726652625,0.9016294161471109,0.9247227918280551,0.9396485867074102,0.9545955165539682,"{'n_estimators': 100, 'max_depth': 10}","['mfcc_mean', 'spec_kurtosis', 'NDSI', 'mfcc_1', 'wav_detail_lvl5_std', 'mfcc_2']",0.8366247755834829,0.7952218430034129,0.8825757575757576,0.911477113554644,0.927127409496944,0.911275415896488,0.9435406698564593,0.9553098280962242,0.9725705329153606,0.998390989541432,0.948051948051948,0.9969996080110364
RF,0.9120896541907489,0.9016941607686793,0.9246239484629578,0.9354469060351414,0.9495934391621899,"{'n_estimators': 50, 'max_depth': 5}","['NDSI', 'mfcc_1', 'mfcc_var', 'mfcc_std', 'mfcc_2']",0.8489208633093526,0.8082191780821918,0.8939393939393939,0.9128697423125116,0.9206945096198967,0.9033149171270718,0.938755980861244,0.9380013839871212,0.9666535896429973,0.9935483870967742,0.9411764705882353,0.9979091911869369
RF,0.9120702222983614,0.9027083460630049,0.9230635635434398,0.9377387318563789,0.9550063285350848,"{'n_estimators': 50, 'max_depth': 10}","['mfcc_mean', 'spec_kurtosis', 'wav_detail_lvl5_std', 'mfcc_var', 'mfcc_std', 'wav_approx_std', 'mfcc_2']",0.8426763110307414,0.8062283737024222,0.8825757575757576,0.9134076364729844,0.9232218558643429,0.9090909090909091,0.937799043062201,0.9544566261962452,0.9703125,0.9928057553956835,0.9488158899923606,0.9971547229360249
RF,0.9120544278304648,0.9065990524161456,0.9185383244206774,0.9377387318563789,0.9557303456857095,"{'n_estimators': 50, 'max_depth': 10}","['mfcc_mean', 'spec_skew', 'mfcc_1', 'wav_detail_lvl5_std', 'mfcc_std', 'wav_approx_std', 'mfcc_2']",0.8428835489833642,0.8231046931407943,0.8636363636363636,0.9164898652645552,0.9237961664329126,0.903107861060329,0.9454545454545454,0.9534190435162275,0.9694835680751174,0.9935846030473136,0.946524064171123,0.9972821282763459
RF,0.9120544278304648,0.9065990524161456,0.9185383244206774,0.9377387318563789,0.9557303456857095,"{'n_estimators': 50, 'max_depth': 10}","['mfcc_mean', 'spec_skew', 'mfcc_1', 'wav_detail_lvl5_std', 'mfcc_var', 'wav_approx_std', 'mfcc_2']",0.8428835489833642,0.8231046931407943,0.8636363636363636,0.9164898652645552,0.9237961664329126,0.903107861060329,0.9454545454545454,0.9534190435162275,0.9694835680751174,0.9935846030473136,0.946524064171123,0.9972821282763459
RF,0.9120483462684806,0.90006570087081,0.9265536836744267,0.9415584415584416,0.9491855323703421,"{'n_estimators': 100, 'max_depth': 10}","['spec_kurtosis', 'mfcc_var', 'wav_approx_std', 'mfcc_2']",0.8312611012433393,0.782608695652174,0.8863636363636364,0.9078273680552122,0.9275225011842728,0.9183864915572233,0.9368421052631579,0.9430730810110317,0.9773614363778298,0.9992019154030327,0.9564553093964858,0.9966561480447822
RF,0.9120483462684806,0.90006570087081,0.9265536836744267,0.9415584415584416,0.9491884682811338,"{'n_estimators': 100, 'max_depth': 10}","['spec_kurtosis', 'mfcc_std', 'wav_approx_std', 'mfcc_2']",0.8312611012433393,0.782608695652174,0.8863636363636364,0.9078273680552122,0.9275225011842728,0.9183864915572233,0.9368421052631579,0.9430806732454191,0.9773614363778298,0.9992019154030327,0.9564553093964858,0.99665736354277
RF,0.9119928368746054,0.8984720184310045,0.9288674002296293,0.9388846447669977,0.9539182912030603,"{'n_estimators': 100, 'max_depth': 10}","['mfcc_mean', 'NDSI', 'wav_detail_lvl5_std', 'mfcc_var', 'mfcc_std', 'wav_approx_std']",0.8380281690140845,0.7828947368421053,0.9015151515151515,0.906614503783357,0.9254013220018886,0.9133271202236719,0.937799043062201,0.9575558216226355,0.9725490196078431,0.9991941982272361,0.9472880061115355,0.9975845482031883
RF,0.9119377367851683,0.894518137318626,0.9350683973748989,0.9354469060351414,0.946028362475098,"{'n_estimators': 100, 'max_depth': 5}","['mfcc_mean', 'NDSI', 'mfcc_1', 'wav_detail_lvl5_std', 'mfcc_std', 'mfcc_2']",0.8473413379073756,0.774294670846395,0.9356060606060606,0.9178931480991921,0.9199431549028896,0.9108818011257036,0.9291866028708134,0.922523181369758,0.96852871754524,0.9983779399837794,0.9404125286478228,0.9976687579563441
RF,0.9119377367851683,0.894518137318626,0.9350683973748989,0.9354469060351414,0.946028362475098,"{'n_estimators': 100, 'max_depth': 5}","['mfcc_mean', 'NDSI', 'mfcc_1', 'wav_detail_lvl5_std', 'mfcc_var', 'mfcc_2']",0.8473413379073756,0.774294670846395,0.9356060606060606,0.9178931480991921,0.9199431549028896,0.9108818011257036,0.9291866028708134,0.922523181369758,0.96852871754524,0.9983779399837794,0.9404125286478228,0.9976687579563441
RF,0.9118882961893581,0.8991236894261917,0.9275059306019058,0.9343009931245225,0.9436527841156986,"{'n_estimators': 100, 'max_depth': None}","['mfcc_mean', 'spec_skew', 'spec_kurtosis', 'wav_detail_lvl5_std', 'mfcc_var', 'mfcc_std']",0.851063829787234,0.8,0.9090909090909091,0.890090486315515,0.9202453987730062,0.9078212290502793,0.9330143540669856,0.9476794496973862,0.9643556600078339,0.9895498392282959,0.9404125286478228,0.9931884163341946
RF,0.9118765645937549,0.9065069467235533,0.9184362421204527,0.9400305576776165,0.9504395212991835,"{'n_estimators': 50, 'max_depth': 10}","['mfcc_mean', 'spec_kurtosis', 'NDSI', 'mfcc_std', 'wav_approx_std']",0.8354898336414048,0.8158844765342961,0.8560606060606061,0.8969445848216634,0.9268065268065268,0.9036363636363637,0.9511961722488038,0.9568230630267986,0.9733333333333334,1.0,0.948051948051948,0.9975509160490885
RF,0.9118765645937549,0.9065069467235533,0.9184362421204527,0.9400305576776165,0.9504395212991835,"{'n_estimators': 50, 'max_depth': 10}","['mfcc_mean', 'spec_kurtosis', 'NDSI', 'mfcc_var', 'wav_approx_std']",0.8354898336414048,0.8158844765342961,0.8560606060606061,0.8969445848216634,0.9268065268065268,0.9036363636363637,0.9511961722488038,0.9568230630267986,0.9733333333333334,1.0,0.948051948051948,0.9975509160490885
RF,0.9118680133663709,0.904136415334753,0.9212565728045604,0.9385026737967914,0.9520800282752097,"{'n_estimators': 50, 'max_depth': 10}","['mfcc_mean', 'spec_kurtosis', 'NDSI', 'mfcc_1', 'wav_approx_std', 'mfcc_2']",0.8394160583941606,0.8098591549295775,0.8712121212121212,0.90439531480488,0.9248716752216519,0.9025500910746812,0.9483253588516747,0.9547604402282759,0.9713163064833006,1.0,0.9442322383498855,0.9970843297924731
RF,0.9118128747383354,0.8974662048800696,0.9298620883760202,0.9377387318563789,0.9518029151264468,"{'n_estimators': 100, 'max_depth': 10}","['mfcc_mean', 'NDSI', 'mfcc_1', 'wav_detail_lvl5_std', 'mfcc_std']",0.840630472854641,0.7817589576547231,0.9090909090909091,0.8977566027666827,0.9238050165641268,0.9138576779026217,0.9339712918660287,0.9598012083608969,0.9710031347962382,0.996781979082864,0.946524064171123,0.9978509342517605
RF,0.9118128747383354,0.8974662048800696,0.9298620883760202,0.9377387318563789,0.9517997362986078,"{'n_estimators': 100, 'max_depth': 10}","['mfcc_mean', 'NDSI', 'mfcc_1', 'wav_detail_lvl5_std', 'mfcc_var']",0.840630472854641,0.7817589576547231,0.9090909090909091,0.8977492761428262,0.9238050165641268,0.9138576779026217,0.9339712918660287,0.9597989985012367,0.9710031347962382,0.996781979082864,0.946524064171123,0.9978509342517605
RF,0.9117564680826935,0.9081616979216754,0.9163049111191527,0.9411764705882353,0.9522872851903389,"{'n_estimators': 100, 'max_depth': 10}","['mfcc_mean', 'spec_skew', 'NDSI', 'mfcc_var', 'mfcc_std', 'wav_approx_std']",0.832089552238806,0.8198529411764706,0.8446969696969697,0.8997490893414505,0.9282385834109972,0.9046321525885559,0.9531100478468899,0.959250085530069,0.9749412685982772,1.0,0.9511077158135982,0.9978626806994971
RF,0.9117288782858246,0.9073785575222181,0.916916288046319,0.9396485867074102,0.9529479401762632,"{'n_estimators': 100, 'max_depth': 10}","['mfcc_mean', 'spec_kurtosis', 'NDSI', 'mfcc_1', 'mfcc_var', 'mfcc_std', 'wav_approx_std']",0.8364312267657993,0.8211678832116789,0.8522727272727273,0.8993228104741332,0.9260991580916744,0.9057639524245197,0.9473684210526315,0.9612040307891482,0.97265625,0.9952038369304557,0.9511077158135982,0.9983169792655082
RF,0.9116996872424062,0.9092098747173804,0.9151709487622801,0.9407944996180291,0.9530307864487927,"{'n_estimators': 100, 'max_depth': 10}","['mfcc_mean', 'spec_kurtosis', 'NDSI', 'mfcc_1', 'mfcc_var', 'wav_approx_std']",0.8330206378986866,0.8252788104089219,0.8409090909090909,0.900709647334095,0.9279404927940493,0.9023508137432188,0.9550239234449761,0.9602034774318651,0.9741379310344828,1.0,0.9495798319327731,0.9981792345804179
RF,0.9116996872424062,0.9092098747173804,0.9151709487622801,0.9407944996180291,0.9530307864487927,"{'n_estimators': 100, 'max_depth': 10}","['mfcc_mean', 'spec_kurtosis', 'NDSI', 'mfcc_1', 'mfcc_std', 'wav_approx_std']",0.8330206378986866,0.8252788104089219,0.8409090909090909,0.900709647334095,0.9279404927940493,0.9023508137432188,0.9550239234449761,0.9602034774318651,0.9741379310344828,1.0,0.9495798319327731,0.9981792345804179
RF,0.911695710924476,0.9034290607379187,0.9212618221132153,0.9407944996180291,0.9519997542091913,"{'n_estimators': 50, 'max_depth': 10}","['mfcc_mean', 'spec_skew', 'NDSI', 'mfcc_var', 'mfcc_std', 'wav_approx_std', 'mfcc_2']",0.8327272727272728,0.8006993006993007,0.8674242424242424,0.8998089077468902,0.9269212635549269,0.9135687732342007,0.9406698564593301,0.9585565431209677,0.9754385964912281,0.9960191082802548,0.9556913674560733,0.9976338117597158
RF,0.9116871010717374,0.8920673040997483,0.9388403048619768,0.9358288770053476,0.935707582297942,"{'n_estimators': 100, 'max_depth': 5}","['NDSI', 'mfcc_1', 'wav_detail_lvl5_std', 'mfcc_std']",0.8451178451178452,0.7606060606060606,0.9507575757575758,0.8791448536506814,0.9197707736389685,0.9180171591992373,0.9215311004784689,0.9299607276842733,0.9701726844583988,0.9975786924939467,0.9442322383498855,0.9980171655588714
RF,0.9116871010717374,0.8920673040997483,0.9388403048619768,0.9358288770053476,0.9357077863382987,"{'n_estimators': 100, 'max_depth': 5}","['NDSI', 'mfcc_1', 'wav_detail_lvl5_std', 'mfcc_var']",0.8451178451178452,0.7606060606060606,0.9507575757575758,0.8791448536506814,0.9197707736389685,0.9180171591992373,0.9215311004784689,0.9299607276842733,0.9701726844583988,0.9975786924939467,0.9442322383498855,0.9980177776799413
RF,0.9116691192873684,0.9050113440302244,0.9194521508762995,0.9419404125286478,0.9507498064601426,"{'n_estimators': 50, 'max_depth': 10}","['mfcc_mean', 'spec_skew', 'NDSI', 'mfcc_1', 'mfcc_std', 'wav_approx_std', 'mfcc_2']",0.8293577981651377,0.8042704626334519,0.8560606060606061,0.8968741911455459,0.9287054409005628,0.9107635694572217,0.9473684210526315,0.957689119388184,0.9769441187964049,1.0,0.9549274255156608,0.997686108846698
RF,0.9116691192873684,0.9050113440302244,0.9194521508762995,0.9419404125286478,0.9507636571435971,"{'n_estimators': 50, 'max_depth': 10}","['mfcc_mean', 'spec_skew', 'NDSI', 'mfcc_1', 'mfcc_var', 'wav_approx_std', 'mfcc_2']",0.8293577981651377,0.8042704626334519,0.8560606060606061,0.8968741911455459,0.9287054409005628,0.9107635694572217,0.9473684210526315,0.9577216922126076,0.9769441187964049,1.0,0.9549274255156608,0.9976950880726378
RF,0.9116681872430034,0.9026473953294429,0.922634572170176,0.9377387318563789,0.9521665086818607,"{'n_estimators': 50, 'max_depth': 10}","['mfcc_mean', 'spec_skew', 'wav_detail_lvl5_std', 'mfcc_var', 'mfcc_std', 'wav_approx_std']",0.8405797101449275,0.8055555555555556,0.8787878787878788,0.9102052452356091,0.9242990654205607,0.9031963470319635,0.9464114832535885,0.9497877451533427,0.970125786163522,0.9991902834008097,0.9427043544690603,0.9965065356566303
RF,0.9116632762674354,0.8953016256759466,0.9329370663735989,0.9365928189457601,0.9503484737280532,"{'n_estimators': 100, 'max_depth': 10}","['spec_skew', 'spec_kurtosis', 'NDSI', 'wav_detail_lvl5_std', 'mfcc_std']",0.842832469775475,0.7746031746031746,0.9242424242424242,0.8895133301761382,0.9231499051233396,0.9153339604891816,0.9311004784688995,0.9639482838463553,0.9690074539034915,0.9959677419354839,0.9434682964094728,0.9975838071616661
RF,0.9116632762674354,0.8953016256759466,0.9329370663735989,0.9365928189457601,0.9503797962054583,"{'n_estimators': 100, 'max_depth': 10}","['spec_skew', 'spec_kurtosis', 'NDSI', 'wav_detail_lvl5_std', 'mfcc_var']",0.842832469775475,0.7746031746031746,0.9242424242424242,0.8895904591625569,0.9231499051233396,0.9153339604891816,0.9311004784688995,0.9639651222921521,0.9690074539034915,0.9959677419354839,0.9434682964094728,0.9975838071616661
RF,0.9116115616586647,0.8968522356762785,0.9303713830029618,0.9385026737967914,0.9530100704993251,"{'n_estimators': 100, 'max_depth': 10}","['spec_skew', 'NDSI', 'mfcc_1', 'wav_approx_std']",0.837696335078534,0.7766990291262136,0.9090909090909091,0.8982670250702516,0.9238050165641268,0.9138576779026217,0.9339712918660287,0.9624842333388977,0.9733333333333334,1.0,0.948051948051948,0.9982789530888259
RF,0.9115669558850586,0.9054604518342436,0.918857303687025,0.9381207028265852,0.954486630321807,"{'n_estimators': 100, 'max_depth': 10}","['mfcc_mean', 'spec_kurtosis', 'wav_detail_lvl5_std', 'mfcc_var', 'wav_approx_std', 'mfcc_2']",0.8397790055248618,0.8172043010752689,0.8636363636363636,0.9118086688280418,0.9242990654205607,0.9031963470319635,0.9464114832535885,0.9543964284483328,0.9706227967097533,0.9959807073954984,0.946524064171123,0.9972547936890468
RF,0.911544688641957,0.9010146584113601,0.9242645383512257,0.9377387318563789,0.9485557706591945,"{'n_estimators': 50, 'max_depth': 10}","['mfcc_mean', 'spec_skew', 'spec_kurtosis', 'NDSI', 'wav_detail_lvl5_std', 'wav_approx_std', 'mfcc_2']",0.8402154398563735,0.7986348122866894,0.8863636363636364,0.9028633655784611,0.923438233912635,0.9068265682656826,0.9406698564593301,0.9469624336611293,0.9709803921568627,0.9975825946817083,0.9457601222307105,0.9958415127379929
RF,0.9115240543679975,0.8975251362100951,0.9293448639423872,0.935064935064935,0.9296249435922643,"{'n_estimators': 100, 'max_depth': 5}","['spec_skew', 'mfcc_1', 'wav_detail_lvl5_std', 'mfcc_var']",0.8471001757469244,0.7901639344262295,0.9128787878787878,0.8829514652291246,0.92018779342723,0.9032258064516129,0.937799043062201,0.9099555591542579,0.9672841939298384,0.999185667752443,0.9373567608861727,0.9959678063934108
RF,0.9115240543679975,0.8975251362100951,0.9293448639423872,0.935064935064935,0.9296249435922643,"{'n_estimators': 100, 'max_depth': 5}","['spec_skew', 'mfcc_1', 'wav_detail_lvl5_std', 'mfcc_std']",0.8471001757469244,0.7901639344262295,0.9128787878787878,0.8829514652291246,0.92018779342723,0.9032258064516129,0.937799043062201,0.9099555591542579,0.9672841939298384,0.999185667752443,0.9373567608861727,0.9959678063934108
RF,0.9114768008710826,0.9046985582999163,0.9196106353227096,0.9377387318563789,0.9542869739250938,"{'n_estimators': 100, 'max_depth': 10}","['mfcc_mean', 'spec_skew', 'mfcc_1', 'wav_detail_lvl5_std', 'wav_approx_std', 'mfcc_2']",0.8403669724770643,0.8149466192170819,0.8674242424242424,0.9122762604769301,0.9238673517048108,0.9023722627737226,0.9464114832535885,0.9536685456673675,0.9701960784313726,0.9967767929089444,0.944996180290298,0.996916115630984
RF,0.9114275760338604,0.9030230421207864,0.9211762695508825,0.9377387318563789,0.9353761880409613,"{'n_estimators': 100, 'max_depth': 10}","['mfcc_mean', 'spec_skew', 'spec_kurtosis', 'NDSI', 'mfcc_var', 'mfcc_std']",0.84,0.8076923076923077,0.875,0.8491688452791912,0.9251059821008007,0.9109461966604824,0.939712918660287,0.9593419632342046,0.9691767460007803,0.9904306220095693,0.9488158899923606,0.9976177556094884
RF,0.9114209805345223,0.8955888757069018,0.9317360915658129,0.9365928189457601,0.9505642877816882,"{'n_estimators': 100, 'max_depth': 10}","['spec_skew', 'spec_kurtosis', 'NDSI', 'wav_detail_lvl5_std', 'mfcc_var', 'mfcc_std']",0.8422876949740035,0.7763578274760383,0.9204545454545454,0.8883620318563431,0.922491678554446,0.9168241965973535,0.9282296650717703,0.9654285589380807,0.9694835680751174,0.9935846030473136,0.946524064171123,0.9979022725506412
RF,0.9114178686581572,0.8921201464956824,0.9379583093205385,0.9362108479755539,0.9355180732345438,"{'n_estimators': 100, 'max_depth': 5}","['NDSI', 'wav_detail_lvl5_std', 'mfcc_var']",0.8431703204047217,0.7598784194528876,0.946969696969697,0.8795486975982004,0.9200574437529918,0.9204980842911877,0.9196172248803828,0.9291944550343352,0.971025841816758,0.9959839357429718,0.9472880061115355,0.9978110670710956
RF,0.9114178686581572,0.8921201464956824,0.9379583093205385,0.9362108479755539,0.9355180732345438,"{'n_estimators': 100, 'max_depth': 5}","['NDSI', 'wav_detail_lvl5_std', 'mfcc_std']",0.8431703204047217,0.7598784194528876,0.946969696969697,0.8795486975982004,0.9200574437529918,0.9204980842911877,0.9196172248803828,0.9291944550343352,0.971025841816758,0.9959839357429718,0.9472880061115355,0.9978110670710956
RF,0.9114138386037359,0.8989635376446432,0.9267254589236013,0.9385026737967914,0.9521507848104468,"{'n_estimators': 100, 'max_depth': 10}","['mfcc_mean', 'spec_skew', 'NDSI', 'wav_detail_lvl5_std', 'mfcc_var']",0.8368794326241135,0.7866666666666666,0.8939393939393939,0.8972290202814456,0.9259783121169259,0.912639405204461,0.939712918660287,0.9615777433354834,0.9713837710701686,0.9975845410628019,0.946524064171123,0.9976455908144114
RF,0.9114138386037359,0.8989635376446432,0.9267254589236013,0.9385026737967914,0.9521537764462197,"{'n_estimators': 100, 'max_depth': 10}","['mfcc_mean', 'spec_skew', 'NDSI', 'wav_detail_lvl5_std', 'mfcc_std']",0.8368794326241135,0.7866666666666666,0.8939393939393939,0.8972290202814456,0.9259783121169259,0.912639405204461,0.939712918660287,0.961586718242802,0.9713837710701686,0.9975845410628019,0.946524064171123,0.9976455908144114
RF,0.9113733256939195,0.8949000303920404,0.9329907880217477,0.935064935064935,0.9364987597392868,"{'n_estimators': 50, 'max_depth': 5}","['mfcc_mean', 'mfcc_1', 'wav_detail_lvl5_std', 'mfcc_var', 'mfcc_std', 'wav_approx_std', 'mfcc_2']",0.846286701208981,0.7777777777777778,0.928030303030303,0.9001377532332006,0.9197355996222851,0.907735321528425,0.9320574162679426,0.9121680766271617,0.9680976762504924,0.9991869918699187,0.9388846447669977,0.9971904493574978
RF,0.9113542593981411,0.8999792442473172,0.9252725173003812,0.9377387318563789,0.9499804867110124,"{'n_estimators': 100, 'max_depth': 10}","['spec_skew', 'spec_kurtosis', 'mfcc_1', 'wav_approx_std', 'mfcc_2']",0.8392857142857143,0.793918918918919,0.8901515151515151,0.9097516666755256,0.923438233912635,0.9068265682656826,0.9406698564593301,0.9438333696381269,0.9713388299960738,0.9991922455573505,0.944996180290298,0.9963564238193846
RF,0.9113383068938431,0.9073179474175199,0.9160103913973883,0.9373567608861727,0.944021846473622,"{'n_estimators': 100, 'max_depth': 10}","['mfcc_mean', 'spec_skew', 'mfcc_1', 'mfcc_var', 'mfcc_std', 'mfcc_2']",0.8417132216014898,0.8278388278388278,0.8560606060606061,0.8857522982495438,0.9230769230769231,0.9052437902483901,0.9416267942583733,0.9490417768734091,0.9692247760031165,0.9888712241653418,0.9503437738731857,0.9972714642979131
RF,0.9112875392957346,0.8988580534471077,0.926425019768673,0.9415584415584416,0.9548459898016869,"{'n_estimators': 100, 'max_depth': 10}","['spec_skew', 'NDSI', 'mfcc_var', 'mfcc_std', 'wav_approx_std', 'mfcc_2']",0.8283185840707965,0.7774086378737541,0.8863636363636364,0.9063397170511037,0.9273849074513526,0.9199623352165726,0.9349282296650717,0.9603625377080927,0.9781591263650546,0.999203187250996,0.957983193277311,0.9978357146458641
RF,0.9112763091034273,0.9048079724962399,0.9189726767900143,0.9369747899159664,0.9526847808089626,"{'n_estimators': 50, 'max_depth': 10}","['mfcc_mean', 'spec_kurtosis', 'wav_detail_lvl5_std', 'mfcc_std', 'wav_approx_std', 'mfcc_2']",0.8419117647058824,0.8178571428571428,0.8674242424242424,0.9083853769390131,0.9228611500701263,0.9021937842778793,0.9444976076555024,0.9526724200492332,0.9690560125342734,0.9943729903536977,0.944996180290298,0.9969965454386414
RF,0.9111916026117357,0.8995318094292646,0.9252267254589236,0.9411764705882353,0.9553178404881244,"{'n_estimators': 50, 'max_depth': 10}","['spec_skew', 'NDSI', 'mfcc_var', 'wav_approx_std', 'mfcc_2']",0.8291814946619217,0.7818791946308725,0.8825757575757576,0.9122054231032171,0.9270142180094787,0.9183098591549296,0.9358851674641149,0.956342351678392,0.9773790951638065,0.998406374501992,0.9572192513368984,0.9974057466827644
RF,0.9111916026117357,0.8995318094292646,0.9252267254589236,0.9411764705882353,0.9553178404881244,"{'n_estimators': 50, 'max_depth': 10}","['spec_skew', 'NDSI', 'mfcc_std', 'wav_approx_std', 'mfcc_2']",0.8291814946619217,0.7818791946308725,0.8825757575757576,0.9122054231032171,0.9270142180094787,0.9183098591549296,0.9358851674641149,0.956342351678392,0.9773790951638065,0.998406374501992,0.9572192513368984,0.9974057466827644
RF,0.911147036930156,0.9047162590067762,0.9187286397812713,0.9381207028265852,0.9540518981683875,"{'n_estimators': 100, 'max_depth': 10}","['mfcc_mean', 'spec_skew', 'wav_detail_lvl5_std', 'mfcc_var', 'mfcc_std', 'wav_approx_std', 'mfcc_2']",0.8382352941176471,0.8142857142857143,0.8636363636363636,0.9100925839422965,0.9241573033707865,0.9046746104491292,0.9444976076555024,0.954962725149756,0.9710485133020345,0.9951884522854851,0.948051948051948,0.9971003854131103
RF,0.9110741829554879,0.8964505254268355,0.9293799337916985,0.9331550802139037,0.9396214668385484,"{'n_estimators': 100, 'max_depth': None}","['mfcc_mean', 'spec_skew', 'spec_kurtosis', 'mfcc_1', 'wav_detail_lvl5_std']",0.851138353765324,0.7915309446254072,0.9204545454545454,0.8778031433502935,0.9184834123222749,0.9098591549295775,0.9272727272727272,0.9477214921238346,0.963600782778865,0.9879614767255217,0.9404125286478228,0.9933397650415169
RF,0.9110493027666741,0.904643167455497,0.9183426480640103,0.9381207028265852,0.948619792679189,"{'n_estimators': 100, 'max_depth': 10}","['mfcc_mean', 'spec_skew', 'spec_kurtosis', 'NDSI', 'mfcc_std', 'mfcc_2']",0.8382352941176471,0.8142857142857143,0.8636363636363636,0.8873068242327866,0.923728813559322,0.9091751621872104,0.938755980861244,0.9610156569414191,0.971183800623053,0.9904686258935663,0.9526355996944232,0.9975368968633612
RF,0.9110493027666741,0.904643167455497,0.9183426480640103,0.9381207028265852,0.948619792679189,"{'n_estimators': 100, 'max_depth': 10}","['mfcc_mean', 'spec_skew', 'spec_kurtosis', 'NDSI', 'mfcc_var', 'mfcc_2']",0.8382352941176471,0.8142857142857143,0.8636363636363636,0.8873068242327866,0.923728813559322,0.9091751621872104,0.938755980861244,0.9610156569414191,0.971183800623053,0.9904686258935663,0.9526355996944232,0.9975368968633612
RF,0.9110004510695346,0.9032640070009735,0.9203639669583942,0.9373567608861727,0.9553630319507321,"{'n_estimators': 100, 'max_depth': 10}","['mfcc_mean', 'spec_kurtosis', 'mfcc_1', 'wav_detail_lvl5_std', 'mfcc_var', 'wav_approx_std', 'mfcc_2']",0.8394160583941606,0.8098591549295775,0.8712121212121212,0.9159623780235275,0.9234360410831,0.9015496809480401,0.9464114832535885,0.9533093171373876,0.9701492537313433,0.9983831851253031,0.9434682964094728,0.9968174006912813
RF,0.9110004510695346,0.9032640070009735,0.9203639669583942,0.9373567608861727,0.9553691102025313,"{'n_estimators': 100, 'max_depth': 10}","['mfcc_mean', 'spec_kurtosis', 'mfcc_1', 'wav_detail_lvl5_std', 'mfcc_std', 'wav_approx_std', 'mfcc_2']",0.8394160583941606,0.8098591549295775,0.8712121212121212,0.9159623780235275,0.9234360410831,0.9015496809480401,0.9464114832535885,0.9533247319855359,0.9701492537313433,0.9983831851253031,0.9434682964094728,0.9968202205985304
RF,0.9109975383790889,0.8916270664106376,0.9376314002474994,0.9339190221543163,0.9449768761627969,"{'n_estimators': 100, 'max_depth': 5}","['mfcc_1', 'wav_detail_lvl5_std', 'mfcc_var', 'mfcc_std', 'mfcc_2']",0.847972972972973,0.7652439024390244,0.9507575757575758,0.9128743985163551,0.9176582579723941,0.9128787878787878,0.9224880382775119,0.9247446876078373,0.9673613841918993,0.9967585089141004,0.9396485867074102,0.9973115423641982
RF,0.9109810480512318,0.8962198515769945,0.9298408677665644,0.9346829640947288,0.9500988009101078,"{'n_estimators': 100, 'max_depth': 10}","['spec_skew', 'spec_kurtosis', 'wav_detail_lvl5_std', 'mfcc_var', 'mfcc_std', 'wav_approx_std']",0.8461538461538461,0.7857142857142857,0.9166666666666666,0.9073506756773753,0.9194536033914272,0.9053803339517625,0.9339712918660287,0.9470682502132269,0.9673356946084218,0.997564935064935,0.9388846447669977,0.995877476839721
RF,0.910972489573545,0.891879655749634,0.9372076581828904,0.9362108479755539,0.957402851444988,"{'n_estimators': 100, 'max_depth': 10}","['NDSI', 'mfcc_1', 'wav_detail_lvl5_std', 'wav_approx_std', 'mfcc_2']",0.8412162162162162,0.7591463414634146,0.9431818181818182,0.9176434455906932,0.9203624225083452,0.9173003802281369,0.9234449760765551,0.9573051442235088,0.9713388299960738,0.9991922455573505,0.944996180290298,0.9972599645207623
RF,0.9109463188006609,0.8914185891605927,0.937950379513847,0.9343009931245225,0.9451699795697283,"{'n_estimators': 100, 'max_depth': 5}","['mfcc_1', 'wav_detail_lvl5_std', 'mfcc_2']",0.8465430016863407,0.7629179331306991,0.9507575757575758,0.9248464671250721,0.9181731684110371,0.912961210974456,0.9234449760765551,0.9134942851276021,0.9681227863046045,0.9983766233766234,0.9396485867074102,0.9971691864565103
RF,0.9108848266105672,0.8938597009566557,0.9333070867900589,0.9358288770053476,0.9506112397932897,"{'n_estimators': 100, 'max_depth': 10}","['spec_skew', 'spec_kurtosis', 'NDSI', 'mfcc_1', 'wav_detail_lvl5_std']",0.8419243986254296,0.7704402515723271,0.928030303030303,0.8887217607443163,0.9221272554605888,0.9151743638077285,0.9291866028708134,0.9653034943886794,0.9686028257456829,0.9959644874899112,0.9427043544690603,0.9978084642468733
RF,0.9108769406539365,0.8993269113751041,0.9249641483387613,0.9388846447669977,0.9559111201640818,"{'n_estimators': 100, 'max_depth': 10}","['spec_skew', 'spec_kurtosis', 'NDSI', 'mfcc_std', 'wav_approx_std', 'mfcc_2']",0.8342245989304813,0.7878787878787878,0.8863636363636364,0.9118841298025538,0.9246704331450094,0.9101019462465245,0.939712918660287,0.9584478043260238,0.973735789886319,1.0,0.9488158899923606,0.9974014263636677
RF,0.910842537855625,0.9058523630124656,0.9168009149433298,0.9407944996180291,0.9497587403971285,"{'n_estimators': 50, 'max_depth': 10}","['mfcc_mean', 'NDSI', 'mfcc_var', 'mfcc_std', 'wav_approx_std']",0.8296296296296296,0.8115942028985508,0.8484848484848485,0.8931549519299903,0.927536231884058,0.906764168190128,0.9492822966507177,0.9579150998397303,0.9753617520531873,0.999198717948718,0.9526355996944232,0.9982061694216647
RF,0.9108376943714936,0.9057566624659424,0.916699391080196,0.9369747899159664,0.9445962365023192,"{'n_estimators': 100, 'max_depth': 10}","['mfcc_mean', 'spec_skew', 'spec_kurtosis', 'mfcc_1', 'mfcc_var', 'mfcc_2']",0.8407407407407408,0.822463768115942,0.8598484848484849,0.8878419050229867,0.9225715626466447,0.9051565377532228,0.9406698564593301,0.9492223096769222,0.9692007797270955,0.9896496815286624,0.9495798319327731,0.9967244948070486
RF,0.9108376943714936,0.9057566624659424,0.916699391080196,0.9369747899159664,0.9445962365023192,"{'n_estimators': 100, 'max_depth': 10}","['mfcc_mean', 'spec_skew', 'spec_kurtosis', 'mfcc_1', 'mfcc_std', 'mfcc_2']",0.8407407407407408,0.822463768115942,0.8598484848484849,0.8878419050229867,0.9225715626466447,0.9051565377532228,0.9406698564593301,0.9492223096769222,0.9692007797270955,0.9896496815286624,0.9495798319327731,0.9967244948070486
RF,0.9108269445775709,0.9072205529248872,0.915154977461479,0.9400305576776165,0.9511202052093116,"{'n_estimators': 100, 'max_depth': 10}","['mfcc_mean', 'spec_kurtosis', 'mfcc_1', 'mfcc_var', 'mfcc_std', 'wav_approx_std', 'mfcc_2']",0.832089552238806,0.8198529411764706,0.8446969696969697,0.9039162237282791,0.9265325222274217,0.9065934065934066,0.9473684210526315,0.9520734242017488,0.9738587592664846,0.9952153110047847,0.9533995416348358,0.9973709676979066
RF,0.9108221187446848,0.8915825362276575,0.9372507695263114,0.9331550802139037,0.9370545765484302,"{'n_estimators': 50, 'max_depth': 5}","['mfcc_mean', 'mfcc_1', 'wav_detail_lvl5_std', 'mfcc_std', 'mfcc_2']",0.8494077834179357,0.7675840978593272,0.9507575757575758,0.9093756095579165,0.9169435215946844,0.9096045197740112,0.9244019138755981,0.9055029163085306,0.9661150512214342,0.9975589910496339,0.9365928189457601,0.9962852037788437
RF,0.9108221187446848,0.8915825362276575,0.9372507695263114,0.9331550802139037,0.9370545765484302,"{'n_estimators': 50, 'max_depth': 5}","['mfcc_mean', 'mfcc_1', 'wav_detail_lvl5_std', 'mfcc_var', 'mfcc_2']",0.8494077834179357,0.7675840978593272,0.9507575757575758,0.9093756095579165,0.9169435215946844,0.9096045197740112,0.9244019138755981,0.9055029163085306,0.9661150512214342,0.9975589910496339,0.9365928189457601,0.9962852037788437
RF,0.9107245817336803,0.9013508858656958,0.921983322834716,0.9358288770053476,0.9500588299952605,"{'n_estimators': 50, 'max_depth': 10}","['mfcc_mean', 'spec_kurtosis', 'wav_detail_lvl5_std', 'mfcc_var', 'mfcc_std', 'wav_approx_std']",0.8426763110307414,0.8062283737024222,0.8825757575757576,0.9075626806178486,0.9212746016869728,0.9026629935720845,0.9406698564593301,0.9463563050475504,0.9682228324833267,0.9951612903225806,0.9427043544690603,0.9962575043203825
RF,0.9107038145919336,0.9064019555919787,0.9164527852608347,0.9354469060351414,0.9381207483861727,"{'n_estimators': 100, 'max_depth': 5}","['mfcc_mean', 'spec_kurtosis', 'mfcc_1', 'mfcc_var', 'mfcc_2']",0.8438661710037175,0.8284671532846716,0.8598484848484849,0.8947696861918636,0.9217230199166281,0.8931777378815081,0.9521531100478469,0.9230698110298826,0.9665222528554549,0.9975609756097561,0.9373567608861727,0.9965227479367719
RF,0.9107038145919336,0.9064019555919787,0.9164527852608347,0.9354469060351414,0.9381207483861727,"{'n_estimators': 100, 'max_depth': 5}","['mfcc_mean', 'spec_kurtosis', 'mfcc_1', 'mfcc_std', 'mfcc_2']",0.8438661710037175,0.8284671532846716,0.8598484848484849,0.8947696861918636,0.9217230199166281,0.8931777378815081,0.9521531100478469,0.9230698110298826,0.9665222528554549,0.9975609756097561,0.9373567608861727,0.9965227479367719
RF,0.9106151336552603,0.8984262279326521,0.9252644758062715,0.9388846447669977,0.9410199633956159,"{'n_estimators': 50, 'max_depth': None}","['mfcc_mean', 'spec_skew', 'NDSI', 'mfcc_var', 'mfcc_std']",0.8333333333333334,0.7833333333333333,0.8901515151515151,0.8702008017072624,0.9260848831664282,0.9230038022813688,0.9291866028708134,0.9570762333596268,0.9724271844660194,0.9889415481832543,0.9564553093964858,0.9957828551199583
RF,0.9105977421271539,0.8990460157126824,0.9247095010252905,0.9385026737967914,0.9559079740669937,"{'n_estimators': 100, 'max_depth': 10}","['spec_skew', 'spec_kurtosis', 'NDSI', 'mfcc_var', 'wav_approx_std', 'mfcc_2']",0.8342245989304813,0.7878787878787878,0.8863636363636364,0.9118841298025538,0.924235294117647,0.9092592592592592,0.939712918660287,0.9584389811248888,0.9733333333333334,1.0,0.948051948051948,0.9974008112735385
RF,0.9105110382542136,0.8902458213199408,0.9390173294198062,0.935064935064935,0.9593504929947704,"{'n_estimators': 50, 'max_depth': 10}","['wav_detail_lvl5_std', 'mfcc_std', 'wav_approx_std', 'mfcc_2']",0.842809364548495,0.7544910179640718,0.9545454545454546,0.9292151428728898,0.9185043144774688,0.920268972142171,0.9167464114832536,0.9521198633621158,0.9702194357366771,0.99597747385358,0.9457601222307105,0.9967164727493055
RF,0.9105110382542136,0.8902458213199408,0.9390173294198062,0.935064935064935,0.9593435320167402,"{'n_estimators': 50, 'max_depth': 10}","['wav_detail_lvl5_std', 'mfcc_var', 'wav_approx_std', 'mfcc_2']",0.842809364548495,0.7544910179640718,0.9545454545454546,0.9292015199291737,0.9185043144774688,0.920268972142171,0.9167464114832536,0.952112000468847,0.9702194357366771,0.99597747385358,0.9457601222307105,0.9967170756521997
RF,0.910494833921231,0.892532857969571,0.9346313645075255,0.9365928189457601,0.9504738191828426,"{'n_estimators': 50, 'max_depth': 10}","['spec_kurtosis', 'NDSI', 'wav_detail_lvl5_std', 'mfcc_std']",0.838160136286201,0.7616099071207431,0.9318181818181818,0.8894631370611923,0.9223439733206289,0.9184060721062619,0.9263157894736842,0.9641559975837921,0.9709803921568627,0.9975825946817083,0.9457601222307105,0.9978023229035434
RF,0.910494833921231,0.892532857969571,0.9346313645075255,0.9365928189457601,0.950471535765581,"{'n_estimators': 50, 'max_depth': 10}","['spec_kurtosis', 'NDSI', 'wav_detail_lvl5_std', 'mfcc_var']",0.838160136286201,0.7616099071207431,0.9318181818181818,0.8894631370611923,0.9223439733206289,0.9184060721062619,0.9263157894736842,0.9641473447610854,0.9709803921568627,0.9975825946817083,0.9457601222307105,0.9978041254744647
RF,0.9104797227946779,0.9022635921814559,0.9198572411420708,0.9392666157372039,0.9509914133963746,"{'n_estimators': 100, 'max_depth': None}","['mfcc_mean', 'spec_skew', 'NDSI', 'mfcc_std', 'wav_approx_std']",0.8327272727272728,0.8006993006993007,0.8674242424242424,0.8864764012819599,0.9247515380974917,0.9147940074906367,0.9349282296650717,0.9685958080049593,0.9739603575592694,0.9912974683544303,0.9572192513368984,0.9979020309022046
RF,0.9104797227946779,0.9022635921814559,0.9198572411420708,0.9392666157372039,0.9509914648523612,"{'n_estimators': 100, 'max_depth': None}","['mfcc_mean', 'spec_skew', 'NDSI', 'mfcc_var', 'wav_approx_std']",0.8327272727272728,0.8006993006993007,0.8674242424242424,0.8864764012819599,0.9247515380974917,0.9147940074906367,0.9349282296650717,0.9685965940065098,0.9739603575592694,0.9912974683544303,0.9572192513368984,0.9979013992686139
RF,0.910447792702794,0.8959203188940879,0.9286266021560139,0.93353705118411,0.9404180168362682,"{'n_estimators': 100, 'max_depth': None}","['mfcc_mean', 'spec_skew', 'spec_kurtosis', 'mfcc_1', 'wav_detail_lvl5_std', 'mfcc_var', 'mfcc_std']",0.8476357267950964,0.7882736156351792,0.9166666666666666,0.8810377739865642,0.918918918918919,0.9107142857142857,0.9272727272727272,0.9468675320944295,0.9647887323943662,0.9887730553327987,0.9419404125286478,0.9933487444278108
RF,0.9104291962352434,0.9001791754078995,0.9225409781137336,0.9358288770053476,0.9466184696248322,"{'n_estimators': 50, 'max_depth': 10}","['mfcc_mean', 'mfcc_1', 'wav_detail_lvl5_std', 'mfcc_var', 'mfcc_std', 'mfcc_2']",0.841726618705036,0.8013698630136986,0.8863636363636364,0.9025636966510051,0.9211892402076451,0.9087523277467412,0.9339712918660287,0.9409510110027802,0.9683717297930496,0.9904153354632588,0.9472880061115355,0.9963407012207113
RF,0.9103862684255567,0.9033309430747454,0.918471311969764,0.9381207028265852,0.9374133199676162,"{'n_estimators': 100, 'max_depth': 10}","['mfcc_mean', 'spec_skew', 'NDSI', 'mfcc_1', 'mfcc_std']",0.8351648351648352,0.8085106382978723,0.8636363636363636,0.8520890440849589,0.9256120527306968,0.9110287303058388,0.9406698564593301,0.9621805365996283,0.970381917381138,0.9904534606205251,0.9511077158135982,0.9979703792182613
RF,0.9103862684255567,0.9033309430747454,0.918471311969764,0.9381207028265852,0.9374133199676162,"{'n_estimators': 100, 'max_depth': 10}","['mfcc_mean', 'spec_skew', 'NDSI', 'mfcc_1', 'mfcc_var']",0.8351648351648352,0.8085106382978723,0.8636363636363636,0.8520890440849589,0.9256120527306968,0.9110287303058388,0.9406698564593301,0.9621805365996283,0.970381917381138,0.9904534606205251,0.9511077158135982,0.9979703792182613
RF,0.9103731267268808,0.9042618560976332,0.9175170546687575,0.9365928189457601,0.9545919090215657,"{'n_estimators': 50, 'max_depth': 10}","['mfcc_mean', 'spec_kurtosis', 'mfcc_1', 'wav_detail_lvl5_std', 'wav_approx_std', 'mfcc_2']",0.8397790055248618,0.8172043010752689,0.8636363636363636,0.9179254238320588,0.922211808809747,0.9035812672176309,0.9416267942583733,0.9495970062155938,0.9691285658460336,0.992,0.9472880061115355,0.9962532970170441
RF,0.9103545355924162,0.9013831624406766,0.9207929583316581,0.9373567608861727,0.9437259326087757,"{'n_estimators': 100, 'max_depth': 10}","['mfcc_mean', 'spec_skew', 'spec_kurtosis', 'NDSI', 'mfcc_1', 'mfcc_var', 'mfcc_std']",0.8369565217391305,0.8020833333333334,0.875,0.8705013722377456,0.9245283018867925,0.9116279069767442,0.937799043062201,0.9626971321877511,0.9695787831513261,0.9904382470119522,0.9495798319327731,0.9979792934008301
RF,0.9102856049161735,0.8983243008073156,0.9247041400292174,0.9392666157372039,0.9459493947833121,"{'n_estimators': 50, 'max_depth': 10}","['spec_skew', 'mfcc_var', 'mfcc_std', 'wav_approx_std', 'mfcc_2']",0.8312611012433393,0.782608695652174,0.8863636363636364,0.8923760344632119,0.9245372567631703,0.9171374764595104,0.9320574162679426,0.9481650599044157,0.9750584567420109,0.9952267303102625,0.9556913674560733,0.997307089982309
RF,0.910255133267273,0.8970179632911831,0.9265271020688978,0.9392666157372039,0.956123532215632,"{'n_estimators': 50, 'max_depth': 10}","['NDSI', 'mfcc_1', 'mfcc_std', 'wav_approx_std', 'mfcc_2']",0.8309859154929577,0.7763157894736842,0.8939393939393939,0.9104440051468342,0.9243217515468825,0.9195075757575758,0.9291866028708134,0.960116298759499,0.975457732761979,0.9952305246422893,0.9564553093964858,0.9978102927405627
RF,0.910255133267273,0.8970179632911831,0.9265271020688978,0.9392666157372039,0.9561228174662816,"{'n_estimators': 50, 'max_depth': 10}","['NDSI', 'mfcc_1', 'mfcc_var', 'wav_approx_std', 'mfcc_2']",0.8309859154929577,0.7763157894736842,0.8939393939393939,0.9104440051468342,0.9243217515468825,0.9195075757575758,0.9291866028708134,0.960114773087918,0.975457732761979,0.9952305246422893,0.9564553093964858,0.9978096741640926
RF,0.9102475456220444,0.900658748615232,0.9214819580144656,0.9369747899159664,0.9385682458973567,"{'n_estimators': 50, 'max_depth': 10}","['mfcc_mean', 'spec_skew', 'spec_kurtosis', 'NDSI', 'mfcc_1', 'mfcc_var']",0.8375451263537906,0.8,0.8787878787878788,0.8599170983418046,0.924020764511562,0.9115456238361266,0.9368421052631579,0.9582781568757893,0.9691767460007803,0.9904306220095693,0.9488158899923606,0.997509482474476
RF,0.9102475456220444,0.900658748615232,0.9214819580144656,0.9369747899159664,0.9385682458973567,"{'n_estimators': 50, 'max_depth': 10}","['mfcc_mean', 'spec_skew', 'spec_kurtosis', 'NDSI', 'mfcc_1', 'mfcc_std']",0.8375451263537906,0.8,0.8787878787878788,0.8599170983418046,0.924020764511562,0.9115456238361266,0.9368421052631579,0.9582781568757893,0.9691767460007803,0.9904306220095693,0.9488158899923606,0.997509482474476
RF,0.9101756019365457,0.8998650054931691,0.9222432194568416,0.9385026737967914,0.9414015283604528,"{'n_estimators': 100, 'max_depth': 10}","['mfcc_mean', 'NDSI', 'mfcc_1', 'mfcc_var', 'mfcc_std']",0.8330341113105925,0.7918088737201365,0.8787878787878788,0.8718584106385664,0.9254864736592311,0.9180790960451978,0.9330143540669856,0.9545519032857266,0.9720062208398134,0.9897070467141726,0.9549274255156608,0.9977942711570658
RF,0.9100914653293469,0.8974354501539773,0.9255755252659278,0.9373567608861727,0.9498806292408964,"{'n_estimators': 100, 'max_depth': 10}","['mfcc_mean', 'NDSI', 'mfcc_1', 'wav_detail_lvl5_std', 'mfcc_var', 'mfcc_std']",0.8353982300884956,0.7840531561461794,0.8939393939393939,0.8950291602550646,0.9238050165641268,0.9138576779026217,0.9339712918660287,0.9569213600809905,0.9710711493354183,0.9943955164131305,0.9488158899923606,0.9976913673866341
RF,0.910063072034903,0.8967426722273841,0.9265941145198111,0.9388846447669977,0.9494478867624778,"{'n_estimators': 100, 'max_depth': 10}","['spec_skew', 'mfcc_std', 'wav_approx_std', 'mfcc_2']",0.8309859154929577,0.7763157894736842,0.8939393939393939,0.9078516125805515,0.9242424242424242,0.9147141518275539,0.9339712918660287,0.9437614703067291,0.974960876369327,0.9991980753809142,0.9518716577540107,0.996730577400153
RF,0.9100619086639972,0.8932068931801901,0.9323528294890524,0.9343009931245225,0.9322809955062615,"{'n_estimators': 50, 'max_depth': 5}","['spec_skew', 'NDSI', 'wav_detail_lvl5_std', 'mfcc_var', 'mfcc_std']",0.8433734939759037,0.7728706624605678,0.928030303030303,0.881236047401701,0.9187145557655955,0.907563025210084,0.9301435406698565,0.9196355317614494,0.9680976762504924,0.9991869918699187,0.9388846447669977,0.995971407355634
RF,0.910027676866287,0.9026812018888033,0.918857303687025,0.9381207028265852,0.9493683797613565,"{'n_estimators': 100, 'max_depth': 10}","['mfcc_mean', 'spec_kurtosis', 'NDSI', 'wav_detail_lvl5_std', 'wav_approx_std']",0.8336380255941499,0.8056537102473498,0.8636363636363636,0.9014715785888685,0.9242990654205607,0.9031963470319635,0.9464114832535885,0.9505779428132238,0.9721459395841506,0.9991935483870967,0.946524064171123,0.9960556178819773
RF,0.9100057008752303,0.8974255069486978,0.9255244841158153,0.9385026737967914,0.9525126834582752,"{'n_estimators': 100, 'max_depth': 10}","['spec_skew', 'spec_kurtosis', 'NDSI', 'mfcc_1', 'wav_approx_std', 'mfcc_2']",0.831858407079646,0.7807308970099668,0.8901515151515151,0.9056510011249511,0.924020764511562,0.9115456238361266,0.9368421052631579,0.9545833790361804,0.9741379310344828,1.0,0.9495798319327731,0.9973036702136939
RF,0.9099830036893488,0.8903158137076265,0.9372480890282748,0.93353705118411,0.9509008817223988,"{'n_estimators': 100, 'max_depth': 5}","['wav_detail_lvl5_std', 'mfcc_var', 'mfcc_2']",0.8451178451178452,0.7606060606060606,0.9507575757575758,0.9346292237224058,0.9170638703527169,0.9135802469135802,0.9205741626794258,0.9204735206830811,0.9677672955974843,0.9967611336032388,0.9404125286478228,0.9975999007617097
RF,0.9099830036893488,0.8903158137076265,0.9372480890282748,0.93353705118411,0.950879032019698,"{'n_estimators': 100, 'max_depth': 5}","['wav_detail_lvl5_std', 'mfcc_std', 'mfcc_2']",0.8451178451178452,0.7606060606060606,0.9507575757575758,0.9345636746143033,0.9170638703527169,0.9135802469135802,0.9205741626794258,0.9204735206830811,0.9677672955974843,0.9967611336032388,0.9404125286478228,0.9975999007617097
RF,0.9099744532259765,0.9017354923518677,0.9197472290351548,0.9396485867074102,0.9523900964091214,"{'n_estimators': 50, 'max_depth': 10}","['mfcc_mean', 'spec_kurtosis', 'NDSI', 'mfcc_1', 'mfcc_std', 'wav_approx_std', 'mfcc_2']",0.8290909090909091,0.7972027972027972,0.8636363636363636,0.9000948729709896,0.925891181988743,0.9080036798528058,0.9444976076555024,0.9592354165774131,0.9749412685982772,1.0,0.9511077158135982,0.9978399996789618
RF,0.9099744532259765,0.9017354923518677,0.9197472290351548,0.9396485867074102,0.9523966955283747,"{'n_estimators': 50, 'max_depth': 10}","['mfcc_mean', 'spec_kurtosis', 'NDSI', 'mfcc_1', 'mfcc_var', 'wav_approx_std', 'mfcc_2']",0.8290909090909091,0.7972027972027972,0.8636363636363636,0.9000948729709896,0.925891181988743,0.9080036798528058,0.9444976076555024,0.9592494770348524,0.9749412685982772,1.0,0.9511077158135982,0.997845736579282
RF,0.9099470618777481,0.89030691275121,0.9371194251225211,0.93353705118411,0.9391800836082048,"{'n_estimators': 50, 'max_depth': 5}","['mfcc_mean', 'NDSI', 'wav_detail_lvl5_std', 'mfcc_var', 'mfcc_std']",0.8451178451178452,0.7606060606060606,0.9507575757575758,0.8945896539969602,0.9169054441260746,0.9151572926596759,0.9186602870813397,0.9259681030991882,0.9678178963893249,0.9951573849878934,0.9419404125286478,0.9969824937284664
RF,0.9099470618777481,0.89030691275121,0.9371194251225211,0.93353705118411,0.9313951212275376,"{'n_estimators': 50, 'max_depth': 5}","['NDSI', 'wav_detail_lvl5_std', 'mfcc_var', 'mfcc_std']",0.8451178451178452,0.7606060606060606,0.9507575757575758,0.8781101276053961,0.9169054441260746,0.9151572926596759,0.9186602870813397,0.9192725265008103,0.9678178963893249,0.9951573849878934,0.9419404125286478,0.9968027095764066
RF,0.9098807604970593,0.8965094943609113,0.9268196114171346,0.9343009931245225,0.9141827491628917,"{'n_estimators': 100, 'max_depth': 5}","['spec_skew', 'mfcc_1', 'wav_detail_lvl5_std']",0.8430335097001763,0.7887788778877888,0.9053030303030303,0.8382033348888753,0.9193245778611632,0.9015639374425023,0.937799043062201,0.9088448376880875,0.9672841939298384,0.999185667752443,0.9373567608861727,0.9955000749117124
RF,0.9098675888614395,0.8903849782866033,0.9369503303713831,0.9362108479755539,0.9584123623422109,"{'n_estimators': 50, 'max_depth': 10}","['NDSI', 'wav_detail_lvl5_std', 'mfcc_std', 'wav_approx_std', 'mfcc_2']",0.8369747899159664,0.7522658610271903,0.9431818181818182,0.9217238740158799,0.9200574437529918,0.9204980842911877,0.9196172248803828,0.9566242511589929,0.9725705329153606,0.998390989541432,0.948051948051948,0.9968889618517601
RF,0.9098675888614395,0.8903849782866033,0.9369503303713831,0.9362108479755539,0.9582789862683825,"{'n_estimators': 50, 'max_depth': 10}","['NDSI', 'wav_detail_lvl5_std', 'mfcc_var', 'wav_approx_std', 'mfcc_2']",0.8369747899159664,0.7522658610271903,0.9431818181818182,0.9216287513694384,0.9200574437529918,0.9204980842911877,0.9196172248803828,0.9563177775813501,0.9725705329153606,0.998390989541432,0.948051948051948,0.996890429854359
RF,0.9098433969478487,0.8958154495431246,0.9274090976103361,0.9388846447669977,0.9407682120931562,"{'n_estimators': 50, 'max_depth': 10}","['mfcc_var', 'mfcc_std', 'wav_approx_std', 'mfcc_2']",0.830122591943958,0.7719869706840391,0.8977272727272727,0.8938010100638447,0.9240265906932573,0.9170593779453345,0.9311004784688995,0.9321645833075611,0.9753810082063306,0.9984,0.9533995416348358,0.9963390429080629
RF,0.909821837431445,0.8989479220519839,0.9229780109811069,0.9346829640947288,0.9441245392423901,"{'n_estimators': 50, 'max_depth': None}","['mfcc_mean', 'spec_skew', 'mfcc_1', 'wav_detail_lvl5_std', 'wav_approx_std']",0.8422939068100358,0.7993197278911565,0.8901515151515151,0.8908786247509257,0.9201127819548872,0.9039704524469068,0.9368421052631579,0.9482662656577989,0.9670588235294117,0.9935535858178888,0.9419404125286478,0.9932287273184457
RF,0.909821128223129,0.9048013717469607,0.9158333668395587,0.9381207028265852,0.9474005316953584,"{'n_estimators': 100, 'max_depth': 10}","['mfcc_mean', 'spec_skew', 'mfcc_std', 'wav_approx_std', 'mfcc_2']",0.8333333333333334,0.8152173913043478,0.8522727272727273,0.8954452614393988,0.9242990654205607,0.9031963470319635,0.9464114832535885,0.9498678340060405,0.971830985915493,0.9959903769045709,0.9488158899923606,0.9968884996406359
RF,0.909821128223129,0.9048013717469607,0.9158333668395587,0.9381207028265852,0.9473986182347499,"{'n_estimators': 100, 'max_depth': 10}","['mfcc_mean', 'spec_skew', 'mfcc_var', 'wav_approx_std', 'mfcc_2']",0.8333333333333334,0.8152173913043478,0.8522727272727273,0.8954452614393988,0.9242990654205607,0.9031963470319635,0.9464114832535885,0.9498644928841773,0.971830985915493,0.9959903769045709,0.9488158899923606,0.9968861003806736
RF,0.9097970767457061,0.9001577272473873,0.9209912034989435,0.9396485867074102,0.9613080518820495,"{'n_estimators': 50, 'max_depth': 10}","['spec_skew', 'spec_kurtosis', 'NDSI', 'mfcc_1', 'mfcc_var', 'mfcc_2']",0.8288288288288288,0.7903780068728522,0.8712121212121212,0.9217885449052531,0.9250474383301708,0.9172154280338665,0.9330143540669856,0.9641810124460486,0.9755149630781189,0.992879746835443,0.9587471352177235,0.9979545982948466
RF,0.9097970767457061,0.9001577272473873,0.9209912034989435,0.9396485867074102,0.9613080518820495,"{'n_estimators': 50, 'max_depth': 10}","['spec_skew', 'spec_kurtosis', 'NDSI', 'mfcc_1', 'mfcc_std', 'mfcc_2']",0.8288288288288288,0.7903780068728522,0.8712121212121212,0.9217885449052531,0.9250474383301708,0.9172154280338665,0.9330143540669856,0.9641810124460486,0.9755149630781189,0.992879746835443,0.9587471352177235,0.9979545982948466
RF,0.9097835396485129,0.8964569663860024,0.9263394672063403,0.9385026737967914,0.9494428317232773,"{'n_estimators': 100, 'max_depth': 10}","['spec_skew', 'mfcc_var', 'wav_approx_std', 'mfcc_2']",0.8309859154929577,0.7763157894736842,0.8939393939393939,0.9078516125805515,0.9238050165641268,0.9138576779026217,0.9339712918660287,0.943746921768579,0.974559686888454,0.9991974317817014,0.9511077158135982,0.9967299608207015
RF,0.9096143528834338,0.8965535229608634,0.9260662797814501,0.9346829640947288,0.9157047037804388,"{'n_estimators': 50, 'max_depth': 5}","['spec_kurtosis', 'wav_detail_lvl5_std', 'mfcc_std']",0.8409893992932862,0.7880794701986755,0.9015151515151515,0.8437053422335586,0.9197559831065227,0.9023941068139963,0.937799043062201,0.908110201158136,0.9680976762504924,0.9991869918699187,0.9388846447669977,0.995298567949622
RF,0.9096143528834338,0.8965535229608634,0.9260662797814501,0.9346829640947288,0.9157047037804388,"{'n_estimators': 50, 'max_depth': 5}","['spec_kurtosis', 'wav_detail_lvl5_std', 'mfcc_var']",0.8409893992932862,0.7880794701986755,0.9015151515151515,0.8437053422335586,0.9197559831065227,0.9023941068139963,0.937799043062201,0.908110201158136,0.9680976762504924,0.9991869918699187,0.9388846447669977,0.995298567949622
RF,0.9096013528101446,0.8962330586934719,0.9265649641036638,0.9339190221543163,0.9291653904661951,"{'n_estimators': 100, 'max_depth': 5}","['spec_skew', 'wav_detail_lvl5_std', 'mfcc_var', 'mfcc_std']",0.8430335097001763,0.7887788778877888,0.9053030303030303,0.8820779879429832,0.9188935771214253,0.9007352941176471,0.937799043062201,0.9103539599754379,0.9668769716088328,0.9991850040749797,0.9365928189457601,0.9950642234801638
RF,0.9095614051931914,0.8975400845589686,0.9239912392389172,0.9369747899159664,0.9400012418812751,"{'n_estimators': 50, 'max_depth': 10}","['spec_skew', 'NDSI', 'mfcc_1', 'mfcc_var']",0.8348134991119005,0.7859531772575251,0.8901515151515151,0.8582544039118004,0.9234427009034712,0.9177693761814745,0.9291866028708134,0.9636231718683357,0.9704280155642023,0.9888977002379065,0.9526355996944232,0.9981261498636892
RF,0.9095614051931914,0.8975400845589686,0.9239912392389172,0.9369747899159664,0.9400012418812751,"{'n_estimators': 50, 'max_depth': 10}","['spec_skew', 'NDSI', 'mfcc_1', 'mfcc_std']",0.8348134991119005,0.7859531772575251,0.8901515151515151,0.8582544039118004,0.9234427009034712,0.9177693761814745,0.9291866028708134,0.9636231718683357,0.9704280155642023,0.9888977002379065,0.9526355996944232,0.9981261498636892
RF,0.9094941928688899,0.8990217203252544,0.92217363819531,0.9362108479755539,0.9523226005595072,"{'n_estimators': 50, 'max_depth': 10}","['mfcc_mean', 'spec_kurtosis', 'wav_detail_lvl5_std', 'mfcc_var', 'wav_approx_std']",0.8366247755834829,0.7952218430034129,0.8825757575757576,0.9152407742168113,0.9220657276995305,0.9050691244239631,0.939712918660287,0.9457156569679817,0.9697920753236563,0.9967741935483871,0.9442322383498855,0.9960113704937289
RF,0.9094941928688899,0.8990217203252544,0.92217363819531,0.9362108479755539,0.9516972948703759,"{'n_estimators': 50, 'max_depth': 10}","['mfcc_mean', 'spec_kurtosis', 'wav_detail_lvl5_std', 'mfcc_std', 'wav_approx_std']",0.8366247755834829,0.7952218430034129,0.8825757575757576,0.9134109565715568,0.9220657276995305,0.9050691244239631,0.939712918660287,0.9456695575458423,0.9697920753236563,0.9967741935483871,0.9442322383498855,0.9960113704937289
RF,0.9094768153156872,0.8968152946177396,0.9249587873426882,0.9396485867074102,0.9499982499847742,"{'n_estimators': 100, 'max_depth': 10}","['spec_kurtosis', 'mfcc_var', 'mfcc_std', 'wav_approx_std', 'mfcc_2']",0.8268551236749117,0.7748344370860927,0.8863636363636364,0.9050307635399375,0.9249762583095916,0.9180018850141376,0.9320574162679426,0.9476486686665109,0.9765990639625585,0.9976095617529881,0.9564553093964858,0.9973153177478743
RF,0.909424902477724,0.8965241450383276,0.9254495418582106,0.9369747899159664,0.9491878027619739,"{'n_estimators': 50, 'max_depth': 10}","['spec_skew', 'mfcc_1', 'wav_approx_std', 'mfcc_2']",0.833922261484099,0.7814569536423841,0.8939393939393939,0.9099353195572788,0.9222065063649222,0.9089219330855018,0.9358851674641149,0.9411586572911605,0.9721459395841506,0.9991935483870967,0.946524064171123,0.996469431437482
RF,0.9094235539347877,0.9089989593986042,0.9113645298629818,0.9362108479755539,0.9364840430419631,"{'n_estimators': 50, 'max_depth': 5}","['mfcc_mean', 'NDSI', 'mfcc_var', 'mfcc_2']",0.8371212121212122,0.8371212121212122,0.8371212121212122,0.8953253309469894,0.9230769230769231,0.8898756660746003,0.9588516746411483,0.9175254727873985,0.9680725266062278,1.0,0.9381207028265852,0.9966013253915015
RF,0.9094235539347877,0.9089989593986042,0.9113645298629818,0.9362108479755539,0.9364840430419631,"{'n_estimators': 50, 'max_depth': 5}","['mfcc_mean', 'NDSI', 'mfcc_std', 'mfcc_2']",0.8371212121212122,0.8371212121212122,0.8371212121212122,0.8953253309469894,0.9230769230769231,0.8898756660746003,0.9588516746411483,0.9175254727873985,0.9680725266062278,1.0,0.9381207028265852,0.9966013253915015
RF,0.9093517409722622,0.8951975449512113,0.9271438399921372,0.9369747899159664,0.9452414854681352,"{'n_estimators': 50, 'max_depth': 10}","['NDSI', 'mfcc_var', 'wav_approx_std']",0.8336252189141856,0.7752442996742671,0.9015151515151515,0.883148788881587,0.9218379914732354,0.9127579737335835,0.9311004784688995,0.9543538438373285,0.9725920125293657,0.9975903614457832,0.9488158899923606,0.9982218236854904
RF,0.9093517409722622,0.8951975449512113,0.9271438399921372,0.9369747899159664,0.9452414854681352,"{'n_estimators': 50, 'max_depth': 10}","['NDSI', 'mfcc_std', 'wav_approx_std']",0.8336252189141856,0.7752442996742671,0.9015151515151515,0.883148788881587,0.9218379914732354,0.9127579737335835,0.9311004784688995,0.9543538438373285,0.9725920125293657,0.9975903614457832,0.9488158899923606,0.9982218236854904
RF,0.9093350241683731,0.896276579330352,0.9258116324679792,0.9343009931245225,0.9131676867958851,"{'n_estimators': 100, 'max_depth': 5}","['spec_skew', 'wav_detail_lvl5_std', 'mfcc_std']",0.8409893992932862,0.7880794701986755,0.9015151515151515,0.8426003021711787,0.9193245778611632,0.9015639374425023,0.937799043062201,0.9022352625464649,0.9676910953506698,0.9991863303498779,0.9381207028265852,0.9946674956700118
RF,0.9093350241683731,0.896276579330352,0.9258116324679792,0.9343009931245225,0.9131676867958851,"{'n_estimators': 100, 'max_depth': 5}","['spec_skew', 'wav_detail_lvl5_std', 'mfcc_var']",0.8409893992932862,0.7880794701986755,0.9015151515151515,0.8426003021711787,0.9193245778611632,0.9015639374425023,0.937799043062201,0.9022352625464649,0.9676910953506698,0.9991863303498779,0.9381207028265852,0.9946674956700118
RF,0.9093346989048073,0.9047274166831892,0.9154448063116792,0.9354469060351414,0.9370096626833463,"{'n_estimators': 100, 'max_depth': 5}","['mfcc_mean', 'spec_skew', 'mfcc_1', 'mfcc_var', 'mfcc_2']",0.8385899814471243,0.8218181818181818,0.8560606060606061,0.8946262285531043,0.9217230199166281,0.8931777378815081,0.9521531100478469,0.9199556665122018,0.9676910953506698,0.9991863303498779,0.9381207028265852,0.996447092984733
RF,0.9093346989048073,0.9047274166831892,0.9154448063116792,0.9354469060351414,0.9370096626833463,"{'n_estimators': 100, 'max_depth': 5}","['mfcc_mean', 'spec_skew', 'mfcc_1', 'mfcc_std', 'mfcc_2']",0.8385899814471243,0.8218181818181818,0.8560606060606061,0.8946262285531043,0.9217230199166281,0.8931777378815081,0.9521531100478469,0.9199556665122018,0.9676910953506698,0.9991863303498779,0.9381207028265852,0.996447092984733
RF,0.909318253672479,0.896252974098165,0.9257473005151025,0.9343009931245225,0.9137214006919101,"{'n_estimators': 50, 'max_depth': 5}","['spec_skew', 'spec_kurtosis', 'wav_detail_lvl5_std', 'mfcc_var', 'mfcc_std']",0.8409893992932862,0.7880794701986755,0.9015151515151515,0.8413900880123515,0.9192488262910798,0.9023041474654377,0.9368421052631579,0.9065837864254627,0.9677165354330709,0.9983753046303818,0.9388846447669977,0.993190327637916
RF,0.909314687163319,0.9046976552858906,0.9151470476547875,0.9381207028265852,0.949580479083386,"{'n_estimators': 100, 'max_depth': 10}","['mfcc_mean', 'spec_kurtosis', 'NDSI', 'mfcc_1', 'wav_approx_std']",0.8311688311688312,0.8145454545454546,0.8484848484848485,0.8908663467442305,0.9246511627906977,0.8995475113122172,0.9511961722488038,0.959881326161695,0.9721240675304279,1.0,0.9457601222307105,0.9979937643442329
RF,0.9093046950376565,0.901301490792893,0.9187796809313838,0.9369747899159664,0.9444226927665736,"{'n_estimators': 100, 'max_depth': 5}","['spec_skew', 'mfcc_1', 'mfcc_std', 'mfcc_2']",0.8342440801457195,0.8035087719298246,0.8674242424242424,0.9125016540754037,0.9226441631504922,0.9044117647058824,0.9416267942583733,0.9245930928742024,0.971025841816758,0.9959839357429718,0.9472880061115355,0.9961733313501147
RF,0.9093046950376565,0.901301490792893,0.9187796809313838,0.9369747899159664,0.9444226927665736,"{'n_estimators': 100, 'max_depth': 5}","['spec_skew', 'mfcc_1', 'mfcc_var', 'mfcc_2']",0.8342440801457195,0.8035087719298246,0.8674242424242424,0.9125016540754037,0.9226441631504922,0.9044117647058824,0.9416267942583733,0.9245930928742024,0.971025841816758,0.9959839357429718,0.9472880061115355,0.9961733313501147
RF,0.9092897863329107,0.9021905515719081,0.9175680958188698,0.9354469060351414,0.9498879842025273,"{'n_estimators': 100, 'max_depth': 5}","['spec_skew', 'NDSI', 'mfcc_1', 'mfcc_var', 'mfcc_std', 'mfcc_2']",0.8388278388278388,0.8120567375886525,0.8674242424242424,0.9116335367420572,0.9206945096198967,0.9033149171270718,0.938755980861244,0.9401737113493868,0.9683470105509965,0.9912,0.946524064171123,0.997856704516138
RF,0.9092819607054544,0.9065754568003159,0.913675565920148,0.9339190221543163,0.9137849587488738,"{'n_estimators': 50, 'max_depth': 5}","['mfcc_mean', 'spec_skew', 'NDSI', 'mfcc_1']",0.8426966292134831,0.8333333333333334,0.8522727272727273,0.8297470844905346,0.9203132197144174,0.8872113676731794,0.9559808612440192,0.9157836342788124,0.964836033188463,0.9991816693944353,0.9327731092436975,0.9958241574772743
RF,0.9091686399929696,0.8894161416200381,0.9368859984185062,0.9362108479755539,0.9562936499747016,"{'n_estimators': 100, 'max_depth': 10}","['NDSI', 'wav_detail_lvl5_std', 'mfcc_var', 'mfcc_std', 'wav_approx_std']",0.8341708542713567,0.7477477477477478,0.9431818181818182,0.908430853763446,0.9199808337326306,0.9213051823416507,0.9186602870813397,0.962831616785241,0.9733542319749217,0.999195494770716,0.9488158899923606,0.9976184793754175
RF,0.9091391627903409,0.893899847752766,0.9285914206192843,0.9385026737967914,0.9322420179356335,"{'n_estimators': 100, 'max_depth': 10}","['NDSI', 'mfcc_1', 'mfcc_var', 'mfcc_std']",0.82842287694974,0.7635782747603834,0.9053030303030303,0.8487956276755791,0.9242569511025887,0.9260326609029779,0.9224880382775119,0.9503196280802411,0.9747376603186941,0.9920886075949367,0.957983193277311,0.9976107980510805
RF,0.9091136571046113,0.9046489848623027,0.9145389096627486,0.9331550802139037,0.9400272293121031,"{'n_estimators': 50, 'max_depth': 10}","['mfcc_mean', 'spec_kurtosis', 'wav_approx_std', 'mfcc_2']",0.8438661710037175,0.8284671532846716,0.8598484848484849,0.888574404062103,0.923005132991134,0.900728597449909,0.9464114832535885,0.9367815237366757,0.9604696673189824,0.9847512038523274,0.9373567608861727,0.9947257601375307
RF,0.9090807027642164,0.8938747789428625,0.9283798846492345,0.935064935064935,0.9506039258651399,"{'n_estimators': 100, 'max_depth': 10}","['NDSI', 'mfcc_var', 'mfcc_std', 'wav_approx_std']",0.8382608695652174,0.77491961414791,0.9128787878787878,0.8947219321959028,0.919047619047619,0.9146919431279621,0.9234449760765551,0.9588797020152386,0.9699336196798126,0.9920127795527156,0.9488158899923606,0.998210143384278
RF,0.9090735624494588,0.9074963777063569,0.9122332346016556,0.9346829640947288,0.9366286026350984,"{'n_estimators': 50, 'max_depth': 5}","['mfcc_mean', 'spec_skew', 'mfcc_std', 'mfcc_2']",0.839924670433145,0.8352059925093633,0.8446969696969697,0.8981321263635602,0.921234454168586,0.8880994671403197,0.9569377990430622,0.9162422675723507,0.9660615627466457,0.9991836734693877,0.935064935064935,0.9955114139693841
RF,0.9090735624494588,0.9074963777063569,0.9122332346016556,0.9346829640947288,0.9366286026350984,"{'n_estimators': 50, 'max_depth': 5}","['mfcc_mean', 'spec_skew', 'mfcc_var', 'mfcc_2']",0.839924670433145,0.8352059925093633,0.8446969696969697,0.8981321263635602,0.921234454168586,0.8880994671403197,0.9569377990430622,0.9162422675723507,0.9660615627466457,0.9991836734693877,0.935064935064935,0.9955114139693841
RF,0.9090684127156404,0.8995353133410915,0.9206053234691006,0.9365928189457601,0.9511480793587883,"{'n_estimators': 100, 'max_depth': 10}","['mfcc_mean', 'spec_skew', 'mfcc_1', 'wav_detail_lvl5_std', 'mfcc_var', 'wav_approx_std']",0.8339350180505415,0.7965517241379311,0.875,0.9079867837468273,0.9227166276346604,0.9036697247706422,0.9425837320574163,0.948863678828223,0.9705535924617197,0.9983844911147012,0.9442322383498855,0.9965937755013147
RF,0.9090684127156404,0.8995353133410915,0.9206053234691006,0.9365928189457601,0.9511480793587883,"{'n_estimators': 100, 'max_depth': 10}","['mfcc_mean', 'spec_skew', 'mfcc_1', 'wav_detail_lvl5_std', 'mfcc_std', 'wav_approx_std']",0.8339350180505415,0.7965517241379311,0.875,0.9079867837468273,0.9227166276346604,0.9036697247706422,0.9425837320574163,0.948863678828223,0.9705535924617197,0.9983844911147012,0.9442322383498855,0.9965937755013147
RF,0.9090568238910862,0.9044601770616582,0.9151901589982084,0.935064935064935,0.9260640271300377,"{'n_estimators': 100, 'max_depth': 5}","['mfcc_mean', 'spec_kurtosis', 'NDSI', 'mfcc_1']",0.8385899814471243,0.8218181818181818,0.8560606060606061,0.8592439780566827,0.9212962962962963,0.8923766816143498,0.9521531100478469,0.9231006650785512,0.9672841939298384,0.999185667752443,0.9373567608861727,0.9958474382548793
RF,0.9090495236479486,0.8997995774863979,0.9199003524854917,0.9362108479755539,0.9534610031037243,"{'n_estimators': 100, 'max_depth': 10}","['mfcc_mean', 'spec_skew', 'wav_detail_lvl5_std', 'mfcc_std', 'mfcc_2']",0.8354430379746836,0.7993079584775087,0.875,0.9099020231180852,0.9217719132893497,0.9080779944289693,0.9358851674641149,0.9535949215929835,0.9699336196798126,0.9920127795527156,0.9488158899923606,0.9968860646001042
RF,0.9090495236479486,0.8997995774863979,0.9199003524854917,0.9362108479755539,0.9534685235803136,"{'n_estimators': 100, 'max_depth': 10}","['mfcc_mean', 'spec_skew', 'wav_detail_lvl5_std', 'mfcc_var', 'mfcc_2']",0.8354430379746836,0.7993079584775087,0.875,0.9099300592158446,0.9217719132893497,0.9080779944289693,0.9358851674641149,0.9535894469249921,0.9699336196798126,0.9920127795527156,0.9488158899923606,0.9968860646001042
RF,0.9089832844655249,0.909218206054189,0.9097669530332069,0.9346829640947288,0.9304428134483752,"{'n_estimators': 50, 'max_depth': 5}","['mfcc_mean', 'NDSI', 'mfcc_1', 'mfcc_var']",0.8403041825095057,0.8435114503816794,0.8371212121212122,0.8656479306917784,0.9207232267037552,0.8929856115107914,0.9502392344497608,0.9288460343788657,0.9659224441833137,0.9911575562700965,0.9419404125286478,0.9968344752744819
RF,0.9089832844655249,0.909218206054189,0.9097669530332069,0.9346829640947288,0.9304428134483752,"{'n_estimators': 50, 'max_depth': 5}","['mfcc_mean', 'NDSI', 'mfcc_1', 'mfcc_std']",0.8403041825095057,0.8435114503816794,0.8371212121212122,0.8656479306917784,0.9207232267037552,0.8929856115107914,0.9502392344497608,0.9288460343788657,0.9659224441833137,0.9911575562700965,0.9419404125286478,0.9968344752744819
RF,0.9089569237993049,0.9026937500536348,0.9162246078654747,0.9404125286478228,0.9455617921948378,"{'n_estimators': 100, 'max_depth': 10}","['mfcc_mean', 'mfcc_var', 'mfcc_std', 'wav_approx_std', 'mfcc_2']",0.8235294117647058,0.8,0.8484848484848485,0.893238663252717,0.9267605633802817,0.9096774193548387,0.9444976076555024,0.9464963695680333,0.9765807962529274,0.9984038308060654,0.9556913674560733,0.9969503437637631
RF,0.9089376764684293,0.9046493854888015,0.9141363882075956,0.9385026737967914,0.9512466292507904,"{'n_estimators': 100, 'max_depth': 10}","['mfcc_mean', 'spec_skew', 'mfcc_1', 'mfcc_var', 'mfcc_std', 'wav_approx_std', 'mfcc_2']",0.828996282527881,0.8138686131386861,0.8446969696969697,0.9057042231042359,0.9248014946286782,0.9032846715328468,0.9473684210526315,0.9507272702080001,0.973015252248729,0.9967948717948718,0.9503437738731857,0.9973083944401351
RF,0.9089140219327577,0.8963872081431906,0.9243905217589429,0.9381207028265852,0.9530101137079744,"{'n_estimators': 50, 'max_depth': 10}","['mfcc_mean', 'NDSI', 'mfcc_1', 'wav_detail_lvl5_std', 'wav_approx_std']",0.8283185840707965,0.7774086378737541,0.8863636363636364,0.9067692508882725,0.9254716981132075,0.9125581395348837,0.938755980861244,0.9549392881178972,0.9729517836142689,0.999194847020934,0.948051948051948,0.9973218021177536
RF,0.9088979139169499,0.9014282865109032,0.9178791452785261,0.9339190221543163,0.935827676238873,"{'n_estimators': 50, 'max_depth': 10}","['mfcc_mean', 'spec_skew', 'spec_kurtosis', 'wav_approx_std', 'mfcc_2']",0.8409506398537477,0.8127208480565371,0.8712121212121212,0.882177896174363,0.9210649229332087,0.8996350364963503,0.9435406698564593,0.9306352164586146,0.9646781789638933,0.9919289749798225,0.9388846447669977,0.9946699160836412
RF,0.908878140810816,0.8904361549575096,0.9339934059748302,0.9358288770053476,0.9475271676005107,"{'n_estimators': 50, 'max_depth': 10}","['spec_kurtosis', 'NDSI', 'mfcc_1', 'wav_detail_lvl5_std']",0.8338983050847457,0.754601226993865,0.9318181818181818,0.8816101372375538,0.9217557251908397,0.9191246431969553,0.9244019138755981,0.9631811890138724,0.9709803921568627,0.9975825946817083,0.9457601222307105,0.9977901765501057
RF,0.9088559890282415,0.9075924772543131,0.9114261813178223,0.9365928189457601,0.9412045178402099,"{'n_estimators': 50, 'max_depth': 5}","['mfcc_mean', 'spec_kurtosis', 'NDSI', 'mfcc_1', 'mfcc_2']",0.8339622641509434,0.8308270676691729,0.8371212121212122,0.8995867702386592,0.9232902033271719,0.8927613941018767,0.9559808612440192,0.9283285165174142,0.969315499606609,0.9991889699918897,0.9411764705882353,0.9956982667645561
RF,0.908709917971663,0.8884257353277526,0.9375749981013138,0.9358288770053476,0.9531365200130256,"{'n_estimators': 50, 'max_depth': 10}","['NDSI', 'mfcc_1', 'wav_detail_lvl5_std', 'mfcc_std', 'wav_approx_std']",0.8333333333333334,0.7440476190476191,0.946969696969697,0.9025494974577477,0.9194630872483222,0.9212295869356388,0.9177033492822967,0.9594893408405871,0.9733333333333334,1.0,0.948051948051948,0.9973707217407421
RF,0.908709917971663,0.8884257353277526,0.9375749981013138,0.9358288770053476,0.9531364974491514,"{'n_estimators': 50, 'max_depth': 10}","['NDSI', 'mfcc_1', 'wav_detail_lvl5_std', 'mfcc_var', 'wav_approx_std']",0.8333333333333334,0.7440476190476191,0.946969696969697,0.9025494974577477,0.9194630872483222,0.9212295869356388,0.9177033492822967,0.9594892731489644,0.9733333333333334,1.0,0.948051948051948,0.9973707217407421
RF,0.9086913440468836,0.9001590338032232,0.9185196726218398,0.9373567608861727,0.9523622298584261,"{'n_estimators': 50, 'max_depth': 10}","['mfcc_mean', 'spec_kurtosis', 'NDSI', 'mfcc_var', 'mfcc_std', 'wav_approx_std', 'mfcc_2']",0.8312159709618875,0.7979094076655052,0.8674242424242424,0.9010465595973184,0.9224952741020794,0.911297852474323,0.9339712918660287,0.9585117339597267,0.9723627870766836,0.9912698412698413,0.9541634835752483,0.9975283960182335
RF,0.9086299123646929,0.8943773975553636,0.9265808237170466,0.9377387318563789,0.9452873239429446,"{'n_estimators': 100, 'max_depth': 10}","['mfcc_1', 'mfcc_std', 'wav_approx_std', 'mfcc_2']",0.8286713286713286,0.7694805194805194,0.8977272727272727,0.9057174142455885,0.9226388229710489,0.9152542372881356,0.9301435406698565,0.9335683088583109,0.9745795854517012,0.9983974358974359,0.9518716577540107,0.9965762487249343
RF,0.9086299123646929,0.8943773975553636,0.9265808237170466,0.9377387318563789,0.9452873239429446,"{'n_estimators': 100, 'max_depth': 10}","['mfcc_1', 'mfcc_var', 'wav_approx_std', 'mfcc_2']",0.8286713286713286,0.7694805194805194,0.8977272727272727,0.9057174142455885,0.9226388229710489,0.9152542372881356,0.9301435406698565,0.9335683088583109,0.9745795854517012,0.9983974358974359,0.9518716577540107,0.9965762487249343
RF,0.9086152648296798,0.9016284606714505,0.9170853827974571,0.9369747899159664,0.9503949605934027,"{'n_estimators': 50, 'max_depth': 10}","['mfcc_mean', 'spec_skew', 'NDSI', 'mfcc_1', 'wav_approx_std']",0.8315018315018315,0.8049645390070922,0.8598484848484849,0.8968826529853033,0.923005132991134,0.900728597449909,0.9464114832535885,0.9566224603261502,0.9713388299960738,0.9991922455573505,0.944996180290298,0.9976797684687545
RF,0.9085881321994456,0.8927661548947294,0.929100715246226,0.9392666157372039,0.9558666110125066,"{'n_estimators': 100, 'max_depth': None}","['spec_skew', 'NDSI', 'mfcc_1', 'wav_approx_std', 'mfcc_2']",0.8241379310344827,0.7563291139240507,0.9053030303030303,0.9078888901230425,0.9238140872065165,0.9251439539347409,0.9224880382775119,0.9629589754589309,0.9778123783573375,0.9968253968253968,0.959511077158136,0.996751967455546
RF,0.9085685817434946,0.8988275093986329,0.9198976719874553,0.9365928189457601,0.9409622312207371,"{'n_estimators': 50, 'max_depth': 10}","['spec_skew', 'NDSI', 'mfcc_1', 'mfcc_var', 'mfcc_std']",0.8324324324324325,0.7938144329896907,0.875,0.8655616269195368,0.9232227488151659,0.9145539906103286,0.9320574162679426,0.9592862112889302,0.970050563982886,0.9881141045958796,0.9526355996944232,0.9980388554537442
RF,0.9085611031697652,0.8999337725949933,0.9186377262228654,0.9358288770053476,0.951009462177673,"{'n_estimators': 50, 'max_depth': None}","['mfcc_mean', 'spec_skew', 'wav_detail_lvl5_std', 'mfcc_var', 'wav_approx_std', 'mfcc_2']",0.8348457350272233,0.8013937282229965,0.8712121212121212,0.9054003921478373,0.9209039548022598,0.9063948100092678,0.9358851674641149,0.9530419339205807,0.9699336196798126,0.9920127795527156,0.9488158899923606,0.9945860604646012
RF,0.9085611031697652,0.8999337725949933,0.9186377262228654,0.9358288770053476,0.951009462177673,"{'n_estimators': 50, 'max_depth': None}","['mfcc_mean', 'spec_skew', 'wav_detail_lvl5_std', 'mfcc_std', 'wav_approx_std', 'mfcc_2']",0.8348457350272233,0.8013937282229965,0.8712121212121212,0.9054003921478373,0.9209039548022598,0.9063948100092678,0.9358851674641149,0.9530419339205807,0.9699336196798126,0.9920127795527156,0.9488158899923606,0.9945860604646012
RF,0.9085478145447623,0.9042924159236528,0.9137663677911356,0.9392666157372039,0.9444919898787107,"{'n_estimators': 50, 'max_depth': 10}","['mfcc_mean', 'spec_skew', 'mfcc_var', 'mfcc_std', 'wav_approx_std', 'mfcc_2']",0.8252788104089219,0.8102189781021898,0.8409090909090909,0.8919375526396166,0.9258049463369109,0.9034608378870674,0.9492822966507177,0.9448091482104155,0.974559686888454,0.9991974317817014,0.9511077158135982,0.9967292687861005
RF,0.9085325567702318,0.8973961386780251,0.9217206340271357,0.9365928189457601,0.9398269163085388,"{'n_estimators': 100, 'max_depth': 10}","['spec_kurtosis', 'NDSI', 'mfcc_1', 'mfcc_std']",0.8321428571428572,0.7871621621621622,0.8825757575757576,0.8604763458255895,0.9230038022813688,0.9169027384324835,0.9291866028708134,0.9609278733485126,0.9704510108864697,0.9881235154394299,0.9533995416348358,0.9980765297515137
RF,0.9085325567702318,0.8973961386780251,0.9217206340271357,0.9365928189457601,0.9398273813564547,"{'n_estimators': 100, 'max_depth': 10}","['spec_kurtosis', 'NDSI', 'mfcc_1', 'mfcc_var']",0.8321428571428572,0.7871621621621622,0.8825757575757576,0.8604763458255895,0.9230038022813688,0.9169027384324835,0.9291866028708134,0.9609286626977498,0.9704510108864697,0.9881235154394299,0.9533995416348358,0.9980771355460247
RF,0.908513942359293,0.9012232740969321,0.9173400301109279,0.9373567608861727,0.9529477993961577,"{'n_estimators': 100, 'max_depth': 10}","['mfcc_mean', 'spec_skew', 'NDSI', 'mfcc_1', 'wav_approx_std', 'mfcc_2']",0.829981718464351,0.8021201413427562,0.8598484848484849,0.9030815516791335,0.9234360410831,0.9015496809480401,0.9464114832535885,0.9581746770317079,0.9721240675304279,1.0,0.9457601222307105,0.9975871694776318
RF,0.9085076355538675,0.8981069940643397,0.9210369953404008,0.9362108479755539,0.9479520725187847,"{'n_estimators': 100, 'max_depth': 10}","['mfcc_mean', 'spec_kurtosis', 'NDSI', 'wav_detail_lvl5_std', 'wav_approx_std', 'mfcc_2']",0.8330341113105925,0.7918088737201365,0.8787878787878788,0.9004994197733439,0.921485660554772,0.9057301293900185,0.937799043062201,0.9471983029310157,0.9710031347962382,0.996781979082864,0.946524064171123,0.9961584948519941
RF,0.90849738134327,0.9011989315842279,0.9172756981580511,0.9373567608861727,0.9440740622740819,"{'n_estimators': 50, 'max_depth': 10}","['mfcc_mean', 'spec_skew', 'wav_detail_lvl5_std', 'wav_approx_std', 'mfcc_2']",0.829981718464351,0.8021201413427562,0.8598484848484849,0.8959273736299562,0.9233644859813084,0.902283105022831,0.9454545454545454,0.941248499510639,0.9721459395841506,0.9991935483870967,0.946524064171123,0.9950463136816504
RF,0.9084220061890389,0.8942148665115764,0.9260880588279968,0.9316271963330787,0.9432917520461744,"{'n_estimators': 50, 'max_depth': None}","['mfcc_mean', 'spec_skew', 'spec_kurtosis', 'mfcc_1', 'wav_detail_lvl5_std', 'mfcc_var']",0.8456140350877193,0.7875816993464052,0.9128787878787878,0.889715169234083,0.9159943046986236,0.908662900188324,0.9234449760765551,0.9474966023381259,0.9636576787807737,0.9864,0.9419404125286478,0.9926634845663143
RF,0.9084220061890389,0.8942148665115764,0.9260880588279968,0.9316271963330787,0.9432702592185734,"{'n_estimators': 50, 'max_depth': None}","['mfcc_mean', 'spec_skew', 'spec_kurtosis', 'mfcc_1', 'wav_detail_lvl5_std', 'mfcc_std']",0.8456140350877193,0.7875816993464052,0.9128787878787878,0.8896524140681238,0.9159943046986236,0.908662900188324,0.9234449760765551,0.9474966023381259,0.9636576787807737,0.9864,0.9419404125286478,0.9926617612494704
RF,0.9083668636893334,0.8997331939148326,0.918704738673779,0.9354469060351414,0.9459722829393945,"{'n_estimators': 100, 'max_depth': 10}","['mfcc_mean', 'spec_skew', 'spec_kurtosis', 'wav_detail_lvl5_std', 'wav_approx_std', 'mfcc_2']",0.8348457350272233,0.8013937282229965,0.8712121212121212,0.8999586363200832,0.9208430913348946,0.9018348623853211,0.9406698564593301,0.9422613151643162,0.9694117647058823,0.9959709911361805,0.9442322383498855,0.9956968973337845
RF,0.9082944426476939,0.888234839253515,0.9364171346369489,0.9327731092436975,0.9375577240855577,"{'n_estimators': 50, 'max_depth': 5}","['NDSI', 'mfcc_1', 'wav_detail_lvl5_std', 'mfcc_var', 'mfcc_std']",0.8408710217755444,0.7537537537537538,0.9507575757575758,0.8832152070725374,0.9157894736842105,0.9157894736842105,0.9157894736842105,0.9318036617290949,0.9682228324833267,0.9951612903225806,0.9427043544690603,0.9976543034550407
RF,0.9082806936823656,0.9013698449410178,0.9162756490155871,0.9392666157372039,0.9499904180621562,"{'n_estimators': 100, 'max_depth': 10}","['mfcc_mean', 'NDSI', 'mfcc_1', 'mfcc_std', 'wav_approx_std', 'mfcc_2']",0.8241758241758241,0.7978723404255319,0.8522727272727273,0.8927997895227956,0.92524682651622,0.9094269870609981,0.9416267942583733,0.9593225206126561,0.9754194303550526,0.9968102073365231,0.9549274255156608,0.9978489440510173
RF,0.9082806936823656,0.9013698449410178,0.9162756490155871,0.9392666157372039,0.9499899216898786,"{'n_estimators': 100, 'max_depth': 10}","['mfcc_mean', 'NDSI', 'mfcc_1', 'mfcc_var', 'wav_approx_std', 'mfcc_2']",0.8241758241758241,0.7978723404255319,0.8522727272727273,0.8927997895227956,0.92524682651622,0.9094269870609981,0.9416267942583733,0.9593210314958232,0.9754194303550526,0.9968102073365231,0.9549274255156608,0.9978489440510173
RF,0.9082345352996019,0.9064818915249919,0.9105255339775464,0.9365928189457601,0.9465233099707836,"{'n_estimators': 50, 'max_depth': 10}","['mfcc_mean', 'spec_kurtosis', 'mfcc_std', 'mfcc_2']",0.832391713747646,0.8277153558052435,0.8371212121212122,0.8910433106796409,0.9222846441947565,0.9028414298808433,0.9425837320574163,0.9517657808441725,0.9700272479564033,0.9888888888888889,0.9518716577540107,0.9967608383885376
RF,0.9082345352996019,0.9064818915249919,0.9105255339775464,0.9365928189457601,0.9465214845423802,"{'n_estimators': 50, 'max_depth': 10}","['mfcc_mean', 'spec_kurtosis', 'mfcc_var', 'mfcc_2']",0.832391713747646,0.8277153558052435,0.8371212121212122,0.8910433106796409,0.9222846441947565,0.9028414298808433,0.9425837320574163,0.9517609017654458,0.9700272479564033,0.9888888888888889,0.9518716577540107,0.9967602411820538
RF,0.9082102713105016,0.8953636792521497,0.9239594083247334,0.9323911382734912,0.94547273983543,"{'n_estimators': 100, 'max_depth': None}","['mfcc_mean', 'spec_skew', 'spec_kurtosis', 'wav_detail_lvl5_std', 'mfcc_std']",0.8424778761061947,0.7906976744186046,0.9015151515151515,0.8945926358920001,0.9177693761814745,0.9066293183940243,0.9291866028708134,0.9488007463967055,0.9643835616438357,0.9887640449438202,0.9411764705882353,0.9930248372175846
RF,0.9082102713105016,0.8953636792521497,0.9239594083247334,0.9323911382734912,0.9454902544818243,"{'n_estimators': 100, 'max_depth': None}","['mfcc_mean', 'spec_skew', 'spec_kurtosis', 'wav_detail_lvl5_std', 'mfcc_var']",0.8424778761061947,0.7906976744186046,0.9015151515151515,0.8946428912793445,0.9177693761814745,0.9066293183940243,0.9291866028708134,0.9488036497909423,0.9643835616438357,0.9887640449438202,0.9411764705882353,0.993024222375186
RF,0.9081860301157301,0.8881858474622891,0.9362938317272683,0.932009167303285,0.9317239939344976,"{'n_estimators': 100, 'max_depth': 5}","['mfcc_mean', 'spec_skew', 'mfcc_1', 'wav_detail_lvl5_std', 'mfcc_var', 'mfcc_std']",0.8422818791946308,0.7560240963855421,0.9507575757575758,0.8921181412013869,0.9153992395437263,0.9093484419263456,0.9215311004784689,0.9072454728330956,0.9668769716088328,0.9991850040749797,0.9365928189457601,0.9958083677690102
RF,0.9081843922366387,0.8887695277812178,0.9352427414346919,0.935064935064935,0.9555220868608937,"{'n_estimators': 100, 'max_depth': 10}","['NDSI', 'mfcc_1', 'wav_detail_lvl5_std', 'wav_approx_std']",0.8336134453781513,0.7492447129909365,0.9393939393939394,0.9118916308364984,0.9188156638013372,0.9170638703527169,0.9205741626794258,0.9573977270970762,0.9721240675304279,1.0,0.9457601222307105,0.9972769026491063
RF,0.9081144108969489,0.8992386315571149,0.9183803984113581,0.9358288770053476,0.9510325322496888,"{'n_estimators': 50, 'max_depth': 10}","['spec_skew', 'spec_kurtosis', 'mfcc_std', 'mfcc_2']",0.8333333333333334,0.7986111111111112,0.8712121212121212,0.9145738857575473,0.9206049149338374,0.9094304388422035,0.9320574162679426,0.9416540050640101,0.9704049844236761,0.9896743447180302,0.9518716577540107,0.9968697059275085
RF,0.9081144108969489,0.8992386315571149,0.9183803984113581,0.9358288770053476,0.951031793221265,"{'n_estimators': 50, 'max_depth': 10}","['spec_skew', 'spec_kurtosis', 'mfcc_var', 'mfcc_2']",0.8333333333333334,0.7986111111111112,0.8712121212121212,0.9145738857575473,0.9206049149338374,0.9094304388422035,0.9320574162679426,0.941651787978739,0.9704049844236761,0.9896743447180302,0.9518716577540107,0.9968697059275085
RF,0.9080898360537,0.9001419903145483,0.9175813866216344,0.9365928189457601,0.9548689004283634,"{'n_estimators': 50, 'max_depth': 10}","['mfcc_mean', 'spec_skew', 'NDSI', 'mfcc_1', 'wav_detail_lvl5_std', 'wav_approx_std', 'mfcc_2']",0.8306010928961749,0.8,0.8636363636363636,0.9129425748484915,0.9222846441947565,0.9028414298808433,0.9425837320574163,0.9547160987942113,0.9713837710701686,0.9975845410628019,0.946524064171123,0.9969480276423875
RF,0.9080565092280004,0.8934799062307537,0.9268063206143702,0.9331550802139037,0.9214835085971621,"{'n_estimators': 50, 'max_depth': 5}","['spec_kurtosis', 'wav_detail_lvl5_std', 'mfcc_var', 'mfcc_std']",0.8391608391608392,0.7792207792207793,0.9090909090909091,0.8595818109917166,0.917724494593324,0.9020332717190388,0.9339712918660287,0.9094086964182859,0.9672841939298384,0.999185667752443,0.9373567608861727,0.9954600183814838
RF,0.9080070413649497,0.9014371137300795,0.9156509812856563,0.9396485867074102,0.9422001142956916,"{'n_estimators': 50, 'max_depth': 10}","['mfcc_mean', 'mfcc_1', 'mfcc_var', 'mfcc_std', 'wav_approx_std', 'mfcc_2']",0.8220183486238533,0.797153024911032,0.8484848484848485,0.8911187956968237,0.9258215962441314,0.9087557603686636,0.9435406698564593,0.9390416115820814,0.9761811792268645,0.9984025559105432,0.9549274255156608,0.9964399356081696
RF,0.9078328142575126,0.905502630577771,0.9118797439230875,0.9300993124522536,0.9390541500979607,"{'n_estimators': 50, 'max_depth': 5}","['mfcc_mean', 'mfcc_1', 'mfcc_var', 'mfcc_std', 'mfcc_2']",0.8480300187617261,0.8401486988847584,0.8560606060606061,0.894232748770725,0.9157846295444086,0.8820921985815603,0.9521531100478469,0.9260744574965957,0.9596837944664032,0.9942669942669943,0.9274255156608098,0.9968552440265612
RF,0.9078136439763175,0.8929831525855801,0.9267068071247637,0.9381207028265852,0.9575395922067496,"{'n_estimators': 100, 'max_depth': 10}","['NDSI', 'mfcc_1', 'wav_approx_std', 'mfcc_2']",0.8243478260869566,0.7620578778135049,0.8977272727272727,0.9194357163299562,0.922930542340628,0.9176915799432356,0.9282296650717703,0.955530725483992,0.9761625635013678,0.9992,0.9541634835752483,0.9976523348063006
RF,0.9077938946470382,0.8935187785376816,0.9260529889786856,0.93353705118411,0.922737481902247,"{'n_estimators': 100, 'max_depth': 5}","['spec_kurtosis', 'mfcc_1', 'wav_detail_lvl5_std', 'mfcc_var', 'mfcc_std']",0.8371278458844134,0.7785016286644951,0.9053030303030303,0.8624184687791645,0.9181561618062088,0.902867715078631,0.9339712918660287,0.9098844068463829,0.9680976762504924,0.9991869918699187,0.9388846447669977,0.9959095700811936
RF,0.9077275876442513,0.8994350718905247,0.9174394319131162,0.9354469060351414,0.9453388123438403,"{'n_estimators': 100, 'max_depth': 5}","['spec_skew', 'mfcc_1', 'mfcc_var', 'mfcc_std', 'mfcc_2']",0.8327272727272728,0.8006993006993007,0.8674242424242424,0.9162931453049298,0.92054536906441,0.9048059149722736,0.9368421052631579,0.9226859314024914,0.9699101211410708,0.9928,0.948051948051948,0.9970373603241001
RF,0.9076404629844328,0.8972346993728402,0.9198439503393064,0.9381207028265852,0.9411835316078059,"{'n_estimators': 100, 'max_depth': None}","['mfcc_mean', 'spec_kurtosis', 'NDSI', 'mfcc_1', 'mfcc_var']",0.8243727598566308,0.782312925170068,0.8712121212121212,0.8643745895273284,0.9253447456015217,0.9196597353497165,0.9311004784688995,0.961874386141711,0.9732038834951456,0.9897314375987362,0.9572192513368984,0.9973016191543783
RF,0.9076404629844328,0.8972346993728402,0.9198439503393064,0.9381207028265852,0.9411840730884476,"{'n_estimators': 100, 'max_depth': None}","['mfcc_mean', 'spec_kurtosis', 'NDSI', 'mfcc_1', 'mfcc_std']",0.8243727598566308,0.782312925170068,0.8712121212121212,0.8643745895273284,0.9253447456015217,0.9196597353497165,0.9311004784688995,0.9618759873572028,0.9732038834951456,0.9897314375987362,0.9572192513368984,0.9973016423808121
RF,0.9076249390317236,0.8944906938570877,0.9238758661359281,0.9381207028265852,0.951687320380438,"{'n_estimators': 100, 'max_depth': 10}","['spec_skew', 'mfcc_1', 'mfcc_std', 'wav_approx_std', 'mfcc_2']",0.823943661971831,0.7697368421052632,0.8863636363636364,0.9080240320841589,0.9231499051233396,0.9153339604891816,0.9311004784688995,0.9496308549364563,0.97578125,0.9984012789768185,0.9541634835752483,0.9974070741206987
RF,0.9076249390317236,0.8944906938570877,0.9238758661359281,0.9381207028265852,0.9516856098572742,"{'n_estimators': 100, 'max_depth': 10}","['spec_skew', 'mfcc_1', 'mfcc_var', 'wav_approx_std', 'mfcc_2']",0.823943661971831,0.7697368421052632,0.8863636363636364,0.9080222038771181,0.9231499051233396,0.9153339604891816,0.9311004784688995,0.9496275515740056,0.97578125,0.9984012789768185,0.9541634835752483,0.9974070741206987
RF,0.9076212344869061,0.9040545431655809,0.9121098200045568,0.9369747899159664,0.9479751878680224,"{'n_estimators': 50, 'max_depth': 10}","['mfcc_mean', 'NDSI', 'mfcc_1', 'mfcc_var', 'wav_approx_std']",0.8283582089552238,0.8161764705882353,0.8409090909090909,0.8905704344553437,0.9230769230769231,0.9,0.9473684210526315,0.9554542443725847,0.9714285714285714,0.9959871589085072,0.948051948051948,0.9979008847761385
RF,0.9076212344869061,0.9040545431655809,0.9121098200045568,0.9369747899159664,0.9479752244440188,"{'n_estimators': 50, 'max_depth': 10}","['mfcc_mean', 'NDSI', 'mfcc_1', 'mfcc_std', 'wav_approx_std']",0.8283582089552238,0.8161764705882353,0.8409090909090909,0.8905704344553437,0.9230769230769231,0.9,0.9473684210526315,0.9554543541005746,0.9714285714285714,0.9959871589085072,0.948051948051948,0.9979008847761384
RF,0.9076093730809621,0.894733556154716,0.9234070023543707,0.9346829640947288,0.9532596069847905,"{'n_estimators': 50, 'max_depth': 10}","['mfcc_mean', 'NDSI', 'mfcc_1', 'wav_detail_lvl5_std', 'mfcc_2']",0.833922261484099,0.7814569536423841,0.8939393939393939,0.9036430366756489,0.9189957366177167,0.9099437148217636,0.9282296650717703,0.9587872240418165,0.9699101211410708,0.9928,0.948051948051948,0.997348560236906
RF,0.9075726456661896,0.9030134282076315,0.9137372173749881,0.9343009931245225,0.928814959018965,"{'n_estimators': 50, 'max_depth': 5}","['mfcc_mean', 'spec_skew', 'NDSI', 'mfcc_std']",0.8348794063079777,0.8181818181818182,0.8522727272727273,0.8830440378334872,0.9213691026827012,0.891674127126231,0.9531100478468899,0.9091413595113378,0.9664694280078896,0.9991843393148451,0.9358288770053476,0.9942594797120698
RF,0.9075726456661896,0.9030134282076315,0.9137372173749881,0.9343009931245225,0.928814959018965,"{'n_estimators': 50, 'max_depth': 5}","['mfcc_mean', 'spec_skew', 'NDSI', 'mfcc_var']",0.8348794063079777,0.8181818181818182,0.8522727272727273,0.8830440378334872,0.9213691026827012,0.891674127126231,0.9531100478468899,0.9091413595113378,0.9664694280078896,0.9991843393148451,0.9358288770053476,0.9942594797120698
RF,0.9075489729521067,0.8998919806662856,0.9164957849168376,0.9354469060351414,0.9457117183514958,"{'n_estimators': 50, 'max_depth': None}","['mfcc_mean', 'spec_skew', 'NDSI', 'wav_detail_lvl5_std', 'wav_approx_std', 'mfcc_2']",0.8321167883211679,0.8028169014084507,0.8636363636363636,0.8828982558562795,0.9206200093940817,0.9040590405904059,0.937799043062201,0.9589814615793528,0.9699101211410708,0.9928,0.948051948051948,0.9952554376188554
RF,0.9074448894712619,0.8989722682838943,0.9171927144063368,0.9369747899159664,0.9524402988405297,"{'n_estimators': 50, 'max_depth': 10}","['mfcc_mean', 'NDSI', 'mfcc_1', 'mfcc_var', 'mfcc_std', 'wav_approx_std', 'mfcc_2']",0.8275862068965517,0.794425087108014,0.8636363636363636,0.8995009211150686,0.9219858156028369,0.9112149532710281,0.9330143540669856,0.9600757172621175,0.9727626459143969,0.9912767644726408,0.9549274255156608,0.9977442581444028
RF,0.9072812411756637,0.8919854900249139,0.9271763410308301,0.9323911382734912,0.9268344069355762,"{'n_estimators': 100, 'max_depth': 5}","['spec_kurtosis', 'mfcc_1', 'wav_detail_lvl5_std', 'mfcc_var']",0.8382608695652174,0.77491961414791,0.9128787878787878,0.8734757085652581,0.9167058823529411,0.9018518518518519,0.9320574162679426,0.9114423859676748,0.9668769716088328,0.9991850040749797,0.9365928189457601,0.9955851262737957
RF,0.9072812411756637,0.8919854900249139,0.9271763410308301,0.9323911382734912,0.9268344069355762,"{'n_estimators': 100, 'max_depth': 5}","['spec_kurtosis', 'mfcc_1', 'wav_detail_lvl5_std', 'mfcc_std']",0.8382608695652174,0.77491961414791,0.9128787878787878,0.8734757085652581,0.9167058823529411,0.9018518518518519,0.9320574162679426,0.9114423859676748,0.9668769716088328,0.9991850040749797,0.9365928189457601,0.9955851262737957
RF,0.9072809069494103,0.8972344994348352,0.9191337300470428,0.9354469060351414,0.954013809650216,"{'n_estimators': 100, 'max_depth': 10}","['spec_skew', 'mfcc_1', 'mfcc_2']",0.8309352517985612,0.791095890410959,0.875,0.9210197202393355,0.9201700519603212,0.9085820895522388,0.9320574162679426,0.9443145636858681,0.9707374170893485,0.9920255183413078,0.9503437738731857,0.9967071450254444
RF,0.9072324995589786,0.8999295276344351,0.9156781213282761,0.9358288770053476,0.9473880228684263,"{'n_estimators': 50, 'max_depth': 10}","['mfcc_mean', 'spec_kurtosis', 'wav_detail_lvl5_std', 'mfcc_var', 'mfcc_2']",0.829981718464351,0.8021201413427562,0.8598484848484849,0.8978239988298712,0.9209783631232361,0.9056429232192414,0.9368421052631579,0.9477521486087468,0.9707374170893485,0.9920255183413078,0.9503437738731857,0.9965879211666605
RF,0.9072324995589786,0.8999295276344351,0.9156781213282761,0.9358288770053476,0.9473880228684263,"{'n_estimators': 50, 'max_depth': 10}","['mfcc_mean', 'spec_kurtosis', 'wav_detail_lvl5_std', 'mfcc_std', 'mfcc_2']",0.829981718464351,0.8021201413427562,0.8598484848484849,0.8978239988298712,0.9209783631232361,0.9056429232192414,0.9368421052631579,0.9477521486087468,0.9707374170893485,0.9920255183413078,0.9503437738731857,0.9965879211666605
RF,0.9072226460469937,0.8992585950679363,0.9165601168697144,0.9354469060351414,0.9506515653670902,"{'n_estimators': 100, 'max_depth': 10}","['mfcc_mean', 'spec_skew', 'mfcc_1', 'wav_detail_lvl5_std', 'mfcc_2']",0.8306010928961749,0.8,0.8636363636363636,0.9041242289240553,0.9215594175669328,0.9049815498154982,0.938755980861244,0.9512915614718098,0.9695074276778733,0.9927942353883107,0.9472880061115355,0.9965389057054054
RF,0.9072210794445525,0.9011402852929021,0.9148605694271329,0.9331550802139037,0.943476675462088,"{'n_estimators': 50, 'max_depth': 10}","['mfcc_mean', 'spec_kurtosis', 'NDSI', 'wav_approx_std']",0.8360957642725598,0.8136200716845878,0.8598484848484849,0.8884514097422624,0.9233627496516489,0.8971119133574007,0.9511961722488038,0.9462709212376196,0.9622047244094488,0.9926888708367181,0.93353705118411,0.995707695406382
RF,0.9071688670794874,0.9022596923312257,0.9136728854221113,0.9343009931245225,0.9198295370352844,"{'n_estimators': 50, 'max_depth': 5}","['mfcc_mean', 'spec_kurtosis', 'NDSI', 'mfcc_std']",0.8333333333333334,0.8152173913043478,0.8522727272727273,0.8527932985398945,0.9212962962962963,0.8923766816143498,0.9521531100478469,0.9118905408285827,0.9668769716088328,0.9991850040749797,0.9365928189457601,0.9948047717373758
RF,0.9071688670794874,0.9022596923312257,0.9136728854221113,0.9343009931245225,0.9198295370352844,"{'n_estimators': 50, 'max_depth': 5}","['mfcc_mean', 'spec_kurtosis', 'NDSI', 'mfcc_var']",0.8333333333333334,0.8152173913043478,0.8522727272727273,0.8527932985398945,0.9212962962962963,0.8923766816143498,0.9521531100478469,0.9118905408285827,0.9668769716088328,0.9991850040749797,0.9365928189457601,0.9948047717373758
RF,0.9071632793901782,0.8908006129976163,0.9286909341088908,0.93353705118411,0.9329088927165907,"{'n_estimators': 50, 'max_depth': 5}","['mfcc_mean', 'mfcc_1', 'wav_detail_lvl5_std', 'mfcc_std', 'wav_approx_std', 'mfcc_2']",0.8344827586206897,0.7658227848101266,0.9166666666666666,0.8989053312649132,0.9176915799432356,0.9073900841908326,0.9282296650717703,0.9039954177922881,0.969315499606609,0.9991889699918897,0.9411764705882353,0.9958259290925711
RF,0.9071632793901782,0.8908006129976163,0.9286909341088908,0.93353705118411,0.9329088927165907,"{'n_estimators': 50, 'max_depth': 5}","['mfcc_mean', 'mfcc_1', 'wav_detail_lvl5_std', 'mfcc_var', 'wav_approx_std', 'mfcc_2']",0.8344827586206897,0.7658227848101266,0.9166666666666666,0.8989053312649132,0.9176915799432356,0.9073900841908326,0.9282296650717703,0.9039954177922881,0.969315499606609,0.9991889699918897,0.9411764705882353,0.9958259290925711
RF,0.9071459750532392,0.8990214081204173,0.9164393827706521,0.9373567608861727,0.9500468120267396,"{'n_estimators': 100, 'max_depth': None}","['mfcc_mean', 'spec_skew', 'NDSI', 'mfcc_1', 'mfcc_var', 'wav_approx_std']",0.8254545454545454,0.7937062937062938,0.8598484848484849,0.8879317956377215,0.9224219489120151,0.912067352666043,0.9330143540669856,0.965113145810023,0.973561430793157,0.9912905779889153,0.9564553093964858,0.9970954946324739
RF,0.9071459750532392,0.8990214081204173,0.9164393827706521,0.9373567608861727,0.9500496105274019,"{'n_estimators': 100, 'max_depth': None}","['mfcc_mean', 'spec_skew', 'NDSI', 'mfcc_1', 'mfcc_std', 'wav_approx_std']",0.8254545454545454,0.7937062937062938,0.8598484848484849,0.8879317956377215,0.9224219489120151,0.912067352666043,0.9330143540669856,0.9651209582569833,0.973561430793157,0.9912905779889153,0.9564553093964858,0.9970960776875006
RF,0.9071247185603477,0.895016113920963,0.9222784009935713,0.93353705118411,0.9187498845645187,"{'n_estimators': 100, 'max_depth': 5}","['spec_skew', 'spec_kurtosis', 'mfcc_1', 'wav_detail_lvl5_std', 'mfcc_var']",0.8348134991119005,0.7859531772575251,0.8901515151515151,0.853787373076039,0.9184629803186504,0.8999081726354453,0.937799043062201,0.9082136600918786,0.9680976762504924,0.9991869918699187,0.9388846447669977,0.9942486205256384
RF,0.9071247185603477,0.895016113920963,0.9222784009935713,0.93353705118411,0.9187498845645187,"{'n_estimators': 100, 'max_depth': 5}","['spec_skew', 'spec_kurtosis', 'mfcc_1', 'wav_detail_lvl5_std', 'mfcc_std']",0.8348134991119005,0.7859531772575251,0.8901515151515151,0.853787373076039,0.9184629803186504,0.8999081726354453,0.937799043062201,0.9082136600918786,0.9680976762504924,0.9991869918699187,0.9388846447669977,0.9942486205256384
RF,0.9071027597020139,0.8946764087854405,0.9227127533629081,0.9327731092436975,0.9095372459609186,"{'n_estimators': 100, 'max_depth': 5}","['spec_kurtosis', 'mfcc_1', 'wav_detail_lvl5_std']",0.8368794326241135,0.7866666666666666,0.8939393939393939,0.8127626455495116,0.9175257731958762,0.898989898989899,0.9368421052631579,0.9204838624106307,0.966903073286052,0.9983726606997559,0.9373567608861727,0.9953652299226136
RF,0.9070704810824863,0.8961949700088745,0.9200130450904446,0.9354469060351414,0.9510669740781937,"{'n_estimators': 50, 'max_depth': 10}","['spec_skew', 'spec_kurtosis', 'mfcc_1', 'mfcc_2']",0.8300536672629696,0.7864406779661017,0.8787878787878788,0.9100628327397667,0.9200189304306673,0.9101123595505618,0.9301435406698565,0.9467645502166142,0.9711388455538221,0.9920318725099602,0.9511077158135982,0.9963735392782007
RF,0.906986930799599,0.9013129423166973,0.913600511975125,0.9354469060351414,0.946661670345044,"{'n_estimators': 100, 'max_depth': 10}","['mfcc_mean', 'mfcc_std', 'wav_approx_std', 'mfcc_2']",0.8302583025830258,0.8093525179856115,0.8522727272727273,0.8951603364743733,0.9207688701359588,0.9025735294117647,0.939712918660287,0.948204080688532,0.9699336196798126,0.9920127795527156,0.9488158899923606,0.9966205938722267
RF,0.906986930799599,0.9013129423166973,0.913600511975125,0.9354469060351414,0.9466639795746382,"{'n_estimators': 100, 'max_depth': 10}","['mfcc_mean', 'mfcc_var', 'wav_approx_std', 'mfcc_2']",0.8302583025830258,0.8093525179856115,0.8522727272727273,0.8951623261183149,0.9207688701359588,0.9025735294117647,0.939712918660287,0.9482090187333729,0.9699336196798126,0.9920127795527156,0.9488158899923606,0.9966205938722267
RF,0.9069058652893904,0.904070324773094,0.9109950678836127,0.9308632543926662,0.9318296590931793,"{'n_estimators': 100, 'max_depth': 5}","['mfcc_mean', 'NDSI', 'mfcc_var', 'mfcc_std']",0.8426966292134831,0.8333333333333334,0.8522727272727273,0.8715790663553296,0.9161648911533117,0.8877917414721723,0.9464114832535885,0.9272251922339578,0.9618560755013763,0.9910858995137763,0.9343009931245225,0.9966847186902503
RF,0.9068757686560104,0.8979707807681664,0.9176861494198955,0.9339190221543163,0.9529100369057232,"{'n_estimators': 100, 'max_depth': 10}","['mfcc_mean', 'spec_kurtosis', 'mfcc_1', 'wav_detail_lvl5_std', 'wav_approx_std']",0.8333333333333334,0.7986111111111112,0.8712121212121212,0.9121558928189586,0.9191210846189808,0.8985374771480804,0.9406698564593301,0.9500051546067007,0.9681728880157171,0.9967637540453075,0.9411764705882353,0.9965690632915102
RF,0.9068509567124193,0.9012177351221268,0.9133564749663821,0.9365928189457601,0.9491303193971428,"{'n_estimators': 100, 'max_depth': 10}","['mfcc_mean', 'NDSI', 'mfcc_1', 'mfcc_var', 'mfcc_std', 'wav_approx_std']",0.8265682656826568,0.8057553956834532,0.8484848484848485,0.8932482308225851,0.9220657276995305,0.9050691244239631,0.939712918660287,0.9559809257349532,0.9719188767550702,0.9928286852589642,0.9518716577540107,0.9981618016338902
RF,0.9068368432980929,0.8959917250249605,0.9200290163912456,0.9362108479755539,0.9549890957488257,"{'n_estimators': 100, 'max_depth': 10}","['mfcc_mean', 'NDSI', 'mfcc_1', 'wav_detail_lvl5_std', 'mfcc_var', 'wav_approx_std', 'mfcc_2']",0.8264758497316637,0.7830508474576271,0.875,0.9089271443560742,0.921485660554772,0.9057301293900185,0.937799043062201,0.9585314162025285,0.9725490196078431,0.9991941982272361,0.9472880061115355,0.9975087266878748
RF,0.9068368432980929,0.8959917250249605,0.9200290163912456,0.9362108479755539,0.9549890957488257,"{'n_estimators': 100, 'max_depth': 10}","['mfcc_mean', 'NDSI', 'mfcc_1', 'wav_detail_lvl5_std', 'mfcc_std', 'wav_approx_std', 'mfcc_2']",0.8264758497316637,0.7830508474576271,0.875,0.9089271443560742,0.921485660554772,0.9057301293900185,0.937799043062201,0.9585314162025285,0.9725490196078431,0.9991941982272361,0.9472880061115355,0.9975087266878748
RF,0.9067949980088791,0.8995039426260237,0.9156191503714722,0.935064935064935,0.9502521367037083,"{'n_estimators': 50, 'max_depth': 10}","['mfcc_mean', 'spec_skew', 'NDSI', 'wav_detail_lvl5_std', 'wav_approx_std']",0.829981718464351,0.8021201413427562,0.8598484848484849,0.903999080456891,0.9206349206349206,0.8988149498632635,0.9435406698564593,0.9503895142976,0.9697683549273656,0.9975767366720517,0.9434682964094728,0.9963678153566341
RF,0.9067747703591178,0.8935364449496078,0.9230210106371097,0.9346829640947288,0.9454496824686602,"{'n_estimators': 100, 'max_depth': 10}","['spec_skew', 'spec_kurtosis', 'mfcc_1', 'mfcc_var', 'mfcc_std', 'mfcc_2']",0.8309859154929577,0.7763157894736842,0.8939393939393939,0.8926299701662005,0.918532634587899,0.9146110056925996,0.9224880382775119,0.9469090923364721,0.9708057609964967,0.9896825396825397,0.9526355996944232,0.9968099849033083
RF,0.9067427688598549,0.9010705316526341,0.9134745285674079,0.935064935064935,0.9452601636154583,"{'n_estimators': 50, 'max_depth': 10}","['mfcc_mean', 'mfcc_1', 'wav_approx_std', 'mfcc_2']",0.8302583025830258,0.8093525179856115,0.8522727272727273,0.8943959792736416,0.9204864359214219,0.9002744739249772,0.9416267942583733,0.9448458341862782,0.9694835680751174,0.9935846030473136,0.946524064171123,0.9965386773864551
RF,0.9067277216521843,0.9024116024810073,0.9118285910855571,0.9343009931245225,0.9446982182271291,"{'n_estimators': 100, 'max_depth': 10}","['mfcc_mean', 'spec_skew', 'spec_kurtosis', 'mfcc_1', 'mfcc_2']",0.8327137546468402,0.8175182481751825,0.8484848484848485,0.8873834463235843,0.9194756554307116,0.9000916590284143,0.939712918660287,0.9498371304046974,0.9679937548790007,0.9896249002394254,0.9472880061115355,0.9968740779531055
RF,0.9066804695090273,0.9057939681620427,0.9088126957322004,0.9331550802139037,0.9383033947961031,"{'n_estimators': 100, 'max_depth': 5}","['mfcc_mean', 'mfcc_var', 'mfcc_std', 'mfcc_2']",0.8355387523629489,0.8339622641509434,0.8371212121212122,0.8974888212115129,0.919093851132686,0.889087656529517,0.9511961722488038,0.9207091112154955,0.9654088050314465,0.994331983805668,0.9381207028265852,0.9967122519613012
RF,0.9065939592828914,0.903518328527174,0.9112119648497358,0.93353705118411,0.9315475035419517,"{'n_estimators': 100, 'max_depth': 5}","['mfcc_mean', 'spec_skew', 'mfcc_1', 'mfcc_2']",0.8336448598130841,0.8228782287822878,0.8446969696969697,0.8860020499187525,0.9196675900277008,0.8884924174843889,0.9531100478468899,0.9135263773459588,0.9664694280078896,0.9991843393148451,0.9358288770053476,0.9951140833611438
RF,0.9065497456202501,0.8944390199957538,0.9217047744137528,0.9327731092436975,0.9209732531706468,"{'n_estimators': 50, 'max_depth': 5}","['spec_skew', 'spec_kurtosis', 'mfcc_1', 'wav_detail_lvl5_std', 'mfcc_var', 'mfcc_std']",0.8348134991119005,0.7859531772575251,0.8901515151515151,0.8538117121724674,0.9175257731958762,0.898989898989899,0.9368421052631579,0.913859853537132,0.9673099645529736,0.9983739837398374,0.9381207028265852,0.9952481938023412
RF,0.9063593609008418,0.8882937102976577,0.9308839165650311,0.9327731092436975,0.9345529020544151,"{'n_estimators': 50, 'max_depth': 5}","['mfcc_mean', 'wav_detail_lvl5_std', 'mfcc_var', 'mfcc_std', 'wav_approx_std', 'mfcc_2']",0.8333333333333334,0.7561728395061729,0.928030303030303,0.8990050878381005,0.9164292497625831,0.9095193213949104,0.9234449760765551,0.9076233499422024,0.969315499606609,0.9991889699918897,0.9411764705882353,0.9970302683829422
RF,0.906280983218406,0.889516140428601,0.9280668248160509,0.9278074866310161,0.9477607122763972,"{'n_estimators': 50, 'max_depth': 10}","['mfcc_var', 'mfcc_std', 'mfcc_2']",0.8482758620689655,0.7784810126582279,0.9318181818181818,0.9185312797535239,0.9101283880171184,0.9045368620037807,0.9157894736842105,0.929292272524031,0.9604386995691343,0.9855305466237942,0.9365928189457601,0.9954585845516373
RF,0.9062366352986873,0.8979929754962345,0.915986490289896,0.9346829640947288,0.9478050751319743,"{'n_estimators': 50, 'max_depth': 10}","['mfcc_mean', 'spec_kurtosis', 'wav_detail_lvl5_std', 'wav_approx_std', 'mfcc_2']",0.8290909090909091,0.7972027972027972,0.8636363636363636,0.9071108478413354,0.9197559831065227,0.9023941068139963,0.937799043062201,0.9413488713020892,0.9698630136986301,0.9943820224719101,0.946524064171123,0.9949555062524983
RF,0.9061872552768305,0.8856471279794217,0.9355272092888193,0.9312452253628725,0.9344942117811709,"{'n_estimators': 50, 'max_depth': 5}","['mfcc_mean', 'spec_kurtosis', 'mfcc_1', 'wav_detail_lvl5_std', 'mfcc_var', 'mfcc_std']",0.8366666666666667,0.7470238095238095,0.9507575757575758,0.8913736063291543,0.9142040038131554,0.9107312440645774,0.9177033492822967,0.9155781041266906,0.9676910953506698,0.9991863303498779,0.9381207028265852,0.9965309248876676
RF,0.906186135825421,0.8961803095055503,0.9183214274545545,0.935064935064935,0.9329082108844814,"{'n_estimators': 50, 'max_depth': None}","['mfcc_mean', 'spec_skew', 'spec_kurtosis', 'mfcc_std', 'wav_approx_std']",0.8273381294964028,0.7876712328767124,0.8712121212121212,0.8710940955798234,0.9202626641651032,0.9024839006439742,0.938755980861244,0.935845569729265,0.9709576138147566,0.9983857949959645,0.944996180290298,0.991784967344356
RF,0.906186135825421,0.8961803095055503,0.9183214274545545,0.935064935064935,0.932895947596192,"{'n_estimators': 50, 'max_depth': None}","['mfcc_mean', 'spec_skew', 'spec_kurtosis', 'mfcc_var', 'wav_approx_std']",0.8273381294964028,0.7876712328767124,0.8712121212121212,0.8710628506565019,0.9202626641651032,0.9024839006439742,0.938755980861244,0.9358400247885313,0.9709576138147566,0.9983857949959645,0.944996180290298,0.9917849673435428
RF,0.9060433758218959,0.8978077777875765,0.9159891707879324,0.9343009931245225,0.9485360282946748,"{'n_estimators': 100, 'max_depth': 10}","['mfcc_mean', 'spec_skew', 'wav_detail_lvl5_std', 'mfcc_std', 'wav_approx_std']",0.8290909090909091,0.7972027972027972,0.8636363636363636,0.902304668406999,0.9200561009817672,0.8994515539305301,0.9416267942583733,0.9468411279417253,0.9689831173930114,0.9967689822294022,0.9427043544690603,0.9964622885353
RF,0.9060433758218959,0.8978077777875765,0.9159891707879324,0.9343009931245225,0.9485364832112272,"{'n_estimators': 100, 'max_depth': 10}","['mfcc_mean', 'spec_skew', 'wav_detail_lvl5_std', 'mfcc_var', 'wav_approx_std']",0.8290909090909091,0.7972027972027972,0.8636363636363636,0.902304668406999,0.9200561009817672,0.8994515539305301,0.9416267942583733,0.9468418685558103,0.9689831173930114,0.9967689822294022,0.9427043544690603,0.9964629126708723
RF,0.9060162924112468,0.8925959699987533,0.9228599573800812,0.9362108479755539,0.9541719189954003,"{'n_estimators': 100, 'max_depth': 10}","['mfcc_mean', 'NDSI', 'wav_detail_lvl5_std', 'mfcc_var', 'wav_approx_std']",0.8224956063268892,0.7672131147540984,0.8863636363636364,0.9109585417372248,0.923004251299008,0.9113805970149254,0.9349282296650717,0.9542544294472668,0.9725490196078431,0.9991941982272361,0.9472880061115355,0.9973027858017093
RF,0.9060162924112468,0.8925959699987533,0.9228599573800812,0.9362108479755539,0.9541722917043121,"{'n_estimators': 100, 'max_depth': 10}","['mfcc_mean', 'NDSI', 'wav_detail_lvl5_std', 'mfcc_std', 'wav_approx_std']",0.8224956063268892,0.7672131147540984,0.8863636363636364,0.9109585417372248,0.923004251299008,0.9113805970149254,0.9349282296650717,0.9542555475740022,0.9725490196078431,0.9991941982272361,0.9472880061115355,0.9973027858017093
RF,0.9060091827536813,0.8939174460547731,0.921259811739688,0.932009167303285,0.9197632001728766,"{'n_estimators': 50, 'max_depth': 5}","['spec_skew', 'spec_kurtosis', 'mfcc_1', 'wav_detail_lvl5_std']",0.8348134991119005,0.7859531772575251,0.8901515151515151,0.8629021112414056,0.9167446211412535,0.8966148215919487,0.937799043062201,0.9023238089155585,0.9664694280078896,0.9991843393148451,0.9358288770053476,0.9940636803616659
RF,0.905981119663752,0.8975667454138071,0.9160103913973883,0.9373567608861727,0.9499477434030381,"{'n_estimators': 50, 'max_depth': 10}","['mfcc_mean', 'spec_skew', 'NDSI', 'mfcc_std', 'wav_approx_std', 'mfcc_2']",0.8203266787658802,0.7874564459930313,0.8560606060606061,0.8924930323035458,0.9230769230769231,0.9052437902483901,0.9416267942583733,0.9600679261830816,0.9745397571484528,1.0,0.9503437738731857,0.9972822717224868
RF,0.905981119663752,0.8975667454138071,0.9160103913973883,0.9373567608861727,0.9499497349528777,"{'n_estimators': 50, 'max_depth': 10}","['mfcc_mean', 'spec_skew', 'NDSI', 'mfcc_var', 'wav_approx_std', 'mfcc_2']",0.8203266787658802,0.7874564459930313,0.8560606060606061,0.8924930323035458,0.9230769230769231,0.9052437902483901,0.9416267942583733,0.960065760264557,0.9745397571484528,1.0,0.9503437738731857,0.9972904122905304
RF,0.905969025936772,0.8938305882450769,0.9209083314346472,0.9362108479755539,0.9540853578618336,"{'n_estimators': 50, 'max_depth': 10}","['mfcc_mean', 'NDSI', 'mfcc_1', 'wav_detail_lvl5_std', 'mfcc_std', 'wav_approx_std']",0.8226950354609929,0.7733333333333333,0.8787878787878788,0.9078752815228335,0.9226415094339623,0.9097674418604651,0.9358851674641149,0.9565866078996861,0.9725705329153606,0.998390989541432,0.948051948051948,0.9977941841629813
RF,0.905969025936772,0.8938305882450769,0.9209083314346472,0.9362108479755539,0.9540853578618336,"{'n_estimators': 50, 'max_depth': 10}","['mfcc_mean', 'NDSI', 'mfcc_1', 'wav_detail_lvl5_std', 'mfcc_var', 'wav_approx_std']",0.8226950354609929,0.7733333333333333,0.8787878787878788,0.9078752815228335,0.9226415094339623,0.9097674418604651,0.9358851674641149,0.9565866078996861,0.9725705329153606,0.998390989541432,0.948051948051948,0.9977941841629813
RF,0.9058644434126327,0.8902668696563562,0.9261013496307614,0.9327731092436975,0.9434846814895869,"{'n_estimators': 100, 'max_depth': 5}","['mfcc_mean', 'NDSI', 'wav_detail_lvl5_std', 'mfcc_std', 'mfcc_2']",0.8318890814558059,0.7667731629392971,0.9090909090909091,0.9160045653705249,0.9167455061494797,0.9064546304957904,0.9272727272727272,0.9176407639753545,0.968958742632613,0.9975728155339806,0.9419404125286478,0.9968087151228812
RF,0.9058644434126327,0.8902668696563562,0.9261013496307614,0.9327731092436975,0.9434846814895869,"{'n_estimators': 100, 'max_depth': 5}","['mfcc_mean', 'NDSI', 'wav_detail_lvl5_std', 'mfcc_var', 'mfcc_2']",0.8318890814558059,0.7667731629392971,0.9090909090909091,0.9160045653705249,0.9167455061494797,0.9064546304957904,0.9272727272727272,0.9176407639753545,0.968958742632613,0.9975728155339806,0.9419404125286478,0.9968087151228812
RF,0.9057277459498471,0.8986066557022901,0.9140693757566822,0.9388846447669977,0.9540901949283004,"{'n_estimators': 50, 'max_depth': 10}","['mfcc_mean', 'NDSI', 'mfcc_var', 'mfcc_std', 'wav_approx_std', 'mfcc_2']",0.8153564899451554,0.7879858657243817,0.8446969696969697,0.9017964998661967,0.9248826291079812,0.9078341013824884,0.9425837320574163,0.9626743519065871,0.9769441187964049,1.0,0.9549274255156608,0.9977997330121174
RF,0.9056687853903215,0.8987969431562656,0.9138041181384834,0.9369747899159664,0.9441114805863573,"{'n_estimators': 50, 'max_depth': 10}","['mfcc_mean', 'mfcc_1', 'mfcc_std', 'wav_approx_std', 'mfcc_2']",0.8205128205128205,0.7943262411347518,0.8484848484848485,0.8879962536313771,0.9227166276346604,0.9036697247706422,0.9425837320574163,0.947365729318856,0.9737769080234834,0.9983948635634029,0.9503437738731857,0.996972458808839
RF,0.9056687853903215,0.8987969431562656,0.9138041181384834,0.9369747899159664,0.9441114690118261,"{'n_estimators': 50, 'max_depth': 10}","['mfcc_mean', 'mfcc_1', 'mfcc_var', 'wav_approx_std', 'mfcc_2']",0.8205128205128205,0.7943262411347518,0.8484848484848485,0.8879962536313771,0.9227166276346604,0.9036697247706422,0.9425837320574163,0.947365729318856,0.9737769080234834,0.9983948635634029,0.9503437738731857,0.9969724240852452
RF,0.9056659955829578,0.886656358386079,0.9318759242133855,0.932009167303285,0.9376861571836903,"{'n_estimators': 50, 'max_depth': 5}","['mfcc_mean', 'NDSI', 'wav_detail_lvl5_std', 'mfcc_var']",0.8330522765598651,0.7507598784194529,0.9356060606060606,0.9010084251721074,0.9149139579349904,0.9140401146131805,0.9157894736842105,0.9175262362557716,0.969031752254018,0.9951690821256038,0.9442322383498855,0.9945238101231917
RF,0.9056659955829578,0.886656358386079,0.9318759242133855,0.932009167303285,0.9376861571836903,"{'n_estimators': 50, 'max_depth': 5}","['mfcc_mean', 'NDSI', 'wav_detail_lvl5_std', 'mfcc_std']",0.8330522765598651,0.7507598784194529,0.9356060606060606,0.9010084251721074,0.9149139579349904,0.9140401146131805,0.9157894736842105,0.9175262362557716,0.969031752254018,0.9951690821256038,0.9442322383498855,0.9945238101231917
RF,0.9055790594413257,0.9043367743485878,0.9081236960493927,0.93353705118411,0.9381174510832938,"{'n_estimators': 100, 'max_depth': 5}","['mfcc_mean', 'mfcc_1', 'mfcc_var', 'mfcc_2']",0.8301886792452831,0.8270676691729323,0.8333333333333334,0.8939206863895142,0.9195933456561922,0.8891867739052726,0.9521531100478469,0.9238203699095747,0.9669551534225019,0.9967558799675588,0.9388846447669977,0.9966112969507925
RF,0.9055790594413257,0.9043367743485878,0.9081236960493927,0.93353705118411,0.9381174510832938,"{'n_estimators': 100, 'max_depth': 5}","['mfcc_mean', 'mfcc_1', 'mfcc_std', 'mfcc_2']",0.8301886792452831,0.8270676691729323,0.8333333333333334,0.8939206863895142,0.9195933456561922,0.8891867739052726,0.9521531100478469,0.9238203699095747,0.9669551534225019,0.9967558799675588,0.9388846447669977,0.9966112969507925
RF,0.905567980523155,0.8931367082344218,0.9208950406318827,0.935064935064935,0.9482971270726798,"{'n_estimators': 50, 'max_depth': 10}","['spec_skew', 'spec_kurtosis', 'mfcc_std', 'wav_approx_std', 'mfcc_2']",0.8247787610619469,0.7740863787375415,0.8825757575757576,0.9031640331107665,0.9197355996222851,0.907735321528425,0.9320574162679426,0.9456920361927541,0.9721895808852331,0.997588424437299,0.948051948051948,0.9960353119145187
RF,0.9053913100789693,0.8922081878909464,0.9218386876281613,0.935064935064935,0.9486867934857762,"{'n_estimators': 100, 'max_depth': 10}","['spec_skew', 'spec_kurtosis', 'mfcc_var', 'wav_approx_std', 'mfcc_2']",0.823943661971831,0.7697368421052632,0.8863636363636364,0.9031262822689475,0.9196597353497165,0.9084967320261438,0.9311004784688995,0.9462381086777094,0.9725705329153606,0.998390989541432,0.948051948051948,0.996695989510672
RF,0.9051853455903144,0.89380121184988,0.9188657919308074,0.9339190221543163,0.9561827982672009,"{'n_estimators': 100, 'max_depth': 10}","['spec_kurtosis', 'mfcc_1', 'mfcc_2']",0.8270944741532977,0.7811447811447811,0.8787878787878788,0.9205991111541783,0.9181258873639375,0.9082397003745318,0.9282296650717703,0.9509498925459292,0.970335675253708,0.9920191540303273,0.9495798319327731,0.9969993911014949
RF,0.9051500644705289,0.8922182499560778,0.92117950848601,0.9312452253628725,0.9414045110194321,"{'n_estimators': 50, 'max_depth': 10}","['mfcc_mean', 'spec_skew', 'wav_detail_lvl5_std', 'mfcc_var', 'mfcc_std']",0.833922261484099,0.7814569536423841,0.8939393939393939,0.8880828171223697,0.9160377358490566,0.9032558139534884,0.9291866028708134,0.9404859312539235,0.9654901960784313,0.991941982272361,0.9404125286478228,0.9956447846820036
RF,0.9051499809624298,0.906322662844402,0.9054963612239154,0.935064935064935,0.9416407774480277,"{'n_estimators': 50, 'max_depth': 5}","['mfcc_mean', 'spec_skew', 'NDSI', 'mfcc_1', 'mfcc_2']",0.8244274809160306,0.8307692307692308,0.8181818181818182,0.900854296255033,0.921731123388582,0.8881987577639752,0.9578947368421052,0.9279144385357208,0.9692913385826771,1.0,0.9404125286478228,0.9961535975533293
RF,0.905013935763801,0.8885739601535532,0.9266616854078155,0.9323911382734912,0.9473690119670829,"{'n_estimators': 50, 'max_depth': 10}","['spec_kurtosis', 'NDSI', 'wav_detail_lvl5_std', 'wav_approx_std', 'mfcc_2']",0.8296041308089501,0.7602523659305994,0.9128787878787878,0.9026649612938498,0.9160739687055477,0.9078947368421053,0.9244019138755981,0.9439941322073178,0.969363707776905,0.9975747776879548,0.9427043544690603,0.995447942400081
RF,0.90497073845557,0.8891754394126224,0.9256563869566965,0.932009167303285,0.9232186733583281,"{'n_estimators': 100, 'max_depth': 5}","['mfcc_mean', 'spec_skew', 'mfcc_1', 'wav_detail_lvl5_std']",0.8304498269896193,0.7643312101910829,0.9090909090909091,0.8846047161521994,0.9159584513692163,0.9040074557315937,0.9282296650717703,0.8908331188320271,0.968503937007874,0.9991876523151909,0.9396485867074102,0.994218185090758
RF,0.9049624288871324,0.889681528404504,0.9246775584236885,0.9369747899159664,0.954414911557429,"{'n_estimators': 100, 'max_depth': 10}","['NDSI', 'mfcc_std', 'wav_approx_std', 'mfcc_2']",0.8166089965397924,0.7515923566878981,0.8939393939393939,0.9118962250602063,0.9213161659513591,0.9182509505703422,0.9244019138755981,0.954020737102246,0.976962124170246,0.9992012779552716,0.9556913674560733,0.9973277725098347
RF,0.9049624288871324,0.889681528404504,0.9246775584236885,0.9369747899159664,0.9544149115574291,"{'n_estimators': 100, 'max_depth': 10}","['NDSI', 'mfcc_var', 'wav_approx_std', 'mfcc_2']",0.8166089965397924,0.7515923566878981,0.8939393939393939,0.9118962250602063,0.9213161659513591,0.9182509505703422,0.9244019138755981,0.9540207371022461,0.976962124170246,0.9992012779552716,0.9556913674560733,0.9973277725098348
RF,0.9049567097928003,0.8910405221449755,0.9225920192638458,0.9346829640947288,0.9483724357613875,"{'n_estimators': 100, 'max_depth': 10}","['NDSI', 'mfcc_1', 'wav_approx_std']",0.8231173380035026,0.7654723127035831,0.8901515151515151,0.8871340591265487,0.9192253188474256,0.9076492537313433,0.9311004784688995,0.9596526695852662,0.9725274725274725,1.0,0.946524064171123,0.998330578572348
RF,0.9049493258131384,0.8983921526206182,0.912849860837477,0.9354469060351414,0.9463927350123867,"{'n_estimators': 100, 'max_depth': 10}","['mfcc_mean', 'NDSI', 'mfcc_1', 'wav_approx_std']",0.8220183486238533,0.797153024911032,0.8484848484848485,0.887828313496849,0.9210649229332087,0.8996350364963503,0.9435406698564593,0.9533828445778596,0.971764705882353,0.9983883964544722,0.946524064171123,0.9979670469624514
RF,0.9048700185576437,0.884993096585136,0.9330125670682947,0.932009167303285,0.9288647898543658,"{'n_estimators': 50, 'max_depth': 5}","['mfcc_mean', 'mfcc_1', 'wav_detail_lvl5_std', 'mfcc_var', 'mfcc_std', 'wav_approx_std']",0.8294314381270903,0.7425149700598802,0.9393939393939394,0.8869977194274326,0.9150763358778626,0.9124643196955281,0.9177033492822967,0.9035630953214999,0.970102281667978,1.0,0.9419404125286478,0.9960335548141648
RF,0.9048125675347695,0.9063677989077634,0.9047430295882308,0.9354469060351414,0.9334913988160792,"{'n_estimators': 50, 'max_depth': 5}","['mfcc_mean', 'NDSI', 'mfcc_1', 'mfcc_2']",0.8221797323135756,0.8301158301158301,0.8143939393939394,0.8865966964895754,0.9221556886227545,0.88898756660746,0.9578947368421052,0.9170323014484251,0.970102281667978,1.0,0.9419404125286478,0.9968451985102371
RF,0.9047836766749962,0.8921607768365535,0.9209302221686122,0.9300993124522536,0.9220854033285536,"{'n_estimators': 100, 'max_depth': 5}","['spec_skew', 'spec_kurtosis', 'wav_detail_lvl5_std', 'mfcc_std']",0.8353982300884956,0.7840531561461794,0.8939393939393939,0.8618809880751791,0.9145259224661373,0.8932481751824818,0.9368421052631579,0.9115933278632291,0.9644268774703557,0.9991809991809992,0.932009167303285,0.9927818940472526
RF,0.9047836766749962,0.8921607768365535,0.9209302221686122,0.9300993124522536,0.9220854033285536,"{'n_estimators': 100, 'max_depth': 5}","['spec_skew', 'spec_kurtosis', 'wav_detail_lvl5_std', 'mfcc_var']",0.8353982300884956,0.7840531561461794,0.8939393939393939,0.8618809880751791,0.9145259224661373,0.8932481751824818,0.9368421052631579,0.9115933278632291,0.9644268774703557,0.9991809991809992,0.932009167303285,0.9927818940472526
RF,0.9047479733146848,0.8865020638211969,0.9296829417572452,0.9327731092436975,0.9457688695655012,"{'n_estimators': 50, 'max_depth': 10}","['spec_skew', 'NDSI', 'wav_detail_lvl5_std', 'wav_approx_std']",0.8271186440677966,0.7484662576687117,0.9242424242424242,0.8938748920893195,0.9161904761904762,0.9118483412322275,0.9205741626794258,0.9478196990444847,0.9709347996857817,0.9991915925626516,0.9442322383498855,0.9956120175626999
RF,0.9045224039835474,0.886000081344961,0.9299163684612601,0.9300993124522536,0.935788708427789,"{'n_estimators': 50, 'max_depth': 5}","['mfcc_mean', 'mfcc_1', 'wav_detail_lvl5_std', 'mfcc_2']",0.8338983050847457,0.754601226993865,0.9318181818181818,0.9027741489193817,0.9131466540104414,0.9058380414312618,0.9205741626794258,0.9078303639635308,0.9665222528554549,0.9975609756097561,0.9373567608861727,0.9967616124004547
RF,0.9042818150074993,0.9019832024341853,0.9081130857446648,0.932009167303285,0.9305241182776273,"{'n_estimators': 50, 'max_depth': 5}","['mfcc_mean', 'spec_kurtosis', 'mfcc_1', 'mfcc_2']",0.8292682926829268,0.8215613382899628,0.8371212121212122,0.8827885280744919,0.9178966789667896,0.8860195903829029,0.9521531100478469,0.9134226266329698,0.9656804733727811,0.99836867862969,0.935064935064935,0.9953612001254197
RF,0.9041693800464657,0.8912944635408735,0.9199221315320386,0.9331550802139037,0.9551242270154147,"{'n_estimators': 50, 'max_depth': 10}","['spec_skew', 'spec_kurtosis', 'mfcc_1', 'mfcc_std', 'mfcc_2']",0.8253968253968254,0.7722772277227723,0.8863636363636364,0.9170726026191416,0.9167063303188958,0.9119318181818182,0.9215311004784689,0.9511789095561245,0.9704049844236761,0.9896743447180302,0.9518716577540107,0.9971211688709778
RF,0.9041693800464657,0.8912944635408735,0.9199221315320386,0.9331550802139037,0.9551242270154147,"{'n_estimators': 50, 'max_depth': 10}","['spec_skew', 'spec_kurtosis', 'mfcc_1', 'mfcc_var', 'mfcc_2']",0.8253968253968254,0.7722772277227723,0.8863636363636364,0.9170726026191416,0.9167063303188958,0.9119318181818182,0.9215311004784689,0.9511789095561245,0.9704049844236761,0.9896743447180302,0.9518716577540107,0.9971211688709778
RF,0.9040656213219233,0.8983193610400936,0.9107728099214167,0.9289533995416348,0.94458314423952,"{'n_estimators': 50, 'max_depth': 10}","['mfcc_mean', 'mfcc_std', 'mfcc_2']",0.8376383763837638,0.8165467625899281,0.8598484848484849,0.8890694074105149,0.9128397375820057,0.8943985307621671,0.9320574162679426,0.947894030877438,0.96171875,0.9840127897681854,0.9404125286478228,0.9967859944306069
RF,0.9040656213219233,0.8983193610400936,0.9107728099214167,0.9289533995416348,0.9445846102697998,"{'n_estimators': 50, 'max_depth': 10}","['mfcc_mean', 'mfcc_var', 'mfcc_2']",0.8376383763837638,0.8165467625899281,0.8598484848484849,0.8890694074105149,0.9128397375820057,0.8943985307621671,0.9320574162679426,0.9478984289682775,0.96171875,0.9840127897681854,0.9404125286478228,0.9967859944306069
RF,0.9039368704483778,0.8910866337138494,0.9198525502705069,0.9308632543926662,0.9462471335125074,"{'n_estimators': 100, 'max_depth': 10}","['mfcc_mean', 'spec_kurtosis', 'mfcc_1', 'wav_detail_lvl5_std', 'mfcc_var']",0.8303886925795053,0.7781456953642384,0.8901515151515151,0.8950763301377873,0.9155261915998112,0.9031657355679702,0.9282296650717703,0.9478397740608192,0.9658957271658173,0.9919484702093397,0.9411764705882353,0.9958252963389161
RF,0.9039368704483778,0.8910866337138494,0.9198525502705069,0.9308632543926662,0.9462471335125074,"{'n_estimators': 100, 'max_depth': 10}","['mfcc_mean', 'spec_kurtosis', 'mfcc_1', 'wav_detail_lvl5_std', 'mfcc_std']",0.8303886925795053,0.7781456953642384,0.8901515151515151,0.8950763301377873,0.9155261915998112,0.9031657355679702,0.9282296650717703,0.9478397740608192,0.9658957271658173,0.9919484702093397,0.9411764705882353,0.9958252963389161
RF,0.9039145576421288,0.8816202488573941,0.9369913196538584,0.9274255156608098,0.9395254020617277,"{'n_estimators': 50, 'max_depth': 10}","['mfcc_1', 'wav_detail_lvl5_std', 'mfcc_std']",0.839344262295082,0.7398843930635838,0.9696969696969697,0.9063117242707055,0.9084778420038536,0.9146459747817652,0.9023923444976076,0.9182785625175206,0.9639215686274509,0.9903303787268332,0.9388846447669977,0.9939859193969571
RF,0.9039145576421288,0.8816202488573941,0.9369913196538584,0.9274255156608098,0.9395254020617277,"{'n_estimators': 50, 'max_depth': 10}","['mfcc_1', 'wav_detail_lvl5_std', 'mfcc_var']",0.839344262295082,0.7398843930635838,0.9696969696969697,0.9063117242707055,0.9084778420038536,0.9146459747817652,0.9023923444976076,0.9182785625175206,0.9639215686274509,0.9903303787268332,0.9388846447669977,0.9939859193969571
RF,0.9038208770183521,0.8938666849859697,0.9158472160794142,0.9331550802139037,0.9457874567412176,"{'n_estimators': 100, 'max_depth': 10}","['mfcc_mean', 'spec_skew', 'spec_kurtosis', 'NDSI', 'wav_detail_lvl5_std', 'mfcc_2']",0.8237410071942446,0.7842465753424658,0.8674242424242424,0.8975700264500587,0.9183098591549296,0.9013824884792627,0.9358851674641149,0.9442552159898912,0.9694117647058823,0.9959709911361805,0.9442322383498855,0.9955371277837028
RF,0.9038206862679438,0.8948601499423298,0.9146084909242803,0.9354469060351414,0.9485559117914807,"{'n_estimators': 100, 'max_depth': 10}","['mfcc_mean', 'NDSI', 'mfcc_var', 'wav_approx_std', 'mfcc_2']",0.8173598553345389,0.7820069204152249,0.8560606060606061,0.8892442360190659,0.9207688701359588,0.9025735294117647,0.939712918660287,0.9590155566155665,0.9733333333333334,1.0,0.948051948051948,0.9974079427398097
RF,0.9038206862679438,0.8948601499423298,0.9146084909242803,0.9354469060351414,0.9485690959620428,"{'n_estimators': 100, 'max_depth': 10}","['mfcc_mean', 'NDSI', 'mfcc_std', 'wav_approx_std', 'mfcc_2']",0.8173598553345389,0.7820069204152249,0.8560606060606061,0.8892442360190659,0.9207688701359588,0.9025735294117647,0.939712918660287,0.9590529094761587,0.9733333333333334,1.0,0.948051948051948,0.9974101423909039
RF,0.9037981717815949,0.8883937155392644,0.9238307444189796,0.9323911382734912,0.9412231778936939,"{'n_estimators': 100, 'max_depth': 10}","['spec_skew', 'spec_kurtosis', 'NDSI', 'wav_detail_lvl5_std', 'wav_approx_std']",0.8249566724436742,0.7603833865814696,0.9015151515151515,0.8812687150250916,0.9163120567375886,0.905607476635514,0.9272727272727272,0.9467441209002381,0.970125786163522,0.9991902834008097,0.9427043544690603,0.995656697755752
RF,0.9036295359546523,0.8896144066449759,0.9215628197052346,0.9316271963330787,0.9328293562260312,"{'n_estimators': 50, 'max_depth': 5}","['mfcc_mean', 'spec_kurtosis', 'wav_detail_lvl5_std', 'mfcc_var', 'mfcc_std']",0.8266199649737302,0.7687296416938111,0.8939393939393939,0.8906602386890574,0.9157647058823529,0.9009259259259259,0.9311004784688995,0.9123533969720744,0.968503937007874,0.9991876523151909,0.9396485867074102,0.9954744330169621
RF,0.9035865331039643,0.8920921049098037,0.9175176131058483,0.93048128342246,0.9503112028211036,"{'n_estimators': 50, 'max_depth': 10}","['mfcc_mean', 'wav_detail_lvl5_std', 'mfcc_var', 'mfcc_std', 'mfcc_2']",0.8306595365418895,0.7845117845117845,0.8825757575757576,0.9068390398417814,0.9141509433962264,0.9013953488372093,0.9272727272727272,0.947439234608082,0.9659491193737769,0.9903691813804173,0.9427043544690603,0.9966553340134475
RF,0.9035757917905102,0.8940985591893029,0.9145898391254428,0.935064935064935,0.9388733865147681,"{'n_estimators': 100, 'max_depth': 10}","['mfcc_mean', 'NDSI', 'mfcc_var']",0.818018018018018,0.7800687285223368,0.8598484848484849,0.8632819874432887,0.920303605313093,0.9125117591721543,0.9282296650717703,0.9554326691291117,0.9724057520404198,0.9897151898734177,0.9556913674560733,0.9979055029719038
RF,0.9035757917905102,0.8940985591893029,0.9145898391254428,0.935064935064935,0.9388727870980446,"{'n_estimators': 100, 'max_depth': 10}","['mfcc_mean', 'NDSI', 'mfcc_std']",0.818018018018018,0.7800687285223368,0.8598484848484849,0.8632819874432887,0.920303605313093,0.9125117591721543,0.9282296650717703,0.9554318959435101,0.9724057520404198,0.9897151898734177,0.9556913674560733,0.9979044779073353
RF,0.9034679155530668,0.8979176093485702,0.9103783299603734,0.9331550802139037,0.9410307306331366,"{'n_estimators': 100, 'max_depth': 10}","['mfcc_mean', 'spec_kurtosis', 'mfcc_std', 'wav_approx_std']",0.8228782287822878,0.802158273381295,0.8446969696969697,0.8878217970477735,0.9185667752442996,0.8940217391304348,0.9444976076555024,0.9396169601411282,0.968958742632613,0.9975728155339806,0.9419404125286478,0.9956534347105078
RF,0.9034679155530668,0.8979176093485702,0.9103783299603734,0.9331550802139037,0.9410307444685079,"{'n_estimators': 100, 'max_depth': 10}","['mfcc_mean', 'spec_kurtosis', 'mfcc_var', 'wav_approx_std']",0.8228782287822878,0.802158273381295,0.8446969696969697,0.8878217970477735,0.9185667752442996,0.8940217391304348,0.9444976076555024,0.9396170016472423,0.968958742632613,0.9975728155339806,0.9419404125286478,0.9956534347105078
RF,0.9034459765751368,0.8896504943525517,0.9211178570311698,0.9308632543926662,0.9239953732791317,"{'n_estimators': 100, 'max_depth': 5}","['mfcc_mean', 'spec_kurtosis', 'wav_detail_lvl5_std', 'mfcc_var']",0.8280701754385965,0.7712418300653595,0.8939393939393939,0.8819282544194242,0.9149835603569751,0.8985239852398524,0.9320574162679426,0.8962050352239389,0.9672841939298384,0.999185667752443,0.9373567608861727,0.9938528301940319
RF,0.9034459765751368,0.8896504943525517,0.9211178570311698,0.9308632543926662,0.9239953732791317,"{'n_estimators': 100, 'max_depth': 5}","['mfcc_mean', 'spec_kurtosis', 'wav_detail_lvl5_std', 'mfcc_std']",0.8280701754385965,0.7712418300653595,0.8939393939393939,0.8819282544194242,0.9149835603569751,0.8985239852398524,0.9320574162679426,0.8962050352239389,0.9672841939298384,0.999185667752443,0.9373567608861727,0.9938528301940319
RF,0.9034044676894468,0.8900842626847321,0.9203028739406447,0.9308632543926662,0.9285664797051795,"{'n_estimators': 100, 'max_depth': 10}","['mfcc_mean', 'spec_skew', 'spec_kurtosis', 'NDSI']",0.8274647887323944,0.7730263157894737,0.8901515151515151,0.8450351951847848,0.9178017848755284,0.9012915129151291,0.9349282296650717,0.9453313613786595,0.9649468294604174,0.9959349593495935,0.9358288770053476,0.9953328825520938
RF,0.903280841317322,0.8885684946321328,0.9220879739455591,0.9362108479755539,0.9541035440086837,"{'n_estimators': 100, 'max_depth': 10}","['NDSI', 'mfcc_var', 'mfcc_std', 'wav_approx_std', 'mfcc_2']",0.8125,0.75,0.8863636363636364,0.9066202263274862,0.9203624225083452,0.9173003802281369,0.9234449760765551,0.9577754435560986,0.9769801014436208,0.9984051036682615,0.9564553093964858,0.9979149621424663
RF,0.9030931814614312,0.8925762682568491,0.9164023025478133,0.93048128342246,0.9421415972080359,"{'n_estimators': 100, 'max_depth': 10}","['mfcc_mean', 'spec_skew', 'spec_kurtosis', 'NDSI', 'wav_approx_std']",0.8279569892473119,0.7857142857142857,0.875,0.8891015485010634,0.9156963204471356,0.8920145190562614,0.9406698564593301,0.9417540239113509,0.9656262346898459,1.0,0.93353705118411,0.9955692192116937
RF,0.9030112822091668,0.8903090205340884,0.9185441321664233,0.9339190221543163,0.9426685040348487,"{'n_estimators': 100, 'max_depth': 10}","['spec_skew', 'spec_kurtosis', 'NDSI', 'mfcc_1', 'mfcc_var']",0.818342151675485,0.7656765676567657,0.8787878787878788,0.8698883133307034,0.9194854692710814,0.9155597722960152,0.9234449760765551,0.9602037185969342,0.9712062256809338,0.9896907216494846,0.9533995416348358,0.9979134801769084
RF,0.9030112822091668,0.8903090205340884,0.9185441321664233,0.9339190221543163,0.9426690529928646,"{'n_estimators': 100, 'max_depth': 10}","['spec_skew', 'spec_kurtosis', 'NDSI', 'mfcc_1', 'mfcc_std']",0.818342151675485,0.7656765676567657,0.8787878787878788,0.8698883133307034,0.9194854692710814,0.9155597722960152,0.9234449760765551,0.9602053654709821,0.9712062256809338,0.9896907216494846,0.9533995416348358,0.9979134801769084
RF,0.9030088333733087,0.8819932054010637,0.9334846697849795,0.9289533995416348,0.9336481619185036,"{'n_estimators': 50, 'max_depth': 5}","['mfcc_mean', 'wav_detail_lvl5_std', 'mfcc_var', 'mfcc_std']",0.8311258278145696,0.7382352941176471,0.9507575757575758,0.8936129155394771,0.9109195402298851,0.9117929050814957,0.9100478468899521,0.9112526655342965,0.9669811320754716,0.9959514170040485,0.9396485867074102,0.9960789046817375
RF,0.9029919688942302,0.8897251470998654,0.9199195627214203,0.93048128342246,0.9271707010497714,"{'n_estimators': 50, 'max_depth': 5}","['mfcc_mean', 'spec_skew', 'wav_detail_lvl5_std', 'mfcc_std']",0.8274647887323944,0.7730263157894737,0.8901515151515151,0.8829757707727152,0.9146341463414634,0.8969641214351426,0.9330143540669856,0.905629607923838,0.9668769716088328,0.9991850040749797,0.9365928189457601,0.9929067244527611
RF,0.9029919688942302,0.8897251470998654,0.9199195627214203,0.93048128342246,0.9271707010497714,"{'n_estimators': 50, 'max_depth': 5}","['mfcc_mean', 'spec_skew', 'wav_detail_lvl5_std', 'mfcc_var']",0.8274647887323944,0.7730263157894737,0.8901515151515151,0.8829757707727152,0.9146341463414634,0.8969641214351426,0.9330143540669856,0.905629607923838,0.9668769716088328,0.9991850040749797,0.9365928189457601,0.9929067244527611
RF,0.9028465792716304,0.8970258544998938,0.9102523465526562,0.9327731092436975,0.9380210382423112,"{'n_estimators': 100, 'max_depth': 10}","['mfcc_mean', 'spec_skew', 'mfcc_1', 'wav_approx_std']",0.8213627992633518,0.7992831541218638,0.8446969696969697,0.8788478763039413,0.9182915506035283,0.8917944093778178,0.9464114832535885,0.9390428743275394,0.968885387948011,1.0,0.9396485867074102,0.9961723640954532
RF,0.9028148971836273,0.8911356418012657,0.917488462689701,0.9255156608097784,0.9507704118407468,"{'n_estimators': 100, 'max_depth': 5}","['mfcc_1', 'mfcc_std', 'mfcc_2']",0.8413547237076648,0.7946127946127947,0.8939393939393939,0.9227521935457288,0.9089210649229332,0.8877737226277372,0.9311004784688995,0.934125325834656,0.9581689029202841,0.9910204081632653,0.9274255156608098,0.9954337161418557
RF,0.9028148971836273,0.8911356418012657,0.917488462689701,0.9255156608097784,0.9507906262462544,"{'n_estimators': 100, 'max_depth': 5}","['mfcc_1', 'mfcc_var', 'mfcc_2']",0.8413547237076648,0.7946127946127947,0.8939393939393939,0.9228110095261204,0.9089210649229332,0.8877737226277372,0.9311004784688995,0.9341271530707873,0.9581689029202841,0.9910204081632653,0.9274255156608098,0.9954337161418557
RF,0.9027308009125631,0.8965792646172392,0.9104426619132502,0.9331550802139037,0.9385756418596513,"{'n_estimators': 100, 'max_depth': 10}","['mfcc_mean', 'spec_skew', 'mfcc_std', 'wav_approx_std']",0.8198529411764706,0.7964285714285714,0.8446969696969697,0.8813013532289674,0.9186424918642492,0.8933092224231465,0.9454545454545454,0.9385495271626365,0.9696969696969697,1.0,0.9411764705882353,0.9958760451873497
RF,0.9027308009125631,0.8965792646172392,0.9104426619132502,0.9331550802139037,0.9385753222953003,"{'n_estimators': 100, 'max_depth': 10}","['mfcc_mean', 'spec_skew', 'mfcc_var', 'wav_approx_std']",0.8198529411764706,0.7964285714285714,0.8446969696969697,0.8813013532289674,0.9186424918642492,0.8933092224231465,0.9454545454545454,0.9385485684695833,0.9696969696969697,1.0,0.9411764705882353,0.9958760451873497
RF,0.9026377867401396,0.8905902469993531,0.9174128503075871,0.9331550802139037,0.9530286863477947,"{'n_estimators': 50, 'max_depth': 10}","['mfcc_mean', 'NDSI', 'wav_detail_lvl5_std', 'mfcc_var', 'wav_approx_std', 'mfcc_2']",0.8191489361702128,0.77,0.875,0.9088682010930922,0.9173358526216344,0.9057835820895522,0.9291866028708134,0.9533412155279298,0.9714285714285714,0.9959871589085072,0.948051948051948,0.9968766424223621
RF,0.9026377867401396,0.8905902469993531,0.9174128503075871,0.9331550802139037,0.953031867018328,"{'n_estimators': 50, 'max_depth': 10}","['mfcc_mean', 'NDSI', 'wav_detail_lvl5_std', 'mfcc_std', 'wav_approx_std', 'mfcc_2']",0.8191489361702128,0.77,0.875,0.908876759447982,0.9173358526216344,0.9057835820895522,0.9291866028708134,0.9533449788783872,0.9714285714285714,0.9959871589085072,0.948051948051948,0.9968738627286148
RF,0.9025121806298277,0.8913138909915702,0.9162278468006022,0.9339190221543163,0.9536682791959711,"{'n_estimators': 100, 'max_depth': 10}","['mfcc_mean', 'NDSI', 'mfcc_1', 'wav_detail_lvl5_std', 'wav_approx_std', 'mfcc_2']",0.8163992869875223,0.7710437710437711,0.8674242424242424,0.9097002399930246,0.9185882352941176,0.9037037037037037,0.9339712918660287,0.9540677147730305,0.9725490196078431,0.9991941982272361,0.9472880061115355,0.997236882821858
RF,0.9024197157474446,0.8881958447138203,0.9207345458119452,0.93048128342246,0.9248627999199251,"{'n_estimators': 100, 'max_depth': 5}","['mfcc_mean', 'spec_kurtosis', 'mfcc_1', 'wav_detail_lvl5_std']",0.8251748251748252,0.7662337662337663,0.8939393939393939,0.8830724751464173,0.9143932267168391,0.8991674375578168,0.9301435406698565,0.897088877994058,0.9676910953506698,0.9991863303498779,0.9381207028265852,0.9944270466193004
RF,0.9024188667750361,0.8966055239300021,0.9096893302775655,0.93353705118411,0.9395101309601613,"{'n_estimators': 100, 'max_depth': 10}","['mfcc_mean', 'spec_kurtosis', 'mfcc_1', 'wav_approx_std']",0.8176795580110497,0.7956989247311828,0.8409090909090909,0.8837149197038581,0.9190697674418604,0.8941176470588236,0.9454545454545454,0.9393361941303542,0.9705072748721982,1.0,0.9427043544690603,0.9954792790462718
RF,0.9022941493423097,0.8884926000374521,0.9199706038715326,0.9293353705118411,0.9384021878966434,"{'n_estimators': 100, 'max_depth': 5}","['mfcc_mean', 'wav_detail_lvl5_std', 'mfcc_std', 'mfcc_2']",0.8280701754385965,0.7712418300653595,0.8939393939393939,0.9091440860606015,0.913104744011273,0.8966789667896679,0.9301435406698565,0.9096028725426728,0.9657075285770595,0.997557003257329,0.9358288770053476,0.9964596050866559
RF,0.9022941493423097,0.8884926000374521,0.9199706038715326,0.9293353705118411,0.9383914908851562,"{'n_estimators': 100, 'max_depth': 5}","['mfcc_mean', 'wav_detail_lvl5_std', 'mfcc_var', 'mfcc_2']",0.8280701754385965,0.7712418300653595,0.8939393939393939,0.9091136090147018,0.913104744011273,0.8966789667896679,0.9301435406698565,0.9096012585541107,0.9657075285770595,0.997557003257329,0.9358288770053476,0.9964596050866559
RF,0.9022570270227082,0.8967851868189848,0.9092443676035007,0.9327731092436975,0.9389823050419089,"{'n_estimators': 50, 'max_depth': 10}","['mfcc_mean', 'spec_kurtosis', 'mfcc_var', 'mfcc_std', 'wav_approx_std']",0.8191881918819188,0.7985611510791367,0.8409090909090909,0.8872470014655883,0.9182915506035283,0.8917944093778178,0.9464114832535885,0.9343115966184253,0.9692913385826771,1.0,0.9404125286478228,0.9953883170417134
RF,0.9022416524701677,0.8960223959283123,0.9094160311652573,0.9327731092436975,0.9473987771142491,"{'n_estimators': 50, 'max_depth': 10}","['mfcc_mean', 'NDSI', 'mfcc_var', 'wav_approx_std']",0.8198529411764706,0.7964285714285714,0.8446969696969697,0.8887408644057927,0.9172932330827067,0.9012003693444137,0.9339712918660287,0.9553651054900782,0.9695787831513261,0.9904382470119522,0.9495798319327731,0.9980903614468761
RF,0.9022416524701677,0.8960223959283123,0.9094160311652573,0.9327731092436975,0.9474043757662308,"{'n_estimators': 50, 'max_depth': 10}","['mfcc_mean', 'NDSI', 'mfcc_std', 'wav_approx_std']",0.8198529411764706,0.7964285714285714,0.8446969696969697,0.8887557402784506,0.9172932330827067,0.9012003693444137,0.9339712918660287,0.9553670255733657,0.9695787831513261,0.9904382470119522,0.9495798319327731,0.9980903614468761
RF,0.9020989948641276,0.8788952055521236,0.9374767131733076,0.9255156608097784,0.9304551786095159,"{'n_estimators': 50, 'max_depth': 10}","['wav_detail_lvl5_std', 'mfcc_var', 'mfcc_std']",0.8376623376623377,0.7329545454545454,0.9772727272727273,0.888188522021433,0.9059334298118669,0.9134241245136187,0.8985645933014355,0.9097933117725414,0.9627012171181782,0.9903069466882067,0.9365928189457601,0.993383702034573
RF,0.9020762014791389,0.8809464837668646,0.9328467112522839,0.9281894576012223,0.9329067674494,"{'n_estimators': 100, 'max_depth': 5}","['mfcc_mean', 'mfcc_1', 'wav_detail_lvl5_std', 'mfcc_var', 'mfcc_std']",0.8297520661157025,0.7360703812316716,0.9507575757575758,0.8919457149977622,0.909875359539789,0.9116234390009607,0.908133971291866,0.910670968064825,0.9666011787819253,0.9951456310679612,0.9396485867074102,0.9961036192856129
RF,0.9019735903185419,0.8920523161210002,0.9143220126966257,0.93048128342246,0.9403961441646013,"{'n_estimators': 100, 'max_depth': 10}","['mfcc_mean', 'spec_skew', 'spec_kurtosis', 'NDSI', 'wav_approx_std', 'mfcc_2']",0.8237410071942446,0.7842465753424658,0.8674242424242424,0.8856729852380324,0.9164722351843211,0.8943533697632058,0.939712918660287,0.9404230440568007,0.9657075285770595,0.997557003257329,0.9358288770053476,0.995092403198971
RF,0.9017394726443109,0.888205787377351,0.9187696290637467,0.9293353705118411,0.9450333301957926,"{'n_estimators': 100, 'max_depth': 10}","['mfcc_mean', 'spec_skew', 'mfcc_1', 'wav_detail_lvl5_std', 'mfcc_std']",0.8260105448154658,0.7704918032786885,0.8901515151515151,0.8925400210549644,0.9141509433962264,0.9013953488372093,0.9272727272727272,0.9465806508227068,0.9650569297212407,0.9927302100161551,0.9388846447669977,0.995979318709707
RF,0.9017394726443109,0.888205787377351,0.9187696290637467,0.9293353705118411,0.9450326559101477,"{'n_estimators': 100, 'max_depth': 10}","['mfcc_mean', 'spec_skew', 'mfcc_1', 'wav_detail_lvl5_std', 'mfcc_var']",0.8260105448154658,0.7704918032786885,0.8901515151515151,0.8925400210549644,0.9141509433962264,0.9013953488372093,0.9272727272727272,0.9465806508227068,0.9650569297212407,0.9927302100161551,0.9388846447669977,0.9959772958527718
RF,0.9014455116837885,0.8802007404204645,0.9325277319859363,0.9278074866310161,0.9283425541124215,"{'n_estimators': 50, 'max_depth': 5}","['mfcc_mean', 'mfcc_1', 'wav_detail_lvl5_std', 'mfcc_var']",0.8283828382838284,0.7339181286549707,0.9507575757575758,0.8857978992429367,0.9093525179856116,0.9115384615384615,0.907177033492823,0.9034995281444557,0.9666011787819253,0.9951456310679612,0.9396485867074102,0.9957302349498718
RF,0.9014455116837885,0.8802007404204645,0.9325277319859363,0.9278074866310161,0.9283425541124215,"{'n_estimators': 50, 'max_depth': 5}","['mfcc_mean', 'mfcc_1', 'wav_detail_lvl5_std', 'mfcc_std']",0.8283828382838284,0.7339181286549707,0.9507575757575758,0.8857978992429367,0.9093525179856116,0.9115384615384615,0.907177033492823,0.9034995281444557,0.9666011787819253,0.9951456310679612,0.9396485867074102,0.9957302349498718
RF,0.9013562348456997,0.8816027582133911,0.9292624386277636,0.9285714285714286,0.9365747354380712,"{'n_estimators': 100, 'max_depth': 5}","['mfcc_mean', 'NDSI', 'mfcc_1', 'wav_detail_lvl5_std']",0.8260869565217391,0.7395209580838323,0.9356060606060606,0.8995363803266885,0.9105691056910569,0.9101338432122371,0.9110047846889953,0.913613740908944,0.9674126423243031,0.9951534733441034,0.9411764705882353,0.9965740850785816
RF,0.9010146040675733,0.8883936379506913,0.9168312939210773,0.93048128342246,0.9451393755825119,"{'n_estimators': 100, 'max_depth': 10}","['mfcc_mean', 'spec_skew', 'spec_kurtosis', 'NDSI', 'wav_detail_lvl5_std']",0.8197879858657244,0.7682119205298014,0.8787878787878788,0.8888277833828088,0.916274694261524,0.9010175763182239,0.9320574162679426,0.9507909970239621,0.9669811320754716,0.9959514170040485,0.9396485867074102,0.9957993463407646
RF,0.900984422173711,0.8793298663604204,0.9332916739263489,0.9289533995416348,0.9275968890925368,"{'n_estimators': 50, 'max_depth': 5}","['mfcc_mean', 'wav_detail_lvl5_std', 'mfcc_std', 'wav_approx_std']",0.8229508196721311,0.7254335260115607,0.9507575757575758,0.8888665501018949,0.9106628242074928,0.914175506268081,0.907177033492823,0.9010715745138723,0.9693396226415094,0.9983805668016195,0.9419404125286478,0.9928525426618431
RF,0.900984422173711,0.8793298663604204,0.9332916739263489,0.9289533995416348,0.9275968890925368,"{'n_estimators': 50, 'max_depth': 5}","['mfcc_mean', 'wav_detail_lvl5_std', 'mfcc_var', 'wav_approx_std']",0.8229508196721311,0.7254335260115607,0.9507575757575758,0.8888665501018949,0.9106628242074928,0.914175506268081,0.907177033492823,0.9010715745138723,0.9693396226415094,0.9983805668016195,0.9419404125286478,0.9928525426618431
RF,0.9009512125231668,0.8919496043545191,0.9121157394377208,0.9300993124522536,0.9438241450290551,"{'n_estimators': 50, 'max_depth': 10}","['mfcc_mean', 'spec_kurtosis', 'NDSI', 'wav_approx_std', 'mfcc_2']",0.8209764918625678,0.7854671280276817,0.8598484848484849,0.8928106374601548,0.9165501165501165,0.8936363636363637,0.9406698564593301,0.9433774858862278,0.9653270291568163,0.9967453213995118,0.9358288770053476,0.9952843117407828
RF,0.9009422759579143,0.8912981055023642,0.9128690710734054,0.9297173414820473,0.9453710536397129,"{'n_estimators': 50, 'max_depth': 10}","['mfcc_mean', 'spec_skew', 'NDSI', 'wav_approx_std']",0.8216216216216217,0.7835051546391752,0.8636363636363636,0.8903912599811945,0.9178338001867413,0.8960802187784868,0.9406698564593301,0.9495630585617854,0.9633714060653801,0.9943089430894309,0.9343009931245225,0.9961588423761587
RF,0.9009091860134727,0.8932013463514226,0.9103650391576088,0.932009167303285,0.9391501051445635,"{'n_estimators': 50, 'max_depth': 10}","['mfcc_mean', 'spec_skew', 'mfcc_1', 'mfcc_std', 'wav_approx_std']",0.8160291438979964,0.7859649122807018,0.8484848484848485,0.8843404303076934,0.9169776119402985,0.8944494995450409,0.9406698564593301,0.9374499456144675,0.9697208022021234,0.9991896272285251,0.9419404125286478,0.9956599395115299
RF,0.9009091860134727,0.8932013463514226,0.9103650391576088,0.932009167303285,0.9391501051445635,"{'n_estimators': 50, 'max_depth': 10}","['mfcc_mean', 'spec_skew', 'mfcc_1', 'mfcc_var', 'wav_approx_std']",0.8160291438979964,0.7859649122807018,0.8484848484848485,0.8843404303076934,0.9169776119402985,0.8944494995450409,0.9406698564593301,0.9374499456144675,0.9697208022021234,0.9991896272285251,0.9419404125286478,0.9956599395115299
RF,0.9007383502529298,0.8970288970288971,0.9059041319877233,0.932009167303285,0.9309989243975517,"{'n_estimators': 100, 'max_depth': 10}","['mfcc_mean', 'mfcc_1', 'wav_approx_std']",0.8156424581005587,0.8021978021978022,0.8295454545454546,0.87147590502148,0.918093475242943,0.8888888888888888,0.9492822966507177,0.9254978782004468,0.9684791174152876,1.0,0.9388846447669977,0.9960229899707285
RF,0.9006755443514747,0.8913836945769361,0.9119200630810539,0.93048128342246,0.9403704101276261,"{'n_estimators': 50, 'max_depth': 10}","['mfcc_mean', 'spec_skew', 'spec_kurtosis', 'mfcc_1', 'mfcc_var', 'mfcc_std', 'wav_approx_std']",0.8194945848375451,0.7827586206896552,0.8598484848484849,0.8867230338148723,0.9147141518275539,0.8962350780532599,0.9339712918660287,0.9387969995397067,0.9678178963893249,0.9951573849878934,0.9419404125286478,0.9955911970282992
RF,0.9005729542651899,0.8874164245777268,0.9168232524269676,0.9316271963330787,0.9422880024063423,"{'n_estimators': 100, 'max_depth': 10}","['spec_skew', 'spec_kurtosis', 'NDSI', 'mfcc_1', 'mfcc_var', 'mfcc_std']",0.8154657293497364,0.760655737704918,0.8787878787878788,0.8688144804435967,0.9166269652215341,0.9127134724857685,0.9205741626794258,0.9601743303700598,0.969626168224299,0.988880063542494,0.9511077158135982,0.9978751964053705
RF,0.9005323117056002,0.8843399524162474,0.9219274791256215,0.9316271963330787,0.9420823903486536,"{'n_estimators': 50, 'max_depth': 10}","['spec_kurtosis', 'NDSI', 'wav_detail_lvl5_std', 'wav_approx_std']",0.8144329896907216,0.7452830188679245,0.8977272727272727,0.8791730758689403,0.9153992395437263,0.9093484419263456,0.9215311004784689,0.9509218586575295,0.971764705882353,0.9983883964544722,0.946524064171123,0.9961522365194911
RF,0.9004482359745518,0.879014974512481,0.9320800888138349,0.9274255156608098,0.9308905911704123,"{'n_estimators': 100, 'max_depth': 5}","['mfcc_mean', 'mfcc_1', 'wav_detail_lvl5_std']",0.8256578947368421,0.7296511627906976,0.9507575757575758,0.8791234085418773,0.9086538461538461,0.9130434782608695,0.9043062200956937,0.9178262638833177,0.967032967032967,0.9943502824858758,0.9411764705882353,0.9957221010860418
RF,0.9003494800060213,0.8871056826331382,0.916890264877881,0.9312452253628725,0.9444364667728937,"{'n_estimators': 100, 'max_depth': 10}","['mfcc_mean', 'spec_kurtosis', 'NDSI', 'wav_detail_lvl5_std', 'mfcc_2']",0.8154657293497364,0.760655737704918,0.8787878787878788,0.8947651008568404,0.915719696969697,0.9062792877225867,0.9253588516746412,0.9431991483811502,0.9698630136986301,0.9943820224719101,0.946524064171123,0.9953451510806908
RF,0.9002927095077403,0.8924891580254558,0.9094564620106417,0.9300993124522536,0.9297392751795867,"{'n_estimators': 100, 'max_depth': None}","['mfcc_mean', 'spec_skew', 'spec_kurtosis', 'mfcc_var', 'mfcc_std', 'wav_approx_std']",0.819672131147541,0.7894736842105263,0.8522727272727273,0.862349839427847,0.914044152184124,0.8976014760147601,0.9311004784688995,0.9347757345777531,0.9671618451915559,0.9903923138510808,0.944996180290298,0.9920922515331598
RF,0.9001827104587026,0.8790821217299297,0.9308738646973941,0.9251336898395722,0.9293718982006532,"{'n_estimators': 50, 'max_depth': 5}","['wav_detail_lvl5_std', 'mfcc_std']",0.8311258278145696,0.7382352941176471,0.9507575757575758,0.8815682220942394,0.9064885496183206,0.9039010466222646,0.9090909090909091,0.9118281401497407,0.9629337539432177,0.9951100244498777,0.9327731092436975,0.9947193323579796
RF,0.9001827104587026,0.8790821217299297,0.9308738646973941,0.9251336898395722,0.9293718982006532,"{'n_estimators': 50, 'max_depth': 5}","['wav_detail_lvl5_std', 'mfcc_var']",0.8311258278145696,0.7382352941176471,0.9507575757575758,0.8815682220942394,0.9064885496183206,0.9039010466222646,0.9090909090909091,0.9118281401497407,0.9629337539432177,0.9951100244498777,0.9327731092436975,0.9947193323579796
RF,0.9000113310417547,0.8921299586701004,0.9094485322039502,0.9281894576012223,0.9356086925322659,"{'n_estimators': 100, 'max_depth': 10}","['mfcc_mean', 'spec_skew', 'wav_approx_std', 'mfcc_2']",0.8233151183970856,0.7929824561403509,0.8560606060606061,0.8822526013903671,0.914365933551708,0.8946886446886447,0.9349282296650717,0.9297618035413402,0.9623529411764706,0.9887187751813054,0.9373567608861727,0.99481167266509
RF,0.8999956872235346,0.8903266456707412,0.9113649766126547,0.9331550802139037,0.9382622741893947,"{'n_estimators': 100, 'max_depth': 10}","['mfcc_mean', 'NDSI', 'mfcc_1']",0.8093525179856115,0.7705479452054794,0.8522727272727273,0.8636081025228536,0.9190724088973025,0.9091760299625468,0.9291866028708134,0.9533274419157939,0.9715621347876899,0.9912559618441972,0.9526355996944232,0.9978512781295363
RF,0.8999207007468218,0.8880815647014145,0.9142469587516028,0.932009167303285,0.9262455806796664,"{'n_estimators': 50, 'max_depth': 10}","['spec_kurtosis', 'NDSI', 'mfcc_1']",0.8120567375886525,0.7633333333333333,0.8674242424242424,0.817977007312169,0.9173003802281369,0.9112370160528801,0.9234449760765551,0.9628213013495047,0.9704049844236761,0.9896743447180302,0.9518716577540107,0.9979384333773256
RF,0.8997322150341063,0.8943219408213267,0.9065904511724945,0.932009167303285,0.9406196273671844,"{'n_estimators': 50, 'max_depth': 10}","['mfcc_mean', 'spec_kurtosis', 'mfcc_1', 'mfcc_std', 'wav_approx_std']",0.8118081180811808,0.7913669064748201,0.8333333333333334,0.8859228934878486,0.9172862453531598,0.8915989159891599,0.9444976076555024,0.9403677816664836,0.970102281667978,1.0,0.9419404125286478,0.9955682069472209
RF,0.8997322150341063,0.8943219408213267,0.9065904511724945,0.932009167303285,0.940649284069702,"{'n_estimators': 50, 'max_depth': 10}","['mfcc_mean', 'spec_kurtosis', 'mfcc_1', 'mfcc_var', 'wav_approx_std']",0.8118081180811808,0.7913669064748201,0.8333333333333334,0.8860045299533108,0.9172862453531598,0.8915989159891599,0.9444976076555024,0.9403751153085744,0.970102281667978,1.0,0.9419404125286478,0.9955682069472209
RF,0.8996467013463721,0.8821362313593214,0.9234208515942263,0.9297173414820473,0.9462189114057377,"{'n_estimators': 100, 'max_depth': 10}","['spec_skew', 'spec_kurtosis', 'NDSI', 'wav_detail_lvl5_std', 'wav_approx_std', 'mfcc_2']",0.8163265306122449,0.7407407407407407,0.9090909090909091,0.8999522089184188,0.9124643196955281,0.9072847682119205,0.9177033492822967,0.9435157697415955,0.9701492537313433,0.9983831851253031,0.9434682964094728,0.9951887555571989
RF,0.8995140397239787,0.8863391180828392,0.916139613740233,0.9312452253628725,0.9479140279394492,"{'n_estimators': 50, 'max_depth': 10}","['mfcc_mean', 'wav_detail_lvl5_std', 'mfcc_var', 'mfcc_std', 'wav_approx_std']",0.81195079086116,0.7573770491803279,0.875,0.9038424095973938,0.9160377358490566,0.9032558139534884,0.9291866028708134,0.9441598112117326,0.9705535924617197,0.9983844911147012,0.9442322383498855,0.9957398630092211
RF,0.8993429044910938,0.8911677071176966,0.9092449260405916,0.9266615737203973,0.9261003090326404,"{'n_estimators': 50, 'max_depth': 10}","['mfcc_mean', 'spec_skew', 'mfcc_1', 'mfcc_var', 'mfcc_std']",0.8254545454545454,0.7937062937062938,0.8598484848484849,0.8482137806684805,0.9102803738317757,0.8894977168949771,0.9320574162679426,0.9352065596374134,0.9622937941869599,0.9902991107518189,0.9358288770053476,0.9948805867920274
RF,0.8993255371017613,0.8888235662017637,0.9121853206992526,0.9323911382734912,0.9498005557620863,"{'n_estimators': 100, 'max_depth': 10}","['mfcc_mean', 'NDSI', 'mfcc_1', 'wav_approx_std', 'mfcc_2']",0.8085867620751341,0.7661016949152543,0.8560606060606061,0.8942982575517427,0.9168623767026773,0.9003690036900369,0.9339712918660287,0.9575944360931328,0.9725274725274725,1.0,0.946524064171123,0.9975089736413835
RF,0.8992695632508448,0.8887530348127938,0.9117217062263503,0.9312452253628725,0.9278037986046872,"{'n_estimators': 100, 'max_depth': 10}","['spec_kurtosis', 'NDSI', 'mfcc_var']",0.8121645796064401,0.7694915254237288,0.8598484848484849,0.8281161085083337,0.9159943046986236,0.908662900188324,0.9234449760765551,0.95814001740323,0.9696498054474708,0.9881046788263284,0.9518716577540107,0.9971552699024981
RF,0.8992695632508448,0.8887530348127938,0.9117217062263503,0.9312452253628725,0.9277998857916615,"{'n_estimators': 100, 'max_depth': 10}","['spec_kurtosis', 'NDSI', 'mfcc_std']",0.8121645796064401,0.7694915254237288,0.8598484848484849,0.8281161085083337,0.9159943046986236,0.908662900188324,0.9234449760765551,0.9581325321043073,0.9696498054474708,0.9881046788263284,0.9518716577540107,0.9971510167623433
RF,0.8992167324260096,0.8775534586911534,0.9315064622340165,0.9266615737203973,0.9292607544323582,"{'n_estimators': 100, 'max_depth': 5}","['mfcc_mean', 'wav_detail_lvl5_std', 'mfcc_var']",0.8229508196721311,0.7254335260115607,0.9507575757575758,0.879763803466505,0.9076923076923077,0.9120772946859903,0.9033492822966507,0.9126594462612735,0.96700706991359,0.9951495553759094,0.9404125286478228,0.9953590135692962
RF,0.8992167324260096,0.8775534586911534,0.9315064622340165,0.9266615737203973,0.9292607544323582,"{'n_estimators': 100, 'max_depth': 5}","['mfcc_mean', 'wav_detail_lvl5_std', 'mfcc_std']",0.8229508196721311,0.7254335260115607,0.9507575757575758,0.879763803466505,0.9076923076923077,0.9120772946859903,0.9033492822966507,0.9126594462612735,0.96700706991359,0.9951495553759094,0.9404125286478228,0.9953590135692962
RF,0.8992072269100088,0.8937123497682794,0.9059392018370347,0.9300993124522536,0.9384822562383848,"{'n_estimators': 100, 'max_depth': 10}","['mfcc_mean', 'spec_skew', 'mfcc_var', 'mfcc_std', 'wav_approx_std']",0.8154981549815498,0.7949640287769785,0.8371212121212122,0.8846836537531725,0.9146853146853147,0.8918181818181818,0.938755980861244,0.935126383563919,0.9674382110631621,0.9943548387096774,0.9419404125286478,0.9956367313980625
RF,0.899162775732592,0.895998955023829,0.9031460111955468,0.9278074866310161,0.9432723445890624,"{'n_estimators': 50, 'max_depth': 10}","['mfcc_mean', 'mfcc_1', 'mfcc_2']",0.822429906542056,0.8118081180811808,0.8333333333333334,0.8894896107166647,0.9118058796080262,0.8897996357012751,0.9349282296650717,0.9439942188693857,0.9632525410476935,0.9863891112890312,0.9411764705882353,0.9963332041811368
RF,0.8989202394338482,0.8775819932020927,0.9302359061646989,0.9243697478991597,0.9153801029394826,"{'n_estimators': 100, 'max_depth': 5}","['mfcc_1', 'wav_detail_lvl5_std']",0.8283828382838284,0.7339181286549707,0.9507575757575758,0.860476655607224,0.9054441260744985,0.90371782650143,0.907177033492823,0.8913762637701206,0.9629337539432177,0.9951100244498777,0.9327731092436975,0.9942873894411032
RF,0.8988491808190217,0.8909557743603475,0.9083523201944255,0.9255156608097784,0.9292042388888798,"{'n_estimators': 100, 'max_depth': 10}","['mfcc_mean', 'spec_kurtosis', 'mfcc_1', 'mfcc_var', 'mfcc_std']",0.8269581056466302,0.7964912280701755,0.8598484848484849,0.852557918344311,0.908835904628331,0.8884826325411335,0.9301435406698565,0.9399193761443232,0.9607535321821036,0.9878934624697336,0.935064935064935,0.9951354221780052
RF,0.8984998501890561,0.887268288205353,0.9119763535398211,0.9316271963330787,0.9262317614914006,"{'n_estimators': 50, 'max_depth': 10}","['spec_skew', 'NDSI', 'mfcc_var']",0.8078291814946619,0.761744966442953,0.8598484848484849,0.8264489117737241,0.9168646080760094,0.910377358490566,0.9234449760765551,0.9546837609977535,0.9708057609964967,0.9896825396825397,0.9526355996944232,0.9975626117027243
RF,0.8984998501890561,0.887268288205353,0.9119763535398211,0.9316271963330787,0.9262290855817853,"{'n_estimators': 50, 'max_depth': 10}","['spec_skew', 'NDSI', 'mfcc_std']",0.8078291814946619,0.761744966442953,0.8598484848484849,0.8264489117737241,0.9168646080760094,0.910377358490566,0.9234449760765551,0.9546769560471656,0.9708057609964967,0.9896825396825397,0.9526355996944232,0.997561388924466
RF,0.8984342114071403,0.8875432964120115,0.9115851125139051,0.9293353705118411,0.9539305158235448,"{'n_estimators': 100, 'max_depth': 10}","['mfcc_mean', 'wav_detail_lvl5_std', 'mfcc_std', 'wav_approx_std', 'mfcc_2']",0.8142857142857143,0.7702702702702703,0.8636363636363636,0.9147383346476309,0.9126946672958943,0.9003724394785847,0.9253588516746412,0.950390452459006,0.9683222526398123,0.9919871794871795,0.9457601222307105,0.9966627603639976
RF,0.8984342114071403,0.8875432964120115,0.9115851125139051,0.9293353705118411,0.9539305158235448,"{'n_estimators': 100, 'max_depth': 10}","['mfcc_mean', 'wav_detail_lvl5_std', 'mfcc_var', 'wav_approx_std', 'mfcc_2']",0.8142857142857143,0.7702702702702703,0.8636363636363636,0.9147383346476309,0.9126946672958943,0.9003724394785847,0.9253588516746412,0.950390452459006,0.9683222526398123,0.9919871794871795,0.9457601222307105,0.9966627603639976
RF,0.8982820731261402,0.8905296365098182,0.9075585577133566,0.9285714285714286,0.9403066470663548,"{'n_estimators': 50, 'max_depth': 10}","['mfcc_mean', 'spec_skew', 'mfcc_1', 'mfcc_var', 'mfcc_std', 'wav_approx_std']",0.8160291438979964,0.7859649122807018,0.8484848484848485,0.883289129062598,0.9129213483146067,0.8936755270394133,0.9330143540669856,0.9415869934137818,0.9658957271658173,0.9919484702093397,0.9411764705882353,0.9960438187226843
RF,0.8982490967471142,0.8941347395524216,0.9035426132175358,0.9293353705118411,0.9300415185864099,"{'n_estimators': 50, 'max_depth': 10}","['mfcc_mean', 'mfcc_std', 'wav_approx_std']",0.8141263940520446,0.7992700729927007,0.8295454545454546,0.874935357626297,0.9139934913993492,0.8887884267631103,0.9406698564593301,0.9196615182272785,0.9666274047899489,0.994345718901454,0.9404125286478228,0.9955276799056543
RF,0.8982490967471142,0.8941347395524216,0.9035426132175358,0.9293353705118411,0.9300937269177402,"{'n_estimators': 50, 'max_depth': 10}","['mfcc_mean', 'mfcc_var', 'wav_approx_std']",0.8141263940520446,0.7992700729927007,0.8295454545454546,0.8750604604917613,0.9139934913993492,0.8887884267631103,0.9406698564593301,0.9196930403558053,0.9666274047899489,0.994345718901454,0.9404125286478228,0.9955276799056543
RF,0.8982333710208676,0.8834935842871855,0.9172602852943411,0.93048128342246,0.9484451430350266,"{'n_estimators': 50, 'max_depth': 10}","['mfcc_mean', 'spec_skew', 'NDSI', 'wav_detail_lvl5_std', 'mfcc_2']",0.8090277777777778,0.7467948717948718,0.8825757575757576,0.8993161698079352,0.9146919431279621,0.9061032863849765,0.9234449760765551,0.9500733201257776,0.9709803921568627,0.9975825946817083,0.9457601222307105,0.9959459391713673
RF,0.8982036594841473,0.8760477311201949,0.9320800888138349,0.9274255156608098,0.9222027622742307,"{'n_estimators': 50, 'max_depth': 5}","['mfcc_mean', 'mfcc_1', 'wav_detail_lvl5_std', 'mfcc_var', 'wav_approx_std']",0.816260162601626,0.7150997150997151,0.9507575757575758,0.8900873555720991,0.9086538461538461,0.9130434782608695,0.9043062200956937,0.8821443576433433,0.9696969696969697,1.0,0.9411764705882353,0.9943765736072497
RF,0.8982036594841473,0.8760477311201949,0.9320800888138349,0.9274255156608098,0.9222027622742307,"{'n_estimators': 50, 'max_depth': 5}","['mfcc_mean', 'mfcc_1', 'wav_detail_lvl5_std', 'mfcc_std', 'wav_approx_std']",0.816260162601626,0.7150997150997151,0.9507575757575758,0.8900873555720991,0.9086538461538461,0.9130434782608695,0.9043062200956937,0.8821443576433433,0.9696969696969697,1.0,0.9411764705882353,0.9943765736072497
RF,0.8981780547034074,0.8875974760484356,0.9109604447839742,0.9297173414820473,0.9528454724146144,"{'n_estimators': 100, 'max_depth': 10}","['mfcc_mean', 'mfcc_1', 'wav_detail_lvl5_std', 'wav_approx_std', 'mfcc_2']",0.8121645796064401,0.7694915254237288,0.8598484848484849,0.9132613740740075,0.9132893496701225,0.8997214484679665,0.9272727272727272,0.9485175082583173,0.9690802348336595,0.9935794542536116,0.9457601222307105,0.9967575349115182
RF,0.898079036608364,0.8767189507604346,0.9294719642242862,0.9232238349885409,0.9332800978571673,"{'n_estimators': 100, 'max_depth': 5}","['mfcc_1', 'wav_detail_lvl5_std', 'mfcc_var', 'mfcc_std']",0.8283828382838284,0.7339181286549707,0.9507575757575758,0.8934923349185139,0.9041487839771102,0.9011406844106464,0.907177033492823,0.9110841271352486,0.9617054875641532,0.9950980392156863,0.93048128342246,0.9952638315177393
RF,0.8976421767922421,0.8754607536349742,0.9315707941868933,0.9266615737203973,0.926209865627532,"{'n_estimators': 100, 'max_depth': 5}","['mfcc_mean', 'mfcc_1', 'wav_detail_lvl5_std', 'wav_approx_std']",0.816260162601626,0.7150997150997151,0.9507575757575758,0.8873006667482588,0.9077809798270894,0.9112825458052073,0.9043062200956937,0.8986017100095999,0.968885387948011,1.0,0.9396485867074102,0.9927272201247374
RF,0.8976130217865933,0.883852451434152,0.9149332779363739,0.932009167303285,0.9317834581365799,"{'n_estimators': 100, 'max_depth': 10}","['NDSI', 'mfcc_1', 'mfcc_std']",0.8027923211169284,0.7443365695792881,0.8712121212121212,0.8481225530177694,0.9169054441260746,0.9151572926596759,0.9186602870813397,0.949535582813529,0.9731413001167769,0.9920634920634921,0.9549274255156608,0.9976922385784414
RF,0.8976130217865933,0.883852451434152,0.9149332779363739,0.932009167303285,0.9317834581365799,"{'n_estimators': 100, 'max_depth': 10}","['NDSI', 'mfcc_1', 'mfcc_var']",0.8027923211169284,0.7443365695792881,0.8712121212121212,0.8481225530177694,0.9169054441260746,0.9151572926596759,0.9186602870813397,0.949535582813529,0.9731413001167769,0.9920634920634921,0.9549274255156608,0.9976922385784414
RF,0.8972075999790675,0.8869178726712117,0.9097648309722614,0.9289533995416348,0.9421708488025647,"{'n_estimators': 100, 'max_depth': 10}","['mfcc_mean', 'spec_kurtosis', 'NDSI', 'wav_detail_lvl5_std']",0.8100358422939068,0.7687074829931972,0.8560606060606061,0.880803729867237,0.9145539906103286,0.8976958525345622,0.9320574162679426,0.9494360689297839,0.967032967032967,0.9943502824858758,0.9411764705882353,0.9962727476106736
RF,0.8970650902920361,0.8793272463586952,0.9217641921202292,0.93048128342246,0.9215193455900633,"{'n_estimators': 100, 'max_depth': None}","['spec_skew', 'spec_kurtosis', 'NDSI', 'mfcc_1']",0.8047138047138047,0.7242424242424242,0.9053030303030303,0.8097720399903235,0.9135922330097087,0.9270935960591133,0.9004784688995215,0.9587807877737982,0.9728892331525949,0.9866457187745483,0.959511077158136,0.9960052090060681
RF,0.8968023892577479,0.8838713593310312,0.9134028252449305,0.9270435446906035,0.9251156957984971,"{'n_estimators': 100, 'max_depth': 5}","['mfcc_mean', 'spec_skew', 'NDSI', 'wav_detail_lvl5_std']",0.8133802816901409,0.7598684210526315,0.875,0.8747077200648447,0.9109653233364574,0.8925619834710744,0.9301435406698565,0.906794900475029,0.9660615627466457,0.9991836734693877,0.935064935064935,0.9938444668556176
RF,0.8967848145898674,0.8789381170464229,0.9210460420212742,0.9258976317799847,0.9427745389569244,"{'n_estimators': 100, 'max_depth': None}","['spec_kurtosis', 'wav_detail_lvl5_std', 'wav_approx_std', 'mfcc_2']",0.8169491525423729,0.7392638036809815,0.9128787878787878,0.8959513836805689,0.9069990412272292,0.9087415946205571,0.9052631578947369,0.9409191178478511,0.96640625,0.9888089528377298,0.944996180290298,0.9914531153423531
RF,0.8967741591791091,0.8890794440034705,0.9060412841372593,0.9278074866310161,0.9413988843449518,"{'n_estimators': 50, 'max_depth': 10}","['mfcc_mean', 'spec_kurtosis', 'mfcc_1', 'mfcc_var', 'mfcc_std', 'wav_approx_std']",0.8123861566484517,0.7824561403508772,0.8446969696969697,0.8893162913566167,0.912067352666043,0.8920402561756633,0.9330143540669856,0.9386621675858984,0.9658689682228325,0.992741935483871,0.9404125286478228,0.99621819409234
RF,0.8959733061831074,0.8855779084225918,0.9083038478549313,0.9293353705118411,0.9315477117239684,"{'n_estimators': 100, 'max_depth': 10}","['spec_skew', 'spec_kurtosis', 'NDSI', 'mfcc_var']",0.8050089445438283,0.7627118644067796,0.8522727272727273,0.8371579927816364,0.9136622390891841,0.9059266227657573,0.9215311004784689,0.9602983749256744,0.9692487349163098,0.9880952380952381,0.9511077158135982,0.9971867674645948
RF,0.8959733061831074,0.8855779084225918,0.9083038478549313,0.9293353705118411,0.9315066275389099,"{'n_estimators': 100, 'max_depth': 10}","['spec_skew', 'spec_kurtosis', 'NDSI', 'mfcc_std']",0.8050089445438283,0.7627118644067796,0.8522727272727273,0.837029445428852,0.9136622390891841,0.9059266227657573,0.9215311004784689,0.9603042913188292,0.9692487349163098,0.9880952380952381,0.9511077158135982,0.9971861458690485
RF,0.895928885432611,0.8837931461160125,0.910764768427307,0.9300993124522536,0.9331639701366905,"{'n_estimators': 100, 'max_depth': 10}","['spec_skew', 'NDSI', 'mfcc_1']",0.8021201413427562,0.7516556291390728,0.8598484848484849,0.8405790407865571,0.9148834997622444,0.9092627599243857,0.9205741626794258,0.961419027199022,0.970783015192832,0.9904610492845787,0.9518716577540107,0.9974938424244926
RF,0.8959041179461695,0.8883039328897354,0.9048509196342014,0.9293353705118411,0.9340590012937229,"{'n_estimators': 100, 'max_depth': None}","['mfcc_mean', 'spec_skew', 'spec_kurtosis', 'mfcc_1', 'mfcc_std', 'wav_approx_std']",0.8051001821493625,0.775438596491228,0.8371212121212122,0.8654432876822041,0.913104744011273,0.8966789667896679,0.9301435406698565,0.9423484072020486,0.9695074276778733,0.9927942353883107,0.9472880061115355,0.9943853089969157
RF,0.8959041179461695,0.8883039328897354,0.9048509196342014,0.9293353705118411,0.9340975903700405,"{'n_estimators': 100, 'max_depth': None}","['mfcc_mean', 'spec_skew', 'spec_kurtosis', 'mfcc_1', 'mfcc_var', 'wav_approx_std']",0.8051001821493625,0.775438596491228,0.8371212121212122,0.8655513582094134,0.913104744011273,0.8966789667896679,0.9301435406698565,0.9423573153892136,0.9695074276778733,0.9927942353883107,0.9472880061115355,0.9943840975114946
RF,0.895784987930288,0.885750103568491,0.9083039595423497,0.926279602750191,0.9175984929440716,"{'n_estimators': 100, 'max_depth': 10}","['mfcc_mean', 'spec_kurtosis', 'NDSI']",0.8114901256732495,0.7713310580204779,0.8560606060606061,0.8133895741242085,0.9140989729225023,0.8924339106654512,0.9368421052631579,0.9447852859217254,0.9617658651951123,0.993485342019544,0.932009167303285,0.9946206187862808
RF,0.8957849376075354,0.8862775961434761,0.9074730051510237,0.9255156608097784,0.9309696133908396,"{'n_estimators': 50, 'max_depth': 10}","['mfcc_mean', 'spec_skew', 'NDSI']",0.8144144144144144,0.7766323024054983,0.8560606060606061,0.855807828636613,0.9107059373539037,0.8903107861060329,0.9320574162679426,0.9432082123095237,0.962234461054288,0.991889699918897,0.9343009931245225,0.9938927992263824
RF,0.8957356828556454,0.8779966278727095,0.9201933085834014,0.9281894576012223,0.9460944794210405,"{'n_estimators': 50, 'max_depth': 10}","['spec_skew', 'NDSI', 'wav_detail_lvl5_std', 'wav_approx_std', 'mfcc_2']",0.805414551607445,0.72782874617737,0.9015151515151515,0.9021782953161132,0.9104761904761904,0.9061611374407583,0.9148325358851674,0.9407763006253169,0.9713163064833006,1.0,0.9442322383498855,0.9953288423216915
RF,0.8956479951642121,0.8905463442140058,0.9019477168857973,0.9274255156608098,0.9330101150341017,"{'n_estimators': 100, 'max_depth': 10}","['mfcc_mean', 'mfcc_1', 'mfcc_std', 'wav_approx_std']",0.8096118299445472,0.7906137184115524,0.8295454545454546,0.8763502538387123,0.9114631873252563,0.888283378746594,0.9358851674641149,0.926920590475693,0.9658689682228325,0.992741935483871,0.9404125286478228,0.9957595007878998
RF,0.8956479951642121,0.8905463442140058,0.9019477168857973,0.9274255156608098,0.9330101150341017,"{'n_estimators': 100, 'max_depth': 10}","['mfcc_mean', 'mfcc_1', 'mfcc_var', 'wav_approx_std']",0.8096118299445472,0.7906137184115524,0.8295454545454546,0.8763502538387123,0.9114631873252563,0.888283378746594,0.9358851674641149,0.926920590475693,0.9658689682228325,0.992741935483871,0.9404125286478228,0.9957595007878998
RF,0.8956196528538932,0.8829934046084705,0.9114697394109159,0.93048128342246,0.9480340794139305,"{'n_estimators': 50, 'max_depth': 10}","['mfcc_mean', 'NDSI', 'wav_detail_lvl5_std', 'wav_approx_std']",0.7992957746478874,0.7467105263157895,0.8598484848484849,0.8975036604131224,0.9150141643059491,0.9030754892823858,0.9272727272727272,0.9505537252480367,0.9725490196078431,0.9991941982272361,0.9472880061115355,0.9960448525806325
RF,0.8952565137016211,0.8760262368144184,0.9224240413868897,0.9251336898395722,0.9377567502367822,"{'n_estimators': 50, 'max_depth': None}","['spec_skew', 'spec_kurtosis', 'wav_detail_lvl5_std', 'wav_approx_std', 'mfcc_2']",0.8127090301003345,0.7275449101796407,0.9204545454545454,0.8838243328556303,0.9059500959692899,0.9085659287776708,0.9033492822966507,0.9379500221503607,0.9671104150352389,0.9919678714859438,0.9434682964094728,0.9914958957043555
RF,0.8952020345286016,0.8845818133273659,0.9079019965242875,0.9255156608097784,0.9380392151724379,"{'n_estimators': 100, 'max_depth': None}","['mfcc_mean', 'spec_skew', 'NDSI', 'wav_approx_std', 'mfcc_2']",0.8121645796064401,0.7694915254237288,0.8598484848484849,0.8747838725263388,0.9120982986767486,0.9010270774976658,0.9234449760765551,0.94672950043421,0.9613432253026162,0.9832268370607029,0.9404125286478228,0.992604272556765
RF,0.8951905775401583,0.8832740072980242,0.9101109502812289,0.9255156608097784,0.9378035999008602,"{'n_estimators': 100, 'max_depth': 10}","['mfcc_mean', 'spec_skew', 'spec_kurtosis', 'NDSI', 'mfcc_2']",0.8120567375886525,0.7633333333333333,0.8674242424242424,0.8734526261167014,0.9089201877934272,0.8921658986175115,0.9263157894736842,0.9447302689054331,0.964594807238395,0.9943227899432279,0.9365928189457601,0.9952279046804461
RF,0.894967275224332,0.8891875115284247,0.901934426083033,0.926279602750191,0.9315818749868674,"{'n_estimators': 100, 'max_depth': 10}","['mfcc_mean', 'mfcc_1', 'mfcc_var', 'mfcc_std', 'wav_approx_std']",0.8103130755064457,0.7885304659498208,0.8333333333333334,0.8770370170800502,0.9098552078468005,0.8886861313868614,0.9320574162679426,0.9224232325867721,0.9647335423197492,0.9903459372485921,0.9404125286478228,0.9952853752937798
RF,0.8946034881556791,0.88208780392377,0.9099981459888581,0.9293353705118411,0.9296199693354031,"{'n_estimators': 100, 'max_depth': 10}","['spec_skew', 'spec_kurtosis', 'NDSI', 'mfcc_var', 'mfcc_std']",0.7992957746478874,0.7467105263157895,0.8598484848484849,0.8320472916660622,0.9136862184072484,0.9106463878326996,0.9167464114832536,0.9589334624918573,0.970828471411902,0.9889064976228209,0.9533995416348358,0.9978791538482896
RF,0.8945330482247508,0.8850076103500761,0.9063602634036071,0.9281894576012223,0.938027865641259,"{'n_estimators': 100, 'max_depth': 10}","['mfcc_mean', 'spec_skew', 'spec_kurtosis', 'mfcc_1', 'wav_approx_std']",0.802158273381295,0.7636986301369864,0.8446969696969697,0.8800958388837659,0.9121495327102803,0.891324200913242,0.9339712918660287,0.9382462417024091,0.9692913385826771,1.0,0.9404125286478228,0.9957415163376018
RF,0.8944129137773538,0.8845170598250617,0.9068483374210928,0.9258976317799847,0.9411107890792657,"{'n_estimators': 100, 'max_depth': 10}","['mfcc_mean', 'NDSI', 'wav_approx_std']",0.8078994614003591,0.7679180887372014,0.8522727272727273,0.8803851340549078,0.9104477611940298,0.8880800727934486,0.9339712918660287,0.946206444405328,0.9648915187376725,0.9975530179445351,0.9343009931245225,0.9967407887775616
RF,0.8943067580940228,0.8775146733789363,0.9170971099763671,0.926279602750191,0.9392543181551686,"{'n_estimators': 50, 'max_depth': 10}","['spec_skew', 'spec_kurtosis', 'mfcc_1', 'mfcc_var', 'wav_approx_std']",0.8054607508532423,0.7329192546583851,0.8939393939393939,0.8827271281600143,0.9085741354808148,0.899624765478424,0.9177033492822967,0.93904286040053,0.968885387948011,1.0,0.9396485867074102,0.9959929659049618
RF,0.8942476280984802,0.8820467021098013,0.9094298804051126,0.9278074866310161,0.9345684832058289,"{'n_estimators': 100, 'max_depth': 5}","['mfcc_mean', 'NDSI', 'wav_detail_lvl5_std']",0.8021201413427562,0.7516556291390728,0.8598484848484849,0.8764304731527451,0.9108069844266163,0.8985102420856611,0.9234449760765551,0.9328266615850083,0.9698157585260682,0.9959742351046699,0.944996180290298,0.9944483148797331
RF,0.8940619432335547,0.8739139124868839,0.9234936717908854,0.9255156608097784,0.95106907510727,"{'n_estimators': 100, 'max_depth': None}","['spec_skew', 'spec_kurtosis', 'NDSI', 'wav_detail_lvl5_std', 'mfcc_2']",0.8066115702479338,0.7155425219941349,0.9242424242424242,0.9114989377399092,0.9061145883485797,0.9118217054263565,0.9004784688995215,0.9497101709414217,0.9694596711041503,0.9943775100401606,0.9457601222307105,0.991998116640479
RF,0.8940465342721929,0.8764290749835602,0.918217781530475,0.9255156608097784,0.9362654106467087,"{'n_estimators': 50, 'max_depth': 10}","['spec_kurtosis', 'mfcc_1', 'mfcc_var', 'mfcc_std', 'wav_approx_std']",0.8067796610169492,0.7300613496932515,0.9015151515151515,0.8810979758269308,0.9071870537839124,0.9024621212121212,0.9119617224880383,0.932255839557222,0.9681728880157171,0.9967637540453075,0.9411764705882353,0.9954424165559732
RF,0.8940071866330103,0.8772124744685003,0.9167781307100192,0.9258976317799847,0.9392553532950428,"{'n_estimators': 50, 'max_depth': 10}","['spec_skew', 'spec_kurtosis', 'mfcc_1', 'mfcc_std', 'wav_approx_std']",0.8054607508532423,0.7329192546583851,0.8939393939393939,0.8827271281600143,0.9080568720379147,0.8995305164319248,0.9167464114832536,0.9390459658201522,0.968503937007874,0.9991876523151909,0.9396485867074102,0.9959929659049618
RF,0.8939892968560897,0.8810164714789441,0.9101460201305404,0.9236058059587471,0.9277128713399931,"{'n_estimators': 100, 'max_depth': None}","['mfcc_mean', 'spec_skew', 'spec_kurtosis', 'mfcc_1', 'mfcc_var', 'mfcc_std']",0.8133802816901409,0.7598684210526315,0.875,0.8574055049306599,0.9053926206244087,0.8952291861552854,0.9157894736842105,0.9337784449848534,0.9631949882537196,0.9879518072289156,0.9396485867074102,0.9919546641044661
RF,0.8937606363476241,0.8759865982396587,0.9183464454362288,0.9255156608097784,0.9422769571563384,"{'n_estimators': 100, 'max_depth': 10}","['spec_kurtosis', 'mfcc_1', 'mfcc_std', 'wav_approx_std']",0.805414551607445,0.72782874617737,0.9015151515151515,0.8905146520305854,0.9073634204275535,0.9009433962264151,0.9138755980861244,0.9404304024960252,0.968503937007874,0.9991876523151909,0.9396485867074102,0.9958858169424046
RF,0.8937606363476241,0.8759865982396587,0.9183464454362288,0.9255156608097784,0.9422695398573196,"{'n_estimators': 100, 'max_depth': 10}","['spec_kurtosis', 'mfcc_1', 'mfcc_var', 'wav_approx_std']",0.805414551607445,0.72782874617737,0.9015151515151515,0.8904939584532907,0.9073634204275535,0.9009433962264151,0.9138755980861244,0.9404288441762633,0.968503937007874,0.9991876523151909,0.9396485867074102,0.9958858169424046
RF,0.8934538721207227,0.8812313067962233,0.9084165404598842,0.9285714285714286,0.9247594207827218,"{'n_estimators': 100, 'max_depth': 10}","['spec_kurtosis', 'NDSI', 'mfcc_var', 'mfcc_std']",0.7971781305114638,0.7458745874587459,0.8560606060606061,0.8201033415393663,0.9127324749642346,0.9096958174904943,0.9157894736842105,0.956413344307069,0.9704510108864697,0.9881235154394299,0.9533995416348358,0.9977615765017299
RF,0.8932422714554749,0.8815167423864588,0.9074728934636056,0.9285714285714286,0.913306405571424,"{'n_estimators': 100, 'max_depth': 10}","['spec_skew', 'NDSI', 'mfcc_var', 'mfcc_std']",0.7964601769911505,0.7475083056478405,0.8522727272727273,0.7860058282141211,0.9128156264888042,0.9089184060721063,0.9167464114832536,0.9559598889406853,0.9704510108864697,0.9881235154394299,0.9533995416348358,0.9979534995594654
RF,0.8931746031746032,0.887097244711998,0.900532525609925,0.9243697478991597,0.9288765261674511,"{'n_estimators': 50, 'max_depth': 10}","['mfcc_mean', 'spec_kurtosis', 'mfcc_2']",0.8088235294117647,0.7857142857142857,0.8333333333333334,0.8696818830363728,0.907563025210084,0.886052871467639,0.9301435406698565,0.9230584194399186,0.9631372549019608,0.9895245769540693,0.9381207028265852,0.993889276026062
RF,0.8929540425592513,0.8803397545092263,0.9085777054043308,0.9239877769289534,0.9305530237770068,"{'n_estimators': 50, 'max_depth': None}","['mfcc_mean', 'spec_skew', 'NDSI', 'mfcc_2']",0.8077601410934744,0.7557755775577558,0.8674242424242424,0.8505978824356271,0.9086606720302887,0.898876404494382,0.9186602870813397,0.9487013028677114,0.9624413145539906,0.9863672814755413,0.9396485867074102,0.9923598860276819
RF,0.8928555331711325,0.8871163274823536,0.8997791939742404,0.9247517188693659,0.9320082056133664,"{'n_estimators': 100, 'max_depth': 10}","['mfcc_mean', 'mfcc_var', 'mfcc_std', 'wav_approx_std']",0.8066298342541437,0.7849462365591398,0.8295454545454546,0.8750806801353298,0.9079869219990658,0.8868613138686131,0.9301435406698565,0.9255723680047638,0.9639498432601881,0.9895414320193081,0.9396485867074102,0.9953715687000052
RF,0.8927169325030286,0.8742668907625738,0.9186521338998119,0.9247517188693659,0.9266354906728059,"{'n_estimators': 100, 'max_depth': 10}","['spec_kurtosis', 'NDSI', 'wav_detail_lvl5_std']",0.8033613445378152,0.7220543806646526,0.9053030303030303,0.850409190583967,0.9066666666666666,0.9023696682464455,0.9110047846889953,0.9357750617476608,0.9681227863046045,0.9983766233766234,0.9396485867074102,0.9937222196867901
RF,0.8923250447325698,0.8811505485425242,0.9062720303432378,0.9255156608097784,0.9339989163026597,"{'n_estimators': 50, 'max_depth': 10}","['mfcc_mean', 'spec_kurtosis', 'NDSI', 'mfcc_2']",0.800711743772242,0.7550335570469798,0.8522727272727273,0.8626071727556901,0.9108818011257036,0.8932842686292548,0.9291866028708134,0.9437621687961031,0.9653815892997639,0.9951338199513382,0.9373567608861727,0.995627407356186
RF,0.8922084135306205,0.8754072289424507,0.9148642551119331,0.9236058059587471,0.9297775524761581,"{'n_estimators': 50, 'max_depth': 10}","['mfcc_1', 'mfcc_var', 'mfcc_std', 'wav_approx_std']",0.8054607508532423,0.7329192546583851,0.8939393939393939,0.8816842627997985,0.9049429657794676,0.898961284230406,0.9110047846889953,0.913520542550755,0.9662215239591516,0.994341147938561,0.9396485867074102,0.9941278520779209
RF,0.8920037933470978,0.8791720698721699,0.908089631386845,0.926279602750191,0.9426889908066928,"{'n_estimators': 100, 'max_depth': 10}","['mfcc_mean', 'NDSI', 'wav_detail_lvl5_std', 'wav_approx_std', 'mfcc_2']",0.7978910369068541,0.7442622950819672,0.8598484848484849,0.8921890551588548,0.9086606720302887,0.898876404494382,0.9186602870813397,0.9405327273078603,0.9694596711041503,0.9943775100401606,0.9457601222307105,0.9953451899533632
RF,0.8917233126915107,0.8772635140479753,0.9103469457958622,0.9255156608097784,0.9300596121520583,"{'n_estimators': 50, 'max_depth': None}","['mfcc_mean', 'spec_skew', 'spec_kurtosis', 'wav_detail_lvl5_std', 'wav_approx_std']",0.7986111111111112,0.7371794871794872,0.8712121212121212,0.857128750019376,0.9078822412155746,0.9010367577756834,0.9148325358851674,0.9414567988429934,0.9686765857478465,0.993574297188755,0.944996180290298,0.9915932875938056
RF,0.8914621508230448,0.8833080123376184,0.9011545128418194,0.9243697478991597,0.9273625287522309,"{'n_estimators': 50, 'max_depth': 10}","['mfcc_mean', 'spec_skew', 'spec_kurtosis', 'mfcc_2']",0.8021778584392014,0.7700348432055749,0.8371212121212122,0.8585908816788818,0.9070422535211268,0.8903225806451613,0.9244019138755981,0.9290839201863849,0.9651663405088062,0.9895666131621188,0.9419404125286478,0.994412784391426
RF,0.8914054019126182,0.8800891511830926,0.9052586903980093,0.926279602750191,0.9422773004723005,"{'n_estimators': 50, 'max_depth': 10}","['mfcc_mean', 'wav_detail_lvl5_std', 'wav_approx_std', 'mfcc_2']",0.7957371225577264,0.7491638795986622,0.8484848484848485,0.8924841945650845,0.9097779877184695,0.898320895522388,0.9215311004784689,0.9389795200731375,0.9687010954616588,0.9927826784282278,0.9457601222307105,0.9953681867786794
RF,0.8913855476835976,0.8856810775247528,0.8983262523510201,0.9239877769289534,0.9261462055536747,"{'n_estimators': 100, 'max_depth': 10}","['mfcc_mean', 'spec_skew', 'mfcc_2']",0.8029465930018416,0.7813620071684588,0.8257575757575758,0.859548126095725,0.9080727951469902,0.8861566484517304,0.9311004784688995,0.9254916618641598,0.9631372549019608,0.9895245769540693,0.9381207028265852,0.9933988287011393
RF,0.8912786286321192,0.8807520448085837,0.9041545485817931,0.9216959511077158,0.9267078212996328,"{'n_estimators': 100, 'max_depth': 10}","['mfcc_mean', 'spec_skew', 'spec_kurtosis', 'mfcc_var', 'mfcc_std']",0.8085867620751341,0.7661016949152543,0.8560606060606061,0.8487470038474956,0.9037106622827619,0.8874538745387454,0.9205741626794258,0.9367069414554872,0.9615384615384616,0.9887005649717514,0.9358288770053476,0.9946695185959157
RF,0.8912174323277428,0.8744031308283811,0.9139179276176179,0.9239877769289534,0.9302950864777503,"{'n_estimators': 100, 'max_depth': None}","['spec_kurtosis', 'mfcc_1', 'wav_approx_std']",0.8006814310051107,0.7275541795665634,0.8901515151515151,0.8562352389981985,0.905102527420124,0.9020912547528517,0.908133971291866,0.9406973235231261,0.9678683385579937,0.9935639581657281,0.9434682964094728,0.9939526969119262
RF,0.8910303531732294,0.8775075714001951,0.9081406725369573,0.9251336898395722,0.9446888811217039,"{'n_estimators': 100, 'max_depth': 10}","['mfcc_mean', 'spec_skew', 'spec_kurtosis', 'wav_detail_lvl5_std', 'mfcc_2']",0.7972027972027972,0.7402597402597403,0.8636363636363636,0.8978321493382018,0.9079696394686907,0.9002822201317028,0.9157894736842105,0.9411691201791628,0.9679186228482003,0.991980753809142,0.944996180290298,0.9950653738477472
RF,0.8909478863389301,0.873835437911691,0.9142262965792378,0.9228418640183346,0.9394600429197127,"{'n_estimators': 100, 'max_depth': 10}","['spec_skew', 'spec_kurtosis', 'mfcc_1', 'mfcc_var', 'mfcc_std', 'wav_approx_std']",0.8027210884353742,0.7283950617283951,0.8939393939393939,0.8809887334209737,0.9039010466222646,0.8987701040681173,0.9090909090909091,0.9412256175033675,0.9662215239591516,0.994341147938561,0.9396485867074102,0.9961657778347969
RF,0.8902996243518194,0.8779941490614651,0.9056585313551259,0.9213139801375095,0.9251471762235002,"{'n_estimators': 50, 'max_depth': 10}","['mfcc_mean', 'spec_skew', 'spec_kurtosis', 'mfcc_1', 'mfcc_var']",0.8056537102473498,0.7549668874172185,0.8636363636363636,0.8403750437950094,0.9029217719132894,0.8895078922934077,0.9167464114832536,0.9398823099786189,0.9623233908948194,0.9895076674737692,0.9365928189457601,0.9951841748968722
RF,0.8902996243518194,0.8779941490614651,0.9056585313551259,0.9213139801375095,0.9251471762235002,"{'n_estimators': 50, 'max_depth': 10}","['mfcc_mean', 'spec_skew', 'spec_kurtosis', 'mfcc_1', 'mfcc_std']",0.8056537102473498,0.7549668874172185,0.8636363636363636,0.8403750437950094,0.9029217719132894,0.8895078922934077,0.9167464114832536,0.9398823099786189,0.9623233908948194,0.9895076674737692,0.9365928189457601,0.9951841748968722
RF,0.8900062360596884,0.8715159643476279,0.9165127614044022,0.9270435446906035,0.9139504936085215,"{'n_estimators': 50, 'max_depth': 5}","['NDSI', 'mfcc_1']",0.7866666666666666,0.7023809523809523,0.8939393939393939,0.8053273555606655,0.9079518072289157,0.9145631067961165,0.9014354066985646,0.9384832093061964,0.975400234283483,0.9976038338658147,0.9541634835752483,0.9980409159587029
RF,0.8899296012118043,0.8833101899128727,0.8981763678358106,0.9209320091673033,0.9323754953678814,"{'n_estimators': 50, 'max_depth': 10}","['mfcc_mean', 'spec_skew', 'mfcc_var', 'mfcc_std']",0.8058608058608059,0.7801418439716312,0.8333333333333334,0.8684479165685005,0.9036761284318288,0.8795289855072463,0.9291866028708134,0.9341282456812697,0.9602518693427784,0.9902597402597403,0.932009167303285,0.9945503238538743
RF,0.88967243330571,0.8733467163827889,0.9117143348567497,0.9232238349885409,0.9310955230949337,"{'n_estimators': 100, 'max_depth': 10}","['spec_skew', 'spec_kurtosis', 'mfcc_1', 'wav_approx_std']",0.7965811965811965,0.7258566978193146,0.8825757575757576,0.8575830550274612,0.9046941678520626,0.8966165413533834,0.9129186602870814,0.9397237795062146,0.967741935483871,0.9975669099756691,0.9396485867074102,0.9959797347511256
RF,0.8896247898884008,0.8720843115935389,0.9137786534071365,0.9224598930481284,0.9406799658198252,"{'n_estimators': 50, 'max_depth': 10}","['spec_skew', 'wav_detail_lvl5_std', 'wav_approx_std', 'mfcc_2']",0.7986463620981388,0.7217125382262997,0.8939393939393939,0.8927922353956845,0.9031950405340964,0.9001901140684411,0.9062200956937799,0.9346750528539931,0.967032967032967,0.9943502824858758,0.9411764705882353,0.9945726092097978
RF,0.889576430203714,0.8704995708672306,0.9169929056151966,0.9228418640183346,0.9322990912323937,"{'n_estimators': 100, 'max_depth': 10}","['spec_skew', 'spec_kurtosis', 'NDSI', 'wav_detail_lvl5_std']",0.7966666666666666,0.7113095238095238,0.9053030303030303,0.8603024493230259,0.9035339063992359,0.9018112488083889,0.9052631578947369,0.941958596837803,0.96852871754524,0.9983779399837794,0.9404125286478228,0.9946362275363522
RF,0.8895648875559169,0.8682201096721336,0.922649426596795,0.9236058059587471,0.9467923222044194,"{'n_estimators': 100, 'max_depth': None}","['spec_kurtosis', 'NDSI', 'wav_detail_lvl5_std', 'mfcc_2']",0.7941653160453809,0.6940509915014165,0.928030303030303,0.8997792274605292,0.9031007751937985,0.914622178606477,0.8918660287081339,0.9480725778299638,0.9714285714285714,0.9959871589085072,0.948051948051948,0.9925251613227656
RF,0.8894362160255556,0.8720131896900206,0.9133980226859485,0.9216959511077158,0.9277925847178018,"{'n_estimators': 100, 'max_depth': 10}","['mfcc_1', 'mfcc_var', 'wav_approx_std']",0.8,0.7239263803680982,0.8939393939393939,0.8709265545634817,0.9025202092249168,0.8969754253308129,0.908133971291866,0.9172749407899174,0.9657884388517499,0.9951377633711507,0.9381207028265852,0.9951762588000064
RF,0.8894362160255556,0.8720131896900206,0.9133980226859485,0.9216959511077158,0.9277925847178018,"{'n_estimators': 100, 'max_depth': 10}","['mfcc_1', 'mfcc_std', 'wav_approx_std']",0.8,0.7239263803680982,0.8939393939393939,0.8709265545634817,0.9025202092249168,0.8969754253308129,0.908133971291866,0.9172749407899174,0.9657884388517499,0.9951377633711507,0.9381207028265852,0.9951762588000064
RF,0.8894052154941575,0.8843748856772592,0.8955973936624092,0.9216959511077158,0.9211949906072067,"{'n_estimators': 100, 'max_depth': 10}","['mfcc_mean', 'spec_kurtosis', 'mfcc_var', 'mfcc_std']",0.8022181146025879,0.7833935018050542,0.821969696969697,0.828706994293538,0.9044289044289044,0.8818181818181818,0.9282296650717703,0.9401003522161817,0.9615686274509804,0.9879129734085415,0.9365928189457601,0.9947776253119002
RF,0.8892152896540533,0.8790744917763188,0.9016292960565405,0.9209320091673033,0.9155508437159758,"{'n_estimators': 50, 'max_depth': 10}","['mfcc_mean', 'spec_skew', 'spec_kurtosis', 'mfcc_var']",0.8028673835125448,0.7619047619047619,0.8484848484848485,0.8193937470215623,0.9028625058657908,0.8858195211786372,0.9205741626794258,0.9325150068866912,0.9619159795838241,0.9894991922455574,0.9358288770053476,0.9947437772396741
RF,0.8892152896540533,0.8790744917763188,0.9016292960565405,0.9209320091673033,0.9155477555848853,"{'n_estimators': 50, 'max_depth': 10}","['mfcc_mean', 'spec_skew', 'spec_kurtosis', 'mfcc_std']",0.8028673835125448,0.7619047619047619,0.8484848484848485,0.8193907027739137,0.9028625058657908,0.8858195211786372,0.9205741626794258,0.9325087867410681,0.9619159795838241,0.9894991922455574,0.9358288770053476,0.9947437772396741
RF,0.8890895820560062,0.8715271704528101,0.9133336907330715,0.9216959511077158,0.9361048574267663,"{'n_estimators': 100, 'max_depth': 10}","['spec_skew', 'mfcc_1', 'mfcc_var', 'mfcc_std', 'wav_approx_std']",0.7986463620981388,0.7217125382262997,0.8939393939393939,0.8773273539426467,0.9024274155164208,0.8977272727272727,0.907177033492823,0.9349426805966268,0.9661949685534591,0.9951417004048583,0.9388846447669977,0.9960445377410254
RF,0.8890242364503781,0.87254344919192,0.9113310236375253,0.9228418640183346,0.9353243788475621,"{'n_estimators': 50, 'max_depth': 10}","['spec_skew', 'spec_kurtosis', 'mfcc_var', 'mfcc_std', 'wav_approx_std']",0.7952218430034129,0.7236024844720497,0.8825757575757576,0.8728921184446865,0.9040835707502374,0.8972667295004713,0.9110047846889953,0.9373456680189671,0.9677672955974843,0.9967611336032388,0.9404125286478228,0.9957353500790328
RF,0.8887844233926842,0.8753797176496411,0.9058515272137564,0.9213139801375095,0.9392973531961336,"{'n_estimators': 50, 'max_depth': 10}","['mfcc_mean', 'NDSI', 'wav_approx_std', 'mfcc_2']",0.7985989492119089,0.742671009771987,0.8636363636363636,0.8764045705261677,0.9070316186880604,0.8947858472998138,0.9196172248803828,0.9462693151967143,0.9607227022780833,0.9886822958771221,0.9343009931245225,0.9952181738655187
RF,0.8886995161887382,0.872065946762738,0.9113310236375253,0.9228418640183346,0.9354862510618954,"{'n_estimators': 100, 'max_depth': 10}","['spec_skew', 'spec_kurtosis', 'mfcc_var', 'wav_approx_std']",0.7938671209540034,0.7213622291021672,0.8825757575757576,0.8700824018607656,0.9040835707502374,0.8972667295004713,0.9110047846889953,0.9407312911677088,0.968147856861974,0.9975688816855753,0.9404125286478228,0.9956450601572121
RF,0.8886995161887382,0.872065946762738,0.9113310236375253,0.9228418640183346,0.9354870165159515,"{'n_estimators': 100, 'max_depth': 10}","['spec_skew', 'spec_kurtosis', 'mfcc_std', 'wav_approx_std']",0.7938671209540034,0.7213622291021672,0.8825757575757576,0.8700824018607656,0.9040835707502374,0.8972667295004713,0.9110047846889953,0.9407335875298768,0.968147856861974,0.9975688816855753,0.9404125286478228,0.9956450601572121
RF,0.8884039576512696,0.8704322080597723,0.9135883380465423,0.922077922077922,0.9360926302371451,"{'n_estimators': 100, 'max_depth': 10}","['spec_kurtosis', 'mfcc_var', 'mfcc_std', 'wav_approx_std']",0.7946127946127947,0.7151515151515152,0.8939393939393939,0.8805597637757094,0.9028571428571428,0.8985781990521327,0.907177033492823,0.9324687805422036,0.967741935483871,0.9975669099756691,0.9396485867074102,0.995249346393522
RF,0.8883333888598016,0.8732542741993159,0.9081917136870697,0.9239877769289534,0.9312401093371148,"{'n_estimators': 50, 'max_depth': 5}","['mfcc_mean', 'NDSI', 'wav_detail_lvl5_std', 'mfcc_2']",0.7896551724137931,0.7246835443037974,0.8674242424242424,0.8956460895369672,0.9055529188419554,0.8983050847457628,0.9129186602870814,0.9061646724860802,0.9697920753236563,0.9967741935483871,0.9442322383498855,0.9919095659882968
RF,0.8877998943888231,0.8739726659158706,0.9057334736127306,0.9228418640183346,0.9278756297051499,"{'n_estimators': 50, 'max_depth': 5}","['mfcc_mean', 'spec_skew', 'wav_detail_lvl5_std', 'mfcc_2']",0.7909407665505227,0.7322580645161291,0.8598484848484849,0.8895364600677695,0.9047169811320754,0.892093023255814,0.9177033492822967,0.901793501453922,0.967741935483871,0.9975669099756691,0.9396485867074102,0.9922969275937582
RF,0.8875222967339496,0.8736956467005034,0.9054788262992598,0.9224598930481284,0.9289949537690942,"{'n_estimators': 50, 'max_depth': 5}","['mfcc_mean', 'spec_kurtosis', 'wav_detail_lvl5_std', 'mfcc_2']",0.7909407665505227,0.7322580645161291,0.8598484848484849,0.8897853741423948,0.9042904290429042,0.8912639405204461,0.9177033492822967,0.9044600856153724,0.9673356946084218,0.997564935064935,0.9388846447669977,0.9927394015495155
RF,0.8871269278111537,0.878529986555017,0.8969141883228571,0.917494270435447,0.9328524735708082,"{'n_estimators': 100, 'max_depth': 10}","['mfcc_mean', 'mfcc_1', 'mfcc_var']",0.8065099457504521,0.7716262975778547,0.8446969696969697,0.8705558069906654,0.8973747016706444,0.8952380952380953,0.8995215311004785,0.934238808279038,0.9574961360123647,0.9687255668491008,0.946524064171123,0.9937628054427211
RF,0.8871269278111537,0.878529986555017,0.8969141883228571,0.917494270435447,0.9328524735708082,"{'n_estimators': 100, 'max_depth': 10}","['mfcc_mean', 'mfcc_1', 'mfcc_std']",0.8065099457504521,0.7716262975778547,0.8446969696969697,0.8705558069906654,0.8973747016706444,0.8952380952380953,0.8995215311004785,0.9342388082790382,0.9574961360123647,0.9687255668491008,0.946524064171123,0.9937628054427211
RF,0.886711447180835,0.8728126162209194,0.904529818306908,0.9232238349885409,0.936085510589255,"{'n_estimators': 100, 'max_depth': None}","['mfcc_mean', 'spec_kurtosis', 'wav_detail_lvl5_std', 'wav_approx_std']",0.7860869565217391,0.7266881028938906,0.8560606060606061,0.8653785117336205,0.9049429657794676,0.898961284230406,0.9110047846889953,0.9480597663646331,0.9691044192412984,0.9927884615384616,0.946524064171123,0.9948182536695115
RF,0.8866092745118269,0.8683629316315084,0.9124410848869053,0.920550038197097,0.9386540094024433,"{'n_estimators': 100, 'max_depth': 10}","['spec_skew', 'mfcc_1', 'mfcc_std', 'wav_approx_std']",0.7919463087248322,0.7108433734939759,0.8939393939393939,0.8798102679483778,0.900952380952381,0.8966824644549763,0.9052631578947369,0.9398568224199526,0.9669291338582677,0.9975629569455727,0.9381207028265852,0.9962949378389993
RF,0.8866071904492694,0.877293444254633,0.897337930387466,0.9152024446142093,0.9307409662439795,"{'n_estimators': 100, 'max_depth': 10}","['mfcc_mean', 'mfcc_var', 'mfcc_std']",0.8108108108108109,0.7731958762886598,0.8522727272727273,0.867827362867496,0.8947117675083373,0.8908918406072106,0.8985645933014355,0.9318497686938957,0.95429899302866,0.9677926158680282,0.9411764705882353,0.9925457671705468
RF,0.8865954472763645,0.8809979926718725,0.8935064935064935,0.9201680672268907,0.9302470267200639,"{'n_estimators': 100, 'max_depth': 10}","['mfcc_mean', 'spec_kurtosis', 'mfcc_1', 'mfcc_std']",0.7955801104972375,0.7741935483870968,0.8181818181818182,0.8540769181470759,0.9030754892823858,0.8801089918256131,0.9272727272727272,0.9414708263148006,0.9611307420494699,0.9886914378029079,0.935064935064935,0.9951933356983148
RF,0.8865954472763645,0.8809979926718725,0.8935064935064935,0.9201680672268907,0.9302470267200639,"{'n_estimators': 100, 'max_depth': 10}","['mfcc_mean', 'spec_kurtosis', 'mfcc_1', 'mfcc_var']",0.7955801104972375,0.7741935483870968,0.8181818181818182,0.8540769181470759,0.9030754892823858,0.8801089918256131,0.9272727272727272,0.9414708263148006,0.9611307420494699,0.9886914378029079,0.935064935064935,0.9951933356983148
RF,0.8865500715421725,0.8686726419120786,0.911819097655011,0.920550038197097,0.9298578230367042,"{'n_estimators': 50, 'max_depth': 10}","['spec_skew', 'spec_kurtosis', 'NDSI', 'wav_approx_std']",0.7912457912457912,0.7121212121212122,0.8901515151515151,0.8592461017197015,0.9023696682464455,0.8938967136150234,0.9110047846889953,0.9357849698974495,0.9660347551342812,1.0,0.9343009931245225,0.9945423974929615
RF,0.8864948518109949,0.8672510024042787,0.914510764433365,0.919022154316272,0.9293609237513478,"{'n_estimators': 100, 'max_depth': 5}","['spec_skew', 'wav_detail_lvl5_std', 'mfcc_2']",0.7953410981697171,0.7091988130563798,0.9053030303030303,0.8868303220034468,0.899335232668566,0.8925541941564562,0.9062200956937799,0.9104237695238673,0.9648082245947015,1.0,0.932009167303285,0.9908286797267295
RF,0.8864424845575763,0.8661931629237148,0.9167143571942334,0.9197860962566845,0.9164174211256272,"{'n_estimators': 100, 'max_depth': 5}","['spec_skew', 'NDSI', 'wav_detail_lvl5_std']",0.7927631578947368,0.7005813953488372,0.9128787878787878,0.8346154417379514,0.8997134670487106,0.897998093422307,0.9014354066985646,0.9236873334110836,0.9668508287292817,1.0,0.9358288770053476,0.9909494882278465
RF,0.886330707263237,0.8680792274790218,0.9121864375734345,0.9201680672268907,0.9386516542947142,"{'n_estimators': 100, 'max_depth': 10}","['spec_skew', 'mfcc_1', 'mfcc_var', 'wav_approx_std']",0.7919463087248322,0.7108433734939759,0.8939393939393939,0.8798102679483778,0.900523560209424,0.8958333333333334,0.9052631578947369,0.9398503781853006,0.9665222528554549,0.9975609756097561,0.9373567608861727,0.9962943167504641
RF,0.8859848138412779,0.8654228786860099,0.9168913817520629,0.919022154316272,0.9372215839834258,"{'n_estimators': 100, 'max_depth': 10}","['spec_kurtosis', 'wav_detail_lvl5_std', 'mfcc_2']",0.7934426229508197,0.6994219653179191,0.9166666666666666,0.8823801416833897,0.8983700862895494,0.9000960614793467,0.8966507177033493,0.9352895632375177,0.9661417322834646,0.9967506092607636,0.9373567608861727,0.9939950470293702
RF,0.885910896843319,0.8748820159677261,0.8994070514968348,0.9197860962566845,0.9325149190724588,"{'n_estimators': 100, 'max_depth': None}","['mfcc_mean', 'spec_kurtosis', 'mfcc_std']",0.7935943060498221,0.7483221476510067,0.8446969696969697,0.8672823732379982,0.9009433962264151,0.8883720930232558,0.9138755980861244,0.9376332073439705,0.9631949882537196,0.9879518072289156,0.9396485867074102,0.9926291766354074
RF,0.885910896843319,0.8748820159677261,0.8994070514968348,0.9197860962566845,0.932505604697783,"{'n_estimators': 100, 'max_depth': None}","['mfcc_mean', 'spec_kurtosis', 'mfcc_var']",0.7935943060498221,0.7483221476510067,0.8446969696969697,0.8672548012908967,0.9009433962264151,0.8883720930232558,0.9138755980861244,0.937632842620767,0.9631949882537196,0.9879518072289156,0.9396485867074102,0.9926291701816856
RF,0.8852372516724571,0.8661552206392731,0.9130014206639593,0.9201680672268907,0.9249803186077076,"{'n_estimators': 50, 'max_depth': 5}","['spec_skew', 'NDSI', 'wav_detail_lvl5_std', 'mfcc_2']",0.7873754152823921,0.7011834319526628,0.8977272727272727,0.8768428190266436,0.9002386634844869,0.8980952380952381,0.9023923444976076,0.9065696436923755,0.9680976762504924,0.9991869918699187,0.9388846447669977,0.9915284931041038
RF,0.884934336252651,0.8680659314998405,0.9082964764853311,0.9213139801375095,0.9121668808069291,"{'n_estimators': 100, 'max_depth': 5}","['mfcc_mean', 'spec_skew', 'wav_detail_lvl5_std', 'wav_approx_std']",0.7830508474576271,0.7085889570552147,0.875,0.8662640505212417,0.9036544850498339,0.896421845574388,0.9110047846889953,0.8768996384498857,0.9680976762504924,0.9991869918699187,0.9388846447669977,0.9933369534496597
RF,0.884859882098339,0.8666047622006471,0.9108594793579314,0.9197860962566845,0.9320540936577323,"{'n_estimators': 50, 'max_depth': 10}","['spec_skew', 'mfcc_var', 'mfcc_std', 'wav_approx_std']",0.7872696817420436,0.7057057057057057,0.8901515151515151,0.8683527769595405,0.9,0.8957345971563981,0.9043062200956937,0.9325255358941478,0.9673099645529736,0.9983739837398374,0.9381207028265852,0.9952839681195087
RF,0.8847463256497933,0.8691536733987197,0.9055782281014478,0.920550038197097,0.928921438413051,"{'n_estimators': 50, 'max_depth': 10}","['spec_skew', 'mfcc_std', 'wav_approx_std']",0.7855917667238422,0.7178683385579937,0.8674242424242424,0.8621998932535135,0.9012345679012346,0.8944392082940622,0.908133971291866,0.9286645259488508,0.9674126423243031,0.9951534733441034,0.9411764705882353,0.9958998960367884
RF,0.8847463256497933,0.8691536733987197,0.9055782281014478,0.920550038197097,0.9289206608579987,"{'n_estimators': 50, 'max_depth': 10}","['spec_skew', 'mfcc_var', 'wav_approx_std']",0.7855917667238422,0.7178683385579937,0.8674242424242424,0.8621998932535135,0.9012345679012346,0.8944392082940622,0.908133971291866,0.9286621932836943,0.9674126423243031,0.9951534733441034,0.9411764705882353,0.9958998960367884
RF,0.8845378755946479,0.8657645683773754,0.9115378687360112,0.9178762414056532,0.9336053889400316,"{'n_estimators': 50, 'max_depth': 10}","['spec_skew', 'spec_kurtosis', 'wav_detail_lvl5_std', 'wav_approx_std']",0.7913188647746243,0.7074626865671642,0.8977272727272727,0.8679934266219274,0.8981921979067554,0.8930936613055819,0.9033492822966507,0.9377763483912358,0.9641025641025641,0.9967373572593801,0.93353705118411,0.9950463918069317
RF,0.8844166131224086,0.8636023845417627,0.9161247593136138,0.9182582123758595,0.9369013144741337,"{'n_estimators': 50, 'max_depth': 10}","['spec_skew', 'spec_kurtosis', 'wav_detail_lvl5_std', 'mfcc_2']",0.7895595432300163,0.6934097421203438,0.9166666666666666,0.8871573748262792,0.8971153846153846,0.9014492753623189,0.8928229665071771,0.9293841408987504,0.9665749115218246,0.9959481361426256,0.9388846447669977,0.9941624276973716
RF,0.8842945655517468,0.8789859063384946,0.8913268018531176,0.922077922077922,0.9248185833625399,"{'n_estimators': 100, 'max_depth': 10}","['mfcc_mean', 'wav_approx_std', 'mfcc_2']",0.7808471454880295,0.7598566308243727,0.803030303030303,0.8661769317353823,0.9059749884205651,0.8779174147217235,0.9358851674641149,0.9133673533817526,0.9660615627466457,0.9991836734693877,0.935064935064935,0.994911464970485
RF,0.8840996814314761,0.8647465531698142,0.9124815157322897,0.9178762414056532,0.9290239070903804,"{'n_estimators': 50, 'max_depth': 10}","['spec_skew', 'wav_detail_lvl5_std', 'wav_approx_std']",0.7893864013266998,0.7020648967551623,0.9015151515151515,0.8606604938853163,0.8976677772489291,0.8929924242424242,0.9023923444976076,0.9313580238197678,0.9652448657187994,0.9991823385118561,0.93353705118411,0.9950532035660568
RF,0.8839941010255603,0.8703451782657923,0.9017419886614934,0.9201680672268907,0.9324409156694223,"{'n_estimators': 100, 'max_depth': 10}","['spec_skew', 'mfcc_1', 'wav_approx_std']",0.7839721254355401,0.7258064516129032,0.8522727272727273,0.8717229113488782,0.9014615747289014,0.8884758364312267,0.9148325358851674,0.9301211323665324,0.9665486029122393,0.9967532467532467,0.9381207028265852,0.9954787032928565
RF,0.8839281343822215,0.8765833363755354,0.8929839080767873,0.9182582123758595,0.9153452180347111,"{'n_estimators': 50, 'max_depth': 10}","['mfcc_mean', 'spec_skew', 'mfcc_1', 'mfcc_std']",0.7905282331511839,0.7614035087719299,0.821969696969697,0.8178770746135224,0.9001865671641791,0.8780709736123748,0.9234449760765551,0.9333867020811584,0.9610696028313016,0.9902755267423015,0.93353705118411,0.9947718774094526
RF,0.8839281343822215,0.8765833363755354,0.8929839080767873,0.9182582123758595,0.9153452180347111,"{'n_estimators': 50, 'max_depth': 10}","['mfcc_mean', 'spec_skew', 'mfcc_1', 'mfcc_var']",0.7905282331511839,0.7614035087719299,0.821969696969697,0.8178770746135224,0.9001865671641791,0.8780709736123748,0.9234449760765551,0.9333867020811584,0.9610696028313016,0.9902755267423015,0.93353705118411,0.9947718774094526
RF,0.8836701537616657,0.8717602216755836,0.8985144456506685,0.9186401833460657,0.9183355575189248,"{'n_estimators': 100, 'max_depth': 10}","['mfcc_mean', 'spec_skew', 'spec_kurtosis', 'mfcc_1']",0.7879858657243817,0.7384105960264901,0.8446969696969697,0.8224590093532476,0.8994808872109485,0.8873370577281192,0.9119617224880383,0.9376355530216606,0.9635437083496668,0.9895330112721417,0.9388846447669977,0.9949121101818663
RF,0.8835587513553614,0.8609021750776814,0.9209689777027238,0.9186401833460657,0.9221749407829782,"{'n_estimators': 100, 'max_depth': 5}","['NDSI', 'wav_detail_lvl5_std', 'wav_approx_std', 'mfcc_2']",0.7841269841269841,0.674863387978142,0.9356060606060606,0.8742325947589926,0.8968523002421307,0.907843137254902,0.8861244019138756,0.8977198281487718,0.9696969696969697,1.0,0.9411764705882353,0.9945723994411702
RF,0.883429876142655,0.8654280466424679,0.9090981687730914,0.9201680672268907,0.9133706987978599,"{'n_estimators': 100, 'max_depth': 5}","['mfcc_mean', 'wav_detail_lvl5_std', 'wav_approx_std']",0.7805695142378559,0.6996996996996997,0.8825757575757576,0.8602076373010695,0.9004287756074321,0.896584440227704,0.9043062200956937,0.8853815978216344,0.9692913385826771,1.0,0.9404125286478228,0.9945228612708757
RF,0.8828610998884366,0.8665367194461542,0.9050556426717417,0.9186401833460657,0.9282517281482262,"{'n_estimators': 100, 'max_depth': 10}","['spec_kurtosis', 'mfcc_var', 'wav_approx_std']",0.7836456558773425,0.7120743034055728,0.8712121212121212,0.8627702021303332,0.8987161198288159,0.8931947069943289,0.9043062200956937,0.9265014635900326,0.9662215239591516,0.994341147938561,0.9396485867074102,0.9954835187243132
RF,0.8828610998884366,0.8665367194461542,0.9050556426717417,0.9186401833460657,0.9282525796444484,"{'n_estimators': 100, 'max_depth': 10}","['spec_kurtosis', 'mfcc_std', 'wav_approx_std']",0.7836456558773425,0.7120743034055728,0.8712121212121212,0.8627702021303332,0.8987161198288159,0.8931947069943289,0.9043062200956937,0.9265040180786988,0.9662215239591516,0.994341147938561,0.9396485867074102,0.9954835187243132
RF,0.882733005478667,0.8619277211407784,0.9151273906691864,0.9197860962566845,0.9328175938264103,"{'n_estimators': 50, 'max_depth': 10}","['NDSI', 'wav_detail_lvl5_std', 'wav_approx_std']",0.7779578606158833,0.6798866855524079,0.9090909090909091,0.8566722202878507,0.8997107039537127,0.9067055393586005,0.8928229665071771,0.9458329097291699,0.9705304518664047,0.9991909385113269,0.9434682964094728,0.9959476514622099
RF,0.882289584045174,0.8650251738637946,0.9065649864411475,0.917494270435447,0.9187786193340037,"{'n_estimators': 50, 'max_depth': 5}","['mfcc_mean', 'spec_skew', 'spec_kurtosis', 'wav_detail_lvl5_std']",0.7837837837837838,0.7073170731707317,0.8787878787878788,0.8493397444010877,0.898248935163275,0.8885767790262172,0.908133971291866,0.9144365108466783,0.964836033188463,0.9991816693944353,0.9327731092436975,0.992559602754245
RF,0.882231458692961,0.8644883087703574,0.9073235673854869,0.9194041252864782,0.9427976204719363,"{'n_estimators': 100, 'max_depth': None}","['spec_skew', 'spec_kurtosis', 'NDSI', 'wav_approx_std', 'mfcc_2']",0.7785234899328859,0.6987951807228916,0.8787878787878788,0.8830920887496927,0.8991877687529861,0.8979007633587787,0.9004784688995215,0.9516715650266694,0.9689831173930114,0.9967689822294022,0.9427043544690603,0.9936292076394471
RF,0.8821592957737523,0.8695338849383812,0.8981205241267162,0.9167303284950343,0.9291554894720342,"{'n_estimators': 50, 'max_depth': 10}","['mfcc_mean', 'spec_skew', 'mfcc_std']",0.7873462214411248,0.7344262295081967,0.8484848484848485,0.8655321879772939,0.8975932043416706,0.8854748603351955,0.9100478468899521,0.9268997070589118,0.9615384615384616,0.9887005649717514,0.9358288770053476,0.9950345733798968
RF,0.8821592957737523,0.8695338849383812,0.8981205241267162,0.9167303284950343,0.9291610303998931,"{'n_estimators': 50, 'max_depth': 10}","['mfcc_mean', 'spec_skew', 'mfcc_var']",0.7873462214411248,0.7344262295081967,0.8484848484848485,0.8655321879772939,0.8975932043416706,0.8854748603351955,0.9100478468899521,0.9269145500603342,0.9615384615384616,0.9887005649717514,0.9358288770053476,0.9950363531620511
RF,0.8818945974593467,0.8712875563295959,0.8952439029838412,0.9171122994652406,0.9287220765915335,"{'n_estimators': 50, 'max_depth': 10}","['mfcc_mean', 'NDSI']",0.7843137254901961,0.7407407407407407,0.8333333333333334,0.8487033803351658,0.9031352363125877,0.8836996336996337,0.9234449760765551,0.9420512042835139,0.9582348305752562,0.9894222945484134,0.9289533995416348,0.9954116451559206
RF,0.8818889200180693,0.8801561523858782,0.8858127940171284,0.9163483575248281,0.9177901448924489,"{'n_estimators': 100, 'max_depth': 5}","['mfcc_mean', 'NDSI', 'mfcc_2']",0.7879924953095685,0.7806691449814126,0.7954545454545454,0.8538544551025198,0.8997711670480549,0.862280701754386,0.9406698564593301,0.9084119149192487,0.9579030976965845,0.9975186104218362,0.9213139801375095,0.9911040646555782
RF,0.8818655729995997,0.8616951689429267,0.9120743034055727,0.9148204736440031,0.9219706264264657,"{'n_estimators': 50, 'max_depth': 10}","['spec_skew', 'spec_kurtosis', 'wav_detail_lvl5_std']",0.7894736842105263,0.6976744186046512,0.9090909090909091,0.8575720246178361,0.8936576061039581,0.8906844106463878,0.8966507177033493,0.9165629951323206,0.9624654286843145,0.9967266775777414,0.93048128342246,0.99177685952924
RF,0.8816792107134126,0.8651997258228187,0.9041630368255755,0.917494270435447,0.9213053989061756,"{'n_estimators': 50, 'max_depth': 10}","['mfcc_var', 'mfcc_std', 'wav_approx_std']",0.782312925170068,0.7098765432098766,0.8712121212121212,0.8611120795172265,0.8976677772489291,0.8929924242424242,0.9023923444976076,0.9083668883859763,0.9650569297212407,0.9927302100161551,0.9388846447669977,0.9944372288153243
RF,0.8814410708918808,0.8656346345637758,0.9031093777223808,0.9178762414056532,0.915195823191746,"{'n_estimators': 100, 'max_depth': 10}","['spec_kurtosis', 'NDSI', 'wav_approx_std']",0.7794871794871795,0.7102803738317757,0.8636363636363636,0.8215133871313766,0.9,0.8874418604651163,0.9129186602870814,0.9302175710496778,0.964836033188463,0.9991816693944353,0.9327731092436975,0.9938565113941837
RF,0.8812367676024385,0.8713972511400406,0.8927190972082614,0.913292589763178,0.9199514731142543,"{'n_estimators': 50, 'max_depth': 10}","['mfcc_mean', 'mfcc_1']",0.7956989247311828,0.7551020408163265,0.8409090909090909,0.8322673870005591,0.8924988055422838,0.8912213740458015,0.8937799043062201,0.9346014265165482,0.9555125725338491,0.9678683385579937,0.9434682964094728,0.9929856058256554
RF,0.8810579669511672,0.8652136448375666,0.9026722331675892,0.922077922077922,0.9013927034867931,"{'n_estimators': 100, 'max_depth': 10}","['NDSI', 'mfcc_var', 'mfcc_std']",0.767402376910017,0.6953846153846154,0.8560606060606061,0.7637586866690141,0.9029454369869628,0.9113060428849903,0.8947368421052632,0.9424872323383716,0.9728260869565217,0.988950276243094,0.9572192513368984,0.9979321914529937
RF,0.8810358576416704,0.8677474636161078,0.8978499055124441,0.9155844155844156,0.9240377775369328,"{'n_estimators': 50, 'max_depth': None}","['mfcc_mean', 'spec_kurtosis', 'mfcc_1']",0.7867132867132867,0.7305194805194806,0.8522727272727273,0.8450880800215158,0.8951115329852871,0.8879472693032016,0.9023923444976076,0.936085786602227,0.9612827532264372,0.9847756410256411,0.9388846447669977,0.9909394659870556
RF,0.8809932746071384,0.8647848988453256,0.9033507342330872,0.9171122994652406,0.9141407579200141,"{'n_estimators': 100, 'max_depth': 5}","['mfcc_mean', 'spec_kurtosis', 'wav_detail_lvl5_std']",0.7802385008517888,0.7089783281733746,0.8674242424242424,0.8393434273804495,0.8974964572508266,0.8861940298507462,0.9090909090909091,0.9096097841478614,0.9652448657187994,0.9991823385118561,0.93353705118411,0.9934690622317317
RF,0.8807845694665505,0.8704397087714231,0.8929604537189677,0.9125286478227654,0.9314990347985832,"{'n_estimators': 100, 'max_depth': 10}","['mfcc_mean', 'mfcc_std']",0.7964285714285714,0.7533783783783784,0.8446969696969697,0.8629380769973949,0.8903781713738631,0.8908045977011494,0.8899521531100478,0.9379379421216829,0.9555469655972169,0.9671361502347418,0.9442322383498855,0.9936210852766716
RF,0.8807845694665505,0.8704397087714231,0.8929604537189677,0.9125286478227654,0.9314954817504669,"{'n_estimators': 100, 'max_depth': 10}","['mfcc_mean', 'mfcc_var']",0.7964285714285714,0.7533783783783784,0.8446969696969697,0.8629335093381316,0.8903781713738631,0.8908045977011494,0.8899521531100478,0.9379325351334955,0.9555469655972169,0.9671361502347418,0.9442322383498855,0.9936204007797736
RF,0.8807738880063649,0.8707909297175873,0.8924617693967539,0.913292589763178,0.9296026261633733,"{'n_estimators': 50, 'max_depth': 10}","['mfcc_mean', 'mfcc_1', 'mfcc_var', 'mfcc_std']",0.7942754919499105,0.752542372881356,0.8409090909090909,0.8639132690546587,0.8916586768935763,0.8933717579250721,0.8899521531100478,0.9351927637278166,0.9563874951756078,0.9664586583463338,0.946524064171123,0.9897018457076445
RF,0.8803926828424756,0.8624519363898564,0.9059189864143424,0.9178762414056532,0.9383070250671519,"{'n_estimators': 100, 'max_depth': None}","['spec_kurtosis', 'NDSI', 'wav_approx_std', 'mfcc_2']",0.7759197324414716,0.6946107784431138,0.8787878787878788,0.8763596653141895,0.8977436389822372,0.9007707129094412,0.8947368421052632,0.946619075809335,0.9675146771037182,0.9919743178170144,0.9442322383498855,0.9919423340779312
RF,0.8802621460180634,0.8608517961474504,0.9090609768628344,0.9163483575248281,0.9283517638911403,"{'n_estimators': 50, 'max_depth': 10}","['spec_kurtosis', 'wav_detail_lvl5_std', 'wav_approx_std']",0.7788778877887789,0.6900584795321637,0.8939393939393939,0.853069161661293,0.8957934990439771,0.894937917860554,0.8966507177033493,0.9367089561301274,0.9661150512214342,0.9975589910496339,0.9365928189457601,0.9952771738820007
RF,0.8797277963828387,0.8558370383591875,0.9228780507418279,0.9155844155844156,0.9316505906739482,"{'n_estimators': 50, 'max_depth': 5}","['NDSI', 'wav_detail_lvl5_std', 'mfcc_2']",0.7777777777777778,0.65625,0.9545454545454546,0.8722178123873962,0.8916135360470819,0.9144869215291751,0.8698564593301435,0.9308240454109034,0.9697920753236563,0.9967741935483871,0.9442322383498855,0.9919099142235451
RF,0.87968801769896,0.859652392386057,0.9099217517948168,0.9129106187929718,0.9105553148282386,"{'n_estimators': 100, 'max_depth': 5}","['spec_kurtosis', 'wav_detail_lvl5_std']",0.7861842105263158,0.6947674418604651,0.9053030303030303,0.8346544697047577,0.8917378917378918,0.8850141376060321,0.8985645933014355,0.9056130038803141,0.9611419508326725,0.9991755976916735,0.9258976317799847,0.9913984708996441
RF,0.879684906685871,0.8641548890784817,0.9007849391750321,0.922077922077922,0.8974331426135341,"{'n_estimators': 50, 'max_depth': 10}","['NDSI', 'mfcc_std']",0.7619047619047619,0.691358024691358,0.8484848484848485,0.7569792756220263,0.9035679845708775,0.9105928085519922,0.8966507177033493,0.9378114410457503,0.9735819735819736,0.9905138339920949,0.9572192513368984,0.9975087111728258
RF,0.879684906685871,0.8641548890784817,0.9007849391750321,0.922077922077922,0.8974371162819232,"{'n_estimators': 50, 'max_depth': 10}","['NDSI', 'mfcc_var']",0.7619047619047619,0.691358024691358,0.8484848484848485,0.7569792756220263,0.9035679845708775,0.9105928085519922,0.8966507177033493,0.9378233620509178,0.9735819735819736,0.9905138339920949,0.9572192513368984,0.9975087111728258
RF,0.8793582087184241,0.863516779816072,0.9012087929270592,0.9167303284950343,0.9178578200763408,"{'n_estimators': 100, 'max_depth': 10}","['spec_skew', 'NDSI', 'wav_approx_std']",0.7747440273037542,0.7049689440993789,0.8598484848484849,0.8304454155583818,0.8981132075471698,0.8855813953488372,0.9110047846889953,0.9293372389715249,0.9652173913043478,1.0,0.9327731092436975,0.9937908056991158
RF,0.8789469958323788,0.861899472648771,0.9026968043995908,0.9155844155844156,0.9227819662180937,"{'n_estimators': 50, 'max_depth': 10}","['mfcc_var', 'wav_approx_std']",0.777027027027027,0.7012195121951219,0.8712121212121212,0.8585411761929033,0.894811994288434,0.8901515151515151,0.8995215311004785,0.914643165713124,0.9650019661816752,0.9943273905996759,0.9373567608861727,0.9951615567482542
RF,0.8789469958323788,0.861899472648771,0.9026968043995908,0.9155844155844156,0.9227819662180937,"{'n_estimators': 50, 'max_depth': 10}","['mfcc_std', 'wav_approx_std']",0.777027027027027,0.7012195121951219,0.8712121212121212,0.8585411761929033,0.894811994288434,0.8901515151515151,0.8995215311004785,0.914643165713124,0.9650019661816752,0.9943273905996759,0.9373567608861727,0.9951615567482542
RF,0.878860490293877,0.8649579529137753,0.8971874874351654,0.9182582123758595,0.9312181331893475,"{'n_estimators': 100, 'max_depth': 5}","['mfcc_mean', 'wav_detail_lvl5_std', 'mfcc_2']",0.7694974003466204,0.7092651757188498,0.8409090909090909,0.8873644395751648,0.898961284230406,0.8872320596458527,0.9110047846889953,0.9130015377670209,0.9681227863046045,0.9983766233766234,0.9396485867074102,0.9932884222258572
RF,0.8787006067500989,0.8586749387803035,0.9091763499658235,0.9152024446142093,0.9181617419178093,"{'n_estimators': 100, 'max_depth': 5}","['wav_detail_lvl5_std', 'wav_approx_std', 'mfcc_2']",0.7757774140752864,0.6829971181556196,0.8977272727272727,0.8667373925668329,0.8938814531548758,0.8930276981852913,0.8947368421052632,0.8944534456082148,0.9664429530201343,1.0,0.935064935064935,0.9932943875783801
RF,0.8780246790664398,0.8632832714015489,0.897994540718999,0.9163483575248281,0.9180295523354648,"{'n_estimators': 100, 'max_depth': 10}","['mfcc_mean', 'spec_skew', 'spec_kurtosis', 'wav_approx_std']",0.7710843373493976,0.7066246056782335,0.8484848484848485,0.8413663802762219,0.8973634651600754,0.8832252085264134,0.9119617224880383,0.9189583953793238,0.9656262346898459,1.0,0.93353705118411,0.9937638813508486
RF,0.8778464925841286,0.8629061272323467,0.8978631963152087,0.9167303284950343,0.9265116794748386,"{'n_estimators': 50, 'max_depth': 10}","['mfcc_1', 'wav_approx_std']",0.7697594501718213,0.7044025157232704,0.8484848484848485,0.8660828984648239,0.89720511605874,0.8883677298311444,0.9062200956937799,0.9183350852234093,0.9665749115218246,0.9959481361426256,0.9388846447669977,0.9951170547362825
RF,0.8776483047123463,0.8648584595128375,0.8944102680944787,0.9167303284950343,0.911913827026963,"{'n_estimators': 50, 'max_depth': 5}","['mfcc_mean', 'spec_skew', 'wav_detail_lvl5_std']",0.7692307692307693,0.7142857142857143,0.8333333333333334,0.8309192554915191,0.8976525821596244,0.8811059907834101,0.9148325358851674,0.9125248367140638,0.9660615627466457,0.9991836734693877,0.935064935064935,0.9922973888753058
RF,0.8768338858476716,0.8600536535481614,0.9001045394234248,0.9152024446142093,0.9353935638880205,"{'n_estimators': 100, 'max_depth': None}","['spec_skew', 'NDSI', 'wav_approx_std', 'mfcc_2']",0.7702702702702703,0.6951219512195121,0.8636363636363636,0.8694201498771501,0.8943089430894309,0.8938814531548758,0.8947368421052632,0.944564525203319,0.9659224441833137,0.9911575562700965,0.9419404125286478,0.9921960165835925
RF,0.8766704075687789,0.8582077513344576,0.9029546906481891,0.9094728800611154,0.9292386603008662,"{'n_estimators': 100, 'max_depth': None}","['spec_skew', 'mfcc_1', 'mfcc_var']",0.7859531772575251,0.7035928143712575,0.8901515151515151,0.8672779469474332,0.8872970391595033,0.8856053384175405,0.8889952153110048,0.929394876770355,0.9567610062893082,0.9854251012145749,0.9297173414820473,0.9910431571848106
RF,0.8763397213046037,0.851994614410255,0.9220875271958864,0.9121466768525592,0.9222676615556894,"{'n_estimators': 100, 'max_depth': 5}","['NDSI', 'wav_detail_lvl5_std']",0.774390243902439,0.6479591836734694,0.9621212121212122,0.8390385217659465,0.8868110236220472,0.9128672745694022,0.8622009569377991,0.9349921029092779,0.9678178963893249,0.9951573849878934,0.9419404125286478,0.9927723599918437
RF,0.8763119602206748,0.8630839388615494,0.893233752831276,0.913292589763178,0.9212354948922896,"{'n_estimators': 50, 'max_depth': None}","['mfcc_mean', 'spec_skew', 'mfcc_1']",0.774869109947644,0.7184466019417476,0.8409090909090909,0.8523409898725823,0.8924680246328754,0.8836772983114447,0.9014354066985646,0.921241553964276,0.9615987460815048,0.9871279163314561,0.9373567608861727,0.9901239408400103
RF,0.8755629664327153,0.8563585504393237,0.9042976201644932,0.9106187929717342,0.9145993334213077,"{'n_estimators': 100, 'max_depth': 5}","['spec_skew', 'wav_detail_lvl5_std']",0.7768595041322314,0.6891495601173021,0.8901515151515151,0.850835452529384,0.8890995260663507,0.8807511737089202,0.8976076555023923,0.901881713980371,0.9607298690995637,0.9991749174917491,0.9251336898395722,0.9910808337541683
RF,0.8754250152138048,0.8510004425993017,0.9201923033966377,0.9102368220015279,0.9202382501694807,"{'n_estimators': 100, 'max_depth': 5}","['wav_detail_lvl5_std', 'mfcc_2']",0.7760736196319018,0.6520618556701031,0.9583333333333334,0.8697486805979442,0.8853099072718399,0.9033864541832669,0.8679425837320575,0.8998965512431598,0.9648915187376725,0.9975530179445351,0.9343009931245225,0.9910695186673384
RF,0.8748305260282008,0.8560105749076982,0.901997752849146,0.9083269671504965,0.9285970239291803,"{'n_estimators': 100, 'max_depth': None}","['spec_skew', 'mfcc_1', 'mfcc_std']",0.7820299500831946,0.6973293768545994,0.8901515151515151,0.8654840079280484,0.8857006217120995,0.8852772466539197,0.8861244019138756,0.929274490923633,0.9567610062893082,0.9854251012145749,0.9297173414820473,0.9910325729358598
RF,0.8745480477757726,0.8563529935738373,0.901034895616939,0.9140565317035906,0.9119396328955007,"{'n_estimators': 100, 'max_depth': 5}","['mfcc_mean', 'wav_detail_lvl5_std']",0.7641196013289037,0.6804733727810651,0.8712121212121212,0.8394074876828492,0.8920863309352518,0.8942307692307693,0.8899521531100478,0.9025859628719218,0.9674382110631621,0.9943548387096774,0.9419404125286478,0.9938254481317308
RF,0.8739774125480184,0.8745762937716889,0.8750578540826219,0.9117647058823529,0.9076833618220824,"{'n_estimators': 50, 'max_depth': 5}","['mfcc_mean', 'mfcc_2']",0.7718631178707225,0.7748091603053435,0.7689393939393939,0.8501259550597884,0.8938906752411575,0.8595406360424028,0.9311004784688995,0.8823420892623489,0.9561784445321753,0.9893790849673203,0.9251336898395722,0.9905820411441099
RF,0.8723145151348227,0.8495900611689446,0.9116994804301305,0.9102368220015279,0.9084335446772666,"{'n_estimators': 100, 'max_depth': 5}","['wav_detail_lvl5_std', 'wav_approx_std']",0.7636932707355243,0.6506666666666666,0.9242424242424242,0.8381572163767854,0.8875968992248062,0.8989205103042198,0.876555023923445,0.8927890409480664,0.9656533754441374,0.9991830065359477,0.9343009931245225,0.9943543767069478
RF,0.8721344834243908,0.8531235999409016,0.8999685041480707,0.9071810542398777,0.9232558542033145,"{'n_estimators': 50, 'max_depth': None}","['spec_skew', 'mfcc_1', 'mfcc_var', 'mfcc_std']",0.7748344370860927,0.6882352941176471,0.8863636363636364,0.860021277523513,0.8839884947267498,0.8856868395773295,0.8822966507177034,0.9220311559792126,0.9575805184603299,0.9854486661277284,0.9312452253628725,0.9877151291072179
RF,0.8716462387372297,0.8606190798125596,0.8857382985091963,0.9117647058823529,0.9218946227032857,"{'n_estimators': 50, 'max_depth': 10}","['spec_skew', 'spec_kurtosis', 'wav_approx_std', 'mfcc_2']",0.7610619469026548,0.7142857142857143,0.8143939393939394,0.8532166592620332,0.8917018284106891,0.8740808823529411,0.9100478468899521,0.9186327290872369,0.9621749408983451,0.9934906427990235,0.9327731092436975,0.9938344797605871
RF,0.8706253534569736,0.8556785159730831,0.8910168692676432,0.9113827349121467,0.9095105893459907,"{'n_estimators': 100, 'max_depth': None}","['mfcc_mean', 'spec_kurtosis', 'wav_approx_std']",0.7568493150684932,0.690625,0.8371212121212122,0.8185726708071668,0.8913043478260869,0.880485527544351,0.9023923444976076,0.9185944917014794,0.9637223974763407,0.9959250203748982,0.93353705118411,0.9913646055293259
RF,0.868875447427087,0.8631571339217009,0.8766878202636716,0.9117647058823529,0.9080518583537196,"{'n_estimators': 100, 'max_depth': 10}","['mfcc_mean', 'wav_approx_std']",0.7509157509157509,0.7269503546099291,0.7765151515151515,0.8345942054817697,0.8937153419593346,0.8641644325290437,0.9253588516746412,0.8948637753117091,0.9619952494061758,0.9983566146261298,0.9281894576012223,0.9946975942676798
RF,0.8680641413678373,0.8569676145696761,0.8826527102068898,0.9113827349121467,0.9120838204315619,"{'n_estimators': 50, 'max_depth': 10}","['mfcc_mean', 'spec_skew', 'wav_approx_std']",0.7477954144620811,0.6996699669966997,0.803030303030303,0.8290151828899084,0.891588785046729,0.8712328767123287,0.9129186602870814,0.9134388126612618,0.9648082245947015,1.0,0.932009167303285,0.9937974657435156
RF,0.8673034176790456,0.8487486203569249,0.8943954136678595,0.9037433155080213,0.9193699550397655,"{'n_estimators': 50, 'max_depth': None}","['spec_kurtosis', 'mfcc_1', 'mfcc_var', 'mfcc_std']",0.7661691542288557,0.6814159292035398,0.875,0.851021305105741,0.879731672256828,0.8809980806142035,0.8784688995215311,0.9213416647515991,0.9560094265514533,0.9838318512530315,0.9297173414820473,0.9857468952619564
RF,0.8648206393789432,0.845553448370053,0.8937441643323996,0.9018334606569901,0.9106527322276176,"{'n_estimators': 50, 'max_depth': None}","['spec_skew', 'spec_kurtosis', 'mfcc_1', 'mfcc_var', 'mfcc_std']",0.7619047619047619,0.672463768115942,0.8787878787878788,0.8223951382319912,0.8769230769230769,0.881159420289855,0.8727272727272727,0.9220595768120597,0.955634079308991,0.9830371567043619,0.9297173414820473,0.9875034816388022
RF,0.8644999746558861,0.8456144465290807,0.8928727790956893,0.9037433155080213,0.8834053804945835,"{'n_estimators': 50, 'max_depth': None}","['mfcc_mean', 'spec_skew', 'spec_kurtosis']",0.7553366174055829,0.6666666666666666,0.8712121212121212,0.7601765641605615,0.8792270531400966,0.8878048780487805,0.8708133971291866,0.9008343401447474,0.9589362534219789,0.9823717948717948,0.9365928189457601,0.9892052371784414
RF,0.8638734675136405,0.845507428979837,0.8919822953104687,0.9083269671504965,0.9244605428698504,"{'n_estimators': 100, 'max_depth': 10}","['NDSI', 'wav_approx_std']",0.7377049180327869,0.6502890173410405,0.8522727272727273,0.842525688916026,0.8866571018651362,0.8862332695984704,0.8870813397129187,0.9356169306157789,0.967258382642998,1.0,0.9365928189457601,0.9952390090777463
RF,0.8631834340939805,0.8445425417895632,0.8906452852273286,0.900305576776165,0.9154095418940035,"{'n_estimators': 50, 'max_depth': None}","['spec_kurtosis', 'mfcc_1', 'mfcc_var']",0.7603305785123967,0.6744868035190615,0.8712121212121212,0.8374025041431867,0.8751200768491835,0.8784956605593057,0.8717703349282296,0.9232663490192037,0.954099646920361,0.9806451612903225,0.9289533995416348,0.9855597725196201
RF,0.8631834340939805,0.8445425417895632,0.8906452852273286,0.900305576776165,0.9154119204123158,"{'n_estimators': 50, 'max_depth': None}","['spec_kurtosis', 'mfcc_1', 'mfcc_std']",0.7603305785123967,0.6744868035190615,0.8712121212121212,0.8374342525259643,0.8751200768491835,0.8784956605593057,0.8717703349282296,0.9232417361913627,0.954099646920361,0.9806451612903225,0.9289533995416348,0.9855597725196201
RF,0.8631314733456824,0.8442543898378562,0.8916744847859398,0.9033613445378151,0.9175619567333958,"{'n_estimators': 100, 'max_depth': None}","['spec_skew', 'spec_kurtosis', 'mfcc_1', 'mfcc_std']",0.7508196721311475,0.661849710982659,0.8674242424242424,0.841800613325269,0.8789194404245055,0.8861867704280155,0.8717703349282296,0.9210100869408585,0.9596553074813945,0.9847266881028939,0.9358288770053476,0.98987516993406
RF,0.8628543271977582,0.8439632234737365,0.891419837472469,0.9029793735676088,0.9175448502582985,"{'n_estimators': 100, 'max_depth': None}","['spec_skew', 'spec_kurtosis', 'mfcc_1', 'mfcc_var']",0.7508196721311475,0.661849710982659,0.8674242424242424,0.8416799049274679,0.8784956605593057,0.8853255587949466,0.8717703349282296,0.9210742009451012,0.9592476489028213,0.9847144006436042,0.935064935064935,0.9898804449023263
RF,0.8616517854569009,0.8370176422335674,0.9122715433860944,0.8991596638655462,0.89885092776878,"{'n_estimators': 100, 'max_depth': 5}",['wav_detail_lvl5_std'],0.7537091988130564,0.6195121951219512,0.9621212121212122,0.7951744014445508,0.8699507389162562,0.8964467005076142,0.8449760765550239,0.9100121573109486,0.9612954186413902,0.9950940310711366,0.9297173414820473,0.9913662245508403
RF,0.8608974327707029,0.8499497549879061,0.8750370802228388,0.9056531703590527,0.9140401054463183,"{'n_estimators': 100, 'max_depth': 10}","['spec_skew', 'wav_approx_std', 'mfcc_2']",0.7372134038800705,0.6897689768976898,0.7916666666666666,0.8386316141982066,0.8840919755983107,0.8674033149171271,0.9014354066985646,0.9103532087347548,0.9613869188337274,0.9926769731489016,0.932009167303285,0.9931354934059936
RF,0.859832295416067,0.8463090835495407,0.8778414396061455,0.9033613445378151,0.8815393489652258,"{'n_estimators': 100, 'max_depth': 10}","['mfcc_mean', 'spec_skew']",0.7392055267702936,0.6793650793650794,0.8106060606060606,0.7464021904239201,0.8807947019867549,0.8709073900841908,0.8909090909090909,0.9052186357024831,0.9594966574911522,0.9886547811993517,0.932009167303285,0.9929972207692742
RF,0.8591505356445804,0.8456574936884289,0.8778063697568341,0.9052711993888465,0.8981208617240798,"{'n_estimators': 50, 'max_depth': 10}","['spec_skew', 'spec_kurtosis', 'wav_approx_std']",0.729776247848537,0.668769716088328,0.803030303030303,0.796688642918552,0.8845070422535212,0.8682027649769585,0.9014354066985646,0.9060673801514363,0.9631683168316831,1.0,0.9289533995416348,0.9916065621022513
RF,0.8581206884011241,0.8465147223358241,0.8732624788352342,0.9048892284186402,0.9162316817357686,"{'n_estimators': 100, 'max_depth': 10}","['spec_kurtosis', 'wav_approx_std', 'mfcc_2']",0.7285464098073555,0.6775244299674267,0.7878787878787878,0.8426844393750785,0.8828235294117647,0.8685185185185185,0.8976076555023923,0.9124418381081216,0.962992125984252,0.9935012185215272,0.9343009931245225,0.9935687677241056
RF,0.858043819017869,0.8458034462857613,0.8747207814545276,0.9048892284186402,0.8867164845702985,"{'n_estimators': 100, 'max_depth': 10}","['spec_skew', 'wav_approx_std']",0.7269565217391304,0.6720257234726688,0.7916666666666666,0.7613649760485227,0.8844174075807206,0.8653846153846154,0.9043062200956937,0.9052817795121798,0.9627575277337559,1.0,0.9281894576012223,0.9935026981501932
RF,0.8556439237403471,0.842115482258022,0.8737962330067592,0.9022154316271963,0.8800971396755418,"{'n_estimators': 100, 'max_depth': 10}","['mfcc_mean', 'spec_kurtosis']",0.7263339070567987,0.6656151419558359,0.7992424242424242,0.740058656908492,0.8790896159317212,0.8712406015037594,0.8870813397129187,0.9072371914162218,0.9615082482325216,0.9894907033144705,0.935064935064935,0.9929955707019116
RF,0.8554463739279777,0.8368300866674678,0.8849270011034717,0.9022154316271963,0.9278424939650529,"{'n_estimators': 50, 'max_depth': 10}","['NDSI', 'wav_approx_std', 'mfcc_2']",0.7228525121555915,0.6317280453257791,0.8446969696969697,0.8540662184908324,0.8773448773448773,0.8820116054158608,0.8727272727272727,0.934731761883134,0.9661417322834646,0.9967506092607636,0.9373567608861727,0.9947295015211922
RF,0.8518423697049856,0.8316009292373127,0.8819377990430621,0.8731856378915203,0.9106193748679208,"{'n_estimators': 100, 'max_depth': None}","['mfcc_1', 'mfcc_std']",0.7993421052631579,0.7063953488372093,0.9204545454545454,0.8681010521058512,0.8383292383292383,0.8616161616161616,0.816267942583732,0.8914091096619126,0.9178557655225608,0.926791277258567,0.9090909090909091,0.9723479628359986
RF,0.8503114703352063,0.8298371572290169,0.881045193196896,0.8720397249809014,0.9105976075507499,"{'n_estimators': 100, 'max_depth': None}","['mfcc_1', 'mfcc_var']",0.7967213114754098,0.7023121387283237,0.9204545454545454,0.8679166507511622,0.8367748279252704,0.8604651162790697,0.8143540669856459,0.8915356733961846,0.9174382716049383,0.926734216679657,0.9083269671504965,0.9723404985049029
RF,0.847227986342186,0.838373494098308,0.8590062500279219,0.9010695187165776,0.8853488296372408,"{'n_estimators': 50, 'max_depth': 5}","['spec_kurtosis', 'wav_approx_std']",0.697508896797153,0.6577181208053692,0.7424242424242424,0.786707852289067,0.8797763280521901,0.857402361489555,0.9033492822966507,0.8798198410358514,0.9643987341772152,1.0,0.9312452253628725,0.9895187955868039
RF,0.8444526903892134,0.8237098008928995,0.8761611023994925,0.8682200152788389,0.9041026059054018,"{'n_estimators': 50, 'max_depth': None}","['mfcc_1', 'mfcc_var', 'mfcc_std']",0.7850162866449512,0.6885714285714286,0.9128787878787878,0.8535550649470095,0.8314496314496315,0.8545454545454545,0.8095693779904306,0.8879367098720261,0.9168921530730576,0.9280125195618153,0.906035141329259,0.9708160428971698
RF,0.8443445954187997,0.8336751628848358,0.8582853077435121,0.8999236058059588,0.8720049021319802,"{'n_estimators': 100, 'max_depth': 5}",['wav_approx_std'],0.6900175131348512,0.6416938110749185,0.7462121212121212,0.782209792680081,0.8764150943396226,0.8641860465116279,0.8889952153110048,0.844472437287811,0.9666011787819253,0.9951456310679612,0.9396485867074102,0.9893324764280486
RF,0.8424236581412318,0.8297238620330957,0.859269944022266,0.8911382734912147,0.8917468871217697,"{'n_estimators': 100, 'max_depth': 10}",['mfcc_mean'],0.7081174438687392,0.6507936507936508,0.7765151515151515,0.7726788903582728,0.8646080760095012,0.8584905660377359,0.8708133971291866,0.908539885700657,0.9545454545454546,0.9798873692679002,0.93048128342246,0.9940218853063795
RF,0.8404165430091038,0.8297108257646936,0.8548701298701298,0.8976317799847212,0.8835715870366742,"{'n_estimators': 50, 'max_depth': 5}","['wav_approx_std', 'mfcc_2']",0.680628272251309,0.6310679611650486,0.7386363636363636,0.8115467362156142,0.8741784037558685,0.8580645161290322,0.8909090909090909,0.8509838039643687,0.9664429530201343,1.0,0.935064935064935,0.9881842209300395
RF,0.8208114912627701,0.8057549063936046,0.8438967293456457,0.878533231474408,0.8291918948777198,"{'n_estimators': 100, 'max_depth': None}","['spec_skew', 'spec_kurtosis', 'mfcc_1']",0.6589785831960461,0.5830903790087464,0.7575757575757576,0.5917174234769267,0.8469682386910491,0.8518877057115198,0.8421052631578947,0.9043753738413681,0.9564876519012152,0.9822866344605475,0.932009167303285,0.9914828873148646
RF,0.8183617029835265,0.8015163034592255,0.8459186066771206,0.8716577540106952,0.8446229247474868,"{'n_estimators': 50, 'max_depth': 10}","['spec_skew', 'spec_kurtosis', 'mfcc_var', 'mfcc_std']",0.667741935483871,0.5814606741573034,0.7840909090909091,0.6603268355040172,0.8390197020663143,0.8426640926640927,0.8354066985645933,0.8884493421070152,0.9483234714003945,0.9804241435562806,0.9182582123758595,0.9850925966314281
RF,0.8149418247137935,0.79955905619657,0.8390530693936267,0.8720397249809014,0.8504590308223744,"{'n_estimators': 100, 'max_depth': None}","['spec_skew', 'spec_kurtosis', 'mfcc_var']",0.6546644844517185,0.5763688760806917,0.7575757575757576,0.66033334170612,0.8388648388648389,0.8433268858800773,0.8344497607655502,0.9010326821906695,0.9512961508248232,0.978981406628941,0.9251336898395722,0.9900110685703338
RF,0.814343915631834,0.7991565930139041,0.8380450904444713,0.8720397249809014,0.8506383388285381,"{'n_estimators': 100, 'max_depth': None}","['spec_skew', 'spec_kurtosis', 'mfcc_std']",0.6524590163934426,0.5751445086705202,0.7537878787878788,0.6608852713419585,0.8388648388648389,0.8433268858800773,0.8344497607655502,0.9010375223829589,0.9517078916372202,0.9789983844911146,0.9258976317799847,0.9899922227606971
RF,0.8103337335204924,0.7914165607528085,0.8521817020269032,0.865546218487395,0.7955289144550085,"{'n_estimators': 50, 'max_depth': 5}","['spec_skew', 'mfcc_1']",0.6518518518518519,0.5352798053527981,0.8333333333333334,0.5145278051245944,0.8250497017892644,0.8583247156153051,0.7942583732057417,0.8806567271347678,0.954099646920361,0.9806451612903225,0.9289533995416348,0.9914022111056632
RF,0.8068220704264242,0.788389681935283,0.8450402968204825,0.8624904507257448,0.7908408227291535,"{'n_estimators': 100, 'max_depth': 5}","['spec_kurtosis', 'mfcc_1']",0.6485671191553545,0.5388471177944862,0.8143939393939394,0.49408810896906485,0.821605550049554,0.8520041109969168,0.7933014354066986,0.8868602354600245,0.950293542074364,0.9743178170144462,0.9274255156608098,0.9915741237583711
RF,0.8050102107803138,0.7860194391093267,0.8457724078467113,0.8590527119938884,0.8311999598722029,"{'n_estimators': 100, 'max_depth': 10}","['spec_skew', 'mfcc_var', 'mfcc_std']",0.6497764530551415,0.5356265356265356,0.8257575757575758,0.6277853404716931,0.8191699604743083,0.8467824310520939,0.7933014354066986,0.8821592224888157,0.9460842188114915,0.9756493506493507,0.9182582123758595,0.9836553166560998
RF,0.8047407461449362,0.786507741759061,0.8394242066842685,0.8590527119938884,0.8213462695059027,"{'n_estimators': 100, 'max_depth': 10}","['spec_kurtosis', 'mfcc_var', 'mfcc_std']",0.650231124807396,0.548051948051948,0.7992424242424242,0.6057523096059132,0.8203125,0.8374875373878365,0.8038277511961722,0.8833988151666181,0.9436786136274123,0.9739837398373984,0.9152024446142093,0.974887683745177
RF,0.8034230550973563,0.7877724497484654,0.8291403642796832,0.8605805958747135,0.8841781689557643,"{'n_estimators': 100, 'max_depth': None}","['spec_skew', 'spec_kurtosis', 'NDSI', 'mfcc_2']",0.6387096774193548,0.5561797752808989,0.75,0.7562630413000666,0.8431277319086935,0.8560157790927022,0.830622009569378,0.9184470332624076,0.9284317559640204,0.9511217948717948,0.9067990832696715,0.9778244323048185
RF,0.8032796064290341,0.7844338573333832,0.8472763906200438,0.8586707410236822,0.7985297827682959,"{'n_estimators': 50, 'max_depth': 5}","['spec_skew', 'mfcc_var']",0.6423357664233577,0.5225653206650831,0.8333333333333334,0.5208601317978698,0.817641228939544,0.8478931140801644,0.7894736842105263,0.8832925329717115,0.9498618239242006,0.9828431372549019,0.919022154316272,0.9914366835353062
RF,0.8032796064290341,0.7844338573333832,0.8472763906200438,0.8586707410236822,0.7985297827682959,"{'n_estimators': 50, 'max_depth': 5}","['spec_skew', 'mfcc_std']",0.6423357664233577,0.5225653206650831,0.8333333333333334,0.5208601317978698,0.817641228939544,0.8478931140801644,0.7894736842105263,0.8832925329717115,0.9498618239242006,0.9828431372549019,0.919022154316272,0.9914366835353062
RF,0.8025121959249731,0.7855816745635936,0.832875079856504,0.8571428571428571,0.8843394874423133,"{'n_estimators': 100, 'max_depth': None}","['spec_skew', 'NDSI', 'mfcc_2']",0.6446540880503144,0.5510752688172043,0.7765151515151515,0.7673666775570518,0.8373464373464373,0.8606060606060606,0.815311004784689,0.9081649997828063,0.9255360623781677,0.9450636942675159,0.9067990832696715,0.9774867849870817
RF,0.8011568974317861,0.7835591961927552,0.8343093696808866,0.8575248281130634,0.8250311732076038,"{'n_estimators': 100, 'max_depth': 10}","['spec_kurtosis', 'mfcc_var']",0.6408668730650154,0.5418848167539267,0.7840909090909091,0.607475734677016,0.818137493905412,0.8339960238568589,0.8028708133971292,0.8821460479489257,0.944466325324931,0.9747967479674797,0.9159663865546218,0.9854717369968695
RF,0.8011568974317861,0.7835591961927552,0.8343093696808866,0.8575248281130634,0.8250403424325503,"{'n_estimators': 100, 'max_depth': 10}","['spec_kurtosis', 'mfcc_std']",0.6408668730650154,0.5418848167539267,0.7840909090909091,0.6074789802025524,0.818137493905412,0.8339960238568589,0.8028708133971292,0.882169177270173,0.944466325324931,0.9747967479674797,0.9159663865546218,0.9854728698249253
RF,0.7960692329548574,0.7801486651019626,0.8255996497482565,0.8548510313216195,0.8796305781394945,"{'n_estimators': 100, 'max_depth': None}","['spec_kurtosis', 'NDSI', 'mfcc_2']",0.6269592476489029,0.5347593582887701,0.7575757575757576,0.7497470620364164,0.8322612568035626,0.8616803278688525,0.8047846889952153,0.9114825705917124,0.9289871944121071,0.944006309148265,0.9144385026737968,0.9776621017903547
RF,0.7862611739093136,0.7935503589070957,0.7798208757187085,0.8384262796027502,0.8265500479156387,"{'n_estimators': 100, 'max_depth': 5}","['spec_skew', 'mfcc_2']",0.6521739130434783,0.6818181818181818,0.625,0.6951816999483919,0.8087744396757273,0.8060836501901141,0.8114832535885167,0.8253297390474902,0.8978351690087353,0.8927492447129909,0.9029793735676088,0.9591387047510338
RF,0.7853748945236902,0.7922712013031283,0.7792472491388899,0.8376623376623377,0.8254457363647854,"{'n_estimators': 50, 'max_depth': 5}","['spec_kurtosis', 'mfcc_2']",0.650887573964497,0.6790123456790124,0.625,0.6951317205687336,0.8078206962327134,0.8051330798479087,0.8105263157894737,0.823587120855632,0.8974164133738601,0.8926681783824642,0.9022154316271963,0.9576183676699904
RF,0.7842677354770539,0.7911391891382005,0.7781643279321298,0.8361344537815126,0.8240484011899203,"{'n_estimators': 50, 'max_depth': 5}","['spec_skew', 'spec_kurtosis', 'mfcc_2']",0.650887573964497,0.6790123456790124,0.625,0.6964076106202248,0.8060981419723678,0.8026565464895635,0.8095693779904306,0.8194616794759226,0.8958174904942966,0.8917486752460257,0.8999236058059588,0.9562759134736135
RF,0.7616566360952542,0.7671746198502851,0.766185182206854,0.8105423987776929,0.8544053096439878,"{'n_estimators': 50, 'max_depth': 5}","['NDSI', 'mfcc_2']",0.6226415094339622,0.6203007518796992,0.625,0.7473514162284998,0.8001730103806228,0.7300710339384373,0.8851674641148325,0.8536222685067759,0.8621553884711779,0.9511520737327189,0.7883880825057296,0.9622422441966876
RF,0.68393958183206,0.6756063250122537,0.7716840005539697,0.7310924369747899,0.7105466328479779,"{'n_estimators': 100, 'max_depth': 5}",['mfcc_1'],0.5730858468677494,0.41304347826086957,0.9356060606060606,0.44248337983141967,0.6134078212290502,0.7369127516778523,0.5253588516746411,0.7434832406241311,0.8653250773993808,0.8768627450980392,0.854087089381207,0.945673278088383
RF,0.6751171214698424,0.6632837955375434,0.7090777299755628,0.7375859434682964,0.7915785348669279,"{'n_estimators': 100, 'max_depth': 10}",['mfcc_2'],0.4864091559370529,0.39080459770114945,0.6439393939393939,0.6704712307344964,0.7054760730143068,0.7281059063136456,0.6842105263157895,0.7735681676999974,0.8334661354581673,0.8709408825978351,0.799083269671505,0.9306962061662895
RF,0.6678226166600937,0.6640806949508793,0.6902835296798145,0.7627960275019099,0.7067643219968778,"{'n_estimators': 100, 'max_depth': None}","['spec_skew', 'spec_kurtosis', 'NDSI']",0.3835227272727273,0.3068181818181818,0.5113636363636364,0.3600241395957859,0.7107107107107107,0.74501573976915,0.6794258373205742,0.7915049903214072,0.909234411996843,0.9404081632653061,0.880061115355233,0.9687638360734403
RF,0.6650177646533935,0.6586093379146466,0.7562683446584376,0.712375859434683,0.6746842910488214,"{'n_estimators': 50, 'max_depth': 5}",['mfcc_var'],0.5565610859728507,0.3967741935483871,0.9318181818181818,0.40947793561804624,0.5854483925549916,0.7129120879120879,0.4966507177033493,0.6824237733820789,0.8530438154323381,0.8661417322834646,0.8403361344537815,0.932151164146339
RF,0.6650177646533935,0.6586093379146466,0.7562683446584376,0.712375859434683,0.6746842910488214,"{'n_estimators': 50, 'max_depth': 5}","['mfcc_var', 'mfcc_std']",0.5565610859728507,0.3967741935483871,0.9318181818181818,0.40947793561804624,0.5854483925549916,0.7129120879120879,0.4966507177033493,0.6824237733820789,0.8530438154323381,0.8661417322834646,0.8403361344537815,0.932151164146339
RF,0.6650177646533935,0.6586093379146466,0.7562683446584376,0.712375859434683,0.6746842910488214,"{'n_estimators': 50, 'max_depth': 5}",['mfcc_std'],0.5565610859728507,0.3967741935483871,0.9318181818181818,0.40947793561804624,0.5854483925549916,0.7129120879120879,0.4966507177033493,0.6824237733820789,0.8530438154323381,0.8661417322834646,0.8403361344537815,0.932151164146339
RF,0.6393209887328558,0.6396032202947283,0.6617514150795883,0.7368220015278839,0.6603128186126802,"{'n_estimators': 100, 'max_depth': None}","['spec_kurtosis', 'NDSI']",0.3451086956521739,0.2690677966101695,0.4810606060606061,0.27299406160705997,0.6776012301383906,0.7295805739514348,0.6325358851674641,0.7478689985396685,0.8952530404080031,0.9201612903225806,0.8716577540106952,0.9600753956913124
RF,0.6334213949943673,0.6413869738512482,0.6728222070327333,0.7181054239877769,0.7058110756503582,"{'n_estimators': 50, 'max_depth': 10}","['spec_skew', 'NDSI']",0.3623529411764706,0.2627986348122867,0.5833333333333334,0.3787271881011851,0.6449546182594768,0.7294685990338164,0.5779904306220096,0.7735994037613453,0.8929566255471548,0.9318936877076412,0.8571428571428571,0.965106635088544
RF,0.5958578539926574,0.606186807681861,0.6327955584147534,0.6860198624904508,0.6287474015377591,"{'n_estimators': 100, 'max_depth': None}","['spec_skew', 'spec_kurtosis']",0.3389423076923077,0.2482394366197183,0.5340909090909091,0.24928439605978223,0.5830050647158131,0.7076502732240437,0.49569377990430624,0.7034003313263852,0.8656261895698515,0.862670713201821,0.868601986249045,0.9335574772271098
RF,0.5620665370875343,0.58241626547428,0.6212325600096498,0.6291061879297173,0.6335232106103036,"{'n_estimators': 50, 'max_depth': 5}",['NDSI'],0.33861386138613864,0.2292225201072386,0.6477272727272727,0.2657157978086578,0.5114461194863205,0.613941018766756,0.4382775119617225,0.692679747956269,0.8361396303901437,0.9040852575488455,0.7776928953399541,0.9421740860659839
RF,0.5454581586823715,0.5599024927217054,0.5801143902537091,0.6298701298701299,0.5671407054287784,"{'n_estimators': 100, 'max_depth': None}",['spec_skew'],0.288268156424581,0.20443740095087162,0.48863636363636365,0.1985885477358889,0.5231455660903513,0.6270053475935828,0.44880382775119615,0.6262571594011318,0.8249607535321821,0.8482647296206618,0.8029029793735676,0.8765764091493146
RF,0.5423031914700187,0.5551195815898179,0.5733079356144372,0.6279602750190986,0.5605553769633337,"{'n_estimators': 100, 'max_depth': None}",['spec_kurtosis'],0.2805017103762828,0.200652528548124,0.4659090909090909,0.20327631348006026,0.525330396475771,0.6186770428015564,0.4564593301435407,0.6064787576683173,0.8210774675580024,0.8460291734197731,0.7975553857906799,0.8719110597416233
