Algorithm,F1_Macro_Global,Precision_Macro,Recall_Macro,Accuracy,PR_AUC_Macro,Best_Hyperparameters,Features_List,Heavy_F1,Heavy_Precision,Heavy_Recall,Heavy_PR_AUC,Moderate_F1,Moderate_Precision,Moderate_Recall,Moderate_PR_AUC,No Rain_F1,No Rain_Precision,No Rain_Recall,No Rain_PR_AUC
LR,0.9212701433895122,0.9015791880387597,0.9489783951858256,0.9457601222307105,0.9638678425664101,"{'C': 10.0, 'solver': 'lbfgs'}","['mfcc_mean', 'NDSI', 'wav_detail_lvl5_std', 'mfcc_var', 'mfcc_std', 'mfcc_2']",0.8542713567839196,0.7657657657657657,0.9659090909090909,0.9373110269323686,0.9307992202729045,0.9483614697120158,0.9138755980861244,0.9562612626531813,0.9787398531117124,0.9906103286384976,0.9671504965622613,0.9980312381136803
LR,0.919406214706083,0.8993883378430866,0.9478311420261886,0.9442322383498855,0.9632918265865152,"{'C': 10.0, 'solver': 'lbfgs'}","['mfcc_mean', 'NDSI', 'mfcc_1', 'wav_detail_lvl5_std', 'mfcc_var', 'mfcc_std', 'mfcc_2']",0.8514190317195326,0.7611940298507462,0.9659090909090909,0.9356789996438148,0.928849902534113,0.9463753723932473,0.9119617224880383,0.9561317235363314,0.9779497098646035,0.9905956112852664,0.9656226126814362,0.9980647565793997
LR,0.9182509042895096,0.8983779995142226,0.9465041838106854,0.9438502673796791,0.9627412038541578,"{'C': 10.0, 'solver': 'lbfgs'}","['mfcc_mean', 'NDSI', 'mfcc_1', 'wav_detail_lvl5_std', 'mfcc_var', 'mfcc_2']",0.8480801335559266,0.7582089552238805,0.9621212121212122,0.93449997637921,0.9283276450511946,0.9463220675944334,0.9110047846889953,0.9556823237147816,0.9783449342614076,0.990602975724354,0.9663865546218487,0.9980413114684819
LR,0.9154552336964802,0.8949501185188914,0.9449630091270959,0.9404125286478228,0.961009749924051,"{'C': 10.0, 'solver': 'lbfgs'}","['mfcc_mean', 'spec_kurtosis', 'NDSI', 'wav_detail_lvl5_std', 'mfcc_var', 'mfcc_std', 'mfcc_2']",0.8471760797342193,0.7544378698224852,0.9659090909090909,0.9383734941255055,0.9239766081871345,0.9414101290963257,0.907177033492823,0.9469897626559811,0.9752130131680867,0.9890023566378633,0.9618029029793735,0.9976659929906659
LR,0.9153768931077545,0.8948196962857115,0.9451533244876898,0.9407944996180291,0.9596761101708418,"{'C': 10.0, 'solver': 'lbfgs'}","['mfcc_mean', 'spec_kurtosis', 'NDSI', 'mfcc_1', 'wav_detail_lvl5_std', 'mfcc_var', 'mfcc_2']",0.845771144278607,0.7522123893805309,0.9659090909090909,0.9357609188374763,0.9243533430941923,0.9432270916334662,0.9062200956937799,0.9455602739913843,0.9760061919504643,0.9890196078431372,0.9633307868601986,0.9977071376836645
LR,0.9146060117639084,0.8942257738764852,0.9439550301779404,0.9404125286478228,0.9601538750457784,"{'C': 10.0, 'solver': 'lbfgs'}","['mfcc_mean', 'spec_kurtosis', 'NDSI', 'mfcc_1', 'wav_detail_lvl5_std', 'mfcc_var', 'mfcc_std', 'mfcc_2']",0.8438538205980066,0.7514792899408284,0.9621212121212122,0.9370088808739189,0.9239766081871345,0.9414101290963257,0.907177033492823,0.9457750069490035,0.975987606506584,0.9897879025923016,0.9625668449197861,0.9976777373144126
LR,0.9144262782186984,0.8942998695351575,0.9426977649113871,0.9392666157372039,0.9592169308386911,"{'C': 10.0, 'solver': 'lbfgs'}","['mfcc_mean', 'NDSI', 'mfcc_1', 'wav_detail_lvl5_std', 'mfcc_var', 'mfcc_std']",0.8461538461538461,0.7574850299401198,0.9583333333333334,0.9301936993069853,0.9232254949299855,0.9317738791423001,0.9148325358851674,0.949688954082167,0.9738994935722634,0.9936406995230525,0.9549274255156608,0.9977681391269208
LR,0.9144083133742343,0.8943197867657542,0.9426334329585103,0.9392666157372039,0.9571616489045688,"{'C': 10.0, 'solver': 'lbfgs'}","['mfcc_mean', 'NDSI', 'mfcc_1', 'wav_detail_lvl5_std', 'mfcc_var', 'mfcc_std', 'wav_approx_std']",0.8461538461538461,0.7574850299401198,0.9583333333333334,0.9221387447939634,0.9231512808119865,0.9326171875,0.9138755980861244,0.9514830165597378,0.9739198131568704,0.9928571428571429,0.9556913674560733,0.9978631853600052
LR,0.9140108221188797,0.8940655802245367,0.9417435076103806,0.9377387318563789,0.9578671570281668,"{'C': 10.0, 'solver': 'lbfgs'}","['mfcc_mean', 'spec_kurtosis', 'NDSI', 'mfcc_1', 'wav_detail_lvl5_std', 'mfcc_var', 'mfcc_std']",0.8489932885906041,0.7620481927710844,0.9583333333333334,0.9328540809004138,0.9215214251324025,0.9273255813953488,0.9157894736842105,0.9432994364091988,0.9715177526336325,0.992822966507177,0.9511077158135982,0.9974479537748882
LR,0.9138893046808386,0.8937906862366537,0.9421241383315686,0.9385026737967914,0.9560605523150224,"{'C': 10.0, 'solver': 'lbfgs'}","['mfcc_mean', 'spec_skew', 'NDSI', 'mfcc_1', 'wav_detail_lvl5_std', 'mfcc_var', 'mfcc_std', 'wav_approx_std']",0.8461538461538461,0.7574850299401198,0.9583333333333334,0.9240123096606502,0.9231512808119865,0.9326171875,0.9138755980861244,0.9465510967050664,0.9723627870766836,0.9912698412698413,0.9541634835752483,0.9976182505793503
LR,0.9136168398793219,0.8933616003476298,0.9420624868767283,0.9381207028265852,0.9597715658024599,"{'C': 10.0, 'solver': 'lbfgs'}","['mfcc_mean', 'spec_skew', 'NDSI', 'mfcc_1', 'wav_detail_lvl5_std', 'mfcc_std']",0.8461538461538461,0.7574850299401198,0.9583333333333334,0.9388128681075861,0.9220404234841193,0.9273959341723137,0.9167464114832536,0.9429548606936979,0.97265625,0.9952038369304557,0.9511077158135982,0.9975469686060956
LR,0.9133082381604126,0.8927769594069502,0.9427594163662275,0.9396485867074102,0.960073115301478,"{'C': 10.0, 'solver': 'lbfgs'}","['mfcc_mean', 'spec_skew', 'spec_kurtosis', 'NDSI', 'mfcc_1', 'wav_detail_lvl5_std', 'mfcc_var', 'mfcc_std', 'wav_approx_std']",0.840531561461794,0.7485207100591716,0.9583333333333334,0.9299296294604931,0.9238972370334464,0.9361493123772102,0.9119617224880383,0.9523478182790308,0.9754959159859977,0.993660855784469,0.957983193277311,0.99794189816491
LR,0.9132832529761507,0.8931880547572503,0.9420677361853832,0.9404125286478228,0.9633244807053657,"{'C': 1.0, 'solver': 'lbfgs'}","['mfcc_mean', 'NDSI', 'wav_detail_lvl5_std', 'mfcc_var', 'mfcc_2']",0.8386023294509152,0.7477744807121661,0.9545454545454546,0.9374913579376227,0.9241245136186771,0.9396636993076162,0.9090909090909091,0.9544031327591755,0.97712291585886,0.9921259842519685,0.9625668449197861,0.9980789514192986
LR,0.913258307953325,0.8929368226997155,0.9419338229709747,0.9381207028265852,0.9585477999871866,"{'C': 10.0, 'solver': 'lbfgs'}","['mfcc_mean', 'spec_skew', 'NDSI', 'mfcc_1', 'wav_detail_lvl5_std', 'mfcc_var', 'mfcc_std']",0.8447412353923205,0.755223880597015,0.9583333333333334,0.9336974181266208,0.9223347805113362,0.9299610894941635,0.9148325358851674,0.9444084819177927,0.9726989079563183,0.9936254980079682,0.9526355996944232,0.9975374999171466
LR,0.9130609197366931,0.8928580798902276,0.941424528344033,0.9373567608861727,0.9558864109589601,"{'C': 10.0, 'solver': 'lbfgs'}","['mfcc_mean', 'spec_kurtosis', 'NDSI', 'mfcc_1', 'wav_detail_lvl5_std', 'mfcc_var', 'mfcc_std', 'wav_approx_std']",0.8461538461538461,0.7574850299401198,0.9583333333333334,0.9247242332476965,0.9218900675024108,0.9290573372206026,0.9148325358851674,0.9453776242995549,0.9711388455538221,0.9920318725099602,0.9511077158135982,0.9975573753296286
LR,0.9129423940824776,0.8940598146271905,0.938907205625472,0.9385026737967914,0.9554759586480525,"{'C': 10.0, 'solver': 'lbfgs'}","['mfcc_mean', 'wav_detail_lvl5_std', 'mfcc_var', 'mfcc_std', 'wav_approx_std', 'mfcc_2']",0.8431703204047217,0.7598784194528876,0.946969696969697,0.9247355604740611,0.9220338983050848,0.9333333333333333,0.9110047846889953,0.9439649582012197,0.9736229635376261,0.9889676910953507,0.9587471352177235,0.9977273572688765
LR,0.9124212619879475,0.8918349456810996,0.9419311424729382,0.9385026737967914,0.9619884002715402,"{'C': 10.0, 'solver': 'lbfgs'}","['NDSI', 'mfcc_1', 'wav_detail_lvl5_std', 'mfcc_var', 'mfcc_std', 'mfcc_2']",0.840531561461794,0.7485207100591716,0.9583333333333334,0.9327390282065535,0.9220338983050848,0.9333333333333333,0.9110047846889953,0.955153546603939,0.9746983261969638,0.9936507936507937,0.9564553093964858,0.9980726260041283
LR,0.9124059826784127,0.8916888138757416,0.9422501217392858,0.9388846447669977,0.9615559717027328,"{'C': 10.0, 'solver': 'lbfgs'}","['mfcc_mean', 'spec_skew', 'spec_kurtosis', 'NDSI', 'mfcc_1', 'wav_detail_lvl5_std', 'mfcc_var', 'mfcc_std']",0.8391376451077943,0.7463126843657817,0.9583333333333334,0.9361629836082149,0.9230024213075061,0.9343137254901961,0.9119617224880383,0.9506717954811955,0.9750778816199377,0.9944400317712471,0.9564553093964858,0.997833136018788
LR,0.9123463309045262,0.8916922616626696,0.9421214578335322,0.9388846447669977,0.9608413539323042,"{'C': 10.0, 'solver': 'lbfgs'}","['NDSI', 'mfcc_1', 'wav_detail_lvl5_std', 'mfcc_var', 'mfcc_2']",0.8391376451077943,0.7463126843657817,0.9583333333333334,0.9331496061733581,0.9224054316197866,0.9351032448377581,0.9100478468899521,0.9514014216131279,0.9754959159859977,0.993660855784469,0.957983193277311,0.9979730340104267
LR,0.9122570304355948,0.8918765547186079,0.9411672005325257,0.9373567608861727,0.9585357128774034,"{'C': 10.0, 'solver': 'lbfgs'}","['mfcc_mean', 'spec_kurtosis', 'NDSI', 'mfcc_1', 'wav_detail_lvl5_std', 'mfcc_std', 'wav_approx_std']",0.8433333333333334,0.7529761904761905,0.9583333333333334,0.9344326190372336,0.9206963249516441,0.9305962854349951,0.9110047846889953,0.943622414568208,0.9727414330218068,0.9920571882446386,0.9541634835752483,0.9975521050267686
LR,0.9121742413829402,0.8919191574617891,0.9411134788843767,0.9388846447669977,0.9631295325760497,"{'C': 10.0, 'solver': 'lbfgs'}","['NDSI', 'wav_detail_lvl5_std', 'mfcc_var', 'mfcc_std', 'mfcc_2']",0.8386023294509152,0.7477744807121661,0.9545454545454546,0.9359861629450525,0.9224054316197866,0.9351032448377581,0.9100478468899521,0.9553049649667247,0.9755149630781189,0.992879746835443,0.9587471352177235,0.9980974698163719
LR,0.9120392185294574,0.8920882188431319,0.9408667613775973,0.9404125286478228,0.9622688405904803,"{'C': 10.0, 'solver': 'lbfgs'}","['mfcc_mean', 'NDSI', 'mfcc_1', 'wav_detail_lvl5_std', 'mfcc_std', 'mfcc_2']",0.8338870431893688,0.742603550295858,0.9507575757575758,0.9341389727490471,0.9239024390243903,0.9422885572139303,0.9062200956937799,0.9545659419574504,0.978328173374613,0.9913725490196078,0.9656226126814362,0.9981016070649439
LR,0.9120305718513779,0.891523200727503,0.9411055490776853,0.9369747899159664,0.9595182049537984,"{'C': 10.0, 'solver': 'lbfgs'}","['mfcc_mean', 'spec_kurtosis', 'NDSI', 'mfcc_1', 'wav_detail_lvl5_std', 'mfcc_std']",0.8433333333333334,0.7529761904761905,0.9583333333333334,0.9387341378257944,0.9204819277108434,0.9271844660194175,0.9138755980861244,0.9423230275640755,0.972276454509957,0.994408945686901,0.9511077158135982,0.9974974494715252
LR,0.9119881241931198,0.8937592299853044,0.9367009323665672,0.9381207028265852,0.9547314000793219,"{'C': 10.0, 'solver': 'lbfgs'}","['mfcc_mean', 'mfcc_1', 'wav_detail_lvl5_std', 'mfcc_var', 'mfcc_std', 'wav_approx_std', 'mfcc_2']",0.8406779661016949,0.7607361963190185,0.9393939393939394,0.9229464599089514,0.9216634429400387,0.9315738025415444,0.9119617224880383,0.9435459445962536,0.9736229635376261,0.9889676910953507,0.9587471352177235,0.9977017957327606
LR,0.9118267492883309,0.8913127018254677,0.9410895777768843,0.9362108479755539,0.9509207153065656,"{'C': 10.0, 'solver': 'lbfgs'}","['mfcc_mean', 'spec_kurtosis', 'mfcc_1', 'wav_detail_lvl5_std', 'mfcc_var', 'mfcc_2']",0.8452579034941764,0.7537091988130564,0.9621212121212122,0.9342510682427176,0.9189713731198448,0.9320866141732284,0.9062200956937799,0.9216031937944731,0.9712509712509713,0.9881422924901185,0.9549274255156608,0.9969078838825061
LR,0.9117102242717525,0.8920388925753976,0.9396068156130076,0.9396485867074102,0.9621028873166337,"{'C': 1.0, 'solver': 'lbfgs'}","['mfcc_mean', 'NDSI', 'mfcc_1', 'wav_detail_lvl5_std', 'mfcc_2']",0.8347245409015025,0.746268656716418,0.946969696969697,0.9350634115536144,0.9233009708737864,0.9369458128078818,0.9100478468899521,0.9531790550393427,0.9771051610399689,0.9929022082018928,0.9618029029793735,0.9980661953569442
LR,0.9116916949391526,0.8923384447207491,0.9390948404880294,0.9392666157372039,0.957726779124204,"{'C': 10.0, 'solver': 'lbfgs'}","['mfcc_mean', 'spec_kurtosis', 'NDSI', 'wav_detail_lvl5_std', 'mfcc_var', 'mfcc_std', 'wav_approx_std', 'mfcc_2']",0.8361204013377926,0.7485029940119761,0.946969696969697,0.9275502439482232,0.922552362396493,0.939484126984127,0.9062200956937799,0.9477525474166248,0.9764023210831722,0.9890282131661442,0.9640947288006112,0.9978775460077643
LR,0.9116175870561835,0.8931473299845513,0.9373335299031894,0.9396485867074102,0.9609860148081341,"{'C': 10.0, 'solver': 'lbfgs'}","['mfcc_mean', 'NDSI', 'wav_detail_lvl5_std', 'mfcc_var', 'mfcc_std', 'wav_approx_std', 'mfcc_2']",0.835016835016835,0.7515151515151515,0.9393939393939394,0.9260564240434205,0.9230019493177388,0.9404170804369414,0.9062200956937799,0.9586210374185624,0.9768339768339769,0.9875097580015613,0.9663865546218487,0.9982805829624195
LR,0.9115758322339417,0.8909175453026167,0.9411672005325257,0.9373567608861727,0.9600909089554016,"{'C': 10.0, 'solver': 'lbfgs'}","['mfcc_mean', 'NDSI', 'mfcc_1', 'wav_detail_lvl5_std', 'mfcc_std']",0.840531561461794,0.7485207100591716,0.9583333333333334,0.9340632238592962,0.9206963249516441,0.9305962854349951,0.9110047846889953,0.9484643611508895,0.9734996102883866,0.9936356404136834,0.9541634835752483,0.9977451418560191
LR,0.9115396217841841,0.8905245677515353,0.9419338229709747,0.9381207028265852,0.9624073483255245,"{'C': 0.1, 'solver': 'lbfgs'}","['spec_skew', 'spec_kurtosis', 'NDSI', 'wav_detail_lvl5_std', 'mfcc_var', 'mfcc_2']",0.8377483443708609,0.7441176470588236,0.9583333333333334,0.9372187398589349,0.9218900675024108,0.9290573372206026,0.9148325358851674,0.9520414231291974,0.9749804534792806,0.9983987189751802,0.9526355996944232,0.9979618819884414
LR,0.911478576881885,0.8912456912187049,0.9406015037593985,0.9385026737967914,0.9597798855342475,"{'C': 10.0, 'solver': 'lbfgs'}","['mfcc_mean', 'spec_skew', 'spec_kurtosis', 'mfcc_1', 'mfcc_var', 'wav_approx_std', 'mfcc_2']",0.8372093023255814,0.7455621301775148,0.9545454545454546,0.931858791102631,0.921654501216545,0.9376237623762376,0.9062200956937799,0.9496779687184133,0.9755719271035285,0.9905511811023622,0.961038961038961,0.9978028967816981
LR,0.9114594456195134,0.8912780226278049,0.9405371718065217,0.9385026737967914,0.9599344952644779,"{'C': 10.0, 'solver': 'lbfgs'}","['mfcc_mean', 'spec_skew', 'spec_kurtosis', 'mfcc_1', 'wav_detail_lvl5_std', 'mfcc_var', 'wav_approx_std', 'mfcc_2']",0.8372093023255814,0.7455621301775148,0.9545454545454546,0.9333086886637141,0.9215781782756941,0.9384920634920635,0.9052631578947369,0.9487795658446706,0.9755908562572646,0.9897798742138365,0.9618029029793735,0.9977152312850492
LR,0.9113838246484454,0.8913765758434922,0.9404834501583728,0.9400305576776165,0.9618652584320665,"{'C': 10.0, 'solver': 'lbfgs'}","['mfcc_mean', 'NDSI', 'wav_detail_lvl5_std', 'mfcc_std', 'mfcc_2']",0.8325041459369817,0.7404129793510325,0.9507575757575758,0.93316264735425,0.9233023937469468,0.9431137724550899,0.9043062200956937,0.9543565886066575,0.9783449342614076,0.990602975724354,0.9663865546218487,0.9980765393352923
LR,0.9113251947323695,0.8937501443694505,0.9348136383740099,0.9381207028265852,0.9534230218627338,"{'C': 10.0, 'solver': 'lbfgs'}","['mfcc_mean', 'mfcc_1', 'wav_detail_lvl5_std', 'mfcc_var', 'wav_approx_std', 'mfcc_2']",0.838160136286201,0.7616099071207431,0.9318181818181818,0.9204485567707501,0.9218146718146718,0.9298928919182083,0.9138755980861244,0.9421843199778239,0.9740007760962359,0.9897476340694006,0.9587471352177235,0.997636188839627
LR,0.9112975163928879,0.8906725544133823,0.9408482212661778,0.9369747899159664,0.9586396083733538,"{'C': 10.0, 'solver': 'lbfgs'}","['mfcc_mean', 'spec_skew', 'NDSI', 'mfcc_1', 'wav_detail_lvl5_std', 'mfcc_std', 'wav_approx_std']",0.840531561461794,0.7485207100591716,0.9583333333333334,0.9343122110068792,0.920619554695063,0.931439764936337,0.9100478468899521,0.9440259071078062,0.9727414330218068,0.9920571882446386,0.9541634835752483,0.9975807070053762
LR,0.9111069053986974,0.8901962147636834,0.9412049508798734,0.935064935064935,0.9536743985786028,"{'C': 10.0, 'solver': 'lbfgs'}","['mfcc_mean', 'spec_kurtosis', 'wav_detail_lvl5_std', 'mfcc_var', 'mfcc_std', 'mfcc_2']",0.845771144278607,0.7522123893805309,0.9659090909090909,0.9375810185335585,0.9174757281553398,0.9310344827586207,0.9043062200956937,0.9264549254190632,0.9700738437621453,0.9873417721518988,0.9533995416348358,0.9969872517831865
LR,0.9110441200683916,0.8900844265253095,0.9417381466143077,0.9385026737967914,0.9629538369042129,"{'C': 10.0, 'solver': 'lbfgs'}","['mfcc_mean', 'spec_skew', 'spec_kurtosis', 'NDSI', 'mfcc_1', 'wav_detail_lvl5_std', 'mfcc_std', 'wav_approx_std']",0.834983498349835,0.7397660818713451,0.9583333333333334,0.939951426150566,0.9222546161321672,0.9368213228035538,0.908133971291866,0.9509933527400366,0.9758942457231726,0.9936658749010293,0.9587471352177235,0.9979167318220363
LR,0.9108447795377188,0.8903231426436684,0.9403229553384351,0.9354469060351414,0.9526953674940611,"{'C': 10.0, 'solver': 'lbfgs'}","['mfcc_mean', 'spec_kurtosis', 'mfcc_1', 'wav_detail_lvl5_std', 'mfcc_var', 'mfcc_std', 'mfcc_2']",0.8438538205980066,0.7514792899408284,0.9621212121212122,0.9360689934553136,0.9177615571776155,0.9336633663366337,0.9023923444976076,0.9250523338700974,0.9709189608375339,0.9858267716535433,0.9564553093964858,0.9969647751567723
LR,0.9108290296212348,0.8898822994860044,0.9417865072663835,0.9377387318563789,0.9626476201581099,"{'C': 10.0, 'solver': 'lbfgs'}","['mfcc_mean', 'spec_skew', 'NDSI', 'wav_detail_lvl5_std', 'mfcc_var', 'mfcc_std', 'mfcc_2']",0.8369028006589786,0.7405247813411079,0.9621212121212122,0.9393093618192851,0.920371275036639,0.9401197604790419,0.9014354066985646,0.950773678807339,0.9752130131680867,0.9890023566378633,0.9618029029793735,0.9978598198477059
LR,0.9105426954186756,0.889248504601006,0.9427918057175023,0.9381207028265852,0.9614306396637712,"{'C': 10.0, 'solver': 'lbfgs'}","['mfcc_mean', 'spec_skew', 'NDSI', 'mfcc_1', 'wav_detail_lvl5_std', 'mfcc_var', 'mfcc_2']",0.8346972176759411,0.7348703170028819,0.9659090909090909,0.9365151035494171,0.9205103042198234,0.9446122860020141,0.8976076555023923,0.9499193416590378,0.9764205643602628,0.9882629107981221,0.9648586707410237,0.9978574737828586
LR,0.910466767451799,0.8900892852558672,0.9401538605872971,0.9381207028265852,0.9609896586740382,"{'C': 10.0, 'solver': 'lbfgs'}","['mfcc_mean', 'spec_skew', 'spec_kurtosis', 'mfcc_1', 'wav_detail_lvl5_std', 'mfcc_var', 'mfcc_std', 'wav_approx_std', 'mfcc_2']",0.8344370860927153,0.7411764705882353,0.9545454545454546,0.9344515406989348,0.9209756097560976,0.9393034825870646,0.9033492822966507,0.9507111985918147,0.975987606506584,0.9897879025923016,0.9625668449197861,0.9978062367313649
LR,0.9103406704518938,0.8906979657615265,0.9380145997793057,0.9373567608861727,0.9506004559888632,"{'C': 10.0, 'solver': 'lbfgs'}","['mfcc_mean', 'spec_kurtosis', 'wav_detail_lvl5_std', 'mfcc_var', 'mfcc_std', 'wav_approx_std', 'mfcc_2']",0.8361204013377926,0.7485029940119761,0.946969696969697,0.9251035590571614,0.9205426356589147,0.9322865554465162,0.9090909090909091,0.9293481190525646,0.9743589743589743,0.991304347826087,0.957983193277311,0.9973496898568636
LR,0.9102307509607243,0.8911233374818095,0.9365111754430641,0.9316271963330787,0.9544957859307833,"{'C': 10.0, 'solver': 'lbfgs'}","['mfcc_mean', 'mfcc_1', 'wav_detail_lvl5_std', 'mfcc_var', 'mfcc_std', 'mfcc_2']",0.8532883642495784,0.7689969604863222,0.9583333333333334,0.9349918545738461,0.912980068060282,0.9278656126482213,0.8985645933014355,0.9317375312949286,0.9644238205723125,0.9765074393108849,0.9526355996944232,0.9967579719235753
LR,0.9102023791477789,0.8888915569742942,0.9414861797988733,0.9377387318563789,0.962964018848233,"{'C': 0.1, 'solver': 'lbfgs'}","['mfcc_mean', 'spec_skew', 'spec_kurtosis', 'NDSI', 'wav_detail_lvl5_std', 'mfcc_var', 'mfcc_std', 'mfcc_2']",0.8336079077429983,0.7376093294460642,0.9583333333333334,0.937895905570383,0.9212179797003384,0.9306640625,0.9119617224880383,0.9529575706191037,0.97578125,0.9984012789768185,0.9541634835752483,0.9980385803552123
LR,0.9101980010336329,0.8891573312107917,0.940974204673895,0.9373567608861727,0.962486081165301,"{'C': 10.0, 'solver': 'lbfgs'}","['mfcc_mean', 'spec_skew', 'spec_kurtosis', 'NDSI', 'mfcc_1', 'wav_detail_lvl5_std', 'mfcc_std']",0.834983498349835,0.7397660818713451,0.9583333333333334,0.9400031045621132,0.9209121785540999,0.9340551181102362,0.908133971291866,0.949614512001504,0.9746983261969638,0.9936507936507937,0.9564553093964858,0.9978406269322855
LR,0.9101768409536127,0.8908758243212732,0.9377035503196494,0.9388846447669977,0.9563297073425282,"{'C': 10.0, 'solver': 'lbfgs'}","['mfcc_mean', 'spec_kurtosis', 'NDSI', 'mfcc_1', 'wav_detail_lvl5_std', 'mfcc_var', 'mfcc_std', 'wav_approx_std', 'mfcc_2']",0.8313856427378965,0.7432835820895523,0.9431818181818182,0.9246659096906213,0.9219512195121952,0.9402985074626866,0.9043062200956937,0.9464361338832418,0.9771936606107461,0.9890453834115805,0.9656226126814362,0.9978870784537213
LR,0.9101563747096632,0.8891373527873238,0.9409098727210182,0.9373567608861727,0.9587921973106676,"{'C': 10.0, 'solver': 'lbfgs'}","['spec_skew', 'spec_kurtosis', 'NDSI', 'mfcc_1', 'wav_detail_lvl5_std', 'mfcc_var', 'mfcc_std']",0.834983498349835,0.7397660818713451,0.9583333333333334,0.9267900060645234,0.920388349514563,0.9339901477832512,0.907177033492823,0.9516810289192998,0.9750972762645914,0.9936558287073751,0.9572192513368984,0.9979055569481793
LR,0.91015265750235,0.8900899857827178,0.9385292554023206,0.9373567608861727,0.955938742285848,"{'C': 0.1, 'solver': 'lbfgs'}","['mfcc_mean', 'spec_skew', 'NDSI', 'wav_detail_lvl5_std', 'mfcc_var', 'wav_approx_std', 'mfcc_2']",0.8347245409015025,0.746268656716418,0.946969696969697,0.926890587234332,0.9211538461538461,0.9256038647342996,0.9167464114832536,0.9431422555728812,0.9745795854517012,0.9983974358974359,0.9518716577540107,0.9977833840503304
LR,0.9101339844631039,0.8900988455592319,0.9384649234494437,0.9373567608861727,0.9580120213825447,"{'C': 0.1, 'solver': 'lbfgs'}","['mfcc_mean', 'spec_skew', 'NDSI', 'mfcc_1', 'wav_detail_lvl5_std', 'mfcc_var', 'mfcc_std', 'wav_approx_std', 'mfcc_2']",0.8347245409015025,0.746268656716418,0.946969696969697,0.9308035221398976,0.9210779595765158,0.9264278799612778,0.9157894736842105,0.9453513119052686,0.9745994529112935,0.9976,0.9526355996944232,0.997881230102468
LR,0.9101339844631039,0.8900988455592319,0.9384649234494437,0.9373567608861727,0.9574045681078592,"{'C': 0.1, 'solver': 'lbfgs'}","['mfcc_mean', 'spec_skew', 'NDSI', 'wav_detail_lvl5_std', 'mfcc_var', 'mfcc_std', 'wav_approx_std', 'mfcc_2']",0.8347245409015025,0.746268656716418,0.946969696969697,0.9294214316450325,0.9210779595765158,0.9264278799612778,0.9157894736842105,0.9449409388748442,0.9745994529112935,0.9976,0.9526355996944232,0.9978513338037008
LR,0.9100144269323133,0.889865508988183,0.939767868870036,0.9381207028265852,0.9652573502213277,"{'C': 10.0, 'solver': 'lbfgs'}","['mfcc_mean', 'spec_skew', 'spec_kurtosis', 'NDSI', 'mfcc_1', 'wav_detail_lvl5_std', 'mfcc_var', 'mfcc_std', 'wav_approx_std', 'mfcc_2']",0.8330578512396695,0.7390029325513197,0.9545454545454546,0.9347921426827215,0.9205103042198234,0.9446122860020141,0.8976076555023923,0.9625832452907229,0.976475125337447,0.985981308411215,0.9671504965622613,0.9983966626905387
LR,0.9099894312141155,0.8887263606570386,0.9410412171248085,0.9369747899159664,0.9620710559676041,"{'C': 0.1, 'solver': 'lbfgs'}","['mfcc_mean', 'spec_skew', 'spec_kurtosis', 'NDSI', 'wav_detail_lvl5_std', 'mfcc_var', 'mfcc_2']",0.834983498349835,0.7397660818713451,0.9583333333333334,0.9374650426945902,0.9204052098408104,0.9280155642023347,0.9129186602870814,0.9508118020610377,0.9745795854517012,0.9983974358974359,0.9518716577540107,0.9979363231471843
LR,0.9099206209364107,0.8885884756690133,0.9412315324854025,0.9373567608861727,0.9629484231456095,"{'C': 0.1, 'solver': 'lbfgs'}","['mfcc_mean', 'spec_skew', 'spec_kurtosis', 'NDSI', 'mfcc_1', 'wav_detail_lvl5_std', 'mfcc_var', 'mfcc_2']",0.8336079077429983,0.7376093294460642,0.9583333333333334,0.9383899165739666,0.9207729468599034,0.9297560975609757,0.9119617224880383,0.9524476276930862,0.9753810082063306,0.9984,0.9533995416348358,0.9980077251697753
LR,0.9099109846705872,0.8910553273369123,0.9356717328079558,0.935064935064935,0.9561068855678275,"{'C': 10.0, 'solver': 'lbfgs'}","['wav_detail_lvl5_std', 'mfcc_var', 'wav_approx_std', 'mfcc_2']",0.8412162162162162,0.7591463414634146,0.9431818181818182,0.9339032156846547,0.918111753371869,0.9243452958292919,0.9119617224880383,0.9370865777150114,0.9704049844236761,0.9896743447180302,0.9518716577540107,0.9973308633038164
LR,0.909853257554186,0.8884581738348937,0.9414218478459965,0.9377387318563789,0.9610605281190487,"{'C': 0.1, 'solver': 'lbfgs'}","['spec_skew', 'spec_kurtosis', 'NDSI', 'wav_detail_lvl5_std', 'mfcc_std', 'mfcc_2']",0.8322368421052632,0.7354651162790697,0.9583333333333334,0.9327054830879459,0.9211417513304305,0.9315068493150684,0.9110047846889953,0.9525181258402405,0.9761811792268645,0.9984025559105432,0.9549274255156608,0.99795797542896
LR,0.9098526847289771,0.8897995500242685,0.9382102761359729,0.9369747899159664,0.9576289849262714,"{'C': 0.1, 'solver': 'lbfgs'}","['mfcc_mean', 'spec_skew', 'NDSI', 'mfcc_1', 'wav_detail_lvl5_std', 'mfcc_var', 'wav_approx_std', 'mfcc_2']",0.8347245409015025,0.746268656716418,0.946969696969697,0.930276423880982,0.9206349206349206,0.925531914893617,0.9157894736842105,0.9447565085532267,0.9741985926505082,0.9975980784627703,0.9518716577540107,0.9978540223446054
LR,0.9098423183709583,0.8895153114832498,0.9390225787284612,0.9373567608861727,0.94591980113441,"{'C': 1.0, 'solver': 'lbfgs'}","['NDSI', 'mfcc_1', 'wav_detail_lvl5_std', 'mfcc_std']",0.8338870431893688,0.742603550295858,0.9507575757575758,0.8924301179698527,0.9205426356589147,0.9322865554465162,0.9090909090909091,0.9474513324620271,0.9750972762645914,0.9936558287073751,0.9572192513368984,0.99787795297135
LR,0.9098248132175897,0.8893592389059379,0.939974155531431,0.9392666157372039,0.9627972405552173,"{'C': 10.0, 'solver': 'lbfgs'}","['mfcc_mean', 'NDSI', 'mfcc_1', 'mfcc_var', 'mfcc_std', 'mfcc_2']",0.8283828382838284,0.7339181286549707,0.9507575757575758,0.9339131379627378,0.9224011713030746,0.9412350597609562,0.9043062200956937,0.95629500450597,0.978690430065866,0.9929245283018868,0.9648586707410237,0.9981835791969444
LR,0.9097129762528878,0.890069966764854,0.9371358431729949,0.9312452253628725,0.9548229157789493,"{'C': 10.0, 'solver': 'lbfgs'}","['mfcc_mean', 'wav_detail_lvl5_std', 'mfcc_var', 'mfcc_std', 'mfcc_2']",0.8523489932885906,0.7650602409638554,0.9621212121212122,0.9359867005559535,0.9123661148977604,0.9286422200198216,0.8966507177033493,0.9317081201101907,0.9644238205723125,0.9765074393108849,0.9526355996944232,0.9967739266707041
LR,0.9096087984685312,0.8894892285290802,0.9380842927282554,0.9365928189457601,0.9542606653590372,"{'C': 0.1, 'solver': 'lbfgs'}","['mfcc_mean', 'spec_kurtosis', 'NDSI', 'wav_detail_lvl5_std', 'mfcc_var', 'wav_approx_std', 'mfcc_2']",0.8347245409015025,0.746268656716418,0.946969696969697,0.9237169880475159,0.9203454894433781,0.9230028873917228,0.9177033492822967,0.9414009090397331,0.9737563650607128,0.9991961414790996,0.9495798319327731,0.9976640989898623
LR,0.9095756780972896,0.8903227896944624,0.9361921961767163,0.9312452253628725,0.9530314028772237,"{'C': 10.0, 'solver': 'lbfgs'}","['mfcc_mean', 'mfcc_1', 'wav_detail_lvl5_std', 'mfcc_var', 'mfcc_2']",0.8518518518518519,0.7666666666666667,0.9583333333333334,0.9328194407428699,0.9124513618677043,0.9277942631058358,0.8976076555023923,0.9295856942629634,0.9644238205723125,0.9765074393108849,0.9526355996944232,0.9966890736258371
LR,0.9095323376208428,0.8896773470803949,0.9380119192812691,0.9377387318563789,0.9538378230335479,"{'C': 10.0, 'solver': 'lbfgs'}","['mfcc_mean', 'spec_skew', 'wav_detail_lvl5_std', 'mfcc_var', 'mfcc_std', 'wav_approx_std', 'mfcc_2']",0.831946755407654,0.7418397626112759,0.946969696969697,0.9279573620823944,0.9206812652068127,0.9366336633663367,0.9052631578947369,0.9359305113414363,0.975968992248062,0.990558615263572,0.9618029029793735,0.9976255956768131
LR,0.909493219659644,0.8883163768383998,0.941338864094282,0.9373567608861727,0.9621129561456875,"{'C': 10.0, 'solver': 'lbfgs'}","['mfcc_mean', 'spec_skew', 'NDSI', 'mfcc_1', 'wav_detail_lvl5_std', 'mfcc_var', 'mfcc_std', 'mfcc_2']",0.8327868852459016,0.7341040462427746,0.9621212121212122,0.9379928396545276,0.9196865817825661,0.9418254764292878,0.8985645933014355,0.9504692335868093,0.9760061919504643,0.9890196078431372,0.9633307868601986,0.9978767951957255
LR,0.9094744366740192,0.8882536518463958,0.9408455407681414,0.9373567608861727,0.9627450263121288,"{'C': 10.0, 'solver': 'lbfgs'}","['spec_skew', 'spec_kurtosis', 'NDSI', 'mfcc_1', 'wav_detail_lvl5_std', 'mfcc_var', 'mfcc_std', 'wav_approx_std']",0.8322368421052632,0.7354651162790697,0.9583333333333334,0.9353762524806273,0.9203109815354713,0.9348469891411648,0.9062200956937799,0.9547684876815021,0.9758754863813229,0.9944488501189532,0.957983193277311,0.9980903387742567
LR,0.9094019416624938,0.8894089294774226,0.9378242844187117,0.9369747899159664,0.9457817874536728,"{'C': 1.0, 'solver': 'lbfgs'}","['NDSI', 'mfcc_1', 'wav_detail_lvl5_std', 'mfcc_var', 'mfcc_std']",0.8333333333333334,0.7440476190476191,0.946969696969697,0.8932206962769473,0.9201741654571843,0.9305283757338552,0.9100478468899521,0.9462125431782874,0.9746983261969638,0.9936507936507937,0.9564553093964858,0.9979121229057837
LR,0.9093853145313248,0.8880559872136297,0.9412905034422062,0.9381207028265852,0.9643134711064617,"{'C': 10.0, 'solver': 'lbfgs'}","['mfcc_mean', 'spec_skew', 'spec_kurtosis', 'NDSI', 'mfcc_1', 'mfcc_var', 'mfcc_std', 'wav_approx_std']",0.8295081967213115,0.7312138728323699,0.9583333333333334,0.9414709945103289,0.9215781782756941,0.9384920634920635,0.9052631578947369,0.9533073602962766,0.9770695685969685,0.9944620253164557,0.9602750190985485,0.9981620585127795
LR,0.9093639167959724,0.8912407287450886,0.9344892981115892,0.9385026737967914,0.9595263576611929,"{'C': 10.0, 'solver': 'lbfgs'}","['mfcc_mean', 'NDSI', 'mfcc_1', 'wav_detail_lvl5_std', 'mfcc_var', 'mfcc_std', 'wav_approx_std', 'mfcc_2']",0.8296795952782462,0.7477203647416414,0.9318181818181818,0.9224567198416748,0.9215781782756941,0.9384920634920635,0.9052631578947369,0.9578268167542044,0.9768339768339769,0.9875097580015613,0.9663865546218487,0.9982955363876995
LR,0.9092236710226896,0.8877252180600711,0.9411028685796486,0.9373567608861727,0.9615433780396896,"{'C': 0.1, 'solver': 'lbfgs'}","['spec_skew', 'spec_kurtosis', 'NDSI', 'mfcc_1', 'wav_detail_lvl5_std', 'mfcc_2']",0.8308702791461412,0.7333333333333333,0.9583333333333334,0.9349764288037495,0.920619554695063,0.931439764936337,0.9100478468899521,0.9517228482731936,0.9761811792268645,0.9984025559105432,0.9549274255156608,0.9979308570421255
LR,0.9091188139246099,0.8893400705767079,0.9371219939331393,0.9362108479755539,0.9494952644558335,"{'C': 10.0, 'solver': 'lbfgs'}","['mfcc_mean', 'spec_kurtosis', 'mfcc_1', 'wav_detail_lvl5_std', 'mfcc_var', 'mfcc_std', 'wav_approx_std', 'mfcc_2']",0.8347245409015025,0.746268656716418,0.946969696969697,0.9246709249384146,0.9190499272903538,0.931237721021611,0.907177033492823,0.9265152906700231,0.9735819735819736,0.9905138339920949,0.9572192513368984,0.9972995777590627
LR,0.9090277701398604,0.8889004543862455,0.937510666148437,0.9358288770053476,0.9579113755118999,"{'C': 0.1, 'solver': 'lbfgs'}","['mfcc_mean', 'spec_kurtosis', 'NDSI', 'wav_detail_lvl5_std', 'mfcc_var', 'mfcc_2']",0.8347245409015025,0.746268656716418,0.946969696969697,0.93302244298718,0.9193857965451055,0.9220404234841193,0.9167464114832536,0.9430574086947736,0.972972972972973,0.9983922829581994,0.9488158899923606,0.9976542748537459
LR,0.9090262542812743,0.8900468064953798,0.9355642895116579,0.9381207028265852,0.9618021917944201,"{'C': 10.0, 'solver': 'lbfgs'}","['NDSI', 'wav_detail_lvl5_std', 'mfcc_var', 'mfcc_std', 'wav_approx_std', 'mfcc_2']",0.8288590604026845,0.7439759036144579,0.9356060606060606,0.9325731940293163,0.9215116279069767,0.9332679097154073,0.9100478468899521,0.9547498149773849,0.9767080745341615,0.9928966061562746,0.961038961038961,0.9980835663765593
LR,0.9090256168013392,0.8903194502174351,0.9345994219059235,0.935064935064935,0.9562294793794646,"{'C': 10.0, 'solver': 'lbfgs'}","['wav_detail_lvl5_std', 'mfcc_var', 'mfcc_std', 'wav_approx_std', 'mfcc_2']",0.8378378378378378,0.7560975609756098,0.9393939393939394,0.931401234057503,0.9180327868852459,0.9251700680272109,0.9110047846889953,0.9398793362046594,0.9712062256809338,0.9896907216494846,0.9533995416348358,0.997407867876231
LR,0.9090143653196577,0.8881426701190973,0.9395829145055151,0.9369747899159664,0.9598126552578069,"{'C': 10.0, 'solver': 'lbfgs'}","['NDSI', 'mfcc_1', 'wav_detail_lvl5_std', 'mfcc_std', 'wav_approx_std']",0.8316831683168316,0.7368421052631579,0.9545454545454546,0.9291430823480811,0.9198640116561437,0.9339250493096647,0.9062200956937799,0.9524511177133985,0.9754959159859977,0.993660855784469,0.957983193277311,0.9978437657119409
LR,0.9089713049946769,0.8889201427518746,0.9373176702898065,0.9358288770053476,0.9582723590215689,"{'C': 0.1, 'solver': 'lbfgs'}","['spec_kurtosis', 'NDSI', 'wav_detail_lvl5_std', 'mfcc_var', 'mfcc_2']",0.8347245409015025,0.746268656716418,0.946969696969697,0.9328606604555815,0.9191530317613089,0.9244917715392061,0.9138755980861244,0.9442762424131719,0.9730363423212193,0.996,0.9511077158135982,0.9976801741959536
LR,0.9089418982011086,0.887420996014669,0.9408482212661778,0.9369747899159664,0.9632561593580266,"{'C': 0.1, 'solver': 'lbfgs'}","['mfcc_mean', 'spec_skew', 'spec_kurtosis', 'NDSI', 'mfcc_1', 'wav_detail_lvl5_std', 'mfcc_var', 'mfcc_std', 'mfcc_2']",0.8308702791461412,0.7333333333333333,0.9583333333333334,0.938519864683207,0.9201741654571843,0.9305283757338552,0.9100478468899521,0.9532060194890234,0.97578125,0.9984012789768185,0.9541634835752483,0.9980425939018492
LR,0.9089164076708975,0.8877669635928355,0.9409045117249452,0.9381207028265852,0.9686153281082008,"{'C': 10.0, 'solver': 'lbfgs'}","['mfcc_mean', 'spec_skew', 'spec_kurtosis', 'NDSI', 'mfcc_1', 'mfcc_var', 'mfcc_std', 'mfcc_2']",0.8281505728314239,0.729106628242075,0.9583333333333334,0.9441173440962821,0.920666013712047,0.9428284854563691,0.8995215311004785,0.9633244395815544,0.9779326364692218,0.9913657770800628,0.9648586707410237,0.9984042006467658
LR,0.9088965232915777,0.8889248159725383,0.9376929400149215,0.9373567608861727,0.9525911666452328,"{'C': 10.0, 'solver': 'lbfgs'}","['mfcc_mean', 'spec_skew', 'mfcc_1', 'wav_detail_lvl5_std', 'mfcc_var', 'mfcc_std', 'wav_approx_std', 'mfcc_2']",0.8305647840531561,0.7396449704142012,0.946969696969697,0.9270761174654389,0.9201557935735151,0.9365708622398414,0.9043062200956937,0.9331380671292676,0.975968992248062,0.990558615263572,0.9618029029793735,0.9975593153409918
LR,0.9088459858423956,0.8886749319583197,0.938620615710399,0.9365928189457601,0.9665659870391181,"{'C': 10.0, 'solver': 'lbfgs'}","['mfcc_mean', 'spec_skew', 'spec_kurtosis', 'NDSI', 'wav_detail_lvl5_std', 'mfcc_var', 'mfcc_std', 'wav_approx_std', 'mfcc_2']",0.8330578512396695,0.7390029325513197,0.9545454545454546,0.9382346138597621,0.9185475956820413,0.9425981873111783,0.8956937799043062,0.963057659703257,0.9749325106054763,0.9844236760124611,0.9656226126814362,0.9984056875543355
LR,0.908695516232778,0.887240437389734,0.9411618395364525,0.9381207028265852,0.9651206492141796,"{'C': 10.0, 'solver': 'lbfgs'}","['mfcc_mean', 'spec_skew', 'spec_kurtosis', 'NDSI', 'mfcc_1', 'mfcc_std', 'wav_approx_std']",0.826797385620915,0.7270114942528736,0.9583333333333334,0.9441293481219177,0.9214250854075159,0.9402390438247012,0.9033492822966507,0.9531446464158648,0.9778640776699029,0.9944707740916272,0.9618029029793735,0.9980879531047566
LR,0.9086601647719071,0.887117367220593,0.940593573952707,0.9365928189457601,0.9612609015517358,"{'C': 0.1, 'solver': 'lbfgs'}","['mfcc_mean', 'spec_skew', 'spec_kurtosis', 'NDSI', 'mfcc_1', 'wav_detail_lvl5_std', 'mfcc_2']",0.8308702791461412,0.7333333333333333,0.9583333333333334,0.9350665820330546,0.9197292069632496,0.9296187683284457,0.9100478468899521,0.950806277667706,0.9753810082063306,0.9984,0.9533995416348358,0.9979098449544469
LR,0.9086601647719071,0.887117367220593,0.940593573952707,0.9365928189457601,0.9609651657620418,"{'C': 0.1, 'solver': 'lbfgs'}","['mfcc_mean', 'spec_skew', 'spec_kurtosis', 'NDSI', 'wav_detail_lvl5_std', 'mfcc_std', 'mfcc_2']",0.8308702791461412,0.7333333333333333,0.9583333333333334,0.9334558968072478,0.9197292069632496,0.9296187683284457,0.9100478468899521,0.9514896806269981,0.9753810082063306,0.9984,0.9533995416348358,0.9979499198518796
LR,0.908658107613872,0.8874953922455683,0.9397626195613812,0.9358288770053476,0.9597655185463264,"{'C': 10.0, 'solver': 'lbfgs'}","['mfcc_mean', 'NDSI', 'mfcc_1', 'wav_detail_lvl5_std', 'mfcc_std', 'wav_approx_std']",0.8336079077429983,0.7376093294460642,0.9583333333333334,0.9305017796781856,0.9184466019417475,0.9320197044334976,0.9052631578947369,0.9509327998230152,0.9739198131568704,0.9928571428571429,0.9556913674560733,0.9978619761377783
LR,0.9086358750625662,0.888697907314389,0.9379316160275913,0.9369747899159664,0.9644700031350159,"{'C': 10.0, 'solver': 'lbfgs'}","['mfcc_mean', 'spec_skew', 'spec_kurtosis', 'NDSI', 'mfcc_1', 'wav_detail_lvl5_std', 'mfcc_var', 'wav_approx_std', 'mfcc_2']",0.8311258278145696,0.7382352941176471,0.9507575757575758,0.933472356006396,0.9190779794016675,0.9426559356136821,0.8966507177033493,0.9615577612789828,0.9757038179714617,0.985202492211838,0.9663865546218487,0.9983798921196687
LR,0.9085655464698165,0.8878978185212141,0.9393361969987356,0.9385026737967914,0.9621522509281135,"{'C': 10.0, 'solver': 'lbfgs'}","['mfcc_mean', 'NDSI', 'mfcc_1', 'mfcc_var', 'mfcc_2']",0.8256578947368421,0.7296511627906976,0.9507575757575758,0.9326025416353327,0.9213483146067416,0.9411177644710579,0.9023923444976076,0.9556812609520303,0.978690430065866,0.9929245283018868,0.9648586707410237,0.9981729501969772
LR,0.9085378098225214,0.8876953298339662,0.9395159020546018,0.9373567608861727,0.9682091173676349,"{'C': 10.0, 'solver': 'lbfgs'}","['mfcc_mean', 'spec_skew', 'spec_kurtosis', 'NDSI', 'mfcc_1', 'mfcc_var', 'mfcc_2']",0.8289473684210527,0.7325581395348837,0.9545454545454546,0.9430983902077249,0.919921875,0.9391824526420738,0.9014354066985646,0.9631184617963239,0.9767441860465116,0.991345397324941,0.9625668449197861,0.9984105000988561
LR,0.9084998050964271,0.8885540146484229,0.9368673466196685,0.9358288770053476,0.9498713036805291,"{'C': 10.0, 'solver': 'lbfgs'}","['mfcc_mean', 'spec_kurtosis', 'mfcc_1', 'mfcc_var', 'mfcc_std', 'wav_approx_std', 'mfcc_2']",0.8333333333333334,0.7440476190476191,0.946969696969697,0.924330263735787,0.9186046511627907,0.930323846908734,0.907177033492823,0.9279512308286518,0.973561430793157,0.9912905779889153,0.9564553093964858,0.9973324164771485
LR,0.908480336705361,0.8885771870669908,0.9368030146667919,0.9358288770053476,0.94802110509595,"{'C': 10.0, 'solver': 'lbfgs'}","['mfcc_mean', 'spec_kurtosis', 'mfcc_1', 'wav_detail_lvl5_std', 'mfcc_var', 'wav_approx_std', 'mfcc_2']",0.8333333333333334,0.7440476190476191,0.946969696969697,0.9220841158208456,0.918525703200776,0.9311701081612586,0.9062200956937799,0.9247230167341374,0.9735819735819736,0.9905138339920949,0.9572192513368984,0.9972561827328669
LR,0.9084744735949822,0.8886593058569431,0.9363740232935279,0.9358288770053476,0.958207061029802,"{'C': 0.1, 'solver': 'lbfgs'}","['mfcc_mean', 'spec_kurtosis', 'NDSI', 'mfcc_1', 'wav_detail_lvl5_std', 'mfcc_std', 'mfcc_2']",0.8327759197324415,0.7455089820359282,0.9431818181818182,0.9323044628092552,0.9192307692307692,0.923671497584541,0.9148325358851674,0.9445820383131167,0.9734167318217357,0.9967974379503602,0.9511077158135982,0.9977346819670342
LR,0.9084250814863762,0.88884988084749,0.9360013223790314,0.9369747899159664,0.9604455964102453,"{'C': 0.1, 'solver': 'lbfgs'}","['NDSI', 'wav_detail_lvl5_std', 'mfcc_var', 'mfcc_2']",0.8294314381270903,0.7425149700598802,0.9393939393939394,0.9306245810538051,0.9204052098408104,0.9280155642023347,0.9129186602870814,0.9526603607169589,0.9754385964912281,0.9960191082802548,0.9556913674560733,0.9980518474599719
LR,0.9084166178896806,0.8872247373321871,0.9402049017374096,0.9369747899159664,0.9676446631046497,"{'C': 10.0, 'solver': 'lbfgs'}","['mfcc_mean', 'spec_skew', 'spec_kurtosis', 'NDSI', 'mfcc_var', 'mfcc_2']",0.8295081967213115,0.7312138728323699,0.9583333333333334,0.9430633369900643,0.9193942354665364,0.9391217564870259,0.9004784688995215,0.9615296459146444,0.9763474214811942,0.9913385826771653,0.9618029029793735,0.9983410064092402
LR,0.9084041954128949,0.8880350985920549,0.9382532757919755,0.9369747899159664,0.9616059849601042,"{'C': 10.0, 'solver': 'lbfgs'}","['mfcc_mean', 'spec_skew', 'spec_kurtosis', 'mfcc_1', 'mfcc_var', 'mfcc_std', 'wav_approx_std', 'mfcc_2']",0.8297520661157025,0.7360703812316716,0.9507575757575758,0.9355620489767619,0.9194729136163983,0.9382470119521913,0.9014354066985646,0.9513677517345838,0.975987606506584,0.9897879025923016,0.9625668449197861,0.997888154168967
LR,0.9083521274444992,0.8871332568136259,0.9403952170980036,0.9373567608861727,0.9690999427950557,"{'C': 10.0, 'solver': 'lbfgs'}","['mfcc_mean', 'spec_skew', 'spec_kurtosis', 'NDSI', 'mfcc_var', 'mfcc_std', 'mfcc_2']",0.8281505728314239,0.729106628242075,0.9583333333333334,0.9453771038019172,0.9197651663405088,0.9409409409409409,0.8995215311004785,0.9634949086942213,0.9771406431615652,0.9913522012578616,0.9633307868601986,0.9984278158890287
LR,0.9083315875498688,0.8865145014378465,0.9414058765451955,0.9369747899159664,0.9662679621034199,"{'C': 10.0, 'solver': 'lbfgs'}","['spec_skew', 'spec_kurtosis', 'NDSI', 'mfcc_1', 'wav_detail_lvl5_std', 'mfcc_var', 'mfcc_std', 'mfcc_2']",0.8287112561174551,0.7277936962750716,0.9621212121212122,0.9414271011222518,0.9196298100340965,0.9365079365079365,0.9033492822966507,0.9592190346573756,0.9766536964980544,0.9952418715305313,0.9587471352177235,0.9981577505306325
LR,0.9083136490684461,0.8866918282720149,0.9405292419998302,0.9365928189457601,0.9622523433495213,"{'C': 0.1, 'solver': 'lbfgs'}","['mfcc_mean', 'spec_skew', 'spec_kurtosis', 'NDSI', 'mfcc_1', 'wav_detail_lvl5_std', 'mfcc_std', 'mfcc_2']",0.8295081967213115,0.7312138728323699,0.9583333333333334,0.9359988946179643,0.9196515004840271,0.930460333006856,0.9090909090909091,0.9527411017081463,0.97578125,0.9984012789768185,0.9541634835752483,0.9980170337224531
LR,0.9082620662112446,0.8881765595383887,0.9373739607485737,0.9369747899159664,0.9514024170111789,"{'C': 10.0, 'solver': 'lbfgs'}","['mfcc_mean', 'spec_skew', 'mfcc_1', 'wav_detail_lvl5_std', 'mfcc_var', 'wav_approx_std', 'mfcc_2']",0.8291873963515755,0.7374631268436578,0.946969696969697,0.9244095711795216,0.9196298100340965,0.9365079365079365,0.9033492822966507,0.9322629249615004,0.975968992248062,0.990558615263572,0.9618029029793735,0.9975347548925144
LR,0.9082570440716844,0.8868136419908222,0.9402719141883229,0.9365928189457601,0.9655467888186533,"{'C': 10.0, 'solver': 'lbfgs'}","['mfcc_mean', 'spec_skew', 'spec_kurtosis', 'NDSI', 'mfcc_1', 'mfcc_std']",0.8295081967213115,0.7312138728323699,0.9583333333333334,0.9464276800124437,0.9197860962566845,0.9347826086956522,0.9052631578947369,0.9521653345109524,0.9754768392370572,0.9944444444444445,0.9572192513368984,0.9980473519325636
LR,0.9082416403196077,0.8897566400846179,0.933401127596174,0.9346829640947288,0.9545315677311746,"{'C': 10.0, 'solver': 'lbfgs'}","['mfcc_1', 'wav_detail_lvl5_std', 'mfcc_var', 'mfcc_std', 'wav_approx_std', 'mfcc_2']",0.8358714043993232,0.7553516819571865,0.9356060606060606,0.9271716616583449,0.9176697159364468,0.9234496124031008,0.9119617224880383,0.9390654575246227,0.971183800623053,0.9904686258935663,0.9526355996944232,0.9973575840105563
LR,0.9082357845323347,0.8874153112525862,0.9391969227882541,0.9369747899159664,0.9625637383964598,"{'C': 10.0, 'solver': 'lbfgs'}","['mfcc_mean', 'spec_skew', 'spec_kurtosis', 'wav_detail_lvl5_std', 'mfcc_var', 'mfcc_std', 'wav_approx_std', 'mfcc_2']",0.8289473684210527,0.7325581395348837,0.9545454545454546,0.9382516181862836,0.9193942354665364,0.9391217564870259,0.9004784688995215,0.9516062537739965,0.9763657497094149,0.9905660377358491,0.9625668449197861,0.9978333432290992
LR,0.9082274364178687,0.8878195208824037,0.9375079856504005,0.9362108479755539,0.9601993910021728,"{'C': 0.1, 'solver': 'lbfgs'}","['spec_skew', 'NDSI', 'wav_detail_lvl5_std', 'mfcc_var', 'mfcc_std', 'mfcc_2']",0.8305647840531561,0.7396449704142012,0.946969696969697,0.9359820078406872,0.9195180722891566,0.9262135922330097,0.9129186602870814,0.9467573810780152,0.9745994529112935,0.9976,0.9526355996944232,0.9978587840878161
LR,0.9082274364178687,0.8878195208824037,0.9375079856504005,0.9362108479755539,0.9596077716455431,"{'C': 0.1, 'solver': 'lbfgs'}","['mfcc_mean', 'spec_skew', 'NDSI', 'mfcc_1', 'wav_detail_lvl5_std', 'mfcc_std', 'mfcc_2']",0.8305647840531561,0.7396449704142012,0.946969696969697,0.9344445552967111,0.9195180722891566,0.9262135922330097,0.9129186602870814,0.9465201449109891,0.9745994529112935,0.9976,0.9526355996944232,0.9978586147289292
LR,0.9082274364178687,0.8878195208824037,0.9375079856504005,0.9362108479755539,0.9602489280796451,"{'C': 0.1, 'solver': 'lbfgs'}","['spec_skew', 'NDSI', 'mfcc_1', 'wav_detail_lvl5_std', 'mfcc_var', 'mfcc_std', 'mfcc_2']",0.8305647840531561,0.7396449704142012,0.946969696969697,0.936550127509687,0.9195180722891566,0.9262135922330097,0.9129186602870814,0.9463420286857288,0.9745994529112935,0.9976,0.9526355996944232,0.9978546280435195
LR,0.9082132294804727,0.8868355705597787,0.9395749846988237,0.935064935064935,0.9630679512373463,"{'C': 10.0, 'solver': 'lbfgs'}","['mfcc_mean', 'spec_skew', 'NDSI', 'mfcc_1', 'mfcc_std']",0.8336079077429983,0.7376093294460642,0.9583333333333334,0.9486935089698835,0.9183969097054563,0.9269005847953217,0.9100478468899521,0.9428100933177789,0.9726348709929633,0.9959967974379503,0.9503437738731857,0.9977002514243767
LR,0.9081526084614341,0.8868593956133827,0.9395855950035515,0.9365928189457601,0.9629048523207606,"{'C': 0.1, 'solver': 'lbfgs'}","['spec_skew', 'spec_kurtosis', 'NDSI', 'wav_detail_lvl5_std', 'mfcc_var', 'mfcc_std', 'mfcc_2']",0.8289473684210527,0.7325581395348837,0.9545454545454546,0.9379260555473662,0.9197292069632496,0.9296187683284457,0.9100478468899521,0.9527650923771998,0.97578125,0.9984012789768185,0.9541634835752483,0.998023409037716
LR,0.9080805030146394,0.8882135928066318,0.9361810274348974,0.9358288770053476,0.9596505608003367,"{'C': 1.0, 'solver': 'lbfgs'}","['spec_kurtosis', 'NDSI', 'mfcc_1', 'wav_detail_lvl5_std', 'mfcc_var', 'mfcc_std', 'mfcc_2']",0.8313856427378965,0.7432835820895523,0.9431818181818182,0.9373023374631257,0.9189971070395371,0.9261418853255587,0.9119617224880383,0.9439179433610433,0.9738587592664846,0.9952153110047847,0.9533995416348358,0.9977314015768411
LR,0.9079845788419663,0.8875044183824455,0.9373820022426834,0.9358288770053476,0.9574710681323673,"{'C': 0.1, 'solver': 'lbfgs'}","['mfcc_mean', 'spec_kurtosis', 'NDSI', 'mfcc_1', 'wav_detail_lvl5_std', 'mfcc_2']",0.8305647840531561,0.7396449704142012,0.946969696969697,0.9315287949525619,0.9192307692307692,0.923671497584541,0.9148325358851674,0.9432459144513362,0.9741581832419733,0.9991967871485944,0.9503437738731857,0.9976384949932033
LR,0.9079750808594577,0.8865045756378623,0.9400172668748521,0.9362108479755539,0.9660876677474542,"{'C': 10.0, 'solver': 'lbfgs'}","['mfcc_mean', 'spec_skew', 'spec_kurtosis', 'NDSI', 'mfcc_1', 'mfcc_var', 'mfcc_std']",0.8295081967213115,0.7312138728323699,0.9583333333333334,0.9476793067766355,0.9193391642371235,0.9338598223099703,0.9052631578947369,0.9524840523639967,0.9750778816199377,0.9944400317712471,0.9564553093964858,0.9980996441017307
LR,0.9079497602084734,0.8868426695427637,0.9390470382730444,0.9339190221543163,0.9579006549054317,"{'C': 10.0, 'solver': 'lbfgs'}","['mfcc_mean', 'spec_skew', 'wav_detail_lvl5_std', 'mfcc_var', 'mfcc_std', 'mfcc_2']",0.8369028006589786,0.7405247813411079,0.9621212121212122,0.9395092329863959,0.9156509019990249,0.9333996023856859,0.8985645933014355,0.9368618534721649,0.9712955779674166,0.9866036249014972,0.9564553093964858,0.9973308782577346
LR,0.9079461737374449,0.887519425603672,0.9372533383369297,0.9358288770053476,0.9599177360634158,"{'C': 0.1, 'solver': 'lbfgs'}","['spec_skew', 'NDSI', 'mfcc_1', 'wav_detail_lvl5_std', 'mfcc_var', 'mfcc_2']",0.8305647840531561,0.7396449704142012,0.946969696969697,0.936273887218719,0.9190751445086706,0.9253152279340446,0.9129186602870814,0.9456532948460908,0.9741985926505082,0.9975980784627703,0.9518716577540107,0.9978260261254372
LR,0.9079378930274432,0.8871732337482952,0.939017217732388,0.9381207028265852,0.9633437827504685,"{'C': 10.0, 'solver': 'lbfgs'}","['mfcc_mean', 'NDSI', 'mfcc_var', 'mfcc_std', 'mfcc_2']",0.8243021346469622,0.7275362318840579,0.9507575757575758,0.9348187862378421,0.9208211143695014,0.9410589410589411,0.9014354066985646,0.9570031982770865,0.978690430065866,0.9929245283018868,0.9648586707410237,0.9982093637364771
LR,0.907935729845397,0.8889787076025134,0.9348593185280492,0.9377387318563789,0.9550972149948863,"{'C': 10.0, 'solver': 'lbfgs'}","['mfcc_mean', 'spec_kurtosis', 'NDSI', 'mfcc_1', 'wav_detail_lvl5_std', 'mfcc_var', 'wav_approx_std', 'mfcc_2']",0.8260869565217391,0.7395209580838323,0.9356060606060606,0.9214927528032586,0.9205265724037055,0.9383697813121272,0.9033492822966507,0.945907032359731,0.9771936606107461,0.9890453834115805,0.9656226126814362,0.9978918598216694
LR,0.9079315537813031,0.8865336572566617,0.9393203373853529,0.9346829640947288,0.9633939708802326,"{'C': 10.0, 'solver': 'lbfgs'}","['mfcc_mean', 'spec_kurtosis', 'NDSI', 'mfcc_1', 'mfcc_var', 'mfcc_std']",0.8336079077429983,0.7376093294460642,0.9583333333333334,0.9477805297395964,0.917953667953668,0.9259980525803311,0.9100478468899521,0.9447447483621311,0.9722330856472429,0.9959935897435898,0.9495798319327731,0.9976566345389702
LR,0.9079048918773657,0.8889775766844036,0.9343659952019084,0.9377387318563789,0.9608261741141035,"{'C': 1.0, 'solver': 'lbfgs'}","['NDSI', 'mfcc_1', 'wav_detail_lvl5_std', 'mfcc_var', 'mfcc_std', 'wav_approx_std', 'mfcc_2']",0.825503355704698,0.7409638554216867,0.9318181818181818,0.9322189637158171,0.9211417513304305,0.9315068493150684,0.9110047846889953,0.9522016335221741,0.9770695685969685,0.9944620253164557,0.9602750190985485,0.9980579251043196
LR,0.9078710184053579,0.8865563590116278,0.9393309476900807,0.9362108479755539,0.9628695834930959,"{'C': 0.1, 'solver': 'lbfgs'}","['spec_skew', 'spec_kurtosis', 'NDSI', 'mfcc_1', 'wav_detail_lvl5_std', 'mfcc_var', 'mfcc_2']",0.8289473684210527,0.7325581395348837,0.9545454545454546,0.9383363324829941,0.9192846785886902,0.9287109375,0.9100478468899521,0.9522704170881352,0.9753810082063306,0.9984,0.9533995416348358,0.9980020009081584
LR,0.9078684934644511,0.8899249389445468,0.9319481859729537,0.9339190221543163,0.9551945918508175,"{'C': 1.0, 'solver': 'lbfgs'}","['mfcc_1', 'wav_detail_lvl5_std', 'mfcc_var', 'wav_approx_std', 'mfcc_2']",0.8367346938775511,0.7592592592592593,0.9318181818181818,0.931172475381428,0.9168668909178279,0.9208494208494209,0.9129186602870814,0.9371259519004506,0.9700038955979743,0.9896661367249603,0.9511077158135982,0.9972853482705737
LR,0.9078452766884121,0.886981782165391,0.9385749355563598,0.9369747899159664,0.963382941355138,"{'C': 10.0, 'solver': 'lbfgs'}","['spec_skew', 'spec_kurtosis', 'NDSI', 'mfcc_1', 'wav_detail_lvl5_std', 'mfcc_var', 'wav_approx_std', 'mfcc_2']",0.8270181219110379,0.7317784256559767,0.9507575757575758,0.9347494483282168,0.9198640116561437,0.9339250493096647,0.9062200956937799,0.9572770654044311,0.9766536964980544,0.9952418715305313,0.9587471352177235,0.9981223103327663
LR,0.9078221801968921,0.8877075344589084,0.9364383552464047,0.9358288770053476,0.957387344463891,"{'C': 0.1, 'solver': 'lbfgs'}","['mfcc_mean', 'spec_kurtosis', 'NDSI', 'wav_detail_lvl5_std', 'mfcc_std', 'mfcc_2']",0.83,0.7410714285714286,0.9431818181818182,0.9302040509390803,0.9193083573487032,0.922854387656702,0.9157894736842105,0.9442740196799219,0.9741581832419733,0.9991967871485944,0.9503437738731857,0.9976839627726708
LR,0.9077313870147717,0.8881398987513371,0.9354893472540532,0.9365928189457601,0.9422851335382489,"{'C': 1.0, 'solver': 'lbfgs'}","['NDSI', 'mfcc_1', 'wav_detail_lvl5_std', 'mfcc_var', 'mfcc_std', 'wav_approx_std']",0.8280467445742905,0.7402985074626866,0.9393939393939394,0.8841786607807803,0.9196515004840271,0.930460333006856,0.9090909090909091,0.9447394026697259,0.9754959159859977,0.993660855784469,0.957983193277311,0.9979373371642404
LR,0.9077022932754844,0.8879953082614499,0.9356047203570425,0.9354469060351414,0.9486099003241345,"{'C': 10.0, 'solver': 'lbfgs'}","['mfcc_mean', 'spec_kurtosis', 'mfcc_1', 'mfcc_var', 'wav_approx_std', 'mfcc_2']",0.8313856427378965,0.7432835820895523,0.9431818181818182,0.9225880118302326,0.9181598062953995,0.9294117647058824,0.907177033492823,0.9259883226033699,0.973561430793157,0.9912905779889153,0.9564553093964858,0.9972533665388007
LR,0.9076702269598167,0.8874955659611768,0.9376126367612435,0.9365928189457601,0.9669857976484441,"{'C': 10.0, 'solver': 'lbfgs'}","['mfcc_mean', 'spec_skew', 'spec_kurtosis', 'NDSI', 'mfcc_var', 'mfcc_std', 'wav_approx_std', 'mfcc_2']",0.8283828382838284,0.7339181286549707,0.9507575757575758,0.9395030010247573,0.9185475956820413,0.9425981873111783,0.8956937799043062,0.9630022079365718,0.9760802469135802,0.9859703819173812,0.9663865546218487,0.9984521839840033
LR,0.9076429622759288,0.8864312204154525,0.9393899186468846,0.9369747899159664,0.9673349199046708,"{'C': 10.0, 'solver': 'lbfgs'}","['spec_skew', 'spec_kurtosis', 'NDSI', 'mfcc_1', 'mfcc_var', 'mfcc_std', 'mfcc_2']",0.8262295081967214,0.7283236994219653,0.9545454545454546,0.9434364899992992,0.9196298100340965,0.9365079365079365,0.9033492822966507,0.9603133584646002,0.9770695685969685,0.9944620253164557,0.9602750190985485,0.9982549112501128
LR,0.9075946521008019,0.8870683373897389,0.9371890063840529,0.9358288770053476,0.9598212909763473,"{'C': 0.1, 'solver': 'lbfgs'}","['spec_skew', 'NDSI', 'wav_detail_lvl5_std', 'mfcc_var', 'mfcc_2']",0.8291873963515755,0.7374631268436578,0.946969696969697,0.9355887857909738,0.9189971070395371,0.9261418853255587,0.9119617224880383,0.9460706689499038,0.9745994529112935,0.9976,0.9526355996944232,0.9978044181881643
LR,0.907491849729538,0.8863094772665497,0.938615366401744,0.9343009931245225,0.9587240446412059,"{'C': 10.0, 'solver': 'lbfgs'}","['spec_kurtosis', 'NDSI', 'mfcc_1', 'wav_detail_lvl5_std', 'mfcc_std', 'wav_approx_std']",0.8336079077429983,0.7376093294460642,0.9583333333333334,0.9334875966455589,0.916504854368932,0.9300492610837439,0.9033492822966507,0.9451691550041235,0.9723627870766836,0.9912698412698413,0.9541634835752483,0.9975153822739351
LR,0.9074835136172307,0.8874300110741972,0.9359907120743035,0.9354469060351414,0.9575591249434233,"{'C': 0.1, 'solver': 'lbfgs'}","['spec_kurtosis', 'NDSI', 'wav_detail_lvl5_std', 'mfcc_std', 'mfcc_2']",0.83,0.7410714285714286,0.9431818181818182,0.9296223031043245,0.9186326432354357,0.9244186046511628,0.9129186602870814,0.9453442906591785,0.9738178976162564,0.9968,0.9518716577540107,0.9977107810667668
LR,0.9074637875406362,0.8897948635347568,0.9317093982728658,0.9373567608861727,0.9582508676521543,"{'C': 10.0, 'solver': 'lbfgs'}","['mfcc_mean', 'NDSI', 'mfcc_1', 'wav_detail_lvl5_std', 'mfcc_var', 'wav_approx_std', 'mfcc_2']",0.8257191201353637,0.746177370030581,0.9242424242424242,0.920103028218931,0.9202334630350194,0.9357072205736894,0.9052631578947369,0.9563818800114751,0.9764387794515257,0.9875,0.9656226126814362,0.998267694726057
LR,0.9074577734810557,0.8862119995625654,0.9393633370413556,0.9346829640947288,0.96377283173275,"{'C': 1.0, 'solver': 'lbfgs'}","['mfcc_mean', 'spec_skew', 'spec_kurtosis', 'mfcc_1', 'wav_detail_lvl5_std', 'mfcc_var', 'mfcc_std', 'mfcc_2']",0.8327868852459016,0.7341040462427746,0.9621212121212122,0.9453349975570737,0.9162995594713657,0.9378757515030061,0.8956937799043062,0.9484830955528892,0.9732868757259001,0.9866562009419152,0.9602750190985485,0.9975004020882872
LR,0.9073873559846781,0.8864462453635036,0.9376611091007376,0.9327731092436975,0.9592386007236112,"{'C': 0.1, 'solver': 'lbfgs'}","['spec_skew', 'spec_kurtosis', 'wav_detail_lvl5_std', 'mfcc_var', 'mfcc_2']",0.8377483443708609,0.7441176470588236,0.9583333333333334,0.9369177251679425,0.914811229428848,0.9255631733594515,0.9043062200956937,0.943509190671526,0.9696024941543258,0.9896579156722355,0.9503437738731857,0.997288886331365
LR,0.907353223509333,0.8873164222884661,0.9359880315762669,0.9358288770053476,0.9595032026369635,"{'C': 0.1, 'solver': 'lbfgs'}","['NDSI', 'wav_detail_lvl5_std', 'mfcc_std', 'mfcc_2']",0.8286189683860233,0.7388724035608308,0.9431818181818182,0.9276231642378258,0.9187620889748549,0.9286412512218963,0.9090909090909091,0.9528200348305433,0.9746786131671211,0.994435612082671,0.9556913674560733,0.998066408842522
LR,0.9073473741844166,0.8871203905884313,0.9368003341687552,0.9362108479755539,0.9550924712312984,"{'C': 10.0, 'solver': 'lbfgs'}","['mfcc_mean', 'spec_skew', 'mfcc_var', 'mfcc_std', 'wav_approx_std', 'mfcc_2']",0.8278145695364238,0.7352941176470589,0.946969696969697,0.9298946660477747,0.9186556259132976,0.935515873015873,0.9023923444976076,0.9377590686409026,0.9755719271035285,0.9905511811023622,0.961038961038961,0.9976236790052176
LR,0.9073029566320033,0.8865952963954217,0.9373176702898065,0.9358288770053476,0.9587334912167876,"{'C': 0.1, 'solver': 'lbfgs'}","['mfcc_mean', 'spec_skew', 'NDSI', 'mfcc_1', 'wav_detail_lvl5_std', 'mfcc_2']",0.8278145695364238,0.7352941176470589,0.946969696969697,0.9336381587610187,0.9191530317613089,0.9244917715392061,0.9138755980861244,0.9448058020245625,0.9749412685982772,1.0,0.9511077158135982,0.9977565128647817
LR,0.9072864551093343,0.8869814483144105,0.9364223839456037,0.935064935064935,0.9602039369285528,"{'C': 10.0, 'solver': 'lbfgs'}","['spec_kurtosis', 'NDSI', 'wav_detail_lvl5_std', 'mfcc_var', 'mfcc_std', 'mfcc_2']",0.8305647840531561,0.7396449704142012,0.946969696969697,0.937751289952268,0.9177949709864603,0.927663734115347,0.908133971291866,0.9451426434298399,0.9734996102883866,0.9936356404136834,0.9541634835752483,0.9977178774035502
LR,0.9072619427654066,0.885466551346767,0.9402719141883229,0.9365928189457601,0.9660850923438241,"{'C': 10.0, 'solver': 'lbfgs'}","['spec_skew', 'spec_kurtosis', 'NDSI', 'mfcc_1', 'mfcc_var', 'mfcc_2']",0.8254486133768353,0.7249283667621776,0.9583333333333334,0.9428880131910133,0.9193391642371235,0.9338598223099703,0.9052631578947369,0.95720396030743,0.9769980506822612,0.9976114649681529,0.9572192513368984,0.998163303533029
LR,0.9072431013592457,0.8858253446101972,0.9390119684237331,0.9358288770053476,0.9622380904083734,"{'C': 0.1, 'solver': 'lbfgs'}","['spec_skew', 'spec_kurtosis', 'NDSI', 'mfcc_1', 'wav_detail_lvl5_std', 'mfcc_std', 'mfcc_2']",0.8275862068965517,0.7304347826086957,0.9545454545454546,0.9361084215735795,0.9187620889748549,0.9286412512218963,0.9090909090909091,0.9526037766100955,0.9753810082063306,0.9984,0.9533995416348358,0.998002073041445
LR,0.9071629660940809,0.8874032151661401,0.9347068652022212,0.932009167303285,0.9489954616434292,"{'C': 0.1, 'solver': 'lbfgs'}","['mfcc_mean', 'spec_kurtosis', 'wav_detail_lvl5_std', 'mfcc_var', 'wav_approx_std', 'mfcc_2']",0.8389261744966443,0.7530120481927711,0.946969696969697,0.9246787197540148,0.9146692233940557,0.9164265129682997,0.9129186602870814,0.9254674332267387,0.9678935003915426,0.9927710843373494,0.9442322383498855,0.9968402319495341
LR,0.9070539613612718,0.8860413317835311,0.9375967771478607,0.9327731092436975,0.9427915152268233,"{'C': 10.0, 'solver': 'lbfgs'}","['mfcc_mean', 'mfcc_1', 'wav_detail_lvl5_std', 'mfcc_var', 'mfcc_std']",0.8363636363636363,0.7419354838709677,0.9583333333333334,0.9246309420234324,0.9151720794958798,0.9273084479371316,0.9033492822966507,0.9086943765968836,0.969626168224299,0.988880063542494,0.9511077158135982,0.9950492270601539
LR,0.9070391335726855,0.8873392406733007,0.934792417764554,0.935064935064935,0.9588015934815957,"{'C': 0.1, 'solver': 'lbfgs'}","['spec_kurtosis', 'NDSI', 'mfcc_1', 'wav_detail_lvl5_std', 'mfcc_var', 'mfcc_2']",0.8294314381270903,0.7425149700598802,0.9393939393939394,0.934580947655177,0.9182692307692307,0.9227053140096618,0.9138755980861244,0.9440840135444366,0.9734167318217357,0.9967974379503602,0.9511077158135982,0.9977398192451735
LR,0.9070321895245531,0.8864681921730345,0.9366797117571112,0.935064935064935,0.9595803720554401,"{'C': 0.1, 'solver': 'lbfgs'}","['mfcc_mean', 'spec_skew', 'NDSI', 'wav_detail_lvl5_std', 'mfcc_var', 'mfcc_2']",0.8291873963515755,0.7374631268436578,0.946969696969697,0.9357622397588903,0.918111753371869,0.9243452958292919,0.9119617224880383,0.945199861773684,0.9737974188502151,0.9975961538461539,0.9511077158135982,0.9977790146337462
LR,0.9070041250973357,0.8871327748626837,0.9361086539879109,0.9369747899159664,0.9575462557910787,"{'C': 10.0, 'solver': 'lbfgs'}","['mfcc_mean', 'spec_skew', 'NDSI', 'mfcc_1', 'mfcc_var', 'wav_approx_std', 'mfcc_2']",0.8245033112582781,0.7323529411764705,0.9431818181818182,0.9238322686456292,0.9193154034229829,0.94,0.8995215311004785,0.9507516628274852,0.9771936606107461,0.9890453834115805,0.9656226126814362,0.9980548359001212
LR,0.9070022998867712,0.8863033846933076,0.9369986910234589,0.9354469060351414,0.9585684388348809,"{'C': 0.1, 'solver': 'lbfgs'}","['mfcc_mean', 'spec_skew', 'NDSI', 'wav_detail_lvl5_std', 'mfcc_std', 'mfcc_2']",0.8278145695364238,0.7352941176470589,0.946969696969697,0.9322612961385659,0.9186326432354357,0.9244186046511628,0.9129186602870814,0.9456431246082301,0.974559686888454,0.9991974317817014,0.9511077158135982,0.9978008957578465
LR,0.9069769050730531,0.8867255761734204,0.9366716702630016,0.9362108479755539,0.9599915095431405,"{'C': 10.0, 'solver': 'lbfgs'}","['mfcc_mean', 'spec_skew', 'NDSI', 'mfcc_var', 'mfcc_std', 'wav_approx_std', 'mfcc_2']",0.8264462809917356,0.7331378299120235,0.946969696969697,0.9302563395995997,0.9184968277208394,0.9372509960159362,0.9004784688995215,0.9516669116783264,0.975987606506584,0.9897879025923016,0.9625668449197861,0.9980512773514952
LR,0.906963220539334,0.8863213855191883,0.9368700271177052,0.9354469060351414,0.9594075560403791,"{'C': 0.1, 'solver': 'lbfgs'}","['spec_skew', 'NDSI', 'mfcc_1', 'wav_detail_lvl5_std', 'mfcc_std', 'mfcc_2']",0.8278145695364238,0.7352941176470589,0.946969696969697,0.9336336090829306,0.9184756391702846,0.9260700389105059,0.9110047846889953,0.9467190984077868,0.9745994529112935,0.9976,0.9526355996944232,0.9978699606304198
LR,0.906963220539334,0.8863213855191883,0.9368700271177052,0.9354469060351414,0.959224178424566,"{'C': 0.1, 'solver': 'lbfgs'}","['spec_skew', 'NDSI', 'mfcc_1', 'wav_detail_lvl5_std', 'mfcc_var', 'mfcc_std', 'wav_approx_std', 'mfcc_2']",0.8278145695364238,0.7352941176470589,0.946969696969697,0.9335369947395992,0.9184756391702846,0.9260700389105059,0.9110047846889953,0.9462569780431656,0.9745994529112935,0.9976,0.9526355996944232,0.9978785624909328
LR,0.9069353044522925,0.8859427046815239,0.9380013089765412,0.9362108479755539,0.9633405634546571,"{'C': 10.0, 'solver': 'lbfgs'}","['spec_skew', 'spec_kurtosis', 'NDSI', 'mfcc_1', 'wav_detail_lvl5_std', 'mfcc_var', 'mfcc_std', 'wav_approx_std', 'mfcc_2']",0.8256578947368421,0.7296511627906976,0.9507575757575758,0.933771565255836,0.9188926663428849,0.9329388560157791,0.9052631578947369,0.9580954232459966,0.9762553522771507,0.9952380952380953,0.957983193277311,0.9981547018621387
LR,0.9069217171196082,0.886959040067441,0.9356663718118826,0.9358288770053476,0.9535973422975262,"{'C': 10.0, 'solver': 'lbfgs'}","['mfcc_mean', 'spec_kurtosis', 'mfcc_var', 'mfcc_std', 'wav_approx_std', 'mfcc_2']",0.8272425249169435,0.7366863905325444,0.9431818181818182,0.9283780929255251,0.9183673469387755,0.932872655478776,0.9043062200956937,0.9349645142545872,0.9751552795031055,0.9913180741910024,0.959511077158136,0.9974494197124667
LR,0.9069076920006571,0.8866528708474471,0.9358647286665862,0.935064935064935,0.9578704005946775,"{'C': 0.1, 'solver': 'lbfgs'}","['spec_kurtosis', 'NDSI', 'mfcc_1', 'wav_detail_lvl5_std', 'mfcc_2']",0.8286189683860233,0.7388724035608308,0.9431818181818182,0.9315172512883514,0.9183477425552353,0.9218900675024108,0.9148325358851674,0.9444087863144328,0.9737563650607128,0.9991961414790996,0.9495798319327731,0.9976851641812485
LR,0.9068980681565709,0.8854019598253863,0.9389476364708562,0.9358288770053476,0.9609306839736654,"{'C': 0.1, 'solver': 'lbfgs'}","['spec_skew', 'spec_kurtosis', 'NDSI', 'wav_detail_lvl5_std', 'mfcc_var', 'wav_approx_std', 'mfcc_2']",0.8262295081967214,0.7283236994219653,0.9545454545454546,0.9332981393107621,0.9186834462729913,0.9294809010773751,0.908133971291866,0.9515125241019365,0.97578125,0.9984012789768185,0.9541634835752483,0.9979813885082975
LR,0.9068918270604392,0.8882728549308219,0.9326584062652175,0.9365928189457601,0.9601390684312312,"{'C': 1.0, 'solver': 'lbfgs'}","['NDSI', 'mfcc_1', 'wav_detail_lvl5_std', 'mfcc_var', 'wav_approx_std', 'mfcc_2']",0.8249158249158249,0.7424242424242424,0.928030303030303,0.9311365170301765,0.9198841698841699,0.9279454722492697,0.9119617224880383,0.9512531294036832,0.9758754863813229,0.9944488501189532,0.957983193277311,0.9980275588598339
LR,0.9068379967024307,0.8854552263713383,0.9387546406122258,0.9358288770053476,0.9610369609022923,"{'C': 10.0, 'solver': 'lbfgs'}","['NDSI', 'mfcc_1', 'mfcc_var', 'mfcc_2']",0.8262295081967214,0.7283236994219653,0.9545454545454546,0.9318446805059742,0.9184466019417475,0.9320197044334976,0.9052631578947369,0.953164847005742,0.9758378799688231,0.9960222752585521,0.9564553093964858,0.9981013551951606
LR,0.9067357350361442,0.8864877529791472,0.9369746782285482,0.9358288770053476,0.9655932095858833,"{'C': 10.0, 'solver': 'lbfgs'}","['mfcc_mean', 'spec_skew', 'spec_kurtosis', 'NDSI', 'mfcc_1', 'mfcc_var', 'mfcc_std', 'wav_approx_std', 'mfcc_2']",0.8270181219110379,0.7317784256559767,0.9507575757575758,0.93600629096823,0.9174852652259332,0.9424823410696267,0.8937799043062201,0.9623487489045146,0.9757038179714617,0.985202492211838,0.9663865546218487,0.9984245888849054
LR,0.9067156210220081,0.8863802827181351,0.9364813549024076,0.9358288770053476,0.9534764850002757,"{'C': 10.0, 'solver': 'lbfgs'}","['mfcc_mean', 'spec_skew', 'mfcc_1', 'mfcc_var', 'mfcc_std', 'wav_approx_std', 'mfcc_2']",0.8264462809917356,0.7331378299120235,0.946969696969697,0.9273244171884186,0.9181286549707602,0.9354518371400199,0.9014354066985646,0.9354968702593197,0.9755719271035285,0.9905511811023622,0.961038961038961,0.997608167553089
LR,0.9067098230031195,0.887355599104828,0.933444238939595,0.9316271963330787,0.9540698386358621,"{'C': 0.1, 'solver': 'lbfgs'}","['mfcc_mean', 'wav_detail_lvl5_std', 'mfcc_var', 'mfcc_2']",0.8383838383838383,0.7545454545454545,0.9431818181818182,0.9300238582925183,0.9142309535218016,0.9155470249520153,0.9129186602870814,0.9353813341467299,0.9675146771037182,0.9919743178170144,0.9442322383498855,0.9968043234683382
LR,0.9066819830240593,0.8860207547123468,0.9366153798042344,0.935064935064935,0.9587288502861512,"{'C': 0.1, 'solver': 'lbfgs'}","['spec_skew', 'NDSI', 'wav_detail_lvl5_std', 'mfcc_std', 'mfcc_2']",0.8278145695364238,0.7352941176470589,0.946969696969697,0.9318413438167583,0.9180327868852459,0.9251700680272109,0.9110047846889953,0.94651203087432,0.9741985926505082,0.9975980784627703,0.9518716577540107,0.9978331761673755
LR,0.9066819830240593,0.8860207547123468,0.9366153798042344,0.935064935064935,0.9578775496128368,"{'C': 0.1, 'solver': 'lbfgs'}","['spec_skew', 'NDSI', 'wav_detail_lvl5_std', 'mfcc_var', 'wav_approx_std', 'mfcc_2']",0.8278145695364238,0.7352941176470589,0.946969696969697,0.9302080131499534,0.9180327868852459,0.9251700680272109,0.9110047846889953,0.9455880255055942,0.9741985926505082,0.9975980784627703,0.9518716577540107,0.9978366101829628
LR,0.9066800628278395,0.8852204955996049,0.9385026737967914,0.935064935064935,0.9598008106607002,"{'C': 0.1, 'solver': 'lbfgs'}","['mfcc_mean', 'spec_skew', 'spec_kurtosis', 'NDSI', 'wav_detail_lvl5_std', 'mfcc_var', 'wav_approx_std', 'mfcc_2']",0.8275862068965517,0.7304347826086957,0.9545454545454546,0.9316556862452041,0.9178743961352657,0.926829268292683,0.9090909090909091,0.9498001165112422,0.9745795854517012,0.9983974358974359,0.9518716577540107,0.9979466292256541
LR,0.9066604061563727,0.885400514493425,0.9383447477874723,0.9331550802139037,0.9565919078450457,"{'C': 10.0, 'solver': 'lbfgs'}","['mfcc_mean', 'spec_skew', 'mfcc_1', 'wav_detail_lvl5_std', 'mfcc_var', 'mfcc_std', 'mfcc_2']",0.8341543513957307,0.736231884057971,0.9621212121212122,0.9377494470153743,0.9145090376160234,0.9341317365269461,0.8956937799043062,0.9347307136444778,0.9713178294573643,0.985837922895358,0.9572192513368984,0.9972955628752849
LR,0.9066265801809265,0.8865723119280559,0.9349588320176555,0.9327731092436975,0.9526046151020987,"{'C': 0.1, 'solver': 'lbfgs'}","['mfcc_mean', 'spec_skew', 'wav_detail_lvl5_std', 'mfcc_var', 'wav_approx_std', 'mfcc_2']",0.8347245409015025,0.746268656716418,0.946969696969697,0.9277399307027067,0.9152215799614644,0.9214354995150339,0.9090909090909091,0.9328885753094985,0.9699336196798126,0.9920127795527156,0.9488158899923606,0.9971853392940908
LR,0.906614396899064,0.8858801110575243,0.9368056951648284,0.9354469060351414,0.959076092928204,"{'C': 0.1, 'solver': 'lbfgs'}","['spec_skew', 'NDSI', 'mfcc_1', 'wav_detail_lvl5_std', 'mfcc_var', 'wav_approx_std', 'mfcc_2']",0.8264462809917356,0.7331378299120235,0.946969696969697,0.9332262361222702,0.9183969097054563,0.9269005847953217,0.9100478468899521,0.946144325701912,0.975,0.9976019184652278,0.9533995416348358,0.9978577169604299
LR,0.90649706996961,0.8853662725671314,0.9377844120104183,0.93353705118411,0.9577774454034672,"{'C': 1.0, 'solver': 'lbfgs'}","['mfcc_mean', 'spec_skew', 'mfcc_1', 'wav_detail_lvl5_std', 'mfcc_var', 'mfcc_2']",0.8322368421052632,0.7354651162790697,0.9583333333333334,0.9421338438737594,0.9152046783625731,0.9324726911618669,0.8985645933014355,0.9339118863821627,0.9720496894409938,0.9881610102604578,0.9564553093964858,0.9972866059544797
LR,0.9064889604657663,0.8853732571898956,0.9371518144737959,0.932009167303285,0.9588428407976485,"{'C': 0.1, 'solver': 'lbfgs'}","['mfcc_mean', 'spec_skew', 'spec_kurtosis', 'wav_detail_lvl5_std', 'mfcc_var', 'mfcc_2']",0.8363636363636363,0.7419354838709677,0.9583333333333334,0.9369757895648309,0.913926499032882,0.9237536656891495,0.9043062200956937,0.9423045787666265,0.9691767460007803,0.9904306220095693,0.9488158899923606,0.9972481540614877
LR,0.9064672476016673,0.885703226810266,0.9375509853064031,0.9362108479755539,0.9637569623344677,"{'C': 10.0, 'solver': 'lbfgs'}","['mfcc_mean', 'spec_skew', 'spec_kurtosis', 'mfcc_var', 'mfcc_std', 'wav_approx_std', 'mfcc_2']",0.8243021346469622,0.7275362318840579,0.9507575757575758,0.9394053498834825,0.9183374083129584,0.939,0.8985645933014355,0.9539018754500816,0.9767621998450813,0.99057344854674,0.9633307868601986,0.997963661669839
LR,0.9064600937599275,0.8846277196776455,0.9395079722479104,0.9354469060351414,0.9605079208750241,"{'C': 10.0, 'solver': 'lbfgs'}","['mfcc_mean', 'spec_skew', 'NDSI', 'mfcc_1', 'mfcc_var', 'mfcc_std', 'wav_approx_std']",0.8254486133768353,0.7249283667621776,0.9583333333333334,0.9390061948562142,0.9188926663428849,0.9329388560157791,0.9052631578947369,0.9447842529723625,0.9750390015600624,0.9960159362549801,0.9549274255156608,0.9977333147964957
LR,0.9064538730218438,0.8861672141370206,0.9367200309150774,0.9354469060351414,0.9640305859281907,"{'C': 10.0, 'solver': 'lbfgs'}","['mfcc_mean', 'spec_skew', 'spec_kurtosis', 'NDSI', 'mfcc_1', 'mfcc_var', 'wav_approx_std', 'mfcc_2']",0.8270181219110379,0.7317784256559767,0.9507575757575758,0.9321872763527049,0.917034855179185,0.9415322580645161,0.8937799043062201,0.9615188858544378,0.9753086419753086,0.9851909586905689,0.9656226126814362,0.9983855955774296
LR,0.9063714159533153,0.8872160426473524,0.9328168907116275,0.9323911382734912,0.9524289002962713,"{'C': 0.1, 'solver': 'lbfgs'}","['mfcc_mean', 'wav_detail_lvl5_std', 'mfcc_var', 'wav_approx_std', 'mfcc_2']",0.835016835016835,0.7515151515151515,0.9393939393939394,0.9216968101037308,0.9149447381066795,0.918918918918919,0.9110047846889953,0.9384929331144253,0.9691526747364311,0.9912140575079872,0.948051948051948,0.9970969576706581
LR,0.9063331339522324,0.8855786274974515,0.9365510478513576,0.935064935064935,0.958752658204992,"{'C': 0.1, 'solver': 'lbfgs'}","['spec_skew', 'NDSI', 'wav_detail_lvl5_std', 'mfcc_var', 'mfcc_std', 'wav_approx_std', 'mfcc_2']",0.8264462809917356,0.7331378299120235,0.946969696969697,0.9320426219380815,0.917953667953668,0.9259980525803311,0.9100478468899521,0.9463514325017638,0.9745994529112935,0.9976,0.9526355996944232,0.9978639201751311
LR,0.9063331339522324,0.8855786274974515,0.9365510478513576,0.935064935064935,0.9591478350107954,"{'C': 0.1, 'solver': 'lbfgs'}","['spec_skew', 'NDSI', 'mfcc_1', 'wav_detail_lvl5_std', 'mfcc_2']",0.8264462809917356,0.7331378299120235,0.946969696969697,0.9335283189943564,0.917953667953668,0.9259980525803311,0.9100478468899521,0.946103282080058,0.9745994529112935,0.9976,0.9526355996944232,0.9978119039579717
LR,0.9061594177362475,0.88618699457184,0.9353447120474984,0.9358288770053476,0.958803051408227,"{'C': 10.0, 'solver': 'lbfgs'}","['mfcc_mean', 'spec_skew', 'NDSI', 'mfcc_1', 'mfcc_var', 'mfcc_std', 'wav_approx_std', 'mfcc_2']",0.8245033112582781,0.7323529411764705,0.9431818181818182,0.9275971677157351,0.91796875,0.9371884346959123,0.8995215311004785,0.95075496931673,0.9760061919504643,0.9890196078431372,0.9633307868601986,0.9980570171922156
LR,0.9061403508771929,0.8845852544217595,0.9388407516116494,0.9327731092436975,0.9640802927130583,"{'C': 10.0, 'solver': 'lbfgs'}","['mfcc_mean', 'spec_skew', 'spec_kurtosis', 'wav_detail_lvl5_std', 'mfcc_var', 'mfcc_std', 'mfcc_2']",0.8333333333333334,0.7327586206896551,0.9659090909090909,0.9456549044289706,0.9137254901960784,0.9366834170854271,0.8918660287081339,0.9490915556459648,0.9713622291021672,0.984313725490196,0.9587471352177235,0.9974944180642391
LR,0.9060645450091486,0.8863048736768216,0.934025795326105,0.9343009931245225,0.9585586165388672,"{'C': 10.0, 'solver': 'lbfgs'}","['spec_kurtosis', 'NDSI', 'wav_detail_lvl5_std', 'mfcc_var', 'mfcc_std', 'wav_approx_std', 'mfcc_2']",0.8280467445742905,0.7402985074626866,0.9393939393939394,0.9350681626562164,0.9170684667309547,0.924198250728863,0.9100478468899521,0.9430156980327203,0.9730784237222005,0.9944178628389154,0.9526355996944232,0.9975919889276651
LR,0.9060603004867326,0.8856478260093846,0.9356690523099193,0.9354469060351414,0.9593208322454886,"{'C': 0.1, 'solver': 'lbfgs'}","['NDSI', 'mfcc_1', 'wav_detail_lvl5_std', 'mfcc_2']",0.8245033112582781,0.7323529411764705,0.9431818181818182,0.9285817543827084,0.9182389937106918,0.9285714285714286,0.908133971291866,0.9513709636404009,0.9754385964912281,0.9960191082802548,0.9556913674560733,0.9980097787133567
LR,0.9060519091590885,0.8852777282131283,0.9362964005378865,0.9346829640947288,0.9568330787952862,"{'C': 0.1, 'solver': 'lbfgs'}","['mfcc_mean', 'spec_skew', 'NDSI', 'mfcc_1', 'wav_detail_lvl5_std', 'mfcc_std', 'wav_approx_std', 'mfcc_2']",0.8264462809917356,0.7331378299120235,0.946969696969697,0.927705867657883,0.9175108538350217,0.9250972762645915,0.9100478468899521,0.9449325128095755,0.9741985926505082,0.9975980784627703,0.9518716577540107,0.9978608559184002
LR,0.9060519091590885,0.8852777282131283,0.9362964005378865,0.9346829640947288,0.9564416068792667,"{'C': 0.1, 'solver': 'lbfgs'}","['spec_skew', 'NDSI', 'wav_detail_lvl5_std', 'mfcc_std', 'wav_approx_std', 'mfcc_2']",0.8264462809917356,0.7331378299120235,0.946969696969697,0.9250975185815038,0.9175108538350217,0.9250972762645915,0.9100478468899521,0.9463534306165288,0.9741985926505082,0.9975980784627703,0.9518716577540107,0.9978738714397678
LR,0.9060328418213991,0.8843493370090941,0.9389316651700553,0.935064935064935,0.9639394453506195,"{'C': 10.0, 'solver': 'lbfgs'}","['spec_skew', 'spec_kurtosis', 'NDSI', 'mfcc_1', 'wav_detail_lvl5_std', 'mfcc_std', 'wav_approx_std']",0.8254486133768353,0.7249283667621776,0.9583333333333334,0.9410243484027662,0.9171539961013645,0.9344587884806356,0.9004784688995215,0.9528581843879763,0.9754959159859977,0.993660855784469,0.957983193277311,0.9979358032611162
LR,0.9060253905017994,0.8851207651516363,0.9366153798042344,0.935064935064935,0.9569747218123744,"{'C': 0.1, 'solver': 'lbfgs'}","['spec_skew', 'NDSI', 'mfcc_1', 'wav_detail_lvl5_std', 'wav_approx_std', 'mfcc_2']",0.8250825082508251,0.7309941520467836,0.946969696969697,0.927583013750715,0.9180327868852459,0.9251700680272109,0.9110047846889953,0.945502983127437,0.974960876369327,0.9991980753809142,0.9518716577540107,0.9978381685589713
LR,0.9059291388849702,0.885396178547857,0.9360496830311072,0.9362108479755539,0.9615716577805808,"{'C': 10.0, 'solver': 'lbfgs'}","['NDSI', 'wav_detail_lvl5_std', 'mfcc_var', 'wav_approx_std', 'mfcc_2']",0.8217821782178217,0.7280701754385965,0.9431818181818182,0.9346365421369065,0.9189713731198448,0.9320866141732284,0.9062200956937799,0.9520010972806598,0.977033865317244,0.996031746031746,0.9587471352177235,0.9980773339241762
LR,0.905926454162925,0.8845529912091991,0.9376584286027011,0.9331550802139037,0.9587648083069902,"{'C': 0.1, 'solver': 'lbfgs'}","['spec_skew', 'spec_kurtosis', 'wav_detail_lvl5_std', 'mfcc_std', 'mfcc_2']",0.8308702791461412,0.7333333333333333,0.9583333333333334,0.9332441094886218,0.9149246475449684,0.9298418972332015,0.9004784688995215,0.9456993740576453,0.9719844357976654,0.9904837430610627,0.9541634835752483,0.9973509413747035
LR,0.9058711613823988,0.8854466351490409,0.9357174129619951,0.9346829640947288,0.9510620129099282,"{'C': 10.0, 'solver': 'lbfgs'}","['mfcc_mean', 'spec_skew', 'mfcc_1', 'mfcc_var', 'wav_approx_std', 'mfcc_2']",0.8264462809917356,0.7331378299120235,0.946969696969697,0.9240798967552819,0.9167883211678832,0.9326732673267327,0.9014354066985646,0.9315793759814925,0.9743788819875776,0.9905288082083662,0.9587471352177235,0.9975267659930105
LR,0.9057884646335941,0.8847021303064452,0.9367791135592993,0.9331550802139037,0.9552700703222889,"{'C': 10.0, 'solver': 'lbfgs'}","['spec_kurtosis', 'NDSI', 'mfcc_1', 'wav_detail_lvl5_std', 'mfcc_var', 'mfcc_std']",0.8303130148270181,0.7346938775510204,0.9545454545454546,0.9231052592802054,0.9150897622513343,0.9281496062992126,0.9023923444976076,0.945198035503706,0.9719626168224299,0.9912629070691025,0.9533995416348358,0.9975069161829557
LR,0.9057527886383698,0.8864084954958744,0.9336477334155352,0.9362108479755539,0.9583613199642605,"{'C': 10.0, 'solver': 'lbfgs'}","['mfcc_mean', 'spec_kurtosis', 'NDSI', 'mfcc_var', 'mfcc_std', 'wav_approx_std', 'mfcc_2']",0.8219633943427621,0.7329376854599406,0.9356060606060606,0.9282936795918931,0.9184968277208394,0.9372509960159362,0.9004784688995215,0.9488528280286144,0.9767981438515081,0.9890368050117463,0.9648586707410237,0.997937452272274
LR,0.9056782030344749,0.884257488053729,0.9379614365682478,0.9327731092436975,0.9596160614057986,"{'C': 10.0, 'solver': 'lbfgs'}","['mfcc_mean', 'spec_skew', 'wav_detail_lvl5_std', 'mfcc_var', 'mfcc_2']",0.8314238952536824,0.7319884726224783,0.9621212121212122,0.9424809345599694,0.913894324853229,0.934934934934935,0.8937799043062201,0.9391403757811182,0.971716388996513,0.9858490566037735,0.957983193277311,0.9972268738763084
LR,0.9056054759504839,0.8851615973023255,0.9350981062281373,0.9343009931245225,0.9552829600830312,"{'C': 0.1, 'solver': 'lbfgs'}","['mfcc_mean', 'spec_kurtosis', 'NDSI', 'mfcc_1', 'wav_detail_lvl5_std', 'mfcc_std', 'wav_approx_std', 'mfcc_2']",0.8258706467661692,0.7345132743362832,0.9431818181818182,0.9254658015519778,0.9171483622350675,0.9233753637245393,0.9110047846889953,0.942645196212885,0.9737974188502151,0.9975961538461539,0.9511077158135982,0.9977378824842303
LR,0.9055678129522179,0.8863184864155188,0.9321816126769688,0.9312452253628725,0.9533733960207282,"{'C': 0.1, 'solver': 'lbfgs'}","['mfcc_mean', 'wav_detail_lvl5_std', 'mfcc_std', 'mfcc_2']",0.835016835016835,0.7515151515151515,0.9393939393939394,0.9272634085322315,0.9137931034482759,0.9146692233940557,0.9129186602870814,0.9360524679213765,0.9678935003915426,0.9927710843373494,0.9442322383498855,0.996804311608577
LR,0.9055598250058688,0.8851930939828505,0.9347658361590251,0.9327731092436975,0.9556867030893211,"{'C': 0.1, 'solver': 'lbfgs'}","['spec_skew', 'wav_detail_lvl5_std', 'mfcc_var', 'mfcc_std', 'wav_approx_std', 'mfcc_2']",0.8305647840531561,0.7396449704142012,0.946969696969697,0.9323860054070248,0.914975845410628,0.9239024390243903,0.9062200956937799,0.9373832149386904,0.9711388455538221,0.9920318725099602,0.9511077158135982,0.9972908889222484
LR,0.9055107613119787,0.8838506018089495,0.9381677232296428,0.9339190221543163,0.9574778079727437,"{'C': 10.0, 'solver': 'lbfgs'}","['spec_skew', 'NDSI', 'mfcc_1', 'wav_detail_lvl5_std', 'mfcc_var', 'mfcc_std', 'wav_approx_std']",0.826797385620915,0.7270114942528736,0.9583333333333334,0.9261895624921518,0.9158150851581508,0.9316831683168317,0.9004784688995215,0.9485412416130243,0.9739198131568704,0.9928571428571429,0.9556913674560733,0.9977026198130547
LR,0.9054957279767334,0.8842490613874886,0.9373367688383168,0.9331550802139037,0.9631666976962405,"{'C': 10.0, 'solver': 'lbfgs'}","['mfcc_mean', 'spec_skew', 'spec_kurtosis', 'mfcc_1', 'mfcc_var', 'mfcc_2']",0.8295081967213115,0.7312138728323699,0.9583333333333334,0.9427601133799038,0.9145090376160234,0.9341317365269461,0.8956937799043062,0.9491060284154375,0.9724699495928655,0.9874015748031496,0.957983193277311,0.9976339512933805
LR,0.9054630179092885,0.8845221009733057,0.9361060851772928,0.9343009931245225,0.954174227959878,"{'C': 0.1, 'solver': 'lbfgs'}","['mfcc_mean', 'spec_kurtosis', 'NDSI', 'mfcc_1', 'wav_detail_lvl5_std', 'wav_approx_std', 'mfcc_2']",0.8250825082508251,0.7309941520467836,0.946969696969697,0.9231973446948586,0.9171483622350675,0.9233753637245393,0.9110047846889953,0.9416992569470479,0.9741581832419733,0.9991967871485944,0.9503437738731857,0.9976260822377274
LR,0.9054433306610891,0.8843142443611042,0.9368540558169042,0.9346829640947288,0.9617908353402548,"{'C': 10.0, 'solver': 'lbfgs'}","['NDSI', 'mfcc_1', 'mfcc_var', 'mfcc_std', 'mfcc_2']",0.8243021346469622,0.7275362318840579,0.9507575757575758,0.9329886792366415,0.9169499757163672,0.9309664694280079,0.9033492822966507,0.9542455228033148,0.9750778816199377,0.9944400317712471,0.9564553093964858,0.9981383039808078
LR,0.9052612983537204,0.8846830805708777,0.9354627656485243,0.9343009931245225,0.9612541581712669,"{'C': 1.0, 'solver': 'lbfgs'}","['mfcc_mean', 'spec_kurtosis', 'NDSI', 'mfcc_1', 'mfcc_var', 'mfcc_std', 'mfcc_2']",0.8250825082508251,0.7309941520467836,0.946969696969697,0.939696735588282,0.9163424124513618,0.9317507418397626,0.9014354066985646,0.9462343898488551,0.9743589743589743,0.991304347826087,0.957983193277311,0.9978313490766633
LR,0.9052496303176779,0.8835194298839165,0.9379774078690487,0.93353705118411,0.9611356495985525,"{'C': 10.0, 'solver': 'lbfgs'}","['spec_skew', 'NDSI', 'mfcc_1', 'wav_detail_lvl5_std', 'mfcc_std', 'wav_approx_std']",0.826797385620915,0.7270114942528736,0.9583333333333334,0.9391352489258237,0.9154518950437318,0.9299111549851925,0.9014354066985646,0.9466870836669148,0.9734996102883866,0.9936356404136834,0.9541634835752483,0.9975846162029192
LR,0.9051689262650012,0.8838060112665845,0.9373367688383168,0.9331550802139037,0.9632769377254533,"{'C': 10.0, 'solver': 'lbfgs'}","['spec_skew', 'spec_kurtosis', 'mfcc_1', 'wav_detail_lvl5_std', 'mfcc_var', 'mfcc_std', 'mfcc_2']",0.8281505728314239,0.729106628242075,0.9583333333333334,0.9424601551272267,0.9145090376160234,0.9341317365269461,0.8956937799043062,0.9498470788725595,0.9728471683475562,0.9881796690307328,0.957983193277311,0.9975235791765739
LR,0.9051576973465331,0.883966621445992,0.9364601342929516,0.9327731092436975,0.9559255893784498,"{'C': 10.0, 'solver': 'lbfgs'}","['spec_kurtosis', 'NDSI', 'mfcc_1', 'wav_detail_lvl5_std', 'mfcc_var', 'mfcc_std', 'wav_approx_std']",0.8289473684210527,0.7325581395348837,0.9545454545454546,0.9246503621893906,0.9145631067961165,0.9280788177339901,0.9014354066985646,0.945536317641993,0.9719626168224299,0.9912629070691025,0.9533995416348358,0.997590088303966
LR,0.9051555998613038,0.88299504074901,0.9391889929815628,0.935064935064935,0.9591099544631935,"{'C': 0.1, 'solver': 'lbfgs'}","['mfcc_mean', 'spec_skew', 'spec_kurtosis', 'NDSI', 'mfcc_1', 'wav_detail_lvl5_std', 'wav_approx_std', 'mfcc_2']",0.8214285714285714,0.71875,0.9583333333333334,0.9299318868409047,0.9174757281553398,0.9310344827586207,0.9043062200956937,0.9494937212991772,0.9765625,0.9992006394884093,0.9549274255156608,0.9979042552494986
LR,0.9051402553761666,0.8836959960105514,0.9373016989890055,0.935064935064935,0.9610441937996527,"{'C': 0.1, 'solver': 'lbfgs'}","['spec_skew', 'spec_kurtosis', 'NDSI', 'mfcc_1', 'wav_detail_lvl5_std', 'mfcc_std', 'wav_approx_std', 'mfcc_2']",0.8216039279869067,0.723342939481268,0.9507575757575758,0.9332477377819457,0.9176356589147286,0.929342492639843,0.9062200956937799,0.951878783585722,0.9761811792268645,0.9984025559105432,0.9549274255156608,0.9980060600312903
LR,0.9050248282096948,0.8831924866133227,0.9383447477874723,0.9331550802139037,0.9617299490949991,"{'C': 10.0, 'solver': 'lbfgs'}","['spec_skew', 'spec_kurtosis', 'mfcc_1', 'wav_detail_lvl5_std', 'mfcc_var', 'mfcc_2']",0.8273615635179153,0.7257142857142858,0.9621212121212122,0.9408168103234514,0.9145090376160234,0.9341317365269461,0.8956937799043062,0.9469395165405955,0.9732038834951456,0.9897314375987362,0.9572192513368984,0.9974335204209502
LR,0.9049410905998831,0.8847823737033652,0.9334309481368305,0.93048128342246,0.9523512815227008,"{'C': 0.1, 'solver': 'lbfgs'}","['mfcc_mean', 'spec_kurtosis', 'wav_detail_lvl5_std', 'mfcc_var', 'mfcc_2']",0.8347245409015025,0.746268656716418,0.946969696969697,0.9328160879280151,0.9125840537944284,0.9161041465766635,0.9090909090909091,0.927452520232902,0.9675146771037182,0.9919743178170144,0.9442322383498855,0.9967852364071849
LR,0.9049396599132645,0.8835897600845168,0.9374250018986862,0.9358288770053476,0.9645232038411703,"{'C': 10.0, 'solver': 'lbfgs'}","['spec_skew', 'spec_kurtosis', 'NDSI', 'mfcc_1', 'mfcc_var', 'mfcc_std', 'wav_approx_std', 'mfcc_2']",0.8189233278955954,0.7191977077363897,0.9507575757575758,0.9362688123383655,0.9180487804878049,0.936318407960199,0.9004784688995215,0.959057424186455,0.9778468713563934,0.995253164556962,0.961038961038961,0.9982433749986903
LR,0.9049258892383225,0.884441041451206,0.9344468568926773,0.9323911382734912,0.9557665606014726,"{'C': 0.1, 'solver': 'lbfgs'}","['spec_skew', 'mfcc_1', 'wav_detail_lvl5_std', 'mfcc_var', 'mfcc_std', 'wav_approx_std', 'mfcc_2']",0.8291873963515755,0.7374631268436578,0.946969696969697,0.9330231136365695,0.9144514258095698,0.923828125,0.9052631578947369,0.9369918545175753,0.9711388455538221,0.9920318725099602,0.9511077158135982,0.9972847136502732
LR,0.9049197878431512,0.8835973888802314,0.9358812584044781,0.9297173414820473,0.9457097566345141,"{'C': 10.0, 'solver': 'lbfgs'}","['mfcc_mean', 'spec_skew', 'mfcc_1', 'wav_detail_lvl5_std', 'mfcc_var', 'mfcc_std', 'wav_approx_std']",0.8363636363636363,0.7419354838709677,0.9583333333333334,0.9187613058877864,0.9125,0.9169082125603865,0.908133971291866,0.9224543998410263,0.9658957271658173,0.9919484702093397,0.9411764705882353,0.9959135641747296
LR,0.9048972792055462,0.8846740577230884,0.9339348817676991,0.932009167303285,0.9557275777878819,"{'C': 1.0, 'solver': 'lbfgs'}","['mfcc_mean', 'spec_kurtosis', 'wav_detail_lvl5_std', 'mfcc_std', 'mfcc_2']",0.8305647840531561,0.7396449704142012,0.946969696969697,0.9351134212896268,0.9136760426770126,0.9262536873156342,0.9014354066985646,0.9350973504556063,0.9704510108864697,0.9881235154394299,0.9533995416348358,0.9969719616184122
LR,0.9048648329706862,0.8846099231737531,0.9336212634974245,0.9308632543926662,0.9516845409871646,"{'C': 0.1, 'solver': 'lbfgs'}","['spec_kurtosis', 'wav_detail_lvl5_std', 'mfcc_var', 'wav_approx_std', 'mfcc_2']",0.8333333333333334,0.7440476190476191,0.946969696969697,0.9283333928012714,0.9129389129389129,0.9177949709864603,0.908133971291866,0.9298260545589025,0.9683222526398123,0.9919871794871795,0.9457601222307105,0.9968941756013199
LR,0.9047927187939545,0.8836474789251249,0.9360417532244157,0.9343009931245225,0.9554532189682975,"{'C': 0.1, 'solver': 'lbfgs'}","['mfcc_mean', 'spec_skew', 'NDSI', 'mfcc_1', 'wav_detail_lvl5_std', 'wav_approx_std', 'mfcc_2']",0.8223684210526315,0.7267441860465116,0.946969696969697,0.9255940875270351,0.9170684667309547,0.924198250728863,0.9100478468899521,0.9430197377555235,0.9749412685982772,1.0,0.9511077158135982,0.9977458316223339
LR,0.9047351437939265,0.8835135201380145,0.9366610599582735,0.9346829640947288,0.9478035089304576,"{'C': 1.0, 'solver': 'lbfgs'}","['spec_skew', 'spec_kurtosis', 'NDSI', 'mfcc_1', 'wav_detail_lvl5_std', 'mfcc_std']",0.8216039279869067,0.723342939481268,0.9507575757575758,0.8993705403286695,0.9167072576716999,0.933531746031746,0.9004784688995215,0.9460849725277177,0.9758942457231726,0.9936658749010293,0.9587471352177235,0.9979550139349854
LR,0.9047320913502325,0.8836774405068457,0.9358487573657852,0.9343009931245225,0.9582028035058464,"{'C': 0.1, 'solver': 'lbfgs'}","['spec_skew', 'NDSI', 'mfcc_1', 'wav_detail_lvl5_std', 'mfcc_std', 'wav_approx_std', 'mfcc_2']",0.8223684210526315,0.7267441860465116,0.946969696969697,0.9299882403851484,0.9168278529980658,0.9266862170087976,0.907177033492823,0.9467188268011474,0.975,0.9976019184652278,0.9533995416348358,0.9979013433312438
LR,0.9047136661966323,0.8837238926619659,0.9362134167861722,0.9343009931245225,0.9633043581257196,"{'C': 10.0, 'solver': 'lbfgs'}","['mfcc_mean', 'spec_skew', 'NDSI', 'mfcc_var', 'mfcc_std', 'mfcc_2']",0.8229508196721311,0.7254335260115607,0.9507575757575758,0.9418727842034295,0.916015625,0.9351944167497508,0.8976076555023923,0.9500740153411246,0.9751745539177658,0.9905437352245863,0.9602750190985485,0.9979662748326045
LR,0.9047069192225949,0.884828192837175,0.932677616501146,0.9308632543926662,0.9527741201170755,"{'C': 0.1, 'solver': 'lbfgs'}","['spec_kurtosis', 'wav_detail_lvl5_std', 'mfcc_var', 'mfcc_std', 'wav_approx_std', 'mfcc_2']",0.8327759197324415,0.7455089820359282,0.9431818181818182,0.9303224152204282,0.913022585295531,0.916988416988417,0.9090909090909091,0.9310607576697257,0.9683222526398123,0.9919871794871795,0.9457601222307105,0.9969391874610725
LR,0.9047069192225949,0.884828192837175,0.932677616501146,0.9308632543926662,0.9525541601806079,"{'C': 0.1, 'solver': 'lbfgs'}","['spec_kurtosis', 'mfcc_1', 'wav_detail_lvl5_std', 'mfcc_var', 'wav_approx_std', 'mfcc_2']",0.8327759197324415,0.7455089820359282,0.9431818181818182,0.9306879203786942,0.913022585295531,0.916988416988417,0.9090909090909091,0.9300672312478151,0.9683222526398123,0.9919871794871795,0.9457601222307105,0.9969073289153141
LR,0.9046967300263825,0.8843001103459942,0.9339375622657355,0.9316271963330787,0.956716771953487,"{'C': 0.1, 'solver': 'lbfgs'}","['spec_skew', 'mfcc_1', 'wav_detail_lvl5_std', 'mfcc_var', 'mfcc_2']",0.8305647840531561,0.7396449704142012,0.946969696969697,0.9361682799987479,0.9135683244809271,0.9220272904483431,0.9052631578947369,0.9367674072080859,0.9699570815450643,0.9912280701754386,0.9495798319327731,0.9972146286536273
LR,0.904671754408163,0.885217366245194,0.9319216043674249,0.9316271963330787,0.9543710013721491,"{'C': 0.1, 'solver': 'lbfgs'}","['wav_detail_lvl5_std', 'mfcc_std', 'wav_approx_std', 'mfcc_2']",0.830820770519263,0.7447447447447447,0.9393939393939394,0.9220205123720031,0.9135683244809271,0.9220272904483431,0.9052631578947369,0.9438034802204844,0.969626168224299,0.988880063542494,0.9511077158135982,0.9972890115239598
LR,0.9046684892490666,0.8839608952986695,0.9348434589146665,0.9339190221543163,0.9535115505909633,"{'C': 0.1, 'solver': 'lbfgs'}","['mfcc_mean', 'spec_kurtosis', 'NDSI', 'wav_detail_lvl5_std', 'mfcc_std', 'wav_approx_std', 'mfcc_2']",0.8231404958677686,0.7302052785923754,0.9431818181818182,0.9207875113930563,0.9167067886374579,0.9224806201550387,0.9110047846889953,0.9420782923093507,0.9741581832419733,0.9991967871485944,0.9503437738731857,0.9976688480704827
LR,0.9046448250922242,0.8841384914844195,0.9341922095792065,0.932009167303285,0.9555069763776428,"{'C': 0.1, 'solver': 'lbfgs'}","['spec_skew', 'mfcc_1', 'wav_detail_lvl5_std', 'mfcc_var', 'wav_approx_std', 'mfcc_2']",0.8291873963515755,0.7374631268436578,0.946969696969697,0.9328261091368129,0.9140096618357488,0.9229268292682927,0.9052631578947369,0.936431214346537,0.9707374170893485,0.9920255183413078,0.9503437738731857,0.9972636056495786
LR,0.9046247097675287,0.8841529435831227,0.9341278776263297,0.932009167303285,0.9548009299334832,"{'C': 0.1, 'solver': 'lbfgs'}","['spec_skew', 'wav_detail_lvl5_std', 'mfcc_var', 'wav_approx_std', 'mfcc_2']",0.8291873963515755,0.7374631268436578,0.946969696969697,0.9305201803464804,0.913926499032882,0.9237536656891495,0.9043062200956937,0.9366242944296282,0.9707602339181286,0.9912420382165605,0.9511077158135982,0.9972583150243408
LR,0.9045774246813857,0.8830883255665606,0.9367924043620638,0.9343009931245225,0.96051440060532,"{'C': 0.1, 'solver': 'lbfgs'}","['mfcc_mean', 'spec_skew', 'spec_kurtosis', 'NDSI', 'mfcc_1', 'wav_detail_lvl5_std', 'mfcc_std', 'wav_approx_std', 'mfcc_2']",0.8216039279869067,0.723342939481268,0.9507575757575758,0.9320328713583869,0.9167473378509197,0.9275220372184133,0.9062200956937799,0.9515020171577012,0.9753810082063306,0.9984,0.9533995416348358,0.9980083132998723
LR,0.9045774246813857,0.8830883255665606,0.9367924043620638,0.9343009931245225,0.9617049092794921,"{'C': 0.1, 'solver': 'lbfgs'}","['spec_skew', 'spec_kurtosis', 'NDSI', 'wav_detail_lvl5_std', 'mfcc_var', 'mfcc_std', 'wav_approx_std', 'mfcc_2']",0.8216039279869067,0.723342939481268,0.9507575757575758,0.9350412035466634,0.9167473378509197,0.9275220372184133,0.9062200956937799,0.952033275184778,0.9753810082063306,0.9984,0.9533995416348358,0.9980402491070349
LR,0.9045574893470242,0.8831506314829554,0.9371570637824508,0.9343009931245225,0.9664273059838138,"{'C': 1.0, 'solver': 'lbfgs'}","['mfcc_mean', 'spec_skew', 'spec_kurtosis', 'NDSI', 'mfcc_var', 'wav_approx_std', 'mfcc_2']",0.8221859706362153,0.7220630372492837,0.9545454545454546,0.9405128890457686,0.9159335288367546,0.936063936063936,0.8966507177033493,0.9604373832308121,0.9755529685681025,0.9913249211356467,0.9602750190985485,0.9983316456748605
LR,0.9045199758428025,0.8831193054019683,0.9369534576190923,0.9327731092436975,0.9641928270418029,"{'C': 10.0, 'solver': 'lbfgs'}","['mfcc_mean', 'spec_skew', 'spec_kurtosis', 'mfcc_1', 'mfcc_var', 'mfcc_std', 'mfcc_2']",0.826797385620915,0.7270114942528736,0.9583333333333334,0.944545088856874,0.913894324853229,0.934934934934935,0.8937799043062201,0.9503502606727694,0.9728682170542635,0.987411487018096,0.9587471352177235,0.9976831315957654
LR,0.904507322900244,0.8843102267403449,0.9335165006991631,0.93353705118411,0.9581421688244083,"{'C': 0.1, 'solver': 'lbfgs'}","['spec_kurtosis', 'NDSI', 'mfcc_1', 'wav_detail_lvl5_std', 'mfcc_std', 'mfcc_2']",0.8239202657807309,0.7337278106508875,0.9393939393939394,0.9314470804128694,0.9161849710982659,0.9224054316197866,0.9100478468899521,0.9452316022473236,0.9734167318217357,0.9967974379503602,0.9511077158135982,0.9977478238130321
LR,0.904507322900244,0.8843102267403449,0.9335165006991631,0.93353705118411,0.9561664644686402,"{'C': 0.1, 'solver': 'lbfgs'}","['spec_kurtosis', 'NDSI', 'wav_detail_lvl5_std', 'mfcc_var', 'wav_approx_std', 'mfcc_2']",0.8239202657807309,0.7337278106508875,0.9393939393939394,0.9269750963959102,0.9161849710982659,0.9224054316197866,0.9100478468899521,0.9438154313039373,0.9734167318217357,0.9967974379503602,0.9511077158135982,0.9977088657060731
LR,0.9044459072193115,0.8824652508118073,0.9376611091007376,0.9327731092436975,0.9642460984646216,"{'C': 10.0, 'solver': 'lbfgs'}","['mfcc_mean', 'spec_skew', 'NDSI', 'mfcc_1', 'mfcc_var', 'mfcc_std']",0.8254486133768353,0.7249283667621776,0.9583333333333334,0.950617607287856,0.9152542372881356,0.9264705882352942,0.9043062200956937,0.9443182989352895,0.9726348709929633,0.9959967974379503,0.9503437738731857,0.9978023891707193
LR,0.9044405208682235,0.882780601145784,0.9373878099884291,0.932009167303285,0.9635558062942241,"{'C': 1.0, 'solver': 'lbfgs'}","['mfcc_mean', 'spec_skew', 'spec_kurtosis', 'mfcc_1', 'wav_detail_lvl5_std', 'mfcc_var', 'mfcc_2']",0.8287112561174551,0.7277936962750716,0.9621212121212122,0.9449752218510233,0.9129158512720157,0.933933933933934,0.8928229665071771,0.9482017118425967,0.9716944552151997,0.9866141732283464,0.9572192513368984,0.9974904851890519
LR,0.9043633812983841,0.8824750157783611,0.9374681132421071,0.9327731092436975,0.9439962157741523,"{'C': 1.0, 'solver': 'lbfgs'}","['spec_kurtosis', 'NDSI', 'mfcc_1', 'wav_detail_lvl5_std', 'mfcc_std']",0.8254486133768353,0.7249283667621776,0.9583333333333334,0.8963730749454154,0.9145631067961165,0.9280788177339901,0.9014354066985646,0.9380049341552166,0.9730784237222005,0.9944178628389154,0.9526355996944232,0.9976106382218249
LR,0.9043596458047679,0.8827287457791209,0.9371597442804873,0.9339190221543163,0.9606988670103576,"{'C': 10.0, 'solver': 'lbfgs'}","['spec_skew', 'spec_kurtosis', 'mfcc_1', 'mfcc_var', 'wav_approx_std', 'mfcc_2']",0.8221859706362153,0.7220630372492837,0.9545454545454546,0.9365730514333537,0.9158150851581508,0.9316831683168317,0.9004784688995215,0.9478820111912434,0.9750778816199377,0.9944400317712471,0.9564553093964858,0.9976415384064757
LR,0.904347655697082,0.882439672727597,0.9378620347660594,0.9346829640947288,0.9599220648186241,"{'C': 0.1, 'solver': 'lbfgs'}","['spec_skew', 'spec_kurtosis', 'NDSI', 'mfcc_1', 'wav_detail_lvl5_std', 'wav_approx_std', 'mfcc_2']",0.8195121951219512,0.717948717948718,0.9545454545454546,0.9309096130125356,0.9169499757163672,0.9309664694280079,0.9033492822966507,0.9509082744153434,0.9765807962529274,0.9984038308060654,0.9556913674560733,0.9979483070279933
LR,0.9043266038134105,0.8849488730346899,0.9312246748779257,0.9300993124522536,0.9548173730650057,"{'C': 0.1, 'solver': 'lbfgs'}","['mfcc_mean', 'mfcc_1', 'wav_detail_lvl5_std', 'mfcc_std', 'mfcc_2']",0.8336134453781513,0.7492447129909365,0.9393939393939394,0.9299833881152363,0.9122302158273381,0.9144230769230769,0.9100478468899521,0.9376499047157034,0.9671361502347418,0.9911788291900562,0.9442322383498855,0.9968188263640774
LR,0.9043234262946739,0.8823555122340547,0.9377227605555779,0.9331550802139037,0.9456833955355153,"{'C': 1.0, 'solver': 'lbfgs'}","['spec_skew', 'NDSI', 'mfcc_1', 'wav_detail_lvl5_std', 'mfcc_std']",0.8241042345276873,0.7228571428571429,0.9583333333333334,0.8997928973403118,0.9150072850898494,0.9289940828402367,0.9014354066985646,0.939571716016513,0.9738587592664846,0.9952153110047847,0.9533995416348358,0.9976855732497212
LR,0.9043186081898376,0.8858771128463075,0.930243165846881,0.9354469060351414,0.9553492758190435,"{'C': 10.0, 'solver': 'lbfgs'}","['mfcc_mean', 'spec_kurtosis', 'NDSI', 'mfcc_1', 'mfcc_var', 'wav_approx_std', 'mfcc_2']",0.8187919463087249,0.7349397590361446,0.9242424242424242,0.9212577821538503,0.9177615571776155,0.9336633663366337,0.9023923444976076,0.9468563330610472,0.9764023210831722,0.9890282131661442,0.9640947288006112,0.9979337122422327
LR,0.9043136726679823,0.8837308679797452,0.9348997493734337,0.935064935064935,0.9627776495395427,"{'C': 10.0, 'solver': 'lbfgs'}","['mfcc_mean', 'NDSI', 'mfcc_var', 'mfcc_2']",0.819078947368421,0.7238372093023255,0.9431818181818182,0.9355201656523308,0.9171539961013645,0.9344587884806356,0.9004784688995215,0.9546153908560591,0.9767080745341615,0.9928966061562746,0.961038961038961,0.9981973921102384
LR,0.9042866477815209,0.884754773175314,0.9315436541442734,0.93048128342246,0.9533809944645455,"{'C': 0.1, 'solver': 'lbfgs'}","['mfcc_mean', 'mfcc_1', 'wav_detail_lvl5_std', 'mfcc_2']",0.8322147651006712,0.7469879518072289,0.9393939393939394,0.9288974451224422,0.912751677852349,0.914505283381364,0.9110047846889953,0.9345158768548224,0.9678935003915426,0.9927710843373494,0.9442322383498855,0.996729661416372
LR,0.9042862587189768,0.8835316950052979,0.9350794544292996,0.9339190221543163,0.9610672555355646,"{'C': 10.0, 'solver': 'lbfgs'}","['mfcc_mean', 'spec_kurtosis', 'NDSI', 'mfcc_var', 'mfcc_std', 'mfcc_2']",0.8223684210526315,0.7267441860465116,0.946969696969697,0.9379656822925764,0.9157330735509012,0.9325396825396826,0.8995215311004785,0.9473858764415456,0.974757281553398,0.9913112164296999,0.9587471352177235,0.9978502078725717
LR,0.9042546491789554,0.8828689241579566,0.936838084516103,0.9339190221543163,0.9625729007069483,"{'C': 10.0, 'solver': 'lbfgs'}","['mfcc_mean', 'spec_skew', 'NDSI', 'mfcc_1', 'mfcc_var', 'mfcc_std', 'mfcc_2']",0.8221859706362153,0.7220630372492837,0.9545454545454546,0.940107458230043,0.9154034229828851,0.936,0.8956937799043062,0.9496383345403281,0.9751745539177658,0.9905437352245863,0.9602750190985485,0.9979729093504738
LR,0.904248070458781,0.8838416204023251,0.9333666161839537,0.93048128342246,0.9530058024829007,"{'C': 0.1, 'solver': 'lbfgs'}","['mfcc_mean', 'spec_kurtosis', 'mfcc_1', 'wav_detail_lvl5_std', 'mfcc_2']",0.831946755407654,0.7418397626112759,0.946969696969697,0.9316639688747899,0.9125,0.9169082125603865,0.908133971291866,0.9305736482556003,0.9682974559686889,0.992776886035313,0.944996180290298,0.9967797903183119
LR,0.9041929351201506,0.8832236195676598,0.9350204834724959,0.9331550802139037,0.9503864489919583,"{'C': 1.0, 'solver': 'lbfgs'}","['spec_kurtosis', 'NDSI', 'mfcc_1', 'mfcc_std']",0.8237232289950577,0.7288629737609329,0.946969696969697,0.9174648309303265,0.915418076365394,0.9248046875,0.9062200956937799,0.9359031378918918,0.9734375,0.9960031974420464,0.9518716577540107,0.9977913781536566
LR,0.904118580057896,0.8834050074905031,0.9353314212447339,0.9346829640947288,0.9615011477935332,"{'C': 10.0, 'solver': 'lbfgs'}","['mfcc_mean', 'spec_skew', 'NDSI', 'mfcc_var', 'wav_approx_std', 'mfcc_2']",0.819672131147541,0.7225433526011561,0.946969696969697,0.9351365840823722,0.9162995594713657,0.9378757515030061,0.8956937799043062,0.951328307752813,0.9763840495547813,0.9897959183673469,0.9633307868601986,0.9980385515454147
LR,0.9041181816431235,0.8836881867283761,0.9341358074330212,0.9339190221543163,0.9609746395490744,"{'C': 1.0, 'solver': 'lbfgs'}","['mfcc_mean', 'spec_kurtosis', 'NDSI', 'mfcc_1', 'mfcc_var', 'mfcc_2']",0.8217821782178217,0.7280701754385965,0.9431818181818182,0.9391047453417397,0.9158150851581508,0.9316831683168317,0.9004784688995215,0.9459999573140324,0.974757281553398,0.9913112164296999,0.9587471352177235,0.997819215991451
LR,0.9041136226021892,0.8868020247348857,0.9272783116436366,0.9331550802139037,0.9545916366456152,"{'C': 10.0, 'solver': 'lbfgs'}","['mfcc_1', 'mfcc_var', 'mfcc_std', 'wav_approx_std', 'mfcc_2']",0.8245315161839863,0.7492260061919505,0.9166666666666666,0.9216929690395351,0.9158249158249159,0.9206963249516441,0.9110047846889953,0.9445132883442656,0.9719844357976654,0.9904837430610627,0.9541634835752483,0.9975686525530449
LR,0.9041085202168726,0.8847252300984239,0.9314362108479756,0.93353705118411,0.957955469740023,"{'C': 1.0, 'solver': 'lbfgs'}","['spec_kurtosis', 'NDSI', 'mfcc_1', 'wav_detail_lvl5_std', 'mfcc_var', 'mfcc_std', 'wav_approx_std', 'mfcc_2']",0.822742474916388,0.7365269461077845,0.9318181818181818,0.9336286643374869,0.9161041465766635,0.923226433430515,0.9090909090909091,0.9425517786982098,0.9734789391575663,0.9944223107569721,0.9533995416348358,0.9976859661843722
LR,0.9040711633198592,0.8839299591966766,0.9333341151452608,0.935064935064935,0.9576786095238138,"{'C': 0.1, 'solver': 'lbfgs'}","['mfcc_mean', 'NDSI', 'mfcc_1', 'wav_detail_lvl5_std', 'mfcc_std', 'wav_approx_std', 'mfcc_2']",0.8178807947019867,0.7264705882352941,0.9356060606060606,0.9235653107183565,0.9177153920619555,0.9285014691478942,0.907177033492823,0.9514162283166657,0.9766173031956352,0.9968178202068417,0.9572192513368984,0.9980542895364191
LR,0.9040692984592362,0.8840596580457061,0.9323586372347982,0.93048128342246,0.9529672964110126,"{'C': 0.1, 'solver': 'lbfgs'}","['spec_kurtosis', 'mfcc_1', 'wav_detail_lvl5_std', 'mfcc_var', 'mfcc_std', 'wav_approx_std', 'mfcc_2']",0.8313856427378965,0.7432835820895523,0.9431818181818182,0.9310610525862868,0.9125,0.9169082125603865,0.908133971291866,0.9309045559997857,0.9683222526398123,0.9919871794871795,0.9457601222307105,0.996936280646965
LR,0.9040669063328203,0.8828222229321293,0.9357844254129084,0.9343009931245225,0.9638557258856125,"{'C': 0.1, 'solver': 'lbfgs'}","['spec_skew', 'spec_kurtosis', 'NDSI', 'mfcc_var', 'mfcc_std', 'mfcc_2']",0.819672131147541,0.7225433526011561,0.946969696969697,0.9401534645243194,0.9167473378509197,0.9275220372184133,0.9062200956937799,0.9533092888117055,0.97578125,0.9984012789768185,0.9541634835752483,0.9981044243208126
LR,0.9040626520525031,0.8835474721770972,0.9336185829993879,0.9312452253628725,0.9570093723451233,"{'C': 0.1, 'solver': 'lbfgs'}","['spec_skew', 'mfcc_1', 'wav_detail_lvl5_std', 'mfcc_var', 'mfcc_std', 'mfcc_2']",0.8291873963515755,0.7374631268436578,0.946969696969697,0.9363197632483365,0.9130434782608695,0.9219512195121952,0.9043062200956937,0.9374656594767888,0.9699570815450643,0.9912280701754386,0.9495798319327731,0.9972426943102446
LR,0.9040613756523213,0.8823525947037645,0.9367658227565349,0.932009167303285,0.9557671664186009,"{'C': 10.0, 'solver': 'lbfgs'}","['spec_skew', 'NDSI', 'mfcc_1', 'wav_detail_lvl5_std', 'mfcc_var', 'mfcc_std']",0.826797385620915,0.7270114942528736,0.9583333333333334,0.9245282394630746,0.9134241245136187,0.9287833827893175,0.8985645933014355,0.9451878522527603,0.9719626168224299,0.9912629070691025,0.9533995416348358,0.9975854075399678
LR,0.9040369357912658,0.8826821580033388,0.9350529845111888,0.9285714285714286,0.945999575954317,"{'C': 10.0, 'solver': 'lbfgs'}","['mfcc_mean', 'spec_skew', 'mfcc_1', 'wav_detail_lvl5_std', 'mfcc_var', 'mfcc_std']",0.8363636363636363,0.7419354838709677,0.9583333333333334,0.9234466072230615,0.9106628242074928,0.914175506268081,0.907177033492823,0.9189262133934543,0.9650843468026677,0.9919354838709677,0.9396485867074102,0.9956259072464354
LR,0.9040013176925615,0.88231651880032,0.9364628147909881,0.9323911382734912,0.9621995554814795,"{'C': 10.0, 'solver': 'lbfgs'}","['mfcc_mean', 'spec_kurtosis', 'NDSI', 'mfcc_1', 'mfcc_std']",0.8248772504091653,0.7262247838616714,0.9545454545454546,0.9462134644728218,0.9148936170212766,0.9247311827956989,0.9052631578947369,0.9427277869165405,0.9722330856472429,0.9959935897435898,0.9495798319327731,0.9976574150550763
LR,0.9039566614749512,0.8823075344183139,0.9368274742113751,0.9323911382734912,0.9650624829635653,"{'C': 1.0, 'solver': 'lbfgs'}","['mfcc_mean', 'spec_skew', 'spec_kurtosis', 'mfcc_var', 'mfcc_std', 'mfcc_2']",0.8254486133768353,0.7249283667621776,0.9583333333333334,0.946730019078601,0.9136163982430454,0.9322709163346613,0.8956937799043062,0.9508203040047629,0.9728049728049728,0.9897233201581027,0.9564553093964858,0.997637125807332
LR,0.9039499137250755,0.8828253060267164,0.9351842172275608,0.9312452253628725,0.9561130683796696,"{'C': 1.0, 'solver': 'lbfgs'}","['mfcc_mean', 'spec_kurtosis', 'mfcc_1', 'wav_detail_lvl5_std', 'mfcc_std', 'mfcc_2']",0.8289473684210527,0.7325581395348837,0.9545454545454546,0.936455978499964,0.9124513618677043,0.9277942631058358,0.8976076555023923,0.934912063751198,0.9704510108864697,0.9881235154394299,0.9533995416348358,0.9969711628878467
LR,0.9038960167888289,0.8829749017626471,0.9348407784166298,0.9343009931245225,0.9642281604859134,"{'C': 0.1, 'solver': 'lbfgs'}","['spec_skew', 'spec_kurtosis', 'NDSI', 'mfcc_var', 'mfcc_2']",0.819078947368421,0.7238372093023255,0.9431818181818182,0.9423719042496655,0.9168278529980658,0.9266862170087976,0.907177033492823,0.952271434339706,0.97578125,0.9984012789768185,0.9541634835752483,0.9980411428683689
LR,0.9038669717696642,0.8826285819508382,0.9354037946917204,0.93353705118411,0.9550894083106835,"{'C': 0.1, 'solver': 'lbfgs'}","['mfcc_mean', 'spec_skew', 'NDSI', 'wav_detail_lvl5_std', 'mfcc_std', 'wav_approx_std', 'mfcc_2']",0.8210180623973727,0.7246376811594203,0.946969696969697,0.9235213331905462,0.916023166023166,0.9240506329113924,0.908133971291866,0.9439438862857505,0.974559686888454,0.9991974317817014,0.9511077158135982,0.9978030054557536
LR,0.903839884569073,0.8821714767463756,0.9368540558169042,0.9346829640947288,0.959434641101648,"{'C': 0.1, 'solver': 'lbfgs'}","['spec_skew', 'spec_kurtosis', 'NDSI', 'wav_detail_lvl5_std', 'mfcc_std', 'wav_approx_std', 'mfcc_2']",0.8175895765472313,0.7171428571428572,0.9507575757575758,0.928603076164517,0.9169499757163672,0.9309664694280079,0.9033492822966507,0.9517159083152007,0.9769801014436208,0.9984051036682615,0.9564553093964858,0.9979849388252262
LR,0.9038315974024348,0.8834120921997225,0.9334521687462866,0.93353705118411,0.9551100142115643,"{'C': 0.1, 'solver': 'lbfgs'}","['spec_kurtosis', 'NDSI', 'wav_detail_lvl5_std', 'mfcc_std', 'wav_approx_std', 'mfcc_2']",0.8211920529801324,0.7294117647058823,0.9393939393939394,0.9228117996926848,0.9161041465766635,0.923226433430515,0.9090909090909091,0.9447902487503376,0.9741985926505082,0.9975980784627703,0.9518716577540107,0.9977279941916707
LR,0.9038278497469993,0.8844249686780262,0.9311815635345048,0.9331550802139037,0.9573964323941454,"{'C': 1.0, 'solver': 'lbfgs'}","['spec_kurtosis', 'NDSI', 'mfcc_1', 'wav_detail_lvl5_std', 'mfcc_var', 'wav_approx_std', 'mfcc_2']",0.822742474916388,0.7365269461077845,0.9318181818181818,0.9328145447654878,0.9156626506024096,0.9223300970873787,0.9090909090909091,0.9417309409812306,0.9730784237222005,0.9944178628389154,0.9526355996944232,0.9976438114357179
LR,0.9038113230010995,0.8834216518569707,0.9333878367934095,0.93353705118411,0.9562690452931731,"{'C': 0.1, 'solver': 'lbfgs'}","['mfcc_mean', 'NDSI', 'wav_detail_lvl5_std', 'mfcc_var', 'wav_approx_std', 'mfcc_2']",0.8211920529801324,0.7294117647058823,0.9393939393939394,0.9212598303576934,0.916023166023166,0.9240506329113924,0.908133971291866,0.9495417791158277,0.97421875,0.996802557953637,0.9526355996944232,0.9980055264059986
LR,0.9037930894884066,0.8841210225992017,0.9314766416933599,0.9308632543926662,0.9533414544304671,"{'C': 1.0, 'solver': 'lbfgs'}","['spec_kurtosis', 'wav_detail_lvl5_std', 'mfcc_var', 'mfcc_std', 'mfcc_2']",0.8294314381270903,0.7425149700598802,0.9393939393939394,0.9371200088808023,0.9127710843373494,0.9194174757281554,0.9062200956937799,0.9258862278652844,0.9691767460007803,0.9904306220095693,0.9488158899923606,0.9970181265453146
LR,0.9037796448548202,0.8818807924981126,0.9368944866622885,0.932009167303285,0.9615598877676214,"{'C': 10.0, 'solver': 'lbfgs'}","['spec_skew', 'spec_kurtosis', 'mfcc_1', 'mfcc_var', 'mfcc_2']",0.8254486133768353,0.7249283667621776,0.9583333333333334,0.942961616723843,0.9135922330097087,0.9270935960591133,0.9004784688995215,0.9443556179558628,0.9722980881779165,0.9936204146730463,0.9518716577540107,0.9973624286231582
LR,0.9037653736437908,0.8837444989130382,0.932243264131809,0.9316271963330787,0.9521602973595163,"{'C': 0.1, 'solver': 'lbfgs'}","['mfcc_mean', 'wav_detail_lvl5_std', 'mfcc_std', 'wav_approx_std', 'mfcc_2']",0.8266666666666667,0.7380952380952381,0.9393939393939394,0.9197680629327747,0.9139836617011052,0.917953667953668,0.9100478468899521,0.9396020196858366,0.9706457925636007,0.9951845906902087,0.9472880061115355,0.997110809459938
LR,0.9037614347336077,0.8832587912852032,0.9332996037330403,0.9308632543926662,0.9567703105987801,"{'C': 0.1, 'solver': 'lbfgs'}","['spec_skew', 'wav_detail_lvl5_std', 'mfcc_var', 'mfcc_std', 'mfcc_2']",0.8291873963515755,0.7374631268436578,0.946969696969697,0.9356539292699626,0.9125181246979217,0.921875,0.9033492822966507,0.9374198537563103,0.9695787831513261,0.9904382470119522,0.9495798319327731,0.9972371487700674
LR,0.903759012262153,0.8820668520053977,0.9364468434901871,0.9316271963330787,0.9590048211697534,"{'C': 0.1, 'solver': 'lbfgs'}","['spec_skew', 'spec_kurtosis', 'mfcc_1', 'wav_detail_lvl5_std', 'mfcc_2']",0.826797385620915,0.7270114942528736,0.9583333333333334,0.934772115892136,0.9128953771289537,0.9287128712871288,0.8976076555023923,0.9449496974819517,0.9715842740365901,0.9904761904761905,0.9533995416348358,0.9972926501351729
LR,0.9037020545950281,0.8834309898139686,0.9324740103377875,0.9293353705118411,0.9533105628026468,"{'C': 0.1, 'solver': 'lbfgs'}","['spec_kurtosis', 'wav_detail_lvl5_std', 'mfcc_var', 'mfcc_2']",0.8333333333333334,0.7440476190476191,0.946969696969697,0.9327682519013057,0.911014911014911,0.9158607350096711,0.9062200956937799,0.9303845094308681,0.9667579194368401,0.9903846153846154,0.9442322383498855,0.9967789270757665
LR,0.9036416042943262,0.8829655464674689,0.9337445664071051,0.9316271963330787,0.9536416387640566,"{'C': 0.1, 'solver': 'lbfgs'}","['spec_skew', 'wav_detail_lvl5_std', 'mfcc_std', 'wav_approx_std', 'mfcc_2']",0.8264462809917356,0.7331378299120235,0.946969696969697,0.9253464462795162,0.913317191283293,0.9245098039215687,0.9023923444976076,0.9382756906120114,0.9711613406079501,0.9912490055688147,0.9518716577540107,0.9973027794006419
LR,0.9036230604551813,0.88262337081072,0.9338546902014394,0.9281894576012223,0.9428582811761976,"{'C': 10.0, 'solver': 'lbfgs'}","['mfcc_mean', 'spec_kurtosis', 'mfcc_1', 'wav_detail_lvl5_std', 'mfcc_var', 'mfcc_std', 'wav_approx_std']",0.835820895522388,0.7433628318584071,0.9545454545454546,0.9178446102376648,0.9107485604606526,0.9133782483156881,0.908133971291866,0.9150433993617115,0.964299725382503,0.9911290322580645,0.9388846447669977,0.9956868339292163
LR,0.9036130506662524,0.8830832364825266,0.933047636917606,0.9300993124522536,0.9496158499570447,"{'C': 0.1, 'solver': 'lbfgs'}","['mfcc_mean', 'spec_kurtosis', 'wav_detail_lvl5_std', 'mfcc_std', 'wav_approx_std', 'mfcc_2']",0.8305647840531561,0.7396449704142012,0.946969696969697,0.9221672630839469,0.911976911976912,0.9168278529980658,0.907177033492823,0.9297943355944162,0.9682974559686889,0.992776886035313,0.944996180290298,0.9968859511927711
LR,0.9035704233295782,0.88283273738938,0.934961400828274,0.9354469060351414,0.9610470295098201,"{'C': 10.0, 'solver': 'lbfgs'}","['mfcc_mean', 'NDSI', 'mfcc_1', 'mfcc_2']",0.8150572831423896,0.7175792507204611,0.9431818181818182,0.9314855493490442,0.917359413202934,0.938,0.8976076555023923,0.9534806842219873,0.9782945736434109,0.992918961447679,0.9640947288006112,0.998174854958429
LR,0.9035665126913027,0.8824928554280856,0.9347015042061481,0.9327731092436975,0.950442549883078,"{'C': 1.0, 'solver': 'lbfgs'}","['spec_kurtosis', 'NDSI', 'mfcc_1', 'mfcc_var', 'mfcc_std']",0.8223684210526315,0.7267441860465116,0.946969696969697,0.9181071585856259,0.9148936170212766,0.9247311827956989,0.9052631578947369,0.9354020186876413,0.9734375,0.9960031974420464,0.9518716577540107,0.9978184723759668
LR,0.9035264562435071,0.8829585302247386,0.9335165006991631,0.93353705118411,0.955656055290827,"{'C': 0.1, 'solver': 'lbfgs'}","['spec_kurtosis', 'NDSI', 'mfcc_1', 'wav_detail_lvl5_std', 'wav_approx_std', 'mfcc_2']",0.8198347107438017,0.7272727272727273,0.9393939393939394,0.9249633373327338,0.9161849710982659,0.9224054316197866,0.9100478468899521,0.9442891858335625,0.974559686888454,0.9991974317817014,0.9511077158135982,0.9977156427061844
LR,0.9035126604166274,0.8845089515876633,0.930803501623935,0.935064935064935,0.9565446698083431,"{'C': 10.0, 'solver': 'lbfgs'}","['mfcc_mean', 'spec_kurtosis', 'NDSI', 'mfcc_1', 'mfcc_var', 'mfcc_std', 'wav_approx_std', 'mfcc_2']",0.8166666666666667,0.7291666666666666,0.928030303030303,0.9239737821388431,0.9170731707317074,0.9353233830845771,0.8995215311004785,0.9477392991301322,0.9767981438515081,0.9890368050117463,0.9648586707410237,0.9979209281560542
LR,0.9035125965019505,0.8835015271616459,0.9324415092990944,0.9339190221543163,0.9598529906805066,"{'C': 0.1, 'solver': 'lbfgs'}","['NDSI', 'mfcc_1', 'wav_detail_lvl5_std', 'mfcc_std', 'mfcc_2']",0.8192371475953566,0.7286135693215339,0.9356060606060606,0.9287615763199867,0.9162227602905569,0.9274509803921569,0.9052631578947369,0.9527125270777913,0.9750778816199377,0.9944400317712471,0.9564553093964858,0.9980848686437416
LR,0.9035079196141919,0.883465908776313,0.9318493426078566,0.9297173414820473,0.9539574230306581,"{'C': 0.1, 'solver': 'lbfgs'}","['spec_kurtosis', 'mfcc_1', 'wav_detail_lvl5_std', 'mfcc_var', 'mfcc_std', 'mfcc_2']",0.8313856427378965,0.7432835820895523,0.9431818181818182,0.9340551353467997,0.9116234390009607,0.9151398264223722,0.908133971291866,0.930962245559553,0.9675146771037182,0.9919743178170144,0.9442322383498855,0.9968548881856221
LR,0.9034794320651661,0.8840030992722513,0.9309136254182695,0.9316271963330787,0.9547557949695182,"{'C': 10.0, 'solver': 'lbfgs'}","['mfcc_1', 'wav_detail_lvl5_std', 'wav_approx_std', 'mfcc_2']",0.8260869565217391,0.7395209580838323,0.9356060606060606,0.9321004645556359,0.9135683244809271,0.9220272904483431,0.9052631578947369,0.9348856322010363,0.970783015192832,0.9904610492845787,0.9518716577540107,0.9972812881518827
LR,0.9034601497279189,0.8819611321794292,0.9370900513315373,0.9346829640947288,0.966375121214656,"{'C': 10.0, 'solver': 'lbfgs'}","['mfcc_mean', 'spec_skew', 'spec_kurtosis', 'NDSI', 'mfcc_1', 'mfcc_std', 'mfcc_2']",0.8168557536466775,0.7138810198300283,0.9545454545454546,0.9391486209458904,0.9159705159705159,0.9414141414141414,0.8918660287081339,0.9616384052108965,0.9775541795665634,0.9905882352941177,0.9648586707410237,0.9983383374871813
LR,0.9034502655507525,0.8827865095929073,0.9333639356859171,0.9308632543926662,0.9566938654764021,"{'C': 0.1, 'solver': 'lbfgs'}","['mfcc_mean', 'spec_skew', 'mfcc_1', 'wav_detail_lvl5_std', 'mfcc_std', 'mfcc_2']",0.8278145695364238,0.7352941176470589,0.946969696969697,0.9346062004821376,0.9126026074360213,0.9210526315789473,0.9043062200956937,0.938247611015922,0.9699336196798126,0.9920127795527156,0.9488158899923606,0.9972277849311466
LR,0.9034346407331612,0.8813853413047733,0.9376424573019001,0.9323911382734912,0.9636847139251644,"{'C': 10.0, 'solver': 'lbfgs'}","['spec_skew', 'spec_kurtosis', 'wav_detail_lvl5_std', 'mfcc_var', 'mfcc_std', 'mfcc_2']",0.8233387358184765,0.7195467422096318,0.9621212121212122,0.9452159663434415,0.9133627019089574,0.9348697394789579,0.8928229665071771,0.9483138846449652,0.9736024844720497,0.98973954222573,0.957983193277311,0.997524290787086
LR,0.9034180914026214,0.8818693618063045,0.9365323960525199,0.9346829640947288,0.9637625593768603,"{'C': 10.0, 'solver': 'lbfgs'}","['spec_skew', 'spec_kurtosis', 'NDSI', 'mfcc_1', 'mfcc_var', 'wav_approx_std', 'mfcc_2']",0.816260162601626,0.7150997150997151,0.9507575757575758,0.9345351254281995,0.9165446559297218,0.9352589641434262,0.8985645933014355,0.9585400597380718,0.9774494556765163,0.995249406175772,0.9602750190985485,0.9982124929643094
LR,0.9034017001680236,0.8828569625253114,0.9335138202011267,0.9339190221543163,0.9561878022422986,"{'C': 0.1, 'solver': 'lbfgs'}","['mfcc_mean', 'NDSI', 'mfcc_1', 'wav_detail_lvl5_std', 'wav_approx_std', 'mfcc_2']",0.8184818481848185,0.7251461988304093,0.9393939393939394,0.9217720049476719,0.9163038219641993,0.9266144814090019,0.9062200956937799,0.9488411814254677,0.9754194303550526,0.9968102073365231,0.9549274255156608,0.997950220353756
LR,0.903393445813434,0.8832914014447897,0.9321146002260553,0.9316271963330787,0.9527172787560803,"{'C': 0.1, 'solver': 'lbfgs'}","['mfcc_mean', 'mfcc_1', 'wav_detail_lvl5_std', 'wav_approx_std', 'mfcc_2']",0.8252911813643927,0.7359050445103857,0.9393939393939394,0.9223232427854996,0.9138180067404911,0.9195736434108527,0.908133971291866,0.9387741919539729,0.9710711493354183,0.9943955164131305,0.9488158899923606,0.9970544015287683
LR,0.9033515641132874,0.8846124184574019,0.9291151229231724,0.9281894576012223,0.9532458010040311,"{'C': 0.1, 'solver': 'lbfgs'}","['wav_detail_lvl5_std', 'mfcc_var', 'mfcc_2']",0.836424957841484,0.7537993920972644,0.9393939393939394,0.9267558494844839,0.9089147286821705,0.9205103042198234,0.8976076555023923,0.936135787279445,0.9647150058162078,0.9795275590551181,0.9503437738731857,0.9968457662481646
LR,0.9033337750763061,0.8824987264064408,0.9338088983599819,0.9316271963330787,0.9542047635369828,"{'C': 0.1, 'solver': 'lbfgs'}","['spec_skew', 'mfcc_1', 'wav_detail_lvl5_std', 'wav_approx_std', 'mfcc_2']",0.8250825082508251,0.7309941520467836,0.946969696969697,0.9280152548389287,0.9134010643444606,0.923679060665362,0.9033492822966507,0.937354856683777,0.9715177526336325,0.992822966507177,0.9511077158135982,0.9972441790882429
LR,0.903274562252121,0.8827615805271699,0.9333718654926085,0.9327731092436975,0.9611475749618025,"{'C': 10.0, 'solver': 'lbfgs'}","['mfcc_mean', 'spec_kurtosis', 'NDSI', 'mfcc_var', 'mfcc_2']",0.8217821782178217,0.7280701754385965,0.9431818181818182,0.9395660344435848,0.9144800777453839,0.928923988153998,0.9004784688995215,0.9460739402467383,0.973561430793157,0.9912905779889153,0.9564553093964858,0.9978027501950842
LR,0.9032490651072066,0.8833745611618328,0.9320071569297576,0.9346829640947288,0.9583406586621958,"{'C': 0.1, 'solver': 'lbfgs'}","['NDSI', 'mfcc_1', 'wav_detail_lvl5_std', 'mfcc_std', 'wav_approx_std', 'mfcc_2']",0.8159203980099502,0.7256637168141593,0.9318181818181818,0.9248730825107161,0.9171912832929782,0.9284313725490196,0.9062200956937799,0.9520496720629695,0.9766355140186916,0.9960285941223193,0.957983193277311,0.9980992214129015
LR,0.9032400640387795,0.8826344412204353,0.9329189730118523,0.9300993124522536,0.9512166198992958,"{'C': 0.1, 'solver': 'lbfgs'}","['spec_kurtosis', 'wav_detail_lvl5_std', 'mfcc_std', 'wav_approx_std', 'mfcc_2']",0.8291873963515755,0.7374631268436578,0.946969696969697,0.9238931696665001,0.9118072289156627,0.9184466019417475,0.9052631578947369,0.9328068721813051,0.9687255668491008,0.9919935948759008,0.946524064171123,0.9969498178500823
LR,0.9032378493881056,0.8858008343373692,0.9267179758665827,0.93353705118411,0.9591336171381714,"{'C': 10.0, 'solver': 'lbfgs'}","['mfcc_mean', 'NDSI', 'mfcc_1', 'mfcc_var', 'mfcc_std']",0.8197278911564626,0.7438271604938271,0.9128787878787878,0.9313731757814103,0.9165067178502879,0.9191530317613089,0.9138755980861244,0.9480582019579783,0.9734789391575663,0.9944223107569721,0.9533995416348358,0.9979694736751257
LR,0.9032314774180376,0.8824398417307396,0.9348970688753971,0.9354469060351414,0.9608914789621674,"{'C': 10.0, 'solver': 'lbfgs'}","['mfcc_mean', 'NDSI', 'mfcc_1', 'mfcc_std', 'mfcc_2']",0.8137254901960784,0.7155172413793104,0.9431818181818182,0.9304272740557737,0.9172785119921684,0.938877755511022,0.8966507177033493,0.9540488611207374,0.978690430065866,0.9929245283018868,0.9648586707410237,0.9981983017099911
LR,0.9032243421084397,0.8833657395045139,0.9311470521222844,0.9289533995416348,0.9540290614498703,"{'C': 10.0, 'solver': 'lbfgs'}","['mfcc_mean', 'mfcc_1', 'mfcc_var', 'mfcc_std', 'mfcc_2']",0.8327759197324415,0.7455089820359282,0.9431818181818182,0.9316376409586772,0.9104908565928778,0.9157792836398838,0.9052631578947369,0.9337102149124746,0.96640625,0.9888089528377298,0.944996180290298,0.9967393284784594
LR,0.9032079740813886,0.8817770848942419,0.9357684541121074,0.93353705118411,0.9546994941600547,"{'C': 1.0, 'solver': 'lbfgs'}","['spec_skew', 'spec_kurtosis', 'NDSI', 'mfcc_1', 'mfcc_std']",0.8189233278955954,0.7191977077363897,0.9507575757575758,0.919588088140284,0.9152046783625731,0.9324726911618669,0.8985645933014355,0.9463561262739842,0.9754959159859977,0.993660855784469,0.957983193277311,0.9981542680658958
LR,0.9032074084856735,0.8831734421125078,0.9315303633415088,0.9293353705118411,0.9530534426828211,"{'C': 0.1, 'solver': 'lbfgs'}","['spec_kurtosis', 'wav_detail_lvl5_std', 'mfcc_std', 'mfcc_2']",0.8313856427378965,0.7432835820895523,0.9431818181818182,0.9297594749300245,0.9111004324843825,0.915057915057915,0.907177033492823,0.9325608689898097,0.9671361502347418,0.9911788291900562,0.9442322383498855,0.9968399841286286
LR,0.9031924228795418,0.8835940270024665,0.9307743512077877,0.9300993124522536,0.9429655613255526,"{'C': 10.0, 'solver': 'lbfgs'}","['mfcc_mean', 'mfcc_1', 'wav_detail_lvl5_std', 'mfcc_var', 'mfcc_std', 'wav_approx_std']",0.8294314381270903,0.7425149700598802,0.9393939393939394,0.9138304365638531,0.9120772946859903,0.9209756097560976,0.9033492822966507,0.9190044568634611,0.9680685358255452,0.9872915011914217,0.9495798319327731,0.9960617905493436
LR,0.9031422977907017,0.88169081324414,0.9349322504121266,0.93048128342246,0.9562703156556212,"{'C': 0.1, 'solver': 'lbfgs'}","['mfcc_mean', 'spec_skew', 'spec_kurtosis', 'wav_detail_lvl5_std', 'mfcc_var', 'wav_approx_std', 'mfcc_2']",0.8275862068965517,0.7304347826086957,0.9545454545454546,0.9310887551130875,0.9119070667957405,0.9226248775710089,0.9014354066985646,0.940447418783192,0.9699336196798126,0.9920127795527156,0.9488158899923606,0.997274773070584
LR,0.903128538581281,0.8825103320450207,0.9329806244666926,0.93048128342246,0.9560776238120327,"{'C': 0.1, 'solver': 'lbfgs'}","['spec_skew', 'wav_detail_lvl5_std', 'mfcc_std', 'mfcc_2']",0.8278145695364238,0.7352941176470589,0.946969696969697,0.9319997781980482,0.9119922630560928,0.9217986314760508,0.9023923444976076,0.9389877445228727,0.9695787831513261,0.9904382470119522,0.9495798319327731,0.9972453487151769
LR,0.903106817718062,0.8816454373366479,0.9357551633093429,0.9323911382734912,0.9610792987426077,"{'C': 10.0, 'solver': 'lbfgs'}","['spec_skew', 'spec_kurtosis', 'mfcc_1', 'wav_detail_lvl5_std', 'mfcc_var', 'mfcc_std', 'wav_approx_std', 'mfcc_2']",0.8221859706362153,0.7220630372492837,0.9545454545454546,0.9363068418732147,0.9135319980459209,0.9331337325349301,0.8947368421052632,0.9493313107441572,0.9736024844720497,0.98973954222573,0.957983193277311,0.997599743610451
LR,0.9031053949078834,0.8816947089054986,0.9354011141936839,0.9339190221543163,0.9619935028842498,"{'C': 0.1, 'solver': 'lbfgs'}","['spec_skew', 'spec_kurtosis', 'NDSI', 'mfcc_var', 'wav_approx_std', 'mfcc_2']",0.8169934640522876,0.7183908045977011,0.946969696969697,0.9363764942324396,0.9161415414444983,0.9282907662082515,0.9043062200956937,0.9515580898885038,0.9761811792268645,0.9984025559105432,0.9549274255156608,0.998045924531806
LR,0.9030560987382672,0.8815875293440755,0.9350582338198438,0.9308632543926662,0.9579165339970303,"{'C': 0.1, 'solver': 'lbfgs'}","['spec_skew', 'spec_kurtosis', 'wav_detail_lvl5_std', 'mfcc_var', 'wav_approx_std', 'mfcc_2']",0.8262295081967214,0.7283236994219653,0.9545454545454546,0.93322620566535,0.9121785540999515,0.9251968503937008,0.8995215311004785,0.9431726576228832,0.9707602339181286,0.9912420382165605,0.9511077158135982,0.9973507387028578
LR,0.9030417227658897,0.8820091059818586,0.9333453955744977,0.9274255156608098,0.9440298073363556,"{'C': 10.0, 'solver': 'lbfgs'}","['mfcc_mean', 'spec_kurtosis', 'mfcc_1', 'wav_detail_lvl5_std', 'mfcc_var', 'mfcc_std']",0.835820895522388,0.7433628318584071,0.9545454545454546,0.9236498080774509,0.9094393866794441,0.9107485604606526,0.908133971291866,0.9130921745378816,0.9638648860958366,0.9919159256265158,0.9373567608861727,0.9953474393937339
LR,0.9030375901033794,0.8809820850262028,0.9369561381171287,0.9323911382734912,0.9629923560941478,"{'C': 10.0, 'solver': 'lbfgs'}","['spec_skew', 'spec_kurtosis', 'mfcc_1', 'mfcc_var', 'mfcc_std', 'mfcc_2']",0.8214285714285714,0.71875,0.9583333333333334,0.9442108989045355,0.9137847053093034,0.9305555555555556,0.8976076555023923,0.9472658606970165,0.9738994935722634,0.9936406995230525,0.9549274255156608,0.9975003086808917
LR,0.9030366814123134,0.8809811705853479,0.9373500596410813,0.9343009931245225,0.9667754592178214,"{'C': 1.0, 'solver': 'lbfgs'}","['spec_skew', 'spec_kurtosis', 'NDSI', 'mfcc_var', 'mfcc_std', 'wav_approx_std', 'mfcc_2']",0.8155339805825242,0.711864406779661,0.9545454545454546,0.9444590752272491,0.9161793372319688,0.9334657398212513,0.8995215311004785,0.9576652940384186,0.9773967264224473,0.9976133651551312,0.957983193277311,0.9982020083877966
LR,0.9030130038639056,0.8856024065996868,0.9263240543426302,0.9316271963330787,0.9524016190278216,"{'C': 10.0, 'solver': 'lbfgs'}","['mfcc_1', 'mfcc_var', 'wav_approx_std', 'mfcc_2']",0.8245315161839863,0.7492260061919505,0.9166666666666666,0.920976790590599,0.9141486810551559,0.9163461538461538,0.9119617224880383,0.9388714793923977,0.9703588143525741,0.9912350597609562,0.9503437738731857,0.997356587100468
LR,0.9029955778112498,0.8812547972578533,0.9360901138764915,0.93353705118411,0.9587052199341333,"{'C': 0.1, 'solver': 'lbfgs'}","['mfcc_mean', 'spec_skew', 'spec_kurtosis', 'NDSI', 'wav_detail_lvl5_std', 'mfcc_std', 'wav_approx_std', 'mfcc_2']",0.8175895765472313,0.7171428571428572,0.9507575757575758,0.9279308230121507,0.915615906886518,0.928220255653884,0.9033492822966507,0.9502362112350997,0.97578125,0.9984012789768185,0.9541634835752483,0.9979486255551493
LR,0.9029830511065131,0.8811856363860305,0.936838084516103,0.9339190221543163,0.9656260418285928,"{'C': 1.0, 'solver': 'lbfgs'}","['mfcc_mean', 'spec_skew', 'spec_kurtosis', 'NDSI', 'mfcc_1', 'wav_approx_std', 'mfcc_2']",0.8168557536466775,0.7138810198300283,0.9545454545454546,0.9381894023443458,0.9154034229828851,0.936,0.8956937799043062,0.9603605334148405,0.9766899766899767,0.9936758893280633,0.9602750190985485,0.9983281897265919
LR,0.9029474465635389,0.8827187662093042,0.9323155258913772,0.93353705118411,0.9558008220347327,"{'C': 0.1, 'solver': 'lbfgs'}","['mfcc_mean', 'NDSI', 'wav_detail_lvl5_std', 'mfcc_std', 'wav_approx_std', 'mfcc_2']",0.8178807947019867,0.7264705882352941,0.9356060606060606,0.9196463871498776,0.9159420289855073,0.9248780487804878,0.907177033492823,0.9497582077241137,0.9750195160031225,0.9968076616121309,0.9541634835752483,0.997997871230207
LR,0.9029324607134575,0.8818355718311505,0.9344574671974053,0.9339190221543163,0.9626239764477784,"{'C': 0.1, 'solver': 'lbfgs'}","['spec_skew', 'spec_kurtosis', 'NDSI', 'mfcc_std', 'mfcc_2']",0.8163934426229508,0.7196531791907514,0.9431818181818182,0.9364938342892657,0.9162227602905569,0.9274509803921569,0.9052631578947369,0.9532963257017064,0.9761811792268645,0.9984025559105432,0.9549274255156608,0.9980817693523633
LR,0.9029048017114006,0.8829447474252744,0.9319428249768807,0.9346829640947288,0.9599738057361197,"{'C': 10.0, 'solver': 'lbfgs'}","['NDSI', 'mfcc_1', 'wav_detail_lvl5_std', 'wav_approx_std', 'mfcc_2']",0.8145695364238411,0.7235294117647059,0.9318181818181818,0.9316199417204111,0.9171110033931168,0.9292730844793713,0.9052631578947369,0.9502636822050694,0.977033865317244,0.996031746031746,0.9587471352177235,0.9980377932828787
LR,0.902898305973061,0.8823654335624527,0.932471329839751,0.9297173414820473,0.9566400950744489,"{'C': 0.1, 'solver': 'lbfgs'}","['spec_skew', 'wav_detail_lvl5_std', 'mfcc_var', 'mfcc_2']",0.8291873963515755,0.7374631268436578,0.946969696969697,0.9358978348551874,0.9111111111111111,0.92,0.9023923444976076,0.9368288742406792,0.9683964104564963,0.9896331738437002,0.948051948051948,0.9971935761274803
LR,0.9028717031960335,0.8827012204821193,0.9315303633415088,0.9293353705118411,0.9536551004318597,"{'C': 0.1, 'solver': 'lbfgs'}","['spec_kurtosis', 'mfcc_1', 'wav_detail_lvl5_std', 'mfcc_std', 'mfcc_2']",0.83,0.7410714285714286,0.9431818181818182,0.9314818463643174,0.9111004324843825,0.915057915057915,0.907177033492823,0.9326249419295194,0.9675146771037182,0.9919743178170144,0.9442322383498855,0.9968585130017423
LR,0.9028717031960335,0.8827012204821193,0.9315303633415088,0.9293353705118411,0.9538384462740476,"{'C': 0.1, 'solver': 'lbfgs'}","['spec_kurtosis', 'mfcc_1', 'wav_detail_lvl5_std', 'mfcc_var', 'mfcc_2']",0.83,0.7410714285714286,0.9431818181818182,0.934079094921604,0.9111004324843825,0.915057915057915,0.907177033492823,0.9306163474059232,0.9675146771037182,0.9919743178170144,0.9442322383498855,0.9968198964946151
LR,0.9028680448879901,0.8821953826215325,0.9327903091060986,0.9300993124522536,0.9559050100946848,"{'C': 0.1, 'solver': 'lbfgs'}","['mfcc_mean', 'spec_skew', 'mfcc_1', 'wav_detail_lvl5_std', 'mfcc_2']",0.8278145695364238,0.7352941176470589,0.946969696969697,0.9338561680815165,0.9116368903911154,0.9200779727095516,0.9033492822966507,0.9367105411672431,0.9691526747364311,0.9912140575079872,0.948051948051948,0.9971483210352949
LR,0.9028334239987975,0.8846591245872418,0.9279002988755312,0.9331550802139037,0.9525823339358181,"{'C': 10.0, 'solver': 'lbfgs'}","['mfcc_mean', 'mfcc_1', 'mfcc_var', 'wav_approx_std', 'mfcc_2']",0.8195615514333895,0.7386018237082067,0.9204545454545454,0.9177362959342907,0.915336236090953,0.9256360078277887,0.9052631578947369,0.9423773165821144,0.9736024844720497,0.98973954222573,0.957983193277311,0.9976333892910492
LR,0.9027929174069614,0.8804868215693892,0.9374037812892303,0.9327731092436975,0.9605225437672765,"{'C': 10.0, 'solver': 'lbfgs'}","['mfcc_mean', 'spec_kurtosis', 'NDSI', 'mfcc_1', 'mfcc_var', 'mfcc_std', 'wav_approx_std']",0.8187702265372169,0.7146892655367232,0.9583333333333334,0.9386554677550029,0.9153696498054474,0.9307616221562809,0.9004784688995215,0.9452154377551041,0.9742388758782201,0.9960095770151636,0.9533995416348358,0.9976967257917227
LR,0.9027539455160912,0.8811630847029077,0.9356557615071547,0.9343009931245225,0.9607371742097369,"{'C': 0.1, 'solver': 'lbfgs'}","['spec_skew', 'spec_kurtosis', 'NDSI', 'mfcc_1', 'wav_approx_std', 'mfcc_2']",0.8143322475570033,0.7142857142857143,0.946969696969697,0.9329046381580666,0.9165858389912707,0.9292035398230089,0.9043062200956937,0.9512835080179183,0.97734375,1.0,0.9556913674560733,0.9980233764532263
LR,0.9027305969602585,0.8822010277480471,0.9321550310714398,0.9289533995416348,0.953320439890969,"{'C': 0.1, 'solver': 'lbfgs'}","['spec_kurtosis', 'mfcc_1', 'wav_detail_lvl5_std', 'mfcc_2']",0.8305647840531561,0.7396449704142012,0.946969696969697,0.9310294028790655,0.9104908565928778,0.9157792836398838,0.9052631578947369,0.9321057448127787,0.9671361502347418,0.9911788291900562,0.9442322383498855,0.9968261719810628
LR,0.9026844142482225,0.8835879460724735,0.9291794548760492,0.9281894576012223,0.9526724051337813,"{'C': 0.1, 'solver': 'lbfgs'}","['wav_detail_lvl5_std', 'mfcc_std', 'mfcc_2']",0.8336134453781513,0.7492447129909365,0.9393939393939394,0.9249611006002403,0.9090029041626331,0.9196865817825661,0.8985645933014355,0.9361904658723331,0.9654368932038835,0.9818325434439179,0.9495798319327731,0.9968656489287705
LR,0.902656614090814,0.8834574993111578,0.9295866672027663,0.9312452253628725,0.9547555055544873,"{'C': 10.0, 'solver': 'lbfgs'}","['mfcc_1', 'wav_detail_lvl5_std', 'mfcc_std', 'wav_approx_std', 'mfcc_2']",0.8241206030150754,0.7387387387387387,0.9318181818181818,0.9312558894218654,0.9130434782608695,0.9219512195121952,0.9043062200956937,0.9356929210576096,0.9708057609964967,0.9896825396825397,0.9526355996944232,0.9973177061839872
LR,0.9026145606541899,0.8810056824984613,0.9363261093911248,0.93353705118411,0.9664922066107345,"{'C': 10.0, 'solver': 'lbfgs'}","['mfcc_mean', 'spec_skew', 'spec_kurtosis', 'NDSI', 'mfcc_1', 'mfcc_2']",0.8168557536466775,0.7138810198300283,0.9545454545454546,0.940169105575799,0.914622178606477,0.9385699899295066,0.8918660287081339,0.9610068825638173,0.9763657497094149,0.9905660377358491,0.9625668449197861,0.9983006316925874
LR,0.902587160244445,0.8818944119195354,0.9325356617926278,0.9297173414820473,0.9556587640936004,"{'C': 0.1, 'solver': 'lbfgs'}","['mfcc_mean', 'spec_skew', 'wav_detail_lvl5_std', 'mfcc_std', 'mfcc_2']",0.8278145695364238,0.7352941176470589,0.946969696969697,0.932035502220602,0.9111969111969112,0.9191820837390458,0.9033492822966507,0.9377341235782881,0.96875,0.991207034372502,0.9472880061115355,0.9972066664819108
LR,0.9024151289837975,0.8800798705468758,0.9372751173834765,0.9327731092436975,0.9617338051632007,"{'C': 10.0, 'solver': 'lbfgs'}","['mfcc_mean', 'spec_skew', 'NDSI', 'mfcc_1', 'mfcc_std', 'wav_approx_std']",0.8174474959612278,0.7126760563380282,0.9583333333333334,0.9425263915299025,0.9147588894301023,0.9315476190476191,0.8985645933014355,0.944936312544507,0.9750390015600624,0.9960159362549801,0.9549274255156608,0.9977387114151923
LR,0.9024035809432505,0.881474752678533,0.9331709398272866,0.9308632543926662,0.9538853290490624,"{'C': 0.1, 'solver': 'lbfgs'}","['mfcc_mean', 'spec_skew', 'mfcc_1', 'wav_detail_lvl5_std', 'mfcc_std', 'wav_approx_std', 'mfcc_2']",0.8237232289950577,0.7288629737609329,0.946969696969697,0.9276801675541434,0.9123486682808717,0.9235294117647059,0.9014354066985646,0.9367176888970794,0.9711388455538221,0.9920318725099602,0.9511077158135982,0.9972581306959646
LR,0.9023470834495457,0.8815792234496795,0.9324096783849106,0.9293353705118411,0.9512077435669625,"{'C': 0.1, 'solver': 'lbfgs'}","['mfcc_mean', 'spec_kurtosis', 'mfcc_1', 'wav_detail_lvl5_std', 'mfcc_std', 'wav_approx_std', 'mfcc_2']",0.8278145695364238,0.7352941176470589,0.946969696969697,0.9258699356935753,0.9109292248435243,0.9166666666666666,0.9052631578947369,0.9308495020805156,0.9682974559686889,0.992776886035313,0.944996180290298,0.9969037929267965
LR,0.9023470834495457,0.8815792234496795,0.9324096783849106,0.9293353705118411,0.9498366319135284,"{'C': 0.1, 'solver': 'lbfgs'}","['mfcc_mean', 'spec_kurtosis', 'mfcc_1', 'wav_detail_lvl5_std', 'wav_approx_std', 'mfcc_2']",0.8278145695364238,0.7352941176470589,0.946969696969697,0.9241335941692169,0.9109292248435243,0.9166666666666666,0.9052631578947369,0.9285281451249212,0.9682974559686889,0.992776886035313,0.944996180290298,0.996848156446447
LR,0.9023470834495457,0.8815792234496795,0.9324096783849106,0.9293353705118411,0.9519109634168169,"{'C': 0.1, 'solver': 'lbfgs'}","['spec_kurtosis', 'mfcc_1', 'wav_detail_lvl5_std', 'wav_approx_std', 'mfcc_2']",0.8278145695364238,0.7352941176470589,0.946969696969697,0.9265509131635834,0.9109292248435243,0.9166666666666666,0.9052631578947369,0.9322663816392242,0.9682974559686889,0.992776886035313,0.944996180290298,0.9969155954476432
LR,0.9023317071867857,0.8811427508579932,0.9336052921966234,0.9300993124522536,0.9504018165329257,"{'C': 10.0, 'solver': 'lbfgs'}","['mfcc_mean', 'spec_kurtosis', 'mfcc_1', 'mfcc_var', 'mfcc_std', 'mfcc_2']",0.8256578947368421,0.7296511627906976,0.9507575757575758,0.9362457102563211,0.9113801452784503,0.9225490196078432,0.9004784688995215,0.9180675483231998,0.9699570815450643,0.9912280701754386,0.9495798319327731,0.9968921910192564
LR,0.9023269975779561,0.8807357564963102,0.9352591594851657,0.9327731092436975,0.9549431825164817,"{'C': 1.0, 'solver': 'lbfgs'}","['spec_skew', 'spec_kurtosis', 'NDSI', 'mfcc_1', 'mfcc_var', 'mfcc_std']",0.8175895765472313,0.7171428571428572,0.9507575757575758,0.9208265636636619,0.9143135345666992,0.9306243805748265,0.8985645933014355,0.9458012369157845,0.9750778816199377,0.9944400317712471,0.9564553093964858,0.9982017469699984
LR,0.9022763852702743,0.8810030951809446,0.9343931352445285,0.9339190221543163,0.9602635102002384,"{'C': 0.1, 'solver': 'lbfgs'}","['spec_skew', 'spec_kurtosis', 'NDSI', 'mfcc_std', 'wav_approx_std', 'mfcc_2']",0.8137254901960784,0.7155172413793104,0.9431818181818182,0.9305857449747017,0.9161415414444983,0.9282907662082515,0.9043062200956937,0.9521478046551652,0.976962124170246,0.9992012779552716,0.9556913674560733,0.9980569809708482
LR,0.9022500658351525,0.8821230343300112,0.9308280728559367,0.9285714285714286,0.9552214626062382,"{'C': 10.0, 'solver': 'lbfgs'}","['mfcc_mean', 'mfcc_var', 'mfcc_std', 'mfcc_2']",0.83,0.7410714285714286,0.9431818181818182,0.9331022769414146,0.9099662975445354,0.9156976744186046,0.9043062200956937,0.9357718886834133,0.9667838999609223,0.9896,0.944996180290298,0.9967902221938867
LR,0.9022194851060754,0.8808738424341261,0.9349374997207814,0.9327731092436975,0.961818742867257,"{'C': 10.0, 'solver': 'lbfgs'}","['mfcc_mean', 'spec_skew', 'NDSI', 'mfcc_1', 'mfcc_var', 'mfcc_2']",0.8175895765472313,0.7171428571428572,0.9507575757575758,0.937806194802529,0.913894324853229,0.934934934934935,0.8937799043062201,0.9496805634684807,0.9751745539177658,0.9905437352245863,0.9602750190985485,0.997969470330761
LR,0.9022160573534047,0.8814631887636981,0.932406997886874,0.9297173414820473,0.9562575764814737,"{'C': 0.1, 'solver': 'lbfgs'}","['spec_skew', 'mfcc_1', 'wav_detail_lvl5_std', 'mfcc_2']",0.8264462809917356,0.7331378299120235,0.946969696969697,0.9336052967284921,0.9110251450676983,0.9208211143695014,0.9014354066985646,0.937973135735141,0.9691767460007803,0.9904306220095693,0.9488158899923606,0.9971942969807883
LR,0.9022107728621119,0.8816217413161791,0.9331894799387058,0.9343009931245225,0.960675237930709,"{'C': 10.0, 'solver': 'lbfgs'}","['mfcc_mean', 'NDSI', 'mfcc_std', 'mfcc_2']",0.8131147540983606,0.7167630057803468,0.9393939393939394,0.9294475472746373,0.916015625,0.9351944167497508,0.8976076555023923,0.9543677360798365,0.9775019394879751,0.9929078014184397,0.9625668449197861,0.998210430437653
LR,0.9022049905043364,0.8805913905792201,0.9347525453562605,0.9316271963330787,0.951750024919589,"{'C': 1.0, 'solver': 'lbfgs'}","['spec_skew', 'NDSI', 'mfcc_1', 'mfcc_var', 'mfcc_std']",0.8202614379084967,0.7212643678160919,0.9507575757575758,0.9218647963770035,0.913317191283293,0.9245098039215687,0.9023923444976076,0.9355416866406925,0.9730363423212193,0.996,0.9511077158135982,0.9978435917410708
LR,0.9021985106942386,0.8838887839829394,0.9275813196091834,0.9327731092436975,0.953653079352732,"{'C': 10.0, 'solver': 'lbfgs'}","['mfcc_mean', 'mfcc_1', 'mfcc_var', 'mfcc_std', 'wav_approx_std', 'mfcc_2']",0.8181818181818182,0.7363636363636363,0.9204545454545454,0.9187855322350678,0.914811229428848,0.9255631733594515,0.9043062200956937,0.944443597856099,0.9736024844720497,0.98973954222573,0.957983193277311,0.9977301079670293
LR,0.9021684941312859,0.8813147785750525,0.9326616452003448,0.9300993124522536,0.9567182216521264,"{'C': 0.1, 'solver': 'lbfgs'}","['spec_skew', 'mfcc_1', 'wav_detail_lvl5_std', 'mfcc_std', 'mfcc_2']",0.8250825082508251,0.7309941520467836,0.946969696969697,0.9341036948033711,0.9114658925979681,0.9217221135029354,0.9014354066985646,0.9388092629159898,0.9699570815450643,0.9912280701754386,0.9495798319327731,0.9972417072370182
LR,0.902128940286835,0.8838846546906499,0.9271390374331551,0.9316271963330787,0.9550867126176122,"{'C': 10.0, 'solver': 'lbfgs'}","['mfcc_var', 'mfcc_std', 'wav_approx_std', 'mfcc_2']",0.8209459459459459,0.7408536585365854,0.9204545454545454,0.9264461062206906,0.9139009139009139,0.9187620889748549,0.9090909090909091,0.9413513762392778,0.9715399610136453,0.9920382165605095,0.9518716577540107,0.9974626553928685
LR,0.9020917375384286,0.8846973972697537,0.9252012607275765,0.9266615737203973,0.9499085381032771,"{'C': 10.0, 'solver': 'lbfgs'}","['mfcc_1', 'wav_detail_lvl5_std', 'mfcc_var', 'mfcc_2']",0.8361774744027304,0.7608695652173914,0.928030303030303,0.9255018340091318,0.9073359073359073,0.9152872444011685,0.8995215311004785,0.9275035639603914,0.9627618308766486,0.9779353821907013,0.948051948051948,0.996720216340308
LR,0.9020608307552513,0.8847585559368255,0.925040207470548,0.9281894576012223,0.9497486116070403,"{'C': 10.0, 'solver': 'lbfgs'}","['mfcc_1', 'mfcc_var', 'mfcc_2']",0.8307692307692308,0.7570093457943925,0.9204545454545454,0.9235525357336085,0.9102196752626552,0.9084842707340324,0.9119617224880383,0.9290617064079618,0.9651935862338679,0.9887820512820513,0.9427043544690603,0.9966315926795507
LR,0.9020284355241284,0.8800981226573663,0.935173606922833,0.9297173414820473,0.9588597439883166,"{'C': 0.1, 'solver': 'lbfgs'}","['mfcc_mean', 'spec_skew', 'spec_kurtosis', 'mfcc_1', 'wav_detail_lvl5_std', 'mfcc_2']",0.8254486133768353,0.7249283667621776,0.9583333333333334,0.935124027322515,0.9106796116504854,0.9241379310344827,0.8976076555023923,0.9442187719323478,0.9699570815450643,0.9912280701754386,0.9495798319327731,0.9972364327100871
LR,0.9019970813664061,0.881348950007741,0.9322405836337725,0.932009167303285,0.9565495331162209,"{'C': 0.1, 'solver': 'lbfgs'}","['spec_kurtosis', 'NDSI', 'mfcc_1', 'wav_detail_lvl5_std', 'mfcc_std', 'wav_approx_std', 'mfcc_2']",0.8184818481848185,0.7251461988304093,0.9393939393939394,0.9272428959431276,0.9140926640926641,0.9221032132424537,0.9062200956937799,0.9446434466035544,0.9734167318217357,0.9967974379503602,0.9511077158135982,0.9977622568019809
LR,0.9019640678036414,0.8807340969765933,0.9334766282908697,0.9300993124522536,0.9514806984583609,"{'C': 10.0, 'solver': 'lbfgs'}","['mfcc_mean', 'spec_kurtosis', 'mfcc_var', 'mfcc_std', 'mfcc_2']",0.8243021346469622,0.7275362318840579,0.9507575757575758,0.9378889258763976,0.9112081513828238,0.9242125984251969,0.8985645933014355,0.9196385168658683,0.970381917381138,0.9904534606205251,0.9511077158135982,0.9969146526328168
LR,0.9019234585106162,0.8803769360188886,0.9345728403003944,0.9327731092436975,0.9606899936502659,"{'C': 0.1, 'solver': 'lbfgs'}","['mfcc_mean', 'spec_skew', 'spec_kurtosis', 'NDSI', 'mfcc_1', 'mfcc_std', 'wav_approx_std', 'mfcc_2']",0.8156606851549756,0.7163323782234957,0.946969696969697,0.9325267668651357,0.9147286821705426,0.9263984298331698,0.9033492822966507,0.9514714499632186,0.9753810082063306,0.9984,0.9533995416348358,0.9980717641224431
LR,0.901910341316763,0.8803837260043558,0.9339753126130835,0.9293353705118411,0.9585197987105039,"{'C': 0.1, 'solver': 'lbfgs'}","['mfcc_mean', 'spec_skew', 'spec_kurtosis', 'wav_detail_lvl5_std', 'mfcc_std', 'mfcc_2']",0.8262295081967214,0.7283236994219653,0.9545454545454546,0.9334843865447955,0.9103247697527872,0.9223968565815324,0.8985645933014355,0.9447647780771732,0.9691767460007803,0.9904306220095693,0.9488158899923606,0.9973102315095428
LR,0.9019101344999374,0.8802521008403361,0.9348918195667423,0.9331550802139037,0.9595564507015403,"{'C': 0.1, 'solver': 'lbfgs'}","['mfcc_mean', 'spec_skew', 'spec_kurtosis', 'NDSI', 'mfcc_std', 'wav_approx_std', 'mfcc_2']",0.8143322475570033,0.7142857142857143,0.946969696969697,0.9302691820695546,0.9152542372881356,0.9264705882352942,0.9043062200956937,0.9503964652449963,0.9761439186546734,1.0,0.9533995416348358,0.9980037047900702
LR,0.9019048500396369,0.882180956263463,0.9302995679930665,0.93353705118411,0.9604245749407855,"{'C': 0.1, 'solver': 'lbfgs'}","['NDSI', 'mfcc_var', 'mfcc_2']",0.813953488372093,0.7248520710059172,0.928030303030303,0.9311451585957985,0.9159420289855073,0.9248780487804878,0.907177033492823,0.9520025882292695,0.9758190327613104,0.9968127490039841,0.9556913674560733,0.9981259779972885
LR,0.9018875628157762,0.8810121119498816,0.932406997886874,0.9297173414820473,0.9496451663173953,"{'C': 10.0, 'solver': 'lbfgs'}","['mfcc_mean', 'spec_kurtosis', 'mfcc_1', 'mfcc_var', 'mfcc_2']",0.8250825082508251,0.7309941520467836,0.946969696969697,0.9344328692426729,0.9110251450676983,0.9208211143695014,0.9014354066985646,0.9176831718747162,0.9695550351288056,0.99122106943336,0.9488158899923606,0.9968194578347966
LR,0.9018840014526739,0.8814821426605234,0.9311470521222844,0.9289533995416348,0.9526767720781771,"{'C': 0.1, 'solver': 'lbfgs'}","['spec_kurtosis', 'mfcc_1', 'wav_detail_lvl5_std', 'mfcc_std', 'wav_approx_std', 'mfcc_2']",0.8272425249169435,0.7366863905325444,0.9431818181818182,0.9280392584448232,0.9104908565928778,0.9157792836398838,0.9052631578947369,0.9330521804114225,0.9679186228482003,0.991980753809142,0.944996180290298,0.9969388773782859
LR,0.9018793136572473,0.8804743309856508,0.9339859229178115,0.9308632543926662,0.9587941382212102,"{'C': 0.1, 'solver': 'lbfgs'}","['spec_skew', 'spec_kurtosis', 'wav_detail_lvl5_std', 'mfcc_var', 'mfcc_std', 'wav_approx_std', 'mfcc_2']",0.8216039279869067,0.723342939481268,0.9507575757575758,0.9345828298539449,0.9120932491500728,0.9260355029585798,0.8985645933014355,0.9444069248144246,0.9719407638347622,0.9920445505171042,0.9526355996944232,0.9973926599952612
LR,0.901876832180239,0.8811324377396423,0.9330502057282244,0.9327731092436975,0.9628929670893919,"{'C': 10.0, 'solver': 'lbfgs'}","['mfcc_mean', 'spec_skew', 'NDSI', 'mfcc_var', 'mfcc_2']",0.8163934426229508,0.7196531791907514,0.9431818181818182,0.942811598605156,0.9140625,0.9332003988035892,0.8956937799043062,0.9479386740939721,0.9751745539177658,0.9905437352245863,0.9602750190985485,0.9979286285690476
LR,0.9018201264247283,0.8820819573164708,0.9294261723828288,0.9266615737203973,0.9528160962965145,"{'C': 10.0, 'solver': 'lbfgs'}","['mfcc_mean', 'mfcc_1', 'mfcc_var', 'mfcc_2']",0.8341708542713567,0.7477477477477478,0.9431818181818182,0.9298122431924453,0.9076034648700674,0.9128751210067764,0.9023923444976076,0.9319721783226482,0.9636860601327606,0.9856230031948882,0.9427043544690603,0.9966638673744501
LR,0.9017145990560573,0.8799953208757739,0.9357524828113064,0.9327731092436975,0.9660955645128871,"{'C': 10.0, 'solver': 'lbfgs'}","['mfcc_mean', 'spec_skew', 'spec_kurtosis', 'NDSI', 'mfcc_std', 'mfcc_2']",0.8155339805825242,0.711864406779661,0.9545454545454546,0.938160538635502,0.9136408243375859,0.9375629405840886,0.8909090909090909,0.9617889935022821,0.975968992248062,0.990558615263572,0.9618029029793735,0.9983371614008774
LR,0.9017140969951939,0.8803959432048681,0.9338838406175868,0.9331550802139037,0.9630661818161302,"{'C': 0.1, 'solver': 'lbfgs'}","['spec_skew', 'spec_kurtosis', 'NDSI', 'mfcc_1', 'mfcc_2']",0.8137254901960784,0.7155172413793104,0.9431818181818182,0.9383490235379018,0.9152542372881356,0.9264705882352942,0.9043062200956937,0.9528151725654327,0.9761625635013678,0.9992,0.9541634835752483,0.9980343493450562
LR,0.9016994641207079,0.8800874748077918,0.9344819267419887,0.93048128342246,0.9585568927257212,"{'C': 10.0, 'solver': 'lbfgs'}","['spec_skew', 'spec_kurtosis', 'mfcc_1', 'wav_detail_lvl5_std', 'mfcc_var', 'wav_approx_std', 'mfcc_2']",0.8221859706362153,0.7220630372492837,0.9545454545454546,0.9371816994922664,0.9113060428849903,0.9285004965243296,0.8947368421052632,0.9411615069767141,0.9716063788409179,0.9896988906497622,0.9541634835752483,0.9973274717081831
LR,0.9016994641207079,0.8800874748077918,0.9344819267419887,0.93048128342246,0.9566137558426459,"{'C': 10.0, 'solver': 'lbfgs'}","['mfcc_mean', 'spec_skew', 'mfcc_var', 'mfcc_std', 'mfcc_2']",0.8221859706362153,0.7220630372492837,0.9545454545454546,0.9417860575508313,0.9113060428849903,0.9285004965243296,0.8947368421052632,0.9307046303013475,0.9716063788409179,0.9896988906497622,0.9541634835752483,0.9973505796757588
LR,0.9016954931568625,0.8799049458838534,0.9352591594851657,0.9327731092436975,0.9609192981273508,"{'C': 10.0, 'solver': 'lbfgs'}","['spec_skew', 'NDSI', 'mfcc_1', 'mfcc_std', 'wav_approx_std']",0.814935064935065,0.7130681818181818,0.9507575757575758,0.9381101797323439,0.9143135345666992,0.9306243805748265,0.8985645933014355,0.9468491642392483,0.9758378799688231,0.9960222752585521,0.9564553093964858,0.9977985504104601
LR,0.9016818897348734,0.8830517403929378,0.9272921608834922,0.9281894576012223,0.9539808909836304,"{'C': 0.1, 'solver': 'lbfgs'}","['wav_detail_lvl5_std', 'mfcc_var', 'mfcc_std', 'mfcc_2']",0.8296795952782462,0.7477203647416414,0.9318181818181818,0.9271021654901762,0.9091787439613527,0.9180487804878049,0.9004784688995215,0.9379524368142802,0.9661873299650213,0.9833860759493671,0.9495798319327731,0.9968880706464347
LR,0.9016813755408465,0.8807192425940856,0.9330528862262608,0.9323911382734912,0.9615640101550236,"{'C': 1.0, 'solver': 'lbfgs'}","['mfcc_mean', 'spec_skew', 'NDSI', 'mfcc_1', 'mfcc_2']",0.8163934426229508,0.7196531791907514,0.9431818181818182,0.9399888223295916,0.9139523578026252,0.9288537549407114,0.8995215311004785,0.9467556385097241,0.9746983261969638,0.9936507936507937,0.9564553093964858,0.9979475696257549
LR,0.9016813755408465,0.8807192425940856,0.9330528862262608,0.9323911382734912,0.9609975364991415,"{'C': 1.0, 'solver': 'lbfgs'}","['mfcc_mean', 'spec_skew', 'NDSI', 'mfcc_std', 'mfcc_2']",0.8163934426229508,0.7196531791907514,0.9431818181818182,0.9374967097359522,0.9139523578026252,0.9288537549407114,0.8995215311004785,0.9475325210480899,0.9746983261969638,0.9936507936507937,0.9564553093964858,0.9979633787133827
LR,0.9016386027503162,0.8807657807804145,0.9329242223205072,0.9323911382734912,0.9613174678616051,"{'C': 1.0, 'solver': 'lbfgs'}","['mfcc_mean', 'spec_skew', 'NDSI', 'mfcc_1', 'mfcc_std', 'mfcc_2']",0.8163934426229508,0.7196531791907514,0.9431818181818182,0.9385358663798953,0.9137847053093034,0.9305555555555556,0.8976076555023923,0.947470061298051,0.9747376603186941,0.9920886075949367,0.957983193277311,0.9979464759068686
LR,0.9016076442854924,0.8815386556966563,0.9302650565808461,0.9293353705118411,0.9538382141012883,"{'C': 0.1, 'solver': 'lbfgs'}","['mfcc_mean', 'mfcc_1', 'wav_detail_lvl5_std', 'mfcc_std', 'wav_approx_std', 'mfcc_2']",0.8252911813643927,0.7359050445103857,0.9393939393939394,0.9234952824916716,0.9107573564881813,0.9182879377431906,0.9033492822966507,0.9409061283173943,0.9687743950039032,0.9904229848363927,0.948051948051948,0.997113231494799
LR,0.9016057919751042,0.8820723114564318,0.9295972775074942,0.9327731092436975,0.934204695122716,"{'C': 1.0, 'solver': 'lbfgs'}","['NDSI', 'mfcc_1', 'wav_detail_lvl5_std', 'mfcc_var']",0.8153078202995009,0.7270029673590505,0.928030303030303,0.8561272384453346,0.914811229428848,0.9255631733594515,0.9043062200956937,0.948546026522227,0.9746983261969638,0.9936507936507937,0.9564553093964858,0.9979408204005863
LR,0.9015834559637445,0.879877809677259,0.9344335660899129,0.9312452253628725,0.9517894537373642,"{'C': 1.0, 'solver': 'lbfgs'}","['spec_skew', 'NDSI', 'mfcc_1', 'mfcc_std']",0.8189233278955954,0.7191977077363897,0.9507575757575758,0.920676146062047,0.9127906976744186,0.9244357212953876,0.9014354066985646,0.9368581141589742,0.9730363423212193,0.996,0.9511077158135982,0.9978341009910714
LR,0.9015721265286745,0.8831026194622705,0.9278949378794579,0.9339190221543163,0.9577216203227521,"{'C': 10.0, 'solver': 'lbfgs'}","['mfcc_mean', 'NDSI', 'mfcc_1', 'mfcc_var', 'wav_approx_std', 'mfcc_2']",0.8127090301003345,0.7275449101796407,0.9204545454545454,0.9184046372752873,0.915568570034163,0.9342629482071713,0.8976076555023923,0.9564716981199591,0.9764387794515257,0.9875,0.9656226126814362,0.9982885255730097
LR,0.9015606645808562,0.88056562256105,0.932406997886874,0.9297173414820473,0.9520962745319004,"{'C': 0.1, 'solver': 'lbfgs'}","['mfcc_mean', 'spec_skew', 'wav_detail_lvl5_std', 'mfcc_std', 'wav_approx_std', 'mfcc_2']",0.8237232289950577,0.7288629737609329,0.946969696969697,0.9235656765830468,0.9110251450676983,0.9208211143695014,0.9014354066985646,0.9354901087461686,0.9699336196798126,0.9920127795527156,0.9488158899923606,0.9972330382664857
LR,0.9015271694048561,0.8803253864069576,0.9331842306300512,0.932009167303285,0.9590351700400132,"{'C': 10.0, 'solver': 'lbfgs'}","['spec_kurtosis', 'NDSI', 'mfcc_1', 'mfcc_var', 'mfcc_std', 'mfcc_2']",0.8163934426229508,0.7196531791907514,0.9431818181818182,0.9349672614093216,0.9140096618357488,0.9229268292682927,0.9052631578947369,0.9443546983266797,0.9741784037558685,0.9983961507618284,0.9511077158135982,0.997783550384038
LR,0.9014631668738597,0.8819816332011454,0.9287344922019845,0.9274255156608098,0.9524465373608036,"{'C': 0.1, 'solver': 'lbfgs'}","['mfcc_1', 'wav_detail_lvl5_std', 'mfcc_2']",0.830820770519263,0.7447447447447447,0.9393939393939394,0.9260821402590479,0.9082125603864735,0.9170731707317074,0.8995215311004785,0.9344494805234086,0.9653561697158427,0.9841269841269841,0.9472880061115355,0.9968079912999547
LR,0.9014560709946767,0.8800015366527214,0.9336185829993879,0.9312452253628725,0.9585082871517142,"{'C': 10.0, 'solver': 'lbfgs'}","['spec_kurtosis', 'NDSI', 'mfcc_1', 'mfcc_var', 'mfcc_2']",0.8183306055646481,0.7204610951008645,0.946969696969697,0.9339365342862919,0.9130434782608695,0.9219512195121952,0.9043062200956937,0.9438307877409955,0.9729941291585127,0.9975922953451043,0.9495798319327731,0.9977575394278554
LR,0.9012556091978663,0.8797571353312036,0.9336669436514637,0.93048128342246,0.95836374452282,"{'C': 0.1, 'solver': 'lbfgs'}","['spec_skew', 'spec_kurtosis', 'mfcc_1', 'wav_detail_lvl5_std', 'mfcc_std', 'wav_approx_std', 'mfcc_2']",0.8202614379084967,0.7212643678160919,0.9507575757575758,0.9324043423260303,0.9115646258503401,0.9259624876604146,0.8976076555023923,0.9453024350213954,0.9719407638347622,0.9920445505171042,0.9526355996944232,0.9973844562210339
LR,0.9012342179842389,0.8797774727691828,0.9336026116985869,0.93048128342246,0.9596812307587625,"{'C': 0.1, 'solver': 'lbfgs'}","['spec_skew', 'spec_kurtosis', 'mfcc_1', 'wav_detail_lvl5_std', 'mfcc_std', 'mfcc_2']",0.8202614379084967,0.7212643678160919,0.9507575757575758,0.935979898778857,0.9114785992217899,0.9268051434223541,0.8966507177033493,0.9457130374285916,0.9719626168224299,0.9912629070691025,0.9533995416348358,0.9973507560688392
LR,0.9011762657933845,0.8797860336284309,0.9338678693167858,0.9323911382734912,0.9624542359175088,"{'C': 10.0, 'solver': 'lbfgs'}","['NDSI', 'mfcc_var', 'mfcc_std', 'mfcc_2']",0.8143322475570033,0.7142857142857143,0.946969696969697,0.9341507582136602,0.9137006338371526,0.9314115308151093,0.8966507177033493,0.9550392054471296,0.9754959159859977,0.993660855784469,0.957983193277311,0.9981727440917363
LR,0.9011438361019088,0.8829428650157801,0.9259519118652246,0.9266615737203973,0.9507053212656963,"{'C': 10.0, 'solver': 'lbfgs'}","['mfcc_1', 'wav_detail_lvl5_std', 'mfcc_var', 'mfcc_std', 'mfcc_2']",0.8324873096446701,0.7522935779816514,0.9318181818181818,0.9260913894721036,0.9069767441860465,0.9185475956820413,0.8956937799043062,0.9292680130614211,0.9639674544750096,0.9779874213836478,0.9503437738731857,0.9967565612635639
LR,0.9011307375627077,0.8798024791525805,0.9333102140377681,0.9323911382734912,0.9627239714015716,"{'C': 0.1, 'solver': 'lbfgs'}","['spec_skew', 'spec_kurtosis', 'NDSI', 'mfcc_1', 'mfcc_std', 'mfcc_2']",0.8137254901960784,0.7155172413793104,0.9431818181818182,0.9371168911957455,0.9142857142857143,0.9254901960784314,0.9033492822966507,0.9529766139587804,0.9753810082063306,0.9984,0.9533995416348358,0.998078409050189
LR,0.9010822220312732,0.8791619625966426,0.9353585612873538,0.9308632543926662,0.9645228906346492,"{'C': 10.0, 'solver': 'lbfgs'}","['mfcc_mean', 'spec_skew', 'spec_kurtosis', 'mfcc_var', 'mfcc_2']",0.8187702265372169,0.7146892655367232,0.9583333333333334,0.9446068747314383,0.9112309955860716,0.9346076458752515,0.8889952153110048,0.9514034279267103,0.9732454439705313,0.9881889763779528,0.9587471352177235,0.9975583692457992
LR,0.9009902295849225,0.8790288071312129,0.9349912213689304,0.9312452253628725,0.960843640800571,"{'C': 10.0, 'solver': 'lbfgs'}","['spec_skew', 'spec_kurtosis', 'mfcc_1', 'mfcc_var', 'mfcc_std', 'wav_approx_std', 'mfcc_2']",0.8168557536466775,0.7138810198300283,0.9545454545454546,0.9393871888521993,0.9121951219512195,0.9303482587064676,0.8947368421052632,0.9456410085570282,0.9739198131568704,0.9928571428571429,0.9556913674560733,0.997502724992486
LR,0.9009695798718358,0.8792724485194131,0.9341895290811699,0.9323911382734912,0.9612392290114954,"{'C': 0.1, 'solver': 'lbfgs'}","['spec_skew', 'spec_kurtosis', 'NDSI', 'mfcc_1', 'mfcc_std', 'wav_approx_std', 'mfcc_2']",0.8130081300813008,0.7122507122507122,0.946969696969697,0.9333753633899751,0.9141193595342066,0.9271653543307087,0.9014354066985646,0.9522642322800776,0.97578125,0.9984012789768185,0.9541634835752483,0.9980780913644336
LR,0.9009474722220546,0.8793742959389936,0.9345541885015569,0.9323911382734912,0.9633967291081712,"{'C': 1.0, 'solver': 'lbfgs'}","['mfcc_mean', 'spec_skew', 'spec_kurtosis', 'mfcc_var', 'wav_approx_std', 'mfcc_2']",0.813614262560778,0.7110481586402266,0.9507575757575758,0.9410507113165553,0.9132778049975502,0.9357429718875502,0.8918660287081339,0.9514380658792978,0.9759503491078355,0.9913317572892041,0.961038961038961,0.9977014101286603
LR,0.9009433652359288,0.8823568473683429,0.9275759586131104,0.93353705118411,0.9589771972506157,"{'C': 10.0, 'solver': 'lbfgs'}","['mfcc_mean', 'NDSI', 'mfcc_1', 'mfcc_var', 'mfcc_std', 'wav_approx_std', 'mfcc_2']",0.8113522537562604,0.7253731343283583,0.9204545454545454,0.9215365102328449,0.9150390625,0.93419740777667,0.8966507177033493,0.9571009524846018,0.9764387794515257,0.9875,0.9656226126814362,0.9982941290344004
LR,0.9009099898987739,0.8795142078484064,0.9332193004793624,0.9300993124522536,0.954708213773192,"{'C': 10.0, 'solver': 'lbfgs'}","['mfcc_mean', 'spec_skew', 'mfcc_1', 'mfcc_var', 'mfcc_std', 'mfcc_2']",0.8202614379084967,0.7212643678160919,0.9507575757575758,0.9397035922952852,0.910862152946907,0.9275793650793651,0.8947368421052632,0.927083106061432,0.9716063788409179,0.9896988906497622,0.9541634835752483,0.9973379429628588
LR,0.9008006213554007,0.878908647244383,0.9342916113813947,0.9300993124522536,0.957462600047767,"{'C': 0.1, 'solver': 'lbfgs'}","['spec_skew', 'spec_kurtosis', 'mfcc_1', 'wav_detail_lvl5_std', 'wav_approx_std', 'mfcc_2']",0.8195121951219512,0.717948717948718,0.9545454545454546,0.9304104243933702,0.910948905109489,0.9267326732673268,0.8956937799043062,0.9446386519048164,0.9719407638347622,0.9920445505171042,0.9526355996944232,0.9973387238451141
LR,0.9007911734160445,0.8799667131209029,0.931069429366643,0.9278074866310161,0.9456484353208509,"{'C': 10.0, 'solver': 'lbfgs'}","['spec_skew', 'mfcc_1', 'wav_detail_lvl5_std', 'mfcc_var', 'mfcc_std', 'wav_approx_std']",0.8264462809917356,0.7331378299120235,0.946969696969697,0.9196018314352403,0.9087397392563978,0.9171539961013645,0.9004784688995215,0.9213750033610483,0.9671875,0.9896083133493205,0.9457601222307105,0.9959684711662643
LR,0.9006876253667296,0.878847677353399,0.9333267437756602,0.9270435446906035,0.9483945654338924,"{'C': 10.0, 'solver': 'lbfgs'}","['spec_skew', 'spec_kurtosis', 'mfcc_1', 'wav_detail_lvl5_std', 'mfcc_var', 'mfcc_std', 'wav_approx_std']",0.8281505728314239,0.729106628242075,0.9583333333333334,0.9245605204692765,0.9075060532687651,0.9186274509803921,0.8966507177033493,0.9246134469692423,0.96640625,0.9888089528377298,0.944996180290298,0.9960097288631582
LR,0.9006525660439785,0.8795313927311854,0.9318333713070555,0.9289533995416348,0.9523549876857836,"{'C': 0.1, 'solver': 'lbfgs'}","['mfcc_mean', 'spec_skew', 'mfcc_1', 'wav_detail_lvl5_std', 'wav_approx_std', 'mfcc_2']",0.8223684210526315,0.7267441860465116,0.946969696969697,0.9257873185089245,0.9100580270793037,0.9198435972629521,0.9004784688995215,0.9341061740526044,0.96953125,0.9920063948840927,0.948051948051948,0.9971714704958221
LR,0.9005709205459818,0.8785626956316026,0.9334580881794504,0.9266615737203973,0.9492307958406276,"{'C': 10.0, 'solver': 'lbfgs'}","['mfcc_mean', 'spec_skew', 'spec_kurtosis', 'mfcc_1', 'wav_detail_lvl5_std', 'mfcc_var', 'mfcc_std']",0.8281505728314239,0.729106628242075,0.9583333333333334,0.9309738079825817,0.9084778420038536,0.9146459747817652,0.9023923444976076,0.9210310948790189,0.9650843468026677,0.9919354838709677,0.9396485867074102,0.9956874846602822
LR,0.9005257410213726,0.8792930199731254,0.9322140020282436,0.9297173414820473,0.9552170802406849,"{'C': 0.1, 'solver': 'lbfgs'}","['spec_skew', 'mfcc_1', 'wav_detail_lvl5_std', 'mfcc_std', 'wav_approx_std', 'mfcc_2']",0.819672131147541,0.7225433526011561,0.946969696969697,0.9299488155064091,0.9107662463627546,0.9233038348082596,0.8985645933014355,0.9384269486813316,0.9711388455538221,0.9920318725099602,0.9511077158135982,0.9972754765343137
LR,0.9005069662014625,0.8784341256378584,0.9336484035400444,0.9270435446906035,0.9468886292220184,"{'C': 10.0, 'solver': 'lbfgs'}","['mfcc_mean', 'spec_skew', 'spec_kurtosis', 'mfcc_1', 'wav_detail_lvl5_std', 'mfcc_var', 'mfcc_std', 'wav_approx_std']",0.826797385620915,0.7270114942528736,0.9583333333333334,0.9218103876226449,0.9088277858176556,0.9163424124513618,0.9014354066985646,0.9229390720076638,0.9658957271658173,0.9919484702093397,0.9411764705882353,0.9959164280357465
LR,0.9004814066855381,0.8802242940959298,0.9309055839241598,0.9327731092436975,0.9598662678136569,"{'C': 10.0, 'solver': 'lbfgs'}","['mfcc_mean', 'spec_kurtosis', 'NDSI', 'mfcc_var', 'wav_approx_std', 'mfcc_2']",0.8111658456486043,0.7159420289855073,0.9356060606060606,0.9322625656919976,0.913894324853229,0.934934934934935,0.8937799043062201,0.9493964861406894,0.9763840495547813,0.9897959183673469,0.9633307868601986,0.9979397516082837
LR,0.9004754948232462,0.8801545249558084,0.930476592550896,0.9327731092436975,0.9568056808146864,"{'C': 0.1, 'solver': 'lbfgs'}","['NDSI', 'wav_detail_lvl5_std', 'mfcc_std', 'wav_approx_std', 'mfcc_2']",0.8105436573311368,0.717201166180758,0.9318181818181818,0.920684460034501,0.9146459747817652,0.9272369714847591,0.9023923444976076,0.9516450091597024,0.9762368523568368,0.9960254372019078,0.9572192513368984,0.9980875732498559
LR,0.9004502437326014,0.8781938677439566,0.9351842172275608,0.9312452253628725,0.9606658275351104,"{'C': 10.0, 'solver': 'lbfgs'}","['mfcc_mean', 'spec_kurtosis', 'NDSI', 'mfcc_1', 'mfcc_std', 'wav_approx_std']",0.81421647819063,0.7098591549295775,0.9545454545454546,0.9399015414834839,0.9128953771289537,0.9287128712871288,0.8976076555023923,0.9443892025641746,0.9742388758782201,0.9960095770151636,0.9533995416348358,0.9977067385576729
LR,0.9004303129666346,0.882847803612695,0.9239546057657514,0.9270435446906035,0.9511556845961676,"{'C': 10.0, 'solver': 'lbfgs'}","['mfcc_1', 'mfcc_var', 'mfcc_std', 'mfcc_2']",0.82793867120954,0.7523219814241486,0.9204545454545454,0.9246678226046183,0.9084810733109727,0.9097888675623801,0.907177033492823,0.9320999444501477,0.9648711943793911,0.9864325618515563,0.9442322383498855,0.996699286733737
LR,0.9003003111330452,0.8779191239719605,0.9350316522143148,0.9285714285714286,0.9441654864422714,"{'C': 10.0, 'solver': 'lbfgs'}","['mfcc_mean', 'mfcc_1', 'wav_detail_lvl5_std', 'mfcc_std']",0.8220064724919094,0.7175141242937854,0.9621212121212122,0.9310538915276608,0.9092682926829269,0.9273631840796019,0.8918660287081339,0.9063616584023395,0.969626168224299,0.988880063542494,0.9511077158135982,0.9950809093968142
LR,0.9002596896747056,0.8782763576489403,0.9338466487073299,0.9293353705118411,0.9564119770465851,"{'C': 0.1, 'solver': 'lbfgs'}","['mfcc_mean', 'spec_skew', 'spec_kurtosis', 'mfcc_1', 'wav_detail_lvl5_std', 'wav_approx_std', 'mfcc_2']",0.8195121951219512,0.717948717948718,0.9545454545454546,0.9294884869959946,0.9101505585235551,0.9240631163708086,0.8966507177033493,0.9424930504977019,0.9711163153786104,0.9928172386272945,0.9503437738731857,0.9972543936460588
LR,0.9001728394387644,0.8783582757573862,0.9335893208958225,0.9293353705118411,0.9581226086110642,"{'C': 10.0, 'solver': 'lbfgs'}","['mfcc_mean', 'spec_skew', 'mfcc_var', 'mfcc_2']",0.8195121951219512,0.717948717948718,0.9545454545454546,0.942006727442885,0.9098000975134081,0.9274353876739563,0.8928229665071771,0.9351949285519909,0.9712062256809338,0.9896907216494846,0.9533995416348358,0.9971661698383166
LR,0.90017091557961,0.8798844978497001,0.929107193116481,0.926279602750191,0.9446731860416705,"{'C': 10.0, 'solver': 'lbfgs'}","['spec_kurtosis', 'mfcc_1', 'wav_detail_lvl5_std', 'mfcc_var', 'mfcc_std', 'wav_approx_std']",0.8286189683860233,0.7388724035608308,0.9431818181818182,0.9206779906870369,0.9070775156475686,0.9127906976744186,0.9014354066985646,0.9176422923361574,0.9648162627052385,0.9879903923138511,0.9427043544690603,0.9956992751018175
LR,0.9001185598781293,0.8789400150718145,0.9319566742167361,0.9297173414820473,0.9533880629638283,"{'C': 10.0, 'solver': 'lbfgs'}","['mfcc_mean', 'spec_skew', 'mfcc_1', 'mfcc_var', 'mfcc_2']",0.8183306055646481,0.7204610951008645,0.946969696969697,0.9379879161304883,0.9104186952288218,0.9266600594648167,0.8947368421052632,0.9249100085822624,0.9716063788409179,0.9896988906497622,0.9541634835752483,0.9972662641787343
LR,0.9000709106576575,0.8784308988723861,0.9328386697581744,0.9293353705118411,0.9574925831699289,"{'C': 0.1, 'solver': 'lbfgs'}","['mfcc_mean', 'spec_skew', 'spec_kurtosis', 'mfcc_1', 'wav_detail_lvl5_std', 'mfcc_std', 'wav_approx_std', 'mfcc_2']",0.8189233278955954,0.7191977077363897,0.9507575757575758,0.9312141228741663,0.9101505585235551,0.9240631163708086,0.8966507177033493,0.9439091236485201,0.9711388455538221,0.9920318725099602,0.9511077158135982,0.9973545029871004
LR,0.8997756848142268,0.8798101269447329,0.9286297294037232,0.9300993124522536,0.9561098128356603,"{'C': 10.0, 'solver': 'lbfgs'}","['mfcc_var', 'wav_approx_std', 'mfcc_2']",0.8159203980099502,0.7256637168141593,0.9318181818181818,0.9301698664145545,0.9114658925979681,0.9217221135029354,0.9014354066985646,0.9407562651494792,0.9719407638347622,0.9920445505171042,0.9526355996944232,0.9974033069429474
LR,0.899727325787837,0.8800611723653068,0.9283963026997082,0.9327731092436975,0.9494874801627304,"{'C': 1.0, 'solver': 'lbfgs'}","['spec_skew', 'spec_kurtosis', 'NDSI', 'mfcc_1', 'mfcc_var', 'mfcc_std', 'wav_approx_std']",0.8079470198675497,0.7176470588235294,0.9242424242424242,0.9055926643020245,0.9145631067961165,0.9280788177339901,0.9014354066985646,0.9446900639305774,0.9766718506998445,0.9944576405384006,0.959511077158136,0.9981797122555895
LR,0.8997091268115592,0.8780471310814933,0.9327100058524208,0.9293353705118411,0.9569328830870996,"{'C': 0.1, 'solver': 'lbfgs'}","['spec_skew', 'spec_kurtosis', 'wav_detail_lvl5_std', 'mfcc_std', 'wav_approx_std', 'mfcc_2']",0.8175895765472313,0.7171428571428572,0.9507575757575758,0.9281833248828417,0.9099756690997567,0.9257425742574258,0.8947368421052632,0.9452085353484941,0.9715621347876899,0.9912559618441972,0.9526355996944232,0.9974067890299629
LR,0.8996748751222823,0.8797807487200718,0.9289699292795269,0.93353705118411,0.9605234510741566,"{'C': 1.0, 'solver': 'lbfgs'}","['NDSI', 'mfcc_var', 'mfcc_std', 'wav_approx_std', 'mfcc_2']",0.8052805280528053,0.7134502923976608,0.9242424242424242,0.9305149955025497,0.9155339805825242,0.929064039408867,0.9023923444976076,0.9528899280886107,0.9782101167315175,0.9968279143536876,0.9602750190985485,0.9981654296313094
LR,0.8996533681233067,0.8773402839486472,0.934723283252695,0.9297173414820473,0.9638694585487125,"{'C': 10.0, 'solver': 'lbfgs'}","['spec_skew', 'spec_kurtosis', 'mfcc_var', 'mfcc_std', 'mfcc_2']",0.8161290322580645,0.7106741573033708,0.9583333333333334,0.9456391208518817,0.9100684261974584,0.9300699300699301,0.8909090909090909,0.9484524643024718,0.9727626459143969,0.9912767644726408,0.9549274255156608,0.9975167904917842
LR,0.8996214456373329,0.878269054693769,0.931640375448425,0.9289533995416348,0.9586051411616752,"{'C': 0.1, 'solver': 'lbfgs'}","['spec_skew', 'spec_kurtosis', 'mfcc_var', 'wav_approx_std', 'mfcc_2']",0.8183306055646481,0.7204610951008645,0.946969696969697,0.9361731635822766,0.9097963142580019,0.9223205506391348,0.8976076555023923,0.9423316315571186,0.9707374170893485,0.9920255183413078,0.9503437738731857,0.9973106283456303
LR,0.8996052023157626,0.8807168479135975,0.9264957179043867,0.9316271963330787,0.9550480464978911,"{'C': 10.0, 'solver': 'lbfgs'}","['mfcc_mean', 'mfcc_var', 'mfcc_std', 'wav_approx_std', 'mfcc_2']",0.8113522537562604,0.7253731343283583,0.9204545454545454,0.9239270170815581,0.9130645944633318,0.9270216962524654,0.8995215311004785,0.9434526152033648,0.9743987587276959,0.9897557131599685,0.959511077158136,0.9977645072087504
LR,0.8994227450861064,0.8772656356346845,0.9342889308833581,0.93048128342246,0.963316855877821,"{'C': 10.0, 'solver': 'lbfgs'}","['spec_skew', 'spec_kurtosis', 'mfcc_var', 'mfcc_std', 'wav_approx_std', 'mfcc_2']",0.8129032258064516,0.7078651685393258,0.9545454545454546,0.9426436191953861,0.9110459433040078,0.9310689310689311,0.8918660287081339,0.9496341036628629,0.9743190661478599,0.992862807295797,0.9564553093964858,0.997672844775214
LR,0.8993262398319941,0.8798594409556024,0.9273910042485894,0.9323911382734912,0.9587162249442837,"{'C': 0.1, 'solver': 'lbfgs'}","['NDSI', 'mfcc_std', 'mfcc_2']",0.8073089700996677,0.7189349112426036,0.9204545454545454,0.9261799432602493,0.9144514258095698,0.923828125,0.9052631578947369,0.9518269364636033,0.9762183235867447,0.9968152866242038,0.9564553093964858,0.9981417951089985
LR,0.8992030962591552,0.878603632755805,0.9300932813316715,0.9323911382734912,0.9608754392319484,"{'C': 10.0, 'solver': 'lbfgs'}","['NDSI', 'mfcc_var', 'wav_approx_std', 'mfcc_2']",0.8065573770491803,0.7109826589595376,0.9318181818181818,0.932344427046983,0.9140359397765906,0.928007889546351,0.9004784688995215,0.9521377910086409,0.9770159719516945,0.9968203497615262,0.957983193277311,0.9981440996402212
LR,0.8991687356156254,0.8774150995203627,0.9322650431783558,0.9285714285714286,0.9561572368070262,"{'C': 0.1, 'solver': 'lbfgs'}","['mfcc_mean', 'spec_skew', 'spec_kurtosis', 'wav_detail_lvl5_std', 'mfcc_std', 'wav_approx_std', 'mfcc_2']",0.8175895765472313,0.7171428571428572,0.9507575757575758,0.9275687994502064,0.9091792132102963,0.9230769230769231,0.8956937799043062,0.9435734006565266,0.9707374170893485,0.9920255183413078,0.9503437738731857,0.9973295103143457
LR,0.8989880932939629,0.8775204337176982,0.9317153177060299,0.93048128342246,0.9595937331455243,"{'C': 10.0, 'solver': 'lbfgs'}","['spec_kurtosis', 'NDSI', 'mfcc_1', 'mfcc_var', 'mfcc_std', 'wav_approx_std']",0.8110749185667753,0.7114285714285714,0.9431818181818182,0.9335355064347838,0.9116504854368932,0.9251231527093596,0.8985645933014355,0.9474834160665402,0.9742388758782201,0.9960095770151636,0.9533995416348358,0.997762276935249
LR,0.8989449823162751,0.8776996732063252,0.930101881262872,0.9251336898395722,0.9416829623177838,"{'C': 10.0, 'solver': 'lbfgs'}","['spec_skew', 'mfcc_1', 'wav_detail_lvl5_std', 'mfcc_var', 'mfcc_std']",0.8270181219110379,0.7317784256559767,0.9507575757575758,0.9192651277747654,0.9054054054054054,0.9133398247322297,0.8976076555023923,0.9108243422823545,0.9644114196323818,0.9879807692307693,0.9419404125286478,0.9949594168962312
LR,0.8988869287756506,0.8762895515592254,0.9358678559142956,0.9316271963330787,0.9649115995829893,"{'C': 10.0, 'solver': 'lbfgs'}","['spec_skew', 'spec_kurtosis', 'NDSI', 'mfcc_1', 'mfcc_std', 'wav_approx_std']",0.8070175438596491,0.696969696969697,0.9583333333333334,0.9417867947567968,0.912573673870334,0.9374369323915237,0.8889952153110048,0.95480115333667,0.9770695685969685,0.9944620253164557,0.9602750190985485,0.9981468506555013
LR,0.8988658549517007,0.8771263013568816,0.9319460639120082,0.9281894576012223,0.9594544942411071,"{'C': 0.1, 'solver': 'lbfgs'}","['mfcc_mean', 'spec_skew', 'spec_kurtosis', 'mfcc_1', 'wav_detail_lvl5_std', 'mfcc_std', 'mfcc_2']",0.8175895765472313,0.7171428571428572,0.9507575757575758,0.936080109558046,0.9086491739552964,0.9230009871668312,0.8947368421052632,0.9449578324962895,0.9703588143525741,0.9912350597609562,0.9503437738731857,0.9973255406689857
LR,0.8986350051355027,0.8778622696950377,0.9293697702366432,0.9285714285714286,0.9603533928917191,"{'C': 0.1, 'solver': 'lbfgs'}","['spec_skew', 'spec_kurtosis', 'mfcc_var', 'mfcc_2']",0.8157894736842105,0.7209302325581395,0.9393939393939394,0.9420123195071287,0.9093553078041687,0.9214145383104125,0.8976076555023923,0.9418282537949201,0.9707602339181286,0.9912420382165605,0.9511077158135982,0.9972196053731082
LR,0.8984327918610019,0.877097680879793,0.9304287903359111,0.9274255156608098,0.9535656942446283,"{'C': 10.0, 'solver': 'lbfgs'}","['mfcc_mean', 'spec_kurtosis', 'mfcc_var', 'mfcc_2']",0.8183306055646481,0.7204610951008645,0.946969696969697,0.9386111239206192,0.9077669902912622,0.9211822660098522,0.8947368421052632,0.9253800270196448,0.9692007797270955,0.9896496815286624,0.9495798319327731,0.996705931793621
LR,0.8983068517549123,0.8778801199339185,0.9288173642662807,0.9308632543926662,0.9340178118125292,"{'C': 10.0, 'solver': 'lbfgs'}","['mfcc_mean', 'NDSI', 'mfcc_1', 'wav_detail_lvl5_std', 'mfcc_var', 'wav_approx_std']",0.8078817733990148,0.7130434782608696,0.9318181818181818,0.8539563522886431,0.9119221411192214,0.9277227722772278,0.8966507177033493,0.9501152731824927,0.9751166407465007,0.9928741092636579,0.957983193277311,0.9979818099664519
LR,0.8982842395231034,0.8790414505318661,0.9252523018776889,0.9255156608097784,0.9534124829228947,"{'C': 0.1, 'solver': 'lbfgs'}","['mfcc_1', 'wav_detail_lvl5_std', 'mfcc_std', 'mfcc_2']",0.8241206030150754,0.7387387387387387,0.9318181818181818,0.9260334553258338,0.9057515708071532,0.9150390625,0.8966507177033493,0.9373455398496456,0.9649805447470817,0.9833465503568596,0.9472880061115355,0.9968584535932048
LR,0.8982177093718158,0.8771301144590984,0.9290322508588762,0.9247517188693659,0.9294704942107194,"{'C': 1.0, 'solver': 'lbfgs'}","['spec_kurtosis', 'mfcc_1', 'wav_detail_lvl5_std', 'mfcc_var', 'mfcc_std']",0.8250825082508251,0.7309941520467836,0.946969696969697,0.890617912292341,0.9052429052429053,0.9100580270793037,0.9004784688995215,0.9030204456808876,0.964327714621717,0.9903381642512077,0.9396485867074102,0.99477312465893
LR,0.8981701962594265,0.876861434124892,0.9303134172329219,0.9285714285714286,0.9574309157500674,"{'C': 0.1, 'solver': 'lbfgs'}","['spec_skew', 'spec_kurtosis', 'mfcc_std', 'wav_approx_std', 'mfcc_2']",0.8137254901960784,0.7155172413793104,0.9431818181818182,0.930148163917913,0.9092673459485686,0.922244094488189,0.8966507177033493,0.9447645228301556,0.9715177526336325,0.992822966507177,0.9511077158135982,0.9973800605021339
LR,0.8981624773487974,0.8774933374067334,0.9293777000433346,0.93048128342246,0.9592364827749215,"{'C': 10.0, 'solver': 'lbfgs'}","['mfcc_mean', 'spec_kurtosis', 'NDSI', 'mfcc_std', 'mfcc_2']",0.8085106382978723,0.7118155619596542,0.9356060606060606,0.9340029730036992,0.911219512195122,0.9293532338308458,0.8937799043062201,0.9458736719441257,0.974757281553398,0.9913112164296999,0.9587471352177235,0.9978328033769392
LR,0.898133036558065,0.877850663218867,0.9282570284892268,0.9312452253628725,0.9590212797168783,"{'C': 1.0, 'solver': 'lbfgs'}","['NDSI', 'mfcc_1', 'mfcc_std', 'mfcc_2']",0.805921052631579,0.7122093023255814,0.928030303030303,0.9276431233128196,0.912621359223301,0.9261083743842364,0.8995215311004785,0.9512807094493425,0.9758566978193146,0.9952343129467831,0.9572192513368984,0.9981400063884728
LR,0.8979567712069692,0.8762621195119739,0.9309891261129651,0.9270435446906035,0.931054042264713,"{'C': 1.0, 'solver': 'lbfgs'}","['mfcc_mean', 'mfcc_1', 'wav_detail_lvl5_std', 'mfcc_std', 'wav_approx_std']",0.8175895765472313,0.7171428571428572,0.9507575757575758,0.8833329094888189,0.9070559610705596,0.9227722772277228,0.8918660287081339,0.9136175408971431,0.9692247760031165,0.9888712241653418,0.9503437738731857,0.9962116764081769
LR,0.8978803592580227,0.8787875098482104,0.9257907469207779,0.9312452253628725,0.9601146613461262,"{'C': 10.0, 'solver': 'lbfgs'}","['mfcc_mean', 'NDSI', 'mfcc_var', 'mfcc_std', 'wav_approx_std', 'mfcc_2']",0.8059701492537313,0.7168141592920354,0.9204545454545454,0.9241405281424071,0.9120234604105572,0.932067932067932,0.8928229665071771,0.9579097908710335,0.9756474681097796,0.9874804381846636,0.9640947288006112,0.9982936650249381
LR,0.8978777804732841,0.8759559482150802,0.9329592921698185,0.93048128342246,0.9624126674994297,"{'C': 1.0, 'solver': 'lbfgs'}","['mfcc_mean', 'spec_skew', 'spec_kurtosis', 'mfcc_1', 'mfcc_std', 'wav_approx_std', 'mfcc_2']",0.8070739549839229,0.7011173184357542,0.9507575757575758,0.935679677205544,0.9106090373280943,0.9354187689202825,0.8870813397129187,0.9537919194268173,0.9759503491078355,0.9913317572892041,0.961038961038961,0.9977664058659279
LR,0.8978761167395083,0.8764286878132931,0.9303777491857987,0.9285714285714286,0.9564432058600366,"{'C': 0.1, 'solver': 'lbfgs'}","['mfcc_mean', 'spec_skew', 'spec_kurtosis', 'mfcc_1', 'wav_approx_std', 'mfcc_2']",0.8123980424143556,0.7134670487106017,0.9431818181818182,0.931248259863514,0.9093553078041687,0.9214145383104125,0.8976076555023923,0.9408812578255037,0.971875,0.9944044764188649,0.9503437738731857,0.9972000998910923
LR,0.897832044126574,0.8764575523488296,0.9302490852800451,0.9285714285714286,0.9577342538083119,"{'C': 0.1, 'solver': 'lbfgs'}","['spec_skew', 'spec_kurtosis', 'mfcc_1', 'wav_approx_std', 'mfcc_2']",0.8123980424143556,0.7134670487106017,0.9431818181818182,0.9323195766513861,0.9091792132102963,0.9230769230769231,0.8956937799043062,0.9435893820044531,0.9719188767550702,0.9928286852589642,0.9518716577540107,0.9972938027690963
LR,0.8977669011714039,0.8766219947414099,0.9297020403057554,0.9300993124522536,0.9613554842481346,"{'C': 0.1, 'solver': 'lbfgs'}","['spec_skew', 'NDSI', 'mfcc_var', 'mfcc_2']",0.8071895424836601,0.7097701149425287,0.9356060606060606,0.940078263038163,0.9115514741420976,0.9208984375,0.9023923444976076,0.9461667498487119,0.974559686888454,0.9991974317817014,0.9511077158135982,0.9978214398575286
LR,0.897750090440261,0.8754531460848334,0.9315442125813643,0.9243697478991597,0.9320467804419112,"{'C': 1.0, 'solver': 'lbfgs'}","['mfcc_mean', 'spec_kurtosis', 'mfcc_1', 'wav_detail_lvl5_std', 'mfcc_std']",0.8241042345276873,0.7228571428571429,0.9583333333333334,0.8897859456826347,0.9044401544401545,0.9123661148977604,0.8966507177033493,0.9107256608041695,0.9647058823529412,0.9911361804995971,0.9396485867074102,0.9956287348389298
LR,0.8976728540482123,0.8770223497253887,0.9295653349058922,0.9312452253628725,0.9588846288289609,"{'C': 10.0, 'solver': 'lbfgs'}","['mfcc_mean', 'spec_kurtosis', 'NDSI', 'mfcc_1', 'wav_approx_std', 'mfcc_2']",0.8045602605863192,0.7057142857142857,0.9356060606060606,0.9302071708084113,0.9116781157998037,0.9355488418932527,0.8889952153110048,0.9485291967587834,0.9767801857585139,0.9898039215686274,0.9640947288006112,0.9979175189196877
LR,0.8976713195946603,0.8767264996779636,0.9289864590174188,0.9281894576012223,0.959270622026042,"{'C': 0.1, 'solver': 'lbfgs'}","['spec_skew', 'spec_kurtosis', 'mfcc_std', 'mfcc_2']",0.8131147540983606,0.7167630057803468,0.9393939393939394,0.9356916471774007,0.9087378640776699,0.9221674876847291,0.8956937799043062,0.9448283531439716,0.9711613406079501,0.9912490055688147,0.9518716577540107,0.9972918657567535
LR,0.8976291864174567,0.8750760997220821,0.9337796362564165,0.9297173414820473,0.9623946003336078,"{'C': 10.0, 'solver': 'lbfgs'}","['spec_skew', 'NDSI', 'mfcc_1', 'mfcc_var', 'mfcc_std', 'wav_approx_std']",0.8076923076923077,0.7,0.9545454545454546,0.9408390056660421,0.91015625,0.9292123629112662,0.8918660287081339,0.9485505568308974,0.9750390015600624,0.9960159362549801,0.9549274255156608,0.9977942385038838
LR,0.8975621795834968,0.8779341760729289,0.9259891037754815,0.93048128342246,0.9582324502143896,"{'C': 10.0, 'solver': 'lbfgs'}","['spec_kurtosis', 'NDSI', 'mfcc_1', 'mfcc_std', 'wav_approx_std']",0.8059701492537313,0.7168141592920354,0.9204545454545454,0.9309377268511682,0.9120772946859903,0.9209756097560976,0.9033492822966507,0.9459867107038614,0.9746390948107686,0.9960127591706539,0.9541634835752483,0.9977729130881396
LR,0.8975380450727334,0.8771213510628284,0.9280023811757557,0.9308632543926662,0.9587661458573483,"{'C': 1.0, 'solver': 'lbfgs'}","['NDSI', 'mfcc_1', 'mfcc_2']",0.8045977011494253,0.7101449275362319,0.928030303030303,0.9276347712216083,0.9121785540999515,0.9251968503937008,0.8995215311004785,0.9505456913269965,0.9758378799688231,0.9960222752585521,0.9564553093964858,0.9981179750234404
LR,0.897421864994563,0.8757358286488145,0.9306191056965051,0.9278074866310161,0.9536763544388336,"{'C': 10.0, 'solver': 'lbfgs'}","['spec_skew', 'mfcc_1', 'mfcc_var', 'wav_approx_std', 'mfcc_2']",0.8130081300813008,0.7122507122507122,0.946969696969697,0.9309907799065189,0.9081186193485659,0.9229249011857708,0.8937799043062201,0.9327843251588043,0.9711388455538221,0.9920318725099602,0.9511077158135982,0.9972539582511776
LR,0.8974065161532462,0.8759293547840522,0.9292092754167057,0.9239877769289534,0.9317582778507475,"{'C': 1.0, 'solver': 'lbfgs'}","['spec_skew', 'spec_kurtosis', 'mfcc_1', 'wav_detail_lvl5_std', 'mfcc_var', 'mfcc_std']",0.8243021346469622,0.7275362318840579,0.9507575757575758,0.8908889418654661,0.9039111540318686,0.9122807017543859,0.8956937799043062,0.9092424478896377,0.9640062597809077,0.9879711307137129,0.9411764705882353,0.9951434437971385
LR,0.8973398011978091,0.8766478221951041,0.9295010029530153,0.9312452253628725,0.9586970984863313,"{'C': 10.0, 'solver': 'lbfgs'}","['mfcc_mean', 'spec_kurtosis', 'NDSI', 'mfcc_1', 'mfcc_std', 'wav_approx_std', 'mfcc_2']",0.8032520325203252,0.7037037037037037,0.9356060606060606,0.9284325097869143,0.9115913555992141,0.9364278506559032,0.8880382775119617,0.9496994795427106,0.9771760154738878,0.9898119122257053,0.9648586707410237,0.9979593061293688
LR,0.8973112561073734,0.8748147166251563,0.9319248433025523,0.9251336898395722,0.9344925238657488,"{'C': 1.0, 'solver': 'lbfgs'}","['mfcc_mean', 'spec_skew', 'mfcc_1', 'wav_detail_lvl5_std', 'mfcc_std']",0.820097244732577,0.71671388101983,0.9583333333333334,0.8911885317864656,0.9051306873184899,0.9157688540646425,0.8947368421052632,0.9163510960113768,0.9667058362710537,0.9919614147909968,0.9427043544690603,0.995937943799404
LR,0.8973000425784673,0.87579313040027,0.9317583173620325,0.93048128342246,0.9609131121120312,"{'C': 10.0, 'solver': 'lbfgs'}","['mfcc_mean', 'spec_skew', 'NDSI', 'mfcc_1', 'wav_approx_std', 'mfcc_2']",0.8051529790660226,0.7002801120448179,0.946969696969697,0.9341700100679381,0.9103448275862069,0.9380710659898477,0.8842105263157894,0.9505141978115701,0.9764023210831722,0.9890282131661442,0.9640947288006112,0.9980551284565854
LR,0.8972704336748024,0.8758480432858605,0.9297397906531034,0.9278074866310161,0.956449591022229,"{'C': 0.1, 'solver': 'lbfgs'}","['mfcc_mean', 'spec_skew', 'spec_kurtosis', 'mfcc_std', 'wav_approx_std', 'mfcc_2']",0.8123980424143556,0.7134670487106017,0.9431818181818182,0.92979281165547,0.9082969432314411,0.9212598425196851,0.8956937799043062,0.9422688072834389,0.9711163153786104,0.9928172386272945,0.9503437738731857,0.9972871541277781
LR,0.8972541212168764,0.8747162828598903,0.9321151586631463,0.9255156608097784,0.9324351352268484,"{'C': 1.0, 'solver': 'lbfgs'}","['mfcc_mean', 'spec_skew', 'mfcc_1', 'wav_detail_lvl5_std', 'mfcc_std', 'wav_approx_std']",0.8187702265372169,0.7146892655367232,0.9583333333333334,0.8846176783057612,0.9054774600096946,0.9174852652259332,0.8937799043062201,0.9165672137976271,0.9675146771037182,0.9919743178170144,0.9442322383498855,0.9961205135771573
LR,0.8971598848090724,0.8783624181721447,0.923426659339972,0.9258976317799847,0.9449285888559364,"{'C': 10.0, 'solver': 'lbfgs'}","['mfcc_1', 'wav_detail_lvl5_std', 'mfcc_var', 'mfcc_std', 'wav_approx_std']",0.8187919463087249,0.7349397590361446,0.9242424242424242,0.9187983727255766,0.9060987415295256,0.9167482859941234,0.8956937799043062,0.9198359137575989,0.9665889665889665,0.983399209486166,0.9503437738731857,0.9961514800846338
LR,0.8970824250722105,0.8766928324038264,0.9269731816171444,0.9278074866310161,0.9516373414578441,"{'C': 1.0, 'solver': 'lbfgs'}","['spec_kurtosis', 'mfcc_1', 'mfcc_var', 'mfcc_std', 'wav_approx_std', 'mfcc_2']",0.8118811881188119,0.7192982456140351,0.9318181818181818,0.9336497515467272,0.9086515224746254,0.91796875,0.8995215311004785,0.924216115008263,0.970714564623194,0.9928115015974441,0.9495798319327731,0.9970461578185419
LR,0.8970518265537714,0.8771704665634005,0.9264957179043867,0.9316271963330787,0.95994965451677,"{'C': 1.0, 'solver': 'lbfgs'}","['NDSI', 'mfcc_1', 'mfcc_var', 'mfcc_std', 'wav_approx_std', 'mfcc_2']",0.800658978583196,0.7084548104956269,0.9204545454545454,0.9295958724407263,0.9130645944633318,0.9270216962524654,0.8995215311004785,0.9521122132690956,0.977431906614786,0.9960348929421095,0.959511077158136,0.9981408778404881
LR,0.8970083528910043,0.8745216047213907,0.9316058640362046,0.9247517188693659,0.9297945244740666,"{'C': 1.0, 'solver': 'lbfgs'}","['spec_kurtosis', 'mfcc_1', 'wav_detail_lvl5_std', 'mfcc_std', 'wav_approx_std']",0.820097244732577,0.71671388101983,0.9583333333333334,0.8818536048288586,0.9046004842615012,0.9156862745098039,0.8937799043062201,0.911835628054947,0.966327329678935,0.9911646586345382,0.9427043544690603,0.9956943405383943
LR,0.8969791663757997,0.8747624003383003,0.932375055285272,0.9281894576012223,0.9630107468070301,"{'C': 1.0, 'solver': 'lbfgs'}","['mfcc_mean', 'spec_skew', 'spec_kurtosis', 'mfcc_1', 'mfcc_std', 'mfcc_2']",0.8102893890675241,0.7039106145251397,0.9545454545454546,0.9391492653028591,0.907843137254902,0.9306532663316583,0.8861244019138756,0.9522889786024311,0.9728049728049728,0.9897233201581027,0.9564553093964858,0.9975939965158005
LR,0.8969575949031031,0.8755010969526508,0.9305627035503196,0.9297173414820473,0.9586420290610006,"{'C': 10.0, 'solver': 'lbfgs'}","['mfcc_mean', 'spec_skew', 'mfcc_var', 'wav_approx_std', 'mfcc_2']",0.8058252427184466,0.7033898305084746,0.9431818181818182,0.9353840345167513,0.9098922624877571,0.9317953861584755,0.8889952153110048,0.9430446070247456,0.9751552795031055,0.9913180741910024,0.959511077158136,0.9974974456415052
LR,0.8969574238819437,0.8761455564189791,0.9278126242522529,0.9243697478991597,0.9238311805576706,"{'C': 1.0, 'solver': 'lbfgs'}","['mfcc_1', 'wav_detail_lvl5_std', 'mfcc_var', 'mfcc_std']",0.8223684210526315,0.7267441860465116,0.946969696969697,0.8876590645808393,0.9034146341463415,0.9213930348258706,0.8861244019138756,0.8901310885556696,0.9650892164468581,0.9802994483845547,0.9503437738731857,0.9937033885365031
LR,0.8969335130324817,0.8754474225729286,0.9296754587002266,0.9278074866310161,0.9580101595810656,"{'C': 0.1, 'solver': 'lbfgs'}","['spec_skew', 'spec_kurtosis', 'mfcc_1', 'mfcc_std', 'wav_approx_std', 'mfcc_2']",0.8110749185667753,0.7114285714285714,0.9431818181818182,0.932073234778565,0.9082078678970374,0.9220907297830375,0.8947368421052632,0.9446010187801855,0.9715177526336325,0.992822966507177,0.9511077158135982,0.9973562251844466
LR,0.8969119952647744,0.8770184093304323,0.9261794191360755,0.9308632543926662,0.9573207010319965,"{'C': 10.0, 'solver': 'lbfgs'}","['mfcc_mean', 'NDSI', 'mfcc_1', 'mfcc_var', 'mfcc_std', 'wav_approx_std']",0.801980198019802,0.7105263157894737,0.9204545454545454,0.9258000433084159,0.913317191283293,0.9245098039215687,0.9023923444976076,0.9482681062282233,0.9754385964912281,0.9960191082802548,0.9556913674560733,0.9978939535593502
LR,0.8968773789983387,0.8749040951708283,0.9312060230790881,0.9297173414820473,0.9565569172564127,"{'C': 0.1, 'solver': 'lbfgs'}","['mfcc_mean', 'spec_skew', 'NDSI', 'mfcc_std', 'wav_approx_std', 'mfcc_2']",0.8045234248788369,0.7014084507042253,0.9431818181818182,0.9273542507604888,0.9107662463627546,0.9233038348082596,0.8985645933014355,0.9444745062943949,0.9753424657534246,1.0,0.9518716577540107,0.9978419947143544
LR,0.896775502316358,0.8755400129959243,0.9291900651807773,0.9297173414820473,0.9601152678465176,"{'C': 10.0, 'solver': 'lbfgs'}","['spec_kurtosis', 'NDSI', 'mfcc_var', 'mfcc_std', 'mfcc_2']",0.8045602605863192,0.7057142857142857,0.9356060606060606,0.9369503817150984,0.9107662463627546,0.9233038348082596,0.8985645933014355,0.9455891425337293,0.975,0.9976019184652278,0.9533995416348358,0.9978062792907252
LR,0.896775502316358,0.8755400129959243,0.9291900651807773,0.9297173414820473,0.9599727151012726,"{'C': 1.0, 'solver': 'lbfgs'}","['spec_skew', 'NDSI', 'mfcc_1', 'mfcc_var', 'wav_approx_std', 'mfcc_2']",0.8045602605863192,0.7057142857142857,0.9356060606060606,0.9368829101528039,0.9107662463627546,0.9233038348082596,0.8985645933014355,0.9451713257741489,0.975,0.9976019184652278,0.9533995416348358,0.9978639093768652
LR,0.8967574040683143,0.8755754957292604,0.9287318117039479,0.9278074866310161,0.959087702014599,"{'C': 0.1, 'solver': 'lbfgs'}","['spec_skew', 'spec_kurtosis', 'mfcc_1', 'mfcc_std', 'mfcc_2']",0.8104575163398693,0.7126436781609196,0.9393939393939394,0.9358763351283474,0.9082969432314411,0.9212598425196851,0.8956937799043062,0.94409100104478,0.9715177526336325,0.992822966507177,0.9511077158135982,0.9972957698706697
LR,0.8966895430235763,0.8751201218646045,0.9314393380956849,0.9300993124522536,0.9606137131907494,"{'C': 10.0, 'solver': 'lbfgs'}","['mfcc_mean', 'spec_skew', 'NDSI', 'mfcc_1', 'mfcc_std', 'wav_approx_std', 'mfcc_2']",0.8038585209003215,0.6983240223463687,0.946969696969697,0.932507409444716,0.9098077870872351,0.9380081300813008,0.8832535885167464,0.9512646945659379,0.9764023210831722,0.9890282131661442,0.9640947288006112,0.9980690355615943
LR,0.8965359969763065,0.8753937478193725,0.9281826446687127,0.9236058059587471,0.9247188612572735,"{'C': 1.0, 'solver': 'lbfgs'}","['mfcc_1', 'wav_detail_lvl5_std', 'mfcc_std']",0.8229508196721311,0.7254335260115607,0.9507575757575758,0.8883816081635221,0.90234375,0.9212362911266201,0.8842105263157894,0.8920992118800609,0.9643134212567882,0.9795114263199369,0.9495798319327731,0.9936757637282376
LR,0.8964948277501333,0.8752370474319394,0.9289354178673065,0.9293353705118411,0.961187237418125,"{'C': 0.1, 'solver': 'lbfgs'}","['spec_skew', 'NDSI', 'mfcc_var', 'mfcc_std', 'mfcc_2']",0.8045602605863192,0.7057142857142857,0.9356060606060606,0.9388973137581496,0.9103247697527872,0.9223968565815324,0.8985645933014355,0.9467676021418181,0.9745994529112935,0.9976,0.9526355996944232,0.9978967963544073
LR,0.896487662036371,0.8751352397535009,0.9288604756097015,0.9278074866310161,0.9587454025493426,"{'C': 0.1, 'solver': 'lbfgs'}","['mfcc_mean', 'spec_skew', 'spec_kurtosis', 'mfcc_1', 'mfcc_2']",0.8091353996737357,0.7106017191977078,0.9393939393939394,0.9365220402924478,0.9084745762711864,0.9196078431372549,0.8976076555023923,0.942588482657647,0.9718530101641908,0.9951961569255404,0.9495798319327731,0.997125684697933
LR,0.8964544507283178,0.8752859388935773,0.9284128324376003,0.9274255156608098,0.9593246683219679,"{'C': 0.1, 'solver': 'lbfgs'}","['spec_skew', 'spec_kurtosis', 'mfcc_1', 'mfcc_2']",0.8104575163398693,0.7126436781609196,0.9393939393939394,0.9369315136777429,0.9077669902912622,0.9211822660098522,0.8947368421052632,0.943846720006494,0.9711388455538221,0.9920318725099602,0.9511077158135982,0.9971957712816669
LR,0.8964439594847645,0.8751484895346672,0.9291257332279003,0.9297173414820473,0.9606379050856146,"{'C': 1.0, 'solver': 'lbfgs'}","['spec_skew', 'NDSI', 'mfcc_1', 'mfcc_var', 'mfcc_std', 'wav_approx_std', 'mfcc_2']",0.8032520325203252,0.7037037037037037,0.9356060606060606,0.9377464496025709,0.9106796116504854,0.9241379310344827,0.8976076555023923,0.9462633315611868,0.975400234283483,0.9976038338658147,0.9541634835752483,0.997903934093086
LR,0.8964125184947794,0.8754208372430904,0.9283591107894513,0.9289533995416348,0.9355573179246882,"{'C': 10.0, 'solver': 'lbfgs'}","['mfcc_mean', 'NDSI', 'mfcc_1', 'wav_detail_lvl5_std', 'mfcc_var']",0.8058727569331158,0.7077363896848138,0.9356060606060606,0.8592466113047753,0.9094449853943525,0.9256689791873142,0.8937799043062201,0.9495164582314349,0.9739198131568704,0.9928571428571429,0.9556913674560733,0.9979088842378547
LR,0.8963945002069441,0.878328313954616,0.9210327512185098,0.9247517188693659,0.9531663275738259,"{'C': 10.0, 'solver': 'lbfgs'}","['mfcc_var', 'mfcc_std', 'mfcc_2']",0.8189509306260575,0.7400611620795107,0.9166666666666666,0.9262184155004838,0.9053339740509371,0.9092664092664092,0.9014354066985646,0.9365025975831991,0.9648985959438378,0.9856573705179282,0.944996180290298,0.9967779696377952
LR,0.8963891665178898,0.8744797660933634,0.9306807571513454,0.9281894576012223,0.9529987845559811,"{'C': 10.0, 'solver': 'lbfgs'}","['spec_skew', 'mfcc_1', 'mfcc_var', 'mfcc_std', 'wav_approx_std', 'mfcc_2']",0.8077544426494345,0.704225352112676,0.946969696969697,0.9346272181025352,0.9082926829268293,0.9263681592039801,0.8909090909090909,0.9270331069114756,0.9731203739774056,0.9928457869634341,0.9541634835752483,0.9973360286539323
LR,0.8963714944434401,0.875934819784966,0.9268551280161187,0.9293353705118411,0.9313719489922724,"{'C': 1.0, 'solver': 'lbfgs'}","['spec_kurtosis', 'NDSI', 'mfcc_1', 'wav_detail_lvl5_std', 'mfcc_var']",0.8045977011494253,0.7101449275362319,0.928030303030303,0.8604412821786938,0.9102377486656963,0.9232283464566929,0.8976076555023923,0.9359839546920176,0.9742790335151987,0.994431185361973,0.9549274255156608,0.9976906101061063
LR,0.8963697403672558,0.8760193882862781,0.9269300702737236,0.9308632543926662,0.9583532145665101,"{'C': 10.0, 'solver': 'lbfgs'}","['NDSI', 'mfcc_1', 'wav_approx_std', 'mfcc_2']",0.8,0.7052023121387283,0.9242424242424242,0.9267521559194772,0.9120932491500728,0.9260355029585798,0.8985645933014355,0.9501939443416356,0.9770159719516945,0.9968203497615262,0.957983193277311,0.9981135434384173
LR,0.8963690930224111,0.876524922053278,0.9259837427794083,0.9312452253628725,0.9605110593659155,"{'C': 1.0, 'solver': 'lbfgs'}","['mfcc_mean', 'NDSI', 'mfcc_var', 'wav_approx_std', 'mfcc_2']",0.7993421052631579,0.7063953488372093,0.9204545454545454,0.9281650175483186,0.9122807017543859,0.929493545183714,0.8956937799043062,0.9551165769750065,0.9774844720496895,0.9936858721389108,0.9618029029793735,0.9982515835744215
LR,0.8963416323297961,0.875266324611968,0.9274479648318658,0.9243697478991597,0.9547984541641407,"{'C': 10.0, 'solver': 'lbfgs'}","['mfcc_mean', 'mfcc_var', 'mfcc_2']",0.819078947368421,0.7238372093023255,0.9431818181818182,0.9355654666955369,0.9043478260869565,0.9131707317073171,0.8956937799043062,0.9320847041804471,0.965598123534011,0.988791032826261,0.9434682964094728,0.9967451916164383
LR,0.8963106092655951,0.8737381089322014,0.9314128681775741,0.9247517188693659,0.9318507470336352,"{'C': 1.0, 'solver': 'lbfgs'}","['spec_skew', 'mfcc_1', 'wav_detail_lvl5_std', 'mfcc_std', 'wav_approx_std']",0.8174474959612278,0.7126760563380282,0.9583333333333334,0.8822513294522323,0.9043224866440019,0.9181459566074951,0.8909090909090909,0.9173437988326149,0.9671618451915559,0.9903923138510808,0.944996180290298,0.9959571128160586
LR,0.8962406679460515,0.8756729369702357,0.927096484526825,0.9285714285714286,0.9553846966981602,"{'C': 10.0, 'solver': 'lbfgs'}","['mfcc_mean', 'spec_kurtosis', 'mfcc_var', 'wav_approx_std', 'mfcc_2']",0.8065573770491803,0.7109826589595376,0.9318181818181818,0.9321518005767276,0.9090024330900244,0.9247524752475248,0.8937799043062201,0.936798881062806,0.9731621936989499,0.991283676703645,0.9556913674560733,0.9972034084549469
LR,0.8962239269894025,0.8739543905595969,0.9303432377735783,0.9243697478991597,0.9273890488696916,"{'C': 10.0, 'solver': 'lbfgs'}","['mfcc_mean', 'spec_skew', 'wav_detail_lvl5_std', 'mfcc_2']",0.8181818181818182,0.7159090909090909,0.9545454545454546,0.8822330172435471,0.904162633107454,0.9147894221351616,0.8937799043062201,0.9041791868119191,0.966327329678935,0.9911646586345382,0.9427043544690603,0.9957549425536089
LR,0.8962070562236967,0.8748337255810336,0.9286058282962307,0.9274255156608098,0.9586659509518926,"{'C': 0.1, 'solver': 'lbfgs'}","['mfcc_mean', 'spec_skew', 'spec_kurtosis', 'mfcc_std', 'mfcc_2']",0.8091353996737357,0.7106017191977078,0.9393939393939394,0.934932331580337,0.9080348499515973,0.9187071498530852,0.8976076555023923,0.9438638355553066,0.9714509190457568,0.9951923076923077,0.9488158899923606,0.9972016857200343
LR,0.8961632603953404,0.8748446562085416,0.9288710859144295,0.9293353705118411,0.9618629810391325,"{'C': 1.0, 'solver': 'lbfgs'}","['spec_skew', 'NDSI', 'mfcc_1', 'mfcc_var', 'mfcc_2']",0.8032520325203252,0.7037037037037037,0.9356060606060606,0.9412659485330549,0.9102377486656963,0.9232283464566929,0.8976076555023923,0.9464370858662086,0.975,0.9976019184652278,0.9533995416348358,0.9978859087181338
LR,0.8960088226771371,0.8739724637979113,0.9300832294640345,0.9247517188693659,0.9461851385059866,"{'C': 10.0, 'solver': 'lbfgs'}","['mfcc_1', 'wav_detail_lvl5_std', 'mfcc_std', 'wav_approx_std']",0.8168557536466775,0.7138810198300283,0.9545454545454546,0.9245252717146731,0.9038555392874573,0.9223107569721115,0.8861244019138756,0.9179898515361523,0.9673151750972763,0.985725614591594,0.9495798319327731,0.9960402922671344
LR,0.8959453558637988,0.875613029884263,0.9265334682517344,0.9293353705118411,0.9597542439608123,"{'C': 10.0, 'solver': 'lbfgs'}","['mfcc_mean', 'spec_kurtosis', 'NDSI', 'mfcc_1', 'mfcc_std', 'mfcc_2']",0.8032786885245902,0.708092485549133,0.928030303030303,0.9355765105456848,0.9098000975134081,0.9274353876739563,0.8928229665071771,0.9458433518695812,0.974757281553398,0.9913112164296999,0.9587471352177235,0.9978428694671712
LR,0.8959007133258353,0.8744243909685085,0.9289997498201833,0.9293353705118411,0.9598183407712139,"{'C': 0.1, 'solver': 'lbfgs'}","['spec_skew', 'NDSI', 'mfcc_std', 'mfcc_2']",0.801948051948052,0.7017045454545454,0.9356060606060606,0.9352307992132214,0.910411622276029,0.9215686274509803,0.8995215311004785,0.9463543451505209,0.9753424657534246,1.0,0.9518716577540107,0.9978698779498998
LR,0.8959000517612673,0.8753662423854559,0.926144907723855,0.9266615737203973,0.9511013183206752,"{'C': 1.0, 'solver': 'lbfgs'}","['spec_kurtosis', 'mfcc_1', 'mfcc_var', 'wav_approx_std', 'mfcc_2']",0.8105436573311368,0.717201166180758,0.9318181818181818,0.9332117578755347,0.9072463768115943,0.9160975609756098,0.8985645933014355,0.9231008860639393,0.9699101211410708,0.9928,0.948051948051948,0.996991311022552
LR,0.8958994973598818,0.8773980429910792,0.9218205942664147,0.9285714285714286,0.9592439495706641,"{'C': 10.0, 'solver': 'lbfgs'}","['mfcc_mean', 'NDSI', 'mfcc_1', 'mfcc_std']",0.8053691275167785,0.7228915662650602,0.9090909090909091,0.9320471718216515,0.91005291005291,0.9148936170212766,0.9052631578947369,0.9478202314663232,0.972276454509957,0.994408945686901,0.9511077158135982,0.9978644454240172
LR,0.8958963482443286,0.8747739134028194,0.9279784800682633,0.9281894576012223,0.9360148736476179,"{'C': 10.0, 'solver': 'lbfgs'}","['spec_skew', 'NDSI', 'mfcc_1', 'wav_detail_lvl5_std', 'mfcc_var']",0.8058727569331158,0.7077363896848138,0.9356060606060606,0.869661482102317,0.9087378640776699,0.9221674876847291,0.8956937799043062,0.9406545913814067,0.9730784237222005,0.9944178628389154,0.9526355996944232,0.99772854745913
LR,0.8958760754454306,0.8740361228810584,0.928699980789764,0.9232238349885409,0.9299577801952449,"{'C': 1.0, 'solver': 'lbfgs'}","['spec_kurtosis', 'mfcc_1', 'wav_detail_lvl5_std', 'mfcc_std']",0.8202614379084967,0.7212643678160919,0.9507575757575758,0.8894559041337361,0.9030390738060782,0.9105058365758755,0.8956937799043062,0.9056746538314527,0.964327714621717,0.9903381642512077,0.9396485867074102,0.9947427826205462
LR,0.8957942633582104,0.8756447720626156,0.9261124066851621,0.9312452253628725,0.9585326878532521,"{'C': 10.0, 'solver': 'lbfgs'}","['NDSI', 'mfcc_std', 'wav_approx_std', 'mfcc_2']",0.7967213114754098,0.7023121387283237,0.9204545454545454,0.9257990692120127,0.9124513618677043,0.9277942631058358,0.8976076555023923,0.9516381280322754,0.9782101167315175,0.9968279143536876,0.9602750190985485,0.9981608663154683
LR,0.8957547981250721,0.8758190524901334,0.9256647635130607,0.9308632543926662,0.9586721687474333,"{'C': 1.0, 'solver': 'lbfgs'}","['mfcc_mean', 'NDSI', 'mfcc_std', 'wav_approx_std', 'mfcc_2']",0.7980295566502463,0.7043478260869566,0.9204545454545454,0.9226322217496878,0.9117503656752803,0.9294234592445328,0.8947368421052632,0.9551007757706386,0.9774844720496895,0.9936858721389108,0.9618029029793735,0.9982835087219736
LR,0.8957365521746287,0.8758558314611143,0.924638244452486,0.9274255156608098,0.9549639766591449,"{'C': 10.0, 'solver': 'lbfgs'}","['mfcc_1', 'wav_approx_std', 'mfcc_2']",0.8079470198675497,0.7176470588235294,0.9242424242424242,0.9276377837115535,0.9081237911025145,0.9178885630498533,0.8985645933014355,0.9398891949106337,0.9711388455538221,0.9920318725099602,0.9511077158135982,0.9973649513552475
LR,0.8957114381542355,0.8805111388029289,0.9154803229106635,0.93048128342246,0.9443096651203183,"{'C': 1.0, 'solver': 'lbfgs'}","['NDSI', 'mfcc_1', 'mfcc_var', 'mfcc_std']",0.8,0.7341772151898734,0.8787878787878788,0.8916514386668006,0.9128352490421456,0.9137104506232023,0.9119617224880383,0.9432765322367962,0.9742990654205608,0.9936457505957109,0.9556913674560733,0.9980010244573582
LR,0.8955465223899118,0.8729161446796709,0.9305229428294445,0.9232238349885409,0.9308540122607324,"{'C': 1.0, 'solver': 'lbfgs'}","['mfcc_mean', 'spec_kurtosis', 'mfcc_1', 'wav_detail_lvl5_std', 'mfcc_std', 'wav_approx_std']",0.8187702265372169,0.7146892655367232,0.9583333333333334,0.8842281333596065,0.9027576197387518,0.9129158512720157,0.8928229665071771,0.9124891671826069,0.9651117208937672,0.9911433172302737,0.9404125286478228,0.9958447362399836
LR,0.8955426826059435,0.8754473532597057,0.9256031120582203,0.93048128342246,0.9585424336955116,"{'C': 10.0, 'solver': 'lbfgs'}","['NDSI', 'mfcc_1', 'mfcc_std', 'wav_approx_std', 'mfcc_2']",0.7980295566502463,0.7043478260869566,0.9204545454545454,0.9263519145174113,0.9115646258503401,0.9259624876604146,0.8976076555023923,0.9511313949436629,0.977033865317244,0.996031746031746,0.9587471352177235,0.9981439916254606
LR,0.8955295936205171,0.873752986313454,0.9282523376176627,0.9228418640183346,0.9324626618982202,"{'C': 1.0, 'solver': 'lbfgs'}","['spec_skew', 'mfcc_1', 'wav_detail_lvl5_std', 'mfcc_std']",0.8202614379084967,0.7212643678160919,0.9507575757575758,0.8904472966855471,0.902321083172147,0.9120234604105572,0.8928229665071771,0.9117681343984989,0.9640062597809077,0.9879711307137129,0.9411764705882353,0.9951725546106145
LR,0.895522515001475,0.8732850405157923,0.9292629970648547,0.9224598930481284,0.930933569811836,"{'C': 0.1, 'solver': 'lbfgs'}","['mfcc_mean', 'spec_skew', 'spec_kurtosis', 'wav_detail_lvl5_std', 'wav_approx_std', 'mfcc_2']",0.8208469055374593,0.72,0.9545454545454546,0.8774574710706501,0.9022628791526239,0.9079457364341085,0.8966507177033493,0.9193467165111391,0.9634577603143418,0.9919093851132686,0.9365928189457601,0.9959965218537189
LR,0.8955089989598064,0.8804377649522103,0.9150353602365987,0.9297173414820473,0.9438989780103547,"{'C': 1.0, 'solver': 'lbfgs'}","['NDSI', 'mfcc_1', 'mfcc_std']",0.8013816925734024,0.7365079365079366,0.8787878787878788,0.8900981790345005,0.9120458891013384,0.9111747851002865,0.9129186602870814,0.9436237908410883,0.9730994152046784,0.9936305732484076,0.9533995416348358,0.9979749641554749
LR,0.8953720786954725,0.875548942446498,0.9247237970148188,0.93048128342246,0.9592220334469101,"{'C': 1.0, 'solver': 'lbfgs'}","['NDSI', 'mfcc_1', 'mfcc_var', 'wav_approx_std', 'mfcc_2']",0.7973640856672158,0.7055393586005831,0.9166666666666666,0.9287994707825226,0.9117361784675073,0.9242871189773845,0.8995215311004785,0.9507498611058637,0.9770159719516945,0.9968203497615262,0.957983193277311,0.9981167684523443
LR,0.8953170080829654,0.8746763613142923,0.9276004181576937,0.9300993124522536,0.9585023882178851,"{'C': 10.0, 'solver': 'lbfgs'}","['mfcc_mean', 'spec_kurtosis', 'NDSI', 'mfcc_std', 'wav_approx_std', 'mfcc_2']",0.7987012987012987,0.6988636363636364,0.9318181818181818,0.927703472351149,0.9100737100737101,0.9353535353535354,0.8861244019138756,0.949862751650585,0.9771760154738878,0.9898119122257053,0.9648586707410237,0.9979409406519216
LR,0.8952219576113282,0.8736677431217196,0.9288067539615527,0.9293353705118411,0.9606320849395855,"{'C': 10.0, 'solver': 'lbfgs'}","['spec_skew', 'NDSI', 'mfcc_var', 'mfcc_std', 'wav_approx_std', 'mfcc_2']",0.7993527508090615,0.6977401129943502,0.9356060606060606,0.9366543168332765,0.9101505585235551,0.9240631163708086,0.8966507177033493,0.9473376086045765,0.9761625635013678,0.9992,0.9541634835752483,0.9979043293809035
LR,0.8952113004566303,0.8755803129674661,0.9236302655033306,0.9274255156608098,0.9546187223000403,"{'C': 10.0, 'solver': 'lbfgs'}","['mfcc_std', 'wav_approx_std', 'mfcc_2']",0.8059701492537313,0.7168141592920354,0.9204545454545454,0.9256598940912498,0.9081237911025145,0.9178885630498533,0.8985645933014355,0.9407570487690139,0.9715399610136453,0.9920382165605095,0.9518716577540107,0.9974392240398572
LR,0.8951417652400737,0.8751170815660267,0.925345784246713,0.93048128342246,0.9591619901661591,"{'C': 1.0, 'solver': 'lbfgs'}","['mfcc_mean', 'NDSI', 'mfcc_1', 'mfcc_std', 'wav_approx_std', 'mfcc_2']",0.7967213114754098,0.7023121387283237,0.9204545454545454,0.9242904335030375,0.911219512195122,0.9293532338308458,0.8937799043062201,0.9549181186303471,0.9774844720496895,0.9936858721389108,0.9618029029793735,0.9982774183650924
LR,0.8951360348304261,0.8753090419018202,0.9241395601302722,0.9281894576012223,0.9560690392026303,"{'C': 10.0, 'solver': 'lbfgs'}","['spec_kurtosis', 'NDSI', 'mfcc_1', 'mfcc_var', 'wav_approx_std', 'mfcc_2']",0.8033057851239669,0.7126099706744868,0.9204545454545454,0.9246656191862449,0.9090029041626331,0.9196865817825661,0.8985645933014355,0.9457566617217589,0.9730994152046784,0.9936305732484076,0.9533995416348358,0.9977848366998873
LR,0.8950832553531324,0.8779818558933012,0.9183006535947712,0.9289533995416348,0.9309517244826888,"{'C': 10.0, 'solver': 'lbfgs'}","['spec_kurtosis', 'NDSI', 'mfcc_1', 'mfcc_var']",0.801358234295416,0.7261538461538461,0.8939393939393939,0.8578619946740799,0.9108341323106424,0.9125840537944284,0.9090909090909091,0.9371250567852262,0.9730573994533386,0.9952076677316294,0.9518716577540107,0.9978681219887603
LR,0.8949910089172698,0.8735466301291085,0.9280428120211403,0.9281894576012223,0.9610640835863119,"{'C': 0.1, 'solver': 'lbfgs'}","['spec_skew', 'NDSI', 'mfcc_1', 'mfcc_var', 'mfcc_std', 'mfcc_2']",0.801948051948052,0.7017045454545454,0.9356060606060606,0.9387010172242727,0.9088263821532493,0.9213372664700098,0.8966507177033493,0.9465899557259502,0.9741985926505082,0.9975980784627703,0.9518716577540107,0.9979012778087126
LR,0.8949321763487089,0.8748452656577269,0.9244612198946563,0.9281894576012223,0.9590391563270174,"{'C': 0.1, 'solver': 'lbfgs'}","['spec_kurtosis', 'NDSI', 'mfcc_var', 'mfcc_2']",0.801980198019802,0.7105263157894737,0.9204545454545454,0.9360499083067532,0.9094412331406551,0.915615906886518,0.9033492822966507,0.9433783433581978,0.9733750978856696,0.9983935742971888,0.9495798319327731,0.9976892173161013
LR,0.8947628525708639,0.8723492658236197,0.9292603165668182,0.9228418640183346,0.9271366350184681,"{'C': 1.0, 'solver': 'lbfgs'}","['mfcc_mean', 'spec_skew', 'wav_detail_lvl5_std', 'wav_approx_std', 'mfcc_2']",0.8168557536466775,0.7138810198300283,0.9545454545454546,0.8779539097690594,0.902321083172147,0.9120234604105572,0.8928229665071771,0.907531468320115,0.9651117208937672,0.9911433172302737,0.9404125286478228,0.9959245269662301
LR,0.8947156150299639,0.8742083471962778,0.9258955097190391,0.9285714285714286,0.9598464635490119,"{'C': 10.0, 'solver': 'lbfgs'}","['mfcc_mean', 'spec_kurtosis', 'NDSI', 'mfcc_1', 'mfcc_2']",0.8006535947712419,0.7040229885057471,0.928030303030303,0.9364603338899956,0.9087359687652513,0.9272908366533864,0.8909090909090909,0.9452453135871952,0.974757281553398,0.9913112164296999,0.9587471352177235,0.9978337431698453
LR,0.8946606162702725,0.8730609751437525,0.928297459334611,0.9285714285714286,0.9592906705616632,"{'C': 0.1, 'solver': 'lbfgs'}","['spec_skew', 'NDSI', 'mfcc_var', 'wav_approx_std', 'mfcc_2']",0.7993527508090615,0.6977401129943502,0.9356060606060606,0.9333957150773927,0.9092673459485686,0.922244094488189,0.8966507177033493,0.9465909063529175,0.9753617520531873,0.999198717948718,0.9526355996944232,0.997885390254679
LR,0.8945531416401707,0.8730952478057885,0.9276462099991512,0.9266615737203973,0.9572514923875494,"{'C': 1.0, 'solver': 'lbfgs'}","['spec_skew', 'mfcc_var', 'mfcc_std', 'wav_approx_std', 'mfcc_2']",0.8051948051948052,0.7045454545454546,0.9393939393939394,0.9403102136522278,0.9065238558909445,0.9226957383548068,0.8909090909090909,0.934123776536435,0.9719407638347622,0.9920445505171042,0.9526355996944232,0.9973204869739852
LR,0.8945299870716322,0.8744189750342825,0.9250268049803654,0.9300993124522536,0.958939587852686,"{'C': 1.0, 'solver': 'lbfgs'}","['mfcc_mean', 'NDSI', 'mfcc_1', 'wav_approx_std', 'mfcc_2']",0.795417348608838,0.7002881844380403,0.9204545454545454,0.9254248616915609,0.9106881405563689,0.9292828685258964,0.8928229665071771,0.9531303860152512,0.9774844720496895,0.9936858721389108,0.9618029029793735,0.9982635158512458
LR,0.8944173503218842,0.8716979282822847,0.9303272664727773,0.9236058059587471,0.948880206250376,"{'C': 10.0, 'solver': 'lbfgs'}","['spec_skew', 'spec_kurtosis', 'mfcc_1', 'wav_detail_lvl5_std', 'mfcc_std', 'wav_approx_std']",0.8135048231511254,0.7067039106145251,0.9583333333333334,0.9282389026163183,0.9025341130604289,0.9195630585898709,0.8861244019138756,0.9224104066801788,0.9672131147540983,0.9888268156424581,0.946524064171123,0.9959913094546308
LR,0.8943832962423347,0.8733227372823945,0.9267775052604774,0.9281894576012223,0.9293107836987669,"{'C': 1.0, 'solver': 'lbfgs'}","['mfcc_mean', 'spec_skew', 'NDSI', 'wav_detail_lvl5_std', 'mfcc_var']",0.8,0.7008547008547008,0.9318181818181818,0.8526884880394372,0.9084712755598832,0.9246778989098117,0.8928229665071771,0.9374270643931144,0.9746786131671211,0.994435612082671,0.9556913674560733,0.9978167986637491
LR,0.8943610736691462,0.8741271031761696,0.9242709045340624,0.9278074866310161,0.9577295642383027,"{'C': 0.1, 'solver': 'lbfgs'}","['spec_kurtosis', 'NDSI', 'mfcc_std', 'mfcc_2']",0.800658978583196,0.7084548104956269,0.9204545454545454,0.9308213977874404,0.9090909090909091,0.913926499032882,0.9043062200956937,0.9446114191481791,0.9733333333333334,1.0,0.948051948051948,0.9977558757792884
LR,0.894357605389529,0.8732297997003879,0.9270321525739482,0.9285714285714286,0.9291936671907793,"{'C': 1.0, 'solver': 'lbfgs'}","['mfcc_mean', 'spec_skew', 'NDSI', 'mfcc_1', 'wav_detail_lvl5_std']",0.7987012987012987,0.6988636363636364,0.9318181818181818,0.8534442538388989,0.9089137847053093,0.9255952380952381,0.8928229665071771,0.9363411490966841,0.975457732761979,0.9952305246422893,0.9564553093964858,0.997795598636755
LR,0.8943479574607637,0.8728586769367497,0.9272655792779633,0.9258976317799847,0.9514648910998446,"{'C': 10.0, 'solver': 'lbfgs'}","['spec_skew', 'mfcc_1', 'mfcc_var', 'mfcc_2']",0.8065040650406504,0.7065527065527065,0.9393939393939394,0.9363525711923139,0.9058252427184466,0.9192118226600985,0.8928229665071771,0.9209184152625111,0.970714564623194,0.9928115015974441,0.9495798319327731,0.9971236868447085
LR,0.8942708510382434,0.8713654732589818,0.9303942789236906,0.9232238349885409,0.947853353457738,"{'C': 10.0, 'solver': 'lbfgs'}","['mfcc_mean', 'spec_skew', 'spec_kurtosis', 'mfcc_1', 'wav_detail_lvl5_std', 'mfcc_std', 'wav_approx_std']",0.8135048231511254,0.7067039106145251,0.9583333333333334,0.9263849369598612,0.9030067895247332,0.9154375614552606,0.8909090909090909,0.9212564530706935,0.9663009404388715,0.9919549477071601,0.9419404125286478,0.9959186703426592
LR,0.8942298674310912,0.8725686387620994,0.9275712677415463,0.9251336898395722,0.9538680735855035,"{'C': 10.0, 'solver': 'lbfgs'}","['mfcc_mean', 'spec_kurtosis', 'mfcc_std', 'mfcc_2']",0.8084415584415584,0.7073863636363636,0.9431818181818182,0.9334099470452196,0.9046692607003891,0.9198813056379822,0.8899521531100478,0.9313311854952613,0.9695787831513261,0.9904382470119522,0.9495798319327731,0.99686308821603
LR,0.8942151800441104,0.8744990757734231,0.9232575645888339,0.9285714285714286,0.9330358723660231,"{'C': 10.0, 'solver': 'lbfgs'}","['NDSI', 'mfcc_1', 'wav_detail_lvl5_std', 'mfcc_var', 'wav_approx_std']",0.7986798679867987,0.7076023391812866,0.9166666666666666,0.8526904972512156,0.9092673459485686,0.922244094488189,0.8966507177033493,0.9484933613461624,0.9746983261969638,0.9936507936507937,0.9564553093964858,0.9979237585006914
LR,0.8942093943866588,0.8738972858540456,0.9245228713494967,0.9285714285714286,0.9583503970997923,"{'C': 1.0, 'solver': 'lbfgs'}","['spec_kurtosis', 'NDSI', 'mfcc_1', 'mfcc_var', 'mfcc_std', 'wav_approx_std', 'mfcc_2']",0.7980295566502463,0.7043478260869566,0.9204545454545454,0.9330390730485199,0.9096181730304495,0.9189453125,0.9004784688995215,0.9441906073556277,0.9749804534792806,0.9983987189751802,0.9526355996944232,0.9978215108952293
LR,0.8941448071368198,0.875006487746209,0.9212257470771402,0.9247517188693659,0.9528774892539461,"{'C': 0.1, 'solver': 'lbfgs'}","['mfcc_mean', 'mfcc_std', 'mfcc_2']",0.8093645484949833,0.7245508982035929,0.9166666666666666,0.924457438827891,0.9056061332055583,0.9069097888675623,0.9043062200956937,0.9374529961167671,0.9674637397099177,0.9935587761674718,0.9427043544690603,0.99672203281718
LR,0.8940767457481051,0.8723706381191113,0.9280428120211403,0.9281894576012223,0.9601095140715001,"{'C': 0.1, 'solver': 'lbfgs'}","['spec_skew', 'NDSI', 'mfcc_1', 'mfcc_2']",0.7980613893376414,0.6957746478873239,0.9356060606060606,0.9368503628551477,0.9088263821532493,0.9213372664700098,0.8966507177033493,0.9456665880989831,0.9753424657534246,1.0,0.9518716577540107,0.9978115912603694
LR,0.8940324418044522,0.8722990492653414,0.9282331273817341,0.9285714285714286,0.9576972734518723,"{'C': 0.1, 'solver': 'lbfgs'}","['spec_skew', 'NDSI', 'mfcc_std', 'wav_approx_std', 'mfcc_2']",0.7967741935483871,0.6938202247191011,0.9356060606060606,0.9283748492551842,0.9091792132102963,0.9230769230769231,0.8956937799043062,0.9468051281994041,0.9761439186546734,1.0,0.9533995416348358,0.9979118429010284
LR,0.8940079862464231,0.8742592220554569,0.9227376596571643,0.926279602750191,0.9547783424535048,"{'C': 10.0, 'solver': 'lbfgs'}","['mfcc_1', 'mfcc_std', 'wav_approx_std', 'mfcc_2']",0.804635761589404,0.7147058823529412,0.9204545454545454,0.9266257972384601,0.9066279632317368,0.9168297455968689,0.8966507177033493,0.9402976280238766,0.9707602339181286,0.9912420382165605,0.9511077158135982,0.9974116020981778
LR,0.8938812418812828,0.8746341376749639,0.9218179137683782,0.9289533995416348,0.9565661482354854,"{'C': 10.0, 'solver': 'lbfgs'}","['mfcc_mean', 'NDSI', 'mfcc_1', 'mfcc_std', 'wav_approx_std']",0.7960199004975125,0.7079646017699115,0.9090909090909091,0.9239706960953554,0.9105848235862736,0.919921875,0.9014354066985646,0.9478161491640792,0.9750390015600624,0.9960159362549801,0.9549274255156608,0.9979115994470218
LR,0.8938392163633709,0.8739030959966977,0.922665397897596,0.9243697478991597,0.9503571548188994,"{'C': 1.0, 'solver': 'lbfgs'}","['spec_kurtosis', 'mfcc_1', 'mfcc_var', 'mfcc_2']",0.8092868988391376,0.7197640117994101,0.9242424242424242,0.9360362953580025,0.904716073147257,0.9099709583736689,0.8995215311004785,0.9182771503192554,0.9675146771037182,0.9919743178170144,0.9442322383498855,0.9967580187794401
LR,0.8938078961309425,0.8719201385105274,0.9270540433079133,0.9224598930481284,0.9262274277282025,"{'C': 10.0, 'solver': 'lbfgs'}","['mfcc_mean', 'spec_kurtosis', 'wav_detail_lvl5_std', 'mfcc_2']",0.8143322475570033,0.7142857142857143,0.946969696969697,0.8792847098800879,0.901979719942057,0.9103313840155945,0.8937799043062201,0.9037119501244982,0.9651117208937672,0.9911433172302737,0.9404125286478228,0.9956856231800214
LR,0.893804727373451,0.8724007217046564,0.9260433838607214,0.9228418640183346,0.9535543712158315,"{'C': 10.0, 'solver': 'lbfgs'}","['mfcc_mean', 'mfcc_1', 'mfcc_std', 'mfcc_2']",0.8137254901960784,0.7155172413793104,0.9431818181818182,0.9314875638072705,0.9020368574199806,0.9144542772861357,0.8899521531100478,0.932437158701453,0.9656518345042935,0.9872306464485235,0.944996180290298,0.9967383911387714
LR,0.8937964550591007,0.8726163141791886,0.9265228579470065,0.9278074866310161,0.929836087609833,"{'C': 1.0, 'solver': 'lbfgs'}","['mfcc_mean', 'spec_skew', 'NDSI', 'wav_detail_lvl5_std', 'mfcc_std']",0.7987012987012987,0.6988636363636364,0.9318181818181818,0.8533127948967133,0.908029197080292,0.9237623762376238,0.8928229665071771,0.9384330809058847,0.9746588693957114,0.9952229299363057,0.9549274255156608,0.9977623870269009
LR,0.8937610092147379,0.8708499420199934,0.929694668936155,0.922077922077922,0.9483442391350807,"{'C': 10.0, 'solver': 'lbfgs'}","['mfcc_mean', 'spec_skew', 'spec_kurtosis', 'mfcc_1', 'wav_detail_lvl5_std', 'mfcc_std']",0.8148148148148148,0.7086834733893558,0.9583333333333334,0.9320546681164403,0.9017900338655056,0.9119373776908023,0.8918660287081339,0.917454957755053,0.9646781789638933,0.9919289749798225,0.9388846447669977,0.9955230915337488
LR,0.8936840537590277,0.8724531397933074,0.926509567144242,0.9266615737203973,0.9330056058278263,"{'C': 1.0, 'solver': 'lbfgs'}","['mfcc_mean', 'spec_skew', 'NDSI', 'mfcc_1', 'wav_detail_lvl5_std', 'mfcc_var']",0.801948051948052,0.7017045454545454,0.9356060606060606,0.8620784620743728,0.9063414634146342,0.9243781094527364,0.8889952153110048,0.9391996716285447,0.9727626459143969,0.9912767644726408,0.9549274255156608,0.9977386837805617
LR,0.8936288571447024,0.8718060421196981,0.9287131599051103,0.9274255156608098,0.9573841344165132,"{'C': 10.0, 'solver': 'lbfgs'}","['mfcc_mean', 'spec_skew', 'mfcc_std', 'wav_approx_std', 'mfcc_2']",0.7993579454253612,0.6935933147632312,0.9431818181818182,0.9298744655122202,0.9067713444553483,0.9305135951661632,0.8842105263157894,0.944683582619257,0.974757281553398,0.9913112164296999,0.9587471352177235,0.9975943551180623
LR,0.8936154388605558,0.871874221156865,0.9272522884751986,0.9247517188693659,0.9542298045785355,"{'C': 10.0, 'solver': 'lbfgs'}","['mfcc_mean', 'spec_kurtosis', 'mfcc_1', 'mfcc_std', 'mfcc_2']",0.807131280388979,0.7053824362606232,0.9431818181818182,0.9345379430925195,0.9041362530413626,0.9198019801980198,0.8889952153110048,0.931321094554424,0.9695787831513261,0.9904382470119522,0.9495798319327731,0.9968303760886628
LR,0.8936100595575146,0.871763430058928,0.9275712677415463,0.9251336898395722,0.9553090967142571,"{'C': 0.1, 'solver': 'lbfgs'}","['spec_skew', 'mfcc_var', 'wav_approx_std', 'mfcc_2']",0.8058252427184466,0.7033898305084746,0.9431818181818182,0.9338983198947786,0.9046692607003891,0.9198813056379822,0.8899521531100478,0.9348708993849651,0.970335675253708,0.9920191540303273,0.9495798319327731,0.9971580708630277
LR,0.8935274172109794,0.8739411485700285,0.9217190704032809,0.9247517188693659,0.9274803368181942,"{'C': 1.0, 'solver': 'lbfgs'}","['mfcc_mean', 'wav_detail_lvl5_std', 'wav_approx_std', 'mfcc_2']",0.8073089700996677,0.7189349112426036,0.9204545454545454,0.8714928007981957,0.9048768710767745,0.9132553606237817,0.8966507177033493,0.9147734119066432,0.9683964104564963,0.9896331738437002,0.948051948051948,0.9961747977497433
LR,0.8934966400574659,0.8734646863318086,0.9226010659447192,0.9243697478991597,0.9507322435350352,"{'C': 1.0, 'solver': 'lbfgs'}","['spec_kurtosis', 'mfcc_1', 'mfcc_var', 'mfcc_std', 'mfcc_2']",0.8079470198675497,0.7176470588235294,0.9242424242424242,0.9363840728807077,0.9046242774566474,0.9107662463627546,0.8985645933014355,0.918999297299865,0.9679186228482003,0.991980753809142,0.944996180290298,0.9968133604245331
LR,0.8934712008444176,0.8716933557462619,0.9277238327547925,0.9278074866310161,0.9579973656799766,"{'C': 0.1, 'solver': 'lbfgs'}","['spec_skew', 'NDSI', 'mfcc_1', 'wav_approx_std', 'mfcc_2']",0.7967741935483871,0.6938202247191011,0.9356060606060606,0.9303343074618023,0.9082969432314411,0.9212598425196851,0.8956937799043062,0.9458140327511072,0.9753424657534246,1.0,0.9518716577540107,0.9978437568270202
LR,0.8933837872146005,0.8713109620808249,0.9270407525051487,0.9213139801375095,0.9323548720074132,"{'C': 1.0, 'solver': 'lbfgs'}","['spec_skew', 'spec_kurtosis', 'mfcc_1', 'wav_detail_lvl5_std', 'mfcc_std']",0.816260162601626,0.7150997150997151,0.9507575757575758,0.8902763168768795,0.9002904162633107,0.910871694417238,0.8899521531100478,0.9117014676235389,0.963600782778865,0.9879614767255217,0.9404125286478228,0.9950868315218213
LR,0.8933061924349578,0.871473293627311,0.9272522884751986,0.9247517188693659,0.9542625630265112,"{'C': 10.0, 'solver': 'lbfgs'}","['mfcc_mean', 'spec_kurtosis', 'mfcc_1', 'mfcc_2']",0.8058252427184466,0.7033898305084746,0.9431818181818182,0.9353349266022193,0.9041362530413626,0.9198019801980198,0.8889952153110048,0.9306535375895695,0.9699570815450643,0.9912280701754386,0.9495798319327731,0.9967992248877453
LR,0.893280243011917,0.8733412595044897,0.9222953774811359,0.9251336898395722,0.9516451966829832,"{'C': 0.1, 'solver': 'lbfgs'}","['mfcc_mean', 'mfcc_var', 'wav_approx_std', 'mfcc_2']",0.804635761589404,0.7147058823529412,0.9204545454545454,0.920271771119607,0.9057692307692308,0.9101449275362319,0.9014354066985646,0.9376216189049071,0.969435736677116,0.995172968624296,0.944996180290298,0.9970422000244351
LR,0.8932597109772994,0.872431053940003,0.9242337126238055,0.9239877769289534,0.9494520703316013,"{'C': 0.1, 'solver': 'lbfgs'}","['mfcc_mean', 'spec_kurtosis', 'mfcc_std', 'wav_approx_std', 'mfcc_2']",0.8078817733990148,0.7130434782608696,0.9318181818181818,0.9246360032385712,0.9040038591413411,0.9114785992217899,0.8966507177033493,0.9269475356078621,0.9678935003915426,0.9927710843373494,0.9442322383498855,0.9967726721483705
LR,0.8932354625246687,0.8720052354205672,0.9260135633200649,0.9270435446906035,0.928965640778264,"{'C': 1.0, 'solver': 'lbfgs'}","['mfcc_mean', 'spec_kurtosis', 'NDSI', 'wav_detail_lvl5_std', 'mfcc_std']",0.7987012987012987,0.6988636363636364,0.9318181818181818,0.8510553487202444,0.9071463296062227,0.9219367588932806,0.8928229665071771,0.9381406191211609,0.9738587592664846,0.9952153110047847,0.9533995416348358,0.9977009544933869
LR,0.8932207266187321,0.8718843640774597,0.92593862106246,0.9255156608097784,0.954899461714177,"{'C': 1.0, 'solver': 'lbfgs'}","['spec_skew', 'mfcc_1', 'mfcc_var', 'mfcc_std', 'mfcc_2']",0.8032520325203252,0.7037037037037037,0.9356060606060606,0.9414433721013976,0.9052938319572608,0.9191321499013807,0.8918660287081339,0.9260557823389848,0.9711163153786104,0.9928172386272945,0.9503437738731857,0.9971992307021487
LR,0.8931839720592394,0.8723023157129538,0.9255765304526914,0.9281894576012223,0.9339224531044813,"{'C': 1.0, 'solver': 'lbfgs'}","['mfcc_mean', 'spec_skew', 'spec_kurtosis', 'NDSI', 'wav_detail_lvl5_std', 'mfcc_var', 'mfcc_std']",0.7954545454545454,0.6960227272727273,0.928030303030303,0.8601004386909453,0.908203125,0.9272183449651047,0.8899521531100478,0.9436655262713334,0.9758942457231726,0.9936658749010293,0.9587471352177235,0.9980013943511651
LR,0.893135504350537,0.8709578033161428,0.9277376819946479,0.9228418640183346,0.9321170798784788,"{'C': 10.0, 'solver': 'lbfgs'}","['mfcc_mean', 'NDSI', 'wav_detail_lvl5_std', 'mfcc_2']",0.8109854604200323,0.7070422535211267,0.9507575757575758,0.8866792074639658,0.9015594541910331,0.9185700099304865,0.8851674641148325,0.9136837108683942,0.9668615984405458,0.9872611464968153,0.9472880061115355,0.9959883213030766
LR,0.8930229544807666,0.8711404771611545,0.9283941806387627,0.9270435446906035,0.9576688480763836,"{'C': 10.0, 'solver': 'lbfgs'}","['mfcc_mean', 'spec_skew', 'mfcc_1', 'mfcc_std', 'wav_approx_std', 'mfcc_2']",0.7980769230769231,0.6916666666666667,0.9431818181818182,0.9307951467300205,0.9062346588119784,0.9304435483870968,0.8832535885167464,0.9446446793097926,0.974757281553398,0.9913112164296999,0.9587471352177235,0.9975667181893375
LR,0.8929747154574033,0.8720427095735594,0.9251958997315034,0.9274255156608098,0.9377452604661068,"{'C': 10.0, 'solver': 'lbfgs'}","['spec_skew', 'spec_kurtosis', 'NDSI', 'mfcc_1', 'wav_detail_lvl5_std', 'mfcc_var']",0.7967479674796748,0.698005698005698,0.928030303030303,0.8697026006783767,0.9074975657254138,0.9236868186323092,0.8918660287081339,0.9454599627431379,0.9746786131671211,0.994435612082671,0.9556913674560733,0.9980732179768058
LR,0.8929227689007414,0.8720754653258954,0.924638244452486,0.9274255156608098,0.9569444772147174,"{'C': 0.1, 'solver': 'lbfgs'}","['spec_kurtosis', 'NDSI', 'mfcc_var', 'wav_approx_std', 'mfcc_2']",0.7960848287112561,0.6991404011461319,0.9242424242424242,0.9285229594593468,0.9081237911025145,0.9178885630498533,0.8985645933014355,0.9445254313235787,0.974559686888454,0.9991974317817014,0.9511077158135982,0.9977850408612269
LR,0.8929108884549066,0.8718436455727957,0.9253112728344925,0.926279602750191,0.9314244674847602,"{'C': 1.0, 'solver': 'lbfgs'}","['mfcc_mean', 'spec_kurtosis', 'NDSI', 'mfcc_1', 'wav_detail_lvl5_std', 'mfcc_var']",0.8,0.7008547008547008,0.9318181818181818,0.8588942032399978,0.9059912323429128,0.9226190476190477,0.8899521531100478,0.9377459307757476,0.9727414330218068,0.9920571882446386,0.9541634835752483,0.9976332684385353
LR,0.8928998595514939,0.8699260300911488,0.9289307269957425,0.9209320091673033,0.9331808235295252,"{'C': 0.1, 'solver': 'lbfgs'}","['mfcc_mean', 'spec_skew', 'spec_kurtosis', 'wav_detail_lvl5_std', 'mfcc_2']",0.8148148148148148,0.7086834733893558,0.9583333333333334,0.884118713000795,0.9000482858522453,0.9083820662768031,0.8918660287081339,0.9195481999453966,0.9638364779874213,0.9927125506072875,0.9365928189457601,0.9958755576423842
LR,0.8928866634763609,0.8709176331664348,0.926416084775218,0.9216959511077158,0.9260013137923081,"{'C': 1.0, 'solver': 'lbfgs'}","['mfcc_mean', 'spec_kurtosis', 'wav_detail_lvl5_std', 'wav_approx_std', 'mfcc_2']",0.8130081300813008,0.7122507122507122,0.946969696969697,0.8761653380396455,0.9009183180280329,0.91015625,0.8918660287081339,0.9059903818678703,0.9647335423197492,0.9903459372485921,0.9404125286478228,0.9958482214694088
LR,0.8928843744894069,0.8722321755745731,0.9237966797564322,0.9251336898395722,0.9530883555378407,"{'C': 1.0, 'solver': 'lbfgs'}","['spec_kurtosis', 'mfcc_var', 'mfcc_std', 'wav_approx_std', 'mfcc_2']",0.8032786885245902,0.708092485549133,0.928030303030303,0.9356243224139202,0.9050387596899225,0.9165848871442591,0.8937799043062201,0.9265798577255457,0.970335675253708,0.9920191540303273,0.9495798319327731,0.997060886474056
LR,0.8928784518969031,0.8710682826575332,0.9272496079771622,0.9251336898395722,0.957235199971105,"{'C': 10.0, 'solver': 'lbfgs'}","['mfcc_mean', 'spec_skew', 'mfcc_std', 'mfcc_2']",0.8032258064516129,0.699438202247191,0.9431818181818182,0.9369219307890326,0.9042033235581622,0.9240759240759241,0.8851674641148325,0.9374712390797868,0.9712062256809338,0.9896907216494846,0.9533995416348358,0.9973124300444957
LR,0.892863433861289,0.8711073990352297,0.927085874222097,0.9270435446906035,0.9600199886999542,"{'C': 0.1, 'solver': 'lbfgs'}","['spec_skew', 'NDSI', 'mfcc_1', 'mfcc_std', 'mfcc_2']",0.7967741935483871,0.6938202247191011,0.9356060606060606,0.9357474720384991,0.9072365225837785,0.9211045364891519,0.8937799043062201,0.9464242735472136,0.9745795854517012,0.9983974358974359,0.9518716577540107,0.9978882205141498
LR,0.8927979863529331,0.8724876958387239,0.9236892364601342,0.9281894576012223,0.930069924088413,"{'C': 10.0, 'solver': 'lbfgs'}","['mfcc_mean', 'NDSI', 'wav_detail_lvl5_std', 'mfcc_var']",0.7941176470588235,0.6982758620689655,0.9204545454545454,0.8474615669085173,0.9083820662768031,0.9255213505461768,0.8918660287081339,0.9448337261777516,0.9758942457231726,0.9936658749010293,0.9587471352177235,0.9979144791789706
LR,0.8927493771419548,0.8724139325382292,0.9238795518207282,0.9285714285714286,0.9305932231409305,"{'C': 10.0, 'solver': 'lbfgs'}","['mfcc_mean', 'NDSI', 'wav_detail_lvl5_std', 'mfcc_std']",0.7928221859706363,0.6962750716332379,0.9204545454545454,0.8481523217751991,0.9087359687652513,0.9272908366533864,0.8909090909090909,0.945704375840033,0.9766899766899767,0.9936758893280633,0.9602750190985485,0.9979229718075592
LR,0.8926275983923349,0.870973276160214,0.9263219322816845,0.9258976317799847,0.9308321396340572,"{'C': 0.1, 'solver': 'lbfgs'}","['mfcc_mean', 'spec_skew', 'spec_kurtosis', 'NDSI', 'wav_detail_lvl5_std', 'mfcc_std']",0.7993527508090615,0.6977401129943502,0.9356060606060606,0.8524663358627662,0.9059165858389913,0.9183874139626352,0.8937799043062201,0.9421430826081598,0.9726134585289515,0.9967923015236567,0.9495798319327731,0.9978870004312452
LR,0.8926195938573692,0.8717815903620142,0.9243192651861382,0.9270435446906035,0.9571346915284202,"{'C': 0.1, 'solver': 'lbfgs'}","['spec_kurtosis', 'NDSI', 'mfcc_var', 'mfcc_std', 'wav_approx_std', 'mfcc_2']",0.7960848287112561,0.6991404011461319,0.9242424242424242,0.9294973148987417,0.9075955491049831,0.9178082191780822,0.8976076555023923,0.9441099780452317,0.9741784037558685,0.9983961507618284,0.9511077158135982,0.9977967816412872
LR,0.8925494450105909,0.8707009357237753,0.9271852760242854,0.9251336898395722,0.9574344308199066,"{'C': 10.0, 'solver': 'lbfgs'}","['mfcc_mean', 'spec_skew', 'mfcc_1', 'mfcc_std', 'mfcc_2']",0.8019323671497585,0.6974789915966386,0.9431818181818182,0.9378044056116848,0.9041095890410958,0.924924924924925,0.8842105263157894,0.9372084770104488,0.9716063788409179,0.9896988906497622,0.9541634835752483,0.9972904098375865
LR,0.8925206938652344,0.87066405275141,0.9272761895826912,0.9274255156608098,0.9603350487236502,"{'C': 10.0, 'solver': 'lbfgs'}","['spec_skew', 'NDSI', 'mfcc_1', 'mfcc_std', 'wav_approx_std', 'mfcc_2']",0.7942122186495176,0.6899441340782123,0.9356060606060606,0.93662897234735,0.9075875486381323,0.9228486646884273,0.8928229665071771,0.9464929120594406,0.9757623143080532,0.9991993594875901,0.9533995416348358,0.9978832617641599
LR,0.8924193300374751,0.8720626345228512,0.9225983854466827,0.9247517188693659,0.9545148067428286,"{'C': 1.0, 'solver': 'lbfgs'}","['spec_kurtosis', 'mfcc_var', 'wav_approx_std', 'mfcc_2']",0.8026315789473685,0.7093023255813954,0.9242424242424242,0.9365283835118258,0.9046927914852443,0.9148727984344422,0.8947368421052632,0.9300750559288413,0.9699336196798126,0.9920127795527156,0.9488158899923606,0.9969409807878188
LR,0.8924182425086311,0.8704784230642183,0.9280752013724151,0.9266615737203973,0.9577737618652274,"{'C': 10.0, 'solver': 'lbfgs'}","['mfcc_mean', 'spec_skew', 'mfcc_1', 'wav_approx_std', 'mfcc_2']",0.7968,0.6897506925207756,0.9431818181818182,0.9319554565529857,0.9056974459724951,0.9303733602421796,0.8822966507177034,0.9438519232375066,0.974757281553398,0.9913112164296999,0.9587471352177235,0.99751390580519
LR,0.8924147050726298,0.87064293904504,0.9266892722001082,0.9255156608097784,0.9545499012103967,"{'C': 10.0, 'solver': 'lbfgs'}","['spec_skew', 'mfcc_var', 'mfcc_std', 'mfcc_2']",0.8,0.6966292134831461,0.9393939393939394,0.9399006033902768,0.9049244271087274,0.9224652087475149,0.8880382775119617,0.9264794596841741,0.9723196881091618,0.9928343949044586,0.9526355996944232,0.9972696405567393
LR,0.892323388908269,0.8709281254191324,0.9256945840537171,0.9266615737203973,0.9312484939472304,"{'C': 0.1, 'solver': 'lbfgs'}","['mfcc_mean', 'spec_skew', 'spec_kurtosis', 'NDSI', 'mfcc_1', 'wav_detail_lvl5_std', 'mfcc_var']",0.7961165048543689,0.6949152542372882,0.9318181818181818,0.8546485468501304,0.9066147859922179,0.9218595450049456,0.8918660287081339,0.9411535401129076,0.9742388758782201,0.9960095770151636,0.9533995416348358,0.9979433948786536
LR,0.8923145074688974,0.8729203163985773,0.9200141619646264,0.9232238349885409,0.9531853491456131,"{'C': 0.1, 'solver': 'lbfgs'}","['mfcc_mean', 'mfcc_1', 'mfcc_2']",0.8066666666666666,0.7202380952380952,0.9166666666666666,0.9268899900769914,0.9035971223021583,0.9057692307692308,0.9014354066985646,0.9360180859268082,0.9666797334378675,0.9927536231884058,0.9419404125286478,0.9966479714330397
LR,0.8922229144508895,0.8700925348043439,0.926780744195605,0.9216959511077158,0.91695738844376,"{'C': 1.0, 'solver': 'lbfgs'}","['spec_skew', 'spec_kurtosis', 'NDSI', 'wav_detail_lvl5_std', 'mfcc_2']",0.8109854604200323,0.7070422535211267,0.9507575757575758,0.844834045942106,0.8999511957052221,0.9183266932270916,0.8822966507177034,0.9115655366412531,0.9657320872274143,0.9849086576648134,0.9472880061115355,0.9944725827479212
LR,0.8921223723470488,0.8699487154463955,0.9278099437542161,0.9247517188693659,0.9575083727832551,"{'C': 10.0, 'solver': 'lbfgs'}","['mfcc_mean', 'spec_skew', 'mfcc_1', 'mfcc_2']",0.8012820512820513,0.6944444444444444,0.946969696969697,0.9385900480829239,0.9034786869181773,0.9257028112449799,0.8822966507177034,0.9366791292832732,0.9716063788409179,0.9896988906497622,0.9541634835752483,0.997255940983568
LR,0.8921196140802898,0.8708234650273908,0.9260725342768685,0.9278074866310161,0.9327590870670939,"{'C': 10.0, 'solver': 'lbfgs'}","['mfcc_mean', 'spec_skew', 'spec_kurtosis', 'NDSI', 'mfcc_1', 'wav_detail_lvl5_std']",0.7922705314009661,0.6890756302521008,0.9318181818181818,0.8563008665503398,0.9073983341499265,0.929718875502008,0.8861244019138756,0.943922832856919,0.9766899766899767,0.9936758893280633,0.9602750190985485,0.9980535617940232
LR,0.891998520954404,0.8717100981305762,0.9217727920514297,0.9232238349885409,0.9530361399290412,"{'C': 0.1, 'solver': 'lbfgs'}","['spec_kurtosis', 'mfcc_var', 'mfcc_2']",0.8052805280528053,0.7134502923976608,0.9242424242424242,0.9359573528482344,0.9032258064516129,0.9089147286821705,0.8976076555023923,0.9265889041627011,0.9674892283587936,0.9927652733118971,0.9434682964094728,0.9965621627761879
LR,0.8919665350660758,0.8690374776599633,0.9279094572438226,0.9197860962566845,0.9349316994453193,"{'C': 0.1, 'solver': 'lbfgs'}","['mfcc_mean', 'spec_skew', 'NDSI', 'wav_detail_lvl5_std', 'mfcc_2']",0.8148148148148148,0.7086834733893558,0.9583333333333334,0.8857881533414097,0.8983543078412392,0.9089128305582762,0.8880382775119617,0.9230090020826563,0.9627304825421734,0.989516129032258,0.9373567608861727,0.995997942911892
LR,0.8919236572221294,0.8707889370712399,0.9243703063362506,0.9258976317799847,0.9283658978750123,"{'C': 0.1, 'solver': 'lbfgs'}","['mfcc_mean', 'spec_skew', 'NDSI', 'wav_detail_lvl5_std', 'mfcc_var', 'mfcc_std']",0.7967479674796748,0.698005698005698,0.928030303030303,0.8525813542448736,0.9060077519379846,0.9175662414131501,0.8947368421052632,0.93472020162001,0.973015252248729,0.9967948717948718,0.9503437738731857,0.9977961377601532
LR,0.8919011565953027,0.870098412282573,0.9259896622125724,0.9243697478991597,0.954383766749889,"{'C': 0.1, 'solver': 'lbfgs'}","['spec_skew', 'mfcc_std', 'wav_approx_std', 'mfcc_2']",0.8012924071082391,0.6985915492957746,0.9393939393939394,0.9288650215755762,0.9036964980544747,0.9188921859545005,0.8889952153110048,0.9370764859049378,0.970714564623194,0.9928115015974441,0.9495798319327731,0.997209792769153
LR,0.8918729799769017,0.8717725145129278,0.9227429089658191,0.9285714285714286,0.9295970689240463,"{'C': 10.0, 'solver': 'lbfgs'}","['mfcc_mean', 'NDSI', 'mfcc_1', 'wav_detail_lvl5_std']",0.7895595432300163,0.6934097421203438,0.9166666666666666,0.8473758465068382,0.908557457212714,0.929,0.8889952153110048,0.9434963625109057,0.9775019394879751,0.9929078014184397,0.9625668449197861,0.997918997754395
LR,0.8918669172203645,0.8712954790326007,0.9228663235629181,0.926279602750191,0.957810128909634,"{'C': 0.1, 'solver': 'lbfgs'}","['spec_kurtosis', 'NDSI', 'mfcc_1', 'mfcc_std', 'mfcc_2']",0.795417348608838,0.7002881844380403,0.9204545454545454,0.9312481544651819,0.9068083051665862,0.9152046783625731,0.8985645933014355,0.944408124270223,0.9733750978856696,0.9983935742971888,0.9495798319327731,0.9977741079934974
LR,0.891838921312608,0.8705109584684273,0.9258178869633977,0.9274255156608098,0.9329708369861063,"{'C': 10.0, 'solver': 'lbfgs'}","['mfcc_mean', 'spec_skew', 'spec_kurtosis', 'NDSI', 'wav_detail_lvl5_std', 'mfcc_var']",0.7922705314009661,0.6890756302521008,0.9318181818181818,0.8554471567093198,0.9069539666993144,0.9287863590772317,0.8861244019138756,0.945381978442249,0.9762922658375437,0.9936708860759493,0.959511077158136,0.9980833758067498
LR,0.891758671612387,0.8708908197621525,0.9239199826661126,0.9258976317799847,0.9551634514675116,"{'C': 10.0, 'solver': 'lbfgs'}","['mfcc_mean', 'spec_kurtosis', 'mfcc_1', 'mfcc_std', 'wav_approx_std', 'mfcc_2']",0.7967479674796748,0.698005698005698,0.928030303030303,0.927794131935664,0.9053658536585366,0.9233830845771144,0.8880382775119617,0.940394101069128,0.9731621936989499,0.991283676703645,0.9556913674560733,0.9973021213977429
LR,0.8917328946552319,0.8726468177764394,0.9186739129463587,0.9216959511077158,0.9519091980973707,"{'C': 0.1, 'solver': 'lbfgs'}","['mfcc_std', 'mfcc_2']",0.8093645484949833,0.7245508982035929,0.9166666666666666,0.9235578152257726,0.9013949013949014,0.9061895551257253,0.8966507177033493,0.9353825739590581,0.9644392340758109,0.9872,0.9427043544690603,0.9967872051072818
LR,0.8916558170811806,0.8686438370495294,0.9279094572438226,0.9197860962566845,0.9340671453611269,"{'C': 0.1, 'solver': 'lbfgs'}","['mfcc_mean', 'spec_skew', 'spec_kurtosis', 'NDSI', 'wav_detail_lvl5_std', 'wav_approx_std', 'mfcc_2']",0.8135048231511254,0.7067039106145251,0.9583333333333334,0.8812431956371348,0.8983543078412392,0.9089128305582762,0.8880382775119617,0.9248191582870701,0.9631083202511774,0.9903147699757869,0.9373567608861727,0.9961390821591757
LR,0.891543571189879,0.8732648334833725,0.9173304249929637,0.9266615737203973,0.9318403938509903,"{'C': 10.0, 'solver': 'lbfgs'}","['spec_skew', 'NDSI', 'mfcc_1', 'mfcc_var']",0.7939698492462312,0.7117117117117117,0.8977272727272727,0.8613305463693542,0.9076034648700674,0.9128751210067764,0.9023923444976076,0.9363086752528571,0.9730573994533386,0.9952076677316294,0.9518716577540107,0.9978819599307593
LR,0.8914350653971844,0.871309340791567,0.9215233940466138,0.9251336898395722,0.9556199573917338,"{'C': 1.0, 'solver': 'lbfgs'}","['mfcc_mean', 'mfcc_1', 'mfcc_std', 'wav_approx_std', 'mfcc_2']",0.7980295566502463,0.7043478260869566,0.9204545454545454,0.9246380089286426,0.9046692607003891,0.9198813056379822,0.8899521531100478,0.9446271567635685,0.9716063788409179,0.9896988906497622,0.9541634835752483,0.9975947064829901
LR,0.8914149947887714,0.871742424287305,0.9198695267580717,0.9224598930481284,0.9272566658867936,"{'C': 1.0, 'solver': 'lbfgs'}","['mfcc_mean', 'wav_detail_lvl5_std', 'mfcc_2']",0.8059701492537313,0.7168141592920354,0.9204545454545454,0.8729772597165243,0.9017900338655056,0.9119373776908023,0.8918660287081339,0.9129525742556551,0.9664848012470771,0.9864757358790772,0.9472880061115355,0.9958401636882012
LR,0.8913520429792836,0.8683478563528494,0.9275904779774748,0.9194041252864782,0.935964833612065,"{'C': 0.1, 'solver': 'lbfgs'}","['mfcc_mean', 'spec_skew', 'spec_kurtosis', 'NDSI', 'wav_detail_lvl5_std', 'mfcc_2']",0.8135048231511254,0.7067039106145251,0.9583333333333334,0.8878498456488515,0.897820823244552,0.9088235294117647,0.8870813397129187,0.9240309250264604,0.9627304825421734,0.989516129032258,0.9373567608861727,0.9960137301608827
LR,0.8912561407239017,0.8704932499986037,0.9228663235629181,0.926279602750191,0.9578062749083651,"{'C': 0.1, 'solver': 'lbfgs'}","['spec_kurtosis', 'NDSI', 'mfcc_1', 'mfcc_2']",0.7928221859706363,0.6962750716332379,0.9204545454545454,0.9322311033703155,0.9068083051665862,0.9152046783625731,0.8985645933014355,0.9435016698118373,0.9741379310344828,1.0,0.9495798319327731,0.9976860515429424
LR,0.8911550809034577,0.8710036265840838,0.921268746733143,0.9247517188693659,0.9549818383936469,"{'C': 1.0, 'solver': 'lbfgs'}","['mfcc_mean', 'mfcc_std', 'wav_approx_std', 'mfcc_2']",0.7980295566502463,0.7043478260869566,0.9204545454545454,0.9232319719890898,0.904229460379193,0.9189723320158103,0.8899521531100478,0.9441289110910485,0.9712062256809338,0.9896907216494846,0.9533995416348358,0.9975846321008025
LR,0.8911494547788372,0.8702043922949129,0.923601003399765,0.9255156608097784,0.9551325132559519,"{'C': 10.0, 'solver': 'lbfgs'}","['mfcc_mean', 'spec_kurtosis', 'mfcc_1', 'wav_approx_std', 'mfcc_2']",0.7954545454545454,0.6960227272727273,0.928030303030303,0.9286560950958211,0.9048316251830161,0.9233067729083665,0.8870813397129187,0.9395050719638152,0.9731621936989499,0.991283676703645,0.9556913674560733,0.9972363727082197
LR,0.8910882637616989,0.8715902782307944,0.9198397062174152,0.9266615737203973,0.9354584163488676,"{'C': 10.0, 'solver': 'lbfgs'}","['spec_skew', 'spec_kurtosis', 'NDSI', 'mfcc_1', 'wav_detail_lvl5_std', 'mfcc_var', 'wav_approx_std']",0.7920792079207921,0.7017543859649122,0.9090909090909091,0.8643027792630777,0.906886517943744,0.9193706981317601,0.8947368421052632,0.9440130900009654,0.9742990654205608,0.9936457505957109,0.9556913674560733,0.9980593797825599
LR,0.8910429145851658,0.8705648003907963,0.9213894808322053,0.9228418640183346,0.9522144684193451,"{'C': 1.0, 'solver': 'lbfgs'}","['spec_kurtosis', 'mfcc_var', 'mfcc_std', 'mfcc_2']",0.8026315789473685,0.7093023255813954,0.9242424242424242,0.937717765487408,0.9026036644165863,0.9096209912536443,0.8956937799043062,0.9220995299551544,0.9678935003915426,0.9927710843373494,0.9442322383498855,0.9968261098154728
LR,0.8909504688474299,0.8708654858139621,0.9209630582695598,0.9255156608097784,0.9301035192693909,"{'C': 10.0, 'solver': 'lbfgs'}","['spec_kurtosis', 'NDSI', 'mfcc_1', 'wav_detail_lvl5_std', 'mfcc_var', 'wav_approx_std']",0.7947454844006568,0.7014492753623188,0.9166666666666666,0.8571705692612768,0.9053857350800583,0.9183070866141733,0.8928229665071771,0.9355603477617639,0.9727201870615745,0.9928400954653938,0.9533995416348358,0.9975796407851318
LR,0.8909460493157925,0.8707438966791754,0.9212820375359074,0.9258976317799847,0.9313536110886842,"{'C': 10.0, 'solver': 'lbfgs'}","['spec_skew', 'NDSI', 'mfcc_1', 'wav_detail_lvl5_std', 'mfcc_var', 'wav_approx_std']",0.7934426229508197,0.6994219653179191,0.9166666666666666,0.8595570974928328,0.9059165858389913,0.9183874139626352,0.8937799043062201,0.9368481773153479,0.9734789391575663,0.9944223107569721,0.9533995416348358,0.9976555584578718
LR,0.8908484588884623,0.8691890152327827,0.9246361223915404,0.9216959511077158,0.9188160341341636,"{'C': 10.0, 'solver': 'lbfgs'}","['mfcc_mean', 'mfcc_1', 'wav_detail_lvl5_std', 'mfcc_var']",0.8058252427184466,0.7033898305084746,0.9431818181818182,0.8581741672207442,0.8997555012224939,0.92,0.8803827751196173,0.9031439357969439,0.9669646327244462,0.9841772151898734,0.9503437738731857,0.9951299993848027
LR,0.8908001486916836,0.8704899011168027,0.9218529836176895,0.9270435446906035,0.9278244903394669,"{'C': 10.0, 'solver': 'lbfgs'}","['mfcc_mean', 'spec_skew', 'NDSI', 'wav_detail_lvl5_std', 'mfcc_std', 'wav_approx_std']",0.7895595432300163,0.6934097421203438,0.9166666666666666,0.8484403459722556,0.9069654164637116,0.9236111111111112,0.8909090909090909,0.937291396490711,0.9758754863813229,0.9944488501189532,0.957983193277311,0.9977417285554341
LR,0.8907997159503109,0.87058110849991,0.9206361491965206,0.9232238349885409,0.9524425501301673,"{'C': 0.1, 'solver': 'lbfgs'}","['spec_kurtosis', 'mfcc_std', 'mfcc_2']",0.800658978583196,0.7084548104956269,0.9204545454545454,0.9307028692442371,0.9030390738060782,0.9105058365758755,0.8956937799043062,0.9299683078421916,0.9687010954616588,0.9927826784282278,0.9457601222307105,0.9966564733040737
LR,0.8906376668226569,0.8694500533261046,0.9235393519449246,0.9251336898395722,0.9279098500374992,"{'C': 1.0, 'solver': 'lbfgs'}","['mfcc_mean', 'spec_kurtosis', 'NDSI', 'mfcc_1', 'wav_detail_lvl5_std']",0.7941653160453809,0.6940509915014165,0.928030303030303,0.8520934385891927,0.9046692607003891,0.9198813056379822,0.8899521531100478,0.9339049467566761,0.9730784237222005,0.9944178628389154,0.9526355996944232,0.9977311647666288
LR,0.8906177659119537,0.8716361230796014,0.9172720124732509,0.9197860962566845,0.9528857349807985,"{'C': 0.1, 'solver': 'lbfgs'}","['mfcc_var', 'mfcc_2']",0.8107202680067002,0.7267267267267268,0.9166666666666666,0.9263023207414216,0.8990384615384616,0.9033816425120773,0.8947368421052632,0.9356227185693322,0.9620945681906995,0.9848,0.9404125286478228,0.9967321656316418
LR,0.8905997289035321,0.8690915413982343,0.9237084466960628,0.9224598930481284,0.9569651249241824,"{'C': 0.1, 'solver': 'lbfgs'}","['spec_skew', 'mfcc_var', 'mfcc_2']",0.801948051948052,0.7017045454545454,0.9356060606060606,0.9398797873013243,0.9015041242115478,0.9143700787401575,0.8889952153110048,0.9339655250520292,0.9683470105509965,0.9912,0.946524064171123,0.9970500624191936
LR,0.8905834299371002,0.870946215805378,0.9202819883934436,0.9278074866310161,0.9297088005241361,"{'C': 10.0, 'solver': 'lbfgs'}","['mfcc_mean', 'NDSI', 'wav_detail_lvl5_std', 'mfcc_var', 'mfcc_std']",0.7868852459016393,0.6936416184971098,0.9090909090909091,0.853930206236209,0.9077598828696926,0.9262948207171314,0.8899521531100478,0.9373344678478769,0.9771051610399689,0.9929022082018928,0.9618029029793735,0.9978617274883225
LR,0.8905488088434925,0.8711496069287458,0.9182289502722939,0.9209320091673033,0.9517829676081031,"{'C': 0.1, 'solver': 'lbfgs'}","['mfcc_1', 'mfcc_2']",0.8066666666666666,0.7202380952380952,0.9166666666666666,0.9247053965289309,0.9006240998559769,0.9036608863198459,0.8976076555023923,0.9339616865914222,0.9643556600078339,0.9895498392282959,0.9404125286478228,0.9966818197039562
LR,0.8905415115423319,0.8694097438921911,0.9231720120265011,0.9255156608097784,0.9556277963216843,"{'C': 0.1, 'solver': 'lbfgs'}","['spec_kurtosis', 'NDSI', 'mfcc_std', 'wav_approx_std', 'mfcc_2']",0.7922077922077922,0.6931818181818182,0.9242424242424242,0.923813497514335,0.9056603773584906,0.9158512720156555,0.8956937799043062,0.9452385522455421,0.9737563650607128,0.9991961414790996,0.9495798319327731,0.9978313392051759
LR,0.8905295830690378,0.8705259197628684,0.921035320029128,0.9274255156608098,0.9315574628622918,"{'C': 1.0, 'solver': 'lbfgs'}","['mfcc_mean', 'spec_skew', 'spec_kurtosis', 'NDSI', 'wav_detail_lvl5_std', 'mfcc_var', 'mfcc_std', 'wav_approx_std']",0.7875816993464052,0.6925287356321839,0.9128787878787878,0.8546270180150978,0.9073170731707317,0.9253731343283582,0.8899521531100478,0.9420560386697715,0.9766899766899767,0.9936758893280633,0.9602750190985485,0.9979893319020061
LR,0.8905166489660004,0.8695121513652754,0.9227887008072767,0.9251336898395722,0.9274064020730254,"{'C': 0.1, 'solver': 'lbfgs'}","['mfcc_mean', 'spec_kurtosis', 'NDSI', 'wav_detail_lvl5_std', 'mfcc_var', 'mfcc_std']",0.7934959349593496,0.6951566951566952,0.9242424242424242,0.8514183192608984,0.9050387596899225,0.9165848871442591,0.8937799043062201,0.9330864896288904,0.973015252248729,0.9967948717948718,0.9503437738731857,0.9977143973292871
LR,0.8905054454601888,0.8705488925934941,0.9209709880762512,0.9274255156608098,0.9287495626464604,"{'C': 10.0, 'solver': 'lbfgs'}","['mfcc_mean', 'NDSI', 'wav_detail_lvl5_std', 'mfcc_std', 'wav_approx_std']",0.7875816993464052,0.6925287356321839,0.9128787878787878,0.8430924635689822,0.9072265625,0.9262213359920239,0.8889952153110048,0.9452569375525333,0.9767080745341615,0.9928966061562746,0.961038961038961,0.9978992868178657
LR,0.8904970879286399,0.8693272678354887,0.9233623273870952,0.9258976317799847,0.9563516315844321,"{'C': 0.1, 'solver': 'lbfgs'}","['spec_kurtosis', 'NDSI', 'mfcc_1', 'mfcc_std', 'wav_approx_std', 'mfcc_2']",0.7909238249594813,0.6912181303116147,0.9242424242424242,0.926860931518839,0.9060077519379846,0.9175662414131501,0.8947368421052632,0.944376087370012,0.974559686888454,0.9991974317817014,0.9511077158135982,0.9978178758644458
LR,0.8902877666624277,0.8690917306008497,0.923410688039171,0.9251336898395722,0.9282901322952458,"{'C': 1.0, 'solver': 'lbfgs'}","['mfcc_mean', 'spec_kurtosis', 'NDSI', 'wav_detail_lvl5_std', 'mfcc_var']",0.7928802588996764,0.692090395480226,0.928030303030303,0.8512316405776067,0.9044834307992202,0.9215491559086395,0.8880382775119617,0.9358980313418559,0.9734996102883866,0.9936356404136834,0.9541634835752483,0.9977407249662749
LR,0.8902436755183375,0.8702314804615537,0.9203867511917047,0.9251336898395722,0.9311315461808229,"{'C': 10.0, 'solver': 'lbfgs'}","['mfcc_mean', 'spec_kurtosis', 'NDSI', 'mfcc_1', 'wav_detail_lvl5_std', 'mfcc_var', 'wav_approx_std']",0.7934426229508197,0.6994219653179191,0.9166666666666666,0.8574565384501954,0.9044834307992202,0.9215491559086395,0.8880382775119617,0.9382242471190817,0.9728049728049728,0.9897233201581027,0.9564553093964858,0.9977138529731919
LR,0.8899628828704084,0.8672440369054738,0.926019482753229,0.9201680672268907,0.9299582524006761,"{'C': 1.0, 'solver': 'lbfgs'}","['mfcc_mean', 'spec_skew', 'NDSI', 'wav_detail_lvl5_std', 'wav_approx_std', 'mfcc_2']",0.8057784911717496,0.6991643454038997,0.9507575757575758,0.8813337241580051,0.898592916060165,0.9114173228346457,0.8861244019138756,0.9125965290139735,0.9655172413793104,0.9911504424778761,0.9411764705882353,0.9959445040300501
LR,0.8899462002596801,0.8689085955926853,0.9218854846563825,0.9224598930481284,0.9511247054697977,"{'C': 0.1, 'solver': 'lbfgs'}","['spec_kurtosis', 'mfcc_std', 'wav_approx_std', 'mfcc_2']",0.799347471451876,0.7020057306590258,0.928030303030303,0.9255582005192803,0.9017900338655056,0.9119373776908023,0.8918660287081339,0.930948821207343,0.9687010954616588,0.9927826784282278,0.9457601222307105,0.9968670946827695
LR,0.8899369591128948,0.8687277086184523,0.9228530327601535,0.9251336898395722,0.9557776800575812,"{'C': 0.1, 'solver': 'lbfgs'}","['spec_kurtosis', 'NDSI', 'mfcc_1', 'wav_approx_std', 'mfcc_2']",0.7909238249594813,0.6912181303116147,0.9242424242424242,0.9255524295621846,0.9051306873184899,0.9157688540646425,0.8947368421052632,0.9440173179163118,0.9737563650607128,0.9991961414790996,0.9495798319327731,0.9977632926942472
LR,0.8898399324972597,0.8673024331417402,0.9248749100916284,0.9182582123758595,0.9344940176422553,"{'C': 0.1, 'solver': 'lbfgs'}","['mfcc_mean', 'spec_kurtosis', 'NDSI', 'wav_detail_lvl5_std', 'mfcc_2']",0.8109854604200323,0.7070422535211267,0.9507575757575758,0.8835270677389937,0.8966183574879227,0.9053658536585366,0.8880382775119617,0.9240765130973265,0.9619159795838241,0.9894991922455574,0.9358288770053476,0.9958784720904457
LR,0.8898080562947223,0.8691266074584663,0.921904024767802,0.9258976317799847,0.9229797639042832,"{'C': 1.0, 'solver': 'lbfgs'}","['NDSI', 'mfcc_1', 'wav_detail_lvl5_std']",0.788961038961039,0.6903409090909091,0.9204545454545454,0.8360889204187483,0.9053658536585366,0.9233830845771144,0.8880382775119617,0.9349216212186524,0.9750972762645914,0.9936558287073751,0.9572192513368984,0.9979287500754487
LR,0.889778917551873,0.8693670601957896,0.9212017342822296,0.9251336898395722,0.9555917682499565,"{'C': 10.0, 'solver': 'lbfgs'}","['mfcc_mean', 'mfcc_1', 'wav_approx_std', 'mfcc_2']",0.7915309446254072,0.6942857142857143,0.9204545454545454,0.9260332173354051,0.9042033235581622,0.9240759240759241,0.8851674641148325,0.9431075484837518,0.9736024844720497,0.98973954222573,0.957983193277311,0.9976345389307126
LR,0.8897541413806517,0.8684216901991539,0.9226361357940305,0.9224598930481284,0.9559731399679335,"{'C': 0.1, 'solver': 'lbfgs'}","['spec_skew', 'mfcc_std', 'mfcc_2']",0.7987012987012987,0.6988636363636364,0.9318181818181818,0.9342837283819612,0.9014084507042254,0.9151873767258383,0.8880382775119617,0.9365194365535836,0.9691526747364311,0.9912140575079872,0.948051948051948,0.9971162549682558
LR,0.8896956473462977,0.8688204035617254,0.9214862021363569,0.9213139801375095,0.9275771483434875,"{'C': 0.1, 'solver': 'lbfgs'}","['NDSI', 'wav_detail_lvl5_std', 'wav_approx_std', 'mfcc_2']",0.802610114192496,0.7048710601719198,0.9318181818181818,0.8573087741311489,0.8995121951219512,0.9174129353233831,0.8822966507177034,0.9294618345656327,0.9669646327244462,0.9841772151898734,0.9503437738731857,0.9959608363336806
LR,0.889656032567224,0.8692825239746584,0.9207700624109293,0.9255156608097784,0.926788768649593,"{'C': 1.0, 'solver': 'lbfgs'}","['mfcc_mean', 'spec_skew', 'NDSI', 'wav_detail_lvl5_std', 'mfcc_var', 'wav_approx_std']",0.7895595432300163,0.6934097421203438,0.9166666666666666,0.8481056278241583,0.9051094890510949,0.9207920792079208,0.8899521531100478,0.9344549427819935,0.9742990654205608,0.9936457505957109,0.9556913674560733,0.9978057353426275
LR,0.8895673181851861,0.8677815943261228,0.924024745464374,0.9232238349885409,0.9542986667421709,"{'C': 0.1, 'solver': 'lbfgs'}","['spec_skew', 'mfcc_1', 'wav_approx_std', 'mfcc_2']",0.7954911433172303,0.6918767507002801,0.9356060606060606,0.9304910585373333,0.9020944958597175,0.9186507936507936,0.8861244019138756,0.935263219730122,0.9711163153786104,0.9928172386272945,0.9503437738731857,0.9971417219590574
LR,0.8895201655715006,0.8730117350029948,0.9119848417836035,0.9274255156608098,0.9537805846074319,"{'C': 10.0, 'solver': 'lbfgs'}","['NDSI', 'mfcc_1', 'mfcc_var', 'mfcc_std', 'wav_approx_std']",0.7843803056027164,0.7107692307692308,0.875,0.9137896293334616,0.9087415946205571,0.9122468659594986,0.9052631578947369,0.9496011060378887,0.9754385964912281,0.9960191082802548,0.9556913674560733,0.9979510184509452
LR,0.8895201655715006,0.8730117350029948,0.9119848417836035,0.9274255156608098,0.9530931865409324,"{'C': 10.0, 'solver': 'lbfgs'}","['NDSI', 'mfcc_1', 'mfcc_std', 'wav_approx_std']",0.7843803056027164,0.7107692307692308,0.875,0.9125393465595885,0.9087415946205571,0.9122468659594986,0.9052631578947369,0.9487770200865532,0.9754385964912281,0.9960191082802548,0.9556913674560733,0.9979631929766557
LR,0.8894727863402339,0.868016055606562,0.9227004677469074,0.9224598930481284,0.95609417902332,"{'C': 0.1, 'solver': 'lbfgs'}","['spec_skew', 'mfcc_1', 'mfcc_std', 'mfcc_2']",0.7974068071312804,0.6968838526912181,0.9318181818181818,0.9346491132851119,0.9015041242115478,0.9143700787401575,0.8889952153110048,0.936513497045543,0.9695074276778733,0.9927942353883107,0.9472880061115355,0.997119926739305
LR,0.8894727863402339,0.868016055606562,0.9227004677469074,0.9224598930481284,0.9559960130262968,"{'C': 0.1, 'solver': 'lbfgs'}","['spec_skew', 'mfcc_1', 'mfcc_2']",0.7974068071312804,0.6968838526912181,0.9318181818181818,0.9356464897271732,0.9015041242115478,0.9143700787401575,0.8889952153110048,0.9352988676827344,0.9695074276778733,0.9927942353883107,0.9472880061115355,0.9970426816689827
LR,0.889390567144437,0.8673603165716139,0.9241911597174756,0.9209320091673033,0.9304633032931772,"{'C': 10.0, 'solver': 'lbfgs'}","['mfcc_mean', 'NDSI', 'wav_detail_lvl5_std', 'wav_approx_std', 'mfcc_2']",0.8019323671497585,0.6974789915966386,0.9431818181818182,0.8807852854294755,0.8989751098096632,0.9173306772908366,0.8813397129186603,0.9145019942128506,0.9672642244738893,0.9872712808273667,0.948051948051948,0.9961026302372051
LR,0.8893276917190674,0.8690116559198566,0.9203867511917047,0.9251336898395722,0.9269784841193681,"{'C': 10.0, 'solver': 'lbfgs'}","['mfcc_mean', 'spec_skew', 'NDSI', 'mfcc_1', 'wav_detail_lvl5_std', 'wav_approx_std']",0.7895595432300163,0.6934097421203438,0.9166666666666666,0.8486689264553698,0.9044834307992202,0.9215491559086395,0.8880382775119617,0.9345192918720518,0.9739401011279658,0.9920760697305864,0.9564553093964858,0.9977472340306828
LR,0.8892431348627446,0.8687258538210431,0.9207567716081648,0.9243697478991597,0.933045366172539,"{'C': 10.0, 'solver': 'lbfgs'}","['mfcc_mean', 'spec_skew', 'NDSI', 'mfcc_1', 'wav_detail_lvl5_std', 'mfcc_var', 'wav_approx_std']",0.7915309446254072,0.6942857142857143,0.9204545454545454,0.8614023771886783,0.9034146341463415,0.9213930348258706,0.8861244019138756,0.9399500437662179,0.9727838258164853,0.9904988123515439,0.9556913674560733,0.9977836775627207
LR,0.8890847491745196,0.8677484269243684,0.9217945710979766,0.9201680672268907,0.9180523107520647,"{'C': 1.0, 'solver': 'lbfgs'}","['spec_kurtosis', 'NDSI', 'wav_detail_lvl5_std', 'mfcc_2']",0.8032520325203252,0.7037037037037037,0.9356060606060606,0.8426528404390473,0.8982968369829684,0.9138613861386139,0.8832535885167464,0.9170532027380717,0.965705378020265,0.9856801909307876,0.946524064171123,0.994450889079075
LR,0.8890477823085464,0.8677956836618205,0.9220598287161755,0.922077922077922,0.9208782750735279,"{'C': 10.0, 'solver': 'lbfgs'}","['mfcc_mean', 'mfcc_1', 'wav_detail_lvl5_std', 'mfcc_var', 'wav_approx_std']",0.7974068071312804,0.6968838526912181,0.9318181818181818,0.8515752985407773,0.9004878048780488,0.918407960199005,0.8832535885167464,0.9148588788392172,0.9692487349163098,0.9880952380952381,0.9511077158135982,0.9962006478405894
LR,0.8890387242265402,0.8696737149703782,0.9166340539405554,0.919022154316272,0.9521657351293039,"{'C': 0.1, 'solver': 'lbfgs'}","['mfcc_1', 'mfcc_std', 'mfcc_2']",0.8066666666666666,0.7202380952380952,0.9166666666666666,0.9235938494522636,0.8979788257940328,0.9031945788964182,0.8928229665071771,0.9361110462429116,0.962470680218921,0.9855884707766213,0.9404125286478228,0.9967923096927366
LR,0.8889606563124861,0.8684643976489639,0.9208317138657697,0.9258976317799847,0.9312817831989886,"{'C': 1.0, 'solver': 'lbfgs'}","['mfcc_mean', 'spec_skew', 'spec_kurtosis', 'NDSI', 'wav_detail_lvl5_std', 'mfcc_std', 'wav_approx_std']",0.7857142857142857,0.6875,0.9166666666666666,0.8519870370406851,0.9052734375,0.9242273180458624,0.8870813397129187,0.9438329911105942,0.9758942457231726,0.9936658749010293,0.9587471352177235,0.9980253214456865
LR,0.8889180971200998,0.8684094324200249,0.9210220292263637,0.926279602750191,0.9370406449197873,"{'C': 10.0, 'solver': 'lbfgs'}","['mfcc_mean', 'spec_skew', 'spec_kurtosis', 'NDSI', 'mfcc_1', 'wav_detail_lvl5_std', 'mfcc_var', 'wav_approx_std']",0.7844408427876823,0.6855524079320113,0.9166666666666666,0.8666917817482674,0.9056234718826406,0.926,0.8861244019138756,0.9463189941752411,0.9766899766899767,0.9936758893280633,0.9602750190985485,0.9981111588358534
LR,0.8886148493975394,0.8667665942788706,0.9235771022922726,0.9228418640183346,0.9568036852484485,"{'C': 10.0, 'solver': 'lbfgs'}","['spec_skew', 'mfcc_1', 'mfcc_std', 'wav_approx_std', 'mfcc_2']",0.7929373996789727,0.6880222841225627,0.9356060606060606,0.9357883086790018,0.9013671875,0.9202392821535393,0.8832535885167464,0.9373690067409582,0.9715399610136453,0.9920382165605095,0.9518716577540107,0.9972537403253855
LR,0.888570031795159,0.8697149184843894,0.9161778108372536,0.9258976317799847,0.9260832449153602,"{'C': 10.0, 'solver': 'lbfgs'}","['mfcc_mean', 'NDSI', 'wav_detail_lvl5_std', 'mfcc_var', 'mfcc_std', 'wav_approx_std']",0.7847682119205298,0.6970588235294117,0.8977272727272727,0.8471966723546054,0.9058252427184466,0.9192118226600985,0.8928229665071771,0.9330676202357459,0.9751166407465007,0.9928741092636579,0.957983193277311,0.997985442155729
LR,0.8885677681610109,0.8670055729634809,0.9217329196431363,0.9197860962566845,0.9271281795329233,"{'C': 0.1, 'solver': 'lbfgs'}","['spec_skew', 'spec_kurtosis', 'NDSI', 'wav_detail_lvl5_std', 'wav_approx_std', 'mfcc_2']",0.801948051948052,0.7017045454545454,0.9356060606060606,0.8597199900489016,0.8981571290009699,0.9105211406096362,0.8861244019138756,0.9261321851049542,0.965598123534011,0.988791032826261,0.9434682964094728,0.9955323634449137
LR,0.8884961352772262,0.8666894002473673,0.9221672720124733,0.919022154316272,0.9194233332738714,"{'C': 10.0, 'solver': 'lbfgs'}","['spec_kurtosis', 'mfcc_1', 'wav_detail_lvl5_std', 'mfcc_var']",0.8038897893030794,0.7025495750708215,0.9393939393939394,0.85200422115955,0.8971871968962173,0.9095378564405113,0.8851674641148325,0.9113780268559186,0.9644114196323818,0.9879807692307693,0.9419404125286478,0.9948877518061459
LR,0.8884555931952249,0.8702375588375867,0.9146094961110441,0.926279602750191,0.9341470129180626,"{'C': 10.0, 'solver': 'lbfgs'}","['spec_skew', 'spec_kurtosis', 'NDSI', 'mfcc_1', 'mfcc_var']",0.7833333333333333,0.6994047619047619,0.8901515151515151,0.8607382618398641,0.9065375302663439,0.9176470588235294,0.8956937799043062,0.9434411235184709,0.9754959159859977,0.993660855784469,0.957983193277311,0.9982616533958529
LR,0.8884452799038914,0.8672180928194164,0.9209928788102163,0.9213139801375095,0.951090234691003,"{'C': 0.1, 'solver': 'lbfgs'}","['spec_kurtosis', 'mfcc_1', 'wav_approx_std', 'mfcc_2']",0.7967479674796748,0.698005698005698,0.928030303030303,0.9272910751908079,0.9002904162633107,0.910871694417238,0.8899521531100478,0.9291764642890383,0.9682974559686889,0.992776886035313,0.944996180290298,0.9968031645931626
LR,0.888444599813525,0.8679131202297737,0.9201321038782339,0.9247517188693659,0.9217500569856102,"{'C': 1.0, 'solver': 'lbfgs'}","['NDSI', 'wav_detail_lvl5_std', 'mfcc_var']",0.7869918699186992,0.6894586894586895,0.9166666666666666,0.8304369934665348,0.9040428641013152,0.9206349206349206,0.8880382775119617,0.9368672884885253,0.9742990654205608,0.9936457505957109,0.9556913674560733,0.9979458890017706
LR,0.8884006019604387,0.8678479628029558,0.9203224192388278,0.9251336898395722,0.9217698453599598,"{'C': 1.0, 'solver': 'lbfgs'}","['NDSI', 'wav_detail_lvl5_std', 'mfcc_std']",0.7857142857142857,0.6875,0.9166666666666666,0.8292466651264176,0.904390243902439,0.9223880597014925,0.8870813397129187,0.938154956961865,0.9750972762645914,0.9936558287073751,0.9572192513368984,0.997907913991597
LR,0.8882332334634593,0.8669673377752632,0.9210412394622921,0.920550038197097,0.9158930675722367,"{'C': 10.0, 'solver': 'lbfgs'}","['spec_skew', 'NDSI', 'wav_detail_lvl5_std', 'mfcc_2']",0.7987012987012987,0.6988636363636364,0.9318181818181818,0.841288871830116,0.8987341772151899,0.9147670961347869,0.8832535885167464,0.9119376420853492,0.9672642244738893,0.9872712808273667,0.948051948051948,0.9944526888012446
LR,0.8881654433300769,0.8669190709571412,0.9207382314967454,0.9209320091673033,0.95192508428583,"{'C': 0.1, 'solver': 'lbfgs'}","['spec_kurtosis', 'mfcc_1', 'mfcc_std', 'wav_approx_std', 'mfcc_2']",0.7967479674796748,0.698005698005698,0.928030303030303,0.9277333231027485,0.8998548621190131,0.9099804305283757,0.8899521531100478,0.9311670761257331,0.9678935003915426,0.9927710843373494,0.9442322383498855,0.9968748536290086
LR,0.8881073857357107,0.8677393107600949,0.9190008220193979,0.9239877769289534,0.926083348124703,"{'C': 0.1, 'solver': 'lbfgs'}","['mfcc_mean', 'spec_skew', 'NDSI', 'wav_detail_lvl5_std', 'mfcc_var', 'mfcc_std', 'wav_approx_std']",0.7875816993464052,0.6925287356321839,0.9128787878787878,0.848345933835415,0.9037252056119981,0.913894324853229,0.8937799043062201,0.9320943346499614,0.973015252248729,0.9967948717948718,0.9503437738731857,0.9978097758887329
LR,0.8879121023751465,0.866094544840565,0.9215936454326549,0.9182582123758595,0.920636723054619,"{'C': 10.0, 'solver': 'lbfgs'}","['spec_skew', 'mfcc_1', 'wav_detail_lvl5_std', 'mfcc_var']",0.8038897893030794,0.7025495750708215,0.9393939393939394,0.8521723532507195,0.8962172647914646,0.9085545722713865,0.8842105263157894,0.914515530719951,0.9636292530308955,0.9871794871794872,0.9411764705882353,0.9952222851931863
LR,0.8876986727456425,0.8659070662254038,0.9215426042825423,0.9194041252864782,0.915250256320916,"{'C': 10.0, 'solver': 'lbfgs'}","['mfcc_mean', 'spec_skew', 'NDSI', 'wav_detail_lvl5_std']",0.7993527508090615,0.6977401129943502,0.9356060606060606,0.8534201306062057,0.897820823244552,0.9088235294117647,0.8870813397129187,0.8965124479660904,0.9659224441833137,0.9911575562700965,0.9419404125286478,0.9958181903904517
LR,0.8876884481557741,0.8672852350294211,0.9189981415213614,0.9243697478991597,0.9169069524021062,"{'C': 10.0, 'solver': 'lbfgs'}","['spec_skew', 'NDSI', 'mfcc_1', 'wav_detail_lvl5_std']",0.7850162866449512,0.6885714285714286,0.9128787878787878,0.8368283906039834,0.9037900874635568,0.9180651530108588,0.8899521531100478,0.9161147162629386,0.9742589703588144,0.9952191235059761,0.9541634835752483,0.9977777503393968
LR,0.8876393594843495,0.8673132255631463,0.9188694776156076,0.9243697478991597,0.9224360619188833,"{'C': 0.1, 'solver': 'lbfgs'}","['NDSI', 'wav_detail_lvl5_std', 'mfcc_var', 'mfcc_std']",0.7850162866449512,0.6885714285714286,0.9128787878787878,0.8298727185155764,0.9036027263875365,0.9197224975222993,0.8880382775119617,0.939466934716677,0.9742990654205608,0.9936457505957109,0.9556913674560733,0.9979685325243965
LR,0.8875647452908741,0.8665473473473798,0.9194623144313546,0.9194041252864782,0.9260035240582262,"{'C': 0.1, 'solver': 'lbfgs'}","['spec_skew', 'NDSI', 'wav_detail_lvl5_std', 'wav_approx_std', 'mfcc_2']",0.799347471451876,0.7020057306590258,0.928030303030303,0.8571086752400695,0.8977217644207465,0.9096267190569745,0.8861244019138756,0.9252580293764219,0.965625,0.988009592326139,0.9442322383498855,0.995643867558187
LR,0.8875070833818105,0.8674678482436559,0.9177998472116119,0.9239877769289534,0.926217641349246,"{'C': 1.0, 'solver': 'lbfgs'}","['mfcc_mean', 'spec_kurtosis', 'NDSI', 'wav_detail_lvl5_std', 'mfcc_std', 'wav_approx_std']",0.7855973813420621,0.69164265129683,0.9090909090909091,0.8462218109149884,0.903444929645803,0.9163385826771654,0.8909090909090909,0.9347389747043438,0.9734789391575663,0.9944223107569721,0.9533995416348358,0.9976921384284061
LR,0.8874555901665736,0.8667441452014262,0.9187866055513115,0.9209320091673033,0.9526013205025649,"{'C': 0.1, 'solver': 'lbfgs'}","['spec_kurtosis', 'mfcc_1', 'mfcc_std', 'mfcc_2']",0.7941176470588235,0.6982758620689655,0.9204545454545454,0.9310135059367259,0.8999516674722088,0.9091796875,0.8909090909090909,0.9301064877567399,0.9682974559686889,0.992776886035313,0.944996180290298,0.9966839678142285
LR,0.8871535253898948,0.8666707291562452,0.9185531788472966,0.9236058059587471,0.9153951326112318,"{'C': 1.0, 'solver': 'lbfgs'}","['spec_kurtosis', 'NDSI', 'mfcc_1', 'wav_detail_lvl5_std']",0.7850162866449512,0.6885714285714286,0.9128787878787878,0.8366862276937863,0.9030067895247332,0.9154375614552606,0.8909090909090909,0.911797747262294,0.9734375,0.9960031974420464,0.9518716577540107,0.9977014228776152
LR,0.8871519997046623,0.8664491749896722,0.9184676262849637,0.920550038197097,0.9526247539001993,"{'C': 0.1, 'solver': 'lbfgs'}","['spec_kurtosis', 'mfcc_1', 'mfcc_2']",0.7941176470588235,0.6982758620689655,0.9204545454545454,0.9320772862468806,0.8994197292069632,0.9090909090909091,0.8899521531100478,0.929189214472713,0.9679186228482003,0.991980753809142,0.944996180290298,0.9966077609810043
LR,0.8871123662742378,0.8666947584512986,0.9177010038465147,0.9197860962566845,0.9204056772687372,"{'C': 1.0, 'solver': 'lbfgs'}","['spec_skew', 'spec_kurtosis', 'wav_detail_lvl5_std', 'wav_approx_std', 'mfcc_2']",0.7967213114754098,0.7023121387283237,0.9204545454545454,0.8538781131990983,0.8981571290009699,0.9105211406096362,0.8861244019138756,0.9115454352863085,0.9664586583463338,0.9872509960159362,0.946524064171123,0.995793483320805
LR,0.8871072299107672,0.8665746791361976,0.9180199831128624,0.9201680672268907,0.9165152799641287,"{'C': 1.0, 'solver': 'lbfgs'}","['mfcc_mean', 'NDSI', 'wav_detail_lvl5_std']",0.795417348608838,0.7002881844380403,0.9204545454545454,0.8473124279829223,0.898691226369365,0.9106090373280943,0.8870813397129187,0.9060667586236903,0.9672131147540983,0.9888268156424581,0.946524064171123,0.9961666532857736
LR,0.8870967208042316,0.867247872311499,0.916794548760493,0.9236058059587471,0.9244978214457061,"{'C': 0.1, 'solver': 'lbfgs'}","['mfcc_mean', 'spec_kurtosis', 'NDSI', 'wav_detail_lvl5_std', 'mfcc_var', 'mfcc_std', 'wav_approx_std']",0.7848932676518884,0.6927536231884058,0.9053030303030303,0.8461729342188705,0.9033816425120773,0.9121951219512195,0.8947368421052632,0.9295984820065001,0.973015252248729,0.9967948717948718,0.9503437738731857,0.9977220481117475
LR,0.8869663568039421,0.8661605354294007,0.9195584772984153,0.9239877769289534,0.9133844503249507,"{'C': 1.0, 'solver': 'lbfgs'}","['spec_kurtosis', 'NDSI', 'wav_detail_lvl5_std', 'mfcc_var']",0.7831715210355987,0.6836158192090396,0.9166666666666666,0.829431529795505,0.9030686799805163,0.9196428571428571,0.8870813397129187,0.9130148809831328,0.9746588693957114,0.9952229299363057,0.9549274255156608,0.9977069401962143
LR,0.8868810547899916,0.8652333994800165,0.9205346253333869,0.9194041252864782,0.919338431765632,"{'C': 1.0, 'solver': 'lbfgs'}","['mfcc_mean', 'spec_skew', 'wav_detail_lvl5_std', 'mfcc_std']",0.7961165048543689,0.6949152542372882,0.9318181818181818,0.8499502443830229,0.897820823244552,0.9088235294117647,0.8870813397129187,0.9120657261247883,0.9667058362710537,0.9919614147909968,0.9427043544690603,0.9959993247890847
LR,0.8867506942071485,0.8664285714285714,0.9179768717694414,0.9232238349885409,0.9252823075149768,"{'C': 1.0, 'solver': 'lbfgs'}","['mfcc_mean', 'spec_kurtosis', 'NDSI', 'wav_detail_lvl5_std', 'mfcc_var', 'wav_approx_std']",0.7850162866449512,0.6885714285714286,0.9128787878787878,0.8459912910658454,0.9020944958597175,0.9186507936507936,0.8861244019138756,0.9321412947452873,0.9731413001167769,0.9920634920634921,0.9549274255156608,0.9977143367337975
LR,0.8867279864785022,0.8659199825936792,0.9191135146243505,0.9232238349885409,0.9142535822252097,"{'C': 10.0, 'solver': 'lbfgs'}","['spec_kurtosis', 'NDSI', 'wav_detail_lvl5_std', 'mfcc_std']",0.7844408427876823,0.6855524079320113,0.9166666666666666,0.8287741081619225,0.9022848808945065,0.9169960474308301,0.8880382775119617,0.9163150432047555,0.9734582357533177,0.9952114924181963,0.9526355996944232,0.9976715953089511
LR,0.8866992081277796,0.8651230158551549,0.9198993472987281,0.9182582123758595,0.9146975868241934,"{'C': 10.0, 'solver': 'lbfgs'}","['mfcc_mean', 'spec_kurtosis', 'NDSI', 'wav_detail_lvl5_std']",0.7987012987012987,0.6988636363636364,0.9318181818181818,0.8509008930197675,0.8967181467181468,0.9045764362220059,0.8889952153110048,0.8973977540622512,0.9646781789638933,0.9919289749798225,0.9388846447669977,0.9957941133905617
LR,0.8866399672096547,0.864128344947031,0.9224113090212162,0.9178762414056532,0.9212853098544075,"{'C': 10.0, 'solver': 'lbfgs'}","['mfcc_mean', 'spec_kurtosis', 'mfcc_1', 'wav_detail_lvl5_std', 'mfcc_var']",0.7993579454253612,0.6935933147632312,0.9431818181818182,0.8585703536468393,0.8958837772397095,0.9068627450980392,0.8851674641148325,0.9096722101921249,0.9646781789638933,0.9919289749798225,0.9388846447669977,0.995613365724258
LR,0.8866316741936805,0.8661539488426423,0.918866797117571,0.9247517188693659,0.9307378477328404,"{'C': 1.0, 'solver': 'lbfgs'}","['mfcc_mean', 'spec_skew', 'spec_kurtosis', 'NDSI', 'mfcc_1', 'wav_detail_lvl5_std', 'wav_approx_std']",0.7799352750809061,0.6807909604519774,0.9128787878787878,0.852443199911958,0.9036674816625917,0.924,0.8842105263157894,0.9417289627840467,0.9762922658375437,0.9936708860759493,0.959511077158136,0.9980413805025166
LR,0.8865752144613163,0.8659818116575403,0.9182985315338256,0.9232238349885409,0.9214548424801876,"{'C': 0.1, 'solver': 'lbfgs'}","['spec_skew', 'spec_kurtosis', 'NDSI', 'mfcc_1', 'wav_detail_lvl5_std']",0.7837398373983739,0.6866096866096866,0.9128787878787878,0.8353095442344964,0.902569074163839,0.9145383104125737,0.8909090909090909,0.931182416687649,0.9734167318217357,0.9967974379503602,0.9511077158135982,0.9978725665184173
LR,0.8865158504972804,0.8669606492467187,0.9156579059055839,0.9236058059587471,0.9190261752580066,"{'C': 10.0, 'solver': 'lbfgs'}","['spec_kurtosis', 'NDSI', 'mfcc_1', 'wav_detail_lvl5_std', 'wav_approx_std']",0.7828947368421053,0.6918604651162791,0.9015151515151515,0.8401480061170957,0.9031945788964182,0.9138099902056807,0.8928229665071771,0.9192738628317102,0.9734582357533177,0.9952114924181963,0.9526355996944232,0.9976566568252139
LR,0.8865133767361967,0.8666699620159481,0.916979503125014,0.9247517188693659,0.9283210242874821,"{'C': 10.0, 'solver': 'lbfgs'}","['mfcc_mean', 'NDSI', 'wav_detail_lvl5_std', 'mfcc_var', 'wav_approx_std']",0.7797716150081566,0.6848137535816619,0.9053030303030303,0.8427037720911819,0.9038555392874573,0.9223107569721115,0.8861244019138756,0.9443022736376078,0.9759129759129759,0.9928853754940712,0.959511077158136,0.9979570271336565
LR,0.886483412744969,0.8659270935620286,0.918360182988666,0.9236058059587471,0.9145940163366181,"{'C': 1.0, 'solver': 'lbfgs'}","['spec_skew', 'NDSI', 'wav_detail_lvl5_std', 'mfcc_var']",0.7824675324675324,0.6846590909090909,0.9128787878787878,0.8293967179593534,0.9027237354085603,0.9179030662710188,0.8880382775119617,0.9166091605508254,0.9742589703588144,0.9952191235059761,0.9541634835752483,0.9977761704996754
LR,0.8863920271194242,0.8658967054951471,0.9184218344435063,0.9239877769289534,0.9309096192919218,"{'C': 1.0, 'solver': 'lbfgs'}","['mfcc_mean', 'spec_skew', 'spec_kurtosis', 'NDSI', 'wav_detail_lvl5_std', 'mfcc_var', 'wav_approx_std']",0.7811993517017828,0.6827195467422096,0.9128787878787878,0.8520808176234418,0.9028794533918985,0.9213147410358565,0.8851674641148325,0.9425743445721121,0.9750972762645914,0.9936558287073751,0.9572192513368984,0.9980736956802116
LR,0.886391470616163,0.8654781057535069,0.9193038299849445,0.9236058059587471,0.9182154525275333,"{'C': 0.1, 'solver': 'lbfgs'}","['spec_skew', 'spec_kurtosis', 'NDSI', 'wav_detail_lvl5_std', 'mfcc_var', 'mfcc_std']",0.7819063004846527,0.6816901408450704,0.9166666666666666,0.8292236050982899,0.9026290165530672,0.9187314172447968,0.8870813397129187,0.9275254748440815,0.9746390948107686,0.9960127591706539,0.9541634835752483,0.9978972776402284
LR,0.8862037242095079,0.8656234831149018,0.9181055356751952,0.9232238349885409,0.9153895537050319,"{'C': 1.0, 'solver': 'lbfgs'}","['spec_skew', 'NDSI', 'wav_detail_lvl5_std', 'mfcc_std']",0.7824675324675324,0.6846590909090909,0.9128787878787878,0.8284786544456288,0.9022848808945065,0.9169960474308301,0.8880382775119617,0.9199417497255502,0.9738587592664846,0.9952153110047847,0.9533995416348358,0.997748256943917
LR,0.88617666681005,0.8652280643733303,0.9189231992637565,0.9228418640183346,0.915759629872412,"{'C': 0.1, 'solver': 'lbfgs'}","['spec_skew', 'NDSI', 'wav_detail_lvl5_std', 'mfcc_var', 'mfcc_std']",0.7831715210355987,0.6836158192090396,0.9166666666666666,0.828777320709943,0.9019417475728155,0.9152709359605912,0.8889952153110048,0.9207081855084351,0.9734167318217357,0.9967974379503602,0.9511077158135982,0.9977933833988577
LR,0.8860009635964056,0.8670828302387849,0.9138322633678672,0.9239877769289534,0.9235139906424732,"{'C': 1.0, 'solver': 'lbfgs'}","['NDSI', 'mfcc_1', 'wav_detail_lvl5_std', 'wav_approx_std']",0.7801652892561983,0.6920821114369502,0.8939393939393939,0.8360077049416211,0.9035385361124576,0.9155206286836935,0.8918660287081339,0.9365942595919735,0.9742990654205608,0.9936457505957109,0.9556913674560733,0.9979400073938249
LR,0.8859240736959038,0.8653204675585857,0.9178508883617242,0.9228418640183346,0.9250416254841407,"{'C': 1.0, 'solver': 'lbfgs'}","['mfcc_mean', 'spec_kurtosis', 'NDSI', 'mfcc_1', 'wav_detail_lvl5_std', 'wav_approx_std']",0.7824675324675324,0.6846590909090909,0.9128787878787878,0.8469020227066064,0.901846452866861,0.9160908193484699,0.8880382775119617,0.9304906220015464,0.9734582357533177,0.9952114924181963,0.9526355996944232,0.9977322317442692
LR,0.8858721046870145,0.8649343986449592,0.9186042199974088,0.9224598930481284,0.9189657449697521,"{'C': 0.1, 'solver': 'lbfgs'}","['spec_skew', 'spec_kurtosis', 'NDSI', 'wav_detail_lvl5_std', 'mfcc_var']",0.7831715210355987,0.6836158192090396,0.9166666666666666,0.8288109646072352,0.9014084507042254,0.9151873767258383,0.8880382775119617,0.9302038277706216,0.9730363423212193,0.996,0.9511077158135982,0.9978824425313998
LR,0.8858607341285557,0.8668119929185907,0.9144032094496491,0.9251336898395722,0.9277768780901946,"{'C': 1.0, 'solver': 'lbfgs'}","['mfcc_mean', 'NDSI', 'mfcc_1', 'wav_detail_lvl5_std', 'wav_approx_std']",0.7763157894736842,0.686046511627907,0.8939393939393939,0.8427289735368817,0.9045764362220059,0.9207135777998018,0.8889952153110048,0.9426652744945031,0.9766899766899767,0.9936758893280633,0.9602750190985485,0.997936386239199
LR,0.8857473960705152,0.8666551878520155,0.9139609272736208,0.9239877769289534,0.923376343879676,"{'C': 0.1, 'solver': 'lbfgs'}","['spec_skew', 'spec_kurtosis', 'NDSI', 'wav_detail_lvl5_std', 'mfcc_var', 'mfcc_std', 'wav_approx_std']",0.7788778877887789,0.6900584795321637,0.8939393939393939,0.8388077772820609,0.9037252056119981,0.913894324853229,0.8937799043062201,0.9334075957167854,0.9746390948107686,0.9960127591706539,0.9541634835752483,0.9979136586401818
LR,0.8856188576924794,0.8636458354743471,0.9200763718565576,0.917494270435447,0.929713315828452,"{'C': 1.0, 'solver': 'lbfgs'}","['mfcc_mean', 'spec_kurtosis', 'NDSI', 'wav_detail_lvl5_std', 'wav_approx_std', 'mfcc_2']",0.7967741935483871,0.6938202247191011,0.9356060606060606,0.8799503271619902,0.8953488372093024,0.9067713444553483,0.8842105263157894,0.9133270310955899,0.9647335423197492,0.9903459372485921,0.9404125286478228,0.9958625892277759
LR,0.8855768079599513,0.863484551352253,0.9205856664834994,0.9182582123758595,0.9198711185099177,"{'C': 10.0, 'solver': 'lbfgs'}","['mfcc_mean', 'spec_skew', 'spec_kurtosis', 'mfcc_1', 'wav_detail_lvl5_std', 'mfcc_var', 'wav_approx_std']",0.7942122186495176,0.6899441340782123,0.9356060606060606,0.8521222705013789,0.8962172647914646,0.9085545722713865,0.8842105263157894,0.9115910893615738,0.9663009404388715,0.9919549477071601,0.9419404125286478,0.9958999956668
LR,0.8855682749085068,0.8637494744524682,0.9196287286844562,0.9171122994652406,0.9202071701486921,"{'C': 10.0, 'solver': 'lbfgs'}","['spec_skew', 'spec_kurtosis', 'mfcc_1', 'wav_detail_lvl5_std', 'mfcc_var']",0.7980613893376414,0.6957746478873239,0.9356060606060606,0.8521141684477869,0.8946090335114133,0.908284023668639,0.8813397129186603,0.9134125450197483,0.9640344018764659,0.9871897518014412,0.9419404125286478,0.9950947969785414
LR,0.8854404617826092,0.8630366141901941,0.921464981526901,0.9182582123758595,0.9204259614104585,"{'C': 1.0, 'solver': 'lbfgs'}","['mfcc_mean', 'spec_skew', 'spec_kurtosis', 'wav_detail_lvl5_std', 'mfcc_std']",0.7936,0.6869806094182825,0.9393939393939394,0.851650261816299,0.8960155490767736,0.910167818361303,0.8822966507177034,0.913616959085969,0.9667058362710537,0.9919614147909968,0.9427043544690603,0.9960106633291076
LR,0.8853758202270127,0.8659647631909854,0.9143309476900807,0.9232238349885409,0.9207535203685805,"{'C': 1.0, 'solver': 'lbfgs'}","['spec_skew', 'NDSI', 'wav_detail_lvl5_std', 'mfcc_std', 'wav_approx_std']",0.7796052631578947,0.688953488372093,0.8977272727272727,0.8365505170990889,0.9026634382566586,0.9137254901960784,0.8918660287081339,0.9279557198659825,0.9738587592664846,0.9952153110047847,0.9533995416348358,0.9977543241406699
LR,0.8853685910284823,0.8645546706304468,0.9174303852322426,0.9186401833460657,0.9154531273524668,"{'C': 1.0, 'solver': 'lbfgs'}","['mfcc_mean', 'wav_detail_lvl5_std', 'mfcc_std']",0.7934959349593496,0.6951566951566952,0.9242424242424242,0.8479700896863345,0.8960468521229868,0.9143426294820717,0.8784688995215311,0.9030453606539858,0.9665629860031104,0.9841646872525732,0.9495798319327731,0.9953439317170799
LR,0.8853627099024189,0.8627254659584627,0.9218993338962379,0.917494270435447,0.9228648077058411,"{'C': 10.0, 'solver': 'lbfgs'}","['mfcc_mean', 'spec_skew', 'mfcc_1', 'wav_detail_lvl5_std', 'mfcc_var']",0.7955271565495208,0.6878453038674033,0.9431818181818182,0.8600933215454151,0.8950437317784257,0.9091806515301086,0.8813397129186603,0.9126231971040969,0.9655172413793104,0.9911504424778761,0.9411764705882353,0.9958779044680115
LR,0.8852724261247951,0.8642645977874487,0.9182852407310612,0.922077922077922,0.9192272454075706,"{'C': 0.1, 'solver': 'lbfgs'}","['spec_skew', 'spec_kurtosis', 'NDSI', 'wav_detail_lvl5_std', 'mfcc_std']",0.7819063004846527,0.6816901408450704,0.9166666666666666,0.8278574099683252,0.9008746355685131,0.9151036525172754,0.8870813397129187,0.9319678946806317,0.9730363423212193,0.996,0.9511077158135982,0.9978564315737553
LR,0.8852591034175643,0.8633480217485605,0.9211890019165562,0.9178762414056532,0.9198313961254184,"{'C': 0.1, 'solver': 'lbfgs'}","['NDSI', 'wav_detail_lvl5_std', 'mfcc_2']",0.7955271565495208,0.6878453038674033,0.9431818181818182,0.8338358687779921,0.8939319190922546,0.9226069246435845,0.8669856459330143,0.931693738291621,0.9663182346109176,0.9795918367346939,0.9533995416348358,0.9939645813066419
LR,0.8852468591242415,0.8637554704245924,0.9185080571303481,0.9178762414056532,0.9179801638428691,"{'C': 10.0, 'solver': 'lbfgs'}","['mfcc_mean', 'spec_kurtosis', 'mfcc_1', 'wav_detail_lvl5_std', 'mfcc_var', 'wav_approx_std']",0.7941653160453809,0.6940509915014165,0.928030303030303,0.8512646607599131,0.8960850652489125,0.9052734375,0.8870813397129187,0.9069314602198334,0.9654901960784313,0.991941982272361,0.9404125286478228,0.9957443705488609
LR,0.8852145735732225,0.8642854850952016,0.9171784184168086,0.9178762414056532,0.9231061990150832,"{'C': 1.0, 'solver': 'lbfgs'}","['spec_kurtosis', 'NDSI', 'wav_detail_lvl5_std', 'wav_approx_std', 'mfcc_2']",0.7947882736156352,0.6971428571428572,0.9242424242424242,0.8571118175169226,0.8955803788246721,0.9092702169625246,0.8822966507177034,0.9165841023180673,0.9652750682793602,0.9864433811802232,0.944996180290298,0.9956226772102594
LR,0.8851798250671092,0.863359400132489,0.9192613887660328,0.917494270435447,0.9193826349424185,"{'C': 1.0, 'solver': 'lbfgs'}","['mfcc_mean', 'spec_skew', 'spec_kurtosis', 'NDSI', 'wav_detail_lvl5_std']",0.7948303715670436,0.6929577464788732,0.9318181818181818,0.8554401549610972,0.8956521739130435,0.904390243902439,0.8870813397129187,0.9067763689809866,0.9650569297212407,0.9927302100161551,0.9388846447669977,0.9959313808851717
LR,0.8849347573733889,0.8657582042371152,0.9132613172860852,0.9228418640183346,0.9208093341145794,"{'C': 0.1, 'solver': 'lbfgs'}","['spec_skew', 'NDSI', 'wav_detail_lvl5_std', 'mfcc_var', 'mfcc_std', 'wav_approx_std']",0.7788778877887789,0.6900584795321637,0.8939393939393939,0.8384404019517624,0.9025096525096525,0.9104186952288218,0.8947368421052632,0.9261931944011746,0.9734167318217357,0.9967974379503602,0.9511077158135982,0.997794405990801
LR,0.8849313256460052,0.8667809443825515,0.9113176211473425,0.9247517188693659,0.9205449483256101,"{'C': 10.0, 'solver': 'lbfgs'}","['NDSI', 'wav_detail_lvl5_std', 'mfcc_var', 'mfcc_std', 'wav_approx_std']",0.7740863787375415,0.6893491124260355,0.8825757575757576,0.8380297874602508,0.9044153323629306,0.9173228346456693,0.8918660287081339,0.9257369987973824,0.9762922658375437,0.9936708860759493,0.959511077158136,0.9978680587191969
LR,0.8847742935630164,0.863958037562684,0.9173415937347826,0.922077922077922,0.9145981836612399,"{'C': 0.1, 'solver': 'lbfgs'}","['spec_kurtosis', 'NDSI', 'wav_detail_lvl5_std', 'mfcc_var', 'mfcc_std']",0.7799352750809061,0.6807909604519774,0.9128787878787878,0.8288997708394404,0.9009708737864077,0.9142857142857143,0.8880382775119617,0.9172078295724154,0.9734167318217357,0.9967974379503602,0.9511077158135982,0.997686950571864
LR,0.8846482868896345,0.8657817088791129,0.9119104579630894,0.9197860962566845,0.9173285031984805,"{'C': 1.0, 'solver': 'lbfgs'}","['spec_skew', 'wav_detail_lvl5_std', 'wav_approx_std', 'mfcc_2']",0.7873754152823921,0.7011834319526628,0.8977272727272727,0.8493427500286141,0.8985507246376812,0.9073170731707317,0.8899521531100478,0.9068306453079708,0.96801872074883,0.9888446215139443,0.948051948051948,0.9958121142588565
LR,0.884514577677745,0.8652692506589288,0.9132586367880485,0.9232238349885409,0.9185560975303777,"{'C': 10.0, 'solver': 'lbfgs'}","['spec_kurtosis', 'NDSI', 'wav_detail_lvl5_std', 'mfcc_var', 'wav_approx_std']",0.7763157894736842,0.686046511627907,0.8939393939393939,0.8377272164364438,0.902569074163839,0.9145383104125737,0.8909090909090909,0.9202462300039643,0.9746588693957114,0.9952229299363057,0.9549274255156608,0.9976948461507251
LR,0.8844981516710838,0.8648680714985776,0.9140763003766099,0.9228418640183346,0.9228855559670622,"{'C': 0.1, 'solver': 'lbfgs'}","['spec_skew', 'spec_kurtosis', 'NDSI', 'wav_detail_lvl5_std', 'mfcc_var', 'wav_approx_std']",0.7770491803278688,0.684971098265896,0.8977272727272727,0.8373997450331842,0.9022265246853823,0.9128305582761999,0.8918660287081339,0.9333673484922935,0.97421875,0.996802557953637,0.9526355996944232,0.997889574375709
LR,0.8844614429152508,0.8625256065696525,0.919258708267996,0.9178762414056532,0.918751165797187,"{'C': 1.0, 'solver': 'lbfgs'}","['mfcc_mean', 'spec_skew', 'wav_detail_lvl5_std', 'mfcc_var']",0.7909967845659164,0.6871508379888268,0.9318181818181818,0.8489438505785772,0.8956817079087821,0.9084645669291339,0.8832535885167464,0.9113041787261957,0.9667058362710537,0.9919614147909968,0.9427043544690603,0.9960054680867877
LR,0.8843149214691054,0.8658152524659419,0.9109641304687743,0.9201680672268907,0.9154327288299323,"{'C': 10.0, 'solver': 'lbfgs'}","['wav_detail_lvl5_std', 'wav_approx_std', 'mfcc_2']",0.7853577371048253,0.7002967359050445,0.8939393939393939,0.8432906829032712,0.898691226369365,0.9106090373280943,0.8870813397129187,0.9070833682639345,0.968895800933126,0.9865399841646872,0.9518716577540107,0.995924135322591
LR,0.8842297652838783,0.8652772658050631,0.912440973199487,0.9236058059587471,0.9238249748446341,"{'C': 10.0, 'solver': 'lbfgs'}","['spec_skew', 'spec_kurtosis', 'NDSI', 'wav_detail_lvl5_std', 'mfcc_std', 'wav_approx_std']",0.7742998352553542,0.685131195335277,0.8901515151515151,0.8374135925530681,0.9029126213592233,0.916256157635468,0.8899521531100478,0.936067614801089,0.9754768392370572,0.9944444444444445,0.9572192513368984,0.997993717179745
LR,0.8841691839365247,0.8645808004707115,0.9136929891573855,0.9224598930481284,0.9202721151896914,"{'C': 10.0, 'solver': 'lbfgs'}","['spec_skew', 'NDSI', 'wav_detail_lvl5_std', 'mfcc_var', 'wav_approx_std']",0.7770491803278688,0.684971098265896,0.8977272727272727,0.8382096814780429,0.9015996122152206,0.9135559921414538,0.8899521531100478,0.9248558617434727,0.9738587592664846,0.9952153110047847,0.9533995416348358,0.997750802347559
LR,0.8841565817709375,0.862229960286606,0.9189397290016484,0.917494270435447,0.9184674277326778,"{'C': 1.0, 'solver': 'lbfgs'}","['mfcc_mean', 'spec_skew', 'mfcc_1', 'wav_detail_lvl5_std']",0.7909967845659164,0.6871508379888268,0.9318181818181818,0.8479339252210222,0.8951456310679612,0.9083743842364532,0.8822966507177034,0.9114526286519111,0.966327329678935,0.9911646586345382,0.9427043544690603,0.9960157293250995
LR,0.8841559511625182,0.8638338273677069,0.9151730708232256,0.9194041252864782,0.9140065376558404,"{'C': 10.0, 'solver': 'lbfgs'}","['mfcc_mean', 'wav_detail_lvl5_std', 'mfcc_std', 'wav_approx_std']",0.7862969004893964,0.6905444126074498,0.9128787878787878,0.8427841776826869,0.897323600973236,0.9128712871287129,0.8822966507177034,0.9031401656655853,0.9688473520249221,0.9880857823669579,0.9503437738731857,0.9960952696192492
LR,0.8841459759315492,0.8628740034706973,0.9169264516013742,0.9171122994652406,0.9166670447851551,"{'C': 1.0, 'solver': 'lbfgs'}","['mfcc_mean', 'spec_kurtosis', 'wav_detail_lvl5_std', 'mfcc_std']",0.7922077922077922,0.6931818181818182,0.9242424242424242,0.8487296778775113,0.8951184146930884,0.904296875,0.8861244019138756,0.9055602145603682,0.9651117208937672,0.9911433172302737,0.9404125286478228,0.9957112419175859
LR,0.8841236031262278,0.862782480395222,0.9171810989148451,0.917494270435447,0.9197221091484354,"{'C': 10.0, 'solver': 'lbfgs'}","['mfcc_mean', 'spec_skew', 'mfcc_1', 'wav_detail_lvl5_std', 'mfcc_var', 'wav_approx_std']",0.7909238249594813,0.6912181303116147,0.9242424242424242,0.8517946600173274,0.8955512572533849,0.9051808406647116,0.8861244019138756,0.9113883880685476,0.9658957271658173,0.9919484702093397,0.9411764705882353,0.9959832793594313
LR,0.8840189270038352,0.8617772160025682,0.9205670146846616,0.9178762414056532,0.9133039928752448,"{'C': 1.0, 'solver': 'lbfgs'}","['spec_skew', 'spec_kurtosis', 'wav_detail_lvl5_std', 'mfcc_2']",0.7898089171974523,0.6813186813186813,0.9393939393939394,0.8346506540696016,0.8945561549779304,0.9175050301810865,0.8727272727272727,0.9106624921520603,0.967691708836123,0.9865079365079366,0.9495798319327731,0.9945988324040729
LR,0.8839711601987723,0.8650781769352744,0.9119316785725454,0.9228418640183346,0.9229749139016716,"{'C': 10.0, 'solver': 'lbfgs'}","['NDSI', 'wav_detail_lvl5_std', 'mfcc_var', 'wav_approx_std']",0.7755775577557755,0.6871345029239766,0.8901515151515151,0.8338085180645824,0.9020368574199806,0.9144542772861357,0.8899521531100478,0.9371549662363555,0.9742990654205608,0.9936457505957109,0.9556913674560733,0.9979612574040769
LR,0.8839399591111189,0.8642714931734213,0.9135670057496683,0.922077922077922,0.923354313869241,"{'C': 0.1, 'solver': 'lbfgs'}","['spec_skew', 'spec_kurtosis', 'NDSI', 'mfcc_1', 'wav_detail_lvl5_std', 'wav_approx_std']",0.7770491803278688,0.684971098265896,0.8977272727272727,0.8396435818710011,0.9013539651837524,0.9110459433040078,0.8918660287081339,0.932526347108524,0.9734167318217357,0.9967974379503602,0.9511077158135982,0.9978930126281981
LR,0.8839332677217463,0.86142041367335,0.920508043727858,0.9171122994652406,0.919844173366596,"{'C': 1.0, 'solver': 'lbfgs'}","['mfcc_mean', 'spec_skew', 'spec_kurtosis', 'wav_detail_lvl5_std', 'mfcc_var']",0.7910685805422647,0.6831955922865014,0.9393939393939394,0.8500992212993469,0.8944038929440389,0.9099009900990099,0.8794258373205741,0.9134263953119655,0.966327329678935,0.9911646586345382,0.9427043544690603,0.9960069034884756
LR,0.8836787407293866,0.8611125157315852,0.9203177283672641,0.9167303284950343,0.922900010550428,"{'C': 10.0, 'solver': 'lbfgs'}","['mfcc_mean', 'spec_skew', 'spec_kurtosis', 'mfcc_1', 'wav_detail_lvl5_std', 'mfcc_var']",0.7910685805422647,0.6831955922865014,0.9393939393939394,0.8597430491066458,0.8940719144800777,0.9081934846989141,0.8803827751196173,0.9131821944878896,0.9658957271658173,0.9919484702093397,0.9411764705882353,0.9957747880567487
LR,0.8836774985671161,0.8643697101309407,0.912494694847636,0.922077922077922,0.9196516455120989,"{'C': 1.0, 'solver': 'lbfgs'}","['spec_kurtosis', 'NDSI', 'wav_detail_lvl5_std', 'mfcc_std', 'wav_approx_std']",0.7763157894736842,0.686046511627907,0.8939393939393939,0.8365850326779776,0.9012584704743466,0.9118511263467189,0.8909090909090909,0.9246620787122966,0.9734582357533177,0.9952114924181963,0.9526355996944232,0.9977078251460223
LR,0.8836532987736364,0.8611180458920938,0.9202533964143872,0.9167303284950343,0.9192762404278602,"{'C': 1.0, 'solver': 'lbfgs'}","['mfcc_mean', 'spec_skew', 'spec_kurtosis', 'mfcc_1', 'wav_detail_lvl5_std']",0.7910685805422647,0.6831955922865014,0.9393939393939394,0.8488558760668017,0.8939688715953308,0.9090009891196835,0.8794258373205741,0.9129647629147177,0.9659224441833137,0.9911575562700965,0.9419404125286478,0.9960080823020608
LR,0.883567699552333,0.8638944740924717,0.9133740098910378,0.922077922077922,0.9209715070889586,"{'C': 1.0, 'solver': 'lbfgs'}","['spec_skew', 'NDSI', 'mfcc_1', 'wav_detail_lvl5_std', 'wav_approx_std']",0.7757774140752864,0.6829971181556196,0.8977272727272727,0.8406096953729776,0.9010669253152279,0.9134709931170109,0.8889952153110048,0.9245408875061287,0.9738587592664846,0.9952153110047847,0.9533995416348358,0.9977639383877694
LR,0.8835624236555911,0.8622800983110087,0.9163528250215557,0.9163483575248281,0.9194457352675647,"{'C': 0.1, 'solver': 'lbfgs'}","['mfcc_mean', 'spec_skew', 'wav_detail_lvl5_std', 'mfcc_var', 'mfcc_std']",0.7922077922077922,0.6931818181818182,0.9242424242424242,0.8484852172194087,0.8941517641372644,0.9033203125,0.8851674641148325,0.9139044420237367,0.964327714621717,0.9903381642512077,0.9396485867074102,0.9959475465595486
LR,0.8834089099956981,0.8625912543460569,0.9152294729694112,0.917494270435447,0.9189892462111695,"{'C': 10.0, 'solver': 'lbfgs'}","['mfcc_mean', 'spec_skew', 'spec_kurtosis', 'wav_detail_lvl5_std', 'mfcc_var', 'mfcc_std']",0.7882736156351792,0.6914285714285714,0.9166666666666666,0.8588660359811525,0.8956521739130435,0.904390243902439,0.8870813397129187,0.9023241574449876,0.9663009404388715,0.9919549477071601,0.9419404125286478,0.9957775452073686
LR,0.8833724849527865,0.8635693167581758,0.9130178387144331,0.9178762414056532,0.9127252893643196,"{'C': 10.0, 'solver': 'lbfgs'}","['mfcc_mean', 'wav_detail_lvl5_std', 'mfcc_var', 'mfcc_std']",0.7881773399014779,0.6956521739130435,0.9090909090909091,0.8539569681460906,0.8953771289537713,0.9108910891089109,0.8803827751196173,0.8890323192319887,0.9665629860031104,0.9841646872525732,0.9495798319327731,0.9951865807148796
LR,0.8833517583213831,0.8625886052284856,0.9155298004369211,0.917494270435447,0.9151837861719584,"{'C': 1.0, 'solver': 'lbfgs'}","['mfcc_mean', 'wav_detail_lvl5_std', 'mfcc_var']",0.788961038961039,0.6903409090909091,0.9204545454545454,0.8469898534199122,0.89453125,0.9132602193419741,0.876555023923445,0.9032103803882288,0.9665629860031104,0.9841646872525732,0.9495798319327731,0.9953511247077343
LR,0.8830447356468131,0.8703003783884187,0.8991172226466344,0.9243697478991597,0.9222370623860116,"{'C': 1.0, 'solver': 'lbfgs'}","['NDSI', 'mfcc_1', 'mfcc_var']",0.7692307692307693,0.7142857142857143,0.8333333333333334,0.827027032761442,0.9056244041944709,0.9021842355175689,0.9090909090909091,0.9416327405885584,0.9742790335151987,0.994431185361973,0.9549274255156608,0.9980514138080344
LR,0.8830428310508663,0.863951368832899,0.9110795035717637,0.919022154316272,0.9121972001648394,"{'C': 10.0, 'solver': 'lbfgs'}","['mfcc_mean', 'wav_detail_lvl5_std', 'mfcc_var', 'mfcc_std', 'wav_approx_std']",0.7834710743801653,0.6950146627565983,0.8977272727272727,0.8467279054453597,0.8971871968962173,0.9095378564405113,0.8851674641148325,0.8937071378898235,0.9684702218762165,0.9873015873015873,0.9503437738731857,0.9961565571593352
LR,0.8830181695373099,0.8642657187345937,0.9104814174473618,0.9216959511077158,0.9193684591462793,"{'C': 0.1, 'solver': 'lbfgs'}","['spec_kurtosis', 'NDSI', 'wav_detail_lvl5_std', 'mfcc_var', 'mfcc_std', 'wav_approx_std']",0.7748344370860927,0.6882352941176471,0.8863636363636364,0.837857774310924,0.9012048192771084,0.9077669902912622,0.8947368421052632,0.922553055129713,0.973015252248729,0.9967948717948718,0.9503437738731857,0.9976945479982012
LR,0.8828037416835531,0.8619035040552832,0.9149104937030633,0.9171122994652406,0.9138866658758191,"{'C': 10.0, 'solver': 'lbfgs'}","['mfcc_mean', 'spec_skew', 'NDSI', 'wav_detail_lvl5_std', 'wav_approx_std']",0.7869918699186992,0.6894586894586895,0.9166666666666666,0.848116463492651,0.8951184146930884,0.904296875,0.8861244019138756,0.8977294086592909,0.9663009404388715,0.9919549477071601,0.9419404125286478,0.9958141254755154
LR,0.8828036924967616,0.8610407994180976,0.9171678081120804,0.9163483575248281,0.9160363376853646,"{'C': 1.0, 'solver': 'lbfgs'}","['mfcc_mean', 'spec_kurtosis', 'mfcc_1', 'wav_detail_lvl5_std']",0.789049919484702,0.6862745098039216,0.928030303030303,0.8472087997653189,0.8938439166262724,0.9056974459724951,0.8822966507177034,0.9051640020573994,0.9655172413793104,0.9911504424778761,0.9411764705882353,0.9957362112333756
LR,0.8827196103416318,0.8619281595359931,0.9151464892176966,0.9171122994652406,0.9123851438071292,"{'C': 10.0, 'solver': 'lbfgs'}","['mfcc_mean', 'mfcc_1', 'wav_detail_lvl5_std']",0.7876823338735819,0.6883852691218131,0.9204545454545454,0.8462553951121349,0.8938875305623472,0.914,0.8746411483253589,0.8957049273385359,0.9665889665889665,0.983399209486166,0.9503437738731857,0.9951951089707167
LR,0.8825494343578099,0.8607418881952537,0.9169774927514865,0.9159663865546218,0.9155661981034567,"{'C': 10.0, 'solver': 'lbfgs'}","['mfcc_mean', 'spec_kurtosis', 'wav_detail_lvl5_std', 'mfcc_var']",0.789049919484702,0.6862745098039216,0.928030303030303,0.8478593886511698,0.89351403678606,0.9040156709108716,0.8832535885167464,0.903179055736863,0.9650843468026677,0.9919354838709677,0.9396485867074102,0.9956601499223371
LR,0.8825035564360636,0.8636863162911489,0.9105403884041655,0.9224598930481284,0.923952527804408,"{'C': 10.0, 'solver': 'lbfgs'}","['NDSI', 'wav_detail_lvl5_std', 'mfcc_std', 'wav_approx_std']",0.771004942339374,0.6822157434402333,0.8863636363636364,0.8337798612358187,0.9014084507042254,0.9151873767258383,0.8880382775119617,0.9401460024109953,0.9750972762645914,0.9936558287073751,0.9572192513368984,0.9979317197664098
LR,0.8823724788657832,0.8609998103096066,0.9154602191753894,0.9152024446142093,0.915370062249964,"{'C': 0.1, 'solver': 'lbfgs'}","['mfcc_mean', 'spec_kurtosis', 'wav_detail_lvl5_std', 'mfcc_var', 'mfcc_std']",0.7909238249594813,0.6912181303116147,0.9242424242424242,0.8476916361974985,0.8926499032882012,0.9022482893450635,0.8832535885167464,0.9028650493602612,0.9635437083496668,0.9895330112721417,0.9388846447669977,0.9955535011921318
LR,0.8822566118595301,0.8626225235947778,0.911326221078543,0.917494270435447,0.9172730744530461,"{'C': 1.0, 'solver': 'lbfgs'}","['mfcc_mean', 'spec_skew', 'wav_detail_lvl5_std', 'mfcc_var', 'mfcc_std', 'wav_approx_std']",0.7841845140032949,0.6938775510204082,0.9015151515151515,0.8509273086724946,0.8958534233365477,0.902818270165209,0.8889952153110048,0.9047528028491111,0.9667318982387475,0.9911717495987159,0.9434682964094728,0.9961391118375325
LR,0.882017727368907,0.8603189870668304,0.9168812181970076,0.9144385026737968,0.9162560446872262,"{'C': 10.0, 'solver': 'lbfgs'}","['mfcc_1', 'wav_detail_lvl5_std', 'mfcc_var']",0.7929373996789727,0.6880222841225627,0.9356060606060606,0.8514434542703636,0.8899803536345776,0.9142280524722503,0.8669856459330143,0.9036807249881728,0.9631354287931704,0.9787066246056783,0.948051948051948,0.9936439548031424
LR,0.8820081625258052,0.8620233317865016,0.9122028556239082,0.9178762414056532,0.9132140934417889,"{'C': 10.0, 'solver': 'lbfgs'}","['mfcc_mean', 'NDSI', 'wav_detail_lvl5_std', 'wav_approx_std']",0.7823240589198036,0.6887608069164265,0.9053030303030303,0.8422139668479188,0.8956817079087821,0.9084645669291339,0.8832535885167464,0.9012923330417947,0.96801872074883,0.9888446215139443,0.948051948051948,0.9961359804356533
LR,0.8819174611744893,0.8605225189507394,0.9172081272700469,0.9167303284950343,0.9169258523459347,"{'C': 0.1, 'solver': 'lbfgs'}","['wav_detail_lvl5_std', 'mfcc_2']",0.7859424920127795,0.6795580110497238,0.9318181818181818,0.8296559125282494,0.892292490118577,0.9223697650663942,0.8641148325358852,0.9277387537592467,0.9675174013921114,0.9796397807361003,0.9556913674560733,0.9933828907503081
LR,0.8819119962289527,0.8637110919426516,0.9078679318617399,0.9182582123758595,0.9156442370615222,"{'C': 1.0, 'solver': 'lbfgs'}","['spec_kurtosis', 'wav_detail_lvl5_std', 'wav_approx_std', 'mfcc_2']",0.7813021702838063,0.6985074626865672,0.8863636363636364,0.8471794549754821,0.896817743490839,0.9037900874635568,0.8899521531100478,0.9039683688528195,0.9676160749122122,0.988835725677831,0.9472880061115355,0.9957848873562647
LR,0.881862239160705,0.8639457833716228,0.9077737793682066,0.9224598930481284,0.9308766476333036,"{'C': 10.0, 'solver': 'lbfgs'}","['spec_skew', 'spec_kurtosis', 'NDSI', 'mfcc_1', 'mfcc_var', 'wav_approx_std']",0.7687188019966722,0.685459940652819,0.875,0.8557614343368033,0.9017900338655056,0.9119373776908023,0.8918660287081339,0.9386160577275432,0.9750778816199377,0.9944400317712471,0.9564553093964858,0.9982524508355641
LR,0.8816740866200489,0.8619212091600303,0.9110715737650722,0.9171122994652406,0.9161938858997183,"{'C': 10.0, 'solver': 'lbfgs'}","['mfcc_mean', 'spec_skew', 'spec_kurtosis', 'wav_detail_lvl5_std', 'mfcc_var', 'mfcc_std', 'wav_approx_std']",0.7828947368421053,0.6918604651162791,0.9015151515151515,0.8532306256440649,0.895421686746988,0.9019417475728155,0.8889952153110048,0.8994194154043749,0.9667058362710537,0.9919614147909968,0.9427043544690603,0.995931616650715
LR,0.8815482294162189,0.8595803327983886,0.91697481225345,0.9163483575248281,0.9186148317155922,"{'C': 1.0, 'solver': 'lbfgs'}","['mfcc_mean', 'spec_skew', 'spec_kurtosis', 'wav_detail_lvl5_std', 'mfcc_std', 'wav_approx_std']",0.784,0.6786703601108033,0.928030303030303,0.8472864708048083,0.8935342732134176,0.908102766798419,0.8794258373205741,0.9124009455418879,0.9671104150352389,0.9919678714859438,0.9434682964094728,0.9961570788000802
LR,0.8811156096900131,0.8597602751965523,0.91545217768128,0.9163483575248281,0.9115336363612506,"{'C': 1.0, 'solver': 'lbfgs'}","['mfcc_mean', 'wav_detail_lvl5_std']",0.78330658105939,0.6796657381615598,0.9242424242424242,0.84182259053632,0.8926996570308672,0.9146586345381527,0.8717703349282296,0.897412352978721,0.9673405909797823,0.9849564528899446,0.9503437738731857,0.9953659655687109
LR,0.8810270582538952,0.8609727053026753,0.91169088049893,0.917494270435447,0.9132372517922874,"{'C': 10.0, 'solver': 'lbfgs'}","['mfcc_mean', 'wav_detail_lvl5_std', 'mfcc_var', 'wav_approx_std']",0.7797716150081566,0.6848137535816619,0.9053030303030303,0.8416426548600627,0.8948393378773125,0.910802775024777,0.8794258373205741,0.9019777623991289,0.9684702218762165,0.9873015873015873,0.9503437738731857,0.9960913381176705
LR,0.8809834005911878,0.8618631676595147,0.9089296324590442,0.9167303284950343,0.9109289201349955,"{'C': 10.0, 'solver': 'lbfgs'}","['mfcc_mean', 'spec_kurtosis', 'wav_detail_lvl5_std', 'mfcc_var', 'mfcc_std', 'wav_approx_std']",0.7814569536423841,0.6941176470588235,0.8939393939393939,0.8491725237439572,0.8951923076923077,0.8995169082125604,0.8909090909090909,0.8878446226537727,0.9663009404388715,0.9919549477071601,0.9419404125286478,0.9957696140072564
LR,0.880952454532307,0.8605888235554637,0.9123798801817378,0.9171122994652406,0.91924663032195,"{'C': 10.0, 'solver': 'lbfgs'}","['mfcc_1', 'wav_detail_lvl5_std', 'mfcc_var', 'wav_approx_std']",0.7804878048780488,0.6837606837606838,0.9090909090909091,0.8464274604095814,0.8943010228933268,0.9107142857142857,0.8784688995215311,0.9151399454534349,0.9680685358255452,0.9872915011914217,0.9495798319327731,0.9961724851028336
LR,0.8807596042595852,0.8596504354790419,0.9135085932299555,0.9152024446142093,0.9156028893255761,"{'C': 10.0, 'solver': 'lbfgs'}","['mfcc_mean', 'spec_skew', 'spec_kurtosis', 'NDSI', 'wav_detail_lvl5_std', 'wav_approx_std']",0.7844408427876823,0.6855524079320113,0.9166666666666666,0.8520049005079401,0.8927536231884058,0.9014634146341464,0.8842105263157894,0.8991101572217874,0.9650843468026677,0.9919354838709677,0.9396485867074102,0.9956936102470005
LR,0.8806180628347035,0.8624184856192874,0.9067179982040662,0.9171122994652406,0.9090620895057246,"{'C': 10.0, 'solver': 'lbfgs'}","['wav_detail_lvl5_std', 'mfcc_var', 'mfcc_std', 'wav_approx_std']",0.78,0.6964285714285714,0.8863636363636364,0.8377590053249092,0.8949152542372881,0.9058823529411765,0.8842105263157894,0.8932566113154946,0.9669389342668222,0.9849445324881141,0.9495798319327731,0.9961706518767701
LR,0.8805949330528046,0.8627975246016604,0.905720741247057,0.9155844155844156,0.9312188309680355,"{'C': 0.1, 'solver': 'lbfgs'}","['mfcc_mean', 'spec_skew', 'spec_kurtosis', 'wav_approx_std', 'mfcc_2']",0.7831932773109244,0.7039274924471299,0.8825757575757576,0.8874910019338192,0.894811994288434,0.8901515151515151,0.8995215311004785,0.910777125336249,0.9637795275590552,0.9943135662063363,0.935064935064935,0.9953883656340382
LR,0.8805222546813151,0.8606613123823782,0.9107472335026515,0.917494270435447,0.9123926873776331,"{'C': 10.0, 'solver': 'lbfgs'}","['mfcc_mean', 'mfcc_1', 'wav_detail_lvl5_std', 'wav_approx_std']",0.7777777777777778,0.6839080459770115,0.9015151515151515,0.8412876949026127,0.8949416342412452,0.9099901088031652,0.8803827751196173,0.8998104319935568,0.9688473520249221,0.9880857823669579,0.9503437738731857,0.9960799352367298
LR,0.8804100778509752,0.8598536330088032,0.9117499631431519,0.9152024446142093,0.9132508370197915,"{'C': 1.0, 'solver': 'lbfgs'}","['mfcc_mean', 'spec_kurtosis', 'NDSI', 'wav_detail_lvl5_std', 'wav_approx_std']",0.7830342577487766,0.6876790830945558,0.9090909090909091,0.8461351959988399,0.8931665062560153,0.8983543078412392,0.8880382775119617,0.8976837546861893,0.9650294695481336,0.9935275080906149,0.9381207028265852,0.9959335603743453
LR,0.8801574661687711,0.858327591000061,0.915393206724476,0.9155844155844156,0.9176546098716952,"{'C': 1.0, 'solver': 'lbfgs'}","['mfcc_mean', 'spec_skew', 'spec_kurtosis', 'wav_detail_lvl5_std', 'mfcc_var', 'wav_approx_std']",0.7808,0.6759002770083102,0.9242424242424242,0.8454654484661595,0.8925619834710744,0.9071146245059288,0.8784688995215311,0.9113565390477513,0.9671104150352389,0.9919678714859438,0.9434682964094728,0.9961418421011751
LR,0.8801570475212411,0.8657115178344045,0.8991549729939822,0.922077922077922,0.9226314257063768,"{'C': 10.0, 'solver': 'lbfgs'}","['mfcc_mean', 'NDSI', 'mfcc_1', 'mfcc_var']",0.7641996557659209,0.7003154574132492,0.8409090909090909,0.8292221145448879,0.9023923444976076,0.9023923444976076,0.9023923444976076,0.9406165454854378,0.9738791423001949,0.9944267515923567,0.9541634835752483,0.9980556170888045
LR,0.8801337020500357,0.8616754540149391,0.9067206787021028,0.9167303284950343,0.9144604174840074,"{'C': 0.1, 'solver': 'lbfgs'}","['spec_skew', 'NDSI', 'wav_detail_lvl5_std', 'wav_approx_std']",0.778702163061564,0.6943620178041543,0.8863636363636364,0.8355530835416608,0.8948891031822566,0.901846452866861,0.8880382775119617,0.9119685813507539,0.9668098399062867,0.9888178913738019,0.9457601222307105,0.9958595875596075
LR,0.8800832506134246,0.8616792661491037,0.9065920147963492,0.9167303284950343,0.9089451989294424,"{'C': 1.0, 'solver': 'lbfgs'}","['spec_kurtosis', 'wav_detail_lvl5_std', 'wav_approx_std']",0.778702163061564,0.6943620178041543,0.8863636363636364,0.8347694587979821,0.8946859903381642,0.9034146341463415,0.8861244019138756,0.8965881124479349,0.9668615984405458,0.9872611464968153,0.9472880061115355,0.9954780255424102
LR,0.8800671642542596,0.8603330094224835,0.9099322504121266,0.917494270435447,0.9098490571625323,"{'C': 10.0, 'solver': 'lbfgs'}","['mfcc_mean', 'wav_detail_lvl5_std', 'wav_approx_std']",0.7757774140752864,0.6829971181556196,0.8977272727272727,0.8401970857038796,0.895247332686712,0.9075712881022615,0.8832535885167464,0.89341175899182,0.9691767460007803,0.9904306220095693,0.9488158899923606,0.9959383267918973
LR,0.8800441887799261,0.8611688713290785,0.9081331894799387,0.9201680672268907,0.9272556801840556,"{'C': 10.0, 'solver': 'lbfgs'}","['mfcc_mean', 'spec_skew', 'NDSI', 'mfcc_var', 'mfcc_std']",0.7677100494233937,0.6793002915451894,0.8825757575757576,0.8520846943946416,0.8989850169163848,0.908203125,0.8899521531100478,0.9318267831680761,0.9734375,0.9960031974420464,0.9518716577540107,0.9978555629894491
LR,0.8800331912334186,0.8608298961907823,0.9096451020599629,0.9216959511077158,0.9338820107789315,"{'C': 10.0, 'solver': 'lbfgs'}","['mfcc_mean', 'spec_skew', 'spec_kurtosis', 'NDSI', 'mfcc_1', 'mfcc_var']",0.763458401305057,0.670487106017192,0.8863636363636364,0.8589535344079302,0.8999511957052221,0.9183266932270916,0.8822966507177034,0.9444026907076511,0.9766899766899767,0.9936758893280633,0.9602750190985485,0.9982898072212131
LR,0.8798780387181452,0.8580269476119441,0.9151385594110052,0.9152024446142093,0.9175199797813066,"{'C': 1.0, 'solver': 'lbfgs'}","['mfcc_mean', 'spec_skew', 'spec_kurtosis', 'mfcc_1', 'wav_detail_lvl5_std', 'wav_approx_std']",0.7808,0.6759002770083102,0.9242424242424242,0.8446695992840245,0.892128279883382,0.9062191510365252,0.8784688995215311,0.9117632046049412,0.9667058362710537,0.9919614147909968,0.9427043544690603,0.9961271354549541
LR,0.8798731065281351,0.858891314623475,0.9126265976885172,0.9155844155844156,0.9168335660692831,"{'C': 1.0, 'solver': 'lbfgs'}","['mfcc_mean', 'spec_skew', 'wav_detail_lvl5_std', 'mfcc_var', 'wav_approx_std']",0.7799352750809061,0.6807909604519774,0.9128787878787878,0.8439306642307178,0.8929782082324456,0.903921568627451,0.8822966507177034,0.9104210219686822,0.9667058362710537,0.9919614147909968,0.9427043544690603,0.9961490120084491
LR,0.8797869406616442,0.859442718493285,0.9108036356488368,0.9155844155844156,0.9144371060404307,"{'C': 10.0, 'solver': 'lbfgs'}","['mfcc_mean', 'spec_kurtosis', 'wav_detail_lvl5_std', 'mfcc_std', 'wav_approx_std']",0.7797716150081566,0.6848137535816619,0.9053030303030303,0.8447136336017369,0.8932882665379044,0.9015594541910331,0.8851674641148325,0.9027285324010865,0.9663009404388715,0.9919549477071601,0.9419404125286478,0.9958691521184687
LR,0.8797430216587766,0.8593502735982331,0.9109939510094308,0.9159663865546218,0.914790501097258,"{'C': 1.0, 'solver': 'lbfgs'}","['spec_kurtosis', 'mfcc_1', 'wav_detail_lvl5_std', 'mfcc_var', 'wav_approx_std']",0.7785016286644951,0.6828571428571428,0.9053030303030303,0.8413792840014067,0.8936170212765957,0.9032258064516129,0.8842105263157894,0.9071771542615475,0.9671104150352389,0.9919678714859438,0.9434682964094728,0.99581506502882
LR,0.8796484749440836,0.8592718059215727,0.9110556024642712,0.9163483575248281,0.9172367789804597,"{'C': 1.0, 'solver': 'lbfgs'}","['spec_skew', 'mfcc_1', 'wav_detail_lvl5_std', 'mfcc_var', 'wav_approx_std']",0.7772357723577236,0.6809116809116809,0.9053030303030303,0.8417933458303136,0.893740902474527,0.906496062992126,0.8813397129186603,0.9138514585267286,0.96796875,0.9904076738609112,0.946524064171123,0.9960655325843372
LR,0.8795533841423159,0.8585187462079795,0.9125622657356404,0.9155844155844156,0.9176273756227857,"{'C': 1.0, 'solver': 'lbfgs'}","['mfcc_mean', 'spec_skew', 'wav_detail_lvl5_std', 'mfcc_std', 'wav_approx_std']",0.778675282714055,0.6788732394366197,0.9128787878787878,0.8461422459437893,0.8928744546776539,0.9047151277013753,0.8813397129186603,0.9105888888478874,0.9671104150352389,0.9919678714859438,0.9434682964094728,0.9961509920766805
LR,0.8793578462183113,0.8627089109695744,0.9023671031410969,0.9167303284950343,0.9170766289933944,"{'C': 0.1, 'solver': 'lbfgs'}","['wav_detail_lvl5_std', 'wav_approx_std']",0.777027027027027,0.7012195121951219,0.8712121212121212,0.8329235183915061,0.8943798449612403,0.9057899901864573,0.8832535885167464,0.9223679067553834,0.9666666666666667,0.981117230527144,0.9526355996944232,0.9959384618332934
LR,0.8792743264834083,0.8582206452920973,0.9123076184221696,0.9152024446142093,0.9154898107540488,"{'C': 10.0, 'solver': 'lbfgs'}","['mfcc_mean', 'spec_skew', 'mfcc_1', 'wav_detail_lvl5_std', 'wav_approx_std']",0.778675282714055,0.6788732394366197,0.9128787878787878,0.8433581892517829,0.8924418604651163,0.9038272816486752,0.8813397129186603,0.9070237014428965,0.9667058362710537,0.9919614147909968,0.9427043544690603,0.9960875415674671
LR,0.8790552048422349,0.8600312628496849,0.9071523505734032,0.9163483575248281,0.9089572315112496,"{'C': 10.0, 'solver': 'lbfgs'}","['spec_skew', 'spec_kurtosis', 'NDSI', 'wav_detail_lvl5_std', 'wav_approx_std']",0.7755775577557755,0.6871345029239766,0.8901515151515151,0.8360946742484419,0.8939467312348668,0.9049019607843137,0.8832535885167464,0.8953693969345902,0.9676413255360624,0.9880573248407644,0.948051948051948,0.9954076233507169
LR,0.8790523488415053,0.8580821174139356,0.9116080084346337,0.9140565317035906,0.9069433620753017,"{'C': 1.0, 'solver': 'lbfgs'}","['spec_kurtosis', 'wav_detail_lvl5_std', 'mfcc_std']",0.7811993517017828,0.6827195467422096,0.9128787878787878,0.8179636112425579,0.8912518124697921,0.900390625,0.8822966507177034,0.9078115176480382,0.9647058823529412,0.9911361804995971,0.9396485867074102,0.9950549573353087
LR,0.8789755462162675,0.8567193982074471,0.9153825964197481,0.9140565317035906,0.9100637360701994,"{'C': 10.0, 'solver': 'lbfgs'}","['mfcc_mean', 'spec_skew', 'wav_detail_lvl5_std']",0.7802547770700637,0.6730769230769231,0.928030303030303,0.8417787269780389,0.8908296943231441,0.9035433070866141,0.8784688995215311,0.8928469655877583,0.9658421672555948,0.9935379644588045,0.9396485867074102,0.995565515644801
LR,0.878957670459104,0.8619250313997302,0.9030449340820859,0.9209320091673033,0.9206411902820383,"{'C': 1.0, 'solver': 'lbfgs'}","['spec_skew', 'NDSI', 'mfcc_1', 'mfcc_var', 'wav_approx_std']",0.761744966442953,0.6837349397590361,0.8598484848484849,0.841082105383536,0.9005285920230658,0.9044401544401545,0.8966507177033493,0.9229342351584026,0.9745994529112935,0.9976,0.9526355996944232,0.9979072303041762
LR,0.8788985412604092,0.868086291250024,0.8923060771357986,0.9140565317035906,0.9111455520706208,"{'C': 1.0, 'solver': 'lbfgs'}","['mfcc_mean', 'mfcc_2']",0.7829181494661922,0.738255033557047,0.8333333333333334,0.859299123034343,0.8942172073342737,0.8789279112754159,0.9100478468899521,0.8788074382228115,0.9595602669807617,0.9870759289176091,0.93353705118411,0.995330094954708
LR,0.8788674253785231,0.8601304440984926,0.9062730355300014,0.9163483575248281,0.9098185550283168,"{'C': 1.0, 'solver': 'lbfgs'}","['spec_kurtosis', 'NDSI', 'wav_detail_lvl5_std', 'wav_approx_std']",0.7748344370860927,0.6882352941176471,0.8863636363636364,0.8344782764212458,0.8941517641372644,0.9033203125,0.8851674641148325,0.8993728166732421,0.9676160749122122,0.988835725677831,0.9472880061115355,0.9956045719904627
LR,0.8788417031672302,0.860134069333169,0.9062087035771246,0.9163483575248281,0.909915440537978,"{'C': 1.0, 'solver': 'lbfgs'}","['spec_skew', 'wav_detail_lvl5_std', 'wav_approx_std']",0.7748344370860927,0.6882352941176471,0.8863636363636364,0.8353067923068762,0.8940493468795355,0.9041095890410958,0.8842105263157894,0.8989252097618318,0.9676413255360624,0.9880573248407644,0.948051948051948,0.9955143195452263
LR,0.878816262054596,0.8611264171808077,0.9042942695419476,0.9201680672268907,0.9299890223829167,"{'C': 10.0, 'solver': 'lbfgs'}","['mfcc_mean', 'spec_kurtosis', 'NDSI', 'mfcc_1', 'mfcc_var']",0.7633333333333333,0.6815476190476191,0.8674242424242424,0.8572678897313126,0.899277108433735,0.9058252427184466,0.8928229665071771,0.9348372825476903,0.97383834439672,0.9960063897763578,0.9526355996944232,0.997861894869747
LR,0.8786263458663567,0.8576641433418671,0.9120343193098611,0.9144385026737968,0.9023816446413031,"{'C': 1.0, 'solver': 'lbfgs'}","['spec_skew', 'spec_kurtosis', 'NDSI', 'wav_detail_lvl5_std']",0.7793880837359098,0.6778711484593838,0.9166666666666666,0.8167928124478611,0.8903036238981391,0.9117352056168505,0.8698564593301435,0.8958630814152682,0.9661873299650213,0.9833860759493671,0.9495798319327731,0.9944890400607804
LR,0.8785306972260702,0.8577996509584338,0.9126424573019,0.9194041252864782,0.9340175202201056,"{'C': 10.0, 'solver': 'lbfgs'}","['mfcc_mean', 'spec_skew', 'spec_kurtosis', 'NDSI', 'mfcc_var', 'mfcc_std']",0.7635782747603834,0.6602209944751382,0.9053030303030303,0.8588470078874678,0.8965179009318294,0.9195171026156942,0.8746411483253589,0.9449449981479864,0.9754959159859977,0.993660855784469,0.957983193277311,0.998260554624863
LR,0.8784860777210618,0.8577003496248047,0.9107903448460725,0.9144385026737968,0.9139027547192065,"{'C': 1.0, 'solver': 'lbfgs'}","['mfcc_mean', 'spec_kurtosis', 'wav_detail_lvl5_std', 'mfcc_var', 'wav_approx_std']",0.7779578606158833,0.6798866855524079,0.9090909090909091,0.842702558139872,0.8915779283639884,0.9020568070519099,0.8813397129186603,0.9030923440365201,0.9659224441833137,0.9911575562700965,0.9419404125286478,0.9959133619812275
LR,0.8782957289126564,0.8568928389959986,0.9123586595722819,0.9140565317035906,0.9070923843123242,"{'C': 0.1, 'solver': 'lbfgs'}","['spec_skew', 'spec_kurtosis', 'mfcc_1', 'wav_detail_lvl5_std']",0.7781350482315113,0.6759776536312849,0.9166666666666666,0.8193281454737327,0.8908296943231441,0.9035433070866141,0.8784688995215311,0.9068314553077504,0.9659224441833137,0.9911575562700965,0.9419404125286478,0.9951175521554895
LR,0.8782564406552588,0.8626857241367176,0.8994606614575655,0.9213139801375095,0.9251327065769576,"{'C': 10.0, 'solver': 'lbfgs'}","['spec_kurtosis', 'NDSI', 'mfcc_1', 'mfcc_var', 'wav_approx_std']",0.7585034013605442,0.6882716049382716,0.8446969696969697,0.8495000108069762,0.9012464046021093,0.9029779058597502,0.8995215311004785,0.9280051367407139,0.9750195160031225,0.9968076616121309,0.9541634835752483,0.9978929721831826
LR,0.8782072304183303,0.8574037654425801,0.9105356975326014,0.9140565317035906,0.9054750452447543,"{'C': 0.1, 'solver': 'lbfgs'}","['spec_skew', 'spec_kurtosis', 'wav_detail_lvl5_std', 'mfcc_var', 'mfcc_std']",0.7779578606158833,0.6798866855524079,0.9090909090909091,0.8198226347865486,0.8911465892597968,0.901174168297456,0.8813397129186603,0.9017397564972103,0.9655172413793104,0.9911504424778761,0.9411764705882353,0.9948627444505042
LR,0.8781859853597385,0.8603058549738458,0.9049241865805334,0.922077922077922,0.9325601369948457,"{'C': 10.0, 'solver': 'lbfgs'}","['mfcc_mean', 'spec_skew', 'spec_kurtosis', 'NDSI', 'mfcc_1', 'mfcc_var', 'wav_approx_std']",0.7557755775577558,0.6695906432748538,0.8674242424242424,0.8567924524396102,0.9004878048780488,0.918407960199005,0.8832535885167464,0.9425409269503723,0.9782945736434109,0.992918961447679,0.9640947288006112,0.9983470315945547
LR,0.8781187480773767,0.8569585155526322,0.91147934452888,0.9140565317035906,0.9067415720525566,"{'C': 0.1, 'solver': 'lbfgs'}","['spec_skew', 'spec_kurtosis', 'wav_detail_lvl5_std', 'mfcc_std']",0.7774193548387097,0.6769662921348315,0.9128787878787878,0.8178754344631061,0.8910411622276029,0.9019607843137255,0.8803827751196173,0.9074102240286351,0.9658957271658173,0.9919484702093397,0.9411764705882353,0.9949390576659284
LR,0.8779901848966883,0.8565957917588288,0.9120396803059342,0.9136745607333843,0.9097578000238596,"{'C': 0.1, 'solver': 'lbfgs'}","['spec_skew', 'mfcc_1', 'wav_detail_lvl5_std']",0.7781350482315113,0.6759776536312849,0.9166666666666666,0.8192837864474874,0.8902912621359224,0.903448275862069,0.877511961722488,0.9146676835103494,0.9655442443226312,0.9903614457831326,0.9419404125286478,0.9953219301137423
LR,0.8779885621136136,0.8576919523824169,0.9092836815747033,0.9152024446142093,0.916440569781375,"{'C': 1.0, 'solver': 'lbfgs'}","['spec_skew', 'spec_kurtosis', 'mfcc_1', 'wav_detail_lvl5_std', 'mfcc_var', 'wav_approx_std']",0.7739837398373983,0.6780626780626781,0.9015151515151515,0.8406092368174595,0.8924418604651163,0.9038272816486752,0.8813397129186603,0.9126934999332929,0.9675400860383262,0.9911858974358975,0.944996180290298,0.9960189725933724
LR,0.8779823191537979,0.8556824156891762,0.9141120403504304,0.9117647058823529,0.9117913129356853,"{'C': 0.1, 'solver': 'lbfgs'}","['mfcc_mean', 'spec_kurtosis', 'wav_detail_lvl5_std']",0.7827476038338658,0.6767955801104972,0.928030303030303,0.842143964536814,0.8886746987951807,0.8951456310679612,0.8822966507177034,0.8976853465101101,0.9625246548323472,0.9951060358890701,0.932009167303285,0.9955446277601315
LR,0.8779633588247372,0.8600549741254747,0.9035707584469194,0.9163483575248281,0.9103563665999289,"{'C': 1.0, 'solver': 'lbfgs'}","['spec_skew', 'spec_kurtosis', 'wav_detail_lvl5_std', 'mfcc_var', 'mfcc_std', 'wav_approx_std']",0.7712854757929883,0.6895522388059702,0.875,0.839656234273902,0.8946608946608947,0.8994197292069632,0.8899521531100478,0.8954054866274831,0.9679437060203284,0.9911929543634908,0.9457601222307105,0.9960073788984015
LR,0.8778760256978938,0.8571059572751399,0.910152386313377,0.9136745607333843,0.9082054531108509,"{'C': 0.1, 'solver': 'lbfgs'}","['spec_skew', 'wav_detail_lvl5_std', 'mfcc_var', 'mfcc_std']",0.7779578606158833,0.6798866855524079,0.9090909090909091,0.8196141784641621,0.8905038759689923,0.9018645731108931,0.8794258373205741,0.9099182963808089,0.9651663405088062,0.9895666131621188,0.9419404125286478,0.9950838844875819
LR,0.8778349050628691,0.8565140714789378,0.9122273151684915,0.9144385026737968,0.9178141778306713,"{'C': 0.1, 'solver': 'lbfgs'}","['spec_skew', 'wav_detail_lvl5_std', 'mfcc_2']",0.7756410256410257,0.6722222222222223,0.9166666666666666,0.8298868650211331,0.890625,0.909272183449651,0.8727272727272727,0.929609379719633,0.9672386895475819,0.9880478087649402,0.9472880061115355,0.9939462887512476
LR,0.8778134907290042,0.8566604359078669,0.9111603652625324,0.9136745607333843,0.9054950596061149,"{'C': 0.1, 'solver': 'lbfgs'}","['spec_skew', 'spec_kurtosis', 'wav_detail_lvl5_std', 'mfcc_var']",0.7774193548387097,0.6769662921348315,0.9128787878787878,0.8180504442027936,0.8905038759689923,0.9018645731108931,0.8794258373205741,0.9035514412675664,0.9655172413793104,0.9911504424778761,0.9411764705882353,0.9948832933479849
LR,0.8777870904414299,0.8566608683915337,0.9110960333096556,0.9136745607333843,0.9084121818836945,"{'C': 0.1, 'solver': 'lbfgs'}","['spec_skew', 'wav_detail_lvl5_std', 'mfcc_var']",0.7774193548387097,0.6769662921348315,0.9128787878787878,0.8180758010376366,0.8903976721629486,0.9026548672566371,0.8784688995215311,0.9120404886921285,0.9655442443226312,0.9903614457831326,0.9419404125286478,0.9951202559213186
LR,0.877737612652359,0.8562963812498582,0.9118493649453402,0.913292589763178,0.9068858758290498,"{'C': 1.0, 'solver': 'lbfgs'}","['spec_kurtosis', 'mfcc_1', 'wav_detail_lvl5_std']",0.7781350482315113,0.6759776536312849,0.9166666666666666,0.8192499816052843,0.8899660688317984,0.9017681728880157,0.8784688995215311,0.9062290128309778,0.9651117208937672,0.9911433172302737,0.9404125286478228,0.9951786330508874
LR,0.8775954558699772,0.8566573566830181,0.9104713655797246,0.9140565317035906,0.9132944221731604,"{'C': 10.0, 'solver': 'lbfgs'}","['mfcc_mean', 'spec_kurtosis', 'mfcc_1', 'wav_detail_lvl5_std', 'wav_approx_std']",0.7754442649434572,0.676056338028169,0.9090909090909091,0.8421692230481236,0.8910411622276029,0.9019607843137255,0.8803827751196173,0.9018124181488456,0.9663009404388715,0.9919549477071601,0.9419404125286478,0.9959016253225117
LR,0.8775222820747216,0.857127611646515,0.909141726866185,0.9140565317035906,0.9109996060977998,"{'C': 0.1, 'solver': 'lbfgs'}","['spec_skew', 'NDSI', 'wav_detail_lvl5_std']",0.775974025974026,0.6789772727272727,0.9053030303030303,0.8167149039122621,0.8905109489051095,0.905940594059406,0.8755980861244019,0.9218264243773534,0.9660818713450292,0.9864649681528662,0.946524064171123,0.994457490003784
LR,0.877498477829258,0.8588566153374174,0.906237853993272,0.9213139801375095,0.9279452120771494,"{'C': 1.0, 'solver': 'lbfgs'}","['mfcc_mean', 'spec_skew', 'spec_kurtosis', 'NDSI', 'mfcc_var', 'mfcc_std', 'wav_approx_std']",0.7549019607843137,0.6637931034482759,0.875,0.846812482485243,0.8993157380254154,0.919080919080919,0.8803827751196173,0.9387790351350146,0.978277734678045,0.9936958234830575,0.9633307868601986,0.9982441186111907
LR,0.8774813670727758,0.8588705508030902,0.9052246257354617,0.919022154316272,0.9314725683218502,"{'C': 10.0, 'solver': 'lbfgs'}","['mfcc_mean', 'spec_skew', 'NDSI', 'mfcc_1', 'mfcc_var']",0.7611202635914333,0.673469387755102,0.875,0.8609815800687377,0.8974854932301741,0.9071358748778103,0.8880382775119617,0.93552892584831,0.97383834439672,0.9960063897763578,0.9526355996944232,0.9979071990485027
LR,0.877436304025017,0.8579136738843164,0.9066808062938093,0.913292589763178,0.9462270650945536,"{'C': 10.0, 'solver': 'lbfgs'}","['spec_skew', 'mfcc_1', 'mfcc_var', 'mfcc_std', 'wav_approx_std']",0.7783251231527094,0.6869565217391305,0.8977272727272727,0.9212071375635908,0.8901846452866861,0.9042448173741362,0.876555023923445,0.9216831505364309,0.9637991436356559,0.9825396825396825,0.9457601222307105,0.9957909071836386
LR,0.8773957379715345,0.8567791486422976,0.9097020626432392,0.9136745607333843,0.9049015065906953,"{'C': 1.0, 'solver': 'lbfgs'}","['spec_skew', 'wav_detail_lvl5_std']",0.7766990291262136,0.6779661016949152,0.9090909090909091,0.8171975756042642,0.8897560975609756,0.9074626865671642,0.8727272727272727,0.9032640378282789,0.9657320872274143,0.9849086576648134,0.9472880061115355,0.9942429063395429
LR,0.8773352763176342,0.856480883311931,0.9101364150125759,0.9129106187929718,0.9032801341689746,"{'C': 10.0, 'solver': 'lbfgs'}","['spec_skew', 'spec_kurtosis', 'wav_detail_lvl5_std']",0.778675282714055,0.6788732394366197,0.9128787878787878,0.8171000834771268,0.8887804878048781,0.9064676616915422,0.8717703349282296,0.8985478688980986,0.9645500584339696,0.9841017488076311,0.9457601222307105,0.994192450131698
LR,0.8772556857111892,0.8560668052757922,0.9106510706355907,0.9129106187929718,0.9059907453445284,"{'C': 1.0, 'solver': 'lbfgs'}","['spec_kurtosis', 'wav_detail_lvl5_std', 'mfcc_var']",0.7774193548387097,0.6769662921348315,0.9128787878787878,0.8179746522784581,0.8896418199419167,0.9000979431929481,0.8794258373205741,0.9049474154265766,0.9647058823529412,0.9911361804995971,0.9396485867074102,0.9950501683285506
LR,0.8772218657350711,0.8562756871580232,0.9098387680431025,0.9125286478227654,0.9116718718776883,"{'C': 0.1, 'solver': 'lbfgs'}","['mfcc_mean', 'spec_skew', 'spec_kurtosis', 'wav_detail_lvl5_std', 'wav_approx_std']",0.7779578606158833,0.6798866855524079,0.9090909090909091,0.8405662292116541,0.8899567515617491,0.8938223938223938,0.8861244019138756,0.8986869727400183,0.9637509850275807,0.9951179820992677,0.9343009931245225,0.9957624136813923
LR,0.8770539962392278,0.8590416020671835,0.902932799914224,0.9155844155844156,0.9107769831852147,"{'C': 1.0, 'solver': 'lbfgs'}","['spec_skew', 'wav_detail_lvl5_std', 'mfcc_var', 'mfcc_std', 'wav_approx_std']",0.77,0.6875,0.875,0.8389435688108394,0.8935965334617236,0.8992248062015504,0.8880382775119617,0.897318059917727,0.9675654552559594,0.9904,0.9457601222307105,0.9960693208270774
LR,0.877039051418658,0.8546039321038655,0.9139190444917998,0.9117647058823529,0.9110296425998919,"{'C': 0.1, 'solver': 'lbfgs'}","['mfcc_mean', 'spec_skew', 'spec_kurtosis', 'wav_detail_lvl5_std']",0.7790143084260731,0.6712328767123288,0.928030303030303,0.8410304130687495,0.88835186080232,0.8974609375,0.8794258373205741,0.8963846109666243,0.9637509850275807,0.9951179820992677,0.9343009931245225,0.9956739037643021
LR,0.8769848593659623,0.8560619855664391,0.9098334070470293,0.913292589763178,0.9088427471400026,"{'C': 0.1, 'solver': 'lbfgs'}","['spec_skew', 'wav_detail_lvl5_std', 'mfcc_std']",0.7754442649434572,0.676056338028169,0.9090909090909091,0.8177667904185909,0.8899660688317984,0.9017681728880157,0.8784688995215311,0.9136275319025993,0.9655442443226312,0.9903614457831326,0.9419404125286478,0.9951339190988174
LR,0.8768779374477093,0.8560791598420657,0.909576079235522,0.913292589763178,0.9189758936673069,"{'C': 0.1, 'solver': 'lbfgs'}","['spec_kurtosis', 'wav_detail_lvl5_std', 'mfcc_2']",0.7754442649434572,0.676056338028169,0.9090909090909091,0.8316636034877241,0.8895377128953771,0.904950495049505,0.8746411483253589,0.9313326413071243,0.9656518345042935,0.9872306464485235,0.944996180290298,0.9939314362070726
LR,0.8768442159574176,0.8585262838432625,0.9035547871461184,0.9155844155844156,0.9099394222224807,"{'C': 10.0, 'solver': 'lbfgs'}","['NDSI', 'wav_detail_lvl5_std', 'wav_approx_std']",0.7694859038142621,0.6843657817109144,0.8787878787878788,0.8323686271075457,0.8929782082324456,0.903921568627451,0.8822966507177034,0.9016692893461818,0.9680685358255452,0.9872915011914217,0.9495798319327731,0.9957803502137149
LR,0.8768109293197096,0.8561827132919116,0.9091284360634205,0.9129106187929718,0.9031487731446193,"{'C': 10.0, 'solver': 'lbfgs'}","['spec_kurtosis', 'wav_detail_lvl5_std']",0.7766990291262136,0.6779661016949152,0.9090909090909091,0.8173277482244101,0.8887804878048781,0.9064676616915422,0.8717703349282296,0.8979136525812971,0.9649532710280374,0.9841143764892772,0.946524064171123,0.994204918628151
LR,0.8767424003273735,0.8561430865477903,0.9092544194711377,0.913292589763178,0.9038879736344904,"{'C': 1.0, 'solver': 'lbfgs'}","['spec_kurtosis', 'NDSI', 'wav_detail_lvl5_std']",0.7754442649434572,0.676056338028169,0.9090909090909091,0.8172877063619783,0.888997555012225,0.909,0.8698564593301435,0.8998913501584146,0.9657853810264385,0.9833729216152018,0.9488158899923606,0.9944848643830778
LR,0.8766348371086038,0.8556513964147753,0.909565468930794,0.9117647058823529,0.9486432839237467,"{'C': 10.0, 'solver': 'lbfgs'}","['mfcc_mean', 'spec_skew', 'spec_kurtosis', 'mfcc_1', 'mfcc_var', 'mfcc_std', 'wav_approx_std']",0.778675282714055,0.6788732394366197,0.9128787878787878,0.92595726210884,0.8891050583657587,0.904055390702275,0.8746411483253589,0.9240160944692125,0.9621241702459976,0.9840255591054313,0.9411764705882353,0.9959564951931875
LR,0.8766057260220883,0.8567047280843677,0.9072033917235155,0.9152024446142093,0.9128881541109747,"{'C': 10.0, 'solver': 'lbfgs'}","['spec_skew', 'mfcc_1', 'wav_detail_lvl5_std', 'wav_approx_std']",0.7687296416938111,0.6742857142857143,0.8939393939393939,0.8336677446052322,0.8923375363724539,0.904621435594887,0.8803827751196173,0.9088095829564846,0.96875,0.991207034372502,0.9472880061115355,0.996187134771207
LR,0.8764132119759515,0.8549871666017536,0.9107154025884676,0.9129106187929718,0.9106628678333767,"{'C': 1.0, 'solver': 'lbfgs'}","['mfcc_mean', 'spec_skew', 'wav_detail_lvl5_std', 'wav_approx_std']",0.7736757624398074,0.6713091922005571,0.9128787878787878,0.8409351905657292,0.8897485493230174,0.8993157380254154,0.8803827751196173,0.8952793331877127,0.9658153241650295,0.9943365695792881,0.9388846447669977,0.9957740797466881
LR,0.8762676662557655,0.8639737724688809,0.8918153226202762,0.9167303284950343,0.9115184366366041,"{'C': 1.0, 'solver': 'lbfgs'}","['mfcc_mean', 'wav_approx_std', 'mfcc_2']",0.7649122807017544,0.7124183006535948,0.8257575757575758,0.8501626468443148,0.896780303030303,0.887535145267104,0.9062200956937799,0.8884217448523049,0.9671104150352389,0.9919678714859438,0.9434682964094728,0.9959709182131928
LR,0.8762230659367943,0.8580486529523031,0.9024878372401592,0.9148204736440031,0.9075995679703364,"{'C': 1.0, 'solver': 'lbfgs'}","['spec_kurtosis', 'wav_detail_lvl5_std', 'mfcc_var', 'mfcc_std', 'wav_approx_std']",0.7687188019966722,0.685459940652819,0.875,0.8383928450425259,0.8928399807784719,0.8967181467181468,0.8889952153110048,0.8885952535906765,0.9671104150352389,0.9919678714859438,0.9434682964094728,0.9958106052778065
LR,0.8761776286493381,0.8565651840299586,0.905879114006049,0.9144385026737968,0.9102106372695751,"{'C': 10.0, 'solver': 'lbfgs'}","['spec_kurtosis', 'mfcc_1', 'wav_detail_lvl5_std', 'wav_approx_std']",0.7692307692307693,0.6772334293948127,0.8901515151515151,0.8338093048032623,0.8917874396135266,0.9004878048780488,0.8832535885167464,0.9008338958366762,0.9675146771037182,0.9919743178170144,0.9442322383498855,0.9959887111687868
LR,0.8761101839967237,0.8564761775974757,0.906005097413766,0.9148204736440031,0.9131502006264828,"{'C': 1.0, 'solver': 'lbfgs'}","['spec_skew', 'wav_detail_lvl5_std', 'mfcc_var', 'wav_approx_std']",0.7679738562091504,0.6752873563218391,0.8901515151515151,0.8327521892319565,0.8920096852300242,0.9029411764705882,0.8813397129186603,0.9105397406587904,0.9683470105509965,0.9912,0.946524064171123,0.9961586719887012
LR,0.8760383401828736,0.8556198924252417,0.9075011503804072,0.9125286478227654,0.9006085170359893,"{'C': 1.0, 'solver': 'lbfgs'}","['spec_kurtosis', 'wav_detail_lvl5_std', 'mfcc_var', 'mfcc_std']",0.7739837398373983,0.6780626780626781,0.9015151515151515,0.8229652494247128,0.889425398358281,0.8976608187134503,0.8813397129186603,0.8838095792227665,0.9647058823529412,0.9911361804995971,0.9396485867074102,0.9950507224604889
LR,0.8759318211052278,0.8554867201202706,0.9073778474707268,0.9117647058823529,0.9105085130646895,"{'C': 0.1, 'solver': 'lbfgs'}","['mfcc_mean', 'spec_kurtosis', 'wav_detail_lvl5_std', 'wav_approx_std']",0.7752442996742671,0.68,0.9015151515151515,0.8406392518664414,0.8892086330935252,0.8913461538461539,0.8870813397129187,0.8952277197897305,0.9633425305478912,0.995114006514658,0.93353705118411,0.9956585675378964
LR,0.875904731511211,0.8609720457287833,0.8960534133908746,0.9209320091673033,0.9226011384117734,"{'C': 10.0, 'solver': 'lbfgs'}","['NDSI', 'mfcc_1', 'mfcc_var', 'wav_approx_std']",0.7508532423208191,0.6832298136645962,0.8333333333333334,0.8300792593769958,0.9006240998559769,0.9036608863198459,0.8976076555023923,0.9396926028409269,0.9762368523568368,0.9960254372019078,0.9572192513368984,0.9980315530173974
LR,0.8758729106451012,0.856267627861623,0.9055601347397014,0.9140565317035906,0.9129933661793213,"{'C': 10.0, 'solver': 'lbfgs'}","['spec_skew', 'spec_kurtosis', 'wav_detail_lvl5_std', 'mfcc_std', 'wav_approx_std']",0.7692307692307693,0.6772334293948127,0.8901515151515151,0.8334135367650095,0.8912518124697921,0.900390625,0.8822966507177034,0.9095209828057202,0.9671361502347418,0.9911788291900562,0.9442322383498855,0.996045578967234
LR,0.8757824366757836,0.8552308784119312,0.9084877970326887,0.9125286478227654,0.9117509919120281,"{'C': 0.1, 'solver': 'lbfgs'}","['NDSI', 'wav_detail_lvl5_std']",0.7741935483870968,0.6741573033707865,0.9090909090909091,0.8146521559846459,0.887690044139284,0.9104627766599598,0.8660287081339713,0.9261166186427067,0.9654637175009702,0.9810725552050473,0.9503437738731857,0.9944842011087319
LR,0.875758565942706,0.8600338541684738,0.8973537900008489,0.919022154316272,0.9252316565378287,"{'C': 10.0, 'solver': 'lbfgs'}","['mfcc_mean', 'spec_kurtosis', 'NDSI', 'mfcc_1', 'mfcc_var', 'wav_approx_std']",0.7559322033898305,0.6840490797546013,0.8446969696969697,0.8477123666962073,0.8977820636451301,0.9047619047619048,0.8909090909090909,0.9300611212346308,0.973561430793157,0.9912905779889153,0.9564553093964858,0.9979214816826477
LR,0.8755842393426702,0.8560627157594735,0.9049865081598827,0.913292589763178,0.9133849914233824,"{'C': 0.1, 'solver': 'lbfgs'}","['spec_skew', 'spec_kurtosis', 'mfcc_1', 'wav_detail_lvl5_std', 'wav_approx_std']",0.7704918032786885,0.6791907514450867,0.8901515151515151,0.8333695069999103,0.8902851619139681,0.8994140625,0.8813397129186603,0.9110410496971372,0.965975752835354,0.9895833333333334,0.9434682964094728,0.9957444175730998
LR,0.8755535105024245,0.8558824740183976,0.9054958027868244,0.9140565317035906,0.9130274138763621,"{'C': 1.0, 'solver': 'lbfgs'}","['spec_skew', 'spec_kurtosis', 'wav_detail_lvl5_std', 'mfcc_var', 'wav_approx_std']",0.7679738562091504,0.6752873563218391,0.8901515151515151,0.8328863238343237,0.8911465892597968,0.901174168297456,0.8813397129186603,0.9101182142218316,0.9675400860383262,0.9911858974358975,0.944996180290298,0.996077703572931
LR,0.8753590953733795,0.854914427412496,0.9076728139421637,0.9125286478227654,0.949223357935956,"{'C': 10.0, 'solver': 'lbfgs'}","['spec_skew', 'spec_kurtosis', 'mfcc_1', 'mfcc_var', 'mfcc_std', 'wav_approx_std']",0.7722132471728594,0.6732394366197183,0.9053030303030303,0.924729857213576,0.8884540117416829,0.908908908908909,0.8688995215311005,0.9268687546170404,0.9654100272055965,0.9825949367088608,0.9488158899923606,0.9960714619772517
LR,0.8753403183463949,0.8583169773954262,0.8987297789929368,0.9094728800611154,0.9308974042266907,"{'C': 1.0, 'solver': 'lbfgs'}","['mfcc_mean', 'mfcc_1', 'mfcc_std']",0.7817258883248731,0.7064220183486238,0.875,0.880299845118601,0.8865485878410723,0.8869731800766284,0.8861244019138756,0.9178229749071289,0.9577464788732394,0.9815557337610264,0.935064935064935,0.994569392654342
LR,0.8753403183463949,0.8583169773954262,0.8987297789929368,0.9094728800611154,0.9313680255759231,"{'C': 1.0, 'solver': 'lbfgs'}","['mfcc_mean', 'mfcc_1', 'mfcc_var', 'mfcc_std']",0.7817258883248731,0.7064220183486238,0.875,0.8812120022409408,0.8865485878410723,0.8869731800766284,0.8861244019138756,0.9183148929597105,0.9577464788732394,0.9815557337610264,0.935064935064935,0.9945771815271182
LR,0.8752941285744985,0.8558694640221064,0.9047424711511399,0.9144385026737968,0.9137040224070501,"{'C': 1.0, 'solver': 'lbfgs'}","['spec_skew', 'wav_detail_lvl5_std', 'mfcc_std', 'wav_approx_std']",0.7659574468085106,0.6743515850144092,0.8863636363636364,0.8331862211513966,0.8915779283639884,0.9020568070519099,0.8813397129186603,0.9117726332566642,0.9683470105509965,0.9912,0.946524064171123,0.9961532128130896
LR,0.8752261738346374,0.8557682055785373,0.9045388649877815,0.9129106187929718,0.9101243204939385,"{'C': 1.0, 'solver': 'lbfgs'}","['spec_skew', 'spec_kurtosis', 'wav_detail_lvl5_std', 'wav_approx_std']",0.7704918032786885,0.6791907514450867,0.8901515151515151,0.8346142061147196,0.8895348837209303,0.900883218842002,0.8784688995215311,0.9002475983527655,0.9656518345042935,0.9872306464485235,0.944996180290298,0.9955111570143304
LR,0.8752011012752924,0.8559737425246278,0.9042304960261616,0.9140565317035906,0.9123116732815347,"{'C': 10.0, 'solver': 'lbfgs'}","['wav_detail_lvl5_std', 'mfcc_var', 'wav_approx_std']",0.7672131147540984,0.6763005780346821,0.8863636363636364,0.8320454009281929,0.8907236522583779,0.9043392504930966,0.877511961722488,0.9086764868041749,0.9676665368134009,0.9872813990461049,0.9488158899923606,0.9962131321122363
LR,0.8751922399788042,0.8556478027879746,0.9042146364127789,0.9102368220015279,0.9306102866110431,"{'C': 10.0, 'solver': 'lbfgs'}","['mfcc_mean', 'spec_skew', 'mfcc_2']",0.7775947281713345,0.6880466472303207,0.8939393939393939,0.8952247585222047,0.8872901678657075,0.8894230769230769,0.8851674641148325,0.9014249705345161,0.960691823899371,0.9894736842105263,0.93353705118411,0.9951811307764087
LR,0.875042627375501,0.855574321274517,0.9045521557905459,0.9140565317035906,0.9104853127070237,"{'C': 1.0, 'solver': 'lbfgs'}","['spec_kurtosis', 'wav_detail_lvl5_std', 'mfcc_std', 'wav_approx_std']",0.7659574468085106,0.6743515850144092,0.8863636363636364,0.8328705018380697,0.8912518124697921,0.900390625,0.8822966507177034,0.902665754108647,0.9679186228482003,0.991980753809142,0.944996180290298,0.9959196821743544
LR,0.875042627375501,0.855574321274517,0.9045521557905459,0.9140565317035906,0.9100055893147466,"{'C': 1.0, 'solver': 'lbfgs'}","['spec_kurtosis', 'wav_detail_lvl5_std', 'mfcc_var', 'wav_approx_std']",0.7659574468085106,0.6743515850144092,0.8863636363636364,0.8331163506167714,0.8912518124697921,0.900390625,0.8822966507177034,0.9009895343490756,0.9679186228482003,0.991980753809142,0.944996180290298,0.9959108829783929
LR,0.8749811998525324,0.8560500958426892,0.903286849029883,0.9140565317035906,0.9127641692837876,"{'C': 10.0, 'solver': 'lbfgs'}","['wav_detail_lvl5_std', 'mfcc_std', 'wav_approx_std']",0.7664473684210527,0.6773255813953488,0.8825757575757576,0.8321990397138903,0.8908296943231441,0.9035433070866141,0.8784688995215311,0.9098833125032297,0.9676665368134009,0.9872813990461049,0.9488158899923606,0.9962101556342425
LR,0.874895826555651,0.8556808718082346,0.903911516759814,0.9136745607333843,0.9123008408966911,"{'C': 10.0, 'solver': 'lbfgs'}","['mfcc_1', 'wav_detail_lvl5_std', 'wav_approx_std']",0.7672131147540984,0.6763005780346821,0.8863636363636364,0.8323504661976745,0.8901846452866861,0.9042448173741362,0.876555023923445,0.9083354652173506,0.9672897196261683,0.9864972200158856,0.9488158899923606,0.996216591275048
LR,0.8748739567269147,0.8590039468239631,0.8969194376315119,0.9197860962566845,0.9180293101393531,"{'C': 1.0, 'solver': 'lbfgs'}","['spec_skew', 'spec_kurtosis', 'NDSI', 'mfcc_var', 'mfcc_std', 'wav_approx_std']",0.75,0.676829268292683,0.8409090909090909,0.8305493027745579,0.8987463837994214,0.9057337220602527,0.8918660287081339,0.9253722488103527,0.9758754863813229,0.9944488501189532,0.957983193277311,0.998166378833149
LR,0.8747361648602908,0.8549526976513047,0.9063915358807,0.9117647058823529,0.9095108487934608,"{'C': 0.1, 'solver': 'lbfgs'}",['wav_detail_lvl5_std'],0.7734627831715211,0.6751412429378532,0.9053030303030303,0.810009401738418,0.8858131487889274,0.9161554192229039,0.8574162679425837,0.9248011575321456,0.9649325626204239,0.973561430793157,0.9564553093964858,0.9937219871098187
LR,0.8747120636849899,0.854882658007403,0.904847233949401,0.9117647058823529,0.9524195214222101,"{'C': 10.0, 'solver': 'lbfgs'}","['spec_skew', 'spec_kurtosis', 'mfcc_1', 'mfcc_var', 'mfcc_std']",0.7712418300653595,0.6781609195402298,0.8939393939393939,0.9313656746199621,0.8896418199419167,0.9000979431929481,0.8794258373205741,0.9311060054716775,0.9632525410476935,0.9863891112890312,0.9411764705882353,0.9947868841749906
LR,0.8746979898451991,0.8599046404066574,0.8946621232224947,0.920550038197097,0.9221839378411155,"{'C': 10.0, 'solver': 'lbfgs'}","['mfcc_mean', 'NDSI', 'mfcc_1', 'mfcc_var', 'wav_approx_std']",0.7474402730375427,0.6801242236024845,0.8295454545454546,0.8281840881971583,0.9,0.9043478260869565,0.8956937799043062,0.9403205115237961,0.9766536964980544,0.9952418715305313,0.9587471352177235,0.9980472138023925
LR,0.8745212987371431,0.857002563942496,0.8996249536497215,0.913292589763178,0.940303380905486,"{'C': 10.0, 'solver': 'lbfgs'}","['mfcc_1', 'mfcc_var', 'mfcc_std', 'wav_approx_std']",0.7679465776293823,0.6865671641791045,0.8712121212121212,0.9091901350948461,0.889752306945119,0.903353057199211,0.876555023923445,0.9158794197727804,0.9658650116369278,0.9810874704491725,0.9511077158135982,0.9958405878488318
LR,0.8744875894542045,0.8549107025500701,0.9041422629657924,0.9113827349121467,0.944005193175613,"{'C': 10.0, 'solver': 'lbfgs'}","['spec_skew', 'mfcc_1', 'mfcc_std', 'wav_approx_std']",0.7725040916530278,0.6801152737752162,0.8939393939393939,0.9194704924475867,0.8871595330739299,0.9020771513353115,0.8727272727272727,0.9167228392442196,0.9637991436356559,0.9825396825396825,0.9457601222307105,0.995822247835033
LR,0.8743750300394181,0.8564156846765631,0.8996628156844876,0.9079449961802903,0.9320310002307095,"{'C': 1.0, 'solver': 'lbfgs'}","['spec_skew', 'spec_kurtosis', 'mfcc_1', 'mfcc_std']",0.7818791946308725,0.7018072289156626,0.8825757575757576,0.900942313995149,0.8851674641148325,0.8851674641148325,0.8851674641148325,0.9020498260397714,0.956078431372549,0.9822723609991942,0.9312452253628725,0.9931008606572083
LR,0.874360217033597,0.8565479054225186,0.899279504465263,0.907563025210084,0.927273997903721,"{'C': 1.0, 'solver': 'lbfgs'}","['spec_skew', 'mfcc_1', 'mfcc_var', 'mfcc_std']",0.7831932773109244,0.7039274924471299,0.8825757575757576,0.9019582989616177,0.8845232390991854,0.8857965451055663,0.8832535885167464,0.887537356643333,0.9553641346906813,0.9799196787148594,0.932009167303285,0.9923263381062123
LR,0.8741958908375526,0.8577670585365871,0.8973404991980843,0.9178762414056532,0.9287665439816964,"{'C': 10.0, 'solver': 'lbfgs'}","['mfcc_mean', 'spec_skew', 'NDSI', 'mfcc_1', 'mfcc_var', 'wav_approx_std']",0.7529411764705882,0.676737160120846,0.8484848484848485,0.8542727656625301,0.8960850652489125,0.9052734375,0.8870813397129187,0.9340586991143415,0.973561430793157,0.9912905779889153,0.9564553093964858,0.9979681671682178
LR,0.8741872918099248,0.8562948069916256,0.9000593060190584,0.9125286478227654,0.9394296372470423,"{'C': 10.0, 'solver': 'lbfgs'}","['mfcc_1', 'mfcc_std', 'wav_approx_std']",0.7687188019966722,0.685459940652819,0.875,0.9092828019238448,0.8887809616318602,0.9023668639053254,0.8755980861244019,0.91315719881352,0.9650621118012422,0.9810576164167324,0.9495798319327731,0.9958489110037622
LR,0.8739500390482529,0.8544020733359786,0.9033783210253797,0.9102368220015279,0.9427928109978798,"{'C': 10.0, 'solver': 'lbfgs'}","['spec_kurtosis', 'mfcc_1', 'mfcc_var', 'mfcc_std', 'wav_approx_std']",0.7737704918032787,0.6820809248554913,0.8939393939393939,0.917183444123417,0.8858669256920836,0.8994082840236687,0.8727272727272727,0.915642245697352,0.9622126996493962,0.9817170111287759,0.9434682964094728,0.9955527431728705
LR,0.873901949682596,0.8524026455026456,0.9084692569212693,0.9090909090909091,0.9467841800322652,"{'C': 10.0, 'solver': 'lbfgs'}","['mfcc_mean', 'spec_skew', 'mfcc_1', 'mfcc_var', 'mfcc_std', 'wav_approx_std']",0.7756410256410257,0.6722222222222223,0.9166666666666666,0.9233093237740118,0.8855333658061374,0.9017857142857143,0.8698564593301435,0.9212834294716197,0.9605314576006252,0.9832,0.9388846447669977,0.9957597868511641
LR,0.8736959244730955,0.8536225535055456,0.9044049517733729,0.9106187929717342,0.9476255403857964,"{'C': 10.0, 'solver': 'lbfgs'}","['mfcc_mean', 'spec_skew', 'spec_kurtosis', 'mfcc_1', 'mfcc_std']",0.7699836867862969,0.6762177650429799,0.8939393939393939,0.9271427160458953,0.8884615384615384,0.8927536231884058,0.8842105263157894,0.92000686864205,0.962642548171451,0.9918962722852512,0.935064935064935,0.9957270364694437
LR,0.8735067815215246,0.8572918360458296,0.8962841595968531,0.9186401833460657,0.9116283404150938,"{'C': 1.0, 'solver': 'lbfgs'}","['spec_skew', 'NDSI', 'mfcc_var', 'mfcc_std', 'wav_approx_std']",0.7474747474747475,0.6727272727272727,0.8409090909090909,0.8294893556139323,0.8976453628063431,0.9015444015444015,0.8937799043062201,0.9075156712620961,0.975400234283483,0.9976038338658147,0.9541634835752483,0.9978799943692528
LR,0.873489927208234,0.8566598434908465,0.8974718436018746,0.917494270435447,0.9104727621601761,"{'C': 1.0, 'solver': 'lbfgs'}","['spec_kurtosis', 'NDSI', 'mfcc_1', 'wav_approx_std']",0.7504187604690117,0.6726726726726727,0.8484848484848485,0.8257128243821126,0.8962536023054755,0.8997107039537127,0.8928229665071771,0.9078403362887023,0.9737974188502151,0.9975961538461539,0.9511077158135982,0.9978651258097134
LR,0.8734174968764447,0.8561664686933247,0.8983511586452764,0.917494270435447,0.9127698650944046,"{'C': 10.0, 'solver': 'lbfgs'}","['spec_skew', 'NDSI', 'mfcc_1', 'wav_approx_std']",0.75,0.6696428571428571,0.8522727272727273,0.8287015629312587,0.8960538979788258,0.9012584704743466,0.8909090909090909,0.9117107408621387,0.9741985926505082,0.9975980784627703,0.9518716577540107,0.9978972914898165
LR,0.8734079900141615,0.855922078057301,0.8981721237139194,0.9094728800611154,0.9255068642229434,"{'C': 1.0, 'solver': 'lbfgs'}","['mfcc_mean', 'spec_kurtosis', 'mfcc_2']",0.773109243697479,0.6948640483383686,0.8712121212121212,0.8849056707562304,0.8873038516405135,0.8818525519848771,0.8928229665071771,0.8966504055074173,0.9598108747044918,0.9910496338486574,0.93048128342246,0.9949645164051827
LR,0.8733681504999457,0.8547052525795898,0.9009599533593341,0.9125286478227654,0.9271618166116578,"{'C': 10.0, 'solver': 'lbfgs'}","['mfcc_mean', 'spec_skew', 'wav_approx_std', 'mfcc_2']",0.7636363636363637,0.6774193548387096,0.875,0.8854866564794217,0.8902731193100144,0.8915547024952015,0.8889952153110048,0.9001676733150048,0.9661949685534591,0.9951417004048583,0.9388846447669977,0.9958311200405466
LR,0.8731060822731811,0.8561256664630882,0.8975334950567149,0.9178762414056532,0.9112126343954431,"{'C': 10.0, 'solver': 'lbfgs'}","['spec_skew', 'NDSI', 'mfcc_var', 'wav_approx_std']",0.7479131886477463,0.6686567164179105,0.8484848484848485,0.8248629676176038,0.8963855421686747,0.9029126213592233,0.8899521531100478,0.9108568128697142,0.9750195160031225,0.9968076616121309,0.9541634835752483,0.9979181226990111
LR,0.8730546244806326,0.8564933225908836,0.8966514995152766,0.9182582123758595,0.9167070313805953,"{'C': 10.0, 'solver': 'lbfgs'}","['spec_skew', 'spec_kurtosis', 'NDSI', 'mfcc_1', 'wav_approx_std']",0.7470686767169179,0.6696696696696697,0.8446969696969697,0.829613925770278,0.8966183574879227,0.9053658536585366,0.8880382775119617,0.9223528556210766,0.9754768392370572,0.9944444444444445,0.9572192513368984,0.9981543127504315
LR,0.8729812634185379,0.8541471565634442,0.9009923427106089,0.9110007639419404,0.9449969857542909,"{'C': 10.0, 'solver': 'lbfgs'}","['mfcc_mean', 'mfcc_1', 'mfcc_var', 'mfcc_std', 'wav_approx_std']",0.7677100494233937,0.6793002915451894,0.8825757575757576,0.9175605426021296,0.8878096163186012,0.9013806706114399,0.8746411483253589,0.921646610794068,0.9634241245136187,0.9817605075337034,0.9457601222307105,0.9957838038666752
LR,0.8729168850196954,0.8540827659360084,0.9009280107577321,0.9110007639419404,0.930412627774403,"{'C': 1.0, 'solver': 'lbfgs'}","['spec_skew', 'spec_kurtosis', 'mfcc_1', 'mfcc_std', 'wav_approx_std']",0.7677100494233937,0.6793002915451894,0.8825757575757576,0.8841041590321008,0.8868382710053424,0.9003944773175543,0.8736842105263158,0.9111858285229497,0.9642023346303502,0.9825535289452815,0.946524064171123,0.9959478957681587
LR,0.8727581890690143,0.8544760624993536,0.9006031120582204,0.917494270435447,0.9275542007415738,"{'C': 1.0, 'solver': 'lbfgs'}","['mfcc_mean', 'spec_skew', 'spec_kurtosis', 'NDSI', 'mfcc_1']",0.7475409836065574,0.6589595375722543,0.8636363636363636,0.8460339319545543,0.8948393378773125,0.910802775024777,0.8794258373205741,0.9384508873395292,0.9758942457231726,0.9936658749010293,0.9587471352177235,0.9981777829306377
LR,0.8727377532054712,0.8560906261829656,0.8965871675623998,0.9182582123758595,0.9150886141144463,"{'C': 10.0, 'solver': 'lbfgs'}","['spec_skew', 'spec_kurtosis', 'NDSI', 'mfcc_var', 'wav_approx_std']",0.745819397993311,0.6676646706586826,0.8446969696969697,0.8251644241937968,0.8965183752417795,0.906158357771261,0.8870813397129187,0.9218952967131973,0.9758754863813229,0.9944488501189532,0.957983193277311,0.9982061214363448
LR,0.8727371318287297,0.8551006909986972,0.8985925151559827,0.9167303284950343,0.9247502869605793,"{'C': 10.0, 'solver': 'lbfgs'}","['mfcc_mean', 'spec_skew', 'NDSI', 'mfcc_var']",0.7495854063018242,0.6666666666666666,0.8560606060606061,0.8467762635220901,0.8947876447876448,0.9026290165530672,0.8870813397129187,0.929570233336156,0.97383834439672,0.9960063897763578,0.9526355996944232,0.9979043640234916
LR,0.8726843262513535,0.8517208797245951,0.9071985891645334,0.9098548510313216,0.8985293701439051,"{'C': 10.0, 'solver': 'lbfgs'}","['wav_detail_lvl5_std', 'mfcc_std']",0.7699680511182109,0.6657458563535912,0.9128787878787878,0.8095553430646215,0.8837438423645321,0.9106598984771573,0.8583732057416268,0.8922074169671729,0.9643410852713178,0.978756884343037,0.9503437738731857,0.9938253503999207
LR,0.8726009693372498,0.8551102467767965,0.8982708553915985,0.9167303284950343,0.9208298585636289,"{'C': 10.0, 'solver': 'lbfgs'}","['mfcc_mean', 'spec_skew', 'NDSI', 'mfcc_var', 'mfcc_std', 'wav_approx_std']",0.7495854063018242,0.6666666666666666,0.8560606060606061,0.837904791942142,0.8942774005819593,0.9065880039331367,0.8822966507177034,0.9266146753032627,0.9739401011279658,0.9920760697305864,0.9564553093964858,0.9979701084454822
LR,0.8725947296801809,0.8521863783427941,0.9051209798113823,0.9094728800611154,0.8965512557385487,"{'C': 10.0, 'solver': 'lbfgs'}","['wav_detail_lvl5_std', 'mfcc_var', 'mfcc_std']",0.7709677419354839,0.6713483146067416,0.9053030303030303,0.8159129189494256,0.8836524300441826,0.907258064516129,0.861244019138756,0.8799406222528933,0.9631640170608763,0.9779527559055118,0.9488158899923606,0.9938002260133268
LR,0.8724727908209061,0.852230807303271,0.9037669932406774,0.9098548510313216,0.9359476085459849,"{'C': 1.0, 'solver': 'lbfgs'}","['mfcc_mean', 'spec_skew', 'spec_kurtosis', 'NDSI', 'wav_approx_std', 'mfcc_2']",0.767479674796748,0.6723646723646723,0.8939393939393939,0.8931206578853066,0.8865384615384615,0.8908212560386474,0.8822966507177034,0.9189587062890104,0.9634002361275088,0.9935064935064936,0.935064935064935,0.9957634614636377
LR,0.872182177217003,0.8545137674117266,0.898083220529041,0.9159663865546218,0.9240917736831769,"{'C': 1.0, 'solver': 'lbfgs'}","['mfcc_mean', 'spec_skew', 'NDSI', 'mfcc_std']",0.7495854063018242,0.6666666666666666,0.8560606060606061,0.8449807750901767,0.8939247830279653,0.9008746355685131,0.8870813397129187,0.9294337482976599,0.9730363423212193,0.996,0.9511077158135982,0.9978607976616939
LR,0.8721038246220573,0.8529824692967543,0.9008020273500149,0.9106187929717342,0.9319186285964579,"{'C': 1.0, 'solver': 'lbfgs'}","['mfcc_mean', 'spec_skew', 'spec_kurtosis', 'mfcc_1', 'mfcc_std', 'wav_approx_std']",0.7651888341543513,0.6753623188405797,0.8825757575757576,0.8863449435689392,0.8866279069767442,0.8979391560353287,0.8755980861244019,0.9132863950018815,0.9644947327350761,0.9856459330143541,0.9442322383498855,0.9961245472185529
LR,0.8720871313193818,0.8510423335564424,0.9071342572116565,0.9098548510313216,0.9021770720122134,"{'C': 1.0, 'solver': 'lbfgs'}","['wav_detail_lvl5_std', 'mfcc_var']",0.767515923566879,0.6620879120879121,0.9128787878787878,0.809073242919712,0.883629191321499,0.9114954221770092,0.8574162679425837,0.9037002930462217,0.9651162790697675,0.9795436664044059,0.9511077158135982,0.9937576800707062
LR,0.8719674167993946,0.853888932955198,0.8974942927729305,0.9052711993888465,0.9264792582198725,"{'C': 1.0, 'solver': 'lbfgs'}","['spec_skew', 'mfcc_1', 'mfcc_std']",0.7805695142378559,0.6996996996996997,0.8825757575757576,0.9009584571058799,0.8815347721822542,0.8836538461538461,0.8794258373205741,0.8862736905016378,0.9537979639780736,0.9783132530120482,0.93048128342246,0.9922056270520998
LR,0.8719066007597137,0.8529859586870513,0.8998477700490084,0.9090909090909091,0.9284826955936003,"{'C': 1.0, 'solver': 'lbfgs'}","['mfcc_mean', 'spec_kurtosis', 'mfcc_1', 'mfcc_var', 'mfcc_std', 'wav_approx_std']",0.768976897689769,0.6812865497076024,0.8825757575757576,0.8870232937663802,0.885024154589372,0.8936585365853659,0.876555023923445,0.9028195250670745,0.96171875,0.9840127897681854,0.9404125286478228,0.9956052679473463
LR,0.8718695652634972,0.8527809205953112,0.9003570646759501,0.9098548510313216,0.9306678112687418,"{'C': 1.0, 'solver': 'lbfgs'}","['mfcc_mean', 'spec_skew', 'mfcc_1', 'mfcc_std', 'wav_approx_std']",0.7664473684210527,0.6773255813953488,0.8825757575757576,0.8855080154064305,0.8858800773694391,0.895405669599218,0.876555023923445,0.9105009635493355,0.96328125,0.9856115107913669,0.9419404125286478,0.9959944548504592
LR,0.8715211018363176,0.8533848425389912,0.8986435563060949,0.9155844155844156,0.9248209865690599,"{'C': 10.0, 'solver': 'lbfgs'}","['mfcc_mean', 'spec_skew', 'NDSI', 'mfcc_1']",0.7479406919275123,0.6618075801749271,0.8598484848484849,0.8473429060454201,0.8931851135814403,0.90234375,0.8842105263157894,0.9292341063453151,0.9734375,0.9960031974420464,0.9518716577540107,0.9978859473164445
LR,0.8713811525770613,0.8511159931929203,0.9026840720339173,0.9083269671504965,0.9498147605017816,"{'C': 10.0, 'solver': 'lbfgs'}","['mfcc_mean', 'spec_skew', 'spec_kurtosis', 'mfcc_1', 'mfcc_var', 'mfcc_std']",0.767479674796748,0.6723646723646723,0.8939393939393939,0.9330325722524235,0.886002886002886,0.8907156673114119,0.8813397129186603,0.9208348814280194,0.96066089693155,0.9902676399026764,0.9327731092436975,0.995576827824902
LR,0.8713397248373967,0.8541496590258376,0.8963219099442009,0.9163483575248281,0.9167002143869497,"{'C': 1.0, 'solver': 'lbfgs'}","['mfcc_mean', 'spec_kurtosis', 'NDSI', 'mfcc_1', 'wav_approx_std']",0.7454242928452579,0.6646884272997032,0.8484848484848485,0.8304987406761083,0.894356005788712,0.9017509727626459,0.8870813397129187,0.9217010344207145,0.9742388758782201,0.9960095770151636,0.9533995416348358,0.9979008680640266
LR,0.8713283807158833,0.8531619659957688,0.8972502557641877,0.9064171122994652,0.9391559926354622,"{'C': 10.0, 'solver': 'lbfgs'}","['spec_kurtosis', 'mfcc_1', 'mfcc_std']",0.7746243739565943,0.6925373134328359,0.8787878787878788,0.922627095748067,0.882804995196926,0.8862102217936355,0.8794258373205741,0.9019882510881171,0.9565557729941292,0.9807383627608347,0.93353705118411,0.9928526310702027
LR,0.871274093684001,0.8533071713136579,0.8970811610130496,0.9090909090909091,0.8963051181274232,"{'C': 10.0, 'solver': 'lbfgs'}","['spec_skew', 'spec_kurtosis', 'mfcc_1', 'mfcc_var']",0.7666666666666667,0.6845238095238095,0.8712121212121212,0.7846386736090164,0.8854667949951877,0.8906098741529526,0.8803827751196173,0.9096198237582795,0.9616888193901486,0.9847878302642114,0.9396485867074102,0.9946568570149736
LR,0.8712179037719997,0.8500932199456339,0.9065606306318381,0.9090909090909091,0.9019586741379007,"{'C': 1.0, 'solver': 'lbfgs'}","['mfcc_1', 'wav_detail_lvl5_std']",0.766295707472178,0.6602739726027397,0.9128787878787878,0.8100722350489012,0.8826429980276134,0.9104781281790437,0.8564593301435407,0.9020021576847962,0.9647150058162078,0.9795275590551181,0.9503437738731857,0.9938016296800043
LR,0.8711325129103814,0.8544790944153746,0.8950082425314623,0.9171122994652406,0.9108084915996965,"{'C': 1.0, 'solver': 'lbfgs'}","['spec_kurtosis', 'NDSI', 'mfcc_var', 'mfcc_std', 'wav_approx_std']",0.7424749163879598,0.6646706586826348,0.8409090909090909,0.8269246209729673,0.8955223880597015,0.9011627906976745,0.8899521531100478,0.9076483307319458,0.975400234283483,0.9976038338658147,0.9541634835752483,0.9978525230941763
LR,0.8711267088381472,0.8525282493706515,0.8980705998507856,0.9056531703590527,0.9267062495192948,"{'C': 1.0, 'solver': 'lbfgs'}","['mfcc_mean', 'spec_kurtosis', 'mfcc_1', 'mfcc_std']",0.7753743760399334,0.6913946587537092,0.8825757575757576,0.8910161924587705,0.8821002386634845,0.88,0.8842105263157894,0.8943260653750588,0.9559055118110236,0.9861900893582454,0.9274255156608098,0.9947764907240549
LR,0.8711192471805519,0.8529150065660597,0.8971242723564705,0.906035141329259,0.9416455486656085,"{'C': 10.0, 'solver': 'lbfgs'}","['spec_kurtosis', 'mfcc_1', 'mfcc_var', 'mfcc_std']",0.7746243739565943,0.6925373134328359,0.8787878787878788,0.9264301995317652,0.8830297219558965,0.8847262247838616,0.8813397129186603,0.9052989190465156,0.955703645629165,0.9814814814814815,0.9312452253628725,0.9932075274185449
LR,0.8711015354878077,0.8514748860882402,0.9005288399251247,0.9067990832696715,0.9307842104522134,"{'C': 1.0, 'solver': 'lbfgs'}","['mfcc_mean', 'spec_skew', 'mfcc_1', 'mfcc_std']",0.7717569786535303,0.6811594202898551,0.8901515151515151,0.8935511838174476,0.882804995196926,0.8862102217936355,0.8794258373205741,0.9034269565701497,0.9587426326129665,0.9870550161812298,0.932009167303285,0.9953744909690426
LR,0.8710666606094587,0.8552011154257658,0.8933729153543396,0.9178762414056532,0.9136885486648366,"{'C': 1.0, 'solver': 'lbfgs'}","['spec_skew', 'spec_kurtosis', 'NDSI', 'mfcc_std', 'wav_approx_std']",0.7407407407407407,0.6666666666666666,0.8333333333333334,0.8223269905449795,0.8961854176726219,0.9044834307992202,0.8880382775119617,0.9205741962521008,0.9762738234150136,0.9944532488114105,0.9587471352177235,0.9981644591974296
LR,0.8710122062945324,0.8522767629719583,0.8987111271940993,0.9090909090909091,0.9268526353467443,"{'C': 1.0, 'solver': 'lbfgs'}","['spec_kurtosis', 'mfcc_1', 'mfcc_std', 'wav_approx_std']",0.7656765676567657,0.6783625730994152,0.8787878787878788,0.8818840921283129,0.8848015488867377,0.8952007835455436,0.8746411483253589,0.9031705702035921,0.9625585023400937,0.9832669322709163,0.9427043544690603,0.995503243708328
LR,0.8707194735363749,0.852725376883356,0.8965718663861079,0.9083269671504965,0.894604954507069,"{'C': 10.0, 'solver': 'lbfgs'}","['spec_skew', 'mfcc_1', 'mfcc_var']",0.7666666666666667,0.6845238095238095,0.8712121212121212,0.7848651803912099,0.8846153846153846,0.8888888888888888,0.8803827751196173,0.9049167757972851,0.9608763693270735,0.9847634322373697,0.9381207028265852,0.9940329073327118
LR,0.8704462709264399,0.8501648282991363,0.901791466187751,0.9071810542398777,0.9373787198296859,"{'C': 0.1, 'solver': 'lbfgs'}","['mfcc_mean', 'spec_skew', 'spec_kurtosis', 'mfcc_2']",0.767479674796748,0.6723646723646723,0.8939393939393939,0.9030270787353403,0.8832292167227295,0.887065637065637,0.8794258373205741,0.9141144774577958,0.9606299212598425,0.9910641754670999,0.932009167303285,0.9949946032959215
LR,0.8704440578706056,0.8535202286475644,0.894930619775821,0.9159663865546218,0.9163585858980072,"{'C': 10.0, 'solver': 'lbfgs'}","['mfcc_mean', 'spec_kurtosis', 'NDSI', 'mfcc_var', 'wav_approx_std']",0.7433333333333333,0.6636904761904762,0.8446969696969697,0.8281647631194352,0.893719806763285,0.9024390243902439,0.8851674641148325,0.9229989871944737,0.9742790335151987,0.994431185361973,0.9549274255156608,0.9979120073801131
LR,0.8702969740853433,0.853962497210153,0.8934909689553653,0.9163483575248281,0.9085457999764146,"{'C': 1.0, 'solver': 'lbfgs'}","['spec_kurtosis', 'NDSI', 'mfcc_var', 'wav_approx_std']",0.7416107382550335,0.6656626506024096,0.8371212121212122,0.8214039141177636,0.8946608946608947,0.8994197292069632,0.8899521531100478,0.9063575822236407,0.9746192893401016,0.9968051118210862,0.9533995416348358,0.9978759035878395
LR,0.8700486801651229,0.8504621607489334,0.8995851929288462,0.9067990832696715,0.9464040836154654,"{'C': 10.0, 'solver': 'lbfgs'}","['mfcc_mean', 'spec_skew', 'mfcc_1', 'mfcc_var', 'mfcc_std']",0.7672131147540984,0.6763005780346821,0.8863636363636364,0.9320893369595031,0.8841902931283037,0.888030888030888,0.8803827751196173,0.9121039439871141,0.9587426326129665,0.9870550161812298,0.932009167303285,0.9950189698997786
LR,0.8700468555992519,0.854291047087909,0.8921129695897498,0.9171122994652406,0.9108059448997472,"{'C': 10.0, 'solver': 'lbfgs'}","['spec_skew', 'NDSI', 'mfcc_std', 'wav_approx_std']",0.7386172006745363,0.6656534954407295,0.8295454545454546,0.8218910623942767,0.8957232099951946,0.8996138996138996,0.8918660287081339,0.9126284534372956,0.975800156128025,0.9976057462090981,0.9549274255156608,0.9978983188676694
LR,0.8700374188748149,0.8526121362374175,0.89593591822694,0.9163483575248281,0.9279548582609781,"{'C': 1.0, 'solver': 'lbfgs'}","['mfcc_mean', 'spec_skew', 'spec_kurtosis', 'NDSI', 'mfcc_var']",0.740495867768595,0.656891495601173,0.8484848484848485,0.8461031833931691,0.893740902474527,0.906496062992126,0.8813397129186603,0.9395333699666458,0.9758754863813229,0.9944488501189532,0.957983193277311,0.9982280214231196
LR,0.8698111028608572,0.8506765146733121,0.8987914304477771,0.9098548510313216,0.9284941002727788,"{'C': 10.0, 'solver': 'lbfgs'}","['mfcc_mean', 'spec_skew', 'NDSI', 'wav_approx_std', 'mfcc_2']",0.7573770491803279,0.6676300578034682,0.875,0.8795034282427577,0.8866474543707973,0.8900675024108003,0.8832535885167464,0.9100106072505866,0.9654088050314465,0.994331983805668,0.9381207028265852,0.9959682653249922
LR,0.8697266664731106,0.8526657557348094,0.893925879761793,0.9094728800611154,0.928388874210857,"{'C': 1.0, 'solver': 'lbfgs'}","['mfcc_mean', 'mfcc_1', 'mfcc_std', 'wav_approx_std']",0.7604690117252931,0.6816816816816816,0.8598484848484849,0.8740434765174816,0.8852300242130751,0.8960784313725491,0.8746411483253589,0.9151062477752463,0.9634809634809635,0.9802371541501976,0.9472880061115355,0.9960168983398431
LR,0.869569256784189,0.8524433311819245,0.8946116405094733,0.9155844155844156,0.9196937158923596,"{'C': 10.0, 'solver': 'lbfgs'}","['mfcc_mean', 'spec_skew', 'NDSI', 'mfcc_1', 'wav_approx_std']",0.7408637873754153,0.6597633136094675,0.8446969696969697,0.8359148123405631,0.8931851135814403,0.90234375,0.8842105263157894,0.9252134145081651,0.9746588693957114,0.9952229299363057,0.9549274255156608,0.9979529208283509
LR,0.8695093021018354,0.8528175672063149,0.8924543980271534,0.9052711993888465,0.9067384277064794,"{'C': 10.0, 'solver': 'lbfgs'}","['mfcc_mean', 'mfcc_1', 'mfcc_var']",0.7715736040609137,0.6972477064220184,0.8636363636363636,0.8192999129984443,0.8811121764141898,0.882804995196926,0.8794258373205741,0.9061531902088333,0.9558421258304025,0.9784,0.9343009931245225,0.9947621799121603
LR,0.8693846699122197,0.8507879511260482,0.8967488909439374,0.907563025210084,0.927928097133269,"{'C': 1.0, 'solver': 'lbfgs'}","['mfcc_mean', 'spec_kurtosis', 'mfcc_1', 'mfcc_std', 'wav_approx_std']",0.7636363636363637,0.6774193548387096,0.875,0.8839084800091414,0.8832046332046332,0.8909444985394352,0.8755980861244019,0.904231798034558,0.9613130128956624,0.984,0.9396485867074102,0.9956440133561074
LR,0.8693086075167124,0.8503801224879189,0.8971136620517427,0.904507257448434,0.9277827881977775,"{'C': 1.0, 'solver': 'lbfgs'}","['mfcc_mean', 'spec_kurtosis', 'mfcc_1', 'mfcc_var', 'mfcc_std']",0.7715231788079471,0.6852941176470588,0.8825757575757576,0.8950857445289825,0.8804971319311663,0.8796561604584527,0.8813397129186603,0.8935108100372741,0.9559055118110236,0.9861900893582454,0.9274255156608098,0.994751810027076
LR,0.8690387044053192,0.8522050020347968,0.8934133461997239,0.9152024446142093,0.9195643748768907,"{'C': 1.0, 'solver': 'lbfgs'}","['mfcc_mean', 'spec_skew', 'NDSI', 'mfcc_var', 'wav_approx_std']",0.74,0.6607142857142857,0.8409090909090909,0.8354892818446747,0.8928571428571429,0.9006815968841285,0.8851674641148325,0.9252585156746668,0.9742589703588144,0.9952191235059761,0.9541634835752483,0.9979453271113308
LR,0.8687472087639717,0.8526202834171551,0.8916520356148839,0.9155844155844156,0.9187608388724223,"{'C': 10.0, 'solver': 'lbfgs'}","['mfcc_mean', 'spec_kurtosis', 'NDSI', 'mfcc_var', 'mfcc_std', 'wav_approx_std']",0.738255033557047,0.6626506024096386,0.8333333333333334,0.83481020272435,0.8932882665379044,0.9015594541910331,0.8851674641148325,0.9235923538540151,0.9746983261969638,0.9936507936507937,0.9564553093964858,0.9978799600389019
LR,0.8685437276131355,0.851509646481389,0.8939816117834694,0.9167303284950343,0.9244054581557791,"{'C': 10.0, 'solver': 'lbfgs'}","['mfcc_mean', 'spec_skew', 'spec_kurtosis', 'NDSI', 'mfcc_1', 'wav_approx_std']",0.7338842975206612,0.6510263929618768,0.8409090909090909,0.8394137416494569,0.8938656280428432,0.9098116947472745,0.8784688995215311,0.9355647640635779,0.9778812572759022,0.9936908517350158,0.9625668449197861,0.9982378687543022
LR,0.8685330164694424,0.8503300902970153,0.8949179990975656,0.9056531703590527,0.9044263105830899,"{'C': 10.0, 'solver': 'lbfgs'}","['mfcc_mean', 'spec_kurtosis', 'mfcc_1', 'mfcc_var']",0.7653910149750416,0.6824925816023739,0.8712121212121212,0.8294139047377918,0.8818747010999521,0.8814531548757171,0.8822966507177034,0.8890191528731874,0.9583333333333334,0.9870445344129555,0.9312452253628725,0.9948458741382902
LR,0.868187603694624,0.8514785427924013,0.8924053672505684,0.9152024446142093,0.9190294196978673,"{'C': 1.0, 'solver': 'lbfgs'}","['mfcc_mean', 'spec_skew', 'NDSI', 'mfcc_std', 'wav_approx_std']",0.7366666666666667,0.6577380952380952,0.8371212121212122,0.833900164432022,0.8928571428571429,0.9006815968841285,0.8851674641148325,0.9252680741371351,0.9750390015600624,0.9960159362549801,0.9549274255156608,0.997920020524445
LR,0.8679936785502157,0.848779263213484,0.8968669445449632,0.906035141329259,0.9082208809090373,"{'C': 10.0, 'solver': 'lbfgs'}","['mfcc_mean', 'spec_skew', 'mfcc_1', 'mfcc_var']",0.7619047619047619,0.672463768115942,0.8787878787878788,0.8312910796764503,0.8817307692307692,0.8859903381642512,0.877511961722488,0.8979069985639557,0.9603455045151158,0.9878836833602584,0.9343009931245225,0.995464564486706
LR,0.8678765862666316,0.8499179232955889,0.8947807352606114,0.9129106187929718,0.9253294573600647,"{'C': 0.1, 'solver': 'lbfgs'}","['mfcc_mean', 'spec_skew', 'spec_kurtosis', 'NDSI', 'mfcc_std']",0.7413509060955519,0.6559766763848397,0.8522727272727273,0.844656791275687,0.8900675024108003,0.8969873663751214,0.8832535885167464,0.9333457475014575,0.9722113502935421,0.9967897271268058,0.9488158899923606,0.9979858333030498
LR,0.867651722823318,0.8512415067049283,0.8912070729408191,0.9148204736440031,0.9161685062909498,"{'C': 1.0, 'solver': 'lbfgs'}","['mfcc_mean', 'spec_kurtosis', 'NDSI', 'mfcc_std', 'wav_approx_std']",0.7357859531772575,0.6586826347305389,0.8333333333333334,0.8274556472529289,0.8925301204819277,0.8990291262135922,0.8861244019138756,0.9231751242542953,0.9746390948107686,0.9960127591706539,0.9541634835752483,0.9978747473656251
LR,0.8673369502680982,0.8502557049477755,0.8923304249929638,0.9136745607333843,0.9208369873181552,"{'C': 1.0, 'solver': 'lbfgs'}","['mfcc_mean', 'spec_kurtosis', 'NDSI', 'mfcc_var']",0.7375415282392026,0.6568047337278107,0.8409090909090909,0.8373064167563132,0.8910318225650916,0.8979591836734694,0.8842105263157894,0.9273613175844455,0.9734375,0.9960031974420464,0.9518716577540107,0.9978432276137069
LR,0.8672964394302362,0.8506702191159032,0.890858943258324,0.9094728800611154,0.922483449717614,"{'C': 10.0, 'solver': 'lbfgs'}","['mfcc_mean', 'spec_kurtosis', 'wav_approx_std', 'mfcc_2']",0.7495798319327731,0.6737160120845922,0.8446969696969697,0.8753231916607309,0.886873508353222,0.8847619047619047,0.8889952153110048,0.8963851443484138,0.9654359780047133,0.9935327405012127,0.9388846447669977,0.995742013143697
LR,0.8670376564767514,0.849622172251416,0.8927647773623005,0.9129106187929718,0.923447326623557,"{'C': 10.0, 'solver': 'lbfgs'}","['mfcc_mean', 'spec_kurtosis', 'NDSI', 'mfcc_var', 'mfcc_std']",0.7384105960264901,0.6558823529411765,0.8446969696969697,0.843412215590589,0.8900675024108003,0.8969873663751214,0.8832535885167464,0.9290993918594035,0.9726348709929633,0.9959967974379503,0.9503437738731857,0.9978303724206783
LR,0.8668542002644705,0.8479507776377285,0.8952959493207171,0.9067990832696715,0.911355330264188,"{'C': 10.0, 'solver': 'lbfgs'}","['mfcc_mean', 'spec_skew', 'spec_kurtosis', 'mfcc_1', 'mfcc_var']",0.7553366174055829,0.6666666666666666,0.8712121212121212,0.8321663915342691,0.882466281310212,0.8884578079534433,0.876555023923445,0.906002208324406,0.9627597020776166,0.9887278582930756,0.9381207028265852,0.9958973909338892
LR,0.8667324985163797,0.8547439826654503,0.8820385410942686,0.9163483575248281,0.9053215525519125,"{'C': 10.0, 'solver': 'lbfgs'}","['NDSI', 'mfcc_var', 'mfcc_std', 'wav_approx_std']",0.7294938917975567,0.6763754045307443,0.7916666666666666,0.8064579220052016,0.8956646021915198,0.8918406072106262,0.8995215311004785,0.9114883285120617,0.9750390015600624,0.9960159362549801,0.9549274255156608,0.9980184071384741
LR,0.8666164384396554,0.8483166730162045,0.892990832696715,0.9022154316271963,0.8912215191713183,"{'C': 10.0, 'solver': 'lbfgs'}","['spec_kurtosis', 'mfcc_1', 'mfcc_var']",0.7687188019966722,0.685459940652819,0.875,0.7850046265483357,0.8769230769230769,0.881159420289855,0.8727272727272727,0.8958033261349657,0.9542074363992172,0.978330658105939,0.9312452253628725,0.9928566048306537
LR,0.8665771116309644,0.8510334254717947,0.8883761319519833,0.9148204736440031,0.908120978204295,"{'C': 10.0, 'solver': 'lbfgs'}","['spec_kurtosis', 'NDSI', 'mfcc_std', 'wav_approx_std']",0.7318718381112985,0.6595744680851063,0.821969696969697,0.8188443957518619,0.8928399807784719,0.8967181467181468,0.8889952153110048,0.9076557697920749,0.9750195160031225,0.9968076616121309,0.9541634835752483,0.9978627690689482
LR,0.8659919301287498,0.8494995394321742,0.8896791890599941,0.9125286478227654,0.920479369099824,"{'C': 1.0, 'solver': 'lbfgs'}","['mfcc_mean', 'spec_kurtosis', 'NDSI', 'mfcc_std']",0.7357859531772575,0.6586826347305389,0.8333333333333334,0.8355817190463337,0.8899567515617491,0.8938223938223938,0.8861244019138756,0.9280425673403245,0.9722330856472429,0.9959935897435898,0.9495798319327731,0.9978138209128139
LR,0.8656949373797649,0.8460144356664584,0.8965585755833434,0.9071810542398777,0.9264260553170924,"{'C': 10.0, 'solver': 'lbfgs'}","['mfcc_mean', 'spec_kurtosis', 'NDSI', 'wav_approx_std', 'mfcc_2']",0.7487844408427877,0.6543909348441926,0.875,0.8751355264233749,0.8828915662650603,0.8893203883495145,0.876555023923445,0.9082228020787722,0.9654088050314465,0.994331983805668,0.9381207028265852,0.99591983744913
LR,0.8653237458290635,0.848269253701638,0.8904298401976419,0.9125286478227654,0.9214003786447957,"{'C': 1.0, 'solver': 'lbfgs'}","['mfcc_mean', 'spec_kurtosis', 'NDSI', 'mfcc_1']",0.7330016583747927,0.6519174041297935,0.8371212121212122,0.8394284620827787,0.8895320791123975,0.896887159533074,0.8822966507177034,0.9269228228147343,0.9734375,0.9960031974420464,0.9518716577540107,0.9978498510368742
LR,0.8648564071395332,0.8488829150802789,0.8881777750972798,0.9155844155844156,0.9250151193216305,"{'C': 10.0, 'solver': 'lbfgs'}","['mfcc_mean', 'spec_skew', 'spec_kurtosis', 'NDSI', 'mfcc_var', 'wav_approx_std']",0.7233333333333334,0.6458333333333334,0.821969696969697,0.8389256661699678,0.8925619834710744,0.9071146245059288,0.8784688995215311,0.9378062124783291,0.9786739046141916,0.9937007874015747,0.9640947288006112,0.9983134793165948
LR,0.8648564071395332,0.8488829150802789,0.8881777750972798,0.9155844155844156,0.9249039045088744,"{'C': 10.0, 'solver': 'lbfgs'}","['mfcc_mean', 'spec_skew', 'spec_kurtosis', 'NDSI', 'mfcc_std', 'wav_approx_std']",0.7233333333333334,0.6458333333333334,0.821969696969697,0.8388549315604414,0.8925619834710744,0.9071146245059288,0.8784688995215311,0.93761258277457,0.9786739046141916,0.9937007874015747,0.9640947288006112,0.9982441991916114
LR,0.8634860115516755,0.843924397188773,0.8937574551351641,0.9029793735676088,0.9325313421739311,"{'C': 1.0, 'solver': 'lbfgs'}","['mfcc_mean', 'NDSI', 'mfcc_2']",0.752442996742671,0.66,0.875,0.8867372786898606,0.87823585810163,0.8799231508165226,0.876555023923445,0.9150593287269996,0.9597791798107256,0.9918500407497962,0.9297173414820473,0.9957974191049331
LR,0.8632421511694227,0.8465136190629671,0.8871677857745969,0.9067990832696715,0.9109100144294692,"{'C': 10.0, 'solver': 'lbfgs'}","['mfcc_mean', 'spec_skew', 'mfcc_1', 'mfcc_var', 'wav_approx_std']",0.7424749163879598,0.6646706586826348,0.8409090909090909,0.8368663590821774,0.8823529411764706,0.8892128279883382,0.8755980861244019,0.899835437689789,0.9648985959438378,0.9856573705179282,0.944996180290298,0.9960282465164413
LR,0.8631556888503008,0.8465042700708384,0.8869747899159663,0.9067990832696715,0.9080323985114548,"{'C': 10.0, 'solver': 'lbfgs'}","['spec_skew', 'spec_kurtosis', 'mfcc_1', 'mfcc_var', 'wav_approx_std']",0.7424749163879598,0.6646706586826348,0.8409090909090909,0.8286435884456239,0.8820116054158608,0.8914956011730205,0.8727272727272727,0.8994455330736681,0.9649805447470817,0.9833465503568596,0.9472880061115355,0.996008074015072
LR,0.8628360919058594,0.8473423714182693,0.884395815742565,0.907563025210084,0.9040487910838894,"{'C': 10.0, 'solver': 'lbfgs'}","['mfcc_1', 'mfcc_var', 'wav_approx_std']",0.7398648648648649,0.6676829268292683,0.8295454545454546,0.8254510907227164,0.8827519379844961,0.8940137389597644,0.8717703349282296,0.8906711763962963,0.9658914728682171,0.980330448465775,0.9518716577540107,0.9960241061326555
LR,0.8627729920952455,0.8501484849066138,0.8792426699547442,0.9144385026737968,0.9135718094700921,"{'C': 10.0, 'solver': 'lbfgs'}","['mfcc_mean', 'NDSI', 'mfcc_var', 'mfcc_std', 'wav_approx_std']",0.7197231833910035,0.6624203821656051,0.7878787878787878,0.8192772747653516,0.89272030651341,0.8935762224352828,0.8918660287081339,0.923403658000304,0.9758754863813229,0.9944488501189532,0.957983193277311,0.9980344956446207
LR,0.8627167308049581,0.8461608699845362,0.8861491965207136,0.9052711993888465,0.9081582976414443,"{'C': 10.0, 'solver': 'lbfgs'}","['mfcc_mean', 'spec_kurtosis', 'mfcc_1', 'mfcc_var', 'wav_approx_std']",0.7449664429530202,0.6686746987951807,0.8409090909090909,0.8356368653479385,0.8806544754571703,0.8857696030977735,0.8755980861244019,0.8931205755862337,0.9625292740046838,0.9840383080606544,0.9419404125286478,0.9957174519901608
LR,0.8625758377962623,0.8430795170997785,0.8925458700226502,0.9014514896867838,0.9319310038884833,"{'C': 10.0, 'solver': 'lbfgs'}","['mfcc_mean', 'spec_kurtosis', 'NDSI', 'mfcc_2']",0.7536704730831973,0.66189111747851,0.875,0.8905748842978211,0.8761996161228407,0.8787295476419634,0.8736842105263158,0.909904102912282,0.9578574241827491,0.9886178861788618,0.9289533995416348,0.9953140244553466
LR,0.8624955765066437,0.8414970389271111,0.8965618145184707,0.9006875477463713,0.9400485316943467,"{'C': 10.0, 'solver': 'lbfgs'}","['mfcc_mean', 'spec_skew', 'spec_kurtosis', 'NDSI', 'mfcc_2']",0.7552,0.6537396121883656,0.8939393939393939,0.9027921265039335,0.8743961352657005,0.8829268292682927,0.8660287081339713,0.9220515815647491,0.9578905942542306,0.9878246753246753,0.9297173414820473,0.9953018870143572
LR,0.8624391815030564,0.8450847712153293,0.8877898846939094,0.9037433155080213,0.9099447230128085,"{'C': 1.0, 'solver': 'lbfgs'}","['mfcc_mean', 'spec_skew', 'NDSI']",0.7466666666666667,0.6666666666666666,0.8484848484848485,0.8449381218744564,0.8801141769743102,0.8751182592242195,0.8851674641148325,0.889252602659121,0.9605367008681925,0.9934693877551021,0.9297173414820473,0.9956434445048481
LR,0.8623783242889741,0.8435975955787836,0.8911890912664907,0.9052711993888465,0.9256638786110581,"{'C': 10.0, 'solver': 'lbfgs'}","['mfcc_mean', 'NDSI', 'wav_approx_std', 'mfcc_2']",0.7418300653594772,0.6522988505747126,0.8598484848484849,0.8717410305442647,0.8806544754571703,0.8857696030977735,0.8755980861244019,0.9091543755759208,0.9646504320502749,0.9927243330638642,0.9381207028265852,0.9960962297129887
LR,0.8623292574887671,0.8468727070254327,0.8836962057550292,0.9064171122994652,0.9062047543291493,"{'C': 10.0, 'solver': 'lbfgs'}","['mfcc_mean', 'mfcc_1', 'mfcc_var', 'wav_approx_std']",0.7411167512690355,0.6697247706422018,0.8295454545454546,0.8262583953032349,0.8815853069115515,0.890625,0.8727272727272727,0.8962803760816203,0.9642857142857143,0.9802683504340963,0.9488158899923606,0.9960754916025928
LR,0.8620212639107397,0.8453256535419058,0.8858918687092062,0.9052711993888465,0.9075768879187259,"{'C': 10.0, 'solver': 'lbfgs'}","['spec_skew', 'mfcc_1', 'mfcc_var', 'wav_approx_std']",0.7424749163879598,0.6646706586826348,0.8409090909090909,0.8287722054079306,0.8801932367149758,0.8887804878048781,0.8717703349282296,0.8980107422065439,0.9633956386292835,0.982525814138205,0.944996180290298,0.9959477161417035
LR,0.8618058839162086,0.8451916759715018,0.885586180245623,0.906035141329259,0.9094778343488255,"{'C': 1.0, 'solver': 'lbfgs'}","['mfcc_mean', 'spec_skew', 'spec_kurtosis', 'mfcc_1', 'mfcc_var', 'wav_approx_std']",0.7391304347826086,0.6616766467065869,0.8371212121212122,0.8292003799927736,0.8813886210221794,0.8882410106899903,0.8746411483253589,0.9030170077433374,0.9648985959438378,0.9856573705179282,0.944996180290298,0.9962161153103651
LR,0.8617449878471454,0.8450322707968407,0.8856372213957354,0.9048892284186402,0.9047094579414932,"{'C': 10.0, 'solver': 'lbfgs'}","['spec_kurtosis', 'mfcc_1', 'mfcc_var', 'wav_approx_std']",0.7424749163879598,0.6646706586826348,0.8409090909090909,0.8278596707837607,0.8797682279092226,0.8879142300194932,0.8717703349282296,0.8906216373798194,0.962991819244254,0.9825119236883942,0.9442322383498855,0.9956470656608992
LR,0.8616258823122095,0.8454525201011368,0.8847255170010588,0.9064171122994652,0.8980760595832601,"{'C': 1.0, 'solver': 'lbfgs'}","['mfcc_mean', 'spec_kurtosis', 'wav_approx_std']",0.7361344537815127,0.6616314199395771,0.8295454545454546,0.8198298425051237,0.8833888624464541,0.8787878787878788,0.8880382775119617,0.8789970705638449,0.9653543307086614,0.9959382615759546,0.9365928189457601,0.9954012656808114
LR,0.8609836312012012,0.8468790999706327,0.8800152118263574,0.9083269671504965,0.9033544762269919,"{'C': 10.0, 'solver': 'lbfgs'}","['spec_skew', 'spec_kurtosis', 'wav_approx_std', 'mfcc_2']",0.7294520547945206,0.665625,0.8068181818181818,0.832997869384882,0.8856053384175405,0.8822412155745489,0.8889952153110048,0.8814866525937742,0.9678935003915426,0.9927710843373494,0.9442322383498855,0.9955789067023196
LR,0.8609718120555957,0.8433098413304098,0.8871519261612141,0.9029793735676088,0.9108400624565705,"{'C': 0.1, 'solver': 'lbfgs'}","['mfcc_mean', 'spec_skew', 'spec_kurtosis', 'NDSI']",0.7429519071310116,0.6607669616519174,0.8484848484848485,0.8449742789967005,0.8790476190476191,0.8748815165876778,0.8832535885167464,0.8920694233745514,0.9609159099881563,0.994281045751634,0.9297173414820473,0.9954764849984593
LR,0.8607038427667394,0.8446388991447499,0.8833799069867182,0.9056531703590527,0.9058269993267011,"{'C': 1.0, 'solver': 'lbfgs'}","['mfcc_mean', 'spec_skew', 'mfcc_std', 'wav_approx_std']",0.7361344537815127,0.6616314199395771,0.8295454545454546,0.8236052772590359,0.8810784785748677,0.8866279069767442,0.8755980861244019,0.897778667006932,0.9648985959438378,0.9856573705179282,0.944996180290298,0.9960970537141351
LR,0.8602504109980011,0.8429186181826122,0.8855033081813267,0.9025974025974026,0.9058972759137268,"{'C': 10.0, 'solver': 'lbfgs'}","['mfcc_mean', 'spec_skew', 'mfcc_std']",0.7420965058236273,0.6617210682492581,0.8446969696969697,0.8231854696794609,0.8779320248922929,0.8783524904214559,0.877511961722488,0.8988705555430985,0.9607227022780833,0.9886822958771221,0.9343009931245225,0.9956358025186208
LR,0.859893881686434,0.8423004573822817,0.8858839389025147,0.9033613445378151,0.9181586780189273,"{'C': 10.0, 'solver': 'lbfgs'}","['mfcc_mean', 'spec_skew', 'spec_kurtosis', 'mfcc_var', 'mfcc_std']",0.7384105960264901,0.6558823529411765,0.8446969696969697,0.8419740816609231,0.8785405664906385,0.8815028901734104,0.8755980861244019,0.9164151066726142,0.9627304825421734,0.989516129032258,0.9373567608861727,0.9960868457232446
LR,0.8598365376233383,0.8436478006533012,0.8828062804068996,0.9048892284186402,0.9010375359039338,"{'C': 10.0, 'solver': 'lbfgs'}","['mfcc_mean', 'spec_kurtosis', 'mfcc_1', 'wav_approx_std']",0.7348993288590604,0.6596385542168675,0.8295454545454546,0.8174905266366128,0.8801155512758787,0.8856589147286822,0.8746411483253589,0.8897440978220881,0.9644947327350761,0.9856459330143541,0.9442322383498855,0.9958779832531005
LR,0.8597015577928421,0.8437608096632422,0.882508633437426,0.904507257448434,0.8993856014932878,"{'C': 0.1, 'solver': 'lbfgs'}","['mfcc_mean', 'spec_skew', 'wav_approx_std']",0.734006734006734,0.6606060606060606,0.8257575757575758,0.8207977485494234,0.881404174573055,0.8739416745061148,0.8889952153110048,0.8821679605866768,0.9636937647987371,0.996734693877551,0.9327731092436975,0.9951910953437634
LR,0.8596491109821661,0.8432587244892646,0.8829243340079254,0.9033613445378151,0.9055424663401376,"{'C': 0.1, 'solver': 'lbfgs'}","['mfcc_mean', 'spec_skew', 'mfcc_var', 'mfcc_std', 'wav_approx_std']",0.738255033557047,0.6626506024096386,0.8333333333333334,0.8237636861889287,0.8786570743405275,0.8807692307692307,0.876555023923445,0.8970213348367603,0.9620352250489237,0.9863563402889246,0.9388846447669977,0.9958423779947237
LR,0.8596040469481855,0.8476799326856134,0.8747046984663084,0.9071810542398777,0.8940159581691293,"{'C': 10.0, 'solver': 'lbfgs'}","['mfcc_var', 'mfcc_std', 'wav_approx_std']",0.7294938917975567,0.6763754045307443,0.7916666666666666,0.8061375356296115,0.883453237410072,0.885576923076923,0.8813397129186603,0.8797917080347641,0.9658650116369278,0.9810874704491725,0.9511077158135982,0.9961186308430121
LR,0.859600905591499,0.8434299620278211,0.8828249322057372,0.9052711993888465,0.8989571037243835,"{'C': 1.0, 'solver': 'lbfgs'}","['mfcc_mean', 'spec_skew', 'spec_kurtosis', 'wav_approx_std']",0.7315436241610739,0.6566265060240963,0.8257575757575758,0.8194447838364284,0.8819047619047619,0.8777251184834123,0.8861244019138756,0.8819705016407098,0.9653543307086614,0.9959382615759546,0.9365928189457601,0.9954560256960123
LR,0.8595648545723907,0.8431562389895723,0.8831949526221973,0.904507257448434,0.9027521550514082,"{'C': 10.0, 'solver': 'lbfgs'}","['mfcc_mean', 'spec_kurtosis', 'NDSI', 'wav_approx_std']",0.7336683417085427,0.6576576576576577,0.8295454545454546,0.8281003529948708,0.880838894184938,0.8774928774928775,0.8842105263157894,0.8841582837731591,0.9641873278236914,0.9943181818181818,0.9358288770053476,0.9959978283861947
LR,0.8595223125507935,0.843240931721959,0.8827419484540228,0.9048892284186402,0.90458690848246,"{'C': 10.0, 'solver': 'lbfgs'}","['mfcc_mean', 'spec_skew', 'mfcc_var', 'wav_approx_std']",0.7336683417085427,0.6576576576576577,0.8295454545454546,0.8217898209775072,0.88,0.8864077669902912,0.8736842105263158,0.8958241131099594,0.9648985959438378,0.9856573705179282,0.944996180290298,0.9961467913599138
LR,0.8593941071036726,0.8433436972137397,0.8819806870116468,0.9033613445378151,0.9058744861821934,"{'C': 0.1, 'solver': 'lbfgs'}","['mfcc_mean', 'spec_skew', 'spec_kurtosis', 'mfcc_var', 'mfcc_std', 'wav_approx_std']",0.7373737373737373,0.6636363636363637,0.8295454545454546,0.8243355372236458,0.8787733588883565,0.8800383877159309,0.877511961722488,0.8974773095494801,0.9620352250489237,0.9863563402889246,0.9388846447669977,0.9958106117734542
LR,0.8593656030267357,0.8394232177876028,0.8909509736909117,0.8995416348357524,0.934883411522104,"{'C': 0.1, 'solver': 'lbfgs'}","['mfcc_mean', 'spec_skew', 'NDSI', 'mfcc_2']",0.7463651050080775,0.6507042253521127,0.875,0.8959569222792911,0.8734968734968735,0.8781431334622823,0.8688995215311005,0.9134227098965945,0.9582348305752562,0.9894222945484134,0.9289533995416348,0.9952706023904259
LR,0.8593653781185204,0.8430435534840753,0.8827393796434043,0.9022154316271963,0.9047947053136074,"{'C': 0.1, 'solver': 'lbfgs'}","['mfcc_mean', 'spec_kurtosis', 'NDSI']",0.7394957983193278,0.6646525679758308,0.8333333333333334,0.8330679182068464,0.8784425451092118,0.8718190386427899,0.8851674641148325,0.8859329913853162,0.9601577909270217,0.9926590538336052,0.9297173414820473,0.9953832063486594
LR,0.8592554500089141,0.8430589871819908,0.882232653827081,0.9041252864782277,0.9011417207408181,"{'C': 10.0, 'solver': 'lbfgs'}","['mfcc_mean', 'spec_kurtosis', 'mfcc_var', 'wav_approx_std']",0.7348993288590604,0.6596385542168675,0.8295454545454546,0.8182798718915056,0.8791526239768898,0.8846899224806202,0.8736842105263158,0.8893215912019103,0.963714397190792,0.9848484848484849,0.9434682964094728,0.9958236991290381
LR,0.8590908511143039,0.841794206930342,0.8844309972792944,0.9025974025974026,0.9055562178997176,"{'C': 0.1, 'solver': 'lbfgs'}","['mfcc_mean', 'spec_skew', 'spec_kurtosis', 'mfcc_std']",0.7375415282392026,0.6568047337278107,0.8409090909090909,0.8203219809452571,0.877815045519885,0.8790786948176583,0.876555023923445,0.9007711435575388,0.9619159795838241,0.9894991922455574,0.9358288770053476,0.995575529196357
LR,0.8590715306583673,0.8415394689803501,0.8848653496486314,0.9018334606569901,0.9043815345339725,"{'C': 10.0, 'solver': 'lbfgs'}","['mfcc_mean', 'spec_skew', 'mfcc_var']",0.7396351575456053,0.6578171091445427,0.8446969696969697,0.8193935955670859,0.8768567321514135,0.8781190019193857,0.8755980861244019,0.8981382060887515,0.9607227022780833,0.9886822958771221,0.9343009931245225,0.9956128019460804
LR,0.85897959687687,0.8427694805167304,0.8819780065136102,0.9037433155080213,0.9021928207677031,"{'C': 10.0, 'solver': 'lbfgs'}","['mfcc_mean', 'spec_kurtosis', 'mfcc_std', 'wav_approx_std']",0.7348993288590604,0.6596385542168675,0.8295454545454546,0.8205311906040604,0.8787295476419634,0.8838334946757018,0.8736842105263158,0.8902092049823415,0.9633099141295862,0.9848363926576217,0.9427043544690603,0.9958380667167078
LR,0.8589485894701955,0.8429010209411016,0.8817339695048673,0.9048892284186402,0.9070918019292892,"{'C': 10.0, 'solver': 'lbfgs'}","['mfcc_mean', 'spec_skew', 'spec_kurtosis', 'mfcc_1', 'wav_approx_std']",0.7315436241610739,0.6566265060240963,0.8257575757575758,0.8216957735842985,0.88,0.8864077669902912,0.8736842105263158,0.9032306500643834,0.9653021442495127,0.9856687898089171,0.9457601222307105,0.9963489821391857
LR,0.858672776001573,0.8426106293937367,0.8814793221913965,0.904507257448434,0.9073510736590529,"{'C': 1.0, 'solver': 'lbfgs'}","['mfcc_mean', 'spec_skew', 'spec_kurtosis', 'mfcc_var', 'wav_approx_std']",0.7315436241610739,0.6566265060240963,0.8257575757575758,0.822815013257495,0.8795761078998073,0.8855480116391853,0.8736842105263158,0.903021613394341,0.9648985959438378,0.9856573705179282,0.944996180290298,0.9962165943253228
LR,0.8586522110136267,0.8417054001871603,0.8835006410857803,0.9037433155080213,0.9058569982734687,"{'C': 10.0, 'solver': 'lbfgs'}","['mfcc_mean', 'spec_skew', 'NDSI', 'wav_approx_std']",0.7321131447587355,0.6528189910979229,0.8333333333333334,0.835300551168327,0.8796561604584527,0.8779790276453765,0.8813397129186603,0.8862187842532245,0.9641873278236914,0.9943181818181818,0.9358288770053476,0.996051659398854
LR,0.8586239107907813,0.8498160788103307,0.8692969053650167,0.9136745607333843,0.9045464749662919,"{'C': 10.0, 'solver': 'lbfgs'}","['NDSI', 'mfcc_var', 'wav_approx_std']",0.7071428571428572,0.668918918918919,0.75,0.7955997275792153,0.8928909952606635,0.8845070422535212,0.9014354066985646,0.9199943819653644,0.9758378799688231,0.9960222752585521,0.9564553093964858,0.9980453153542963
LR,0.8583601276398528,0.8422069401856221,0.8814149902385197,0.904507257448434,0.9040762798786813,"{'C': 10.0, 'solver': 'lbfgs'}","['mfcc_mean', 'spec_skew', 'mfcc_1', 'wav_approx_std']",0.7303182579564489,0.6546546546546547,0.8257575757575758,0.8206619812661108,0.8794599807135969,0.8862973760932945,0.8727272727272727,0.8953795316291021,0.9653021442495127,0.9856687898089171,0.9457601222307105,0.9961873267408308
LR,0.8581562872813145,0.841282264849672,0.8816362430139519,0.8884644766997708,0.9396026975320652,"{'C': 10.0, 'solver': 'lbfgs'}","['mfcc_1', 'mfcc_var', 'mfcc_std']",0.7790893760539629,0.7021276595744681,0.875,0.918106183286216,0.857421875,0.8753738783649053,0.8401913875598086,0.9146518821989544,0.9379576107899807,0.9463452566096423,0.9297173414820473,0.986050027111025
LR,0.8581149181797514,0.8488457353591624,0.8694766104208829,0.9125286478227654,0.9063940677401483,"{'C': 1.0, 'solver': 'lbfgs'}","['NDSI', 'mfcc_1', 'wav_approx_std']",0.708185053380783,0.6677852348993288,0.7537878787878788,0.800081225988976,0.8915206063477025,0.8827392120075047,0.9004784688995215,0.9210805486387832,0.9746390948107686,0.9960127591706539,0.9541634835752483,0.9980204285926857
LR,0.8579963035090183,0.8424009532508999,0.879774413752742,0.9029793735676088,0.9059568244990116,"{'C': 0.1, 'solver': 'lbfgs'}","['mfcc_mean', 'spec_skew', 'spec_kurtosis', 'mfcc_std', 'wav_approx_std']",0.7331081081081081,0.6615853658536586,0.821969696969697,0.8221439743041807,0.8784688995215311,0.8784688995215311,0.8784688995215311,0.8998521914953962,0.9624119028974158,0.98714859437751,0.9388846447669977,0.995874307697458
LR,0.8579224875231976,0.8405202052232209,0.8835383914331283,0.9014514896867838,0.9035634506920277,"{'C': 0.1, 'solver': 'lbfgs'}","['mfcc_mean', 'spec_skew', 'spec_kurtosis', 'mfcc_var']",0.736318407960199,0.6548672566371682,0.8409090909090909,0.8157101697072722,0.8763183125599233,0.878001921229587,0.8746411483253589,0.8994485348446812,0.9611307420494699,0.9886914378029079,0.935064935064935,0.9955316475241296
LR,0.8578410333726514,0.8457956360146294,0.8734607240025197,0.9071810542398777,0.8991301448192318,"{'C': 1.0, 'solver': 'lbfgs'}","['spec_kurtosis', 'wav_approx_std', 'mfcc_2']",0.7212543554006968,0.667741935483871,0.7840909090909091,0.8186653569605019,0.8847795163584637,0.8768796992481203,0.8928229665071771,0.883265075144112,0.9674892283587936,0.9927652733118971,0.9434682964094728,0.9954600023530817
LR,0.8577921091345792,0.8425560735965706,0.8788897377132671,0.9037433155080213,0.9001604098220062,"{'C': 10.0, 'solver': 'lbfgs'}","['spec_skew', 'mfcc_var', 'mfcc_std', 'wav_approx_std']",0.7309644670050761,0.6605504587155964,0.8181818181818182,0.8183356533511096,0.8786127167630058,0.8845780795344326,0.8727272727272727,0.8860543202385721,0.9637991436356559,0.9825396825396825,0.9457601222307105,0.9960912558763368
LR,0.8576465096737415,0.8402362871784678,0.8832837441196575,0.9010695187165776,0.9034684593655505,"{'C': 10.0, 'solver': 'lbfgs'}","['mfcc_mean', 'spec_skew', 'mfcc_1']",0.736318407960199,0.6548672566371682,0.8409090909090909,0.8165677761523501,0.8758984187829421,0.8771593090211133,0.8746411483253589,0.898176399127486,0.9607227022780833,0.9886822958771221,0.9343009931245225,0.9956612028168156
LR,0.8574904746510433,0.8447380938111442,0.8742757070930445,0.9071810542398777,0.9006787241132236,"{'C': 10.0, 'solver': 'lbfgs'}","['spec_skew', 'wav_approx_std', 'mfcc_2']",0.7197231833910035,0.6624203821656051,0.7878787878787878,0.8253167828503643,0.884450784593438,0.8790170132325141,0.8899521531100478,0.8810741338414932,0.9682974559686889,0.992776886035313,0.944996180290298,0.9956452556478133
LR,0.8573705590033408,0.8399529027852225,0.8830290968061867,0.9006875477463713,0.9124909228944175,"{'C': 10.0, 'solver': 'lbfgs'}","['mfcc_mean', 'spec_skew', 'mfcc_var', 'mfcc_std']",0.736318407960199,0.6548672566371682,0.8409090909090909,0.840927323246267,0.8754789272030651,0.8763183125599233,0.8746411483253589,0.9009201777783888,0.9603143418467583,0.988673139158576,0.93353705118411,0.9956252676585967
LR,0.8573332977424419,0.8397517109497992,0.8834740594802515,0.9014514896867838,0.9025038924826413,"{'C': 0.1, 'solver': 'lbfgs'}","['mfcc_mean', 'spec_skew', 'spec_kurtosis', 'mfcc_1']",0.7338842975206612,0.6510263929618768,0.8409090909090909,0.8118199878649854,0.8761996161228407,0.8787295476419634,0.8736842105263158,0.9000970811822718,0.9619159795838241,0.9894991922455574,0.9358288770053476,0.9955946084006663
LR,0.857097036424746,0.8411490758535081,0.8800344220622859,0.9025974025974026,0.9055971214189499,"{'C': 0.1, 'solver': 'lbfgs'}","['mfcc_mean', 'spec_skew', 'spec_kurtosis', 'NDSI', 'wav_approx_std']",0.7294117647058823,0.6555891238670695,0.821969696969697,0.8334659563431591,0.8789748457522544,0.871939736346516,0.8861244019138756,0.8876405174456865,0.9629044988161011,0.9959183673469387,0.932009167303285,0.995684890468004
LR,0.8565684050245239,0.8471918261231085,0.868085320252503,0.9121466768525592,0.9045700133324474,"{'C': 10.0, 'solver': 'lbfgs'}","['NDSI', 'mfcc_std', 'wav_approx_std']",0.7033747779751333,0.6622073578595318,0.75,0.7942464256753411,0.8908918406072106,0.883349012229539,0.8985645933014355,0.9214352544021209,0.9754385964912281,0.9960191082802548,0.9556913674560733,0.9980283599198803
LR,0.8564426779448668,0.8413665793910706,0.8772464807294528,0.9025974025974026,0.9052092935743407,"{'C': 10.0, 'solver': 'lbfgs'}","['mfcc_mean', 'spec_kurtosis', 'mfcc_var', 'mfcc_std', 'wav_approx_std']",0.7288135593220338,0.6595092024539877,0.8143939393939394,0.833324436401902,0.8775804128660586,0.8805394990366089,0.8746411483253589,0.8864411752766314,0.962934061646508,0.9840510366826156,0.9427043544690603,0.9958622690444886
LR,0.8563014158604544,0.8453311792393353,0.8702139707557665,0.9113827349121467,0.910238944317916,"{'C': 1.0, 'solver': 'lbfgs'}","['mfcc_mean', 'NDSI', 'mfcc_1', 'wav_approx_std']",0.7040280210157618,0.6547231270358306,0.7613636363636364,0.8042247370197898,0.8894184938036225,0.886039886039886,0.8928229665071771,0.9284502056116691,0.975457732761979,0.9952305246422893,0.9564553093964858,0.9980418903222887
LR,0.8558225271128871,0.8391556443778301,0.880862584268157,0.9067990832696715,0.9148332632261503,"{'C': 10.0, 'solver': 'lbfgs'}","['mfcc_mean', 'NDSI', 'mfcc_var', 'mfcc_std']",0.7128712871287128,0.631578947368421,0.8181818181818182,0.8171655905032353,0.8818973862536302,0.8922624877571009,0.8717703349282296,0.9293264862930238,0.9726989079563183,0.9936254980079682,0.9526355996944232,0.9980077128821919
LR,0.8554697880372203,0.8401035605580974,0.8769891529179454,0.9025974025974026,0.9003469060403478,"{'C': 10.0, 'solver': 'lbfgs'}","['spec_skew', 'spec_kurtosis', 'mfcc_var', 'mfcc_std', 'wav_approx_std']",0.7251264755480608,0.6534954407294833,0.8143939393939394,0.8181360301767525,0.8771084337349397,0.883495145631068,0.8708133971291866,0.8867560966418204,0.9641744548286605,0.9833200953137411,0.9457601222307105,0.9961485913024706
LR,0.8551880720248778,0.8397040153179501,0.8769891529179454,0.9025974025974026,0.8961763003335399,"{'C': 10.0, 'solver': 'lbfgs'}","['spec_skew', 'mfcc_1', 'wav_approx_std']",0.7239057239057239,0.6515151515151515,0.8143939393939394,0.8062270079201246,0.8771084337349397,0.883495145631068,0.8708133971291866,0.8861565709174818,0.9645500584339696,0.9841017488076311,0.9457601222307105,0.9961453221630135
LR,0.8550903269179125,0.8442105566425823,0.8688870125402633,0.9110007639419404,0.9104298652544532,"{'C': 1.0, 'solver': 'lbfgs'}","['mfcc_mean', 'NDSI', 'mfcc_var', 'wav_approx_std']",0.7005253940455342,0.6514657980456026,0.7575757575757576,0.8037793291353525,0.8888888888888888,0.8859315589353612,0.8918660287081339,0.9294452003336531,0.9758566978193146,0.9952343129467831,0.9572192513368984,0.9980650662943542
LR,0.8548869322367018,0.8422397356399115,0.8713378812450019,0.9041252864782277,0.9013006567242473,"{'C': 10.0, 'solver': 'lbfgs'}","['mfcc_mean', 'mfcc_var', 'mfcc_std', 'wav_approx_std']",0.7197231833910035,0.6624203821656051,0.7878787878787878,0.8190961741262823,0.8795007201152184,0.882466281310212,0.876555023923445,0.8886492218052423,0.9654368932038835,0.9818325434439179,0.9495798319327731,0.9961565742412174
LR,0.8548774054707563,0.839300816473342,0.8769248209650687,0.9025974025974026,0.8977942679407572,"{'C': 1.0, 'solver': 'lbfgs'}","['spec_skew', 'spec_kurtosis', 'mfcc_1', 'wav_approx_std']",0.7226890756302521,0.649546827794562,0.8143939393939394,0.8060085813097252,0.8769898697539797,0.8842412451361867,0.8698564593301435,0.8912148514253277,0.9649532710280374,0.9841143764892772,0.946524064171123,0.9961593710872185
LR,0.8548161105882052,0.8439288470371479,0.8686323652267923,0.9106187929717342,0.9106762754843579,"{'C': 10.0, 'solver': 'lbfgs'}","['mfcc_mean', 'NDSI', 'mfcc_std', 'wav_approx_std']",0.7005253940455342,0.6514657980456026,0.7575757575757576,0.8038528266698426,0.888465204957102,0.8850902184235517,0.8918660287081339,0.9301329251035199,0.975457732761979,0.9952305246422893,0.9564553093964858,0.9980430746797111
LR,0.8545701596256698,0.8387610145468133,0.877040194068058,0.9014514896867838,0.8972159378920113,"{'C': 1.0, 'solver': 'lbfgs'}","['spec_skew', 'mfcc_std', 'wav_approx_std']",0.7248322147651006,0.6506024096385542,0.8181818181818182,0.8052019694100994,0.8754826254826255,0.8831548198636806,0.8679425837320575,0.8904592399988868,0.9633956386292835,0.982525814138205,0.944996180290298,0.9959866042670479
LR,0.8541104128369262,0.8369454820250346,0.8792587529429635,0.8850267379679144,0.8868226988841234,"{'C': 10.0, 'solver': 'lbfgs'}","['mfcc_1', 'mfcc_var']",0.7746243739565943,0.6925373134328359,0.8787878787878788,0.7847197255534255,0.8512110726643599,0.8803680981595092,0.8239234449760765,0.889768551055931,0.936495791889824,0.9379310344827586,0.935064935064935,0.9859798200430135
LR,0.8540565338832069,0.8385364532601978,0.8759062317111853,0.9010695187165776,0.8969642408268893,"{'C': 10.0, 'solver': 'lbfgs'}","['spec_kurtosis', 'mfcc_var', 'mfcc_std', 'wav_approx_std']",0.7239057239057239,0.6515151515151515,0.8143939393939394,0.8179094770595295,0.8753009147809341,0.8808139534883721,0.8698564593301435,0.8771918307909586,0.9629629629629629,0.98328025477707,0.9434682964094728,0.9957914146301801
LR,0.8539610527377849,0.8367212352634729,0.8792816488636922,0.8968678380443086,0.9001439826883594,"{'C': 1.0, 'solver': 'lbfgs'}","['mfcc_mean', 'spec_kurtosis', 'mfcc_std']",0.7342192691029901,0.6538461538461539,0.8371212121212122,0.8178961027965563,0.8709369024856597,0.8701050620821394,0.8717703349282296,0.887541625054825,0.956726986624705,0.986212489862125,0.9289533995416348,0.9949942202136969
LR,0.8538116659701359,0.8382601709053009,0.8757159163505913,0.9006875477463713,0.896424855988169,"{'C': 0.1, 'solver': 'lbfgs'}","['spec_skew', 'mfcc_var', 'wav_approx_std']",0.7239057239057239,0.6515151515151515,0.8143939393939394,0.8049693877497818,0.875,0.8792270531400966,0.8708133971291866,0.8890657412488594,0.9625292740046838,0.9840383080606544,0.9419404125286478,0.9952394389658662
LR,0.8536783635049989,0.8380308456941425,0.876187460630185,0.9037433155080213,0.9110158749152069,"{'C': 10.0, 'solver': 'lbfgs'}","['spec_skew', 'spec_kurtosis', 'NDSI', 'wav_approx_std', 'mfcc_2']",0.7135678391959799,0.6396396396396397,0.8068181818181818,0.8345963312038878,0.8791946308724832,0.8808837656099904,0.877511961722488,0.9030267049497692,0.9682726204465335,0.9935691318327974,0.9442322383498855,0.9954245885919633
LR,0.8535363001411403,0.8397378375073078,0.8724340932545266,0.9067990832696715,0.9101581841083694,"{'C': 10.0, 'solver': 'lbfgs'}","['mfcc_mean', 'NDSI', 'mfcc_std']",0.7052810902896082,0.6408668730650154,0.7840909090909091,0.801739767257239,0.8830297219558965,0.8847262247838616,0.8813397129186603,0.9307245541523737,0.9722980881779165,0.9936204146730463,0.9518716577540107,0.9980102309154951
LR,0.8534703969363382,0.8378418112290179,0.8755872524448375,0.9006875477463713,0.8936942289040705,"{'C': 1.0, 'solver': 'lbfgs'}","['spec_kurtosis', 'mfcc_1', 'wav_approx_std']",0.7226890756302521,0.649546827794562,0.8143939393939394,0.8058917358124711,0.8747591522157996,0.8806983511154219,0.8688995215311005,0.8795056311574276,0.9629629629629629,0.98328025477707,0.9434682964094728,0.9956853197423127
LR,0.853454431270973,0.8398158454864721,0.872125724292907,0.9079449961802903,0.9096946244742018,"{'C': 10.0, 'solver': 'lbfgs'}","['mfcc_mean', 'NDSI', 'mfcc_1']",0.7018739352640545,0.6377708978328174,0.7803030303030303,0.800777342447712,0.8841902931283037,0.888030888030888,0.8803827751196173,0.9302738019102609,0.9742990654205608,0.9936457505957109,0.9556913674560733,0.9980327290646327
LR,0.853404545189706,0.837962608219026,0.8752788834832179,0.9018334606569901,0.8967340336488389,"{'C': 10.0, 'solver': 'lbfgs'}","['spec_skew', 'spec_kurtosis', 'mfcc_var', 'wav_approx_std']",0.719327731092437,0.6465256797583081,0.8106060606060606,0.8051124629525681,0.8759053597295993,0.8840155945419104,0.8679425837320575,0.8888571431277543,0.9649805447470817,0.9833465503568596,0.9472880061115355,0.9962324948661944
LR,0.8530428448685994,0.8352183307338071,0.8798419846407463,0.8964858670741024,0.8985494279214912,"{'C': 1.0, 'solver': 'lbfgs'}","['mfcc_mean', 'spec_kurtosis', 'mfcc_var']",0.7314662273476112,0.6472303206997084,0.8409090909090909,0.8141135795450939,0.870148538572113,0.8714011516314779,0.8688995215311005,0.8865617184818422,0.957513768686074,0.9870235198702352,0.9297173414820473,0.9949729857375376
LR,0.8529302194264545,0.83892129065504,0.872305429348773,0.9067990832696715,0.9101305711019179,"{'C': 10.0, 'solver': 'lbfgs'}","['mfcc_mean', 'NDSI', 'mfcc_var']",0.7028862478777589,0.6369230769230769,0.7840909090909091,0.8011037715861022,0.882804995196926,0.8862102217936355,0.8794258373205741,0.9312348198805384,0.9730994152046784,0.9936305732484076,0.9533995416348358,0.9980531218391132
LR,0.8525480830818225,0.8370821574424007,0.8744506095899284,0.9006875477463713,0.8979029234178784,"{'C': 1.0, 'solver': 'lbfgs'}","['spec_skew', 'spec_kurtosis', 'mfcc_std', 'wav_approx_std']",0.719327731092437,0.6465256797583081,0.8106060606060606,0.8046557792657628,0.8745173745173745,0.8821811100292113,0.8669856459330143,0.8929377624571793,0.9637991436356559,0.9825396825396825,0.9457601222307105,0.9961152285306931
LR,0.8523039023007151,0.8368005867053573,0.8742602942293346,0.900305576776165,0.893624178197235,"{'C': 1.0, 'solver': 'lbfgs'}","['spec_kurtosis', 'mfcc_std', 'wav_approx_std']",0.719327731092437,0.6465256797583081,0.8106060606060606,0.8046656396320485,0.8742168674698795,0.8805825242718447,0.8679425837320575,0.8805699517943275,0.9633671083398285,0.9832935560859188,0.9442322383498855,0.9956369431653289
LR,0.8522300684952585,0.834606534571691,0.8777202587574103,0.8812070282658518,0.912261336507124,"{'C': 1.0, 'solver': 'lbfgs'}","['mfcc_1', 'mfcc_std']",0.7779632721202003,0.6955223880597015,0.8825757575757576,0.8891407513220171,0.8474409448818898,0.8723404255319149,0.8239234449760765,0.8713376026822219,0.9312859884836853,0.9359567901234568,0.9266615737203973,0.976305655517133
LR,0.8517198411602361,0.8364479686581343,0.8732523152801791,0.900305576776165,0.8920334599756594,"{'C': 10.0, 'solver': 'lbfgs'}","['spec_kurtosis', 'mfcc_var', 'wav_approx_std']",0.7171717171717171,0.6454545454545455,0.8068181818181818,0.8052479146360377,0.8742168674698795,0.8805825242718447,0.8679425837320575,0.8750808776756863,0.9637709388391118,0.9833068362480127,0.944996180290298,0.9957715876152543
LR,0.8514742666103441,0.8413709695529973,0.8640460330862808,0.9041252864782277,0.8934619157637197,"{'C': 1.0, 'solver': 'lbfgs'}","['mfcc_mean', 'wav_approx_std']",0.7067137809187279,0.6622516556291391,0.7575757575757576,0.8045471361346582,0.8808732795443759,0.8738229755178908,0.8880382775119617,0.8799301770278503,0.9668357393679282,0.9880382775119617,0.946524064171123,0.9959084341286503
LR,0.8509734383535955,0.8325993956294168,0.8792550672581632,0.894576012223071,0.8979761277039909,"{'C': 1.0, 'solver': 'lbfgs'}","['mfcc_mean', 'spec_kurtosis', 'mfcc_1']",0.7287581699346405,0.6408045977011494,0.8446969696969697,0.811411297493093,0.8674351585014409,0.8707810993249759,0.8641148325358852,0.8874771479727028,0.956726986624705,0.986212489862125,0.9289533995416348,0.9950399376461767
LR,0.8506643784370005,0.84171523885195,0.8617913991753001,0.904507257448434,0.8881808311797353,"{'C': 1.0, 'solver': 'lbfgs'}","['wav_approx_std', 'mfcc_2']",0.7023172905525846,0.6632996632996633,0.7462121212121212,0.7974813532500122,0.882186616399623,0.8690807799442897,0.8956937799043062,0.8716065005519226,0.9674892283587936,0.9927652733118971,0.9434682964094728,0.9954546397372713
LR,0.8504555775520523,0.8367028073331783,0.8692496615871229,0.9022154316271963,0.8915883842837666,"{'C': 10.0, 'solver': 'lbfgs'}","['spec_skew', 'spec_kurtosis', 'NDSI', 'wav_approx_std']",0.7064846416382252,0.6428571428571429,0.7840909090909091,0.8076168577667368,0.87774594078319,0.8760724499523356,0.8794258373205741,0.8715179358490415,0.9671361502347418,0.9911788291900562,0.9442322383498855,0.9956303592355216
LR,0.8502649225994993,0.8309719867657067,0.8843936936816194,0.9018334606569901,0.8954172064767678,"{'C': 10.0, 'solver': 'lbfgs'}","['spec_kurtosis', 'NDSI', 'mfcc_1']",0.7032967032967034,0.6005361930294906,0.8484848484848485,0.7959475990128616,0.8740813326800588,0.8955823293172691,0.8535885167464115,0.8924709630506973,0.9734167318217357,0.9967974379503602,0.9511077158135982,0.9978330573667447
LR,0.8500948236882139,0.8315799425237681,0.8788717560389387,0.8941940412528648,0.89878663589769,"{'C': 0.1, 'solver': 'lbfgs'}","['mfcc_mean', 'spec_kurtosis', 'mfcc_var', 'mfcc_std']",0.7263843648208469,0.6371428571428571,0.8446969696969697,0.8161368844330007,0.8667628667628667,0.8713733075435203,0.8622009569377991,0.8854591365261428,0.957137239480928,0.986223662884927,0.9297173414820473,0.9947638867339267
LR,0.8498851059554217,0.8364821548092044,0.8680513672773734,0.9018334606569901,0.8922607079588531,"{'C': 1.0, 'solver': 'lbfgs'}","['spec_skew', 'wav_approx_std']",0.7054794520547946,0.64375,0.7803030303030303,0.8100620542483452,0.8774439675727229,0.8745247148288974,0.8803827751196173,0.8714643192687194,0.9667318982387475,0.9911717495987159,0.9434682964094728,0.9952557503594948
LR,0.8497922721179286,0.8348508579887756,0.8713352007469655,0.904507257448434,0.8904963390497485,"{'C': 10.0, 'solver': 'lbfgs'}","['NDSI', 'mfcc_1']",0.6968174204355109,0.6246246246246246,0.7878787878787878,0.7565813906555443,0.8794599807135969,0.8862973760932945,0.8727272727272727,0.9168873955484644,0.9730994152046784,0.9936305732484076,0.9533995416348358,0.9980202309452366
LR,0.8493069317771234,0.8309591491761141,0.878453374970403,0.8957219251336899,0.8879973017946767,"{'C': 0.1, 'solver': 'lbfgs'}","['mfcc_mean', 'spec_kurtosis']",0.7175324675324676,0.6278409090909091,0.8371212121212122,0.7940784148836334,0.8695652173913043,0.8683206106870229,0.8708133971291866,0.8754821668891498,0.9608231104075979,0.9967159277504105,0.9274255156608098,0.9944313236112469
LR,0.8492637571301312,0.8305323733390955,0.8795230053743985,0.8961038961038961,0.8898854488905467,"{'C': 10.0, 'solver': 'lbfgs'}","['mfcc_mean', 'spec_skew']",0.7161290322580646,0.6235955056179775,0.8409090909090909,0.7936584346656661,0.8696069031639502,0.8712776176753122,0.8679425837320575,0.8809957959184725,0.9620553359683794,0.9967239967239967,0.9297173414820473,0.9950021160875012
LR,0.8490007682957397,0.8352352833717474,0.8679227033716197,0.9018334606569901,0.8931982009035732,"{'C': 1.0, 'solver': 'lbfgs'}","['spec_skew', 'NDSI', 'wav_approx_std']",0.7018739352640545,0.6377708978328174,0.7803030303030303,0.8067200655368778,0.8772097467749642,0.8759541984732825,0.8784688995215311,0.8773179270559321,0.9679186228482003,0.991980753809142,0.944996180290298,0.9955566101179092
LR,0.8487977113563602,0.8333987540624909,0.8711236647769156,0.9010695187165776,0.9085161339868887,"{'C': 10.0, 'solver': 'lbfgs'}","['spec_skew', 'NDSI', 'wav_approx_std', 'mfcc_2']",0.7023411371237458,0.6287425149700598,0.7954545454545454,0.8292992177842436,0.875779376498801,0.8778846153846154,0.8736842105263158,0.9007451946209261,0.9682726204465335,0.9935691318327974,0.9442322383498855,0.9955039895554962
LR,0.8483329304063862,0.83022001471832,0.8786674797510711,0.9018334606569901,0.8983025654628899,"{'C': 1.0, 'solver': 'lbfgs'}","['spec_skew', 'NDSI', 'mfcc_1']",0.6964856230031949,0.6022099447513812,0.8257575757575758,0.797817592184103,0.8746952705997074,0.8916500994035785,0.8583732057416268,0.8992117412170227,0.9738178976162564,0.9968,0.9518716577540107,0.9978783629875437
LR,0.8479523656000493,0.832450902243532,0.8705500381970969,0.900305576776165,0.9089048457095287,"{'C': 1.0, 'solver': 'lbfgs'}","['spec_kurtosis', 'NDSI', 'wav_approx_std', 'mfcc_2']",0.7011686143572621,0.6268656716417911,0.7954545454545454,0.8281468942632559,0.874820143884892,0.8769230769230769,0.8727272727272727,0.9032624722467919,0.9678683385579937,0.9935639581657281,0.9434682964094728,0.9953051706185382
LR,0.8479375985243589,0.8303677268498649,0.8768418372133543,0.9022154316271963,0.9014905522650878,"{'C': 10.0, 'solver': 'lbfgs'}","['spec_skew', 'spec_kurtosis', 'NDSI', 'mfcc_1']",0.6945337620578779,0.6033519553072626,0.8181818181818182,0.7971504384923987,0.875,0.8933200398803589,0.8574162679425837,0.9092126276228517,0.9742790335151987,0.994431185361973,0.9549274255156608,0.9981085906800129
LR,0.8478190890369044,0.8352453012663154,0.8645824677558424,0.9010695187165776,0.8912127130914079,"{'C': 1.0, 'solver': 'lbfgs'}","['spec_kurtosis', 'wav_approx_std']",0.7,0.6424050632911392,0.7689393939393939,0.8077854829353571,0.8767253688719657,0.8721590909090909,0.8813397129186603,0.8706528293007986,0.9667318982387475,0.9911717495987159,0.9434682964094728,0.9951998270380681
LR,0.8476586493866897,0.8324637339720654,0.8696063912008184,0.900305576776165,0.907795878547522,"{'C': 10.0, 'solver': 'lbfgs'}","['NDSI', 'wav_approx_std', 'mfcc_2']",0.7001675041876047,0.6276276276276276,0.7916666666666666,0.8271852037215134,0.8749401054144705,0.8761996161228407,0.8736842105263158,0.9006876736733376,0.9678683385579937,0.9935639581657281,0.9434682964094728,0.9955147582477151
LR,0.847544273868154,0.834471573870601,0.8652071354857732,0.9006875477463713,0.8922259804961206,"{'C': 1.0, 'solver': 'lbfgs'}","['spec_skew', 'spec_kurtosis', 'wav_approx_std']",0.6998284734133791,0.6394984326018809,0.7727272727272727,0.8100086781145794,0.8760724499523356,0.8727445394112061,0.8794258373205741,0.8714725555023616,0.9667318982387475,0.9911717495987159,0.9434682964094728,0.9951967078714204
LR,0.847391845135816,0.8369461546429813,0.8604192075554306,0.9014514896867838,0.8876334290778279,"{'C': 10.0, 'solver': 'lbfgs'}","['mfcc_std', 'wav_approx_std']",0.6994727592267135,0.6524590163934426,0.7537878787878788,0.7930858265075078,0.8764367816091954,0.8772770853307766,0.8755980861244019,0.8736897413524567,0.9662659945715394,0.9811023622047244,0.9518716577540107,0.9961247193735194
LR,0.8470875502926242,0.8366495912934436,0.8601002282890828,0.9010695187165776,0.893009898756497,"{'C': 1.0, 'solver': 'lbfgs'}","['mfcc_1', 'wav_approx_std']",0.6994727592267135,0.6524590163934426,0.7537878787878788,0.7949298502007771,0.8758984187829421,0.8771593090211133,0.8746411483253589,0.8879752987524482,0.9658914728682171,0.980330448465775,0.9518716577540107,0.9961245473162659
LR,0.8470529538761488,0.8359562821514331,0.8615638919044493,0.900305576776165,0.8927487467360282,"{'C': 1.0, 'solver': 'lbfgs'}","['mfcc_mean', 'NDSI', 'wav_approx_std']",0.6993006993006993,0.6493506493506493,0.7575757575757576,0.8039934691559718,0.8768286927796131,0.8649906890130353,0.8889952153110048,0.8780975732393488,0.9650294695481336,0.9935275080906149,0.9381207028265852,0.9961551978127642
LR,0.8470010057918023,0.8287105162654639,0.8761694789558567,0.8941940412528648,0.8891493652179783,"{'C': 0.1, 'solver': 'lbfgs'}","['mfcc_mean', 'spec_skew', 'spec_kurtosis']",0.713128038897893,0.623229461756374,0.8333333333333334,0.7931210200246097,0.8674006701771182,0.867816091954023,0.8669856459330143,0.8796485940014432,0.9604743083003953,0.995085995085995,0.9281894576012223,0.9946784816278819
LR,0.8468824476964921,0.8360007805551334,0.8605989126112966,0.900305576776165,0.8962670426066293,"{'C': 10.0, 'solver': 'lbfgs'}","['mfcc_mean', 'mfcc_var', 'wav_approx_std']",0.7005253940455342,0.6514657980456026,0.7575757575757576,0.8035597035386253,0.8750598372426999,0.8754789272030651,0.8746411483253589,0.8890917260654991,0.9650621118012422,0.9810576164167324,0.9495798319327731,0.9961496982157636
LR,0.8468824476964921,0.8360007805551334,0.8605989126112966,0.900305576776165,0.8969903549737213,"{'C': 10.0, 'solver': 'lbfgs'}","['mfcc_mean', 'mfcc_std', 'wav_approx_std']",0.7005253940455342,0.6514657980456026,0.7575757575757576,0.803937933548058,0.8750598372426999,0.8754789272030651,0.8746411483253589,0.8908827413247046,0.9650621118012422,0.9810576164167324,0.9495798319327731,0.9961503900484013
LR,0.8468727119401782,0.8358386147699804,0.8608535599247674,0.9006875477463713,0.895842471476371,"{'C': 10.0, 'solver': 'lbfgs'}","['mfcc_mean', 'mfcc_1', 'wav_approx_std']",0.6993006993006993,0.6493506493506493,0.7575757575757576,0.803693611702202,0.8754789272030651,0.8763183125599233,0.8746411483253589,0.8876599093594162,0.9658385093167702,0.9818468823993686,0.9503437738731857,0.9961738933674947
LR,0.8468425668012193,0.8283149917608742,0.8805361219447906,0.9014514896867838,0.8894161703175779,"{'C': 10.0, 'solver': 'lbfgs'}","['spec_skew', 'spec_kurtosis', 'NDSI', 'mfcc_var', 'mfcc_std']",0.6917057902973396,0.5893333333333334,0.8371212121212122,0.7572306032706585,0.8725296442687747,0.9019407558733401,0.8449760765550239,0.9128411822196365,0.9762922658375437,0.9936708860759493,0.959511077158136,0.9981767254624385
LR,0.8467738014689377,0.836744192203208,0.8591565812928043,0.9010695187165776,0.8922316271869368,"{'C': 1.0, 'solver': 'lbfgs'}","['mfcc_var', 'wav_approx_std']",0.6984126984126984,0.6534653465346535,0.75,0.7933971948721578,0.8760172331258975,0.8764367816091954,0.8755980861244019,0.8872062011271128,0.9658914728682171,0.980330448465775,0.9518716577540107,0.9960914855615401
LR,0.8463770841439578,0.8266566453952784,0.8834745062299243,0.8983957219251337,0.880709180843271,"{'C': 10.0, 'solver': 'lbfgs'}","['spec_kurtosis', 'NDSI', 'mfcc_var', 'mfcc_std']",0.6975308641975309,0.5885416666666666,0.8560606060606061,0.7520558873904862,0.8689655172413793,0.8954314720812183,0.8440191387559809,0.8922409607000267,0.9726348709929633,0.9959967974379503,0.9503437738731857,0.9978306944393
LR,0.8462060851510143,0.8358294656352498,0.8594298804051127,0.9018334606569901,0.8863988214242738,"{'C': 1.0, 'solver': 'lbfgs'}","['NDSI', 'wav_approx_std']",0.6924428822495606,0.6459016393442623,0.7462121212121212,0.790273334561784,0.8782567503552818,0.8696060037523452,0.8870813397129187,0.8734116643730072,0.9679186228482003,0.991980753809142,0.944996180290298,0.9955114653380306
LR,0.8447383477753845,0.8349372413591404,0.8570843329357262,0.8999236058059588,0.8815556408850115,"{'C': 10.0, 'solver': 'lbfgs'}",['wav_approx_std'],0.6925795053003534,0.6490066225165563,0.7424242424242424,0.7897234077985258,0.8760643330179754,0.8662301216089804,0.8861244019138756,0.8594709000198546,0.9655712050078247,0.9895749799518845,0.9427043544690603,0.9954726148366542
LR,0.8443946856701111,0.830250446871593,0.8643470306783,0.8949579831932774,0.8931082952698467,"{'C': 10.0, 'solver': 'lbfgs'}","['mfcc_mean', 'NDSI']",0.7028862478777589,0.6369230769230769,0.7840909090909091,0.801066599902105,0.8697299857887257,0.8611632270168855,0.8784688995215311,0.8823372824813379,0.9605678233438486,0.9926650366748166,0.93048128342246,0.9959210034260974
LR,0.844139397526796,0.8269440466559398,0.8702693677151881,0.891520244461421,0.9075573234159711,"{'C': 10.0, 'solver': 'lbfgs'}","['mfcc_mean', 'mfcc_var', 'mfcc_std']",0.7126436781609196,0.6289855072463768,0.821969696969697,0.8174182836587961,0.8622696411251213,0.8741396263520157,0.8507177033492823,0.9104961104679145,0.957504873294347,0.9777070063694268,0.9381207028265852,0.9947575761212025
LR,0.8440665948812341,0.8304981184269061,0.8628589075183503,0.8991596638655462,0.8926345750930104,"{'C': 1.0, 'solver': 'lbfgs'}","['spec_kurtosis', 'NDSI', 'wav_approx_std']",0.6904761904761905,0.6265432098765432,0.7689393939393939,0.8046800036234784,0.8738049713193117,0.8729703915950334,0.8746411483253589,0.877698360240992,0.9679186228482003,0.991980753809142,0.944996180290298,0.9955253614145605
LR,0.8433702567111071,0.8246351124538437,0.8771103337666806,0.8976317799847212,0.8821299708126702,"{'C': 10.0, 'solver': 'lbfgs'}","['spec_skew', 'NDSI', 'mfcc_var', 'mfcc_std']",0.6885758998435054,0.5866666666666667,0.8333333333333334,0.7576547979395396,0.8684985279685966,0.8912386706948641,0.84688995215311,0.8908801008463484,0.9730363423212193,0.996,0.9511077158135982,0.9978550136521226
LR,0.8430472946260955,0.8282407270964885,0.8637281706941149,0.891520244461421,0.899373838092678,"{'C': 0.1, 'solver': 'lbfgs'}","['mfcc_mean', 'mfcc_std']",0.7094594594594594,0.6402439024390244,0.7954545454545454,0.7959176248054249,0.8633301251203079,0.8683446272991288,0.8583732057416268,0.9075039892800989,0.9563522992985191,0.9761336515513126,0.9373567608861727,0.9946999001925101
LR,0.8427488663957164,0.8275093086786036,0.8643528384240459,0.8911382734912147,0.8983632844129102,"{'C': 0.1, 'solver': 'lbfgs'}","['mfcc_mean', 'mfcc_var']",0.7092436974789916,0.6374622356495468,0.7992424242424242,0.7928870632849164,0.8626506024096385,0.8689320388349514,0.8564593301435407,0.9074997914375519,0.9563522992985191,0.9761336515513126,0.9373567608861727,0.9947029985162625
LR,0.842673568396194,0.825238897774109,0.8725286924977328,0.8995416348357524,0.8851790943630413,"{'C': 10.0, 'solver': 'lbfgs'}","['spec_skew', 'spec_kurtosis', 'NDSI', 'mfcc_var']",0.6815286624203821,0.5879120879120879,0.8106060606060606,0.7507346228230475,0.8710152035311427,0.8933601609657947,0.8497607655502393,0.9065956154006052,0.9754768392370572,0.9944444444444445,0.9572192513368984,0.9982070448654712
LR,0.8418727713463349,0.8261217279826032,0.864658526887629,0.8903743315508021,0.8976154079224369,"{'C': 0.1, 'solver': 'lbfgs'}","['mfcc_mean', 'mfcc_1']",0.7078464106844741,0.6328358208955224,0.803030303030303,0.7893970311698681,0.8614196040560116,0.8693957115009746,0.8535885167464115,0.9087396772520923,0.9563522992985191,0.9761336515513126,0.9373567608861727,0.9947095153453503
LR,0.8411183869570946,0.8232780867041153,0.8720087875660631,0.8972498090145149,0.8808424714766735,"{'C': 10.0, 'solver': 'lbfgs'}","['spec_skew', 'NDSI', 'mfcc_var']",0.6814580031695721,0.5858310626702997,0.8143939393939394,0.7511226532174405,0.8684596577017115,0.888,0.8497607655502393,0.893516856255069,0.9734375,0.9960031974420464,0.9518716577540107,0.9978879049575108
LR,0.8406456302374806,0.8243771407171486,0.8645862651280608,0.8884644766997708,0.899047222690172,"{'C': 0.1, 'solver': 'lbfgs'}",['mfcc_mean'],0.707641196013289,0.6301775147928994,0.8068181818181818,0.7864090615355307,0.8597502401536984,0.863066538090646,0.8564593301435407,0.9158544517206212,0.9545454545454546,0.9798873692679002,0.93048128342246,0.9948781548143643
LR,0.8378567719626023,0.821447775200007,0.865207582235446,0.8976317799847212,0.882829600000616,"{'C': 1.0, 'solver': 'lbfgs'}","['spec_skew', 'spec_kurtosis', 'NDSI', 'mfcc_std']",0.6688102893890675,0.5810055865921788,0.7878787878787878,0.7485720094453578,0.8688845401174168,0.8888888888888888,0.8497607655502393,0.9017626554178785,0.9758754863813229,0.9944488501189532,0.957983193277311,0.9981541351386118
LR,0.8375375492014167,0.8199347826086957,0.8682719499282966,0.8949579831932774,0.877923841208445,"{'C': 1.0, 'solver': 'lbfgs'}","['spec_kurtosis', 'NDSI', 'mfcc_var']",0.6740506329113924,0.5788043478260869,0.8068181818181818,0.7485783640061414,0.8655256723716381,0.885,0.84688995215311,0.8873513107913037,0.9730363423212193,0.996,0.9511077158135982,0.99784184882789
LR,0.8344334693471337,0.8175106542647804,0.8634760921912624,0.8938120702826585,0.8801826435736165,"{'C': 10.0, 'solver': 'lbfgs'}","['spec_skew', 'NDSI', 'mfcc_std']",0.6656050955414012,0.5741758241758241,0.7916666666666666,0.7496241623500938,0.8642578125,0.8823529411764706,0.84688995215311,0.8930614163434598,0.9734375,0.9960031974420464,0.9518716577540107,0.997862352027296
LR,0.8336569846747648,0.8164804689522382,0.8635914652942517,0.8926661573720397,0.8791519871657236,"{'C': 10.0, 'solver': 'lbfgs'}","['spec_kurtosis', 'NDSI', 'mfcc_std']",0.6656101426307448,0.5722070844686649,0.7954545454545454,0.7517437005920531,0.8627259404005863,0.8812375249500998,0.8449760765550239,0.8878680673831844,0.9726348709929633,0.9959967974379503,0.9503437738731857,0.9978441935219333
LR,0.8299261373144237,0.8145991296504936,0.854270368434455,0.891520244461421,0.871361846768493,"{'C': 0.1, 'solver': 'lbfgs'}","['NDSI', 'mfcc_std']",0.6557911908646004,0.5759312320916905,0.7613636363636364,0.7000977713450264,0.8625363020329139,0.8726738491674828,0.8526315789473684,0.9159859743498158,0.9714509190457568,0.9951923076923077,0.9488158899923606,0.9980017946106371
LR,0.8251955027568697,0.8090868303112536,0.8529035378106586,0.8877005347593583,0.8703474525194889,"{'C': 0.1, 'solver': 'lbfgs'}","['NDSI', 'mfcc_var', 'mfcc_std']",0.6475279106858054,0.559228650137741,0.7689393939393939,0.6997071264615969,0.8565853658536585,0.8736318407960199,0.8401913875598086,0.9133186668689557,0.971473231731145,0.9944,0.9495798319327731,0.9980165642279142
LR,0.8251162741802287,0.8092534746185338,0.8523405215355679,0.8884644766997708,0.8698190135475509,"{'C': 1.0, 'solver': 'lbfgs'}","['NDSI', 'mfcc_var']",0.645367412140575,0.5580110497237569,0.7651515151515151,0.6988411439273747,0.8572825024437928,0.8761238761238761,0.8392344497607656,0.9125634762209872,0.9726989079563183,0.9936254980079682,0.9526355996944232,0.9980524204942908
LR,0.7773371061625888,0.7633888700199457,0.8117807888705721,0.8498854087089381,0.7673156883985516,"{'C': 10.0, 'solver': 'lbfgs'}","['spec_skew', 'spec_kurtosis', 'mfcc_1']",0.5680473372781065,0.46601941747572817,0.7272727272727273,0.46512716496133066,0.8034017008504252,0.8417190775681341,0.7684210526315789,0.8430741628405571,0.9605622803592346,0.9824281150159745,0.9396485867074102,0.993745737393767
LR,0.7732349984024767,0.7593716084608749,0.8062103788883975,0.8460656990068754,0.7587701703364047,"{'C': 10.0, 'solver': 'lbfgs'}","['spec_skew', 'mfcc_1']",0.563338301043219,0.4643734643734644,0.7159090909090909,0.44308632970432815,0.79940268790443,0.83298755186722,0.7684210526315789,0.8404430004774126,0.956964006259781,0.9807538091419407,0.9343009931245225,0.9927811808274734
LR,0.7632027898902214,0.7499528048361582,0.8008148714031066,0.8357524828113063,0.7380405458235916,"{'C': 1.0, 'solver': 'lbfgs'}","['spec_skew', 'mfcc_var', 'mfcc_std']",0.5525179856115108,0.44547563805104406,0.7272727272727273,0.3938538151035675,0.783702213279678,0.8260869565217391,0.7454545454545455,0.8283620442010171,0.9533881707794751,0.9782958199356914,0.9297173414820473,0.9919057781661901
LR,0.7625660708663783,0.7499000418360059,0.7933672192960118,0.839572192513369,0.7423224378921988,"{'C': 1.0, 'solver': 'lbfgs'}","['spec_skew', 'spec_kurtosis', 'mfcc_std']",0.5402985074626866,0.4458128078817734,0.6856060606060606,0.4121240520483152,0.7912524850894632,0.8231644260599793,0.7617224880382775,0.8219298293122788,0.9561472200469852,0.980722891566265,0.9327731092436975,0.9929134323160026
LR,0.762263805682076,0.7493156474831623,0.7947962598117398,0.8376623376623377,0.7425601066945214,"{'C': 1.0, 'solver': 'lbfgs'}","['spec_skew', 'mfcc_var']",0.5443786982248521,0.44660194174757284,0.696969696969697,0.40379512295671466,0.7882411559541604,0.8222453222453222,0.7569377990430622,0.8319252104143969,0.954171562867215,0.9790996784565916,0.93048128342246,0.9919599867124527
LR,0.7616765071057948,0.7490102024545053,0.7956112429022646,0.8376623376623377,0.7571344208384231,"{'C': 10.0, 'solver': 'lbfgs'}","['spec_skew', 'spec_kurtosis', 'mfcc_var', 'mfcc_std']",0.5409356725146199,0.44047619047619047,0.7007575757575758,0.43992034421358606,0.7876061969015492,0.8242677824267782,0.754066985645933,0.8382646794655297,0.9564876519012152,0.9822866344605475,0.932009167303285,0.9932182388361538
LR,0.7615989907468065,0.7483003386335664,0.7976516603451588,0.8342245989304813,0.7542368267172875,"{'C': 1.0, 'solver': 'lbfgs'}","['spec_kurtosis', 'mfcc_1']",0.5523255813953488,0.4481132075471698,0.7196969696969697,0.4383066361031404,0.7816901408450704,0.823966065747614,0.7435406698564593,0.8336853553750748,0.95078125,0.9728217426059153,0.9297173414820473,0.9907184886736474
LR,0.7594192902476261,0.7466740193551087,0.7896197713535175,0.8357524828113063,0.7384716302608476,"{'C': 0.1, 'solver': 'lbfgs'}","['spec_skew', 'spec_kurtosis', 'mfcc_var']",0.5397301349325337,0.4466501240694789,0.6818181818181818,0.40855612566478805,0.7867063492063492,0.8166838311019567,0.7588516746411483,0.8154106135583181,0.9518213866039953,0.9766881028938906,0.9281894576012223,0.9914481515594367
LR,0.7565425277312573,0.7444654536196583,0.7847085405134941,0.8357524828113063,0.7427994872687238,"{'C': 1.0, 'solver': 'lbfgs'}","['spec_skew', 'mfcc_std']",0.5287009063444109,0.4396984924623116,0.6628787878787878,0.40353005254393226,0.7871287128712872,0.8153846153846154,0.7607655502392344,0.8329456011962133,0.9537979639780736,0.9783132530120482,0.93048128342246,0.9919228080660261
LR,0.7495335384654681,0.7376936783999909,0.7947925741269394,0.8200916730328495,0.7294869197340695,"{'C': 1.0, 'solver': 'lbfgs'}","['spec_kurtosis', 'mfcc_var', 'mfcc_std']",0.5444596443228454,0.4261241970021413,0.7537878787878788,0.3800243269135602,0.7580893682588598,0.8181818181818182,0.7062200956937799,0.81883508710503,0.946051602814699,0.9687750200160128,0.9243697478991597,0.9896013451836184
LR,0.7435103528831443,0.7319074257583494,0.7787505751902039,0.8200916730328495,0.7364217553238926,"{'C': 1.0, 'solver': 'lbfgs'}","['spec_kurtosis', 'mfcc_var']",0.5222381635581061,0.42032332563510394,0.6893939393939394,0.39576200864406386,0.762241292276628,0.8066239316239316,0.722488038277512,0.8238928555565106,0.946051602814699,0.9687750200160128,0.9243697478991597,0.9896104017711034
LR,0.7415903017258384,0.7301991333919499,0.7740323402088108,0.8200916730328495,0.7363487608494396,"{'C': 0.1, 'solver': 'lbfgs'}","['spec_kurtosis', 'mfcc_std']",0.5152838427947598,0.41843971631205673,0.6704545454545454,0.3969595156989907,0.7634354595680563,0.8033826638477801,0.7272727272727273,0.8225359754722106,0.946051602814699,0.9687750200160128,0.9243697478991597,0.9895507913771177
LR,0.6816273828636866,0.6816425129801343,0.7400809287032196,0.7509549274255156,0.809104844854494,"{'C': 1.0, 'solver': 'lbfgs'}","['spec_kurtosis', 'NDSI', 'mfcc_2']",0.48418491484184917,0.35663082437275984,0.7537878787878788,0.7277664678975296,0.668141592920354,0.7916120576671035,0.5779904306220096,0.7594706680331399,0.8925556408288565,0.8966846569005397,0.8884644766997708,0.9400773986328124
LR,0.6802261227031497,0.680331401233162,0.7380516800021444,0.7498090145148969,0.8082295825173379,"{'C': 1.0, 'solver': 'lbfgs'}","['spec_skew', 'spec_kurtosis', 'NDSI', 'mfcc_2']",0.4841075794621027,0.3574007220216607,0.75,0.7339007093378194,0.6655574043261231,0.7915567282321899,0.5741626794258373,0.7501760956279211,0.8910133843212237,0.8920367534456355,0.8899923605805958,0.9406119425862736
LR,0.6761977318918774,0.6750694707714433,0.7346179620173429,0.7440794499618029,0.810262577597218,"{'C': 1.0, 'solver': 'lbfgs'}","['spec_skew', 'NDSI', 'mfcc_2']",0.4794188861985472,0.35231316725978645,0.75,0.7343728739225928,0.6633825944170771,0.7749360613810742,0.5799043062200957,0.7560063465032607,0.8857917150600078,0.8979591836734694,0.8739495798319328,0.9404085123658005
LR,0.6627680275973958,0.6513937845207195,0.7043851831003534,0.7280366692131398,0.7014463739223809,"{'C': 0.1, 'solver': 'lbfgs'}",['mfcc_1'],0.4931129476584022,0.3874458874458874,0.678030303030303,0.4196984061017219,0.6286013619696176,0.6944444444444444,0.5741626794258373,0.7347470746327425,0.8665897731641676,0.8722910216718266,0.8609625668449198,0.9498936410326784
LR,0.6528687806319908,0.6428275329440943,0.711453321360442,0.7112299465240641,0.6753582150150043,"{'C': 10.0, 'solver': 'lbfgs'}","['mfcc_var', 'mfcc_std']",0.5050505050505051,0.3787878787878788,0.7575757575757576,0.37532685937822535,0.5977382875605816,0.6834975369458128,0.5311004784688995,0.7126049717669192,0.855817549284886,0.8661971830985915,0.8456837280366692,0.9381428138998683
LR,0.6328954158103451,0.623869893682801,0.6704777764375288,0.7039724980901452,0.6728138772655371,"{'C': 10.0, 'solver': 'lbfgs'}",['mfcc_var'],0.44474761255115963,0.34754797441364604,0.6174242424242424,0.38159791675222393,0.5981210855949896,0.6578645235361653,0.5483253588516747,0.6987009011445191,0.855817549284886,0.8661971830985915,0.8456837280366692,0.9381428138998683
LR,0.6272689742558683,0.6187623307863185,0.6590120577736677,0.7028265851795263,0.6733332674029234,"{'C': 1.0, 'solver': 'lbfgs'}",['mfcc_std'],0.426367461430575,0.33853006681514475,0.5757575757575758,0.38159791675222393,0.5990688049663735,0.652027027027027,0.554066985645933,0.7002590715566781,0.8563706563706563,0.8657298985167837,0.8472116119174943,0.9381428138998683
LR,0.6211636356495432,0.647688665212002,0.7136832723520031,0.6932773109243697,0.799223732649777,"{'C': 10.0, 'solver': 'lbfgs'}","['spec_skew', 'spec_kurtosis', 'mfcc_2']",0.4396039603960396,0.2975871313672922,0.8409090909090909,0.7111818161082775,0.5320987654320988,0.7495652173913043,0.41244019138755983,0.7401586505709701,0.8917881811204912,0.8959136468774094,0.8877005347593583,0.9463307312700836
LR,0.6095847177742156,0.6094740652217079,0.6857830851638901,0.6688311688311688,0.7891468376652763,"{'C': 1.0, 'solver': 'lbfgs'}","['NDSI', 'mfcc_2']",0.45916114790286977,0.32398753894080995,0.7878787878787878,0.7434586793227657,0.5286839145106862,0.6412005457025921,0.44976076555023925,0.6824364357880647,0.8409090909090909,0.8632341110217217,0.8197097020626433,0.9415453978849982
LR,0.6061282416640582,0.6307876201258588,0.6944175277766608,0.679144385026738,0.798555743049433,"{'C': 1.0, 'solver': 'lbfgs'}","['spec_kurtosis', 'mfcc_2']",0.41887905604719766,0.28286852589641437,0.8068181818181818,0.7158612809749851,0.5128518971848225,0.7113752122241087,0.40095693779904307,0.7342650152448289,0.8866537717601547,0.8981191222570533,0.8754774637127578,0.945540932928485
LR,0.6008948765276086,0.6243914485883374,0.6883245323647801,0.673414820473644,0.7962970788232416,"{'C': 1.0, 'solver': 'lbfgs'}","['spec_skew', 'mfcc_2']",0.4141315014720314,0.27947019867549666,0.7992424242424242,0.7153763231989886,0.505789152955515,0.6963087248322147,0.39712918660287083,0.7288613720690778,0.8827639751552795,0.8973954222573007,0.868601986249045,0.9446535412016585
LR,0.5630025716516976,0.6001824591623496,0.652107094831553,0.6424751718869366,0.6105574003968389,"{'C': 1.0, 'solver': 'lbfgs'}","['spec_skew', 'spec_kurtosis', 'NDSI']",0.3656307129798903,0.24096385542168675,0.7575757575757576,0.21883235051065728,0.44061302681992337,0.6621880998080614,0.33014354066985646,0.66220120230429,0.8827639751552795,0.8973954222573007,0.868601986249045,0.9506386483755694
LR,0.5562757418080562,0.5989507531937655,0.6407301676651521,0.6378915202444614,0.6195753153839554,"{'C': 1.0, 'solver': 'lbfgs'}","['spec_kurtosis', 'NDSI']",0.34657039711191334,0.22748815165876776,0.7272727272727273,0.20776632270793305,0.43915003219575016,0.6712598425196851,0.3263157894736842,0.7013518814674925,0.8831067961165049,0.8981042654028436,0.868601986249045,0.9496077419764406
LR,0.5533677638455553,0.5883494023210681,0.6341165971970925,0.6390374331550802,0.6010772571691003,"{'C': 10.0, 'solver': 'lbfgs'}","['spec_skew', 'spec_kurtosis']",0.3554274735830932,0.23809523809523808,0.7007575757575758,0.2166793743416453,0.4332688588007737,0.6640316205533597,0.3215311004784689,0.6661714017747008,0.8714069591527988,0.8629213483146068,0.880061115355233,0.9203809953909547
LR,0.5520381302391084,0.5977244002898098,0.6440709617180206,0.6325439266615738,0.6084365749028474,"{'C': 0.1, 'solver': 'lbfgs'}","['spec_skew', 'NDSI']",0.352112676056338,0.22935779816513763,0.7575757575757576,0.20774785833980167,0.42194644023514044,0.6646090534979424,0.3090909090909091,0.6707476054621224,0.8820552744258466,0.8992063492063492,0.865546218487395,0.9468142609066182
LR,0.52272177003629,0.5260220946269594,0.6205722639933166,0.5832696715049657,0.7517139544378427,"{'C': 1.0, 'solver': 'lbfgs'}",['mfcc_2'],0.4203187250996016,0.2851351351351351,0.7992424242424242,0.7189111084461965,0.3614163614163614,0.4991568296795953,0.2832535885167464,0.6168023721002405,0.7864302235929067,0.7937743190661478,0.7792207792207793,0.919428382767091
LR,0.505272391229482,0.5410007725378184,0.6058978774923047,0.5840336134453782,0.5869947951452459,"{'C': 0.1, 'solver': 'lbfgs'}",['NDSI'],0.33814783347493627,0.21796276013143484,0.7537878787878788,0.1899549293625555,0.328042328042328,0.5310492505353319,0.23732057416267943,0.623290611968771,0.8496270121711818,0.8739903069466882,0.826585179526356,0.947738844104411
LR,0.4932421959261992,0.5613024288551576,0.605798699064953,0.5889992360580596,0.595788390341886,"{'C': 1.0, 'solver': 'lbfgs'}",['spec_skew'],0.3196787148594378,0.20285423037716616,0.7537878787878788,0.19055215527188488,0.2857142857142857,0.609375,0.18660287081339713,0.6790962063677657,0.8743335872048743,0.8716780561883067,0.8770053475935828,0.9177168093860075
LR,0.4885879638231601,0.5538409061444804,0.5958342826763879,0.5878533231474408,0.5961744546796296,"{'C': 1.0, 'solver': 'lbfgs'}",['spec_kurtosis'],0.31327287716405605,0.20021074815595363,0.7196969696969697,0.17900462283068655,0.2829912023460411,0.6050156739811913,0.184688995215311,0.6873130112064096,0.8694998119593832,0.8562962962962963,0.8831168831168831,0.9222057300017927
