Algorithm,F1_Macro_Global,Precision_Macro,Recall_Macro,Accuracy,PR_AUC_Macro,Best_Hyperparameters,Features_List,Heavy_F1,Heavy_Precision,Heavy_Recall,Heavy_PR_AUC,Moderate_F1,Moderate_Precision,Moderate_Recall,Moderate_PR_AUC,No Rain_F1,No Rain_Precision,No Rain_Recall,No Rain_PR_AUC
SGD,0.9093285800764305,0.8882661637124386,0.940778528317228,0.9377387318563789,0.9219898962727745,"{'alpha': 0.0001, 'penalty': 'l2', 'loss': 'log_loss', 'class_weight': 'balanced'}","['mfcc_mean', 'NDSI', 'mfcc_1', 'wav_detail_lvl5_std', 'mfcc_var', 'mfcc_std', 'mfcc_2']",0.8308702791461412,0.7333333333333333,0.9583333333333334,0.8158427606055694,0.920371275036639,0.9401197604790419,0.9014354066985646,0.9519740642092799,0.9767441860465116,0.991345397324941,0.9625668449197861,0.9981528640034741
SGD,0.9090763650489014,0.8881571695091441,0.9403441759478911,0.9385026737967914,0.9171580256623991,"{'alpha': 0.0001, 'penalty': 'elasticnet', 'loss': 'log_loss', 'class_weight': 'balanced'}","['mfcc_mean', 'NDSI', 'mfcc_1', 'wav_detail_lvl5_std', 'mfcc_std', 'mfcc_2']",0.8275862068965517,0.7304347826086957,0.9545454545454546,0.8025434906508029,0.9213483146067416,0.9411177644710579,0.9023923444976076,0.9507072201755463,0.9782945736434109,0.992918961447679,0.9640947288006112,0.9982233661608481
SGD,0.9089264960040614,0.8880519116838418,0.9397088979132322,0.9373567608861727,0.9223049007255811,"{'alpha': 0.0001, 'penalty': 'elasticnet', 'loss': 'log_loss', 'class_weight': 'balanced'}","['NDSI', 'mfcc_1', 'wav_detail_lvl5_std', 'mfcc_var', 'mfcc_std', 'mfcc_2']",0.8303130148270181,0.7346938775510204,0.9545454545454546,0.8173645992556502,0.9201557935735151,0.9365708622398414,0.9043062200956937,0.9514231144147918,0.9763106796116505,0.9928909952606635,0.9602750190985485,0.9981269885063011
SGD,0.9068340479796252,0.8860802471612664,0.937679649212157,0.9362108479755539,0.9222138211440419,"{'alpha': 0.0001, 'penalty': 'elasticnet', 'loss': 'log_loss', 'class_weight': 'balanced'}","['mfcc_mean', 'NDSI', 'mfcc_1', 'wav_detail_lvl5_std', 'mfcc_var', 'mfcc_2']",0.8256578947368421,0.7296511627906976,0.9507575757575758,0.8171329836792356,0.9184968277208394,0.9372509960159362,0.9004784688995215,0.9513680899915937,0.9763474214811942,0.9913385826771653,0.9618029029793735,0.9981403897612967
SGD,0.905637509748717,0.8854980992694635,0.9349640813263104,0.935064935064935,0.9273612397312311,"{'alpha': 0.0001, 'penalty': 'elasticnet', 'loss': 'log_loss', 'class_weight': 'balanced'}","['spec_skew', 'NDSI', 'mfcc_1', 'wav_detail_lvl5_std', 'mfcc_var', 'mfcc_std', 'wav_approx_std', 'mfcc_2']",0.8245033112582781,0.7323529411764705,0.9431818181818182,0.8407537034787121,0.9172346640701071,0.933597621407334,0.9014354066985646,0.943513584115587,0.9751745539177658,0.9905437352245863,0.9602750190985485,0.9978164315993941
SGD,0.9055794658265522,0.8846326190639067,0.9370416906794615,0.9354469060351414,0.9179130293491999,"{'alpha': 0.0001, 'penalty': 'elasticnet', 'loss': 'log_loss', 'class_weight': 'balanced'}","['mfcc_mean', 'NDSI', 'wav_detail_lvl5_std', 'mfcc_var', 'mfcc_std', 'mfcc_2']",0.8229508196721311,0.7254335260115607,0.9507575757575758,0.8049588908057267,0.9174401563263312,0.937125748502994,0.8985645933014355,0.9506150041926862,0.9763474214811942,0.9913385826771653,0.9618029029793735,0.9981651930491872
SGD,0.9051243182004262,0.8863920763798111,0.9317093982728658,0.9373567608861727,0.9277911808655094,"{'alpha': 0.0001, 'penalty': 'l2', 'loss': 'log_loss', 'class_weight': 'balanced'}","['NDSI', 'mfcc_1', 'wav_detail_lvl5_std', 'mfcc_var', 'mfcc_std', 'wav_approx_std', 'mfcc_2']",0.8160535117056856,0.7305389221556886,0.9242424242424242,0.8344166898143031,0.9202334630350194,0.9357072205736894,0.9052631578947369,0.9509341797479871,0.9790859798605732,0.992930086410055,0.9656226126814362,0.9980226730342381
SGD,0.9045372893714155,0.8832937589885539,0.9371676740871787,0.9358288770053476,0.9295213909309266,"{'alpha': 0.0001, 'penalty': 'l2', 'loss': 'log_loss', 'class_weight': 'balanced'}","['spec_skew', 'spec_kurtosis', 'NDSI', 'mfcc_1', 'wav_detail_lvl5_std', 'mfcc_var', 'mfcc_std', 'wav_approx_std', 'mfcc_2']",0.8175895765472313,0.7171428571428572,0.9507575757575758,0.8405804488396409,0.9177277179236043,0.9398194583751254,0.8966507177033493,0.9500181007409141,0.9782945736434109,0.992918961447679,0.9640947288006112,0.9979656232122246
SGD,0.9040256676333741,0.882853213809383,0.9356557615071547,0.9343009931245225,0.9166428304310946,"{'alpha': 0.0001, 'penalty': 'l2', 'loss': 'log_loss', 'class_weight': 'balanced'}","['NDSI', 'mfcc_1', 'wav_detail_lvl5_std', 'mfcc_std', 'mfcc_2']",0.819672131147541,0.7225433526011561,0.946969696969697,0.8066232113411428,0.9165858389912707,0.9292035398230089,0.9043062200956937,0.945108908465662,0.9758190327613104,0.9968127490039841,0.9556913674560733,0.9981963714864791
SGD,0.903774221292814,0.8858351630014568,0.9282703192919911,0.9323911382734912,0.9222687669510479,"{'alpha': 0.0001, 'penalty': 'l2', 'loss': 'log_loss', 'class_weight': 'balanced'}","['spec_skew', 'mfcc_1', 'wav_detail_lvl5_std', 'mfcc_var', 'mfcc_std', 'wav_approx_std', 'mfcc_2']",0.8257191201353637,0.746177370030581,0.9242424242424242,0.8346114958454698,0.9142857142857143,0.9254901960784314,0.9033492822966507,0.9352006822657105,0.9713178294573643,0.985837922895358,0.9572192513368984,0.9969941227419633
SGD,0.9036221532661513,0.884030131826742,0.9323207752000323,0.9358288770053476,0.9262407774005132,"{'alpha': 0.0001, 'penalty': 'l2', 'loss': 'log_loss', 'class_weight': 'balanced'}","['mfcc_mean', 'spec_skew', 'NDSI', 'mfcc_1', 'wav_detail_lvl5_std', 'mfcc_std', 'wav_approx_std', 'mfcc_2']",0.8145695364238411,0.7235294117647059,0.9318181818181818,0.838075929771025,0.91796875,0.9371884346959123,0.8995215311004785,0.9427632199321052,0.978328173374613,0.9913725490196078,0.9656226126814362,0.9978831824984096
SGD,0.9036019826924268,0.8838629023531408,0.9326397544663797,0.9362108479755539,0.9291011597622013,"{'alpha': 0.0001, 'penalty': 'l2', 'loss': 'log_loss', 'class_weight': 'balanced'}","['mfcc_mean', 'NDSI', 'mfcc_1', 'wav_detail_lvl5_std', 'mfcc_var', 'mfcc_std', 'wav_approx_std', 'mfcc_2']",0.8132231404958677,0.7214076246334311,0.9318181818181818,0.8384766094480071,0.9184968277208394,0.9372509960159362,0.9004784688995215,0.9507694386850509,0.9790859798605732,0.992930086410055,0.9656226126814362,0.9980574311535458
SGD,0.9034133274171715,0.8813682388118708,0.9391033287318118,0.935064935064935,0.9162723350127133,"{'alpha': 0.0001, 'penalty': 'l2', 'loss': 'log_loss', 'class_weight': 'balanced'}","['mfcc_mean', 'spec_skew', 'spec_kurtosis', 'NDSI', 'mfcc_1', 'wav_detail_lvl5_std', 'mfcc_std', 'mfcc_2']",0.8154093097913323,0.7075208913649025,0.9621212121212122,0.8013281043936689,0.9160908193484699,0.9459734964322121,0.8880382775119617,0.9493149044954176,0.9787398531117124,0.9906103286384976,0.9671504965622613,0.9981739961490533
SGD,0.903319308279574,0.8822222175138589,0.9350794544292996,0.9339190221543163,0.915251350474022,"{'alpha': 0.0001, 'penalty': 'elasticnet', 'loss': 'log_loss', 'class_weight': 'balanced'}","['mfcc_mean', 'NDSI', 'wav_detail_lvl5_std', 'mfcc_std', 'mfcc_2']",0.8183306055646481,0.7204610951008645,0.946969696969697,0.8020134096247653,0.9157330735509012,0.9325396825396826,0.8995215311004785,0.9455256983005426,0.9758942457231726,0.9936658749010293,0.9587471352177235,0.998214943496758
SGD,0.9032647922352006,0.8814084067608023,0.93822401368841,0.935064935064935,0.9106187799804671,"{'alpha': 0.0001, 'penalty': 'l2', 'loss': 'log_loss', 'class_weight': 'balanced'}","['mfcc_mean', 'spec_skew', 'NDSI', 'wav_detail_lvl5_std', 'mfcc_std', 'mfcc_2']",0.8148148148148148,0.7086834733893558,0.9583333333333334,0.7922867587959314,0.916256157635468,0.9441624365482234,0.8899521531100478,0.9415773803266724,0.9787234042553191,0.9913793103448276,0.9663865546218487,0.9979922008187977
SGD,0.9031402542648622,0.8819719629455581,0.9347631556609884,0.9331550802139037,0.9200999547056506,"{'alpha': 0.0001, 'penalty': 'l2', 'loss': 'log_loss', 'class_weight': 'balanced'}","['NDSI', 'mfcc_1', 'wav_detail_lvl5_std', 'mfcc_var', 'mfcc_2']",0.819672131147541,0.7225433526011561,0.946969696969697,0.8162218174241826,0.9150897622513343,0.9281496062992126,0.9023923444976076,0.9459029652840174,0.9746588693957114,0.9952229299363057,0.9549274255156608,0.9981750814087518
SGD,0.9030167490017801,0.8819378443660582,0.934760475162952,0.93353705118411,0.9160753782557874,"{'alpha': 0.0001, 'penalty': 'elasticnet', 'loss': 'log_loss', 'class_weight': 'balanced'}","['mfcc_mean', 'NDSI', 'wav_detail_lvl5_std', 'mfcc_var', 'mfcc_2']",0.8183306055646481,0.7204610951008645,0.946969696969697,0.80456136141094,0.9152046783625731,0.9324726911618669,0.8985645933014355,0.9454604849347756,0.9755149630781189,0.992879746835443,0.9587471352177235,0.9982042884216471
SGD,0.9023720768381733,0.8827599439074226,0.9311602312376306,0.9331550802139037,0.9263615129744741,"{'alpha': 0.0001, 'penalty': 'elasticnet', 'loss': 'log_loss', 'class_weight': 'balanced'}","['mfcc_mean', 'spec_skew', 'NDSI', 'wav_detail_lvl5_std', 'mfcc_var', 'mfcc_std', 'wav_approx_std', 'mfcc_2']",0.8178807947019867,0.7264705882352941,0.9356060606060606,0.8385250506596024,0.9143416544297601,0.935871743486974,0.8937799043062201,0.9426840675170014,0.9748937813827733,0.9859375,0.9640947288006112,0.9978754207468186
SGD,0.9021144121889914,0.8801667966695681,0.9371410924816498,0.93353705118411,0.9225955498217595,"{'alpha': 0.0001, 'penalty': 'elasticnet', 'loss': 'log_loss', 'class_weight': 'balanced'}","['spec_skew', 'spec_kurtosis', 'NDSI', 'mfcc_1', 'wav_detail_lvl5_std', 'mfcc_var', 'mfcc_std', 'mfcc_2']",0.8148148148148148,0.7086834733893558,0.9583333333333334,0.819561354104275,0.9143700787401575,0.9412360688956434,0.8889952153110048,0.950118349172322,0.9771583430120016,0.9905808477237049,0.9640947288006112,0.9981069461886817
SGD,0.9020026116851131,0.8803986336560726,0.9368194327172655,0.93353705118411,0.9172179742941738,"{'alpha': 0.0001, 'penalty': 'l2', 'loss': 'log_loss', 'class_weight': 'balanced'}","['mfcc_mean', 'spec_skew', 'spec_kurtosis', 'NDSI', 'wav_detail_lvl5_std', 'mfcc_var', 'mfcc_std', 'mfcc_2']",0.8148148148148148,0.7086834733893558,0.9583333333333334,0.8041264498129066,0.913946587537092,0.9457523029682702,0.8842105263157894,0.9493921198898455,0.9772464327034324,0.9867601246105919,0.9679144385026738,0.9981353531797696
SGD,0.9018942073838092,0.8800207504532432,0.9363771505412372,0.9323911382734912,0.9185347356259325,"{'alpha': 0.0001, 'penalty': 'elasticnet', 'loss': 'log_loss', 'class_weight': 'balanced'}","['spec_kurtosis', 'NDSI', 'mfcc_1', 'wav_detail_lvl5_std', 'mfcc_var', 'mfcc_std', 'mfcc_2']",0.8174474959612278,0.7126760563380282,0.9583333333333334,0.8159366258436481,0.913022113022113,0.9383838383838384,0.8889952153110048,0.9418719784228202,0.9752130131680867,0.9890023566378633,0.9618029029793735,0.9977956026113294
SGD,0.9017352099895933,0.8796823105757322,0.9369374863182913,0.932009167303285,0.9174429567433892,"{'alpha': 0.0001, 'penalty': 'elasticnet', 'loss': 'log_loss', 'class_weight': 'balanced'}","['mfcc_mean', 'spec_kurtosis', 'NDSI', 'mfcc_1', 'wav_detail_lvl5_std', 'mfcc_var', 'mfcc_std', 'mfcc_2']",0.8180354267310789,0.711484593837535,0.9621212121212122,0.813491525665572,0.9123152709359605,0.9401015228426396,0.8861244019138756,0.9410025666297883,0.9748549323017408,0.987460815047022,0.9625668449197861,0.9978347779348067
SGD,0.9017240429221198,0.880751418256161,0.9336105415052783,0.9323911382734912,0.9251209426450924,"{'alpha': 0.0001, 'penalty': 'l2', 'loss': 'log_loss', 'class_weight': 'balanced'}","['spec_kurtosis', 'NDSI', 'mfcc_1', 'wav_detail_lvl5_std', 'mfcc_var', 'mfcc_std', 'wav_approx_std', 'mfcc_2']",0.8169934640522876,0.7183908045977011,0.946969696969697,0.8361610567388874,0.9133627019089574,0.9348697394789579,0.8928229665071771,0.9414670419038056,0.9748159628051143,0.9889937106918238,0.961038961038961,0.9977347292925842
SGD,0.9015852407524974,0.879714408472381,0.9371894531337256,0.9327731092436975,0.9222388874504216,"{'alpha': 0.0001, 'penalty': 'elasticnet', 'loss': 'log_loss', 'class_weight': 'balanced'}","['mfcc_mean', 'spec_skew', 'spec_kurtosis', 'NDSI', 'mfcc_1', 'wav_detail_lvl5_std', 'mfcc_var', 'mfcc_std', 'mfcc_2']",0.8154093097913323,0.7075208913649025,0.9621212121212122,0.8170401772344384,0.9128712871287129,0.9456410256410256,0.8822966507177034,0.9515464122300027,0.976475125337447,0.985981308411215,0.9671504965622613,0.9981300728868233
SGD,0.9012542684012098,0.8793730592882624,0.9359938393220126,0.932009167303285,0.9160520494581035,"{'alpha': 0.0001, 'penalty': 'l2', 'loss': 'log_loss', 'class_weight': 'balanced'}","['mfcc_mean', 'spec_kurtosis', 'NDSI', 'mfcc_1', 'wav_detail_lvl5_std', 'mfcc_var', 'mfcc_2']",0.8161290322580645,0.7106741573033708,0.9583333333333334,0.8105922303403907,0.9124015748031497,0.939209726443769,0.8870813397129187,0.9397365059893099,0.9752321981424149,0.9882352941176471,0.9625668449197861,0.9978274120446098
SGD,0.9011241402100568,0.879948565735583,0.9329269028185436,0.932009167303285,0.916017831397259,"{'alpha': 0.0001, 'penalty': 'l2', 'loss': 'log_loss', 'class_weight': 'balanced'}","['NDSI', 'wav_detail_lvl5_std', 'mfcc_var', 'mfcc_std', 'mfcc_2']",0.8150572831423896,0.7175792507204611,0.9431818181818182,0.8046957869079591,0.9136760426770126,0.9262536873156342,0.9014354066985646,0.9451703523768243,0.9746390948107686,0.9960127591706539,0.9541634835752483,0.9981873549069934
SGD,0.9008906843521257,0.8789296781165916,0.9361841546826067,0.9323911382734912,0.9127718115114587,"{'alpha': 0.0001, 'penalty': 'elasticnet', 'loss': 'log_loss', 'class_weight': 'balanced'}","['mfcc_mean', 'spec_skew', 'NDSI', 'wav_detail_lvl5_std', 'mfcc_var', 'mfcc_2']",0.8135048231511254,0.7067039106145251,0.9583333333333334,0.7991862050443832,0.9127649088220798,0.9410569105691057,0.8861244019138756,0.9411868998956681,0.9764023210831722,0.9890282131661442,0.9640947288006112,0.9979423295943247
SGD,0.9007310686970835,0.8802686391580355,0.9309109449202327,0.932009167303285,0.924986422362465,"{'alpha': 0.0001, 'penalty': 'elasticnet', 'loss': 'log_loss', 'class_weight': 'balanced'}","['spec_skew', 'NDSI', 'wav_detail_lvl5_std', 'mfcc_var', 'mfcc_std', 'wav_approx_std', 'mfcc_2']",0.8138385502471169,0.7201166180758017,0.9356060606060606,0.8381188283843876,0.9136760426770126,0.9262536873156342,0.9014354066985646,0.9390301225641685,0.9746786131671211,0.994435612082671,0.9556913674560733,0.9978103161388385
SGD,0.9007310686970835,0.8802686391580355,0.9309109449202327,0.932009167303285,0.9254445425392275,"{'alpha': 0.0001, 'penalty': 'elasticnet', 'loss': 'log_loss', 'class_weight': 'balanced'}","['spec_skew', 'NDSI', 'mfcc_1', 'wav_detail_lvl5_std', 'mfcc_var', 'wav_approx_std', 'mfcc_2']",0.8138385502471169,0.7201166180758017,0.9356060606060606,0.8398862866543462,0.9136760426770126,0.9262536873156342,0.9014354066985646,0.9386559895030717,0.9746786131671211,0.994435612082671,0.9556913674560733,0.9977913514602644
SGD,0.9006786456103679,0.8791067232362778,0.9335515705484746,0.9316271963330787,0.915311171914209,"{'alpha': 0.0001, 'penalty': 'elasticnet', 'loss': 'log_loss', 'class_weight': 'balanced'}","['NDSI', 'wav_detail_lvl5_std', 'mfcc_var', 'mfcc_2']",0.8143322475570033,0.7142857142857143,0.946969696969697,0.8030455995507007,0.9130645944633318,0.9270216962524654,0.8995215311004785,0.9447064357669128,0.9746390948107686,0.9960127591706539,0.9541634835752483,0.9981814804250134
SGD,0.9006643073248936,0.8795148181422467,0.9328598903676303,0.9323911382734912,0.9130717039387277,"{'alpha': 0.0001, 'penalty': 'elasticnet', 'loss': 'log_loss', 'class_weight': 'balanced'}","['mfcc_mean', 'NDSI', 'mfcc_1', 'wav_detail_lvl5_std', 'mfcc_2']",0.8123980424143556,0.7134670487106017,0.9431818181818182,0.7965377173526813,0.9137006338371526,0.9314115308151093,0.8966507177033493,0.9444710590615462,0.9758942457231726,0.9936658749010293,0.9587471352177235,0.9982063354019557
SGD,0.9005954070931326,0.8805599717364423,0.9297126506104835,0.9316271963330787,0.9242988033484446,"{'alpha': 0.0001, 'penalty': 'elasticnet', 'loss': 'log_loss', 'class_weight': 'balanced'}","['spec_skew', 'NDSI', 'wav_detail_lvl5_std', 'mfcc_std', 'wav_approx_std', 'mfcc_2']",0.8145695364238411,0.7235294117647059,0.9318181818181818,0.8363702276957595,0.913317191283293,0.9245098039215687,0.9023923444976076,0.9387518119099083,0.9738994935722634,0.9936406995230525,0.9549274255156608,0.997774370439666
SGD,0.9004699019263723,0.8791236173687461,0.9328625708656668,0.932009167303285,0.9143274893499814,"{'alpha': 0.0001, 'penalty': 'l2', 'loss': 'log_loss', 'class_weight': 'balanced'}","['NDSI', 'wav_detail_lvl5_std', 'mfcc_std', 'mfcc_2']",0.8123980424143556,0.7134670487106017,0.9431818181818182,0.799995779523176,0.9135922330097087,0.9270935960591133,0.9004784688995215,0.944794016234646,0.9754194303550526,0.9968102073365231,0.9549274255156608,0.9981926722921224
SGD,0.9004502464536528,0.8799638716108888,0.9306562976067619,0.9316271963330787,0.9245111378726195,"{'alpha': 0.0001, 'penalty': 'l2', 'loss': 'log_loss', 'class_weight': 'balanced'}","['spec_skew', 'NDSI', 'wav_detail_lvl5_std', 'mfcc_var', 'wav_approx_std', 'mfcc_2']",0.8138385502471169,0.7201166180758017,0.9356060606060606,0.8373905608155379,0.9132331555986427,0.925343811394892,0.9014354066985646,0.9383772579486593,0.9742790335151987,0.994431185361973,0.9549274255156608,0.9977655948536617
SGD,0.900354133724039,0.878142681182454,0.9371894531337256,0.9327731092436975,0.910907869178556,"{'alpha': 0.0001, 'penalty': 'l2', 'loss': 'log_loss', 'class_weight': 'balanced'}","['mfcc_mean', 'spec_kurtosis', 'NDSI', 'mfcc_1', 'wav_detail_lvl5_std', 'mfcc_std', 'mfcc_2']",0.810207336523126,0.699724517906336,0.9621212121212122,0.7957714692491746,0.9128712871287129,0.9456410256410256,0.8822966507177034,0.9390444751902852,0.9779837775202781,0.9890625,0.9671504965622613,0.9979076630962083
SGD,0.9002104942045482,0.8807539746447021,0.9283697210941794,0.93048128342246,0.9247048337300511,"{'alpha': 0.0001, 'penalty': 'l2', 'loss': 'log_loss', 'class_weight': 'balanced'}","['spec_skew', 'spec_kurtosis', 'mfcc_1', 'wav_detail_lvl5_std', 'mfcc_var', 'mfcc_std', 'wav_approx_std', 'mfcc_2']",0.8172757475083057,0.727810650887574,0.9318181818181818,0.8369724452392067,0.911219512195122,0.9293532338308458,0.8937799043062201,0.9399455650558445,0.9721362229102167,0.9850980392156863,0.959511077158136,0.9971964908951022
SGD,0.8998706489166812,0.8821599362053113,0.9242761538427172,0.9300993124522536,0.9231516368369069,"{'alpha': 0.0001, 'penalty': 'l2', 'loss': 'log_loss', 'class_weight': 'balanced'}","['mfcc_mean', 'spec_skew', 'mfcc_1', 'wav_detail_lvl5_std', 'mfcc_var', 'mfcc_std', 'wav_approx_std', 'mfcc_2']",0.8175675675675675,0.7378048780487805,0.9166666666666666,0.8382008905168848,0.9110354885755956,0.9258893280632411,0.8966507177033493,0.9341027660998795,0.9710088906068806,0.9827856025039123,0.959511077158136,0.9971512538939561
SGD,0.8997221434556995,0.8809135367806505,0.9260268541228293,0.9281894576012223,0.9185086241373668,"{'alpha': 0.0001, 'penalty': 'elasticnet', 'loss': 'log_loss', 'class_weight': 'balanced'}","['spec_kurtosis', 'mfcc_1', 'wav_detail_lvl5_std', 'mfcc_var', 'mfcc_std', 'wav_approx_std', 'mfcc_2']",0.8221476510067114,0.7379518072289156,0.928030303030303,0.8327500485966689,0.9088263821532493,0.9213372664700098,0.8966507177033493,0.9261863356282458,0.9681923972071373,0.983451536643026,0.9533995416348358,0.9965894881871857
SGD,0.8996764254860959,0.8778212959855348,0.9355568064546392,0.9331550802139037,0.9080928679851666,"{'alpha': 0.0001, 'penalty': 'elasticnet', 'loss': 'log_loss', 'class_weight': 'balanced'}","['mfcc_mean', 'spec_skew', 'NDSI', 'mfcc_1', 'wav_detail_lvl5_std', 'mfcc_2']",0.8064,0.6980609418282548,0.9545454545454546,0.7859774048168278,0.9134948096885813,0.9447852760736196,0.8842105263157894,0.9403136899767386,0.9791344667697064,0.9906176700547302,0.9679144385026738,0.9979875091619332
SGD,0.8993581229417617,0.8774212520260871,0.9336775539561918,0.932009167303285,0.911928886215783,"{'alpha': 0.0001, 'penalty': 'elasticnet', 'loss': 'log_loss', 'class_weight': 'balanced'}","['spec_kurtosis', 'NDSI', 'wav_detail_lvl5_std', 'mfcc_var', 'mfcc_2']",0.8077544426494345,0.704225352112676,0.946969696969697,0.8022977055515621,0.9133398247322297,0.929633300297324,0.8976076555023923,0.935708756665155,0.9769801014436208,0.9984051036682615,0.9564553093964858,0.9977801964306319
SGD,0.8993174116927619,0.878585730052111,0.9311979815849784,0.9308632543926662,0.9265218728991668,"{'alpha': 0.0001, 'penalty': 'l2', 'loss': 'log_loss', 'class_weight': 'balanced'}","['mfcc_mean', 'spec_skew', 'NDSI', 'mfcc_1', 'wav_detail_lvl5_std', 'mfcc_var', 'mfcc_std', 'wav_approx_std', 'mfcc_2']",0.8123980424143556,0.7134670487106017,0.9431818181818182,0.8398444255691847,0.9110565110565111,0.9363636363636364,0.8870813397129187,0.9418446323592327,0.9744976816074189,0.9859265050820953,0.9633307868601986,0.9978765607690828
SGD,0.899054062652611,0.8770248474976845,0.9349082376172161,0.9308632543926662,0.9172952399227648,"{'alpha': 0.0001, 'penalty': 'elasticnet', 'loss': 'log_loss', 'class_weight': 'balanced'}","['mfcc_mean', 'spec_skew', 'NDSI', 'mfcc_1', 'wav_detail_lvl5_std', 'mfcc_var', 'mfcc_std', 'mfcc_2']",0.8108974358974359,0.7027777777777777,0.9583333333333334,0.8119492542149482,0.9106172839506173,0.9408163265306122,0.8822966507177034,0.9420186636289938,0.9756474681097796,0.9874804381846636,0.9640947288006112,0.9979178019243525
SGD,0.8990096156167738,0.87875291361353,0.9294393514981749,0.9308632543926662,0.9271318125892648,"{'alpha': 0.0001, 'penalty': 'elasticnet', 'loss': 'log_loss', 'class_weight': 'balanced'}","['mfcc_mean', 'spec_kurtosis', 'NDSI', 'mfcc_1', 'wav_detail_lvl5_std', 'mfcc_var', 'mfcc_std', 'wav_approx_std', 'mfcc_2']",0.8111658456486043,0.7159420289855073,0.9356060606060606,0.8414288772543193,0.911404796867352,0.9328657314629258,0.8909090909090909,0.9421960134048373,0.9744582043343654,0.9874509803921568,0.9618029029793735,0.997770547108638
SGD,0.8989998909841693,0.8770216337963394,0.9339672711189739,0.93048128342246,0.9165232110620404,"{'alpha': 0.0001, 'penalty': 'l2', 'loss': 'log_loss', 'class_weight': 'balanced'}","['spec_kurtosis', 'NDSI', 'mfcc_1', 'wav_detail_lvl5_std', 'mfcc_var', 'mfcc_2']",0.8115942028985508,0.7058823529411765,0.9545454545454546,0.8115910489178643,0.9106090373280943,0.9354187689202825,0.8870813397129187,0.9402006420921206,0.9747964327258627,0.989763779527559,0.9602750190985485,0.9977779421761362
SGD,0.8989639771494708,0.8767791349469946,0.9359268268710993,0.9323911382734912,0.9086950312174465,"{'alpha': 0.0001, 'penalty': 'l2', 'loss': 'log_loss', 'class_weight': 'balanced'}","['mfcc_mean', 'spec_kurtosis', 'NDSI', 'wav_detail_lvl5_std', 'mfcc_std', 'mfcc_2']",0.8057324840764332,0.695054945054945,0.9583333333333334,0.7900933570452865,0.9124195942602672,0.944672131147541,0.8822966507177034,0.9380939385006511,0.9787398531117124,0.9906103286384976,0.9671504965622613,0.9978977981064017
SGD,0.8989098267864515,0.8789363925090469,0.9279407297209156,0.93048128342246,0.9256219210340154,"{'alpha': 0.0001, 'penalty': 'l2', 'loss': 'log_loss', 'class_weight': 'balanced'}","['NDSI', 'wav_detail_lvl5_std', 'mfcc_std', 'wav_approx_std', 'mfcc_2']",0.8112582781456954,0.7205882352941176,0.928030303030303,0.8327409801876241,0.9119922630560928,0.9217986314760508,0.9023923444976076,0.9460314319806763,0.9734789391575663,0.9944223107569721,0.9533995416348358,0.9980933509337461
SGD,0.8989098267864515,0.8789363925090469,0.9279407297209156,0.93048128342246,0.9258265675908043,"{'alpha': 0.0001, 'penalty': 'l2', 'loss': 'log_loss', 'class_weight': 'balanced'}","['NDSI', 'mfcc_1', 'wav_detail_lvl5_std', 'mfcc_std', 'wav_approx_std', 'mfcc_2']",0.8112582781456954,0.7205882352941176,0.928030303030303,0.833547489817036,0.9119922630560928,0.9217986314760508,0.9023923444976076,0.9458529146163446,0.9734789391575663,0.9944223107569721,0.9533995416348358,0.9980792983390324
SGD,0.898762920127238,0.8761424173189826,0.9365031339489543,0.9327731092436975,0.9121646117545636,"{'alpha': 0.0001, 'penalty': 'elasticnet', 'loss': 'log_loss', 'class_weight': 'balanced'}","['spec_skew', 'NDSI', 'mfcc_1', 'wav_detail_lvl5_std', 'mfcc_std', 'mfcc_2']",0.8031746031746032,0.6912568306010929,0.9583333333333334,0.7986800345517654,0.9133004926108375,0.9411167512690355,0.8870813397129187,0.939878736268587,0.9798136645962733,0.9960536700868192,0.9640947288006112,0.9979350644433387
SGD,0.8987418978199933,0.8794411174698146,0.9264340664495463,0.9312452253628725,0.9240926435415235,"{'alpha': 0.0001, 'penalty': 'elasticnet', 'loss': 'log_loss', 'class_weight': 'balanced'}","['mfcc_mean', 'spec_kurtosis', 'NDSI', 'wav_detail_lvl5_std', 'mfcc_var', 'wav_approx_std', 'mfcc_2']",0.8086522462562395,0.7210682492581603,0.9204545454545454,0.8385209507132715,0.9128751210067764,0.9236043095004897,0.9023923444976076,0.936075417103522,0.9746983261969638,0.9936507936507937,0.9564553093964858,0.9976815628077771
SGD,0.898724355162182,0.8774446106890071,0.9312166333838161,0.9312452253628725,0.9123208802114989,"{'alpha': 0.0001, 'penalty': 'l2', 'loss': 'log_loss', 'class_weight': 'balanced'}","['NDSI', 'mfcc_1', 'wav_detail_lvl5_std', 'mfcc_2']",0.8078175895765473,0.7085714285714285,0.9393939393939394,0.7955769676722841,0.9125364431486881,0.926949654491609,0.8985645933014355,0.9432256091125271,0.9758190327613104,0.9968127490039841,0.9556913674560733,0.9981600638496856
SGD,0.8984887221179904,0.8762681246879374,0.9347179222566219,0.93048128342246,0.9180589226821979,"{'alpha': 0.0001, 'penalty': 'elasticnet', 'loss': 'log_loss', 'class_weight': 'balanced'}","['spec_skew', 'NDSI', 'mfcc_1', 'wav_detail_lvl5_std', 'mfcc_var', 'mfcc_std', 'mfcc_2']",0.8096,0.7008310249307479,0.9583333333333334,0.8143153234837562,0.9102564102564102,0.9389623601220752,0.8832535885167464,0.9419954929938528,0.975609756097561,0.989010989010989,0.9625668449197861,0.9978659515689847
SGD,0.8983482003625004,0.8764402601599897,0.9346509098057085,0.9308632543926662,0.9214973466637851,"{'alpha': 0.0001, 'penalty': 'elasticnet', 'loss': 'log_loss', 'class_weight': 'balanced'}","['mfcc_mean', 'spec_skew', 'spec_kurtosis', 'NDSI', 'mfcc_1', 'wav_detail_lvl5_std', 'mfcc_var', 'mfcc_2']",0.8083067092651757,0.6988950276243094,0.9583333333333334,0.8159920922902701,0.9102627664848786,0.9444444444444444,0.8784688995215311,0.9503859021280724,0.976475125337447,0.985981308411215,0.9671504965622613,0.9981140455730126
SGD,0.8983132768622669,0.8768355918817652,0.9316217236495875,0.9285714285714286,0.9094417617744052,"{'alpha': 0.0001, 'penalty': 'elasticnet', 'loss': 'log_loss', 'class_weight': 'balanced'}","['spec_skew', 'mfcc_1', 'wav_detail_lvl5_std', 'mfcc_var', 'mfcc_std', 'mfcc_2']",0.814935064935065,0.7130681818181818,0.9507575757575758,0.7962612911332542,0.9082883766552231,0.93158953722334,0.8861244019138756,0.9351073880265874,0.971716388996513,0.9858490566037735,0.957983193277311,0.9969566061633739
SGD,0.8982779586411432,0.8776805764760084,0.9289970693221467,0.9297173414820473,0.9230964008497149,"{'alpha': 0.0001, 'penalty': 'l2', 'loss': 'log_loss', 'class_weight': 'balanced'}","['spec_skew', 'NDSI', 'mfcc_1', 'wav_detail_lvl5_std', 'mfcc_std', 'wav_approx_std', 'mfcc_2']",0.8111658456486043,0.7159420289855073,0.9356060606060606,0.8337093969221329,0.9105058365758755,0.9258160237388724,0.8956937799043062,0.9378819393218217,0.9731621936989499,0.991283676703645,0.9556913674560733,0.9976978663051901
SGD,0.8982200015310552,0.8764059304703476,0.9338359267151836,0.9308632543926662,0.9121404462532187,"{'alpha': 0.0001, 'penalty': 'l2', 'loss': 'log_loss', 'class_weight': 'balanced'}","['mfcc_mean', 'spec_kurtosis', 'NDSI', 'wav_detail_lvl5_std', 'mfcc_var', 'mfcc_std', 'mfcc_2']",0.8076923076923077,0.7,0.9545454545454546,0.7994181099830782,0.9105289174493326,0.941717791411043,0.8813397129186603,0.9391679416317797,0.9764387794515257,0.9875,0.9656226126814362,0.9978352871447977
SGD,0.8981367109026683,0.8772437013816324,0.9307636292156416,0.9316271963330787,0.9299579556012723,"{'alpha': 0.0001, 'penalty': 'l2', 'loss': 'log_loss', 'class_weight': 'balanced'}","['mfcc_mean', 'spec_skew', 'spec_kurtosis', 'NDSI', 'mfcc_1', 'wav_detail_lvl5_std', 'mfcc_var', 'mfcc_std', 'wav_approx_std', 'mfcc_2']",0.8051948051948052,0.7045454545454546,0.9393939393939394,0.8420878258645992,0.912039312039312,0.9373737373737374,0.8880382775119617,0.9497876175169925,0.9771760154738878,0.9898119122257053,0.9648586707410237,0.9979984234222253
SGD,0.8975882991182856,0.8763623821084963,0.9298147329107082,0.9293353705118411,0.9260120556219696,"{'alpha': 0.0001, 'penalty': 'l2', 'loss': 'log_loss', 'class_weight': 'balanced'}","['NDSI', 'wav_detail_lvl5_std', 'mfcc_var', 'wav_approx_std', 'mfcc_2']",0.8091353996737357,0.7106017191977078,0.9393939393939394,0.8339253866130485,0.9101505585235551,0.9240631163708086,0.8966507177033493,0.9460268351701335,0.9734789391575663,0.9944223107569721,0.9533995416348358,0.9980839450827266
SGD,0.8972251975556992,0.8773193467984383,0.9261688088313477,0.9293353705118411,0.9272596700702112,"{'alpha': 0.0001, 'penalty': 'l2', 'loss': 'log_loss', 'class_weight': 'balanced'}","['mfcc_mean', 'NDSI', 'mfcc_1', 'wav_detail_lvl5_std', 'mfcc_std', 'wav_approx_std', 'mfcc_2']",0.8079470198675497,0.7176470588235294,0.9242424242424242,0.8376665964584358,0.9106711733462095,0.919103313840156,0.9023923444976076,0.9460004353893917,0.9730573994533386,0.9952076677316294,0.9518716577540107,0.9981119783628059
SGD,0.8972164533175807,0.8776696431651966,0.9255414606033802,0.9300993124522536,0.9246681725754318,"{'alpha': 0.0001, 'penalty': 'l2', 'loss': 'log_loss', 'class_weight': 'balanced'}","['mfcc_mean', 'spec_skew', 'NDSI', 'wav_detail_lvl5_std', 'mfcc_var', 'wav_approx_std', 'mfcc_2']",0.8059701492537313,0.7168141592920354,0.9204545454545454,0.8386325962229689,0.9113801452784503,0.9225490196078432,0.9004784688995215,0.9375834771310004,0.9742990654205608,0.9936457505957109,0.9556913674560733,0.9977884443723262
SGD,0.8972034223920079,0.877328932220815,0.9261044768784706,0.9293353705118411,0.9244575556133049,"{'alpha': 0.0001, 'penalty': 'l2', 'loss': 'log_loss', 'class_weight': 'balanced'}","['NDSI', 'mfcc_1', 'wav_detail_lvl5_std', 'wav_approx_std', 'mfcc_2']",0.8079470198675497,0.7176470588235294,0.9242424242424242,0.8309070332108891,0.9105848235862736,0.919921875,0.9014354066985646,0.9444185394433142,0.9730784237222005,0.9944178628389154,0.9526355996944232,0.9980470941857112
SGD,0.8971511905096953,0.8755451928162422,0.930439400640639,0.9289533995416348,0.9264525812272827,"{'alpha': 0.0001, 'penalty': 'l2', 'loss': 'log_loss', 'class_weight': 'balanced'}","['NDSI', 'mfcc_1', 'wav_detail_lvl5_std', 'mfcc_var', 'wav_approx_std', 'mfcc_2']",0.8084415584415584,0.7073863636363636,0.9431818181818182,0.8353325901207516,0.9095330739299611,0.9248269040553907,0.8947368421052632,0.945940785864827,0.9734789391575663,0.9944223107569721,0.9533995416348358,0.9980843676962695
SGD,0.8967264625276211,0.8783930376120863,0.9221129919272334,0.9266615737203973,0.9212201800148075,"{'alpha': 0.0001, 'penalty': 'l2', 'loss': 'log_loss', 'class_weight': 'balanced'}","['mfcc_mean', 'spec_skew', 'mfcc_1', 'wav_detail_lvl5_std', 'mfcc_var', 'wav_approx_std', 'mfcc_2']",0.8148148148148148,0.7333333333333333,0.9166666666666666,0.839558221881706,0.9072463768115943,0.9160975609756098,0.8985645933014355,0.9270259256282188,0.9681181959564541,0.9857482185273159,0.9511077158135982,0.997076392534498
SGD,0.8967220605835323,0.8746489925227738,0.9332623001353652,0.9300993124522536,0.9110770570684498,"{'alpha': 0.0001, 'penalty': 'l2', 'loss': 'log_loss', 'class_weight': 'balanced'}","['mfcc_mean', 'spec_kurtosis', 'NDSI', 'wav_detail_lvl5_std', 'mfcc_var', 'mfcc_2']",0.8038277511961722,0.6942148760330579,0.9545454545454546,0.7976347646598895,0.9095402867029164,0.9406952965235174,0.8803827751196173,0.9377456668297912,0.9767981438515081,0.9890368050117463,0.9648586707410237,0.9978507397156686
SGD,0.8965229075600769,0.8762852241288375,0.9262198499814599,0.9281894576012223,0.923054987880031,"{'alpha': 0.0001, 'penalty': 'l2', 'loss': 'log_loss', 'class_weight': 'balanced'}","['spec_skew', 'NDSI', 'mfcc_1', 'wav_detail_lvl5_std', 'wav_approx_std', 'mfcc_2']",0.8085808580858086,0.716374269005848,0.928030303030303,0.8340646670081743,0.9090909090909091,0.9188660801564027,0.8995215311004785,0.9373608223596877,0.9718969555035128,0.9936153232242618,0.9511077158135982,0.9977394742722309
SGD,0.8964279042397926,0.876041090523756,0.9266648126555248,0.9289533995416348,0.9269685987957924,"{'alpha': 0.0001, 'penalty': 'elasticnet', 'loss': 'log_loss', 'class_weight': 'balanced'}","['mfcc_mean', 'NDSI', 'wav_detail_lvl5_std', 'mfcc_var', 'wav_approx_std', 'mfcc_2']",0.805921052631579,0.7122093023255814,0.928030303030303,0.8371126017879991,0.9098837209302325,0.9214916584887144,0.8985645933014355,0.945693309452597,0.9734789391575663,0.9944223107569721,0.9533995416348358,0.9980998851467813
SGD,0.8964270140070493,0.8772686765354757,0.923616974700566,0.926279602750191,0.9185035436754064,"{'alpha': 0.0001, 'penalty': 'l2', 'loss': 'log_loss', 'class_weight': 'balanced'}","['spec_skew', 'mfcc_1', 'wav_detail_lvl5_std', 'mfcc_std', 'wav_approx_std', 'mfcc_2']",0.8146911519198664,0.7283582089552239,0.9242424242424242,0.8290549726601785,0.9064469219583131,0.918467583497053,0.8947368421052632,0.9294541736739447,0.9681429681429682,0.9849802371541502,0.9518716577540107,0.9970014846920962
SGD,0.8963758638459044,0.8767627766011318,0.9247775186629675,0.9289533995416348,0.9244632898839993,"{'alpha': 0.0001, 'penalty': 'l2', 'loss': 'log_loss', 'class_weight': 'balanced'}","['mfcc_mean', 'spec_skew', 'NDSI', 'wav_detail_lvl5_std', 'mfcc_std', 'wav_approx_std', 'mfcc_2']",0.8059701492537313,0.7168141592920354,0.9204545454545454,0.837404476516883,0.9100580270793037,0.9198435972629521,0.9004784688995215,0.9382025109284537,0.9730994152046784,0.9936305732484076,0.9533995416348358,0.9977828822066609
SGD,0.8963579710963753,0.8749626869293131,0.9291767743780128,0.9285714285714286,0.9263104497025264,"{'alpha': 0.0001, 'penalty': 'elasticnet', 'loss': 'log_loss', 'class_weight': 'balanced'}","['NDSI', 'wav_detail_lvl5_std', 'mfcc_var', 'mfcc_std', 'wav_approx_std', 'mfcc_2']",0.8065040650406504,0.7065527065527065,0.9393939393939394,0.8344779194296726,0.9090909090909091,0.9239130434782609,0.8947368421052632,0.9463631486987147,0.9734789391575663,0.9944223107569721,0.9533995416348358,0.998090280979192
SGD,0.8960979611624563,0.8736373998449855,0.9332516898306372,0.9285714285714286,0.9172763333295948,"{'alpha': 0.0001, 'penalty': 'elasticnet', 'loss': 'log_loss', 'class_weight': 'balanced'}","['spec_skew', 'NDSI', 'mfcc_1', 'wav_detail_lvl5_std', 'mfcc_var', 'mfcc_2']",0.8057324840764332,0.695054945054945,0.9583333333333334,0.8131215193667264,0.9077454366058214,0.9368635437881874,0.8803827751196173,0.9408690345709074,0.9748159628051143,0.9889937106918238,0.961038961038961,0.9978384460511506
SGD,0.8960306688208406,0.8736687510952623,0.9333776732383544,0.9289533995416348,0.9159869893637635,"{'alpha': 0.0001, 'penalty': 'l2', 'loss': 'log_loss', 'class_weight': 'balanced'}","['mfcc_mean', 'spec_skew', 'NDSI', 'mfcc_1', 'wav_detail_lvl5_std', 'mfcc_var', 'mfcc_2']",0.8044515103338633,0.6931506849315069,0.9583333333333334,0.8093144465865003,0.9080118694362018,0.9396110542476971,0.8784688995215311,0.9407364247560485,0.9756286266924564,0.9882445141065831,0.9633307868601986,0.997910096748742
SGD,0.8960254494634619,0.8743107533834881,0.9309810846188555,0.9281894576012223,0.9137244839189321,"{'alpha': 0.0001, 'penalty': 'l2', 'loss': 'log_loss', 'class_weight': 'balanced'}","['mfcc_mean', 'spec_skew', 'spec_kurtosis', 'mfcc_1', 'wav_detail_lvl5_std', 'mfcc_var', 'mfcc_std', 'mfcc_2']",0.8070739549839229,0.7011173184357542,0.9507575757575758,0.8030415842208236,0.9072978303747534,0.9359104781281791,0.8803827751196173,0.9408527426379029,0.9737045630317092,0.9859044635865309,0.9618029029793735,0.9972791248980697
SGD,0.8960032287829569,0.8740235437455876,0.9318736904650217,0.9293353705118411,0.9115190461855623,"{'alpha': 0.0001, 'penalty': 'l2', 'loss': 'log_loss', 'class_weight': 'balanced'}","['spec_kurtosis', 'NDSI', 'wav_detail_lvl5_std', 'mfcc_var', 'mfcc_std', 'mfcc_2']",0.8032,0.6952908587257618,0.9507575757575758,0.7978009987074368,0.9088220798422868,0.9369918699186992,0.8822966507177034,0.938943227041021,0.975987606506584,0.9897879025923016,0.9625668449197861,0.9978129128082294
SGD,0.8959276591603346,0.8763018815026187,0.9250645553277131,0.9278074866310161,0.9259640834257422,"{'alpha': 0.0001, 'penalty': 'elasticnet', 'loss': 'log_loss', 'class_weight': 'balanced'}","['mfcc_mean', 'spec_skew', 'spec_kurtosis', 'mfcc_1', 'wav_detail_lvl5_std', 'mfcc_var', 'mfcc_std', 'wav_approx_std', 'mfcc_2']",0.8085808580858086,0.716374269005848,0.928030303030303,0.8413281691020995,0.9073983341499265,0.929718875502008,0.8861244019138756,0.9392555674860782,0.9718037852452684,0.9828125,0.961038961038961,0.997308513689049
SGD,0.8957308036477342,0.8765838987206074,0.9231049995755877,0.9258976317799847,0.9183493610682545,"{'alpha': 0.0001, 'penalty': 'l2', 'loss': 'log_loss', 'class_weight': 'balanced'}","['mfcc_mean', 'spec_kurtosis', 'mfcc_1', 'wav_detail_lvl5_std', 'mfcc_var', 'mfcc_std', 'wav_approx_std', 'mfcc_2']",0.8133333333333334,0.7261904761904762,0.9242424242424242,0.8356435274237918,0.9056420233463035,0.9208704253214639,0.8909090909090909,0.9226237534403237,0.9682170542635659,0.982690794649882,0.9541634835752483,0.996780802340648
SGD,0.8955618065093156,0.8761832282380227,0.9231720120265011,0.9255156608097784,0.9181769644434428,"{'alpha': 0.0001, 'penalty': 'l2', 'loss': 'log_loss', 'class_weight': 'balanced'}","['spec_skew', 'wav_detail_lvl5_std', 'mfcc_var', 'mfcc_std', 'wav_approx_std', 'mfcc_2']",0.8133333333333334,0.7261904761904762,0.9242424242424242,0.8294835583577324,0.9056603773584906,0.9158512720156555,0.8956937799043062,0.9280386824999232,0.967691708836123,0.9865079365079366,0.9495798319327731,0.9970086524726729
SGD,0.8954751928788771,0.875732486839104,0.924203892083149,0.9281894576012223,0.9238691613625477,"{'alpha': 0.0001, 'penalty': 'elasticnet', 'loss': 'log_loss', 'class_weight': 'balanced'}","['mfcc_mean', 'spec_skew', 'NDSI', 'mfcc_1', 'wav_detail_lvl5_std', 'wav_approx_std', 'mfcc_2']",0.804635761589404,0.7147058823529412,0.9204545454545454,0.8368752265168318,0.9090909090909091,0.9188660801564027,0.8995215311004785,0.9369612408669814,0.9726989079563183,0.9936254980079682,0.9526355996944232,0.9977710167038298
SGD,0.895305856041278,0.8730425672300234,0.9336296400537886,0.9297173414820473,0.9110963039046779,"{'alpha': 0.0001, 'penalty': 'elasticnet', 'loss': 'log_loss', 'class_weight': 'balanced'}","['mfcc_mean', 'spec_skew', 'NDSI', 'mfcc_1', 'wav_detail_lvl5_std', 'mfcc_std', 'mfcc_2']",0.7993680884676145,0.6856368563685636,0.9583333333333334,0.7953548824993474,0.9085487077534792,0.9451913133402275,0.8746411483253589,0.9399407912264538,0.9780007719027403,0.9882995319812793,0.9679144385026738,0.9979932379882325
SGD,0.8952028455705318,0.8752815449148647,0.9243325559889027,0.9281894576012223,0.9263710956088737,"{'alpha': 0.0001, 'penalty': 'l2', 'loss': 'log_loss', 'class_weight': 'balanced'}","['mfcc_mean', 'NDSI', 'wav_detail_lvl5_std', 'mfcc_std', 'wav_approx_std', 'mfcc_2']",0.8033057851239669,0.7126099706744868,0.9204545454545454,0.8356784565273088,0.9092664092664092,0.9172346640701071,0.9014354066985646,0.9453522779625024,0.9730363423212193,0.996,0.9511077158135982,0.9980825523368099
SGD,0.8951951240806486,0.8754316823419958,0.9239492447696782,0.9278074866310161,0.9236115232525849,"{'alpha': 0.0001, 'penalty': 'l2', 'loss': 'log_loss', 'class_weight': 'balanced'}","['mfcc_mean', 'spec_kurtosis', 'NDSI', 'wav_detail_lvl5_std', 'mfcc_std', 'wav_approx_std', 'mfcc_2']",0.804635761589404,0.7147058823529412,0.9204545454545454,0.8365626824370824,0.9086515224746254,0.91796875,0.8995215311004785,0.9366092002275607,0.9722980881779165,0.9936204146730463,0.9518716577540107,0.9976626870931115
SGD,0.8951530144073048,0.8737142337352851,0.9286137581029221,0.9293353705118411,0.9220835506559039,"{'alpha': 0.001, 'penalty': 'elasticnet', 'loss': 'log_loss', 'class_weight': 'balanced'}","['spec_skew', 'spec_kurtosis', 'NDSI', 'mfcc_1', 'wav_detail_lvl5_std', 'mfcc_var', 'wav_approx_std', 'mfcc_2']",0.7993527508090615,0.6977401129943502,0.9356060606060606,0.8315956296043925,0.9098879688261081,0.9265873015873016,0.8937799043062201,0.9368874377801266,0.9762183235867447,0.9968152866242038,0.9564553093964858,0.9977675845831925
SGD,0.8950084155957018,0.8747449801860636,0.9250832071265508,0.9281894576012223,0.9271273127505008,"{'alpha': 0.0001, 'penalty': 'l2', 'loss': 'log_loss', 'class_weight': 'balanced'}","['mfcc_mean', 'NDSI', 'wav_detail_lvl5_std', 'mfcc_var', 'mfcc_std', 'wav_approx_std', 'mfcc_2']",0.8026315789473685,0.7093023255813954,0.9242424242424242,0.836884556735179,0.9089147286821705,0.9205103042198234,0.8976076555023923,0.9463810482761974,0.9734789391575663,0.9944223107569721,0.9533995416348358,0.998116333240126
SGD,0.8947592978328706,0.8744524049384346,0.9240168156576826,0.9213139801375095,0.9118982318828982,"{'alpha': 0.0001, 'penalty': 'elasticnet', 'loss': 'log_loss', 'class_weight': 'balanced'}","['mfcc_1', 'wav_detail_lvl5_std', 'mfcc_var', 'mfcc_std', 'mfcc_2']",0.8225538971807629,0.7315634218289085,0.9393939393939394,0.805962818659155,0.9002904162633107,0.910871694417238,0.8899521531100478,0.9330875612255517,0.9614335800545384,0.9809220985691574,0.9427043544690603,0.9966443157639883
SGD,0.894690797453952,0.8770184179701817,0.9186978140538512,0.9243697478991597,0.9188449246162432,"{'alpha': 0.0001, 'penalty': 'elasticnet', 'loss': 'log_loss', 'class_weight': 'balanced'}","['mfcc_mean', 'spec_kurtosis', 'mfcc_1', 'wav_detail_lvl5_std', 'mfcc_var', 'wav_approx_std', 'mfcc_2']",0.8135593220338984,0.7361963190184049,0.9090909090909091,0.8396045945887776,0.9048076923076923,0.9091787439613527,0.9004784688995215,0.9202265529691991,0.965705378020265,0.9856801909307876,0.946524064171123,0.9967036262907532
SGD,0.8946291263716347,0.876309395302322,0.9201480751790351,0.9255156608097784,0.9189190514902292,"{'alpha': 0.0001, 'penalty': 'elasticnet', 'loss': 'log_loss', 'class_weight': 'balanced'}","['mfcc_mean', 'spec_skew', 'wav_detail_lvl5_std', 'mfcc_var', 'mfcc_std', 'wav_approx_std', 'mfcc_2']",0.8100840336134454,0.7280966767371602,0.9128787878787878,0.8329201740004395,0.9056603773584906,0.9158512720156555,0.8956937799043062,0.9267388034634516,0.9681429681429682,0.9849802371541502,0.9518716577540107,0.9970981770067967
SGD,0.8945758881347993,0.8747063161324622,0.9236302655033306,0.9274255156608098,0.923100825402288,"{'alpha': 0.0001, 'penalty': 'elasticnet', 'loss': 'log_loss', 'class_weight': 'balanced'}","['mfcc_mean', 'spec_kurtosis', 'NDSI', 'mfcc_1', 'wav_detail_lvl5_std', 'wav_approx_std', 'mfcc_2']",0.8033057851239669,0.7126099706744868,0.9204545454545454,0.8360716152648786,0.9081237911025145,0.9178885630498533,0.8985645933014355,0.9355745780498551,0.9722980881779165,0.9936204146730463,0.9518716577540107,0.9976562828921303
SGD,0.8944723085189107,0.8754869955188083,0.9210221409137818,0.9232238349885409,0.9157238802158671,"{'alpha': 0.0001, 'penalty': 'elasticnet', 'loss': 'log_loss', 'class_weight': 'balanced'}","['spec_kurtosis', 'wav_detail_lvl5_std', 'mfcc_var', 'wav_approx_std', 'mfcc_2']",0.8154362416107382,0.7319277108433735,0.9204545454545454,0.8273945856107248,0.9035971223021583,0.9057692307692308,0.9014354066985646,0.9230367559217479,0.9643835616438357,0.9887640449438202,0.9411764705882353,0.9967402991151286
SGD,0.8944186423619843,0.8748133335727758,0.9224724020389655,0.9243697478991597,0.9180114985787765,"{'alpha': 0.0001, 'penalty': 'l2', 'loss': 'log_loss', 'class_weight': 'balanced'}","['spec_skew', 'wav_detail_lvl5_std', 'mfcc_std', 'wav_approx_std', 'mfcc_2']",0.8119800332778702,0.7240356083086054,0.9242424242424242,0.8273538169113306,0.9044401544401545,0.9123661148977604,0.8966507177033493,0.9294886147640133,0.9668357393679282,0.9880382775119617,0.946524064171123,0.9971920640609856
SGD,0.8941608896066796,0.8745080575989402,0.9222820866783715,0.9239877769289534,0.918000699133595,"{'alpha': 0.0001, 'penalty': 'l2', 'loss': 'log_loss', 'class_weight': 'balanced'}","['spec_skew', 'wav_detail_lvl5_std', 'mfcc_var', 'wav_approx_std', 'mfcc_2']",0.8119800332778702,0.7240356083086054,0.9242424242424242,0.8288762633350083,0.9040963855421686,0.9106796116504854,0.8976076555023923,0.9279844438014733,0.96640625,0.9888089528377298,0.944996180290298,0.9971413902643036
SGD,0.8941530758035353,0.8730977579832505,0.9263325425864126,0.9274255156608098,0.9278233880377962,"{'alpha': 0.0001, 'penalty': 'l2', 'loss': 'log_loss', 'class_weight': 'balanced'}","['mfcc_mean', 'NDSI', 'mfcc_1', 'wav_detail_lvl5_std', 'mfcc_var', 'wav_approx_std', 'mfcc_2']",0.8013029315960912,0.7028571428571428,0.9318181818181818,0.8391967341259625,0.9076773566569485,0.9220138203356367,0.8937799043062201,0.9461565741753981,0.9734789391575663,0.9944223107569721,0.9533995416348358,0.998116855812028
SGD,0.8941143966838649,0.8752330308818598,0.9209630582695598,0.9255156608097784,0.9209957349792934,"{'alpha': 0.0001, 'penalty': 'elasticnet', 'loss': 'log_loss', 'class_weight': 'balanced'}","['mfcc_mean', 'spec_skew', 'mfcc_1', 'wav_detail_lvl5_std', 'mfcc_std', 'wav_approx_std', 'mfcc_2']",0.8080133555926544,0.7223880597014926,0.9166666666666666,0.8362429959612564,0.9053857350800583,0.9183070866141733,0.8928229665071771,0.9296560261815461,0.968944099378882,0.9850039463299132,0.9533995416348358,0.9970881827950779
SGD,0.8939850663989501,0.8726285717636216,0.9271475256769374,0.9274255156608098,0.9217573929775781,"{'alpha': 0.0001, 'penalty': 'l2', 'loss': 'log_loss', 'class_weight': 'balanced'}","['spec_kurtosis', 'NDSI', 'wav_detail_lvl5_std', 'mfcc_std', 'wav_approx_std', 'mfcc_2']",0.8006482982171799,0.6997167138810199,0.9356060606060606,0.8318929886642458,0.9074074074074074,0.9245283018867925,0.8909090909090909,0.9357045910290716,0.9738994935722634,0.9936406995230525,0.9549274255156608,0.9976745992394173
SGD,0.8939005219424748,0.8753644373574382,0.9197057930030067,0.9243697478991597,0.9188307352413331,"{'alpha': 0.0001, 'penalty': 'elasticnet', 'loss': 'log_loss', 'class_weight': 'balanced'}","['mfcc_mean', 'spec_skew', 'wav_detail_lvl5_std', 'mfcc_var', 'wav_approx_std', 'mfcc_2']",0.8100840336134454,0.7280966767371602,0.9128787878787878,0.8329777072196936,0.9048076923076923,0.9091787439613527,0.9004784688995215,0.9263032088265424,0.9668098399062867,0.9888178913738019,0.9457601222307105,0.9972112896777632
SGD,0.8938716130248463,0.8714547321700886,0.9322920715335576,0.9278074866310161,0.9115075552407884,"{'alpha': 0.0001, 'penalty': 'l2', 'loss': 'log_loss', 'class_weight': 'balanced'}","['mfcc_mean', 'spec_skew', 'NDSI', 'wav_detail_lvl5_std', 'mfcc_var', 'mfcc_std', 'mfcc_2']",0.7993680884676145,0.6856368563685636,0.9583333333333334,0.7966027131951363,0.9062034739454095,0.9412371134020618,0.8736842105263158,0.9399859821677345,0.9760432766615147,0.9874902267396404,0.9648586707410237,0.9979339703594946
SGD,0.893868953405993,0.872340874941311,0.9270242227672568,0.9266615737203973,0.9211425711684783,"{'alpha': 0.001, 'penalty': 'elasticnet', 'loss': 'log_loss', 'class_weight': 'balanced'}","['mfcc_mean', 'spec_kurtosis', 'NDSI', 'mfcc_1', 'wav_detail_lvl5_std', 'mfcc_var', 'wav_approx_std', 'mfcc_2']",0.801948051948052,0.7017045454545454,0.9356060606060606,0.8318161427461168,0.9070667957405615,0.9177277179236043,0.8966507177033493,0.9340431674062176,0.9725920125293657,0.9975903614457832,0.9488158899923606,0.9975684033531004
SGD,0.8938460848876834,0.8723481475534145,0.92695989081438,0.9266615737203973,0.9218538907567863,"{'alpha': 0.001, 'penalty': 'elasticnet', 'loss': 'log_loss', 'class_weight': 'balanced'}","['mfcc_mean', 'spec_skew', 'NDSI', 'mfcc_1', 'wav_detail_lvl5_std', 'mfcc_var', 'wav_approx_std', 'mfcc_2']",0.801948051948052,0.7017045454545454,0.9356060606060606,0.8320050115118716,0.9069767441860465,0.9185475956820413,0.8956937799043062,0.935850238377813,0.9726134585289515,0.9967923015236567,0.9495798319327731,0.9977064223806743
SGD,0.8937647240423819,0.8713547386052133,0.9315414203959095,0.9278074866310161,0.9116194500300682,"{'alpha': 0.0001, 'penalty': 'elasticnet', 'loss': 'log_loss', 'class_weight': 'balanced'}","['spec_skew', 'NDSI', 'wav_detail_lvl5_std', 'mfcc_var', 'mfcc_std', 'mfcc_2']",0.7987321711568938,0.6866485013623979,0.9545454545454546,0.797600695939719,0.9065743944636678,0.9376278118609407,0.877511961722488,0.9393639624712258,0.975987606506584,0.9897879025923016,0.9625668449197861,0.9978936916792597
SGD,0.8937558477510429,0.8739096512396558,0.9222687958756071,0.9228418640183346,0.9171799212704359,"{'alpha': 0.0001, 'penalty': 'elasticnet', 'loss': 'log_loss', 'class_weight': 'balanced'}","['spec_kurtosis', 'mfcc_1', 'wav_detail_lvl5_std', 'mfcc_var', 'wav_approx_std', 'mfcc_2']",0.813953488372093,0.7248520710059172,0.928030303030303,0.832512492312378,0.9024154589371981,0.911219512195122,0.8937799043062201,0.9224915637916801,0.9648985959438378,0.9856573705179282,0.944996180290298,0.9965357077072498
SGD,0.8937118125315134,0.8735389206082437,0.9235042820956133,0.9270435446906035,0.9256553571403799,"{'alpha': 0.0001, 'penalty': 'l2', 'loss': 'log_loss', 'class_weight': 'balanced'}","['mfcc_mean', 'NDSI', 'mfcc_1', 'wav_detail_lvl5_std', 'wav_approx_std', 'mfcc_2']",0.800658978583196,0.7084548104956269,0.9204545454545454,0.834551082231864,0.9078630004823927,0.9153696498054474,0.9004784688995215,0.9443563384326773,0.9726134585289515,0.9967923015236567,0.9495798319327731,0.9980586507565988
SGD,0.8935547739322329,0.8746237479368187,0.9204537636426181,0.9247517188693659,0.9161134818336653,"{'alpha': 0.0001, 'penalty': 'elasticnet', 'loss': 'log_loss', 'class_weight': 'balanced'}","['spec_skew', 'mfcc_1', 'wav_detail_lvl5_std', 'wav_approx_std', 'mfcc_2']",0.8080133555926544,0.7223880597014926,0.9166666666666666,0.8247241051085427,0.9045079980610761,0.9165029469548134,0.8928229665071771,0.9266687032939869,0.9681429681429682,0.9849802371541502,0.9518716577540107,0.9969476370984663
SGD,0.8935389769668718,0.8717782730743847,0.9280268407203391,0.9274255156608098,0.9221710963771326,"{'alpha': 0.0001, 'penalty': 'elasticnet', 'loss': 'log_loss', 'class_weight': 'balanced'}","['spec_kurtosis', 'NDSI', 'wav_detail_lvl5_std', 'mfcc_var', 'wav_approx_std', 'mfcc_2']",0.7987117552334944,0.6946778711484594,0.9393939393939394,0.8339590481881077,0.9072265625,0.9262213359920239,0.8889952153110048,0.9348843541906728,0.9746786131671211,0.994435612082671,0.9556913674560733,0.997669886752617
SGD,0.8934344897017631,0.8746035685722954,0.9198828175608361,0.9236058059587471,0.9142858700972537,"{'alpha': 0.0001, 'penalty': 'elasticnet', 'loss': 'log_loss', 'class_weight': 'balanced'}","['spec_kurtosis', 'mfcc_1', 'wav_detail_lvl5_std', 'wav_approx_std', 'mfcc_2']",0.8107202680067002,0.7267267267267268,0.9166666666666666,0.8229315424563785,0.9034749034749034,0.9113924050632911,0.8956937799043062,0.9233701058123921,0.9661082976236852,0.985691573926868,0.9472880061115355,0.9965559620229903
SGD,0.8933627572365092,0.8712667376075197,0.9285122342397885,0.9255156608097784,0.9055091584009874,"{'alpha': 0.0001, 'penalty': 'l2', 'loss': 'log_loss', 'class_weight': 'balanced'}","['mfcc_mean', 'spec_skew', 'mfcc_1', 'wav_detail_lvl5_std', 'mfcc_var', 'mfcc_2']",0.8038585209003215,0.6983240223463687,0.946969696969697,0.7862670043005445,0.9046454767726161,0.925,0.8851674641148325,0.9332320529241951,0.9715842740365901,0.9904761904761905,0.9533995416348358,0.9970284179782228
SGD,0.8933542064637169,0.8717622163675784,0.9274021729904082,0.9278074866310161,0.921548568368987,"{'alpha': 0.001, 'penalty': 'l2', 'loss': 'log_loss', 'class_weight': 'balanced'}","['spec_skew', 'spec_kurtosis', 'NDSI', 'wav_detail_lvl5_std', 'mfcc_var', 'mfcc_std', 'wav_approx_std', 'mfcc_2']",0.7967741935483871,0.6938202247191011,0.9356060606060606,0.8307788326882777,0.9078498293515358,0.9254473161033797,0.8909090909090909,0.9360916884210754,0.9754385964912281,0.9960191082802548,0.9556913674560733,0.9977751839976081
SGD,0.8933161113670801,0.8714250157420848,0.9280645910676869,0.9251336898395722,0.8993970526239177,"{'alpha': 0.0001, 'penalty': 'l2', 'loss': 'log_loss', 'class_weight': 'balanced'}","['mfcc_mean', 'spec_skew', 'mfcc_1', 'wav_detail_lvl5_std', 'mfcc_std', 'mfcc_2']",0.8051529790660226,0.7002801120448179,0.946969696969697,0.7673896783722183,0.903921568627451,0.9266331658291457,0.8822966507177034,0.9335189374472617,0.970873786407767,0.9873617693522907,0.9549274255156608,0.9972825420522731
SGD,0.8933069311369165,0.8718034592487932,0.9272735090846546,0.9278074866310161,0.9223602995135282,"{'alpha': 0.0001, 'penalty': 'elasticnet', 'loss': 'log_loss', 'class_weight': 'balanced'}","['spec_kurtosis', 'NDSI', 'wav_detail_lvl5_std', 'mfcc_var', 'mfcc_std', 'wav_approx_std', 'mfcc_2']",0.7967741935483871,0.6938202247191011,0.9356060606060606,0.8338645908999309,0.9076697606253054,0.9271457085828343,0.8889952153110048,0.9354906748575402,0.9754768392370572,0.9944444444444445,0.9572192513368984,0.9977256327831135
SGD,0.8931549066110144,0.87430425141113,0.9196281702473653,0.9232238349885409,0.9156471661879877,"{'alpha': 0.0001, 'penalty': 'l2', 'loss': 'log_loss', 'class_weight': 'balanced'}","['spec_kurtosis', 'wav_detail_lvl5_std', 'mfcc_std', 'wav_approx_std', 'mfcc_2']",0.8107202680067002,0.7267267267267268,0.9166666666666666,0.8255249968448046,0.9030390738060782,0.9105058365758755,0.8956937799043062,0.9248006665709214,0.965705378020265,0.9856801909307876,0.946524064171123,0.9966158351482373
SGD,0.8930818393133434,0.8732114467408585,0.9219604269139873,0.9239877769289534,0.919426243126404,"{'alpha': 0.0001, 'penalty': 'l2', 'loss': 'log_loss', 'class_weight': 'balanced'}","['spec_skew', 'mfcc_1', 'wav_detail_lvl5_std', 'mfcc_var', 'wav_approx_std', 'mfcc_2']",0.8079470198675497,0.7176470588235294,0.9242424242424242,0.8337638242510267,0.9036319612590799,0.9147058823529411,0.8928229665071771,0.9275290218241581,0.9676665368134009,0.9872813990461049,0.9488158899923606,0.9969858833040272
SGD,0.8930733252537008,0.8717582692991176,0.9257615965046305,0.926279602750191,0.9212051761603338,"{'alpha': 0.001, 'penalty': 'elasticnet', 'loss': 'log_loss', 'class_weight': 'balanced'}","['mfcc_mean', 'spec_kurtosis', 'NDSI', 'wav_detail_lvl5_std', 'mfcc_var', 'mfcc_std', 'wav_approx_std', 'mfcc_2']",0.8,0.7008547008547008,0.9318181818181818,0.8315953612951196,0.9066279632317368,0.9168297455968689,0.8966507177033493,0.9344189608072696,0.9725920125293657,0.9975903614457832,0.9488158899923606,0.9976012063786122
SGD,0.8930214729824639,0.8720107591706628,0.9253245636372571,0.9274255156608098,0.9209797368474062,"{'alpha': 0.001, 'penalty': 'elasticnet', 'loss': 'log_loss', 'class_weight': 'balanced'}","['spec_kurtosis', 'NDSI', 'mfcc_1', 'wav_detail_lvl5_std', 'mfcc_std', 'wav_approx_std', 'mfcc_2']",0.7967479674796748,0.698005698005698,0.928030303030303,0.8291024213732311,0.9076773566569485,0.9220138203356367,0.8937799043062201,0.9361781748200484,0.9746390948107686,0.9960127591706539,0.9541634835752483,0.9976586143489392
SGD,0.8927692527382328,0.8711654783244994,0.9268285464105898,0.9270435446906035,0.9218309003406664,"{'alpha': 0.001, 'penalty': 'elasticnet', 'loss': 'log_loss', 'class_weight': 'balanced'}","['spec_skew', 'spec_kurtosis', 'NDSI', 'mfcc_1', 'wav_detail_lvl5_std', 'mfcc_std', 'wav_approx_std', 'mfcc_2']",0.7967741935483871,0.6938202247191011,0.9356060606060606,0.8306830774093446,0.9068746952705997,0.9244532803180915,0.8899521531100478,0.9370360373850166,0.9746588693957114,0.9952229299363057,0.9549274255156608,0.9977735862276379
SGD,0.892650826783147,0.8712065969088133,0.9260778952729417,0.9270435446906035,0.9209054525906145,"{'alpha': 0.001, 'penalty': 'elasticnet', 'loss': 'log_loss', 'class_weight': 'balanced'}","['spec_kurtosis', 'NDSI', 'mfcc_1', 'wav_detail_lvl5_std', 'mfcc_var', 'wav_approx_std', 'mfcc_2']",0.7961165048543689,0.6949152542372882,0.9318181818181818,0.8300360340402204,0.9072365225837785,0.9211045364891519,0.8937799043062201,0.9350269621357502,0.9745994529112935,0.9976,0.9526355996944232,0.9976533615958728
SGD,0.8926275983923349,0.870973276160214,0.9263219322816845,0.9258976317799847,0.9214987999289703,"{'alpha': 0.001, 'penalty': 'l2', 'loss': 'log_loss', 'class_weight': 'balanced'}","['mfcc_mean', 'spec_skew', 'spec_kurtosis', 'NDSI', 'wav_detail_lvl5_std', 'mfcc_var', 'mfcc_std', 'wav_approx_std', 'mfcc_2']",0.7993527508090615,0.6977401129943502,0.9356060606060606,0.831762268006004,0.9059165858389913,0.9183874139626352,0.8937799043062201,0.9350430743990589,0.9726134585289515,0.9967923015236567,0.9495798319327731,0.9976910573818484
SGD,0.892588833599233,0.8719228424444937,0.9228052305451686,0.9197860962566845,0.9104977204985606,"{'alpha': 0.0001, 'penalty': 'elasticnet', 'loss': 'log_loss', 'class_weight': 'balanced'}","['mfcc_1', 'wav_detail_lvl5_std', 'mfcc_var', 'mfcc_2']",0.8184818481848185,0.7251461988304093,0.9393939393939394,0.8033729890040819,0.8982558139534884,0.9097154072620216,0.8870813397129187,0.9315664743449283,0.961028838659392,0.9809069212410502,0.9419404125286478,0.9965536981466714
SGD,0.8925036959150221,0.8733816307644348,0.9196281702473653,0.9232238349885409,0.925711458122641,"{'alpha': 0.0001, 'penalty': 'elasticnet', 'loss': 'log_loss', 'class_weight': 'balanced'}","['mfcc_mean', 'spec_skew', 'mfcc_var', 'wav_approx_std', 'mfcc_2']",0.8080133555926544,0.7223880597014926,0.9166666666666666,0.8545332125564788,0.9030390738060782,0.9105058365758755,0.8956937799043062,0.925617318855028,0.9664586583463338,0.9872509960159362,0.946524064171123,0.9969838429564163
SGD,0.8924334918811269,0.869119526661892,0.9340666729211621,0.9285714285714286,0.9099340981985703,"{'alpha': 0.0001, 'penalty': 'elasticnet', 'loss': 'log_loss', 'class_weight': 'balanced'}","['spec_kurtosis', 'NDSI', 'wav_detail_lvl5_std', 'mfcc_std', 'mfcc_2']",0.7900466562986003,0.6701846965699209,0.9621212121212122,0.7980449622289016,0.9074715487382484,0.9395491803278688,0.877511961722488,0.9339783045929625,0.9797822706065319,0.997624703087886,0.9625668449197861,0.9977790277738466
SGD,0.8923221906506106,0.8737436557838221,0.9183012120318622,0.9228418640183346,0.9188047338698313,"{'alpha': 0.0001, 'penalty': 'elasticnet', 'loss': 'log_loss', 'class_weight': 'balanced'}","['mfcc_mean', 'spec_kurtosis', 'mfcc_1', 'wav_detail_lvl5_std', 'mfcc_std', 'wav_approx_std', 'mfcc_2']",0.8087248322147651,0.7259036144578314,0.9128787878787878,0.8355037653542047,0.9025096525096525,0.9104186952288218,0.8947368421052632,0.9242114778680988,0.9657320872274143,0.9849086576648134,0.9472880061115355,0.9966989583871901
SGD,0.8921075571759854,0.8724280490501047,0.9209497674667952,0.9243697478991597,0.9190134671744725,"{'alpha': 0.0001, 'penalty': 'l2', 'loss': 'log_loss', 'class_weight': 'balanced'}","['spec_skew', 'spec_kurtosis', 'wav_detail_lvl5_std', 'mfcc_var', 'wav_approx_std', 'mfcc_2']",0.8033057851239669,0.7126099706744868,0.9204545454545454,0.8289914941837215,0.9036964980544747,0.9188921859545005,0.8889952153110048,0.9309930102620103,0.9693203883495146,0.985781990521327,0.9533995416348358,0.9970558970776857
SGD,0.8920201943155504,0.8702913453417179,0.926002953015337,0.9255156608097784,0.9212921645348944,"{'alpha': 0.001, 'penalty': 'l2', 'loss': 'log_loss', 'class_weight': 'balanced'}","['mfcc_mean', 'spec_skew', 'spec_kurtosis', 'NDSI', 'mfcc_1', 'wav_detail_lvl5_std', 'mfcc_var', 'wav_approx_std', 'mfcc_2']",0.7980613893376414,0.6957746478873239,0.9356060606060606,0.8317435275575925,0.9053857350800583,0.9183070866141733,0.8928229665071771,0.9344740473912756,0.9726134585289515,0.9967923015236567,0.9495798319327731,0.997658918655815
SGD,0.8919966974292884,0.870301198408885,0.92593862106246,0.9255156608097784,0.9213775172327164,"{'alpha': 0.001, 'penalty': 'l2', 'loss': 'log_loss', 'class_weight': 'balanced'}","['mfcc_mean', 'spec_skew', 'spec_kurtosis', 'NDSI', 'mfcc_1', 'wav_detail_lvl5_std', 'mfcc_std', 'wav_approx_std', 'mfcc_2']",0.7980613893376414,0.6957746478873239,0.9356060606060606,0.8309425424816212,0.9052938319572608,0.9191321499013807,0.8918660287081339,0.9355398207418515,0.9726348709929633,0.9959967974379503,0.9503437738731857,0.9976501884746768
SGD,0.8919293516825224,0.8705663933125217,0.9246786752978703,0.9247517188693659,0.9211901759320197,"{'alpha': 0.001, 'penalty': 'elasticnet', 'loss': 'log_loss', 'class_weight': 'balanced'}","['mfcc_mean', 'spec_kurtosis', 'NDSI', 'mfcc_1', 'wav_detail_lvl5_std', 'mfcc_std', 'wav_approx_std', 'mfcc_2']",0.8,0.7008547008547008,0.9318181818181818,0.8309382066697437,0.9047849202513292,0.9140625,0.8956937799043062,0.9350734465736225,0.9710031347962382,0.996781979082864,0.946524064171123,0.9975588745526925
SGD,0.8917618136359556,0.8697692794565351,0.9284292504880739,0.9251336898395722,0.9027797896739447,"{'alpha': 0.0001, 'penalty': 'l2', 'loss': 'log_loss', 'class_weight': 'balanced'}","['mfcc_mean', 'spec_skew', 'spec_kurtosis', 'wav_detail_lvl5_std', 'mfcc_var', 'mfcc_std', 'mfcc_2']",0.7993630573248408,0.6895604395604396,0.9507575757575758,0.7738160329528261,0.902970297029703,0.9353846153846154,0.8727272727272727,0.9373006004592919,0.972952086553323,0.9843627834245504,0.9618029029793735,0.997222735609716
SGD,0.8916969614621899,0.8680791670357303,0.9327961168518444,0.926279602750191,0.9108941908236742,"{'alpha': 0.001, 'penalty': 'elasticnet', 'loss': 'log_loss', 'class_weight': 'balanced'}","['spec_skew', 'spec_kurtosis', 'NDSI', 'mfcc_1', 'wav_detail_lvl5_std', 'mfcc_var', 'mfcc_2']",0.79375,0.675531914893617,0.9621212121212122,0.799824627414589,0.9051597051597051,0.9303030303030303,0.8813397129186603,0.93504842602282,0.9761811792268645,0.9984025559105432,0.9549274255156608,0.9978095190336135
SGD,0.891645304579188,0.8700362134533908,0.9254909778903587,0.9251336898395722,0.9211260033666733,"{'alpha': 0.0001, 'penalty': 'elasticnet', 'loss': 'log_loss', 'class_weight': 'balanced'}","['spec_kurtosis', 'NDSI', 'mfcc_1', 'wav_detail_lvl5_std', 'wav_approx_std', 'mfcc_2']",0.7980613893376414,0.6957746478873239,0.9356060606060606,0.8313344035252639,0.9045764362220059,0.9207135777998018,0.8889952153110048,0.9344093195584837,0.9722980881779165,0.9936204146730463,0.9518716577540107,0.9976342870162721
SGD,0.8915096882579533,0.8731724200985603,0.9170385857692359,0.9224598930481284,0.9162720003702917,"{'alpha': 0.0001, 'penalty': 'elasticnet', 'loss': 'log_loss', 'class_weight': 'balanced'}","['mfcc_mean', 'spec_kurtosis', 'wav_detail_lvl5_std', 'mfcc_var', 'mfcc_std', 'wav_approx_std', 'mfcc_2']",0.8067226890756303,0.7250755287009063,0.9090909090909091,0.8319316221101267,0.9020742884708153,0.9095330739299611,0.8947368421052632,0.9201770752973192,0.9657320872274143,0.9849086576648134,0.9472880061115355,0.9967073037034293
SGD,0.8914643588936516,0.8717283152676644,0.9205664562475708,0.9239877769289534,0.9193746168723278,"{'alpha': 0.0001, 'penalty': 'elasticnet', 'loss': 'log_loss', 'class_weight': 'balanced'}","['spec_skew', 'spec_kurtosis', 'wav_detail_lvl5_std', 'mfcc_std', 'wav_approx_std', 'mfcc_2']",0.801980198019802,0.7105263157894737,0.9204545454545454,0.8272040988669739,0.9030686799805163,0.9196428571428571,0.8870813397129187,0.9338321027494936,0.9693441986806364,0.9850157728706624,0.9541634835752483,0.9970876490005163
SGD,0.891459438190593,0.8696882478121717,0.9254936583883953,0.9247517188693659,0.9211785176635233,"{'alpha': 0.001, 'penalty': 'elasticnet', 'loss': 'log_loss', 'class_weight': 'balanced'}","['mfcc_mean', 'spec_skew', 'spec_kurtosis', 'NDSI', 'wav_detail_lvl5_std', 'mfcc_var', 'wav_approx_std', 'mfcc_2']",0.7980613893376414,0.6957746478873239,0.9356060606060606,0.8312811490834577,0.9045079980610761,0.9165029469548134,0.8928229665071771,0.9346751507161382,0.9718089271730619,0.9967871485943776,0.948051948051948,0.9975792531909737
SGD,0.8911384910322194,0.8729190031161395,0.9162773243268599,0.9209320091673033,0.9223776961934637,"{'alpha': 0.0001, 'penalty': 'elasticnet', 'loss': 'log_loss', 'class_weight': 'balanced'}","['mfcc_mean', 'spec_kurtosis', 'mfcc_var', 'wav_approx_std', 'mfcc_2']",0.8094435075885329,0.729483282674772,0.9090909090909091,0.8520874783518237,0.9007194244604316,0.9028846153846154,0.8985645933014355,0.9184438771257318,0.9632525410476935,0.9863891112890312,0.9411764705882353,0.9966017331028355
SGD,0.8911047717632568,0.867458389033492,0.9324771375854967,0.9258976317799847,0.9101795832323288,"{'alpha': 0.001, 'penalty': 'l2', 'loss': 'log_loss', 'class_weight': 'balanced'}","['spec_skew', 'spec_kurtosis', 'NDSI', 'wav_detail_lvl5_std', 'mfcc_var', 'mfcc_std', 'mfcc_2']",0.7925117004680188,0.6737400530503979,0.9621212121212122,0.7977024989801894,0.904621435594887,0.9302325581395349,0.8803827751196173,0.9350234396916121,0.9761811792268645,0.9984025559105432,0.9549274255156608,0.9978128110251849
SGD,0.8909999779105231,0.8675477788067347,0.9332383990278728,0.9274255156608098,0.9083043300281662,"{'alpha': 0.0001, 'penalty': 'elasticnet', 'loss': 'log_loss', 'class_weight': 'balanced'}","['spec_kurtosis', 'NDSI', 'mfcc_1', 'wav_detail_lvl5_std', 'mfcc_2']",0.7875968992248062,0.6666666666666666,0.9621212121212122,0.7943911074668679,0.9060336300692384,0.9375639713408394,0.876555023923445,0.9328010639068239,0.9793694044375243,0.9984126984126984,0.961038961038961,0.9977208187108071
SGD,0.8908694611619259,0.8709894060872502,0.9203118089341,0.9236058059587471,0.9196114776775812,"{'alpha': 0.0001, 'penalty': 'elasticnet', 'loss': 'log_loss', 'class_weight': 'balanced'}","['spec_skew', 'spec_kurtosis', 'wav_detail_lvl5_std', 'mfcc_var', 'mfcc_std', 'wav_approx_std', 'mfcc_2']",0.800658978583196,0.7084548104956269,0.9204545454545454,0.8298132482730569,0.9026290165530672,0.9187314172447968,0.8870813397129187,0.9319329954418788,0.9693203883495146,0.985781990521327,0.9533995416348358,0.9970881893178077
SGD,0.8908516107618262,0.8691005609499914,0.9248556998556999,0.9239877769289534,0.9206282177204272,"{'alpha': 0.001, 'penalty': 'elasticnet', 'loss': 'log_loss', 'class_weight': 'balanced'}","['mfcc_mean', 'spec_skew', 'spec_kurtosis', 'NDSI', 'mfcc_1', 'wav_detail_lvl5_std', 'wav_approx_std', 'mfcc_2']",0.7980613893376414,0.6957746478873239,0.9356060606060606,0.829509658579801,0.903444929645803,0.9163385826771654,0.8909090909090909,0.9349081795730558,0.9710485133020345,0.9951884522854851,0.948051948051948,0.9974668150084252
SGD,0.8908232848816411,0.867144753773382,0.9322224902720259,0.9255156608097784,0.9089712283343504,"{'alpha': 0.001, 'penalty': 'elasticnet', 'loss': 'log_loss', 'class_weight': 'balanced'}","['spec_kurtosis', 'NDSI', 'mfcc_1', 'wav_detail_lvl5_std', 'mfcc_std', 'mfcc_2']",0.7925117004680188,0.6737400530503979,0.9621212121212122,0.7950610737521543,0.9041769041769042,0.9292929292929293,0.8803827751196173,0.9341674308263836,0.97578125,0.9984012789768185,0.9541634835752483,0.997685180424513
SGD,0.8907028370504815,0.8687146790730318,0.9261640062723654,0.9239877769289534,0.8972955550796594,"{'alpha': 0.0001, 'penalty': 'l2', 'loss': 'log_loss', 'class_weight': 'balanced'}","['mfcc_mean', 'spec_skew', 'wav_detail_lvl5_std', 'mfcc_var', 'mfcc_std', 'mfcc_2']",0.7980769230769231,0.6916666666666667,0.9431818181818182,0.7633434296555768,0.9024031387935263,0.9255533199195171,0.8803827751196173,0.9314835031401946,0.9716284492809949,0.9889240506329114,0.9549274255156608,0.997059732443207
SGD,0.8906915009645573,0.8672631322908924,0.9326647724480542,0.9266615737203973,0.9132379448859808,"{'alpha': 0.0001, 'penalty': 'elasticnet', 'loss': 'log_loss', 'class_weight': 'balanced'}","['spec_skew', 'spec_kurtosis', 'NDSI', 'wav_detail_lvl5_std', 'mfcc_var', 'mfcc_2']",0.7888198757763976,0.6684210526315789,0.9621212121212122,0.8024634961067771,0.9050445103857567,0.9365404298874105,0.8755980861244019,0.9391725761647927,0.9782101167315175,0.9968279143536876,0.9602750190985485,0.9980777623863727
SGD,0.8905658579405985,0.8707031834921112,0.9199928296677523,0.9232238349885409,0.9179259643495691,"{'alpha': 0.0001, 'penalty': 'l2', 'loss': 'log_loss', 'class_weight': 'balanced'}","['spec_skew', 'spec_kurtosis', 'mfcc_1', 'wav_detail_lvl5_std', 'wav_approx_std', 'mfcc_2']",0.800658978583196,0.7084548104956269,0.9204545454545454,0.8245706183954108,0.9020944958597175,0.9186507936507936,0.8861244019138756,0.932190516578511,0.968944099378882,0.9850039463299132,0.9533995416348358,0.9970167580747855
SGD,0.8905051096829516,0.871980624385809,0.9163416562797367,0.9209320091673033,0.9158034901266738,"{'alpha': 0.0001, 'penalty': 'l2', 'loss': 'log_loss', 'class_weight': 'balanced'}","['mfcc_mean', 'spec_kurtosis', 'wav_detail_lvl5_std', 'mfcc_var', 'wav_approx_std', 'mfcc_2']",0.8067226890756303,0.7250755287009063,0.9090909090909091,0.8311674679004898,0.9008145663632008,0.9021113243761996,0.8995215311004785,0.9194109676952176,0.9639780736100235,0.9887550200803212,0.9404125286478228,0.9968320347843138
SGD,0.8904603969360244,0.8719753889407311,0.9162129923739831,0.9209320091673033,0.9172144897768738,"{'alpha': 0.0001, 'penalty': 'l2', 'loss': 'log_loss', 'class_weight': 'balanced'}","['mfcc_mean', 'spec_kurtosis', 'wav_detail_lvl5_std', 'mfcc_std', 'wav_approx_std', 'mfcc_2']",0.8067226890756303,0.7250755287009063,0.9090909090909091,0.8308976276970209,0.9006240998559769,0.9036608863198459,0.8976076555023923,0.9238707679211904,0.9640344018764659,0.9871897518014412,0.9419404125286478,0.9968750737124101
SGD,0.8904567747382414,0.8686693979698269,0.9249173513105401,0.9243697478991597,0.9206291960391898,"{'alpha': 0.001, 'penalty': 'l2', 'loss': 'log_loss', 'class_weight': 'balanced'}","['spec_skew', 'spec_kurtosis', 'NDSI', 'wav_detail_lvl5_std', 'mfcc_var', 'wav_approx_std', 'mfcc_2']",0.7954911433172303,0.6918767507002801,0.9356060606060606,0.8286040410041166,0.9036027263875365,0.9197224975222993,0.8880382775119617,0.9356381356091542,0.972276454509957,0.994408945686901,0.9511077158135982,0.9976454115042985
SGD,0.8902943139985121,0.8681402023747181,0.9262150474224778,0.9228418640183346,0.9028978484845709,"{'alpha': 0.0001, 'penalty': 'elasticnet', 'loss': 'log_loss', 'class_weight': 'balanced'}","['spec_kurtosis', 'mfcc_1', 'wav_detail_lvl5_std', 'mfcc_var', 'mfcc_std', 'mfcc_2']",0.8,0.6925207756232687,0.946969696969697,0.7865879947022265,0.9007858546168959,0.9253279515640767,0.877511961722488,0.9256025526984055,0.9700970873786408,0.9865718799368088,0.9541634835752483,0.9965029980530805
SGD,0.8902917486855942,0.8687409664965773,0.9240380362671384,0.9243697478991597,0.9196067459503047,"{'alpha': 0.001, 'penalty': 'l2', 'loss': 'log_loss', 'class_weight': 'balanced'}","['spec_skew', 'spec_kurtosis', 'NDSI', 'mfcc_1', 'wav_detail_lvl5_std', 'wav_approx_std', 'mfcc_2']",0.7948303715670436,0.6929577464788732,0.9318181818181818,0.8251660709442918,0.9037900874635568,0.9180651530108588,0.8899521531100478,0.9360610834133075,0.9722547870261821,0.9952,0.9503437738731857,0.9975930834933148
SGD,0.8901812935620601,0.8716820537374813,0.9159583450605121,0.920550038197097,0.9161642604858281,"{'alpha': 0.0001, 'penalty': 'l2', 'loss': 'log_loss', 'class_weight': 'balanced'}","['mfcc_mean', 'spec_kurtosis', 'mfcc_1', 'wav_detail_lvl5_std', 'wav_approx_std', 'mfcc_2']",0.8067226890756303,0.7250755287009063,0.9090909090909091,0.8297451558690835,0.9001919385796545,0.9027911453320501,0.8976076555023923,0.921926907772558,0.9636292530308955,0.9871794871794872,0.9411764705882353,0.996820717815843
SGD,0.8901256043751027,0.8708722646878614,0.9177275854520438,0.922077922077922,0.9252486759582977,"{'alpha': 0.0001, 'penalty': 'elasticnet', 'loss': 'log_loss', 'class_weight': 'balanced'}","['mfcc_mean', 'spec_skew', 'mfcc_var', 'mfcc_std', 'wav_approx_std', 'mfcc_2']",0.8019966722129783,0.7151335311572701,0.9128787878787878,0.8520074524721416,0.9015444015444015,0.9094449853943525,0.8937799043062201,0.9266907094365519,0.9668357393679282,0.9880382775119617,0.946524064171123,0.9970478659662001
SGD,0.8901025153386143,0.8708795266977033,0.9176632534991668,0.922077922077922,0.9192948283647735,"{'alpha': 0.0001, 'penalty': 'l2', 'loss': 'log_loss', 'class_weight': 'balanced'}","['mfcc_mean', 'spec_skew', 'wav_detail_lvl5_std', 'mfcc_std', 'wav_approx_std', 'mfcc_2']",0.8019966722129783,0.7151335311572701,0.9128787878787878,0.8318577404885725,0.9014492753623189,0.9102439024390244,0.8928229665071771,0.9287910188819758,0.9668615984405458,0.9872611464968153,0.9472880061115355,0.997235725723772
SGD,0.8899531583467781,0.8727231207952704,0.9133953421879119,0.922077922077922,0.9177945057888861,"{'alpha': 0.0001, 'penalty': 'l2', 'loss': 'log_loss', 'class_weight': 'balanced'}","['mfcc_mean', 'mfcc_1', 'wav_detail_lvl5_std', 'wav_approx_std', 'mfcc_2']",0.801358234295416,0.7261538461538461,0.8939393939393939,0.82553772240581,0.9025787965616046,0.9008579599618685,0.9043062200956937,0.9309570569645668,0.9659224441833137,0.9911575562700965,0.9419404125286478,0.9968887379962816
SGD,0.8899468634586837,0.866906640271743,0.9319598014644455,0.926279602750191,0.9136029687844087,"{'alpha': 0.0001, 'penalty': 'l2', 'loss': 'log_loss', 'class_weight': 'balanced'}","['mfcc_mean', 'spec_skew', 'spec_kurtosis', 'NDSI', 'wav_detail_lvl5_std', 'mfcc_var', 'mfcc_2']",0.7875968992248062,0.6666666666666666,0.9621212121212122,0.8014572369224613,0.9039323046291687,0.941908713692946,0.8688995215311005,0.9412252402129132,0.9783113865220759,0.9921445404556166,0.9648586707410237,0.9981264292178517
SGD,0.8897141392073977,0.8704676120465263,0.9174702576405362,0.922077922077922,0.9278332093653007,"{'alpha': 0.0001, 'penalty': 'elasticnet', 'loss': 'log_loss', 'class_weight': 'balanced'}","['mfcc_mean', 'spec_skew', 'mfcc_1', 'mfcc_var', 'mfcc_std', 'wav_approx_std', 'mfcc_2']",0.8006644518272426,0.7130177514792899,0.9128787878787878,0.8585537520915236,0.9011627906976745,0.9126594700686947,0.8899521531100478,0.9279949489358982,0.9673151750972763,0.985725614591594,0.9495798319327731,0.9969509270684802
SGD,0.889684602476274,0.8678184082989343,0.9240274259624105,0.9228418640183346,0.9206126267239944,"{'alpha': 0.001, 'penalty': 'l2', 'loss': 'log_loss', 'class_weight': 'balanced'}","['mfcc_mean', 'spec_skew', 'spec_kurtosis', 'NDSI', 'wav_detail_lvl5_std', 'mfcc_std', 'wav_approx_std', 'mfcc_2']",0.7967741935483871,0.6938202247191011,0.9356060606060606,0.8293971183611201,0.9020368574199806,0.9144542772861357,0.8899521531100478,0.9349252809231835,0.9702427564604542,0.9951807228915662,0.946524064171123,0.9975154808876795
SGD,0.8896355407333076,0.8688590193579705,0.9203310191700286,0.9178762414056532,0.9097774596172691,"{'alpha': 0.0001, 'penalty': 'l2', 'loss': 'log_loss', 'class_weight': 'balanced'}","['mfcc_mean', 'mfcc_1', 'wav_detail_lvl5_std', 'mfcc_var', 'mfcc_2']",0.8125,0.7180232558139535,0.9356060606060606,0.8023440439379037,0.8957828405235094,0.9076620825147348,0.8842105263157894,0.9301409476335376,0.9606237816764133,0.9808917197452229,0.9411764705882353,0.996847387280366
SGD,0.889616315963798,0.8659297834809069,0.9317748470999244,0.9251336898395722,0.9093413915656258,"{'alpha': 0.001, 'penalty': 'l2', 'loss': 'log_loss', 'class_weight': 'balanced'}","['spec_skew', 'spec_kurtosis', 'NDSI', 'mfcc_1', 'wav_detail_lvl5_std', 'mfcc_std', 'mfcc_2']",0.7888198757763976,0.6684210526315789,0.9621212121212122,0.7950114276548889,0.903448275862069,0.9309644670050762,0.877511961722488,0.9351929901096703,0.9765807962529274,0.9984038308060654,0.9556913674560733,0.9978197569323185
SGD,0.8895483330802513,0.8687561925018468,0.9204570025777455,0.9182582123758595,0.9026211608280814,"{'alpha': 0.0001, 'penalty': 'elasticnet', 'loss': 'log_loss', 'class_weight': 'balanced'}","['wav_detail_lvl5_std', 'mfcc_var', 'mfcc_std', 'mfcc_2']",0.8111658456486043,0.7159420289855073,0.9356060606060606,0.7823742332511524,0.8960155490767736,0.910167818361303,0.8822966507177034,0.9287485831633798,0.9614636045153756,0.9801587301587301,0.9434682964094728,0.9967406660697119
SGD,0.8894308080184063,0.8724529123870202,0.9124516951916334,0.922077922077922,0.9189330929620677,"{'alpha': 0.0001, 'penalty': 'elasticnet', 'loss': 'log_loss', 'class_weight': 'balanced'}","['mfcc_mean', 'wav_detail_lvl5_std', 'mfcc_std', 'wav_approx_std', 'mfcc_2']",0.7993197278911565,0.7253086419753086,0.8901515151515151,0.8263304179150679,0.9026717557251909,0.9000951474785919,0.9052631578947369,0.9334681725918136,0.9663009404388715,0.9919549477071601,0.9419404125286478,0.9970006883793212
SGD,0.8892455968856647,0.8668183992963003,0.9253894540272248,0.9213139801375095,0.9012424511762068,"{'alpha': 0.0001, 'penalty': 'l2', 'loss': 'log_loss', 'class_weight': 'balanced'}","['spec_skew', 'mfcc_1', 'wav_detail_lvl5_std', 'mfcc_std', 'mfcc_2']",0.8,0.6925207756232687,0.946969696969697,0.7791814337848797,0.8993157380254154,0.919080919080919,0.8803827751196173,0.9273951940520522,0.968421052631579,0.9888535031847133,0.9488158899923606,0.9971507256916887
SGD,0.8891668665331167,0.8693805975856809,0.9184755560916552,0.9224598930481284,0.9196204430575491,"{'alpha': 0.0001, 'penalty': 'l2', 'loss': 'log_loss', 'class_weight': 'balanced'}","['mfcc_mean', 'spec_skew', 'spec_kurtosis', 'wav_detail_lvl5_std', 'mfcc_var', 'wav_approx_std', 'mfcc_2']",0.7973640856672158,0.7055393586005831,0.9166666666666666,0.8313508522340811,0.9012165450121654,0.9168316831683169,0.8861244019138756,0.930411065067208,0.9689199689199689,0.9857707509881423,0.9526355996944232,0.9970994118713583
SGD,0.8890828296379406,0.8667780894759615,0.9272176653755602,0.9236058059587471,0.90561650517215,"{'alpha': 0.0001, 'penalty': 'elasticnet', 'loss': 'log_loss', 'class_weight': 'balanced'}","['mfcc_mean', 'spec_skew', 'mfcc_1', 'wav_detail_lvl5_std', 'mfcc_var', 'mfcc_std', 'mfcc_2']",0.7930489731437599,0.6802168021680217,0.9507575757575758,0.7890290898797818,0.9008919722497523,0.934224049331963,0.8698564593301435,0.9308245058749882,0.9733075435203095,0.9858934169278997,0.961038961038961,0.9969959197616798
SGD,0.889079470663061,0.8652853809392761,0.9310752371123888,0.9239877769289534,0.9088630164781772,"{'alpha': 0.001, 'penalty': 'elasticnet', 'loss': 'log_loss', 'class_weight': 'balanced'}","['spec_skew', 'spec_kurtosis', 'NDSI', 'wav_detail_lvl5_std', 'mfcc_std', 'mfcc_2']",0.7900466562986003,0.6701846965699209,0.9621212121212122,0.79305729348683,0.9022113022113022,0.9272727272727272,0.8784688995215311,0.9357555015998813,0.9749804534792806,0.9983987189751802,0.9526355996944232,0.9977762543478206
SGD,0.8890641927370787,0.8683182704392135,0.9198966668006916,0.9186401833460657,0.9056201952700255,"{'alpha': 0.0001, 'penalty': 'elasticnet', 'loss': 'log_loss', 'class_weight': 'balanced'}","['mfcc_mean', 'mfcc_1', 'wav_detail_lvl5_std', 'mfcc_std', 'mfcc_2']",0.8078817733990148,0.7130434782608696,0.9318181818181818,0.7901408181782973,0.896752302472128,0.9086444007858546,0.8851674641148325,0.9298289121543857,0.9625585023400937,0.9832669322709163,0.9427043544690603,0.9968908554773933
SGD,0.8890531156727629,0.8660346783595094,0.9315764902452209,0.9258976317799847,0.9122766773673631,"{'alpha': 0.0001, 'penalty': 'elasticnet', 'loss': 'log_loss', 'class_weight': 'balanced'}","['mfcc_mean', 'spec_skew', 'spec_kurtosis', 'NDSI', 'wav_detail_lvl5_std', 'mfcc_std', 'mfcc_2']",0.7851622874806801,0.6631853785900783,0.9621212121212122,0.7974919324730996,0.9032901296111665,0.9427679500520292,0.8669856459330143,0.941199355980432,0.9787069299264421,0.9921507064364207,0.9656226126814362,0.9981387436485578
SGD,0.889051505685607,0.8669410640514602,0.9251937776705579,0.9216959511077158,0.9022743828247103,"{'alpha': 0.0001, 'penalty': 'elasticnet', 'loss': 'log_loss', 'class_weight': 'balanced'}","['mfcc_mean', 'spec_kurtosis', 'mfcc_1', 'wav_detail_lvl5_std', 'mfcc_var', 'mfcc_std', 'mfcc_2']",0.7987220447284346,0.6906077348066298,0.946969696969697,0.7860101588609019,0.8990645002461841,0.9259634888438134,0.8736842105263158,0.9242252571081255,0.9693679720822024,0.984251968503937,0.9549274255156608,0.9965877325051032
SGD,0.8889533123559286,0.8673957078271245,0.9227488283989832,0.9216959511077158,0.8952830092392361,"{'alpha': 0.0001, 'penalty': 'elasticnet', 'loss': 'log_loss', 'class_weight': 'balanced'}","['mfcc_mean', 'spec_kurtosis', 'wav_detail_lvl5_std', 'mfcc_var', 'mfcc_std', 'mfcc_2']",0.7980613893376414,0.6957746478873239,0.9356060606060606,0.7634706404935206,0.8999511957052221,0.9183266932270916,0.8822966507177034,0.9257006970802892,0.9688473520249221,0.9880857823669579,0.9503437738731857,0.9966776901438986
SGD,0.8889227138343774,0.8695468823673952,0.9168349796058775,0.9209320091673033,0.9256711317233588,"{'alpha': 0.0001, 'penalty': 'l2', 'loss': 'log_loss', 'class_weight': 'balanced'}","['mfcc_mean', 'spec_skew', 'mfcc_std', 'wav_approx_std', 'mfcc_2']",0.8006644518272426,0.7130177514792899,0.9128787878787878,0.8516283504537094,0.9000482858522453,0.9083820662768031,0.8918660287081339,0.9283947239493816,0.9660554038236442,0.9872408293460925,0.9457601222307105,0.9969903207669853
SGD,0.8888787097026009,0.8686220310214557,0.9185697085851884,0.9182582123758595,0.9061740271643819,"{'alpha': 0.0001, 'penalty': 'elasticnet', 'loss': 'log_loss', 'class_weight': 'balanced'}","['mfcc_1', 'wav_detail_lvl5_std', 'mfcc_std', 'mfcc_2']",0.8085808580858086,0.716374269005848,0.928030303030303,0.7894232385687723,0.8962172647914646,0.9085545722713865,0.8842105263157894,0.9323047509741142,0.9618380062305296,0.9809372517871326,0.9434682964094728,0.996794091950259
SGD,0.8888427035926383,0.8672466663684774,0.9226361357940305,0.9224598930481284,0.9206890429787612,"{'alpha': 0.001, 'penalty': 'l2', 'loss': 'log_loss', 'class_weight': 'balanced'}","['spec_skew', 'spec_kurtosis', 'NDSI', 'wav_detail_lvl5_std', 'mfcc_std', 'wav_approx_std', 'mfcc_2']",0.7948303715670436,0.6929577464788732,0.9318181818181818,0.8272091280407501,0.9014084507042254,0.9151873767258383,0.8880382775119617,0.9372099216981005,0.9702892885066459,0.9935948759007206,0.948051948051948,0.9976480791974329
SGD,0.8885823253004871,0.8691150459310742,0.9167706476530005,0.9209320091673033,0.9183627270165821,"{'alpha': 0.0001, 'penalty': 'l2', 'loss': 'log_loss', 'class_weight': 'balanced'}","['mfcc_mean', 'spec_skew', 'mfcc_1', 'wav_detail_lvl5_std', 'wav_approx_std', 'mfcc_2']",0.7993366500829188,0.7109144542772862,0.9128787878787878,0.8309931356225437,0.8999516674722088,0.9091796875,0.8909090909090909,0.9269283759808484,0.9664586583463338,0.9872509960159362,0.946524064171123,0.9971666694463538
SGD,0.8883449556067418,0.86485526515912,0.9313888553826635,0.9251336898395722,0.9092653422143102,"{'alpha': 0.0001, 'penalty': 'l2', 'loss': 'log_loss', 'class_weight': 'balanced'}","['spec_skew', 'NDSI', 'wav_detail_lvl5_std', 'mfcc_std', 'mfcc_2']",0.7839506172839507,0.6614583333333334,0.9621212121212122,0.7954706025646415,0.9028741328047571,0.9362795477903392,0.8717703349282296,0.9344455099060365,0.9782101167315175,0.9968279143536876,0.9602750190985485,0.9978799141722527
SGD,0.8883406963046473,0.8689561800223068,0.9162613530260589,0.9201680672268907,0.924806754615712,"{'alpha': 0.0001, 'penalty': 'elasticnet', 'loss': 'log_loss', 'class_weight': 'balanced'}","['mfcc_mean', 'spec_skew', 'mfcc_1', 'wav_approx_std', 'mfcc_2']",0.8006644518272426,0.7130177514792899,0.9128787878787878,0.8511407493634989,0.8990825688073395,0.9074074074074074,0.8909090909090909,0.9263499382217566,0.9652750682793602,0.9864433811802232,0.944996180290298,0.9969295762618805
SGD,0.8882474828391519,0.8683823799551784,0.9178375975589598,0.9216959511077158,0.9201402552848273,"{'alpha': 0.0001, 'penalty': 'l2', 'loss': 'log_loss', 'class_weight': 'balanced'}","['mfcc_mean', 'spec_skew', 'spec_kurtosis', 'wav_detail_lvl5_std', 'mfcc_std', 'wav_approx_std', 'mfcc_2']",0.7960526315789473,0.7034883720930233,0.9166666666666666,0.830858669750822,0.9001461276181199,0.9166666666666666,0.8842105263157894,0.932436578221426,0.9685436893203884,0.9849921011058452,0.9526355996944232,0.9971255178822342
SGD,0.8882474828391519,0.8683823799551784,0.9178375975589598,0.9216959511077158,0.9193866881923268,"{'alpha': 0.0001, 'penalty': 'l2', 'loss': 'log_loss', 'class_weight': 'balanced'}","['mfcc_mean', 'spec_skew', 'spec_kurtosis', 'mfcc_1', 'wav_detail_lvl5_std', 'wav_approx_std', 'mfcc_2']",0.7960526315789473,0.7034883720930233,0.9166666666666666,0.8296984060754438,0.9001461276181199,0.9166666666666666,0.8842105263157894,0.9314321902443845,0.9685436893203884,0.9849921011058452,0.9526355996944232,0.9970294682571522
SGD,0.8880471941826483,0.8685129441985477,0.9163256849789357,0.9201680672268907,0.9267830414238922,"{'alpha': 0.0001, 'penalty': 'l2', 'loss': 'log_loss', 'class_weight': 'balanced'}","['mfcc_mean', 'spec_skew', 'mfcc_1', 'mfcc_var', 'wav_approx_std', 'mfcc_2']",0.7993366500829188,0.7109144542772862,0.9128787878787878,0.856714982625149,0.8991799324650265,0.9066147859922179,0.8918660287081339,0.9265812698589229,0.965625,0.988009592326139,0.9442322383498855,0.9970528717876048
SGD,0.8880140906116215,0.8657231318528987,0.9233012343693457,0.9194041252864782,0.8966494210638211,"{'alpha': 0.0001, 'penalty': 'elasticnet', 'loss': 'log_loss', 'class_weight': 'balanced'}","['spec_kurtosis', 'mfcc_1', 'wav_detail_lvl5_std', 'mfcc_std', 'mfcc_2']",0.8006430868167203,0.6955307262569832,0.9431818181818182,0.7698615886981967,0.8974234321827905,0.9120553359683794,0.8832535885167464,0.9233300515171639,0.965975752835354,0.9895833333333334,0.9434682964094728,0.9967566229761027
SGD,0.8878739724166871,0.8671435714875165,0.9186850816881776,0.9171122994652406,0.9020863495657366,"{'alpha': 0.0001, 'penalty': 'l2', 'loss': 'log_loss', 'class_weight': 'balanced'}","['wav_detail_lvl5_std', 'mfcc_var', 'mfcc_2']",0.8078817733990148,0.7130434782608696,0.9318181818181818,0.7810551456646591,0.8947113051916545,0.90748031496063,0.8822966507177034,0.9284519230036732,0.961028838659392,0.9809069212410502,0.9419404125286478,0.9967519800288778
SGD,0.887760997045251,0.8642607219544982,0.9310698761163158,0.9247517188693659,0.9102135745329218,"{'alpha': 0.0001, 'penalty': 'l2', 'loss': 'log_loss', 'class_weight': 'balanced'}","['spec_skew', 'spec_kurtosis', 'NDSI', 'mfcc_1', 'wav_detail_lvl5_std', 'mfcc_2']",0.7827426810477658,0.6597402597402597,0.9621212121212122,0.7948827189750455,0.90233019335647,0.9362139917695473,0.8708133971291866,0.9377165364557535,0.9782101167315175,0.9968279143536876,0.9602750190985485,0.9980414681679665
SGD,0.8877541320304649,0.8651766420549004,0.9255637980870178,0.9209320091673033,0.939518745958003,"{'alpha': 0.0001, 'penalty': 'l2', 'loss': 'log_loss', 'class_weight': 'balanced'}","['mfcc_mean', 'spec_skew', 'mfcc_1', 'mfcc_var', 'mfcc_std', 'mfcc_2']",0.7955625990491284,0.6839237057220708,0.9507575757575758,0.8822814484187266,0.8979793001478561,0.9258130081300813,0.8717703349282296,0.9400075727577284,0.96972049689441,0.9857932123125493,0.9541634835752483,0.996267216697554
SGD,0.8877226781733446,0.8688284936413679,0.9144277806816506,0.9186401833460657,0.9228546146862247,"{'alpha': 0.0001, 'penalty': 'elasticnet', 'loss': 'log_loss', 'class_weight': 'balanced'}","['mfcc_mean', 'spec_kurtosis', 'mfcc_std', 'wav_approx_std', 'mfcc_2']",0.802675585284281,0.718562874251497,0.9090909090909091,0.849624728446237,0.8976453628063431,0.9015444015444015,0.8937799043062201,0.9222918962140682,0.9628470864294094,0.9863782051282052,0.9404125286478228,0.9966472193983689
SGD,0.8875909115549367,0.8655490975467665,0.9220120265011906,0.9167303284950343,0.9106932817231638,"{'alpha': 0.0001, 'penalty': 'elasticnet', 'loss': 'log_loss', 'class_weight': 'balanced'}","['mfcc_mean', 'mfcc_1', 'wav_detail_lvl5_std', 'mfcc_var', 'mfcc_std', 'mfcc_2']",0.8077544426494345,0.704225352112676,0.946969696969697,0.8072794397551766,0.8935546875,0.9122632103688934,0.8755980861244019,0.927869447865895,0.9614636045153756,0.9801587301587301,0.9434682964094728,0.9969309575484198
SGD,0.8875876094187193,0.8646108650935534,0.9311288470731195,0.9255156608097784,0.9106652920435273,"{'alpha': 0.0001, 'penalty': 'elasticnet', 'loss': 'log_loss', 'class_weight': 'balanced'}","['mfcc_mean', 'spec_skew', 'spec_kurtosis', 'NDSI', 'mfcc_1', 'wav_detail_lvl5_std', 'mfcc_2']",0.7803379416282642,0.6563307493540051,0.9621212121212122,0.793783191447342,0.9025487256371814,0.944560669456067,0.8641148325358852,0.9400710922174416,0.9798761609907121,0.9929411764705882,0.9671504965622613,0.9981415924657981
SGD,0.8874098261529283,0.8696795679726553,0.911787155053409,0.919022154316272,0.920379910515628,"{'alpha': 0.0001, 'penalty': 'l2', 'loss': 'log_loss', 'class_weight': 'balanced'}","['mfcc_mean', 'mfcc_1', 'wav_detail_lvl5_std', 'mfcc_var', 'wav_approx_std', 'mfcc_2']",0.8006756756756757,0.7225609756097561,0.8977272727272727,0.8307526264066138,0.8982725527831094,0.9008662175168431,0.8956937799043062,0.9333483532659795,0.96328125,0.9856115107913669,0.9419404125286478,0.9970387518742908
SGD,0.8873454241875294,0.8656845131153431,0.9230114055191455,0.9239877769289534,0.9100630167085377,"{'alpha': 0.0001, 'penalty': 'elasticnet', 'loss': 'log_loss', 'class_weight': 'balanced'}","['mfcc_mean', 'spec_skew', 'NDSI', 'mfcc_1', 'wav_detail_lvl5_std', 'mfcc_var', 'mfcc_std']",0.784688995215311,0.6776859504132231,0.9318181818181818,0.7921465720566819,0.9022113022113022,0.9272727272727272,0.8784688995215311,0.9401593606439718,0.9751359751359752,0.9920948616600791,0.9587471352177235,0.9978831174249595
SGD,0.8873352729872894,0.8675232657063976,0.9168806597599167,0.920550038197097,0.9262670940583405,"{'alpha': 0.0001, 'penalty': 'l2', 'loss': 'log_loss', 'class_weight': 'balanced'}","['mfcc_mean', 'spec_skew', 'spec_kurtosis', 'mfcc_var', 'wav_approx_std', 'mfcc_2']",0.7960526315789473,0.7034883720930233,0.9166666666666666,0.8514879621153431,0.8985365853658537,0.9164179104477612,0.8813397129186603,0.9306083229845193,0.9674166020170675,0.9826635145784082,0.9526355996944232,0.9967049970751591
SGD,0.8872275315296653,0.8671660251970019,0.9175451998981411,0.9236058059587471,0.9131186997257493,"{'alpha': 0.0001, 'penalty': 'elasticnet', 'loss': 'log_loss', 'class_weight': 'balanced'}","['NDSI', 'mfcc_1', 'wav_detail_lvl5_std', 'mfcc_var']",0.7855973813420621,0.69164265129683,0.9090909090909091,0.7969246019650356,0.9030067895247332,0.9154375614552606,0.8909090909090909,0.9443897722984163,0.9730784237222005,0.9944178628389154,0.9526355996944232,0.9980417249137962
SGD,0.8872244338606796,0.8635850880798844,0.930624913442251,0.9239877769289534,0.9101240992857257,"{'alpha': 0.0001, 'penalty': 'l2', 'loss': 'log_loss', 'class_weight': 'balanced'}","['spec_skew', 'NDSI', 'wav_detail_lvl5_std', 'mfcc_var', 'mfcc_2']",0.7827426810477658,0.6597402597402597,0.9621212121212122,0.7984517887725269,0.9015338941118258,0.9334016393442623,0.8717703349282296,0.9340873924366767,0.9773967264224473,0.9976133651551312,0.957983193277311,0.9978331166479736
SGD,0.8871191493378495,0.866820362627962,0.9173820245801668,0.9194041252864782,0.9150308781358903,"{'alpha': 0.001, 'penalty': 'elasticnet', 'loss': 'log_loss', 'class_weight': 'balanced'}","['mfcc_mean', 'spec_skew', 'spec_kurtosis', 'mfcc_1', 'wav_detail_lvl5_std', 'mfcc_var', 'wav_approx_std', 'mfcc_2']",0.7980295566502463,0.7043478260869566,0.9204545454545454,0.8266727955397205,0.8976225133430373,0.9104330708661418,0.8851674641148325,0.9217077313205426,0.965705378020265,0.9856801909307876,0.946524064171123,0.9967121075474077
SGD,0.8870304395704642,0.8698495768209126,0.9101949392197071,0.9167303284950343,0.9185803176356407,"{'alpha': 0.0001, 'penalty': 'elasticnet', 'loss': 'log_loss', 'class_weight': 'balanced'}","['mfcc_1', 'wav_detail_lvl5_std', 'mfcc_var', 'mfcc_std', 'wav_approx_std', 'mfcc_2']",0.8061224489795918,0.7314814814814815,0.8977272727272727,0.8234643997489037,0.8955938697318008,0.8964525407478428,0.8947368421052632,0.9353798401672129,0.959375,0.9816147082334132,0.9381207028265852,0.9968967129908054
SGD,0.8870274870916935,0.866594743441155,0.9172937915197976,0.9167303284950343,0.9012849380685134,"{'alpha': 0.0001, 'penalty': 'l2', 'loss': 'log_loss', 'class_weight': 'balanced'}","['wav_detail_lvl5_std', 'mfcc_std', 'mfcc_2']",0.805921052631579,0.7122093023255814,0.928030303030303,0.7749249561218625,0.8940719144800777,0.9081934846989141,0.8803827751196173,0.9321401850256976,0.9610894941634242,0.979381443298969,0.9434682964094728,0.9967896730579797
SGD,0.8870228036137827,0.8700830039423595,0.9098998610608517,0.919022154316272,0.9189282053766163,"{'alpha': 0.0001, 'penalty': 'l2', 'loss': 'log_loss', 'class_weight': 'balanced'}","['mfcc_mean', 'wav_detail_lvl5_std', 'mfcc_var', 'mfcc_std', 'wav_approx_std', 'mfcc_2']",0.7993197278911565,0.7253086419753086,0.8901515151515151,0.8269870980036664,0.8984674329501916,0.8993288590604027,0.8976076555023923,0.9327817422330829,0.96328125,0.9856115107913669,0.9419404125286478,0.9970157758930996
SGD,0.8869016471004058,0.8645716368165121,0.9233602053261496,0.9201680672268907,0.894879657522682,"{'alpha': 0.0001, 'penalty': 'elasticnet', 'loss': 'log_loss', 'class_weight': 'balanced'}","['mfcc_mean', 'spec_skew', 'wav_detail_lvl5_std', 'mfcc_std', 'mfcc_2']",0.7942583732057417,0.6859504132231405,0.9431818181818182,0.7604604155211194,0.8975992160705536,0.9196787148594378,0.876555023923445,0.9269595149476219,0.9688473520249221,0.9880857823669579,0.9503437738731857,0.9972190420993043
SGD,0.8868227681711502,0.8701100328022857,0.9093395252837976,0.9194041252864782,0.9185647429517522,"{'alpha': 0.0001, 'penalty': 'l2', 'loss': 'log_loss', 'class_weight': 'balanced'}","['mfcc_mean', 'wav_detail_lvl5_std', 'mfcc_var', 'wav_approx_std', 'mfcc_2']",0.797274275979557,0.7244582043343654,0.8863636363636364,0.8272465916660339,0.8991877687529861,0.8979007633587787,0.9004784688995215,0.9314514922491329,0.9640062597809077,0.9879711307137129,0.9411764705882353,0.9969961449400898
SGD,0.8867842261834283,0.8664154387351625,0.9173176926272902,0.9194041252864782,0.9148956307915936,"{'alpha': 0.001, 'penalty': 'elasticnet', 'loss': 'log_loss', 'class_weight': 'balanced'}","['mfcc_mean', 'spec_skew', 'spec_kurtosis', 'mfcc_1', 'wav_detail_lvl5_std', 'mfcc_std', 'wav_approx_std', 'mfcc_2']",0.7967213114754098,0.7023121387283237,0.9204545454545454,0.8262928060451111,0.8975230694511899,0.9112426035502958,0.8842105263157894,0.9216885267701187,0.9661082976236852,0.985691573926868,0.9472880061115355,0.9967055595595511
SGD,0.8866223775209083,0.8675017577136779,0.9140417889643896,0.9186401833460657,0.9219501509293502,"{'alpha': 0.0001, 'penalty': 'elasticnet', 'loss': 'log_loss', 'class_weight': 'balanced'}","['mfcc_mean', 'spec_kurtosis', 'mfcc_var', 'mfcc_std', 'wav_approx_std', 'mfcc_2']",0.7986688851913477,0.712166172106825,0.9090909090909091,0.8502771900344086,0.8970517158047366,0.90625,0.8880382775119617,0.9191149951357422,0.9641465315666407,0.9840891010342084,0.944996180290298,0.9964582676178996
SGD,0.8865414622066138,0.8674949848967994,0.9135995067883612,0.917494270435447,0.9218353905833067,"{'alpha': 0.0001, 'penalty': 'elasticnet', 'loss': 'log_loss', 'class_weight': 'balanced'}","['mfcc_mean', 'spec_kurtosis', 'mfcc_1', 'wav_approx_std', 'mfcc_2']",0.8013355592654424,0.7164179104477612,0.9090909090909091,0.8491658199041716,0.8962536023054755,0.8997107039537127,0.8928229665071771,0.9197672525084349,0.9620352250489237,0.9863563402889246,0.9388846447669977,0.9965730993373132
SGD,0.8863354230044811,0.8656153238821829,0.9178780284043442,0.919022154316272,0.9137562074617263,"{'alpha': 0.001, 'penalty': 'l2', 'loss': 'log_loss', 'class_weight': 'balanced'}","['spec_skew', 'spec_kurtosis', 'mfcc_1', 'wav_detail_lvl5_std', 'mfcc_var', 'wav_approx_std', 'mfcc_2']",0.7960848287112561,0.6991404011461319,0.9242424242424242,0.8213255588381249,0.8967867575462513,0.9127849355797819,0.8813397129186603,0.9231577663226153,0.9661346827559362,0.984920634920635,0.948051948051948,0.9967852972244388
SGD,0.8861639080443339,0.8639357414246808,0.922226242969277,0.9197860962566845,0.8961874634124749,"{'alpha': 0.0001, 'penalty': 'l2', 'loss': 'log_loss', 'class_weight': 'balanced'}","['spec_skew', 'wav_detail_lvl5_std', 'mfcc_std', 'mfcc_2']",0.792332268370607,0.6850828729281768,0.9393939393939394,0.7648579798338625,0.8973607038123167,0.9170829170829171,0.8784688995215311,0.926561221238779,0.968798751950078,0.9896414342629483,0.9488158899923606,0.9971431891647835
SGD,0.886133573904413,0.8653888005722048,0.9174973976831562,0.9182582123758595,0.9118344214951825,"{'alpha': 0.001, 'penalty': 'l2', 'loss': 'log_loss', 'class_weight': 'balanced'}","['spec_kurtosis', 'mfcc_1', 'wav_detail_lvl5_std', 'mfcc_std', 'wav_approx_std', 'mfcc_2']",0.7973856209150327,0.7011494252873564,0.9242424242424242,0.8175125949605334,0.8961165048543689,0.90935960591133,0.8832535885167464,0.9215045199642861,0.9648985959438378,0.9856573705179282,0.944996180290298,0.9964861495607277
SGD,0.8860804497239895,0.8652959285842696,0.9176877130437502,0.9186401833460657,0.9123430483322571,"{'alpha': 0.0001, 'penalty': 'l2', 'loss': 'log_loss', 'class_weight': 'balanced'}","['spec_kurtosis', 'wav_detail_lvl5_std', 'mfcc_var', 'mfcc_std', 'wav_approx_std', 'mfcc_2']",0.7960848287112561,0.6991404011461319,0.9242424242424242,0.8230380460501454,0.8964511424404472,0.9110671936758893,0.8822966507177034,0.9174163300291963,0.965705378020265,0.9856801909307876,0.946524064171123,0.9965747689174296
SGD,0.8860795477310633,0.8667273689480114,0.9144840711404179,0.9197860962566845,0.9250434467176497,"{'alpha': 0.0001, 'penalty': 'elasticnet', 'loss': 'log_loss', 'class_weight': 'balanced'}","['spec_skew', 'spec_kurtosis', 'mfcc_var', 'wav_approx_std', 'mfcc_2']",0.7933884297520661,0.7038123167155426,0.9090909090909091,0.8473402127934087,0.8978599221789884,0.9129574678536103,0.8832535885167464,0.9312404479020655,0.9669902912621359,0.9834123222748815,0.9511077158135982,0.9965496794574752
SGD,0.8860642788017704,0.8669044493086552,0.9135324943374479,0.9178762414056532,0.9233520700758842,"{'alpha': 0.0001, 'penalty': 'l2', 'loss': 'log_loss', 'class_weight': 'balanced'}","['mfcc_mean', 'spec_kurtosis', 'mfcc_1', 'mfcc_var', 'wav_approx_std', 'mfcc_2']",0.7986688851913477,0.712166172106825,0.9090909090909091,0.85468559870699,0.8961854176726219,0.9044834307992202,0.8880382775119617,0.9189236956188522,0.9633385335413417,0.9840637450199203,0.9434682964094728,0.9964469159018103
SGD,0.8858914835890114,0.8654082618750794,0.9167440660474716,0.9186401833460657,0.91437524327474,"{'alpha': 0.001, 'penalty': 'elasticnet', 'loss': 'log_loss', 'class_weight': 'balanced'}","['mfcc_mean', 'spec_skew', 'spec_kurtosis', 'wav_detail_lvl5_std', 'mfcc_var', 'mfcc_std', 'wav_approx_std', 'mfcc_2']",0.795417348608838,0.7002881844380403,0.9204545454545454,0.825681111670673,0.896551724137931,0.9102564102564102,0.8832535885167464,0.9207189927316828,0.965705378020265,0.9856801909307876,0.946524064171123,0.996725625421864
SGD,0.885876943643663,0.8657632188994229,0.9161167178195043,0.9194041252864782,0.925398814502811,"{'alpha': 0.0001, 'penalty': 'elasticnet', 'loss': 'log_loss', 'class_weight': 'balanced'}","['mfcc_mean', 'spec_skew', 'mfcc_1', 'mfcc_std', 'wav_approx_std', 'mfcc_2']",0.7934426229508197,0.6994219653179191,0.9166666666666666,0.8513632343795499,0.8972235752557234,0.9136904761904762,0.8813397129186603,0.9278870276303772,0.9669646327244462,0.9841772151898734,0.9503437738731857,0.9969461814985061
SGD,0.885875929040233,0.862394219314842,0.9292979552267479,0.9236058059587471,0.9076472620530799,"{'alpha': 0.0001, 'penalty': 'elasticnet', 'loss': 'log_loss', 'class_weight': 'balanced'}","['spec_skew', 'NDSI', 'mfcc_1', 'wav_detail_lvl5_std', 'mfcc_2']",0.7784615384615384,0.655440414507772,0.9583333333333334,0.7920966203684772,0.900990099009901,0.9333333333333333,0.8708133971291866,0.9330271396334431,0.9781761496492596,0.9984089101034208,0.9587471352177235,0.9978180261573195
SGD,0.885720511563609,0.86287658998942,0.9234139269742986,0.9186401833460657,0.9069835795278617,"{'alpha': 0.0001, 'penalty': 'elasticnet', 'loss': 'log_loss', 'class_weight': 'balanced'}","['spec_skew', 'mfcc_1', 'wav_detail_lvl5_std', 'mfcc_var', 'mfcc_2']",0.7936507936507936,0.6830601092896175,0.946969696969697,0.796104616701098,0.8959452857840743,0.9151696606786427,0.877511961722488,0.9277835738837872,0.9675654552559594,0.9904,0.9457601222307105,0.9970625479986998
SGD,0.8856993874455732,0.8632648886015232,0.9227222467934543,0.9194041252864782,0.8950557691219844,"{'alpha': 0.0001, 'penalty': 'l2', 'loss': 'log_loss', 'class_weight': 'balanced'}","['mfcc_mean', 'spec_skew', 'wav_detail_lvl5_std', 'mfcc_var', 'mfcc_2']",0.7917329093799682,0.6821917808219178,0.9431818181818182,0.7634286671139484,0.8965179009318294,0.9195171026156942,0.8746411483253589,0.924628445030851,0.9688473520249221,0.9880857823669579,0.9503437738731857,0.9971101952211536
SGD,0.8856984301998113,0.8648252491681819,0.9178136964514674,0.919022154316272,0.9139114816500616,"{'alpha': 0.001, 'penalty': 'l2', 'loss': 'log_loss', 'class_weight': 'balanced'}","['spec_skew', 'spec_kurtosis', 'mfcc_1', 'wav_detail_lvl5_std', 'mfcc_std', 'wav_approx_std', 'mfcc_2']",0.7934959349593496,0.6951566951566952,0.9242424242424242,0.820196347857773,0.8966861598440545,0.913604766633565,0.8803827751196173,0.9247381608367227,0.9669131957960296,0.9857142857142858,0.9488158899923606,0.9967999362556893
SGD,0.8856359915833506,0.8631024714953531,0.9218350019433611,0.917494270435447,0.9041119651814497,"{'alpha': 0.0001, 'penalty': 'elasticnet', 'loss': 'log_loss', 'class_weight': 'balanced'}","['spec_kurtosis', 'mfcc_1', 'wav_detail_lvl5_std', 'mfcc_var', 'mfcc_2']",0.7968,0.6897506925207756,0.9431818181818182,0.7931067118661201,0.8949416342412452,0.9099901088031652,0.8803827751196173,0.9225961466080923,0.9651663405088062,0.9895666131621188,0.9419404125286478,0.9966330370701363
SGD,0.8854473754230533,0.8676823850231837,0.9097366857428776,0.9148204736440031,0.9172889625172642,"{'alpha': 0.0001, 'penalty': 'elasticnet', 'loss': 'log_loss', 'class_weight': 'balanced'}","['mfcc_1', 'wav_detail_lvl5_std', 'mfcc_var', 'wav_approx_std', 'mfcc_2']",0.805414551607445,0.72782874617737,0.9015151515151515,0.8209911608655708,0.8931480594154289,0.8944337811900192,0.8918660287081339,0.9340394613202287,0.9577795152462861,0.9807846277021617,0.9358288770053476,0.996836265365993
SGD,0.8854289260321275,0.8627275854520436,0.9252288475198692,0.9197860962566845,0.8892159885887775,"{'alpha': 0.0001, 'penalty': 'elasticnet', 'loss': 'log_loss', 'class_weight': 'balanced'}","['mfcc_mean', 'spec_kurtosis', 'mfcc_var', 'mfcc_std', 'mfcc_2']",0.7899686520376176,0.6737967914438503,0.9545454545454546,0.7468541308303337,0.8957298907646475,0.9308565531475749,0.8631578947368421,0.9268643268180543,0.9705882352941176,0.9835294117647059,0.957983193277311,0.9939295081179442
SGD,0.8852839606019568,0.8673893212937887,0.91062337215588,0.9228418640183346,0.9154245094156104,"{'alpha': 0.0001, 'penalty': 'l2', 'loss': 'log_loss', 'class_weight': 'balanced'}","['mfcc_mean', 'spec_skew', 'NDSI', 'wav_detail_lvl5_std', 'mfcc_var', 'wav_approx_std']",0.7805695142378559,0.6996996996996997,0.8825757575757576,0.8185424639335654,0.9030710172744721,0.9056785370548605,0.9004784688995215,0.9299525562231267,0.9722113502935421,0.9967897271268058,0.9488158899923606,0.9977785080901392
SGD,0.8852197249992142,0.8644234771735885,0.9164655176265083,0.9155844155844156,0.8992784005196501,"{'alpha': 0.0001, 'penalty': 'elasticnet', 'loss': 'log_loss', 'class_weight': 'balanced'}","['mfcc_mean', 'wav_detail_lvl5_std', 'mfcc_std', 'mfcc_2']",0.8019639934533551,0.7060518731988472,0.928030303030303,0.7731635401802395,0.8926663428848955,0.9063116370808678,0.8794258373205741,0.9278433779230069,0.961028838659392,0.9809069212410502,0.9419404125286478,0.996828283455704
SGD,0.885191251008895,0.8649086811267965,0.9154197883300049,0.9178762414056532,0.9190353196326781,"{'alpha': 0.0001, 'penalty': 'elasticnet', 'loss': 'log_loss', 'class_weight': 'balanced'}","['mfcc_mean', 'mfcc_1', 'wav_detail_lvl5_std', 'mfcc_std', 'wav_approx_std', 'mfcc_2']",0.7947454844006568,0.7014492753623188,0.9166666666666666,0.8289252128093084,0.895984518626028,0.9060665362035225,0.8861244019138756,0.9312275208037942,0.96484375,0.9872102318145484,0.9434682964094728,0.9969532252849319
SGD,0.8851900616804551,0.862605560353781,0.9223416160722663,0.9186401833460657,0.8964078729198709,"{'alpha': 0.0001, 'penalty': 'l2', 'loss': 'log_loss', 'class_weight': 'balanced'}","['spec_skew', 'wav_detail_lvl5_std', 'mfcc_var', 'mfcc_2']",0.7917329093799682,0.6821917808219178,0.9431818181818182,0.7671696975399168,0.895843520782396,0.916,0.876555023923445,0.9249482420912132,0.9679937548790007,0.9896249002394254,0.9472880061115355,0.9971056791284827
SGD,0.8850483208292941,0.8646899114097595,0.9152028913638821,0.9152024446142093,0.8969428075816358,"{'alpha': 0.0001, 'penalty': 'l2', 'loss': 'log_loss', 'class_weight': 'balanced'}","['mfcc_1', 'wav_detail_lvl5_std', 'mfcc_2']",0.8026315789473685,0.7093023255813954,0.9242424242424242,0.7668693433624496,0.8922330097087379,0.9054187192118227,0.8794258373205741,0.9272422012134206,0.9602803738317757,0.9793486894360603,0.9419404125286478,0.9967168781690373
SGD,0.8850382471311856,0.8673855689457423,0.9099343724730721,0.9232238349885409,0.9134481996462941,"{'alpha': 0.0001, 'penalty': 'l2', 'loss': 'log_loss', 'class_weight': 'balanced'}","['mfcc_mean', 'spec_kurtosis', 'NDSI', 'mfcc_1', 'wav_detail_lvl5_std', 'wav_approx_std']",0.7785234899328859,0.6987951807228916,0.8787878787878788,0.8171187261576718,0.9035971223021583,0.9057692307692308,0.9014354066985646,0.9255440003748643,0.9729941291585127,0.9975922953451043,0.9495798319327731,0.9976818724063463
SGD,0.8849631565129732,0.8626256774995156,0.9215882844365817,0.919022154316272,0.8924810244375646,"{'alpha': 0.0001, 'penalty': 'l2', 'loss': 'log_loss', 'class_weight': 'balanced'}","['spec_skew', 'mfcc_1', 'wav_detail_lvl5_std', 'mfcc_2']",0.7898089171974523,0.6813186813186813,0.9393939393939394,0.7559867975599808,0.8962818003913894,0.9169169169169169,0.876555023923445,0.9244089929884772,0.968798751950078,0.9896414342629483,0.9488158899923606,0.997047282764236
SGD,0.8849097879429514,0.8622977697751212,0.9220869687587955,0.9182582123758595,0.8982824978325304,"{'alpha': 0.0001, 'penalty': 'l2', 'loss': 'log_loss', 'class_weight': 'balanced'}","['spec_skew', 'wav_detail_lvl5_std', 'mfcc_var', 'mfcc_std', 'mfcc_2']",0.7917329093799682,0.6821917808219178,0.9431818181818182,0.7721293740601209,0.895405669599218,0.9150849150849151,0.876555023923445,0.92559637093548,0.9675907848496681,0.9896166134185304,0.946524064171123,0.9971217485019905
SGD,0.8848245699724792,0.8638281966846334,0.9165165587766207,0.9144385026737968,0.9012384555210754,"{'alpha': 0.0001, 'penalty': 'l2', 'loss': 'log_loss', 'class_weight': 'balanced'}","['mfcc_mean', 'wav_detail_lvl5_std', 'mfcc_var', 'mfcc_std', 'mfcc_2']",0.803921568627451,0.7068965517241379,0.9318181818181818,0.7795069807402389,0.8910505836575876,0.9060336300692384,0.876555023923445,0.9273909416497723,0.9595015576323987,0.9785544082605242,0.9411764705882353,0.996817444173215
SGD,0.884726960136104,0.8668075954231055,0.9101140775289381,0.922077922077922,0.914682700013617,"{'alpha': 0.0001, 'penalty': 'l2', 'loss': 'log_loss', 'class_weight': 'balanced'}","['mfcc_mean', 'spec_skew', 'NDSI', 'mfcc_1', 'wav_detail_lvl5_std', 'wav_approx_std']",0.7805695142378559,0.6996996996996997,0.8825757575757576,0.8178093752066964,0.9022051773729626,0.9039385206532181,0.9004784688995215,0.9284993560639949,0.9714061887974932,0.9967845659163987,0.9472880061115355,0.9977393687701596
SGD,0.88463132202013,0.8623552252184429,0.9212049732173572,0.9186401833460657,0.8916536839233032,"{'alpha': 0.0001, 'penalty': 'l2', 'loss': 'log_loss', 'class_weight': 'balanced'}","['mfcc_mean', 'spec_skew', 'mfcc_1', 'wav_detail_lvl5_std', 'mfcc_2']",0.7898089171974523,0.6813186813186813,0.9393939393939394,0.753314808036168,0.895639392454679,0.9176706827309237,0.8746411483253589,0.9245198159863488,0.9684456564082586,0.9880763116057234,0.9495798319327731,0.9971264277473929
SGD,0.8846283481391923,0.8637050048301593,0.9162108703130375,0.9152024446142093,0.8958824655724946,"{'alpha': 0.0001, 'penalty': 'l2', 'loss': 'log_loss', 'class_weight': 'balanced'}","['mfcc_mean', 'mfcc_1', 'wav_detail_lvl5_std', 'mfcc_2']",0.8006535947712419,0.7040229885057471,0.928030303030303,0.7654835185779221,0.8922330097087379,0.9054187192118227,0.8794258373205741,0.9254255696874196,0.9609984399375975,0.9816733067729083,0.9411764705882353,0.996738308452142
SGD,0.8843636233110835,0.8606878717903824,0.9265744575342097,0.920550038197097,0.9057143123001454,"{'alpha': 0.001, 'penalty': 'elasticnet', 'loss': 'log_loss', 'class_weight': 'balanced'}","['mfcc_mean', 'spec_kurtosis', 'NDSI', 'mfcc_1', 'wav_detail_lvl5_std', 'mfcc_2']",0.7813953488372093,0.6614173228346457,0.9545454545454546,0.7880613298053284,0.8979391560353287,0.9214501510574018,0.8755980861244019,0.9315900675414636,0.9737563650607128,0.9991961414790996,0.9495798319327731,0.9974915395536441
SGD,0.8842953296355874,0.862168519824853,0.9197547120921734,0.917494270435447,0.8917647441213196,"{'alpha': 0.0001, 'penalty': 'l2', 'loss': 'log_loss', 'class_weight': 'balanced'}","['mfcc_mean', 'spec_kurtosis', 'wav_detail_lvl5_std', 'mfcc_var', 'mfcc_2']",0.7916666666666666,0.6861111111111111,0.9356060606060606,0.7599796265668314,0.8948393378773125,0.910802775024777,0.8794258373205741,0.9186334336528075,0.9663799843627834,0.9895916733386709,0.9442322383498855,0.9966811721443198
SGD,0.8842325034615506,0.863108410479113,0.9162619114631498,0.9140565317035906,0.9002715097052437,"{'alpha': 0.0001, 'penalty': 'elasticnet', 'loss': 'log_loss', 'class_weight': 'balanced'}","['mfcc_mean', 'wav_detail_lvl5_std', 'mfcc_var', 'mfcc_2']",0.802610114192496,0.7048710601719198,0.9318181818181818,0.7784083265735072,0.8906174039863879,0.9051383399209486,0.876555023923445,0.9255914515557299,0.9594699922057678,0.979315831344471,0.9404125286478228,0.9968147509864937
SGD,0.8840314168360565,0.8660576432803654,0.9092592220301198,0.9186401833460657,0.9248961263790362,"{'alpha': 0.0001, 'penalty': 'l2', 'loss': 'log_loss', 'class_weight': 'balanced'}","['spec_skew', 'mfcc_var', 'wav_approx_std', 'mfcc_2']",0.7885906040268457,0.7078313253012049,0.8901515151515151,0.8500324502829337,0.8974482426576793,0.9031007751937985,0.8918660287081339,0.9277481252484779,0.9660554038236442,0.9872408293460925,0.9457601222307105,0.9969078036056966
SGD,0.8840247464020884,0.8620844498804042,0.9205398746420418,0.9216959511077158,0.9047727941836611,"{'alpha': 0.0001, 'penalty': 'elasticnet', 'loss': 'log_loss', 'class_weight': 'balanced'}","['mfcc_mean', 'spec_skew', 'spec_kurtosis', 'NDSI', 'mfcc_1', 'wav_detail_lvl5_std', 'mfcc_std']",0.7777777777777778,0.6693989071038251,0.928030303030303,0.778777691011861,0.899657366617719,0.9208416833667334,0.8794258373205741,0.9375209049875959,0.9746390948107686,0.9960127591706539,0.9541634835752483,0.9980197865515265
SGD,0.8840154374820198,0.8618651448478182,0.9195000647787025,0.9171122994652406,0.8928355043076812,"{'alpha': 0.0001, 'penalty': 'l2', 'loss': 'log_loss', 'class_weight': 'balanced'}","['spec_kurtosis', 'wav_detail_lvl5_std', 'mfcc_var', 'mfcc_2']",0.7916666666666666,0.6861111111111111,0.9356060606060606,0.7619821234616952,0.8944038929440389,0.9099009900990099,0.8794258373205741,0.9198439501956587,0.965975752835354,0.9895833333333334,0.9434682964094728,0.9966804392656897
SGD,0.8839984943873317,0.8634908068059038,0.9156690746474029,0.919022154316272,0.9281515205411943,"{'alpha': 0.0001, 'penalty': 'l2', 'loss': 'log_loss', 'class_weight': 'balanced'}","['mfcc_mean', 'spec_skew', 'spec_kurtosis', 'mfcc_1', 'mfcc_var', 'wav_approx_std', 'mfcc_2']",0.7869918699186992,0.6894586894586895,0.9166666666666666,0.8549293535054655,0.896484375,0.9152542372881356,0.8784688995215311,0.9326073021713613,0.9685192382432958,0.9857594936708861,0.9518716577540107,0.9969179059467561
SGD,0.8839760167906529,0.8655139832781501,0.9106100813531154,0.9216959511077158,0.9123376386018487,"{'alpha': 0.0001, 'penalty': 'l2', 'loss': 'log_loss', 'class_weight': 'balanced'}","['spec_skew', 'NDSI', 'wav_detail_lvl5_std', 'mfcc_var', 'mfcc_std', 'wav_approx_std']",0.778702163061564,0.6943620178041543,0.8863636363636364,0.8122556027328932,0.9013949013949014,0.9061895551257253,0.8966507177033493,0.9269283563530164,0.971830985915493,0.9959903769045709,0.9488158899923606,0.9978289567196366
SGD,0.8839568050639043,0.8614728250307516,0.9228588405058993,0.9213139801375095,0.9132368923407298,"{'alpha': 0.0001, 'penalty': 'elasticnet', 'loss': 'log_loss', 'class_weight': 'balanced'}","['NDSI', 'mfcc_1', 'wav_detail_lvl5_std', 'mfcc_var', 'mfcc_std']",0.7786499215070644,0.6648793565683646,0.9393939393939394,0.799627526344505,0.8985221674876848,0.9258883248730965,0.8727272727272727,0.9420280162211861,0.9746983261969638,0.9936507936507937,0.9564553093964858,0.9980551344564984
SGD,0.8838804216692292,0.8630883539398985,0.9154708294801174,0.9167303284950343,0.9193441940444439,"{'alpha': 0.0001, 'penalty': 'l2', 'loss': 'log_loss', 'class_weight': 'balanced'}","['mfcc_mean', 'mfcc_1', 'wav_detail_lvl5_std', 'mfcc_var', 'mfcc_std', 'wav_approx_std', 'mfcc_2']",0.7928221859706363,0.6962750716332379,0.9204545454545454,0.8302172330486688,0.8943798449612403,0.9057899901864573,0.8832535885167464,0.9307744735073579,0.9644392340758109,0.9872,0.9427043544690603,0.9970408755773048
SGD,0.8838018344855859,0.8635070462660126,0.9149450051152836,0.9213139801375095,0.912439225253228,"{'alpha': 0.001, 'penalty': 'elasticnet', 'loss': 'log_loss', 'class_weight': 'balanced'}","['spec_kurtosis', 'NDSI', 'mfcc_1', 'wav_detail_lvl5_std', 'mfcc_var', 'wav_approx_std']",0.7785016286644951,0.6828571428571428,0.9053030303030303,0.8142491265983083,0.9002904162633107,0.910871694417238,0.8899521531100478,0.9253895212595933,0.9726134585289515,0.9967923015236567,0.9495798319327731,0.9976790279017824
SGD,0.8837943633549944,0.8603420865084151,0.9242023284592945,0.9163483575248281,0.8967723692570444,"{'alpha': 0.0001, 'penalty': 'elasticnet', 'loss': 'log_loss', 'class_weight': 'balanced'}","['mfcc_mean', 'spec_kurtosis', 'mfcc_1', 'wav_detail_lvl5_std', 'mfcc_std', 'mfcc_2']",0.7931034482758621,0.6764705882352942,0.9583333333333334,0.7743191484998985,0.8921713441654358,0.9188640973630832,0.8669856459330143,0.9192531418381295,0.9661082976236852,0.985691573926868,0.9472880061115355,0.9967448174331054
SGD,0.8835690049110548,0.8657766663790761,0.908787119313435,0.9216959511077158,0.9141416564792862,"{'alpha': 0.0001, 'penalty': 'l2', 'loss': 'log_loss', 'class_weight': 'balanced'}","['mfcc_mean', 'spec_kurtosis', 'NDSI', 'wav_detail_lvl5_std', 'mfcc_var', 'wav_approx_std']",0.7772194304857621,0.6966966966966966,0.8787878787878788,0.8176944626153563,0.9016786570743405,0.9038461538461539,0.8995215311004785,0.9269949275765816,0.9718089271730619,0.9967871485943776,0.948051948051948,0.9977355792459205
SGD,0.8835036680375336,0.861576477413303,0.9184920858295471,0.9171122994652406,0.8924126643126256,"{'alpha': 0.0001, 'penalty': 'l2', 'loss': 'log_loss', 'class_weight': 'balanced'}","['spec_kurtosis', 'wav_detail_lvl5_std', 'mfcc_std', 'mfcc_2']",0.7897271268057785,0.6852367688022284,0.9318181818181818,0.7582032346125656,0.8944038929440389,0.9099009900990099,0.8794258373205741,0.9222939542833978,0.9663799843627834,0.9895916733386709,0.9442322383498855,0.9967408040419137
SGD,0.8833738728573577,0.8667886436987978,0.9055787865385388,0.9144385026737968,0.9170566234278231,"{'alpha': 0.0001, 'penalty': 'elasticnet', 'loss': 'log_loss', 'class_weight': 'balanced'}","['wav_detail_lvl5_std', 'mfcc_var', 'mfcc_std', 'wav_approx_std', 'mfcc_2']",0.7986348122866894,0.7267080745341615,0.8863636363636364,0.820697010220595,0.892925430210325,0.89207258834766,0.8937799043062201,0.9335493472459421,0.9585613760750586,0.9815852682145717,0.9365928189457601,0.996923512816932
SGD,0.8833738728573577,0.8667886436987978,0.9055787865385388,0.9144385026737968,0.9169975720677545,"{'alpha': 0.0001, 'penalty': 'l2', 'loss': 'log_loss', 'class_weight': 'balanced'}","['wav_detail_lvl5_std', 'mfcc_var', 'wav_approx_std', 'mfcc_2']",0.7986348122866894,0.7267080745341615,0.8863636363636364,0.8206301061531739,0.892925430210325,0.89207258834766,0.8937799043062201,0.9334508870656445,0.9585613760750586,0.9815852682145717,0.9365928189457601,0.9969117229844451
SGD,0.8832906746284549,0.8654863894909486,0.9085324719999642,0.9213139801375095,0.9163807950077686,"{'alpha': 0.0001, 'penalty': 'elasticnet', 'loss': 'log_loss', 'class_weight': 'balanced'}","['mfcc_mean', 'spec_skew', 'NDSI', 'wav_detail_lvl5_std', 'mfcc_std', 'wav_approx_std']",0.7772194304857621,0.6966966966966966,0.8787878787878788,0.8195686032145969,0.9012464046021093,0.9029779058597502,0.8995215311004785,0.9318301568235269,0.9714061887974932,0.9967845659163987,0.9472880061115355,0.9977436249851819
SGD,0.8832060797982488,0.8602239078433284,0.9241725079186379,0.920550038197097,0.9126366919639066,"{'alpha': 0.0001, 'penalty': 'l2', 'loss': 'log_loss', 'class_weight': 'balanced'}","['mfcc_mean', 'NDSI', 'mfcc_1', 'wav_detail_lvl5_std', 'mfcc_var', 'mfcc_std']",0.7776049766718507,0.6596306068601583,0.946969696969697,0.7993101513351251,0.8973346495557749,0.926605504587156,0.8698564593301435,0.9405348934989782,0.9746786131671211,0.994435612082671,0.9556913674560733,0.9980650310576167
SGD,0.8831556291036428,0.8674052101991987,0.9039567501641805,0.9163483575248281,0.9182974848695188,"{'alpha': 0.0001, 'penalty': 'elasticnet', 'loss': 'log_loss', 'class_weight': 'balanced'}","['mfcc_1', 'wav_detail_lvl5_std', 'mfcc_std', 'wav_approx_std', 'mfcc_2']",0.7924528301886793,0.7241379310344828,0.875,0.8222011083686624,0.8952654232424677,0.8948374760994264,0.8956937799043062,0.9357429260055353,0.9617486338797814,0.9832402234636871,0.9411764705882353,0.9969484202343585
SGD,0.8831291120257395,0.8612235709127475,0.9211969317232476,0.9197860962566845,0.9394297890881083,"{'alpha': 0.0001, 'penalty': 'l2', 'loss': 'log_loss', 'class_weight': 'balanced'}","['mfcc_mean', 'spec_skew', 'NDSI', 'mfcc_1', 'mfcc_var', 'mfcc_2']",0.7811023622047244,0.6684636118598383,0.9393939393939394,0.8730456983725233,0.8957298907646475,0.9308565531475749,0.8631578947368421,0.9476400131188423,0.9725550831078469,0.9843505477308294,0.961038961038961,0.9976036557729595
SGD,0.8829897144624255,0.8612861773328171,0.9174841068803916,0.9171122994652406,0.8902588974402595,"{'alpha': 0.0001, 'penalty': 'l2', 'loss': 'log_loss', 'class_weight': 'balanced'}","['spec_kurtosis', 'mfcc_1', 'wav_detail_lvl5_std', 'mfcc_2']",0.7877813504823151,0.6843575418994413,0.928030303030303,0.75354115325283,0.8944038929440389,0.9099009900990099,0.8794258373205741,0.9206044383684733,0.9667838999609223,0.9896,0.944996180290298,0.9966311006994752
SGD,0.8829023836223883,0.8609122338064262,0.9181731065631995,0.9167303284950343,0.8896452258096902,"{'alpha': 0.0001, 'penalty': 'l2', 'loss': 'log_loss', 'class_weight': 'balanced'}","['mfcc_mean', 'spec_kurtosis', 'mfcc_1', 'wav_detail_lvl5_std', 'mfcc_2']",0.7884615384615384,0.6833333333333333,0.9318181818181818,0.7526148458951912,0.8938656280428432,0.9098116947472745,0.8784688995215311,0.919632957157706,0.9663799843627834,0.9895916733386709,0.9442322383498855,0.9966878743761732
SGD,0.8828978880688388,0.8625340107287278,0.9143070465825884,0.920550038197097,0.9149258992835749,"{'alpha': 0.001, 'penalty': 'elasticnet', 'loss': 'log_loss', 'class_weight': 'balanced'}","['spec_skew', 'spec_kurtosis', 'NDSI', 'mfcc_1', 'wav_detail_lvl5_std', 'mfcc_var', 'mfcc_std', 'wav_approx_std']",0.7772357723577236,0.6809116809116809,0.9053030303030303,0.8172525258657698,0.8992248062015504,0.9106967615309126,0.8880382775119617,0.9297482428745544,0.9722330856472429,0.9959935897435898,0.9495798319327731,0.9977769291104005
SGD,0.8828778438635739,0.8671158587060361,0.9037021028507096,0.9159663865546218,0.917339465860577,"{'alpha': 0.0001, 'penalty': 'l2', 'loss': 'log_loss', 'class_weight': 'balanced'}","['wav_detail_lvl5_std', 'mfcc_std', 'wav_approx_std', 'mfcc_2']",0.7924528301886793,0.7241379310344828,0.875,0.8195415825215383,0.8948374760994264,0.8939828080229226,0.8956937799043062,0.9355218982774851,0.9613432253026162,0.9832268370607029,0.9404125286478228,0.9969549167827078
SGD,0.8827980410832813,0.8645820883588579,0.9086212634974244,0.9178762414056532,0.9239475467210384,"{'alpha': 0.0001, 'penalty': 'elasticnet', 'loss': 'log_loss', 'class_weight': 'balanced'}","['spec_skew', 'mfcc_var', 'mfcc_std', 'wav_approx_std', 'mfcc_2']",0.7859531772575251,0.7035928143712575,0.8901515151515151,0.8470581766747132,0.8963855421686747,0.9029126213592233,0.8899521531100478,0.9278117547041739,0.9660554038236442,0.9872408293460925,0.9457601222307105,0.9969727087842281
SGD,0.882756298645587,0.8622567163770233,0.914647804895483,0.9178762414056532,0.9258509007137642,"{'alpha': 0.0001, 'penalty': 'l2', 'loss': 'log_loss', 'class_weight': 'balanced'}","['mfcc_mean', 'spec_skew', 'spec_kurtosis', 'mfcc_1', 'wav_approx_std', 'mfcc_2']",0.7857142857142857,0.6875,0.9166666666666666,0.8483885554337902,0.8947626040137053,0.9158316633266533,0.8746411483253589,0.9325400328052633,0.9677920062087699,0.9834384858044164,0.9526355996944232,0.9966241139022392
SGD,0.8826439919255175,0.8622335954844069,0.9141167312219943,0.9201680672268907,0.9123255276306105,"{'alpha': 0.001, 'penalty': 'elasticnet', 'loss': 'log_loss', 'class_weight': 'balanced'}","['spec_kurtosis', 'NDSI', 'mfcc_1', 'wav_detail_lvl5_std', 'mfcc_var', 'mfcc_std', 'wav_approx_std']",0.7772357723577236,0.6809116809116809,0.9053030303030303,0.8146952468041943,0.8988872762457668,0.9090019569471625,0.8889952153110048,0.9246024721151822,0.9718089271730619,0.9967871485943776,0.948051948051948,0.997678863972455
SGD,0.8826343789624276,0.8612318155642041,0.9180762735716296,0.9213139801375095,0.9186291520326636,"{'alpha': 0.0001, 'penalty': 'elasticnet', 'loss': 'log_loss', 'class_weight': 'balanced'}","['spec_skew', 'spec_kurtosis', 'NDSI', 'mfcc_1', 'wav_detail_lvl5_std', 'mfcc_var', 'wav_approx_std']",0.7738853503184714,0.6675824175824175,0.9204545454545454,0.8217042268558105,0.8989205103042198,0.9224572004028198,0.876555023923445,0.9362940653272359,0.9750972762645914,0.9936558287073751,0.9572192513368984,0.9978891639149446
SGD,0.8826226494103997,0.8606091859185919,0.9179184592497286,0.9163483575248281,0.8917159109692209,"{'alpha': 0.0001, 'penalty': 'l2', 'loss': 'log_loss', 'class_weight': 'balanced'}","['mfcc_mean', 'spec_kurtosis', 'wav_detail_lvl5_std', 'mfcc_std', 'mfcc_2']",0.7884615384615384,0.6833333333333333,0.9318181818181818,0.7569640849128222,0.8934306569343066,0.9089108910891089,0.8784688995215311,0.9214127953400085,0.965975752835354,0.9895833333333334,0.9434682964094728,0.996770852654832
SGD,0.8826193525967586,0.8631601684944764,0.9123633504438459,0.9224598930481284,0.9034533279827008,"{'alpha': 0.0001, 'penalty': 'elasticnet', 'loss': 'log_loss', 'class_weight': 'balanced'}","['NDSI', 'mfcc_1', 'mfcc_var', 'mfcc_std']",0.7712418300653595,0.6781609195402298,0.8939393939393939,0.7769281016164321,0.9011203117389186,0.9176587301587301,0.8851674641148325,0.9354419726617459,0.9754959159859977,0.993660855784469,0.957983193277311,0.9979899096699244
SGD,0.8826164455550161,0.8620772374617617,0.914626025848936,0.9209320091673033,0.9135253194530818,"{'alpha': 0.001, 'penalty': 'l2', 'loss': 'log_loss', 'class_weight': 'balanced'}","['spec_skew', 'NDSI', 'wav_detail_lvl5_std', 'mfcc_var', 'wav_approx_std']",0.7747163695299838,0.6770538243626062,0.9053030303030303,0.8133036533819049,0.8997578692493947,0.9107843137254902,0.8889952153110048,0.9295500731725397,0.9733750978856696,0.9983935742971888,0.9495798319327731,0.997722231804801
SGD,0.882497320879982,0.8640774759359099,0.9092187911847355,0.9213139801375095,0.9106737130558225,"{'alpha': 0.0001, 'penalty': 'l2', 'loss': 'log_loss', 'class_weight': 'balanced'}","['spec_kurtosis', 'NDSI', 'wav_detail_lvl5_std', 'mfcc_var', 'mfcc_std', 'wav_approx_std']",0.7740863787375415,0.6893491124260355,0.8825757575757576,0.8113448061733477,0.9007707129094412,0.906886517943744,0.8947368421052632,0.9229129223894297,0.9726348709929633,0.9959967974379503,0.9503437738731857,0.9977634106046901
SGD,0.8824507464491386,0.8619702521011945,0.9143288256291352,0.917494270435447,0.9264923838330671,"{'alpha': 0.0001, 'penalty': 'l2', 'loss': 'log_loss', 'class_weight': 'balanced'}","['mfcc_mean', 'spec_skew', 'spec_kurtosis', 'mfcc_std', 'wav_approx_std', 'mfcc_2']",0.7857142857142857,0.6875,0.9166666666666666,0.8488672959156316,0.8942213516160626,0.9157472417251755,0.8736842105263158,0.933904530904105,0.9674166020170675,0.9826635145784082,0.9526355996944232,0.9967053246794645
SGD,0.8823413439225765,0.8593040195997963,0.9235988813388195,0.9197860962566845,0.9123107970173311,"{'alpha': 0.0001, 'penalty': 'l2', 'loss': 'log_loss', 'class_weight': 'balanced'}","['mfcc_mean', 'NDSI', 'mfcc_1', 'wav_detail_lvl5_std', 'mfcc_var']",0.7763975155279503,0.6578947368421053,0.946969696969697,0.7970889589573154,0.8963474827245804,0.9255861365953109,0.8688995215311005,0.9417679030224785,0.9742790335151987,0.994431185361973,0.9549274255156608,0.9980755290721994
SGD,0.8823117682966823,0.8617809604128744,0.9143070465825884,0.920550038197097,0.9117344579180843,"{'alpha': 0.001, 'penalty': 'elasticnet', 'loss': 'log_loss', 'class_weight': 'balanced'}","['spec_kurtosis', 'NDSI', 'wav_detail_lvl5_std', 'mfcc_var', 'wav_approx_std']",0.7747163695299838,0.6770538243626062,0.9053030303030303,0.8122563257857283,0.8992248062015504,0.9106967615309126,0.8880382775119617,0.9253155374806378,0.9729941291585127,0.9975922953451043,0.9495798319327731,0.997631510487887
SGD,0.8822994459968779,0.8618599665996522,0.9139880673162407,0.9201680672268907,0.914199241471223,"{'alpha': 0.001, 'penalty': 'l2', 'loss': 'log_loss', 'class_weight': 'balanced'}","['spec_skew', 'NDSI', 'mfcc_1', 'wav_detail_lvl5_std', 'mfcc_var', 'mfcc_std', 'wav_approx_std']",0.775974025974026,0.6789772727272727,0.9053030303030303,0.8156202712703083,0.898691226369365,0.9106090373280943,0.8870813397129187,0.929200124637011,0.9722330856472429,0.9959935897435898,0.9495798319327731,0.9977773285063497
SGD,0.8821396324919616,0.8619305164790997,0.9131730842257157,0.9201680672268907,0.914251860643721,"{'alpha': 0.001, 'penalty': 'elasticnet', 'loss': 'log_loss', 'class_weight': 'balanced'}","['spec_skew', 'NDSI', 'mfcc_1', 'wav_detail_lvl5_std', 'mfcc_var', 'wav_approx_std']",0.7752442996742671,0.68,0.9015151515151515,0.8155149420827188,0.8989850169163848,0.908203125,0.8899521531100478,0.9294397314682363,0.9721895808852331,0.997588424437299,0.948051948051948,0.9978009083802079
SGD,0.8821189550003109,0.8652752911383904,0.9050747412202521,0.9159663865546218,0.8992191904492732,"{'alpha': 0.0001, 'penalty': 'l2', 'loss': 'log_loss', 'class_weight': 'balanced'}","['mfcc_1', 'mfcc_var', 'mfcc_2']",0.7898305084745763,0.7147239263803681,0.8825757575757576,0.76548499311062,0.8938223938223938,0.9016553067185978,0.8861244019138756,0.9365175953173674,0.9627039627039627,0.9794466403162055,0.946524064171123,0.9956549829198322
SGD,0.8820305160664191,0.8590879667980066,0.9214973708781757,0.9167303284950343,0.9008694824711113,"{'alpha': 0.001, 'penalty': 'elasticnet', 'loss': 'log_loss', 'class_weight': 'balanced'}","['spec_skew', 'spec_kurtosis', 'mfcc_1', 'wav_detail_lvl5_std', 'mfcc_var', 'mfcc_2']",0.7849293563579278,0.6702412868632708,0.946969696969697,0.78464313789276,0.8927165354330708,0.9189463019250254,0.8679425837320575,0.9212346455823943,0.9684456564082586,0.9880763116057234,0.9495798319327731,0.99673066393818
SGD,0.8820305160664191,0.8590879667980066,0.9214973708781757,0.9167303284950343,0.9008782402153375,"{'alpha': 0.001, 'penalty': 'l2', 'loss': 'log_loss', 'class_weight': 'balanced'}","['spec_skew', 'spec_kurtosis', 'mfcc_1', 'wav_detail_lvl5_std', 'mfcc_var', 'mfcc_std', 'mfcc_2']",0.7849293563579278,0.6702412868632708,0.946969696969697,0.7847481959087041,0.8927165354330708,0.9189463019250254,0.8679425837320575,0.9211304977364826,0.9684456564082586,0.9880763116057234,0.9495798319327731,0.9967560270008254
SGD,0.8819997731378256,0.8638974057857037,0.9080204968749861,0.9209320091673033,0.9112733704185884,"{'alpha': 0.0001, 'penalty': 'l2', 'loss': 'log_loss', 'class_weight': 'balanced'}","['spec_skew', 'NDSI', 'mfcc_1', 'wav_detail_lvl5_std', 'wav_approx_std']",0.7733333333333333,0.6904761904761905,0.8787878787878788,0.8102546316324278,0.9004329004329005,0.9052224371373307,0.8956937799043062,0.9258003975830672,0.9722330856472429,0.9959935897435898,0.9495798319327731,0.9977650820402701
SGD,0.8818474195945497,0.8618411082381671,0.9126100679506252,0.9209320091673033,0.91383419505549,"{'alpha': 0.001, 'penalty': 'elasticnet', 'loss': 'log_loss', 'class_weight': 'balanced'}","['spec_skew', 'NDSI', 'mfcc_1', 'wav_detail_lvl5_std', 'mfcc_std', 'wav_approx_std']",0.7719869706840391,0.6771428571428572,0.8977272727272727,0.8141430976006472,0.8997578692493947,0.9107843137254902,0.8889952153110048,0.9295872223739473,0.9737974188502151,0.9975961538461539,0.9511077158135982,0.9977722651918755
SGD,0.8818107246471164,0.8645915640256977,0.9056616586028351,0.9178762414056532,0.9249710673834194,"{'alpha': 0.0001, 'penalty': 'elasticnet', 'loss': 'log_loss', 'class_weight': 'balanced'}","['spec_skew', 'mfcc_std', 'wav_approx_std', 'mfcc_2']",0.7824620573355818,0.7051671732522796,0.8787878787878788,0.8485264540782469,0.8964853153586905,0.9021317829457365,0.8909090909090909,0.92947211708191,0.9664848012470771,0.9864757358790772,0.9472880061115355,0.9969146309901009
SGD,0.881722762482673,0.8627281574631045,0.9098652379612132,0.9178762414056532,0.9256445031070775,"{'alpha': 0.0001, 'penalty': 'elasticnet', 'loss': 'log_loss', 'class_weight': 'balanced'}","['spec_skew', 'spec_kurtosis', 'mfcc_1', 'mfcc_std', 'wav_approx_std', 'mfcc_2']",0.7821782178217822,0.6929824561403509,0.8977272727272727,0.8462621092902897,0.8951730862993662,0.9125248508946322,0.8784688995215311,0.9341871908991999,0.9678169833268708,0.9826771653543307,0.9533995416348358,0.9964842091317428
SGD,0.8817021947260656,0.8611895182386107,0.9136690880498929,0.9197860962566845,0.9145902849252142,"{'alpha': 0.001, 'penalty': 'l2', 'loss': 'log_loss', 'class_weight': 'balanced'}","['spec_skew', 'spec_kurtosis', 'NDSI', 'wav_detail_lvl5_std', 'mfcc_var', 'mfcc_std', 'wav_approx_std']",0.7747163695299838,0.6770538243626062,0.9053030303030303,0.8161467696642942,0.8981571290009699,0.9105211406096362,0.8861244019138756,0.9298741490944543,0.9722330856472429,0.9959935897435898,0.9495798319327731,0.997749936016894
SGD,0.8816472193343009,0.8617734424547513,0.9113612909278542,0.9155844155844156,0.9216996045923792,"{'alpha': 0.0001, 'penalty': 'l2', 'loss': 'log_loss', 'class_weight': 'balanced'}","['mfcc_mean', 'spec_kurtosis', 'mfcc_1', 'mfcc_std', 'wav_approx_std', 'mfcc_2']",0.7881773399014779,0.6956521739130435,0.9090909090909091,0.8486600195591965,0.8925619834710744,0.9071146245059288,0.8784688995215311,0.920131035931461,0.9642023346303502,0.9825535289452815,0.946524064171123,0.9963077582864802
SGD,0.8816331437498723,0.8616271638349046,0.9122294372294372,0.9201680672268907,0.9147019084231505,"{'alpha': 0.001, 'penalty': 'l2', 'loss': 'log_loss', 'class_weight': 'balanced'}","['mfcc_mean', 'spec_skew', 'spec_kurtosis', 'NDSI', 'mfcc_1', 'wav_detail_lvl5_std', 'mfcc_var', 'mfcc_std', 'wav_approx_std']",0.7732463295269169,0.6790830945558739,0.8977272727272727,0.8193724093823739,0.8990825688073395,0.9074074074074074,0.8909090909090909,0.9270873200544325,0.9725705329153606,0.998390989541432,0.948051948051948,0.9976459958326452
SGD,0.8816037328978338,0.8586075453551629,0.9247301631976553,0.920550038197097,0.9145057954338786,"{'alpha': 0.0001, 'penalty': 'elasticnet', 'loss': 'log_loss', 'class_weight': 'balanced'}","['mfcc_mean', 'spec_skew', 'spec_kurtosis', 'NDSI', 'mfcc_1', 'wav_detail_lvl5_std', 'mfcc_var', 'mfcc_std']",0.7711213517665131,0.648578811369509,0.9507575757575758,0.8062569820277017,0.8966202783300199,0.9327817993795243,0.8631578947368421,0.9391644570311032,0.9770695685969685,0.9944620253164557,0.9602750190985485,0.9980959472428308
SGD,0.8815564220133775,0.8641418534669283,0.9061332028824288,0.9209320091673033,0.9133925276316534,"{'alpha': 0.0001, 'penalty': 'elasticnet', 'loss': 'log_loss', 'class_weight': 'balanced'}","['spec_skew', 'NDSI', 'wav_detail_lvl5_std', 'mfcc_std', 'wav_approx_std']",0.7718120805369127,0.6927710843373494,0.8712121212121212,0.8127288434026665,0.9006240998559769,0.9036608863198459,0.8976076555023923,0.9297028656329578,0.9722330856472429,0.9959935897435898,0.9495798319327731,0.9977458738593357
SGD,0.8815141575422766,0.8610542603040753,0.9140470382730445,0.9209320091673033,0.9172606286146148,"{'alpha': 0.0001, 'penalty': 'l2', 'loss': 'log_loss', 'class_weight': 'balanced'}","['spec_skew', 'spec_kurtosis', 'NDSI', 'wav_detail_lvl5_std', 'mfcc_std', 'wav_approx_std']",0.7709677419354839,0.6713483146067416,0.9053030303030303,0.8166959508859983,0.898876404494382,0.9181636726546906,0.8803827751196173,0.9372728414204197,0.9746983261969638,0.9936507936507937,0.9564553093964858,0.9978130935374262
SGD,0.8814181856778048,0.8617070164362888,0.9112857902331587,0.9201680672268907,0.9145333358589002,"{'alpha': 0.001, 'penalty': 'l2', 'loss': 'log_loss', 'class_weight': 'balanced'}","['mfcc_mean', 'spec_skew', 'NDSI', 'mfcc_1', 'wav_detail_lvl5_std', 'mfcc_var', 'mfcc_std', 'wav_approx_std']",0.7725040916530278,0.6801152737752162,0.8939393939393939,0.8186039287359262,0.8991799324650265,0.9066147859922179,0.8918660287081339,0.9273223758062041,0.9725705329153606,0.998390989541432,0.948051948051948,0.9976737030345699
SGD,0.8813480878214163,0.8581339143844476,0.9218673912946359,0.9159663865546218,0.899410712548043,"{'alpha': 0.001, 'penalty': 'l2', 'loss': 'log_loss', 'class_weight': 'balanced'}","['mfcc_mean', 'spec_skew', 'spec_kurtosis', 'mfcc_1', 'wav_detail_lvl5_std', 'mfcc_var', 'mfcc_2']",0.784375,0.6675531914893617,0.9507575757575758,0.7816955501206745,0.8916256157635468,0.9187817258883249,0.8660287081339713,0.9198727985757579,0.9680436477007015,0.9880668257756563,0.9488158899923606,0.9966637889476967
SGD,0.8813273520517214,0.8638679910838688,0.9060072194747119,0.920550038197097,0.9150875679286402,"{'alpha': 0.0001, 'penalty': 'l2', 'loss': 'log_loss', 'class_weight': 'balanced'}","['mfcc_mean', 'spec_kurtosis', 'NDSI', 'wav_detail_lvl5_std', 'mfcc_std', 'wav_approx_std']",0.7718120805369127,0.6927710843373494,0.8712121212121212,0.8185683078215491,0.9003831417624522,0.9012464046021093,0.8995215311004785,0.9290224456975756,0.9717868338557993,0.997586484312148,0.9472880061115355,0.9976719502667958
SGD,0.8813258122474711,0.8653674182014611,0.902985963125282,0.9201680672268907,0.9196125690806447,"{'alpha': 0.0001, 'penalty': 'elasticnet', 'loss': 'log_loss', 'class_weight': 'balanced'}","['mfcc_mean', 'NDSI', 'wav_detail_lvl5_std', 'mfcc_std', 'wav_approx_std']",0.7734241908006815,0.7027863777089783,0.8598484848484849,0.8180408341935708,0.9003338102050549,0.8973384030418251,0.9033492822966507,0.9428961338414621,0.9702194357366771,0.99597747385358,0.9457601222307105,0.9979007392069011
SGD,0.8812845052700421,0.8602975066329375,0.915995983720442,0.9213139801375095,0.9176610142957485,"{'alpha': 0.0001, 'penalty': 'elasticnet', 'loss': 'log_loss', 'class_weight': 'balanced'}","['spec_skew', 'spec_kurtosis', 'NDSI', 'mfcc_1', 'wav_detail_lvl5_std', 'mfcc_std', 'wav_approx_std']",0.7687400318979266,0.6639118457300276,0.9128787878787878,0.8190155908190481,0.8988212180746562,0.9233097880928355,0.8755980861244019,0.93613164163035,0.9762922658375437,0.9936708860759493,0.959511077158136,0.9978358104378476
SGD,0.8812441037911544,0.8618968548152157,0.910151827876286,0.9197860962566845,0.9144409214119819,"{'alpha': 0.001, 'penalty': 'elasticnet', 'loss': 'log_loss', 'class_weight': 'balanced'}","['mfcc_mean', 'spec_skew', 'NDSI', 'mfcc_1', 'wav_detail_lvl5_std', 'mfcc_std', 'wav_approx_std']",0.7730263157894737,0.6831395348837209,0.8901515151515151,0.8180448162518956,0.8989412897016362,0.904162633107454,0.8937799043062201,0.9276425337699978,0.971764705882353,0.9983883964544722,0.946524064171123,0.9976354142140524
SGD,0.8812376311789213,0.8625279788873362,0.9086669436514638,0.917494270435447,0.9253240894328186,"{'alpha': 0.0001, 'penalty': 'elasticnet', 'loss': 'log_loss', 'class_weight': 'balanced'}","['spec_skew', 'spec_kurtosis', 'mfcc_std', 'wav_approx_std', 'mfcc_2']",0.7814569536423841,0.6941176470588235,0.8939393939393939,0.8453418654283703,0.8948393378773125,0.910802775024777,0.8794258373205741,0.934124703890408,0.9674166020170675,0.9826635145784082,0.9526355996944232,0.9965056989796774
SGD,0.8811385808051103,0.8651747557997558,0.9023645343304786,0.9140565317035906,0.915729160145272,"{'alpha': 0.0001, 'penalty': 'l2', 'loss': 'log_loss', 'class_weight': 'balanced'}","['mfcc_1', 'wav_detail_lvl5_std', 'wav_approx_std', 'mfcc_2']",0.791095890410959,0.721875,0.875,0.8178918206105549,0.8926014319809069,0.8904761904761904,0.8947368421052632,0.9324378025802564,0.959718420023465,0.9831730769230769,0.9373567608861727,0.9968578572450044
SGD,0.8811310703834069,0.8581741416469031,0.9208594123454805,0.9159663865546218,0.9001812074371465,"{'alpha': 0.001, 'penalty': 'elasticnet', 'loss': 'log_loss', 'class_weight': 'balanced'}","['spec_skew', 'spec_kurtosis', 'mfcc_1', 'wav_detail_lvl5_std', 'mfcc_std', 'mfcc_2']",0.7836990595611285,0.6684491978609626,0.946969696969697,0.7812178821927772,0.8916256157635468,0.9187817258883249,0.8660287081339713,0.9226355208613625,0.9680685358255452,0.9872915011914217,0.9495798319327731,0.9966902192572996
SGD,0.8808606835158096,0.8611193463872424,0.9107764956062171,0.9194041252864782,0.9147601432108493,"{'alpha': 0.001, 'penalty': 'elasticnet', 'loss': 'log_loss', 'class_weight': 'balanced'}","['mfcc_mean', 'spec_skew', 'spec_kurtosis', 'NDSI', 'wav_detail_lvl5_std', 'mfcc_var', 'mfcc_std', 'wav_approx_std']",0.7725040916530278,0.6801152737752162,0.8939393939393939,0.8186348934319011,0.8983132530120482,0.9048543689320389,0.8918660287081339,0.9279764421370308,0.971764705882353,0.9983883964544722,0.946524064171123,0.9976690940636163
SGD,0.8808203372097895,0.8610252549908687,0.9109668109668109,0.9197860962566845,0.9141203999919888,"{'alpha': 0.001, 'penalty': 'l2', 'loss': 'log_loss', 'class_weight': 'balanced'}","['mfcc_mean', 'spec_skew', 'spec_kurtosis', 'NDSI', 'mfcc_1', 'wav_detail_lvl5_std', 'mfcc_std', 'wav_approx_std']",0.7712418300653595,0.6781609195402298,0.8939393939393939,0.8186033156186053,0.8986486486486487,0.9065238558909445,0.8909090909090909,0.9261520550429693,0.9725705329153606,0.998390989541432,0.948051948051948,0.9976058293143915
SGD,0.8807361154012666,0.8588564386768728,0.916942869651848,0.9148204736440031,0.9007607690821716,"{'alpha': 0.0001, 'penalty': 'elasticnet', 'loss': 'log_loss', 'class_weight': 'balanced'}","['mfcc_mean', 'mfcc_1', 'mfcc_var', 'mfcc_2']",0.7866242038216561,0.6785714285714286,0.9356060606060606,0.7700479068591872,0.89009364218827,0.9176829268292683,0.8641148325358852,0.9360349580198846,0.9654905001938736,0.9803149606299213,0.9511077158135982,0.9961994423674431
SGD,0.8807305805012163,0.8575419764623353,0.9214840800754113,0.9155844155844156,0.897771075839676,"{'alpha': 0.001, 'penalty': 'l2', 'loss': 'log_loss', 'class_weight': 'balanced'}","['mfcc_mean', 'spec_skew', 'spec_kurtosis', 'wav_detail_lvl5_std', 'mfcc_std', 'mfcc_2']",0.7831513260530422,0.6657824933687002,0.9507575757575758,0.7756385051502376,0.8909718796250616,0.9195519348268839,0.8641148325358852,0.9211173898100914,0.9680685358255452,0.9872915011914217,0.9495798319327731,0.9965573325586989
SGD,0.8807284915330807,0.8577874253473564,0.9227413453419645,0.9167303284950343,0.8912203361237635,"{'alpha': 0.0001, 'penalty': 'elasticnet', 'loss': 'log_loss', 'class_weight': 'balanced'}","['mfcc_mean', 'spec_skew', 'mfcc_var', 'mfcc_std', 'mfcc_2']",0.7801857585139319,0.6596858638743456,0.9545454545454546,0.7465996255924092,0.8914342629482072,0.9293873312564901,0.8564593301435407,0.9320246216478394,0.9705654531371031,0.9842890809112333,0.9572192513368984,0.9950367611310418
SGD,0.8806558596017738,0.8578565880068764,0.9199157653492019,0.9159663865546218,0.9003290023826175,"{'alpha': 0.001, 'penalty': 'elasticnet', 'loss': 'log_loss', 'class_weight': 'balanced'}","['spec_skew', 'spec_kurtosis', 'wav_detail_lvl5_std', 'mfcc_var', 'mfcc_std', 'mfcc_2']",0.7817896389324961,0.6675603217158177,0.9431818181818182,0.7833216637832147,0.8917322834645669,0.9179331306990881,0.8669856459330143,0.920913194840087,0.9684456564082586,0.9880763116057234,0.9495798319327731,0.996752148524551
SGD,0.880630444385647,0.8605042591267001,0.911907777465053,0.9201680672268907,0.9133006354656213,"{'alpha': 0.001, 'penalty': 'elasticnet', 'loss': 'log_loss', 'class_weight': 'balanced'}","['spec_skew', 'spec_kurtosis', 'NDSI', 'mfcc_1', 'wav_detail_lvl5_std', 'wav_approx_std']",0.7694805194805194,0.6732954545454546,0.8977272727272727,0.8127056926969368,0.898592916060165,0.9114173228346457,0.8861244019138756,0.9294626438053637,0.9738178976162564,0.9968,0.9518716577540107,0.9977335698945634
SGD,0.8806168141641028,0.8628391482059147,0.9059295967190705,0.9194041252864782,0.9185600133307247,"{'alpha': 0.0001, 'penalty': 'elasticnet', 'loss': 'log_loss', 'class_weight': 'balanced'}","['NDSI', 'mfcc_1', 'wav_detail_lvl5_std', 'mfcc_var', 'wav_approx_std']",0.7725752508361204,0.6916167664670658,0.875,0.8167329546614844,0.8986064392119173,0.9025096525096525,0.8947368421052632,0.9410363671090098,0.9706687524442706,0.9943910256410257,0.948051948051948,0.9979107182216796
SGD,0.8805415848457806,0.8607308789761338,0.9107121636533401,0.9194041252864782,0.9146260570022456,"{'alpha': 0.001, 'penalty': 'elasticnet', 'loss': 'log_loss', 'class_weight': 'balanced'}","['mfcc_mean', 'spec_skew', 'NDSI', 'wav_detail_lvl5_std', 'mfcc_var', 'mfcc_std', 'wav_approx_std']",0.7712418300653595,0.6781609195402298,0.8939393939393939,0.8183060946590848,0.8982151471297636,0.9056420233463035,0.8909090909090909,0.9278983129586091,0.9721677773422187,0.998389694041868,0.9472880061115355,0.997673763389043
SGD,0.8805386654545097,0.8610780392274204,0.911261777438248,0.920550038197097,0.9447792463951683,"{'alpha': 0.0001, 'penalty': 'elasticnet', 'loss': 'log_loss', 'class_weight': 'balanced'}","['mfcc_mean', 'NDSI', 'mfcc_1', 'mfcc_var', 'mfcc_std', 'mfcc_2']",0.7694805194805194,0.6732954545454546,0.8977272727272727,0.880242940659231,0.8976377952755905,0.9240121580547113,0.8727272727272727,0.9562104343067983,0.9744976816074189,0.9859265050820953,0.9633307868601986,0.9978843642194755
SGD,0.8805241445404156,0.86178253898135,0.9084494882482499,0.9209320091673033,0.9174041912702039,"{'alpha': 0.001, 'penalty': 'l2', 'loss': 'log_loss', 'class_weight': 'balanced'}","['NDSI', 'mfcc_1', 'wav_detail_lvl5_std', 'mfcc_var', 'mfcc_std', 'wav_approx_std']",0.7677100494233937,0.6793002915451894,0.8825757575757576,0.8099539232961838,0.8995633187772926,0.9124015748031497,0.8870813397129187,0.9443279173717312,0.9742990654205608,0.9936457505957109,0.9556913674560733,0.9979307331426965
SGD,0.8804496667359251,0.8572164701512571,0.9214840800754113,0.9155844155844156,0.8985395245733923,"{'alpha': 0.001, 'penalty': 'l2', 'loss': 'log_loss', 'class_weight': 'balanced'}","['mfcc_mean', 'spec_skew', 'spec_kurtosis', 'mfcc_1', 'wav_detail_lvl5_std', 'mfcc_std', 'mfcc_2']",0.7819314641744548,0.6640211640211641,0.9507575757575758,0.778294432569324,0.8909718796250616,0.9195519348268839,0.8641148325358852,0.9207082182949049,0.9684456564082586,0.9880763116057234,0.9495798319327731,0.9966159228559481
SGD,0.8803906956924644,0.8604082980272313,0.9109885900133579,0.9167303284950343,0.9241981244986336,"{'alpha': 0.0001, 'penalty': 'l2', 'loss': 'log_loss', 'class_weight': 'balanced'}","['spec_skew', 'spec_kurtosis', 'mfcc_var', 'mfcc_std', 'wav_approx_std', 'mfcc_2']",0.7797716150081566,0.6848137535816619,0.9053030303030303,0.8435783167026996,0.8936585365853659,0.9114427860696518,0.876555023923445,0.9322559385967443,0.967741935483871,0.9849683544303798,0.9511077158135982,0.9967601181964568
SGD,0.8803755216074455,0.8594057835042485,0.9141007599211933,0.9194041252864782,0.9056192148707973,"{'alpha': 0.0001, 'penalty': 'elasticnet', 'loss': 'log_loss', 'class_weight': 'balanced'}","['spec_kurtosis', 'NDSI', 'mfcc_1', 'wav_detail_lvl5_std', 'mfcc_var']",0.7704654895666132,0.6685236768802229,0.9090909090909091,0.7912904428017168,0.8972235752557234,0.9136904761904762,0.8813397129186603,0.9277016583047396,0.9734375,0.9960031974420464,0.9518716577540107,0.9978655435059355
SGD,0.8802628665309475,0.8604370735855356,0.9104575163398693,0.919022154316272,0.9147777156658284,"{'alpha': 0.001, 'penalty': 'elasticnet', 'loss': 'log_loss', 'class_weight': 'balanced'}","['mfcc_mean', 'spec_skew', 'spec_kurtosis', 'NDSI', 'mfcc_1', 'wav_detail_lvl5_std', 'mfcc_var', 'wav_approx_std']",0.7712418300653595,0.6781609195402298,0.8939393939393939,0.8195148674565286,0.8977820636451301,0.9047619047619048,0.8909090909090909,0.9271614247006931,0.971764705882353,0.9983883964544722,0.946524064171123,0.9976568548402638
SGD,0.8802489837870223,0.8594921774976787,0.9130954614700744,0.919022154316272,0.9145425837759039,"{'alpha': 0.001, 'penalty': 'l2', 'loss': 'log_loss', 'class_weight': 'balanced'}","['spec_skew', 'spec_kurtosis', 'NDSI', 'wav_detail_lvl5_std', 'mfcc_var', 'wav_approx_std']",0.7709677419354839,0.6713483146067416,0.9053030303030303,0.8154239500739047,0.8971871968962173,0.9095378564405113,0.8851674641148325,0.9304854291356061,0.9725920125293657,0.9975903614457832,0.9488158899923606,0.9977183721182011
SGD,0.8801692187512847,0.8569014899865292,0.9212294327619405,0.9152024446142093,0.8976289213187901,"{'alpha': 0.001, 'penalty': 'l2', 'loss': 'log_loss', 'class_weight': 'balanced'}","['mfcc_mean', 'spec_skew', 'spec_kurtosis', 'wav_detail_lvl5_std', 'mfcc_var', 'mfcc_2']",0.7819314641744548,0.6640211640211641,0.9507575757575758,0.7775004309250984,0.8905325443786982,0.9186164801627671,0.8641148325358852,0.9187995565727571,0.9680436477007015,0.9880668257756563,0.9488158899923606,0.9965867764585149
SGD,0.8800640877254451,0.8607956248612232,0.9090151850213769,0.9197860962566845,0.9128187363814898,"{'alpha': 0.001, 'penalty': 'l2', 'loss': 'log_loss', 'class_weight': 'balanced'}","['mfcc_mean', 'spec_kurtosis', 'NDSI', 'mfcc_1', 'wav_detail_lvl5_std', 'mfcc_var', 'mfcc_std', 'wav_approx_std']",0.7684729064039408,0.6782608695652174,0.8863636363636364,0.8173745319606686,0.8987463837994214,0.9057337220602527,0.8918660287081339,0.9234941126950208,0.972972972972973,0.9983922829581994,0.9488158899923606,0.9975875644887802
SGD,0.8800446066387718,0.8573572750724258,0.9222049106724031,0.9197860962566845,0.9122670164898636,"{'alpha': 0.0001, 'penalty': 'l2', 'loss': 'log_loss', 'class_weight': 'balanced'}","['spec_skew', 'spec_kurtosis', 'NDSI', 'mfcc_1', 'wav_detail_lvl5_std', 'mfcc_var', 'mfcc_std']",0.7673343605546995,0.6467532467532467,0.9431818181818182,0.8013907618659535,0.8957298907646475,0.9308565531475749,0.8631578947368421,0.9373236058992206,0.9770695685969685,0.9944620253164557,0.9602750190985485,0.9980866817044167
SGD,0.8799985168402328,0.860699952293612,0.9091411684290941,0.9201680672268907,0.9119885178085306,"{'alpha': 0.001, 'penalty': 'l2', 'loss': 'log_loss', 'class_weight': 'balanced'}","['spec_kurtosis', 'NDSI', 'mfcc_1', 'wav_detail_lvl5_std', 'mfcc_std', 'wav_approx_std']",0.7672131147540984,0.6763005780346821,0.8863636363636364,0.8124170649456861,0.8989850169163848,0.908203125,0.8899521531100478,0.9259094938897027,0.9737974188502151,0.9975961538461539,0.9511077158135982,0.9976389945902027
SGD,0.8798597334104746,0.8568404398769444,0.9235185780851416,0.919022154316272,0.9061364307674803,"{'alpha': 0.0001, 'penalty': 'l2', 'loss': 'log_loss', 'class_weight': 'balanced'}","['spec_skew', 'spec_kurtosis', 'NDSI', 'mfcc_1', 'wav_detail_lvl5_std', 'mfcc_std']",0.7687595712098009,0.6452442159383034,0.9507575757575758,0.7839711903864496,0.8945273631840795,0.9316062176165804,0.8602870813397129,0.9363916597141119,0.9762922658375437,0.9936708860759493,0.959511077158136,0.9980464422018792
SGD,0.8798465548126414,0.8569257753497421,0.9189615080481954,0.9144385026737968,0.8962078761105495,"{'alpha': 0.001, 'penalty': 'elasticnet', 'loss': 'log_loss', 'class_weight': 'balanced'}","['mfcc_mean', 'spec_kurtosis', 'mfcc_1', 'wav_detail_lvl5_std', 'mfcc_var', 'mfcc_2']",0.7830188679245284,0.6693548387096774,0.9431818181818182,0.7772662682412885,0.8900883218842002,0.9133937562940584,0.8679425837320575,0.9151227758989133,0.9664324746291959,0.9880287310454908,0.9457601222307105,0.9962345841914467
SGD,0.8796854523015479,0.8610754820748475,0.9074415092990944,0.9209320091673033,0.8867759762850511,"{'alpha': 0.0001, 'penalty': 'elasticnet', 'loss': 'log_loss', 'class_weight': 'balanced'}","['mfcc_mean', 'NDSI', 'mfcc_1', 'mfcc_var']",0.7644151565074135,0.6763848396501457,0.8787878787878788,0.7343836860139575,0.8995633187772926,0.9124015748031497,0.8870813397129187,0.9279742081195362,0.9750778816199377,0.9944400317712471,0.9564553093964858,0.9979700347216596
SGD,0.8796662514877168,0.8597584740659471,0.9101385370735215,0.9186401833460657,0.9145096127701304,"{'alpha': 0.001, 'penalty': 'elasticnet', 'loss': 'log_loss', 'class_weight': 'balanced'}","['mfcc_mean', 'spec_skew', 'NDSI', 'mfcc_1', 'wav_detail_lvl5_std', 'mfcc_var', 'wav_approx_std']",0.7699836867862969,0.6762177650429799,0.8939393939393939,0.8188160055600981,0.8972503617945007,0.9046692607003891,0.8899521531100478,0.9270521903876423,0.971764705882353,0.9983883964544722,0.946524064171123,0.997660642362651
SGD,0.879632537442475,0.8572804305856905,0.9203176166798457,0.9197860962566845,0.9112551884670567,"{'alpha': 0.0001, 'penalty': 'l2', 'loss': 'log_loss', 'class_weight': 'balanced'}","['spec_skew', 'spec_kurtosis', 'NDSI', 'mfcc_1', 'wav_detail_lvl5_std', 'mfcc_var']",0.765891472868217,0.6482939632545932,0.9356060606060606,0.7976402732527595,0.8959365708622399,0.9290853031860226,0.8650717703349282,0.9380283201860684,0.9770695685969685,0.9944620253164557,0.9602750190985485,0.9980969719623421
SGD,0.8796271216961927,0.8569716741934217,0.9179535290990399,0.9144385026737968,0.8961729953537394,"{'alpha': 0.001, 'penalty': 'elasticnet', 'loss': 'log_loss', 'class_weight': 'balanced'}","['spec_kurtosis', 'wav_detail_lvl5_std', 'mfcc_var', 'mfcc_std', 'mfcc_2']",0.7823343848580442,0.6702702702702703,0.9393939393939394,0.7764948691842526,0.8900883218842002,0.9133937562940584,0.8679425837320575,0.9157420922054582,0.9664586583463338,0.9872509960159362,0.946524064171123,0.9962820246715074
SGD,0.8794142757870888,0.8615610800230713,0.905111933130509,0.9197860962566845,0.91726178292798,"{'alpha': 0.001, 'penalty': 'l2', 'loss': 'log_loss', 'class_weight': 'balanced'}","['mfcc_mean', 'NDSI', 'mfcc_1', 'wav_detail_lvl5_std', 'mfcc_std', 'wav_approx_std']",0.7666666666666667,0.6845238095238095,0.8712121212121212,0.8140997484568404,0.8989412897016362,0.904162633107454,0.8937799043062201,0.9399131195279226,0.9726348709929633,0.9959967974379503,0.9503437738731857,0.9977724807991767
SGD,0.8792009816406089,0.8605117656393109,0.9067663588561422,0.9163483575248281,0.923956514374018,"{'alpha': 0.0001, 'penalty': 'elasticnet', 'loss': 'log_loss', 'class_weight': 'balanced'}","['spec_skew', 'spec_kurtosis', 'mfcc_1', 'wav_approx_std', 'mfcc_2']",0.7768595041322314,0.6891495601173021,0.8901515151515151,0.8430161141323629,0.893326838772528,0.9097222222222222,0.877511961722488,0.9323901899360879,0.9674166020170675,0.9826635145784082,0.9526355996944232,0.9964632390536036
SGD,0.8791683003395034,0.8563248093402299,0.9189588275501587,0.9148204736440031,0.897887612455806,"{'alpha': 0.001, 'penalty': 'elasticnet', 'loss': 'log_loss', 'class_weight': 'balanced'}","['spec_skew', 'spec_kurtosis', 'wav_detail_lvl5_std', 'mfcc_var', 'mfcc_2']",0.7793427230046949,0.664,0.9431818181818182,0.778700678792145,0.89009364218827,0.9176829268292683,0.8641148325358852,0.9182855401672944,0.9680685358255452,0.9872915011914217,0.9495798319327731,0.9966766184079783
SGD,0.8791306651152899,0.8594487703546987,0.9091305581243662,0.9186401833460657,0.9121843000263944,"{'alpha': 0.001, 'penalty': 'l2', 'loss': 'log_loss', 'class_weight': 'balanced'}","['mfcc_mean', 'spec_kurtosis', 'NDSI', 'mfcc_1', 'wav_detail_lvl5_std', 'mfcc_var', 'wav_approx_std']",0.7679738562091504,0.6752873563218391,0.8901515151515151,0.8169303597532108,0.8972503617945007,0.9046692607003891,0.8899521531100478,0.9220741779928093,0.9721677773422187,0.998389694041868,0.9472880061115355,0.9975483623331631
SGD,0.8790837573439726,0.8626285546419433,0.9017716975147315,0.919022154316272,0.9172234455003901,"{'alpha': 0.0001, 'penalty': 'l2', 'loss': 'log_loss', 'class_weight': 'balanced'}","['NDSI', 'mfcc_1', 'wav_detail_lvl5_std', 'mfcc_std', 'wav_approx_std']",0.7681895093062606,0.6941896024464832,0.8598484848484849,0.8135541396767991,0.8983700862895494,0.9000960614793467,0.8966507177033493,0.9402293347563392,0.9706916764361079,0.9936,0.9488158899923606,0.9978868620680319
SGD,0.8790279838376768,0.8572727753848616,0.9152969321699972,0.9140565317035906,0.9124828933699254,"{'alpha': 0.0001, 'penalty': 'l2', 'loss': 'log_loss', 'class_weight': 'balanced'}","['mfcc_mean', 'mfcc_1', 'mfcc_var', 'mfcc_std', 'mfcc_2']",0.7821939586645469,0.673972602739726,0.9318181818181818,0.8010912859077998,0.8889985199802664,0.9175152749490835,0.8622009569377991,0.9398472171425513,0.9658914728682171,0.980330448465775,0.9518716577540107,0.9965101770594249
SGD,0.8788322932022506,0.8560624953891504,0.9185755163309343,0.9144385026737968,0.8982449230742159,"{'alpha': 0.001, 'penalty': 'l2', 'loss': 'log_loss', 'class_weight': 'balanced'}","['spec_skew', 'spec_kurtosis', 'wav_detail_lvl5_std', 'mfcc_std', 'mfcc_2']",0.7793427230046949,0.664,0.9431818181818182,0.7756994251857224,0.8894373149062191,0.9184505606523955,0.8622009569377991,0.9223707501792234,0.9677168416958382,0.9857369255150554,0.9503437738731857,0.9966645938577018
SGD,0.8788309628114271,0.8623478543543581,0.9015813821541375,0.9186401833460657,0.9167919059094527,"{'alpha': 0.0001, 'penalty': 'l2', 'loss': 'log_loss', 'class_weight': 'balanced'}","['NDSI', 'wav_detail_lvl5_std', 'mfcc_std', 'wav_approx_std']",0.7681895093062606,0.6941896024464832,0.8598484848484849,0.8115261382427239,0.8980373384394447,0.8984674329501916,0.8976076555023923,0.9409767362461029,0.9702660406885759,0.9943865276663993,0.9472880061115355,0.9978728432395313
SGD,0.8787777091722866,0.8621882495413948,0.9017716975147315,0.919022154316272,0.9149646926199247,"{'alpha': 0.0001, 'penalty': 'l2', 'loss': 'log_loss', 'class_weight': 'balanced'}","['NDSI', 'mfcc_1', 'wav_detail_lvl5_std', 'wav_approx_std']",0.7668918918918919,0.6920731707317073,0.8598484848484849,0.8099321903071399,0.8983700862895494,0.9000960614793467,0.8966507177033493,0.9370871919558982,0.9710711493354183,0.9943955164131305,0.9488158899923606,0.9978746955967361
SGD,0.8787740167029039,0.8557059077398262,0.9195834952800898,0.9144385026737968,0.8954878200964154,"{'alpha': 0.001, 'penalty': 'elasticnet', 'loss': 'log_loss', 'class_weight': 'balanced'}","['mfcc_mean', 'spec_skew', 'spec_kurtosis', 'mfcc_1', 'wav_detail_lvl5_std', 'mfcc_2']",0.778816199376947,0.6613756613756614,0.946969696969697,0.7712945975272668,0.8894373149062191,0.9184505606523955,0.8622009569377991,0.9186955560514349,0.9680685358255452,0.9872915011914217,0.9495798319327731,0.9964733067105446
SGD,0.8787256269947031,0.8619014222470617,0.9022809921416733,0.9197860962566845,0.9121152558524256,"{'alpha': 0.0001, 'penalty': 'l2', 'loss': 'log_loss', 'class_weight': 'balanced'}","['spec_kurtosis', 'NDSI', 'wav_detail_lvl5_std', 'mfcc_std', 'wav_approx_std']",0.7643097643097643,0.6878787878787879,0.8598484848484849,0.8120302825777691,0.8992322456813819,0.9018286814244466,0.8966507177033493,0.9266138918982936,0.9726348709929633,0.9959967974379503,0.9503437738731857,0.9977015930812142
SGD,0.8786779823773948,0.8587862123987327,0.9141362765201775,0.9144385026737968,0.8738086296662461,"{'alpha': 0.0001, 'penalty': 'l2', 'loss': 'log_loss', 'class_weight': 'balanced'}","['mfcc_std', 'mfcc_2']",0.7821939586645469,0.673972602739726,0.9318181818181818,0.6917915996645051,0.8869828456104945,0.9381003201707577,0.8411483253588516,0.9330235716800666,0.9668571428571429,0.9642857142857143,0.9694423223834988,0.9966107176541662
SGD,0.8786173224492866,0.8616255710113333,0.9021794682785395,0.9159663865546218,0.9233472728710309,"{'alpha': 0.0001, 'penalty': 'l2', 'loss': 'log_loss', 'class_weight': 'balanced'}","['spec_skew', 'mfcc_1', 'wav_approx_std', 'mfcc_2']",0.7757166947723441,0.6990881458966566,0.8712121212121212,0.8461596109277617,0.8940269749518305,0.9000969932104753,0.8880382775119617,0.9270350570207706,0.9661082976236852,0.985691573926868,0.9472880061115355,0.9968471506645606
SGD,0.8786147069305149,0.8572669037255896,0.9166535992387385,0.913292589763178,0.857367033881404,"{'alpha': 0.0001, 'penalty': 'elasticnet', 'loss': 'log_loss', 'class_weight': 'balanced'}","['mfcc_var', 'mfcc_std', 'mfcc_2']",0.784251968503937,0.6711590296495957,0.9431818181818182,0.6442924225019477,0.8861013547415956,0.9314345991561181,0.8449760765550239,0.9315161545377154,0.9654907975460123,0.9692070823710547,0.9618029029793735,0.9962925246045493
SGD,0.8786071338536193,0.8554756779783016,0.9219396530542041,0.9178762414056532,0.9091381074916262,"{'alpha': 0.0001, 'penalty': 'elasticnet', 'loss': 'log_loss', 'class_weight': 'balanced'}","['mfcc_mean', 'spec_kurtosis', 'NDSI', 'mfcc_1', 'wav_detail_lvl5_std', 'mfcc_var', 'mfcc_std']",0.7668711656441718,0.6443298969072165,0.946969696969697,0.7976215535035225,0.8935116394254582,0.9260780287474333,0.8631578947368421,0.93192356924043,0.9754385964912281,0.9960191082802548,0.9556913674560733,0.9978691997309258
SGD,0.878592780506124,0.8591372784187433,0.9081225791752107,0.9186401833460657,0.9123623759850504,"{'alpha': 0.001, 'penalty': 'l2', 'loss': 'log_loss', 'class_weight': 'balanced'}","['mfcc_mean', 'spec_kurtosis', 'NDSI', 'wav_detail_lvl5_std', 'mfcc_var', 'mfcc_std', 'wav_approx_std']",0.7659574468085106,0.6743515850144092,0.8863636363636364,0.816477739560693,0.8972503617945007,0.9046692607003891,0.8899521531100478,0.9230515515863527,0.9725705329153606,0.998390989541432,0.948051948051948,0.9975578368081057
SGD,0.8785742010450037,0.8566197575925331,0.9217896568515763,0.9178762414056532,0.941195264708977,"{'alpha': 0.0001, 'penalty': 'l2', 'loss': 'log_loss', 'class_weight': 'balanced'}","['mfcc_mean', 'spec_skew', 'spec_kurtosis', 'NDSI', 'mfcc_1', 'mfcc_var', 'mfcc_std', 'mfcc_2']",0.7687595712098009,0.6452442159383034,0.9507575757575758,0.8696829619694353,0.8915784165405951,0.9424307036247335,0.845933014354067,0.9559889667608326,0.9753846153846154,0.9821843532145623,0.9686783804430863,0.9979138653966632
SGD,0.8785135596150385,0.8584965931489625,0.9093102631802322,0.917494270435447,0.914113741012991,"{'alpha': 0.001, 'penalty': 'elasticnet', 'loss': 'log_loss', 'class_weight': 'balanced'}","['mfcc_mean', 'spec_skew', 'spec_kurtosis', 'NDSI', 'wav_detail_lvl5_std', 'mfcc_var', 'wav_approx_std']",0.7687296416938111,0.6742857142857143,0.8939393939393939,0.8184271968202808,0.8958534233365477,0.902818270165209,0.8889952153110048,0.9263386665676443,0.9709576138147566,0.9983857949959645,0.944996180290298,0.9975753596510483
SGD,0.8783866275709754,0.8610512524084779,0.902552169193036,0.9148204736440031,0.9218561273083793,"{'alpha': 0.0001, 'penalty': 'elasticnet', 'loss': 'log_loss', 'class_weight': 'balanced'}","['spec_kurtosis', 'mfcc_var', 'wav_approx_std', 'mfcc_2']",0.7777777777777778,0.7,0.875,0.8471030224179668,0.8929428708593375,0.8959537572254336,0.8899521531100478,0.921957458134965,0.9644392340758109,0.9872,0.9427043544690603,0.996507901372206
SGD,0.8782950757497803,0.8585700029125948,0.9083666161839536,0.917494270435447,0.9145242653617047,"{'alpha': 0.001, 'penalty': 'elasticnet', 'loss': 'log_loss', 'class_weight': 'balanced'}","['mfcc_mean', 'spec_skew', 'spec_kurtosis', 'NDSI', 'wav_detail_lvl5_std', 'mfcc_std', 'wav_approx_std']",0.7679738562091504,0.6752873563218391,0.8901515151515151,0.8185283523660445,0.8959537572254336,0.9020368574199806,0.8899521531100478,0.9275210732482679,0.9709576138147566,0.9983857949959645,0.944996180290298,0.9975233704708019
SGD,0.8782879863328059,0.859370708141855,0.9056192173839231,0.9117647058823529,0.9077699929097461,"{'alpha': 0.0001, 'penalty': 'elasticnet', 'loss': 'log_loss', 'class_weight': 'balanced'}","['mfcc_mean', 'spec_skew', 'wav_detail_lvl5_std', 'wav_approx_std', 'mfcc_2']",0.7853577371048253,0.7002967359050445,0.8939393939393939,0.8243644894261793,0.8896321070234113,0.8883587786259542,0.8909090909090909,0.9034089015765071,0.9598741148701809,0.9894566098945661,0.932009167303285,0.9955365877265518
SGD,0.8782796876024922,0.8589784053278818,0.9072650431783559,0.9155844155844156,0.922361951618007,"{'alpha': 0.0001, 'penalty': 'l2', 'loss': 'log_loss', 'class_weight': 'balanced'}","['spec_skew', 'mfcc_1', 'mfcc_var', 'mfcc_std', 'wav_approx_std', 'mfcc_2']",0.7750410509031199,0.6840579710144927,0.8939393939393939,0.8437059181408614,0.8924574209245743,0.907920792079208,0.877511961722488,0.9266781993128538,0.9673405909797823,0.9849564528899446,0.9503437738731857,0.996701737400306
SGD,0.8782744689661856,0.8560062822781859,0.918291048476807,0.9182582123758595,0.9046050720443121,"{'alpha': 0.0001, 'penalty': 'elasticnet', 'loss': 'log_loss', 'class_weight': 'balanced'}","['NDSI', 'mfcc_1', 'wav_detail_lvl5_std', 'mfcc_std']",0.7651632970451011,0.6490765171503958,0.9318181818181818,0.7758037290335836,0.8941641938674579,0.925281473899693,0.8650717703349282,0.9399888372610169,0.9754959159859977,0.993660855784469,0.957983193277311,0.9980226498383357
SGD,0.8782435768615757,0.8554461050023408,0.9182565370645867,0.9140565317035906,0.8959907143918308,"{'alpha': 0.001, 'penalty': 'l2', 'loss': 'log_loss', 'class_weight': 'balanced'}","['spec_skew', 'spec_kurtosis', 'mfcc_1', 'wav_detail_lvl5_std', 'mfcc_2']",0.778125,0.6622340425531915,0.9431818181818182,0.770932192183375,0.8888888888888888,0.9183673469387755,0.861244019138756,0.9205134127322189,0.9677168416958382,0.9857369255150554,0.9503437738731857,0.9965265382598985
SGD,0.8782359843629429,0.8549474493199546,0.9225643207841351,0.917494270435447,0.9011593500992671,"{'alpha': 0.0001, 'penalty': 'l2', 'loss': 'log_loss', 'class_weight': 'balanced'}","['mfcc_mean', 'spec_skew', 'NDSI', 'mfcc_1', 'wav_detail_lvl5_std', 'mfcc_std']",0.766412213740458,0.6419437340153452,0.9507575757575758,0.77571537562615,0.8928571428571429,0.9268795056642637,0.861244019138756,0.9298316136787099,0.9754385964912281,0.9960191082802548,0.9556913674560733,0.9979310609929414
SGD,0.8782174157712784,0.858489674782357,0.9126833348969572,0.9136745607333843,0.8835519369481605,"{'alpha': 0.0001, 'penalty': 'l2', 'loss': 'log_loss', 'class_weight': 'balanced'}","['mfcc_var', 'mfcc_2']",0.7827476038338658,0.6767955801104972,0.928030303030303,0.7176464677498745,0.8862034239677744,0.9351753453772582,0.8421052631578947,0.9363694771568472,0.9657012195121951,0.9634980988593156,0.9679144385026738,0.9966398659377599
SGD,0.8781918776375504,0.8576455347901536,0.9106563199442457,0.9152024446142093,0.925267124609734,"{'alpha': 0.0001, 'penalty': 'l2', 'loss': 'log_loss', 'class_weight': 'balanced'}","['spec_skew', 'spec_kurtosis', 'mfcc_1', 'mfcc_var', 'wav_approx_std', 'mfcc_2']",0.7754442649434572,0.676056338028169,0.9090909090909091,0.8468987855885148,0.8913894324853229,0.9119119119119119,0.8717703349282296,0.9321685879592663,0.967741935483871,0.9849683544303798,0.9511077158135982,0.996734000281421
SGD,0.8781355406632011,0.8590569423993654,0.9071735711828591,0.9194041252864782,0.9170470576770571,"{'alpha': 0.001, 'penalty': 'l2', 'loss': 'log_loss', 'class_weight': 'balanced'}","['NDSI', 'wav_detail_lvl5_std', 'mfcc_var', 'mfcc_std', 'wav_approx_std']",0.762684124386252,0.6714697406340058,0.8825757575757576,0.8093040824746834,0.8974234321827905,0.9120553359683794,0.8832535885167464,0.9439054704818208,0.9742990654205608,0.9936457505957109,0.9556913674560733,0.9979316200746668
SGD,0.8781212912279379,0.8611771685712668,0.9019620128753255,0.9194041252864782,0.9097438602730369,"{'alpha': 0.0001, 'penalty': 'elasticnet', 'loss': 'log_loss', 'class_weight': 'balanced'}","['spec_kurtosis', 'NDSI', 'mfcc_1', 'wav_detail_lvl5_std', 'wav_approx_std']",0.7630252100840336,0.6858006042296072,0.8598484848484849,0.8097767998784383,0.8987037926068171,0.9017341040462428,0.8956937799043062,0.9217512469009388,0.9726348709929633,0.9959967974379503,0.9503437738731857,0.9977035340397334
SGD,0.8780912532862684,0.8589196008023937,0.9069242848654614,0.9182582123758595,0.9122661255669805,"{'alpha': 0.001, 'penalty': 'l2', 'loss': 'log_loss', 'class_weight': 'balanced'}","['mfcc_mean', 'spec_kurtosis', 'NDSI', 'mfcc_1', 'wav_detail_lvl5_std', 'mfcc_std', 'wav_approx_std']",0.7651888341543513,0.6753623188405797,0.8825757575757576,0.8165468376611794,0.896917148362235,0.9030067895247332,0.8909090909090909,0.9227282123247781,0.9721677773422187,0.998389694041868,0.9472880061115355,0.9975233267149838
SGD,0.8780842178282192,0.8595227316090156,0.9046755703876447,0.9117647058823529,0.9066407386397758,"{'alpha': 0.0001, 'penalty': 'l2', 'loss': 'log_loss', 'class_weight': 'balanced'}","['mfcc_mean', 'spec_kurtosis', 'wav_detail_lvl5_std', 'wav_approx_std', 'mfcc_2']",0.7846410684474123,0.7014925373134329,0.8901515151515151,0.821756695605354,0.8897374701670644,0.8876190476190476,0.8918660287081339,0.9027084135460498,0.9598741148701809,0.9894566098945661,0.932009167303285,0.9954571067679233
SGD,0.8780703373564612,0.8552254609944984,0.9215914116842909,0.9155844155844156,0.8812859843994825,"{'alpha': 0.0001, 'penalty': 'l2', 'loss': 'log_loss', 'class_weight': 'balanced'}","['mfcc_mean', 'spec_skew', 'mfcc_var', 'mfcc_2']",0.7730061349693251,0.6494845360824743,0.9545454545454546,0.719813237041438,0.8894447223611806,0.9318658280922432,0.8507177033492823,0.9286385941756532,0.9717601547388781,0.9843260188087775,0.959511077158136,0.9954061219813563
SGD,0.8780513443525059,0.856910129079388,0.9123798801817378,0.9171122994652406,0.9038330102615307,"{'alpha': 0.0001, 'penalty': 'elasticnet', 'loss': 'log_loss', 'class_weight': 'balanced'}","['mfcc_mean', 'NDSI', 'wav_detail_lvl5_std', 'mfcc_var']",0.768,0.6648199445983379,0.9090909090909091,0.7732772538866964,0.8943010228933268,0.9107142857142857,0.8784688995215311,0.9401701607668873,0.9718530101641908,0.9951961569255404,0.9495798319327731,0.9980516161310083
SGD,0.8780438992068533,0.8590980145245838,0.906221994379889,0.917494270435447,0.9201235134252029,"{'alpha': 0.0001, 'penalty': 'elasticnet', 'loss': 'log_loss', 'class_weight': 'balanced'}","['mfcc_mean', 'NDSI', 'mfcc_1', 'wav_detail_lvl5_std', 'mfcc_var', 'wav_approx_std']",0.7677100494233937,0.6793002915451894,0.8825757575757576,0.8214451523568861,0.8957528957528957,0.9036027263875365,0.8880382775119617,0.9409903113210524,0.9706687524442706,0.9943910256410257,0.948051948051948,0.9979350765976703
SGD,0.8780218139016837,0.8552652452928902,0.9207386782464182,0.9178762414056532,0.9052152908953661,"{'alpha': 0.0001, 'penalty': 'l2', 'loss': 'log_loss', 'class_weight': 'balanced'}","['mfcc_mean', 'NDSI', 'wav_detail_lvl5_std', 'mfcc_var', 'mfcc_std']",0.7649769585253456,0.6434108527131783,0.9431818181818182,0.7788594197935336,0.8931942374565326,0.9287190082644629,0.8602870813397129,0.9387205800561407,0.9758942457231726,0.9936658749010293,0.9587471352177235,0.998065872836424
SGD,0.8779947622750104,0.8613465907495303,0.9011364194800727,0.9178762414056532,0.9168300676247689,"{'alpha': 0.0001, 'penalty': 'l2', 'loss': 'log_loss', 'class_weight': 'balanced'}","['mfcc_mean', 'NDSI', 'mfcc_1', 'wav_detail_lvl5_std', 'wav_approx_std']",0.7668918918918919,0.6920731707317073,0.8598484848484849,0.81546682815312,0.8972766364070712,0.8959923664122137,0.8985645933014355,0.9371349530977177,0.9698157585260682,0.9959742351046699,0.944996180290298,0.9978884216234689
SGD,0.8779198604419262,0.8606151544016459,0.9024447258967383,0.9178762414056532,0.9275308653625091,"{'alpha': 0.0001, 'penalty': 'elasticnet', 'loss': 'log_loss', 'class_weight': 'balanced'}","['spec_skew', 'spec_kurtosis', 'NDSI', 'mfcc_1', 'wav_approx_std', 'mfcc_2']",0.7671691792294807,0.6876876876876877,0.8674242424242424,0.8428350851715208,0.8961854176726219,0.9044834307992202,0.8880382775119617,0.9422921891938697,0.9704049844236761,0.9896743447180302,0.9518716577540107,0.9974653217221368
SGD,0.8777941500474538,0.8616864245527149,0.8997803108484224,0.9125286478227654,0.9043983087118725,"{'alpha': 0.0001, 'penalty': 'elasticnet', 'loss': 'log_loss', 'class_weight': 'balanced'}","['mfcc_mean', 'spec_skew', 'wav_detail_lvl5_std', 'wav_approx_std']",0.7815699658703071,0.7111801242236024,0.8674242424242424,0.8171203436005708,0.8916232844297208,0.8820224719101124,0.9014354066985646,0.9005460625491767,0.9601891998423334,0.99185667752443,0.93048128342246,0.9955285199858703
SGD,0.877771020682585,0.8548321701262878,0.9201034002117593,0.9167303284950343,0.9053233947451819,"{'alpha': 0.0001, 'penalty': 'elasticnet', 'loss': 'log_loss', 'class_weight': 'balanced'}","['mfcc_mean', 'NDSI', 'mfcc_1', 'wav_detail_lvl5_std', 'mfcc_std']",0.7673343605546995,0.6467532467532467,0.9431818181818182,0.7790239662947723,0.8920792079207921,0.9241025641025641,0.8622009569377991,0.9389160866192285,0.9738994935722634,0.9936406995230525,0.9549274255156608,0.9980301313215445
SGD,0.8777522785527782,0.8545802642693795,0.9213660264743856,0.9171122994652406,0.9008084634825236,"{'alpha': 0.0001, 'penalty': 'elasticnet', 'loss': 'log_loss', 'class_weight': 'balanced'}","['mfcc_mean', 'spec_kurtosis', 'NDSI', 'mfcc_1', 'wav_detail_lvl5_std', 'mfcc_std']",0.7656967840735069,0.6426735218508998,0.946969696969697,0.7752225417830654,0.8925210500247648,0.9250513347022588,0.8622009569377991,0.929341509735037,0.9750390015600624,0.9960159362549801,0.9549274255156608,0.9978613389294687
SGD,0.8777453012808797,0.8550449337554934,0.9209289936070122,0.9182582123758595,0.9134985809334052,"{'alpha': 0.0001, 'penalty': 'elasticnet', 'loss': 'log_loss', 'class_weight': 'balanced'}","['mfcc_mean', 'spec_skew', 'spec_kurtosis', 'NDSI', 'mfcc_1', 'wav_detail_lvl5_std', 'mfcc_var']",0.7626339969372129,0.6401028277634961,0.9431818181818182,0.8034250548528856,0.8935323383084577,0.9305699481865285,0.8593301435406698,0.9389676585544202,0.9770695685969685,0.9944620253164557,0.9602750190985485,0.99810302939291
SGD,0.8776241976413885,0.8557293085606662,0.9158545874490147,0.9140565317035906,0.8599431638476919,"{'alpha': 0.0001, 'penalty': 'elasticnet', 'loss': 'log_loss', 'class_weight': 'balanced'}","['mfcc_mean', 'mfcc_var', 'mfcc_std', 'mfcc_2']",0.7767295597484277,0.6639784946236559,0.9356060606060606,0.6573445214384182,0.8882265275707899,0.9235537190082644,0.8555023923444977,0.9274903740642829,0.9679165056049478,0.9796557120500783,0.9564553093964858,0.9949945960403745
SGD,0.8775751090948543,0.8618898892368062,0.8985872658473278,0.9144385026737968,0.9214963440849845,"{'alpha': 0.0001, 'penalty': 'elasticnet', 'loss': 'log_loss', 'class_weight': 'balanced'}","['mfcc_mean', 'mfcc_1', 'mfcc_var', 'wav_approx_std', 'mfcc_2']",0.7760683760683761,0.7071651090342679,0.8598484848484849,0.8362492901658772,0.8930276981852913,0.8913250714966635,0.8947368421052632,0.9311915104766928,0.9636292530308955,0.9871794871794872,0.9411764705882353,0.9970482316123837
SGD,0.8775701095843349,0.8581470424032359,0.9065037817359799,0.9140565317035906,0.9247779178548222,"{'alpha': 0.0001, 'penalty': 'l2', 'loss': 'log_loss', 'class_weight': 'balanced'}","['spec_skew', 'mfcc_1', 'mfcc_var', 'wav_approx_std', 'mfcc_2']",0.7763157894736842,0.686046511627907,0.8939393939393939,0.8501275246867589,0.8911465892597968,0.901174168297456,0.8813397129186603,0.9272585384862668,0.9652479500195236,0.987220447284345,0.9442322383498855,0.9969476903914409
SGD,0.8775645911766731,0.860726019300386,0.9011337389820362,0.9182582123758595,0.9157996378567113,"{'alpha': 0.0001, 'penalty': 'l2', 'loss': 'log_loss', 'class_weight': 'balanced'}","['NDSI', 'wav_detail_lvl5_std', 'mfcc_var', 'wav_approx_std']",0.7643097643097643,0.6878787878787879,0.8598484848484849,0.8109317964290642,0.8973128598848369,0.8999037536092397,0.8947368421052632,0.93856112624104,0.9710711493354183,0.9943955164131305,0.9488158899923606,0.9979059909000293
SGD,0.8775645911766731,0.860726019300386,0.9011337389820362,0.9182582123758595,0.9167220607483362,"{'alpha': 0.0001, 'penalty': 'elasticnet', 'loss': 'log_loss', 'class_weight': 'balanced'}","['mfcc_mean', 'NDSI', 'wav_detail_lvl5_std', 'mfcc_var', 'mfcc_std', 'wav_approx_std']",0.7643097643097643,0.6878787878787879,0.8598484848484849,0.8139383328917835,0.8973128598848369,0.8999037536092397,0.8947368421052632,0.9383017201594583,0.9710711493354183,0.9943955164131305,0.9488158899923606,0.9979261291937664
SGD,0.877350193464165,0.8545758844612094,0.9214893293840664,0.9178762414056532,0.9069539239464945,"{'alpha': 0.0001, 'penalty': 'l2', 'loss': 'log_loss', 'class_weight': 'balanced'}","['mfcc_mean', 'spec_skew', 'spec_kurtosis', 'NDSI', 'wav_detail_lvl5_std', 'mfcc_var']",0.7621951219512195,0.6377551020408163,0.946969696969697,0.7847684568491712,0.8927680798004988,0.9322916666666666,0.8564593301435407,0.9380140495434273,0.9770873786407767,0.9936808846761453,0.961038961038961,0.9980792654468851
SGD,0.8772380726862762,0.8554294176571329,0.9164654059390901,0.9186401833460657,0.9029213635209725,"{'alpha': 0.0001, 'penalty': 'l2', 'loss': 'log_loss', 'class_weight': 'balanced'}","['spec_skew', 'spec_kurtosis', 'NDSI', 'wav_detail_lvl5_std', 'mfcc_var']",0.7601246105919003,0.6455026455026455,0.9242424242424242,0.7755276037440761,0.8945022288261516,0.9271047227926078,0.8641148325358852,0.9351431545969464,0.9770873786407767,0.9936808846761453,0.961038961038961,0.9980933322218948
SGD,0.8771710097208012,0.8590273994094576,0.902975911257645,0.9125286478227654,0.9088126566562421,"{'alpha': 0.0001, 'penalty': 'elasticnet', 'loss': 'log_loss', 'class_weight': 'balanced'}","['mfcc_mean', 'spec_skew', 'mfcc_1', 'wav_detail_lvl5_std', 'wav_approx_std']",0.7792642140468228,0.6976047904191617,0.8825757575757576,0.8168029920310192,0.8902731193100144,0.8915547024952015,0.8889952153110048,0.9136247028746934,0.9619756958055664,0.9879227053140096,0.9373567608861727,0.996010275063014
SGD,0.8771665394244019,0.8565245635704266,0.9111251837258031,0.9186401833460657,0.9079921310623694,"{'alpha': 0.0001, 'penalty': 'elasticnet', 'loss': 'log_loss', 'class_weight': 'balanced'}","['NDSI', 'mfcc_1', 'mfcc_var', 'mfcc_2']",0.7603833865814696,0.6574585635359116,0.9015151515151515,0.7813481588915648,0.895639392454679,0.9176706827309237,0.8746411483253589,0.944523690101234,0.9754768392370572,0.9944444444444445,0.9572192513368984,0.9981045441943095
SGD,0.8770918134197099,0.8538081797450934,0.9219263622514396,0.9167303284950343,0.8982846145921443,"{'alpha': 0.0001, 'penalty': 'elasticnet', 'loss': 'log_loss', 'class_weight': 'balanced'}","['mfcc_mean', 'spec_skew', 'NDSI', 'wav_detail_lvl5_std', 'mfcc_std']",0.7640791476407914,0.638676844783715,0.9507575757575758,0.7670217736538839,0.8917576961271102,0.9267285861713106,0.8593301435406698,0.9299187668434201,0.9754385964912281,0.9960191082802548,0.9556913674560733,0.997913303279129
SGD,0.877047573684325,0.8560011274889175,0.9114580122320061,0.9140565317035906,0.9254011187270365,"{'alpha': 0.0001, 'penalty': 'elasticnet', 'loss': 'log_loss', 'class_weight': 'balanced'}","['mfcc_mean', 'spec_skew', 'spec_kurtosis', 'mfcc_1', 'mfcc_std', 'wav_approx_std', 'mfcc_2']",0.7744,0.6703601108033241,0.9166666666666666,0.848406875789669,0.8893261190359075,0.9149797570850202,0.8650717703349282,0.93107891171816,0.9674166020170675,0.9826635145784082,0.9526355996944232,0.9967175686732805
SGD,0.8770025954470425,0.8565948461075102,0.9098009060083364,0.9178762414056532,0.9169425780025394,"{'alpha': 0.0001, 'penalty': 'l2', 'loss': 'log_loss', 'class_weight': 'balanced'}","['mfcc_mean', 'spec_skew', 'spec_kurtosis', 'NDSI', 'mfcc_1', 'wav_detail_lvl5_std', 'wav_approx_std']",0.7620578778135049,0.6620111731843575,0.8977272727272727,0.8200382262660271,0.895070766227428,0.9133466135458167,0.877511961722488,0.9329563552201512,0.9738791423001949,0.9944267515923567,0.9541634835752483,0.9978331525214401
SGD,0.8769858103957816,0.8536172161172161,0.9209853957531976,0.9163483575248281,0.9047333676577539,"{'alpha': 0.001, 'penalty': 'elasticnet', 'loss': 'log_loss', 'class_weight': 'balanced'}","['mfcc_mean', 'spec_skew', 'spec_kurtosis', 'NDSI', 'wav_detail_lvl5_std', 'mfcc_var', 'mfcc_std']",0.764525993883792,0.6410256410256411,0.946969696969697,0.7856678316056837,0.8918518518518519,0.9214285714285714,0.8641148325358852,0.9307667155180471,0.9745795854517012,0.9983974358974359,0.9518716577540107,0.9977655558495309
SGD,0.8769564055555628,0.8570605739679493,0.9079162925138157,0.917494270435447,0.8977824251580113,"{'alpha': 0.0001, 'penalty': 'l2', 'loss': 'log_loss', 'class_weight': 'balanced'}","['NDSI', 'mfcc_1', 'wav_detail_lvl5_std']",0.762987012987013,0.6676136363636364,0.8901515151515151,0.7583236786424642,0.895247332686712,0.9075712881022615,0.8832535885167464,0.9370014306134461,0.9726348709929633,0.9959967974379503,0.9503437738731857,0.9980221662181235
SGD,0.8769444714435798,0.858184815632247,0.9042358570222347,0.913292589763178,0.9017003357282155,"{'alpha': 0.0001, 'penalty': 'elasticnet', 'loss': 'log_loss', 'class_weight': 'balanced'}","['spec_skew', 'wav_detail_lvl5_std', 'mfcc_var', 'mfcc_std', 'wav_approx_std']",0.7761194029850746,0.6902654867256637,0.8863636363636364,0.7995514486133971,0.8907077515647569,0.8963178294573644,0.8851674641148325,0.9104391615636456,0.9640062597809077,0.9879711307137129,0.9411764705882353,0.9951103970076038
SGD,0.8769160918671893,0.8562775552035694,0.9104255737382672,0.917494270435447,0.9194141830403342,"{'alpha': 0.0001, 'penalty': 'elasticnet', 'loss': 'log_loss', 'class_weight': 'balanced'}","['mfcc_mean', 'NDSI', 'mfcc_1', 'wav_detail_lvl5_std', 'mfcc_var', 'mfcc_std', 'wav_approx_std']",0.7628205128205128,0.6611111111111111,0.9015151515151515,0.822692055125414,0.8944281524926686,0.9140859140859141,0.8755980861244019,0.9376389254533464,0.9734996102883866,0.9936356404136834,0.9541634835752483,0.9979115685422423
SGD,0.8768915253462944,0.8554437798489746,0.9171867949731727,0.9167303284950343,0.9105096909047227,"{'alpha': 0.0001, 'penalty': 'elasticnet', 'loss': 'log_loss', 'class_weight': 'balanced'}","['mfcc_mean', 'spec_skew', 'NDSI', 'mfcc_var', 'mfcc_2']",0.765891472868217,0.6482939632545932,0.9356060606060606,0.7901146398502156,0.8905622489959839,0.9366420274551215,0.8488038277511962,0.944047055425506,0.9742208541746825,0.9813953488372092,0.9671504965622613,0.9973673774384466
SGD,0.8767983048558875,0.8592262306486047,0.9013969862267076,0.9113827349121467,0.9053329554973045,"{'alpha': 0.0001, 'penalty': 'l2', 'loss': 'log_loss', 'class_weight': 'balanced'}","['mfcc_mean', 'spec_kurtosis', 'mfcc_1', 'wav_detail_lvl5_std', 'wav_approx_std']",0.7811447811447811,0.703030303030303,0.8787878787878788,0.814054801388346,0.8893129770992366,0.8867745004757374,0.8918660287081339,0.9062948008514902,0.959937156323645,0.9878738884397736,0.93353705118411,0.9956492642520773
SGD,0.8767719927641643,0.8615955398614007,0.8969546191682415,0.9148204736440031,0.9178054167869513,"{'alpha': 0.0001, 'penalty': 'elasticnet', 'loss': 'log_loss', 'class_weight': 'balanced'}","['mfcc_mean', 'mfcc_1', 'wav_approx_std', 'mfcc_2']",0.7718696397941681,0.7053291536050157,0.8522727272727273,0.8292290208004909,0.8936576061039581,0.8906844106463878,0.8966507177033493,0.9273998721368943,0.9647887323943662,0.9887730553327987,0.9419404125286478,0.9967873574234688
SGD,0.8767603548472674,0.855642176727418,0.9114580122320061,0.9140565317035906,0.9232525836644574,"{'alpha': 0.0001, 'penalty': 'elasticnet', 'loss': 'log_loss', 'class_weight': 'balanced'}","['mfcc_mean', 'spec_skew', 'spec_kurtosis', 'mfcc_var', 'mfcc_std', 'wav_approx_std', 'mfcc_2']",0.7731629392971247,0.6685082872928176,0.9166666666666666,0.8431899749876217,0.8893261190359075,0.9149797570850202,0.8650717703349282,0.9296471155414499,0.9677920062087699,0.9834384858044164,0.9526355996944232,0.9969206604643005
SGD,0.8767572385349424,0.8598691202971057,0.9004341289945005,0.9171122994652406,0.9175993838199163,"{'alpha': 0.0001, 'penalty': 'l2', 'loss': 'log_loss', 'class_weight': 'balanced'}","['mfcc_mean', 'NDSI', 'wav_detail_lvl5_std', 'mfcc_var', 'wav_approx_std']",0.7643097643097643,0.6878787878787879,0.8598484848484849,0.8158032584605825,0.8961225466730494,0.896551724137931,0.8956937799043062,0.9390742053050547,0.9698394046220133,0.9951768488745981,0.9457601222307105,0.997920687694112
SGD,0.8767553808757445,0.8580186319855728,0.9048280237134726,0.917494270435447,0.9287302016372264,"{'alpha': 0.0001, 'penalty': 'elasticnet', 'loss': 'log_loss', 'class_weight': 'balanced'}","['mfcc_mean', 'spec_skew', 'NDSI', 'mfcc_1', 'mfcc_var', 'wav_approx_std', 'mfcc_2']",0.7631578947368421,0.6744186046511628,0.8787878787878788,0.8511847817061572,0.8951456310679612,0.9083743842364532,0.8822966507177034,0.9373528455321684,0.9719626168224299,0.9912629070691025,0.9533995416348358,0.9976529776733536
SGD,0.8766970383064602,0.8586282516562859,0.9023406332229862,0.9113827349121467,0.9049367424257074,"{'alpha': 0.0001, 'penalty': 'elasticnet', 'loss': 'log_loss', 'class_weight': 'balanced'}","['mfcc_mean', 'spec_kurtosis', 'wav_detail_lvl5_std', 'mfcc_var', 'wav_approx_std']",0.7805695142378559,0.6996996996996997,0.8825757575757576,0.8132599695623302,0.889207258834766,0.8875119161105816,0.8909090909090909,0.9059070130039945,0.9603143418467583,0.988673139158576,0.93353705118411,0.9956432447107977
SGD,0.8766935262867174,0.8536403580650531,0.9198487528982885,0.9163483575248281,0.9079734350932672,"{'alpha': 0.0001, 'penalty': 'elasticnet', 'loss': 'log_loss', 'class_weight': 'balanced'}","['mfcc_mean', 'spec_kurtosis', 'NDSI', 'mfcc_1', 'wav_detail_lvl5_std', 'mfcc_var']",0.7638036809815951,0.6417525773195877,0.9431818181818182,0.795108561933562,0.8916378030677882,0.923155737704918,0.8622009569377991,0.930933807661255,0.9746390948107686,0.9960127591706539,0.9541634835752483,0.9978779356849845
SGD,0.8766068951636417,0.8534330816182853,0.9207280679416904,0.9163483575248281,0.8996621538511388,"{'alpha': 0.0001, 'penalty': 'l2', 'loss': 'log_loss', 'class_weight': 'balanced'}","['mfcc_mean', 'spec_skew', 'NDSI', 'wav_detail_lvl5_std', 'mfcc_var']",0.7633587786259542,0.639386189258312,0.946969696969697,0.7716041835866656,0.8914229053049083,0.9248971193415638,0.8602870813397129,0.9294429481030179,0.9750390015600624,0.9960159362549801,0.9549274255156608,0.9979393298637331
SGD,0.8765906491345122,0.85847598101993,0.9031555046260928,0.9144385026737968,0.904755731484704,"{'alpha': 0.0001, 'penalty': 'elasticnet', 'loss': 'log_loss', 'class_weight': 'balanced'}","['mfcc_1', 'mfcc_var', 'mfcc_std', 'mfcc_2']",0.7728026533996684,0.6873156342182891,0.8825757575757576,0.7818514657957114,0.890625,0.909272183449651,0.8727272727272727,0.9366482296858774,0.9663442940038685,0.9788401253918495,0.9541634835752483,0.9957674989725229
SGD,0.8765239123945582,0.8569354556198535,0.9099804993767843,0.9197860962566845,0.9123486659042234,"{'alpha': 0.0001, 'penalty': 'l2', 'loss': 'log_loss', 'class_weight': 'balanced'}","['mfcc_mean', 'NDSI', 'mfcc_var', 'mfcc_std', 'mfcc_2']",0.7559808612440191,0.6528925619834711,0.8977272727272727,0.7881027648495014,0.8955223880597015,0.9326424870466321,0.861244019138756,0.9516511725034787,0.9780684878799538,0.9852713178294573,0.970970206264324,0.9972920603596902
SGD,0.876479219380661,0.855115285848127,0.9144494480407793,0.9186401833460657,0.9163334084345408,"{'alpha': 0.0001, 'penalty': 'elasticnet', 'loss': 'log_loss', 'class_weight': 'balanced'}","['mfcc_mean', 'NDSI', 'mfcc_1', 'mfcc_var', 'mfcc_2']",0.7574334898278561,0.6453333333333333,0.9166666666666666,0.8042882807950835,0.8945022288261516,0.9271047227926078,0.8641148325358852,0.9467051885303235,0.9775019394879751,0.9929078014184397,0.9625668449197861,0.9980067559782154
SGD,0.8763902830807199,0.8534444844223165,0.9199747363060057,0.9167303284950343,0.8992980559621513,"{'alpha': 0.0001, 'penalty': 'l2', 'loss': 'log_loss', 'class_weight': 'balanced'}","['spec_skew', 'NDSI', 'mfcc_1', 'wav_detail_lvl5_std', 'mfcc_std']",0.7614678899082569,0.6384615384615384,0.9431818181818182,0.7716349673755508,0.8918650793650794,0.925849639546859,0.8602870813397129,0.9283252183809688,0.9758378799688231,0.9960222752585521,0.9564553093964858,0.9979339821299344
SGD,0.8763723774671731,0.859037820189108,0.9007106670419365,0.9113827349121467,0.9044820813602725,"{'alpha': 0.0001, 'penalty': 'l2', 'loss': 'log_loss', 'class_weight': 'balanced'}","['mfcc_mean', 'spec_skew', 'spec_kurtosis', 'wav_detail_lvl5_std', 'wav_approx_std']",0.7790893760539629,0.7021276595744681,0.875,0.8186463610809964,0.8898385565052231,0.883129123468426,0.8966507177033493,0.899339071381184,0.9601891998423334,0.99185667752443,0.93048128342246,0.9954608116186373
SGD,0.8762689263731902,0.8557916434238472,0.9076165234833965,0.9113827349121467,0.9121715569565104,"{'alpha': 0.0001, 'penalty': 'elasticnet', 'loss': 'log_loss', 'class_weight': 'balanced'}","['mfcc_mean', 'spec_skew', 'spec_kurtosis', 'wav_detail_lvl5_std', 'wav_approx_std', 'mfcc_2']",0.7785016286644951,0.6828571428571428,0.9053030303030303,0.8282345842128105,0.8879227053140096,0.8965853658536586,0.8794258373205741,0.9127473320840477,0.9623824451410659,0.9879324215607401,0.9381207028265852,0.9955327545726733
SGD,0.8762604401750095,0.8615954017772648,0.8956409517555027,0.9155844155844156,0.9218865699540087,"{'alpha': 0.0001, 'penalty': 'elasticnet', 'loss': 'log_loss', 'class_weight': 'balanced'}","['mfcc_mean', 'mfcc_1', 'mfcc_std', 'wav_approx_std', 'mfcc_2']",0.7676419965576592,0.7034700315457413,0.8446969696969697,0.8378753279655851,0.894811994288434,0.8901515151515151,0.8995215311004785,0.9308785534731783,0.966327329678935,0.9911646586345382,0.9427043544690603,0.9969058284232628
SGD,0.8762281428354631,0.8578629482871776,0.9025926000384205,0.9121466768525592,0.9084684374175893,"{'alpha': 0.0001, 'penalty': 'l2', 'loss': 'log_loss', 'class_weight': 'balanced'}","['mfcc_mean', 'spec_skew', 'wav_detail_lvl5_std', 'mfcc_var', 'wav_approx_std']",0.7766666666666666,0.6934523809523809,0.8825757575757576,0.8153755293686236,0.8896353166986565,0.8922040423484119,0.8870813397129187,0.914031660796346,0.9623824451410659,0.9879324215607401,0.9381207028265852,0.9959981220877983
SGD,0.8762281428354631,0.8578629482871776,0.9025926000384205,0.9121466768525592,0.9090253811647323,"{'alpha': 0.0001, 'penalty': 'l2', 'loss': 'log_loss', 'class_weight': 'balanced'}","['mfcc_mean', 'spec_skew', 'wav_detail_lvl5_std', 'mfcc_std', 'wav_approx_std']",0.7766666666666666,0.6934523809523809,0.8825757575757576,0.8162914694365099,0.8896353166986565,0.8922040423484119,0.8870813397129187,0.9147741769547921,0.9623824451410659,0.9879324215607401,0.9381207028265852,0.9960104971028949
SGD,0.8761651587253882,0.8531581117057131,0.9216047024870554,0.9167303284950343,0.9052646884900347,"{'alpha': 0.0001, 'penalty': 'l2', 'loss': 'log_loss', 'class_weight': 'balanced'}","['mfcc_mean', 'spec_skew', 'spec_kurtosis', 'NDSI', 'wav_detail_lvl5_std', 'mfcc_std']",0.7606060606060606,0.6338383838383839,0.9507575757575758,0.780293281638031,0.8912175648702595,0.9311783107403545,0.8545454545454545,0.937477302350096,0.9766718506998445,0.9944576405384006,0.959511077158136,0.9980234814819773
SGD,0.8761396635870353,0.8607015251850471,0.8969360790568222,0.9113827349121467,0.9073026218510712,"{'alpha': 0.0001, 'penalty': 'elasticnet', 'loss': 'log_loss', 'class_weight': 'balanced'}","['mfcc_mean', 'wav_detail_lvl5_std', 'wav_approx_std', 'mfcc_2']",0.7787307032590052,0.7115987460815048,0.8598484848484849,0.813847553122572,0.8902554399243141,0.8802619270346118,0.9004784688995215,0.9121674560491946,0.9594328475777866,0.9902439024390244,0.93048128342246,0.9958928563814475
SGD,0.8761207335529576,0.8530641700036911,0.9195297736319409,0.9159663865546218,0.9074790670409958,"{'alpha': 0.0001, 'penalty': 'elasticnet', 'loss': 'log_loss', 'class_weight': 'balanced'}","['spec_skew', 'NDSI', 'mfcc_1', 'wav_detail_lvl5_std', 'mfcc_var', 'mfcc_std']",0.7626339969372129,0.6401028277634961,0.9431818181818182,0.7950653608405122,0.8910891089108911,0.9230769230769231,0.861244019138756,0.9294612764480096,0.9746390948107686,0.9960127591706539,0.9541634835752483,0.9979105638344656
SGD,0.8761154689212053,0.8526965986042082,0.9201571218599082,0.9152024446142093,0.9017840322342874,"{'alpha': 0.001, 'penalty': 'l2', 'loss': 'log_loss', 'class_weight': 'balanced'}","['mfcc_mean', 'spec_skew', 'NDSI', 'wav_detail_lvl5_std', 'mfcc_var', 'mfcc_std']",0.764525993883792,0.6410256410256411,0.946969696969697,0.7795224087623759,0.8904244817374136,0.9194699286442406,0.8631578947368421,0.9281234407649195,0.97339593114241,0.9975942261427426,0.9503437738731857,0.9977062471755667
SGD,0.8760640409293939,0.8540335752704107,0.9220177225595183,0.9159663865546218,0.9393363002827758,"{'alpha': 0.0001, 'penalty': 'elasticnet', 'loss': 'log_loss', 'class_weight': 'balanced'}","['mfcc_mean', 'spec_skew', 'NDSI', 'mfcc_1', 'mfcc_std', 'mfcc_2']",0.7643504531722054,0.635678391959799,0.9583333333333334,0.8764431999717281,0.8884381338742393,0.9449838187702265,0.8382775119617225,0.9448108539808835,0.9754035357417371,0.9814385150812065,0.9694423223834988,0.9967548468957156
SGD,0.876059983164707,0.8561038473883252,0.9072783339811203,0.9167303284950343,0.9004434578557139,"{'alpha': 0.0001, 'penalty': 'l2', 'loss': 'log_loss', 'class_weight': 'balanced'}","['NDSI', 'wav_detail_lvl5_std', 'mfcc_var']",0.7617504051863857,0.6657223796033994,0.8901515151515151,0.7641090048555582,0.8941747572815534,0.9073891625615763,0.8813397129186603,0.9391661837681918,0.9722547870261821,0.9952,0.9503437738731857,0.9980551849433915
SGD,0.8759712701394146,0.8554642535201098,0.9091496566728764,0.9159663865546218,0.9278620598728509,"{'alpha': 0.0001, 'penalty': 'elasticnet', 'loss': 'log_loss', 'class_weight': 'balanced'}","['mfcc_mean', 'spec_skew', 'spec_kurtosis', 'NDSI', 'mfcc_1', 'mfcc_std', 'wav_approx_std', 'mfcc_2']",0.7640449438202247,0.6629526462395543,0.9015151515151515,0.845434292984278,0.8922624877571009,0.9137412236710131,0.8717703349282296,0.9405557345265133,0.9716063788409179,0.9896988906497622,0.9541634835752483,0.997596152107761
SGD,0.8759524594358018,0.8525979150295395,0.9190874914559125,0.9148204736440031,0.9004198277499554,"{'alpha': 0.001, 'penalty': 'elasticnet', 'loss': 'log_loss', 'class_weight': 'balanced'}","['mfcc_mean', 'spec_skew', 'spec_kurtosis', 'NDSI', 'mfcc_1', 'wav_detail_lvl5_std']",0.7649769585253456,0.6434108527131783,0.9431818181818182,0.776619666969958,0.8903098868666994,0.9159919028340081,0.8660287081339713,0.9270081595748552,0.9725705329153606,0.998390989541432,0.948051948051948,0.997631656705053
SGD,0.8758671146438312,0.8571329915694853,0.9039354178673064,0.9163483575248281,0.9269998189247152,"{'alpha': 0.0001, 'penalty': 'elasticnet', 'loss': 'log_loss', 'class_weight': 'balanced'}","['mfcc_mean', 'spec_skew', 'NDSI', 'mfcc_1', 'mfcc_std', 'wav_approx_std', 'mfcc_2']",0.7631578947368421,0.6744186046511628,0.8787878787878788,0.8469713075263305,0.8936376881981545,0.9072978303747534,0.8803827751196173,0.9365631791034648,0.9708057609964967,0.9896825396825397,0.9526355996944232,0.9974649701443503
SGD,0.8758293024177112,0.856084347411119,0.9065893342983126,0.9171122994652406,0.9002564034690298,"{'alpha': 0.0001, 'penalty': 'elasticnet', 'loss': 'log_loss', 'class_weight': 'balanced'}","['NDSI', 'wav_detail_lvl5_std', 'mfcc_std']",0.7597402597402597,0.6647727272727273,0.8863636363636364,0.7616365146001094,0.8947113051916545,0.90748031496063,0.8822966507177034,0.9411264659003012,0.9730363423212193,0.996,0.9511077158135982,0.9980062299066786
SGD,0.8758229144861337,0.8561834780738184,0.9050269390052672,0.9106187929717342,0.9057037135805412,"{'alpha': 0.001, 'penalty': 'l2', 'loss': 'log_loss', 'class_weight': 'balanced'}","['mfcc_mean', 'spec_skew', 'mfcc_1', 'wav_detail_lvl5_std', 'mfcc_var', 'wav_approx_std']",0.7796052631578947,0.688953488372093,0.8977272727272727,0.8114655564745329,0.8869565217391304,0.895609756097561,0.8784688995215311,0.9100342200517197,0.9609069585613761,0.9839871897518014,0.9388846447669977,0.995611364215371
SGD,0.8757226621155499,0.8557810240225634,0.9056516067351982,0.9102368220015279,0.9053204677695735,"{'alpha': 0.001, 'penalty': 'l2', 'loss': 'log_loss', 'class_weight': 'balanced'}","['mfcc_mean', 'spec_skew', 'mfcc_1', 'wav_detail_lvl5_std', 'mfcc_var', 'mfcc_std', 'wav_approx_std']",0.780327868852459,0.6878612716763006,0.9015151515151515,0.8110975035083207,0.8863086598935656,0.8962818003913894,0.876555023923445,0.9092271942230187,0.9605314576006252,0.9832,0.9388846447669977,0.9956367055773815
SGD,0.8756805557977483,0.8530808791760086,0.9180231103605717,0.9167303284950343,0.8954017576425667,"{'alpha': 0.0001, 'penalty': 'l2', 'loss': 'log_loss', 'class_weight': 'balanced'}","['mfcc_mean', 'spec_skew', 'NDSI', 'mfcc_1', 'wav_detail_lvl5_std']",0.7588325652841782,0.6382428940568475,0.9356060606060606,0.7613215802981664,0.8919722497522299,0.9249743062692704,0.861244019138756,0.9269624803789442,0.9762368523568368,0.9960254372019078,0.9572192513368984,0.9979212122505896
SGD,0.8756677231476223,0.8571990305827674,0.9030561028239047,0.9163483575248281,0.9263683505519165,"{'alpha': 0.0001, 'penalty': 'elasticnet', 'loss': 'log_loss', 'class_weight': 'balanced'}","['mfcc_mean', 'spec_skew', 'NDSI', 'mfcc_var', 'wav_approx_std', 'mfcc_2']",0.7623762376237624,0.6754385964912281,0.875,0.8454000021211588,0.8938439166262724,0.9056974459724951,0.8822966507177034,0.9362498386534301,0.970783015192832,0.9904610492845787,0.9518716577540107,0.9974552108811606
SGD,0.875625706928343,0.8552865889542917,0.9065952537314766,0.9102368220015279,0.9037868340800493,"{'alpha': 0.001, 'penalty': 'l2', 'loss': 'log_loss', 'class_weight': 'balanced'}","['mfcc_mean', 'spec_skew', 'spec_kurtosis', 'mfcc_1', 'wav_detail_lvl5_std', 'mfcc_var', 'mfcc_std', 'wav_approx_std']",0.7797716150081566,0.6848137535816619,0.9053030303030303,0.8133266950789412,0.8861985472154964,0.8970588235294118,0.8755980861244019,0.9026191595719447,0.9609069585613761,0.9839871897518014,0.9388846447669977,0.9954146475892625
SGD,0.8756106650248835,0.8528171760920694,0.9187121100433794,0.9163483575248281,0.8993931118556916,"{'alpha': 0.0001, 'penalty': 'l2', 'loss': 'log_loss', 'class_weight': 'balanced'}","['spec_kurtosis', 'NDSI', 'mfcc_1', 'wav_detail_lvl5_std', 'mfcc_std']",0.7595712098009189,0.6375321336760925,0.9393939393939394,0.7728128362807827,0.8914229053049083,0.9248971193415638,0.8602870813397129,0.9275077458392263,0.9758378799688231,0.9960222752585521,0.9564553093964858,0.9978587534470656
SGD,0.8755895431383541,0.8538870791044705,0.9146291530966453,0.917494270435447,0.8993931605289092,"{'alpha': 0.0001, 'penalty': 'l2', 'loss': 'log_loss', 'class_weight': 'balanced'}","['spec_skew', 'spec_kurtosis', 'NDSI', 'mfcc_1', 'wav_detail_lvl5_std']",0.7570093457943925,0.6428571428571429,0.9204545454545454,0.7674803860743586,0.8930693069306931,0.9251282051282051,0.8631578947368421,0.9326366982217918,0.9766899766899767,0.9936758893280633,0.9602750190985485,0.9980623972905769
SGD,0.8755783089372815,0.8532388014180666,0.9185541840340602,0.9144385026737968,0.9322535907534587,"{'alpha': 0.0001, 'penalty': 'l2', 'loss': 'log_loss', 'class_weight': 'balanced'}","['mfcc_mean', 'spec_skew', 'NDSI', 'mfcc_1', 'mfcc_var', 'mfcc_std', 'mfcc_2']",0.7668711656441718,0.6443298969072165,0.946969696969697,0.8535931200656487,0.8876629889669007,0.9325605900948367,0.84688995215311,0.9455434922860221,0.9722007722007722,0.9828259172521467,0.9618029029793735,0.9976241599087053
SGD,0.875552932647187,0.8565786645297165,0.9044447124942482,0.9171122994652406,0.9289041310596081,"{'alpha': 0.0001, 'penalty': 'elasticnet', 'loss': 'log_loss', 'class_weight': 'balanced'}","['mfcc_mean', 'spec_skew', 'NDSI', 'mfcc_1', 'mfcc_var', 'mfcc_std', 'wav_approx_std', 'mfcc_2']",0.7594108019639935,0.6685878962536023,0.8787878787878788,0.8510923332089895,0.8945065629557608,0.9090909090909091,0.8803827751196173,0.9379128201903325,0.9727414330218068,0.9920571882446386,0.9541634835752483,0.9977072397795019
SGD,0.8755381374398237,0.8528763187239149,0.9165728492353878,0.9155844155844156,0.9007320153271303,"{'alpha': 0.001, 'penalty': 'l2', 'loss': 'log_loss', 'class_weight': 'balanced'}","['mfcc_mean', 'NDSI', 'mfcc_1', 'wav_detail_lvl5_std']",0.7616099071207431,0.643979057591623,0.9318181818181818,0.7701522982453287,0.8911866075824717,0.9178498985801217,0.8660287081339713,0.9342735140967408,0.9738178976162564,0.9968,0.9518716577540107,0.9977702336393216
SGD,0.8754807203083065,0.8552917667285934,0.9060992499072994,0.9106187929717342,0.8957586591557276,"{'alpha': 0.0001, 'penalty': 'l2', 'loss': 'log_loss', 'class_weight': 'balanced'}","['spec_skew', 'wav_detail_lvl5_std', 'mfcc_var', 'wav_approx_std']",0.7777777777777778,0.6839080459770115,0.9015151515151515,0.7840247162064932,0.887065637065637,0.8948393378773125,0.8794258373205741,0.9080999651367508,0.9615987460815048,0.9871279163314561,0.9373567608861727,0.9951512961239388
SGD,0.8754003019590243,0.852763269990828,0.9177684630471008,0.9163483575248281,0.8995295493101004,"{'alpha': 0.0001, 'penalty': 'elasticnet', 'loss': 'log_loss', 'class_weight': 'balanced'}","['mfcc_mean', 'spec_kurtosis', 'NDSI', 'wav_detail_lvl5_std', 'mfcc_var']",0.7588325652841782,0.6382428940568475,0.9356060606060606,0.771337633393483,0.8915304606240714,0.9240246406570842,0.861244019138756,0.9293688186970109,0.9758378799688231,0.9960222752585521,0.9564553093964858,0.9978821958398074
SGD,0.8753850177438215,0.8533551242019648,0.9116941194340575,0.9110007639419404,0.9009814887598241,"{'alpha': 0.0001, 'penalty': 'elasticnet', 'loss': 'log_loss', 'class_weight': 'balanced'}","['spec_skew', 'spec_kurtosis', 'wav_detail_lvl5_std', 'mfcc_var', 'wav_approx_std']",0.7758346581875993,0.6684931506849315,0.9242424242424242,0.8002852952768162,0.8862859931673988,0.9043824701195219,0.8688995215311005,0.9073263426278939,0.9640344018764659,0.9871897518014412,0.9419404125286478,0.9953328283747624
SGD,0.8753850177438215,0.8533551242019648,0.9116941194340575,0.9110007639419404,0.9087354075375126,"{'alpha': 0.0001, 'penalty': 'l2', 'loss': 'log_loss', 'class_weight': 'balanced'}","['spec_skew', 'spec_kurtosis', 'mfcc_1', 'wav_detail_lvl5_std', 'mfcc_var', 'wav_approx_std']",0.7758346581875993,0.6684931506849315,0.9242424242424242,0.8219792686464161,0.8862859931673988,0.9043824701195219,0.8688995215311005,0.9089639571837049,0.9640344018764659,0.9871897518014412,0.9419404125286478,0.9952629967824167
SGD,0.8753502886415846,0.8520314026003013,0.9187041802366879,0.9144385026737968,0.9019943459320406,"{'alpha': 0.001, 'penalty': 'l2', 'loss': 'log_loss', 'class_weight': 'balanced'}","['mfcc_mean', 'spec_skew', 'NDSI', 'mfcc_1', 'wav_detail_lvl5_std', 'mfcc_var']",0.7638036809815951,0.6417525773195877,0.9431818181818182,0.7808696405565091,0.8896551724137931,0.916751269035533,0.8641148325358852,0.9274165190937183,0.9725920125293657,0.9975903614457832,0.9488158899923606,0.9976968781458947
SGD,0.8752592726169324,0.8565744702723869,0.9036270489056867,0.917494270435447,0.9261909794504111,"{'alpha': 0.0001, 'penalty': 'elasticnet', 'loss': 'log_loss', 'class_weight': 'balanced'}","['mfcc_mean', 'spec_skew', 'NDSI', 'mfcc_var', 'mfcc_std', 'wav_approx_std', 'mfcc_2']",0.7573770491803279,0.6676300578034682,0.875,0.8436792823119583,0.8948393378773125,0.910802775024777,0.8794258373205741,0.9372318573784724,0.973561430793157,0.9912905779889153,0.9564553093964858,0.9976617986608024
SGD,0.8752181341494571,0.8554931677781271,0.9059513757656172,0.9163483575248281,0.9018550195614284,"{'alpha': 0.0001, 'penalty': 'l2', 'loss': 'log_loss', 'class_weight': 'balanced'}","['NDSI', 'wav_detail_lvl5_std', 'mfcc_var', 'mfcc_std']",0.7597402597402597,0.6647727272727273,0.8863636363636364,0.7686924903582384,0.8936376881981545,0.9072978303747534,0.8803827751196173,0.9388348955958477,0.972276454509957,0.994408945686901,0.9511077158135982,0.9980376727301994
SGD,0.8752168804682524,0.8554838413303106,0.9047079597389195,0.9102368220015279,0.9049383937752996,"{'alpha': 0.001, 'penalty': 'l2', 'loss': 'log_loss', 'class_weight': 'balanced'}","['mfcc_mean', 'spec_skew', 'wav_detail_lvl5_std', 'mfcc_var', 'mfcc_std', 'wav_approx_std']",0.7783251231527094,0.6869565217391305,0.8977272727272727,0.809355272305859,0.8864185596906718,0.8955078125,0.877511961722488,0.9098500713267981,0.9609069585613761,0.9839871897518014,0.9388846447669977,0.9956098376932419
SGD,0.8752165650125193,0.8522711216152596,0.9170715335576016,0.9148204736440031,0.9022725040206749,"{'alpha': 0.001, 'penalty': 'l2', 'loss': 'log_loss', 'class_weight': 'balanced'}","['mfcc_mean', 'spec_kurtosis', 'NDSI', 'wav_detail_lvl5_std', 'mfcc_var', 'mfcc_std']",0.7623456790123457,0.6432291666666666,0.9356060606060606,0.782050956271932,0.8903098868666994,0.9159919028340081,0.8660287081339713,0.9271502346600278,0.9729941291585127,0.9975922953451043,0.9495798319327731,0.9976163211300653
SGD,0.8752099014216862,0.8573618104083609,0.9011688088313475,0.9163483575248281,0.9246201341208301,"{'alpha': 0.0001, 'penalty': 'elasticnet', 'loss': 'log_loss', 'class_weight': 'balanced'}","['mfcc_mean', 'spec_kurtosis', 'NDSI', 'mfcc_var', 'wav_approx_std', 'mfcc_2']",0.760797342192691,0.6775147928994083,0.8674242424242424,0.8421164628246576,0.8940493468795355,0.9041095890410958,0.8842105263157894,0.9343919026060743,0.970783015192832,0.9904610492845787,0.9518716577540107,0.9973520369317586
SGD,0.8751200902287658,0.8524463084713417,0.91751381573363,0.9159663865546218,0.8956778203328528,"{'alpha': 0.0001, 'penalty': 'l2', 'loss': 'log_loss', 'class_weight': 'balanced'}","['mfcc_mean', 'spec_kurtosis', 'NDSI', 'mfcc_1', 'wav_detail_lvl5_std']",0.7588325652841782,0.6382428940568475,0.9356060606060606,0.7628097808569368,0.8910891089108911,0.9230769230769231,0.861244019138756,0.9263602583930219,0.9754385964912281,0.9960191082802548,0.9556913674560733,0.9978634217485998
SGD,0.8751172657319812,0.8550863926703491,0.9053326274688503,0.9098548510313216,0.9044922242706894,"{'alpha': 0.001, 'penalty': 'elasticnet', 'loss': 'log_loss', 'class_weight': 'balanced'}","['mfcc_mean', 'spec_skew', 'spec_kurtosis', 'mfcc_1', 'wav_detail_lvl5_std', 'mfcc_var', 'wav_approx_std']",0.779050736497545,0.6858789625360231,0.9015151515151515,0.8135814124591325,0.8857696030977735,0.8961802154750245,0.8755980861244019,0.9044297009545228,0.9605314576006252,0.9832,0.9388846447669977,0.9954655593984127
SGD,0.8750991924532405,0.8517073428154919,0.9185138648760941,0.9140565317035906,0.9005058166117431,"{'alpha': 0.001, 'penalty': 'elasticnet', 'loss': 'log_loss', 'class_weight': 'balanced'}","['mfcc_mean', 'spec_kurtosis', 'NDSI', 'wav_detail_lvl5_std', 'mfcc_std']",0.7638036809815951,0.6417525773195877,0.9431818181818182,0.7775821922001535,0.8893261190359075,0.9149797570850202,0.8650717703349282,0.9264316923290038,0.9721677773422187,0.998389694041868,0.9472880061115355,0.9975035653060724
SGD,0.875098685836798,0.8569789766559882,0.9020587341794771,0.9178762414056532,0.927202125966249,"{'alpha': 0.0001, 'penalty': 'elasticnet', 'loss': 'log_loss', 'class_weight': 'balanced'}","['mfcc_mean', 'spec_kurtosis', 'NDSI', 'mfcc_1', 'mfcc_var', 'mfcc_std', 'wav_approx_std', 'mfcc_2']",0.7557755775577558,0.6695906432748538,0.8674242424242424,0.847791120199351,0.8955803788246721,0.9092702169625246,0.8822966507177034,0.9362182658840957,0.9739401011279658,0.9920760697305864,0.9564553093964858,0.9975969918153005
SGD,0.8750760560884996,0.8525227341519589,0.9154388868785154,0.9152024446142093,0.9009254110657704,"{'alpha': 0.001, 'penalty': 'elasticnet', 'loss': 'log_loss', 'class_weight': 'balanced'}","['spec_kurtosis', 'NDSI', 'mfcc_1', 'wav_detail_lvl5_std', 'mfcc_var', 'mfcc_std']",0.7608695652173914,0.6447368421052632,0.928030303030303,0.7794879115304829,0.8909626719056974,0.9152371342078708,0.8679425837320575,0.9255420289695167,0.97339593114241,0.9975942261427426,0.9503437738731857,0.9977462926973116
SGD,0.8750715959383765,0.8569890543375611,0.9019944022266003,0.9178762414056532,0.9242891345558757,"{'alpha': 0.0001, 'penalty': 'elasticnet', 'loss': 'log_loss', 'class_weight': 'balanced'}","['mfcc_mean', 'spec_kurtosis', 'NDSI', 'mfcc_var', 'mfcc_std', 'wav_approx_std', 'mfcc_2']",0.7557755775577558,0.6695906432748538,0.8674242424242424,0.8399076168976302,0.895478852698104,0.9100790513833992,0.8813397129186603,0.9354067163233346,0.9739603575592694,0.9912974683544303,0.9572192513368984,0.9975530704466621
SGD,0.8750604622865992,0.8536190748189814,0.9138114895080839,0.9178762414056532,0.9031866116901112,"{'alpha': 0.0001, 'penalty': 'elasticnet', 'loss': 'log_loss', 'class_weight': 'balanced'}","['spec_skew', 'spec_kurtosis', 'NDSI', 'wav_detail_lvl5_std', 'mfcc_var', 'mfcc_std']",0.7538940809968847,0.6402116402116402,0.9166666666666666,0.7782003175206417,0.8934060485870104,0.926954732510288,0.8622009569377991,0.9332451623503871,0.9778812572759022,0.9936908517350158,0.9625668449197861,0.9981143551993047
SGD,0.8750334161697136,0.8543345054630317,0.9140341942199527,0.9167303284950343,0.9084829628983105,"{'alpha': 0.0001, 'penalty': 'elasticnet', 'loss': 'log_loss', 'class_weight': 'balanced'}","['mfcc_mean', 'spec_skew', 'NDSI', 'mfcc_var', 'mfcc_std', 'mfcc_2']",0.7589424572317263,0.6437994722955145,0.9242424242424242,0.783805872165643,0.8903420523138833,0.9384941675503712,0.84688995215311,0.9441851614974645,0.9758157389635317,0.9807098765432098,0.970970206264324,0.9974578550318242
SGD,0.8749605716614869,0.8573390496346143,0.9004798091485399,0.9167303284950343,0.9250774344383004,"{'alpha': 0.0001, 'penalty': 'elasticnet', 'loss': 'log_loss', 'class_weight': 'balanced'}","['spec_skew', 'NDSI', 'mfcc_var', 'wav_approx_std', 'mfcc_2']",0.7587354409317804,0.6765578635014837,0.8636363636363636,0.8409452891761822,0.8945841392649904,0.9042033235581622,0.8851674641148325,0.9368525946681587,0.9715621347876899,0.9912559618441972,0.9526355996944232,0.9974344194705601
SGD,0.8749502460231424,0.8582270705006888,0.898061999919585,0.9129106187929718,0.9220767109855371,"{'alpha': 0.0001, 'penalty': 'l2', 'loss': 'log_loss', 'class_weight': 'balanced'}","['spec_kurtosis', 'mfcc_std', 'wav_approx_std', 'mfcc_2']",0.7702702702702703,0.6951219512195121,0.8636363636363636,0.8453201151843256,0.8904899135446686,0.8939247830279653,0.8870813397129187,0.924369092657716,0.9640905542544886,0.985634477254589,0.9434682964094728,0.9965409251145698
SGD,0.8749122193742579,0.8551873971127829,0.9043889804725719,0.9098548510313216,0.9041168783866054,"{'alpha': 0.001, 'penalty': 'elasticnet', 'loss': 'log_loss', 'class_weight': 'balanced'}","['mfcc_mean', 'spec_skew', 'spec_kurtosis', 'wav_detail_lvl5_std', 'mfcc_var', 'mfcc_std', 'wav_approx_std']",0.7783251231527094,0.6869565217391305,0.8977272727272727,0.8119573561708868,0.8858800773694391,0.895405669599218,0.876555023923445,0.9049399004155044,0.9605314576006252,0.9832,0.9388846447669977,0.9954533785734249
SGD,0.8748919711682356,0.8547933671983946,0.9052066440611332,0.9094728800611154,0.903619010090682,"{'alpha': 0.001, 'penalty': 'elasticnet', 'loss': 'log_loss', 'class_weight': 'balanced'}","['mfcc_mean', 'spec_skew', 'spec_kurtosis', 'wav_detail_lvl5_std', 'mfcc_var', 'wav_approx_std']",0.779050736497545,0.6858789625360231,0.9015151515151515,0.8109783574094438,0.8855625301786576,0.8937621832358674,0.877511961722488,0.9044648178987019,0.9600626468285043,0.9847389558232932,0.9365928189457601,0.9954138549639
SGD,0.8748759930996123,0.8525060679008347,0.9147498871957076,0.9155844155844156,0.9006611138520112,"{'alpha': 0.001, 'penalty': 'l2', 'loss': 'log_loss', 'class_weight': 'balanced'}","['spec_skew', 'NDSI', 'mfcc_1', 'wav_detail_lvl5_std', 'mfcc_var']",0.7589424572317263,0.6437994722955145,0.9242424242424242,0.7772063810402452,0.8915071183112421,0.9153225806451613,0.8688995215311005,0.9269563069639797,0.9741784037558685,0.9983961507618284,0.9511077158135982,0.9978206535518084
SGD,0.8748614020414341,0.8527900789856441,0.9109945094465218,0.9098548510313216,0.9038736045814608,"{'alpha': 0.0001, 'penalty': 'elasticnet', 'loss': 'log_loss', 'class_weight': 'balanced'}","['spec_skew', 'mfcc_1', 'wav_detail_lvl5_std', 'mfcc_var', 'wav_approx_std']",0.7770700636942676,0.6703296703296703,0.9242424242424242,0.8082776347739152,0.8851022395326192,0.9008919722497523,0.8698564593301435,0.9082746658189019,0.9624119028974158,0.98714859437751,0.9388846447669977,0.9950685131515652
SGD,0.8748610566769411,0.85253064992572,0.9149402025563016,0.9159663865546218,0.8969628700102903,"{'alpha': 0.001, 'penalty': 'l2', 'loss': 'log_loss', 'class_weight': 'balanced'}","['spec_skew', 'NDSI', 'mfcc_1', 'wav_detail_lvl5_std']",0.7577639751552795,0.6421052631578947,0.9242424242424242,0.7670748176110717,0.8918387413962635,0.917087967644085,0.8679425837320575,0.9260792601513808,0.9749804534792806,0.9983987189751802,0.9526355996944232,0.9977345322684185
SGD,0.8748275671382179,0.8567430396512102,0.9010805757709782,0.9136745607333843,0.9224638314202798,"{'alpha': 0.0001, 'penalty': 'elasticnet', 'loss': 'log_loss', 'class_weight': 'balanced'}","['spec_skew', 'mfcc_1', 'mfcc_std', 'wav_approx_std', 'mfcc_2']",0.7674418604651163,0.6834319526627219,0.875,0.8427750348943044,0.8905038759689923,0.9018645731108931,0.8794258373205741,0.92782079773403,0.9665369649805448,0.9849325931800159,0.9488158899923606,0.9967956616325049
SGD,0.8746605166816607,0.8548934041977606,0.9041986651119779,0.9094728800611154,0.9051131402442718,"{'alpha': 0.001, 'penalty': 'l2', 'loss': 'log_loss', 'class_weight': 'balanced'}","['mfcc_mean', 'spec_skew', 'mfcc_1', 'wav_detail_lvl5_std', 'mfcc_std', 'wav_approx_std']",0.7783251231527094,0.6869565217391305,0.8977272727272727,0.8094288895301085,0.8855625301786576,0.8937621832358674,0.877511961722488,0.9103122443757916,0.960093896713615,0.9839615076182838,0.9373567608861727,0.9955982868269153
SGD,0.8746458428631924,0.8544126099597659,0.9053353079668868,0.9094728800611154,0.8951444267361747,"{'alpha': 0.0001, 'penalty': 'l2', 'loss': 'log_loss', 'class_weight': 'balanced'}","['spec_skew', 'wav_detail_lvl5_std', 'mfcc_std', 'wav_approx_std']",0.7777777777777778,0.6839080459770115,0.9015151515151515,0.7814753988261269,0.8857831325301205,0.8922330097087379,0.8794258373205741,0.9087636448369842,0.9603766182816791,0.9870967741935484,0.935064935064935,0.995194236545413
SGD,0.8745813506691573,0.8522214384056489,0.9146855552428308,0.9155844155844156,0.8966955405033831,"{'alpha': 0.001, 'penalty': 'elasticnet', 'loss': 'log_loss', 'class_weight': 'balanced'}","['spec_kurtosis', 'NDSI', 'mfcc_1', 'wav_detail_lvl5_std']",0.7577639751552795,0.6421052631578947,0.9242424242424242,0.7688382652777428,0.8914004914004914,0.9161616161616162,0.8679425837320575,0.9235829103629826,0.9745795854517012,0.9983974358974359,0.9518716577540107,0.9976654458694236
SGD,0.8745549936823576,0.8564706991341304,0.9012947922390646,0.9167303284950343,0.9271541348859161,"{'alpha': 0.0001, 'penalty': 'elasticnet', 'loss': 'log_loss', 'class_weight': 'balanced'}","['mfcc_mean', 'spec_kurtosis', 'NDSI', 'mfcc_1', 'mfcc_var', 'wav_approx_std', 'mfcc_2']",0.7570247933884298,0.6715542521994134,0.8674242424242424,0.8482201333653198,0.8942774005819593,0.9065880039331367,0.8822966507177034,0.9356963422881411,0.9723627870766836,0.9912698412698413,0.9541634835752483,0.9975459290042878
SGD,0.8744613050031371,0.8546189061575761,0.9041370136571375,0.9090909090909091,0.9139188050281596,"{'alpha': 0.0001, 'penalty': 'elasticnet', 'loss': 'log_loss', 'class_weight': 'balanced'}","['mfcc_mean', 'spec_skew', 'NDSI', 'wav_detail_lvl5_std', 'wav_approx_std', 'mfcc_2']",0.7783251231527094,0.6869565217391305,0.8977272727272727,0.8318288278651071,0.8854667949951877,0.8906098741529526,0.8803827751196173,0.9143622433724138,0.9595919968615143,0.9862903225806452,0.9343009931245225,0.9955653438469579
SGD,0.8744534535069818,0.8530881025801843,0.9090534938058158,0.9113827349121467,0.9008330236666627,"{'alpha': 0.0001, 'penalty': 'elasticnet', 'loss': 'log_loss', 'class_weight': 'balanced'}","['spec_skew', 'spec_kurtosis', 'mfcc_1', 'wav_detail_lvl5_std', 'mfcc_std', 'wav_approx_std']",0.7712,0.667590027700831,0.9128787878787878,0.7980672339982731,0.8869395711500975,0.9036742800397219,0.8708133971291866,0.9089845932683392,0.965220789370848,0.988,0.9434682964094728,0.9954472437333757
SGD,0.8744500755330891,0.8524072856232822,0.9155329276846306,0.9140565317035906,0.9314984073394319,"{'alpha': 0.0001, 'penalty': 'elasticnet', 'loss': 'log_loss', 'class_weight': 'balanced'}","['mfcc_mean', 'spec_kurtosis', 'NDSI', 'mfcc_1', 'mfcc_var', 'mfcc_std', 'mfcc_2']",0.7635239567233385,0.6449086161879896,0.9356060606060606,0.8533884739315365,0.8876684972541188,0.9279749478079332,0.8507177033492823,0.9436137542698076,0.9721577726218097,0.9843382928739233,0.9602750190985485,0.9974929938169514
SGD,0.8744367631242757,0.8567235191343273,0.899496401431386,0.9102368220015279,0.9055374194724063,"{'alpha': 0.0001, 'penalty': 'l2', 'loss': 'log_loss', 'class_weight': 'balanced'}","['mfcc_mean', 'spec_kurtosis', 'wav_detail_lvl5_std', 'mfcc_std', 'wav_approx_std']",0.7751677852348994,0.6957831325301205,0.875,0.8135936093205847,0.8878281622911695,0.8857142857142857,0.8899521531100478,0.9073709555183377,0.9603143418467583,0.988673139158576,0.93353705118411,0.9956476935782967
SGD,0.8743653498524453,0.8521923864665801,0.9137419082465522,0.9155844155844156,0.900064078141547,"{'alpha': 0.001, 'penalty': 'l2', 'loss': 'log_loss', 'class_weight': 'balanced'}","['spec_skew', 'NDSI', 'wav_detail_lvl5_std', 'mfcc_var', 'mfcc_std']",0.7570093457943925,0.6428571428571429,0.9204545454545454,0.7744808905267282,0.8915071183112421,0.9153225806451613,0.8688995215311005,0.927894344697894,0.9745795854517012,0.9983974358974359,0.9518716577540107,0.9978169992000189
SGD,0.8743194737063247,0.858415340564472,0.8964101430045702,0.919022154316272,0.8923584410419801,"{'alpha': 0.0001, 'penalty': 'elasticnet', 'loss': 'log_loss', 'class_weight': 'balanced'}","['NDSI', 'mfcc_1', 'mfcc_var']",0.75,0.676829268292683,0.8409090909090909,0.745039938196882,0.8978805394990366,0.903976721629486,0.8918660287081339,0.9340153149117542,0.9750778816199377,0.9944400317712471,0.9564553093964858,0.9980200700173044
SGD,0.8742522194368137,0.8536356888269881,0.9067185566411573,0.9110007639419404,0.9204247229937491,"{'alpha': 0.001, 'penalty': 'elasticnet', 'loss': 'log_loss', 'class_weight': 'balanced'}","['mfcc_mean', 'spec_skew', 'spec_kurtosis', 'mfcc_1', 'mfcc_var', 'mfcc_std', 'wav_approx_std', 'mfcc_2']",0.7722132471728594,0.6732394366197183,0.9053030303030303,0.8446963919299653,0.886396879570941,0.9035785288270378,0.8698564593301435,0.9200586980730509,0.9641465315666407,0.9840891010342084,0.944996180290298,0.9965190789782313
SGD,0.8741042790203309,0.8543052036715068,0.9036893704850361,0.9087089381207029,0.9042632140304675,"{'alpha': 0.001, 'penalty': 'elasticnet', 'loss': 'log_loss', 'class_weight': 'balanced'}","['mfcc_mean', 'spec_skew', 'spec_kurtosis', 'mfcc_1', 'wav_detail_lvl5_std', 'mfcc_std', 'wav_approx_std']",0.7783251231527094,0.6869565217391305,0.8977272727272727,0.8120931869247463,0.8847081524360829,0.892023346303502,0.877511961722488,0.9052314164194402,0.9592795614722005,0.9839357429718876,0.9358288770053476,0.9954650387472163
SGD,0.8740566273284339,0.8515126015906466,0.9116702183265651,0.9083269671504965,0.9146310550604378,"{'alpha': 0.0001, 'penalty': 'elasticnet', 'loss': 'log_loss', 'class_weight': 'balanced'}","['mfcc_mean', 'spec_skew', 'spec_kurtosis', 'NDSI', 'wav_detail_lvl5_std', 'wav_approx_std', 'mfcc_2']",0.7784810126582279,0.6684782608695652,0.9318181818181818,0.8340479463888437,0.8828125,0.901296111665005,0.8650717703349282,0.9142380799707951,0.9608763693270735,0.9847634322373697,0.9381207028265852,0.9956071388216746
SGD,0.874017699304895,0.8547149570534792,0.9044420319962115,0.917494270435447,0.8934575126466241,"{'alpha': 0.0001, 'penalty': 'elasticnet', 'loss': 'log_loss', 'class_weight': 'balanced'}","['mfcc_mean', 'NDSI', 'mfcc_1', 'mfcc_var', 'mfcc_std']",0.7520259319286872,0.6572237960339944,0.8787878787878788,0.7505461191133234,0.89453125,0.9132602193419741,0.876555023923445,0.9318706344280365,0.9754959159859977,0.993660855784469,0.957983193277311,0.9979557843985125
SGD,0.8739597557029888,0.8557855158456071,0.900975812972717,0.9163483575248281,0.9264659336604142,"{'alpha': 0.0001, 'penalty': 'l2', 'loss': 'log_loss', 'class_weight': 'balanced'}","['spec_skew', 'spec_kurtosis', 'NDSI', 'mfcc_var', 'wav_approx_std', 'mfcc_2']",0.7557755775577558,0.6695906432748538,0.8674242424242424,0.8413862891439712,0.893740902474527,0.906496062992126,0.8813397129186603,0.9404148787264924,0.9723627870766836,0.9912698412698413,0.9541634835752483,0.9975966331107793
SGD,0.8739560753039514,0.8516482081134851,0.9159938616594964,0.9155844155844156,0.9022899464263129,"{'alpha': 0.0001, 'penalty': 'l2', 'loss': 'log_loss', 'class_weight': 'balanced'}","['spec_skew', 'spec_kurtosis', 'NDSI', 'wav_detail_lvl5_std', 'mfcc_std']",0.7557603686635944,0.6356589147286822,0.9318181818181818,0.7718122043949917,0.8902136115250869,0.9256198347107438,0.8574162679425837,0.9370302746888138,0.9758942457231726,0.9936658749010293,0.9587471352177235,0.998027360195133
SGD,0.8738513670194333,0.8550639449536698,0.9016303012433043,0.9117647058823529,0.9199177556627002,"{'alpha': 0.0001, 'penalty': 'elasticnet', 'loss': 'log_loss', 'class_weight': 'balanced'}","['spec_kurtosis', 'mfcc_1', 'mfcc_var', 'mfcc_std', 'wav_approx_std', 'mfcc_2']",0.768976897689769,0.6812865497076024,0.8825757575757576,0.8424415333959528,0.8880271449345614,0.899803536345776,0.876555023923445,0.9209817180382014,0.9645500584339696,0.9841017488076311,0.9457601222307105,0.9963300155539461
SGD,0.8738414199669009,0.854005522310429,0.9038286446955178,0.9102368220015279,0.8834428121977672,"{'alpha': 0.0001, 'penalty': 'elasticnet', 'loss': 'log_loss', 'class_weight': 'balanced'}","['mfcc_mean', 'wav_detail_lvl5_std', 'mfcc_2']",0.7725040916530278,0.6801152737752162,0.8939393939393939,0.7428516086860932,0.8866377231066088,0.8939688715953308,0.8794258373205741,0.9117041910320933,0.9623824451410659,0.9879324215607401,0.9381207028265852,0.9957726368751151
SGD,0.8738305486415107,0.8510804576030235,0.9154255960757509,0.9140565317035906,0.9033028760579298,"{'alpha': 0.001, 'penalty': 'l2', 'loss': 'log_loss', 'class_weight': 'balanced'}","['mfcc_mean', 'NDSI', 'wav_detail_lvl5_std', 'mfcc_std']",0.7592592592592593,0.640625,0.9318181818181818,0.7749950430395568,0.8892171344165436,0.9158215010141988,0.8641148325358852,0.9370910071304973,0.973015252248729,0.9967948717948718,0.9503437738731857,0.9978225780037353
SGD,0.8738293917457455,0.8533328465961674,0.9126561948543372,0.917494270435447,0.9562162765267308,"{'alpha': 0.0001, 'penalty': 'elasticnet', 'loss': 'log_loss', 'class_weight': 'balanced'}","['mfcc_mean', 'NDSI', 'mfcc_1', 'mfcc_std', 'mfcc_2']",0.7515527950310559,0.6368421052631579,0.9166666666666666,0.917250117108691,0.8914572864321608,0.9386243386243386,0.8488038277511962,0.9539168317229735,0.97847809377402,0.9845320959010054,0.972498090145149,0.9974818807485278
SGD,0.8737530174284736,0.8560534404425807,0.8995228713494967,0.9155844155844156,0.9243685177930648,"{'alpha': 0.0001, 'penalty': 'l2', 'loss': 'log_loss', 'class_weight': 'balanced'}","['spec_skew', 'NDSI', 'mfcc_1', 'mfcc_std', 'wav_approx_std', 'mfcc_2']",0.7574750830564784,0.6745562130177515,0.8636363636363636,0.8396320413994807,0.8929782082324456,0.903921568627451,0.8822966507177034,0.936117590836312,0.9708057609964967,0.9896825396825397,0.9526355996944232,0.997355921143402
SGD,0.8737030955344935,0.8553977640332113,0.9007105553545182,0.9144385026737968,0.9252257414828927,"{'alpha': 0.0001, 'penalty': 'l2', 'loss': 'log_loss', 'class_weight': 'balanced'}","['mfcc_mean', 'spec_skew', 'NDSI', 'mfcc_1', 'wav_approx_std', 'mfcc_2']",0.7603305785123967,0.6744868035190615,0.8712121212121212,0.8432810405476071,0.8915779283639884,0.9020568070519099,0.8813397129186603,0.9349886101429001,0.9692007797270955,0.9896496815286624,0.9495798319327731,0.997407573758171
SGD,0.8737011070133742,0.857403833380105,0.8959737802617059,0.9110007639419404,0.9074960920294552,"{'alpha': 0.0001, 'penalty': 'elasticnet', 'loss': 'log_loss', 'class_weight': 'balanced'}","['mfcc_mean', 'mfcc_1', 'wav_detail_lvl5_std', 'wav_approx_std']",0.7707979626485568,0.6984615384615385,0.8598484848484849,0.8145498861135542,0.8886765408504539,0.8874045801526718,0.8899521531100478,0.9123138101873012,0.961628817541112,0.9863453815261044,0.9381207028265852,0.9956245797875105
SGD,0.8736857700305256,0.8517400818981201,0.9103028292656775,0.9106187929717342,0.8991546673237513,"{'alpha': 0.0001, 'penalty': 'l2', 'loss': 'log_loss', 'class_weight': 'balanced'}","['spec_skew', 'spec_kurtosis', 'mfcc_1', 'wav_detail_lvl5_std', 'wav_approx_std']",0.7702060221870047,0.662125340599455,0.9204545454545454,0.7951437996348943,0.8856304985337243,0.9050949050949051,0.8669856459330143,0.9069606571981434,0.965220789370848,0.988,0.9434682964094728,0.9953595451382159
SGD,0.873673433768064,0.8542605558651912,0.904048110472259,0.9155844155844156,0.9273875608625243,"{'alpha': 0.0001, 'penalty': 'elasticnet', 'loss': 'log_loss', 'class_weight': 'balanced'}","['mfcc_mean', 'spec_skew', 'spec_kurtosis', 'NDSI', 'mfcc_var', 'wav_approx_std', 'mfcc_2']",0.7564935064935064,0.6619318181818182,0.8825757575757576,0.8443595150366974,0.8921425085407516,0.9103585657370518,0.8746411483253589,0.9401611463122705,0.9723842862699339,0.9904912836767037,0.9549274255156608,0.9976420212386047
SGD,0.8736528828031886,0.8533713140887945,0.911139479715331,0.9106187929717342,0.8692795823672775,"{'alpha': 0.0001, 'penalty': 'elasticnet', 'loss': 'log_loss', 'class_weight': 'balanced'}","['mfcc_1', 'mfcc_2']",0.7735849056603774,0.6612903225806451,0.9318181818181818,0.6808645498686129,0.8816986855409504,0.9346195069667739,0.8344497607655502,0.9304708622010108,0.965675057208238,0.9642041127189642,0.9671504965622613,0.9965033350322088
SGD,0.8736499895637312,0.8551118002368759,0.9004267576249001,0.9090909090909091,0.9042875294713891,"{'alpha': 0.0001, 'penalty': 'elasticnet', 'loss': 'log_loss', 'class_weight': 'balanced'}","['mfcc_mean', 'spec_skew', 'NDSI', 'wav_detail_lvl5_std', 'wav_approx_std']",0.7753743760399334,0.6913946587537092,0.8825757575757576,0.8201714632739722,0.8860153256704981,0.8868648130393096,0.8851674641148325,0.896978528605413,0.9595602669807617,0.9870759289176091,0.93353705118411,0.9957125965347824
SGD,0.8736462433254282,0.854130186856661,0.9025554081281636,0.9083269671504965,0.8996345195540948,"{'alpha': 0.001, 'penalty': 'l2', 'loss': 'log_loss', 'class_weight': 'balanced'}","['mfcc_mean', 'spec_kurtosis', 'mfcc_1', 'wav_detail_lvl5_std', 'mfcc_var', 'wav_approx_std']",0.7775947281713345,0.6880466472303207,0.8939393939393939,0.8062366231795723,0.8845043310875842,0.8896418199419167,0.8794258373205741,0.8976510195795958,0.9588396707173658,0.9847020933977456,0.9343009931245225,0.9950159159031166
SGD,0.8735576089802563,0.8587430967355495,0.8931534495775982,0.9125286478227654,0.9183935334235737,"{'alpha': 0.0001, 'penalty': 'elasticnet', 'loss': 'log_loss', 'class_weight': 'balanced'}","['mfcc_mean', 'mfcc_var', 'mfcc_std', 'wav_approx_std', 'mfcc_2']",0.7663230240549829,0.7012578616352201,0.8446969696969697,0.828467116644484,0.890692124105012,0.8885714285714286,0.8928229665071771,0.9297502438843811,0.9636576787807737,0.9864,0.9419404125286478,0.9969632397418559
SGD,0.8735450590214257,0.8552641889515772,0.9000646670151314,0.9117647058823529,0.9194489773995523,"{'alpha': 0.0001, 'penalty': 'l2', 'loss': 'log_loss', 'class_weight': 'balanced'}","['mfcc_mean', 'mfcc_1', 'mfcc_var', 'mfcc_std', 'wav_approx_std', 'mfcc_2']",0.7674418604651163,0.6834319526627219,0.875,0.8338232773679927,0.888781896966779,0.8943798449612403,0.8832535885167464,0.9275345132114732,0.9644114196323818,0.9879807692307693,0.9419404125286478,0.996989141619191
SGD,0.8735187993705741,0.8558609888912397,0.8990779086754319,0.9148204736440031,0.9245079982992511,"{'alpha': 0.0001, 'penalty': 'elasticnet', 'loss': 'log_loss', 'class_weight': 'balanced'}","['spec_skew', 'NDSI', 'mfcc_std', 'wav_approx_std', 'mfcc_2']",0.7587354409317804,0.6765578635014837,0.8636363636363636,0.8396285269264538,0.8922184630256162,0.9013671875,0.8832535885167464,0.936568888061283,0.9696024941543258,0.9896579156722355,0.9503437738731857,0.9973265799100167
SGD,0.8735133397621344,0.8534233114259268,0.9040083497513839,0.9090909090909091,0.8945869474070028,"{'alpha': 0.0001, 'penalty': 'l2', 'loss': 'log_loss', 'class_weight': 'balanced'}","['spec_skew', 'mfcc_1', 'wav_detail_lvl5_std', 'wav_approx_std']",0.7745098039215687,0.6810344827586207,0.8977272727272727,0.780322460351607,0.8852459016393442,0.892128279883382,0.8784688995215311,0.9081917780111646,0.9607843137254902,0.9871071716357775,0.9358288770053476,0.9952466038582369
SGD,0.8734995419899846,0.8536083498705628,0.9033703912186883,0.9083269671504965,0.9039205545996642,"{'alpha': 0.001, 'penalty': 'l2', 'loss': 'log_loss', 'class_weight': 'balanced'}","['mfcc_mean', 'spec_skew', 'spec_kurtosis', 'wav_detail_lvl5_std', 'mfcc_std', 'wav_approx_std']",0.7770491803278688,0.684971098265896,0.8977272727272727,0.8111414912502212,0.8841698841698842,0.8919182083739046,0.876555023923445,0.9052338530802245,0.9592795614722005,0.9839357429718876,0.9358288770053476,0.9953863194685473
SGD,0.8734995419899846,0.8536083498705628,0.9033703912186883,0.9083269671504965,0.9032393971947887,"{'alpha': 0.001, 'penalty': 'l2', 'loss': 'log_loss', 'class_weight': 'balanced'}","['mfcc_mean', 'spec_skew', 'spec_kurtosis', 'mfcc_1', 'wav_detail_lvl5_std', 'wav_approx_std']",0.7770491803278688,0.684971098265896,0.8977272727272727,0.8105592724112952,0.8841698841698842,0.8919182083739046,0.876555023923445,0.9037683353070173,0.9592795614722005,0.9839357429718876,0.9358288770053476,0.9953905838660537
SGD,0.8734794448604998,0.8517669457381282,0.9093591822693989,0.9106187929717342,0.9091565266823048,"{'alpha': 0.0001, 'penalty': 'elasticnet', 'loss': 'log_loss', 'class_weight': 'balanced'}","['spec_skew', 'spec_kurtosis', 'mfcc_1', 'wav_detail_lvl5_std', 'mfcc_var', 'mfcc_std', 'wav_approx_std']",0.7694753577106518,0.663013698630137,0.9166666666666666,0.8233284486893456,0.8857421875,0.9042871385842473,0.8679425837320575,0.908823664626323,0.965220789370848,0.988,0.9434682964094728,0.9953174667312459
SGD,0.8734264822254856,0.851530827334595,0.9090030110927944,0.9064171122994652,0.903523118387454,"{'alpha': 0.0001, 'penalty': 'elasticnet', 'loss': 'log_loss', 'class_weight': 'balanced'}","['mfcc_mean', 'mfcc_1', 'wav_detail_lvl5_std', 'mfcc_var', 'mfcc_std']",0.7827476038338658,0.6767955801104972,0.928030303030303,0.7944263542997839,0.8799608035276825,0.9016064257028112,0.8593301435406698,0.920931451938638,0.9575710393149085,0.9761904761904762,0.9396485867074102,0.9952115489239404
SGD,0.8734076707268463,0.8572603118226657,0.8953358217290107,0.9102368220015279,0.9082760585387053,"{'alpha': 0.0001, 'penalty': 'l2', 'loss': 'log_loss', 'class_weight': 'balanced'}","['mfcc_mean', 'wav_detail_lvl5_std', 'mfcc_std', 'wav_approx_std']",0.7721088435374149,0.7006172839506173,0.8598484848484849,0.8138249899077813,0.8876135820181731,0.887189292543021,0.8880382775119617,0.9154145289107146,0.9605005866249511,0.9839743589743589,0.9381207028265852,0.99558865679762
SGD,0.8734018159142073,0.8528894338617533,0.907184739924678,0.9148204736440031,0.9296808389275742,"{'alpha': 0.0001, 'penalty': 'elasticnet', 'loss': 'log_loss', 'class_weight': 'balanced'}","['mfcc_mean', 'spec_skew', 'spec_kurtosis', 'NDSI', 'mfcc_1', 'mfcc_var', 'wav_approx_std', 'mfcc_2']",0.7571884984025559,0.6546961325966851,0.8977272727272727,0.8497260350011687,0.8906326630701324,0.9134808853118712,0.8688995215311005,0.9414713825391663,0.9723842862699339,0.9904912836767037,0.9549274255156608,0.9978450992423874
SGD,0.8733837566540462,0.8550061543116869,0.9006462234016414,0.9144385026737968,0.925715571030384,"{'alpha': 0.0001, 'penalty': 'l2', 'loss': 'log_loss', 'class_weight': 'balanced'}","['mfcc_mean', 'spec_skew', 'NDSI', 'mfcc_std', 'wav_approx_std', 'mfcc_2']",0.759075907590759,0.672514619883041,0.8712121212121212,0.8434133241419249,0.8914728682170543,0.9028459273797841,0.8803827751196173,0.9363020149307476,0.9696024941543258,0.9896579156722355,0.9503437738731857,0.9974313740184795
SGD,0.8733720471696703,0.8496844958477174,0.9176457185745112,0.9094728800611154,0.9035197152041149,"{'alpha': 0.0001, 'penalty': 'elasticnet', 'loss': 'log_loss', 'class_weight': 'balanced'}","['spec_kurtosis', 'mfcc_1', 'mfcc_var', 'mfcc_2']",0.7718223583460949,0.6478149100257069,0.9545454545454546,0.792260967609627,0.8826151560178306,0.9147843942505134,0.8526315789473684,0.9223805114625987,0.9656786271450858,0.9864541832669322,0.9457601222307105,0.9959176665401192
SGD,0.8733277581944227,0.8548645155981438,0.900367674980678,0.9113827349121467,0.9198135607121555,"{'alpha': 0.0001, 'penalty': 'elasticnet', 'loss': 'log_loss', 'class_weight': 'balanced'}","['spec_kurtosis', 'mfcc_1', 'mfcc_var', 'wav_approx_std', 'mfcc_2']",0.7682119205298014,0.6823529411764706,0.8787878787878788,0.8431732179218245,0.8875968992248062,0.8989205103042198,0.876555023923445,0.9200036052851938,0.9641744548286605,0.9833200953137411,0.9457601222307105,0.9962638589294485
SGD,0.8732805666430284,0.8543937051904735,0.90079677804136,0.9083269671504965,0.9033684688315717,"{'alpha': 0.0001, 'penalty': 'l2', 'loss': 'log_loss', 'class_weight': 'balanced'}","['mfcc_mean', 'spec_kurtosis', 'NDSI', 'wav_detail_lvl5_std', 'wav_approx_std']",0.7761194029850746,0.6902654867256637,0.8863636363636364,0.8194764168122931,0.8849472674976031,0.8866474543707973,0.8832535885167464,0.8949308674674524,0.9587750294464076,0.9862681744749596,0.9327731092436975,0.9956981222149697
SGD,0.8732775605566188,0.851516321280608,0.9130985887177837,0.9155844155844156,0.9200142852346218,"{'alpha': 0.0001, 'penalty': 'l2', 'loss': 'log_loss', 'class_weight': 'balanced'}","['NDSI', 'mfcc_1', 'mfcc_var', 'mfcc_std', 'mfcc_2']",0.7534883720930232,0.6377952755905512,0.9204545454545454,0.8141555132693379,0.8904313336638572,0.9238683127572016,0.8593301435406698,0.9477765273500898,0.9759129759129759,0.9928853754940712,0.959511077158136,0.9981108150844378
SGD,0.873250765985174,0.8503934368560048,0.9179832379522782,0.913292589763178,0.9043382681807169,"{'alpha': 0.0001, 'penalty': 'l2', 'loss': 'log_loss', 'class_weight': 'balanced'}","['spec_kurtosis', 'NDSI', 'mfcc_1', 'mfcc_var', 'mfcc_std']",0.7598784194528876,0.6345177664974619,0.946969696969697,0.8000661106866056,0.8866699950074888,0.9269311064718163,0.8497607655502393,0.9152770482342527,0.9732038834951456,0.9897314375987362,0.9572192513368984,0.9976716456212927
SGD,0.8731171501072216,0.8510947708383488,0.9131012692158204,0.9152024446142093,0.8956597709514741,"{'alpha': 0.0001, 'penalty': 'l2', 'loss': 'log_loss', 'class_weight': 'balanced'}","['spec_kurtosis', 'NDSI', 'wav_detail_lvl5_std', 'mfcc_var']",0.7534883720930232,0.6377952755905512,0.9204545454545454,0.7654709370237655,0.8904244817374136,0.9194699286442406,0.8631578947368421,0.923617141087683,0.9754385964912281,0.9960191082802548,0.9556913674560733,0.9978912347429743
SGD,0.873111996246393,0.8508547799867379,0.9194818597295379,0.9136745607333843,0.8977602315267209,"{'alpha': 0.0001, 'penalty': 'l2', 'loss': 'log_loss', 'class_weight': 'balanced'}","['mfcc_mean', 'spec_skew', 'NDSI', 'mfcc_std', 'mfcc_2']",0.7590361445783133,0.63,0.9545454545454546,0.7549037057040687,0.8857431749241659,0.9389067524115756,0.8382775119617225,0.941216932312282,0.9745566692367,0.9836575875486381,0.9656226126814362,0.9971600565638123
SGD,0.8731110352560455,0.8557449494949495,0.8975341651812241,0.9087089381207029,0.9004024719536846,"{'alpha': 0.0001, 'penalty': 'l2', 'loss': 'log_loss', 'class_weight': 'balanced'}","['mfcc_mean', 'spec_kurtosis', 'wav_detail_lvl5_std', 'wav_approx_std']",0.7744107744107744,0.696969696969697,0.8712121212121212,0.8126012965269125,0.886244645406949,0.8816287878787878,0.8909090909090909,0.8931966394302191,0.9586776859504132,0.9886363636363636,0.93048128342246,0.995409479903922
SGD,0.8730176961799733,0.854169980710676,0.9008663593028917,0.9106187929717342,0.9187190159197692,"{'alpha': 0.001, 'penalty': 'elasticnet', 'loss': 'log_loss', 'class_weight': 'balanced'}","['mfcc_mean', 'spec_kurtosis', 'mfcc_1', 'mfcc_var', 'mfcc_std', 'wav_approx_std', 'mfcc_2']",0.768976897689769,0.6812865497076024,0.8825757575757576,0.8435479399100462,0.8867376573088093,0.8971596474045054,0.876555023923445,0.9163641842335467,0.9633385335413417,0.9840637450199203,0.9434682964094728,0.9962449236157148
SGD,0.8728709724534518,0.8557392983284147,0.896914746759948,0.9113827349121467,0.9204203534954098,"{'alpha': 0.0001, 'penalty': 'l2', 'loss': 'log_loss', 'class_weight': 'balanced'}","['spec_kurtosis', 'mfcc_1', 'wav_approx_std', 'mfcc_2']",0.7663865546218488,0.6888217522658611,0.8636363636363636,0.842250015418553,0.8885686839577329,0.8919961427193829,0.8851674641148325,0.9225319677917542,0.9636576787807737,0.9864,0.9419404125286478,0.9964790772759222
SGD,0.8727455956205965,0.8505076675808384,0.910163555055196,0.9090909090909091,0.9002656822759255,"{'alpha': 0.0001, 'penalty': 'elasticnet', 'loss': 'log_loss', 'class_weight': 'balanced'}","['spec_skew', 'spec_kurtosis', 'wav_detail_lvl5_std', 'mfcc_std', 'wav_approx_std']",0.7709320695102686,0.6612466124661247,0.9242424242424242,0.7977865378803954,0.8836754643206256,0.903096903096903,0.8650717703349282,0.9076514035628351,0.9636292530308955,0.9871794871794872,0.9411764705882353,0.9953591053845458
SGD,0.8726988520838156,0.8535144329501647,0.900971122101153,0.9079449961802903,0.8945254972215899,"{'alpha': 0.0001, 'penalty': 'elasticnet', 'loss': 'log_loss', 'class_weight': 'balanced'}","['spec_kurtosis', 'wav_detail_lvl5_std', 'mfcc_var', 'mfcc_std', 'wav_approx_std']",0.7755775577557755,0.6871345029239766,0.8901515151515151,0.7908314091200296,0.8835186080231996,0.892578125,0.8746411483253589,0.8985663308346601,0.9590003904724717,0.9808306709265175,0.9381207028265852,0.9941787517100804
SGD,0.8726728097680919,0.849439271054024,0.9179593368447857,0.9106187929717342,0.9272885737786621,"{'alpha': 0.0001, 'penalty': 'l2', 'loss': 'log_loss', 'class_weight': 'balanced'}","['mfcc_mean', 'spec_kurtosis', 'mfcc_1', 'mfcc_var', 'mfcc_std', 'mfcc_2']",0.7659574468085106,0.6395939086294417,0.9545454545454546,0.8571408944982377,0.8831168831168831,0.9237199582027168,0.845933014354067,0.9292703619350615,0.968944099378882,0.9850039463299132,0.9533995416348358,0.9954544649026871
SGD,0.8726595797870428,0.8503916664622775,0.9125946550869152,0.9140565317035906,0.8996248849539884,"{'alpha': 0.001, 'penalty': 'l2', 'loss': 'log_loss', 'class_weight': 'balanced'}","['spec_skew', 'NDSI', 'wav_detail_lvl5_std', 'mfcc_var']",0.7546583850931677,0.6394736842105263,0.9204545454545454,0.7731662767042013,0.8895434462444771,0.9133064516129032,0.8669856459330143,0.9279241030896749,0.9737769080234834,0.9983948635634029,0.9503437738731857,0.9977842750680891
SGD,0.8726004328124394,0.8593977729971485,0.8896467997087192,0.9140565317035906,0.9185758859539033,"{'alpha': 0.0001, 'penalty': 'elasticnet', 'loss': 'log_loss', 'class_weight': 'balanced'}","['mfcc_mean', 'mfcc_std', 'wav_approx_std', 'mfcc_2']",0.7582608695652174,0.7009646302250804,0.8257575757575758,0.8299005292345542,0.8932130991931656,0.8860640301318268,0.9004784688995215,0.9289425967656764,0.966327329678935,0.9911646586345382,0.9427043544690603,0.9968845318614794
SGD,0.8725579339510152,0.8531471136106211,0.9013571138184142,0.9079449961802903,0.9139687553632264,"{'alpha': 0.0001, 'penalty': 'elasticnet', 'loss': 'log_loss', 'class_weight': 'balanced'}","['mfcc_mean', 'spec_kurtosis', 'NDSI', 'wav_detail_lvl5_std', 'wav_approx_std', 'mfcc_2']",0.7742998352553542,0.685131195335277,0.8901515151515151,0.8309861408747179,0.8841902931283037,0.888030888030888,0.8803827751196173,0.9154278065450296,0.9591836734693877,0.9862792574656981,0.93353705118411,0.9954923186699319
SGD,0.8725160554163778,0.854301046472882,0.899573912499609,0.9144385026737968,0.9249164208186557,"{'alpha': 0.0001, 'penalty': 'elasticnet', 'loss': 'log_loss', 'class_weight': 'balanced'}","['mfcc_mean', 'spec_kurtosis', 'NDSI', 'mfcc_1', 'mfcc_std', 'wav_approx_std', 'mfcc_2']",0.7557755775577558,0.6695906432748538,0.8674242424242424,0.8425860733886221,0.8913676042677012,0.9036381514257621,0.8794258373205741,0.9348010636940696,0.9704049844236761,0.9896743447180302,0.9518716577540107,0.9973621253732755
SGD,0.8724367980224997,0.8527292681568114,0.9019174495954682,0.907563025210084,0.8997383387055914,"{'alpha': 0.001, 'penalty': 'elasticnet', 'loss': 'log_loss', 'class_weight': 'balanced'}","['mfcc_mean', 'spec_kurtosis', 'mfcc_1', 'wav_detail_lvl5_std', 'mfcc_var', 'mfcc_std', 'wav_approx_std']",0.7750410509031199,0.6840579710144927,0.8939393939393939,0.8070985001676317,0.8834296724470135,0.8894277400581959,0.877511961722488,0.89707262805492,0.9588396707173658,0.9847020933977456,0.9343009931245225,0.9950438878942225
SGD,0.8723474621251097,0.8501411989463198,0.9096893302775655,0.9064171122994652,0.8909470356294263,"{'alpha': 0.0001, 'penalty': 'elasticnet', 'loss': 'log_loss', 'class_weight': 'balanced'}","['mfcc_mean', 'mfcc_1', 'wav_detail_lvl5_std', 'mfcc_std']",0.7784810126582279,0.6684782608695652,0.9318181818181818,0.7560367170067307,0.879369768586903,0.9056795131845842,0.8545454545454545,0.9215870349146873,0.9591916051301982,0.9762658227848101,0.9427043544690603,0.995217354966861
SGD,0.8723347026197489,0.8543713190387002,0.8979658370525243,0.9083269671504965,0.9078097360952572,"{'alpha': 0.0001, 'penalty': 'l2', 'loss': 'log_loss', 'class_weight': 'balanced'}","['mfcc_mean', 'spec_skew', 'spec_kurtosis', 'NDSI', 'wav_detail_lvl5_std', 'wav_approx_std']",0.7725752508361204,0.6916167664670658,0.875,0.8213228602957063,0.8852772466539197,0.8844317096466093,0.8861244019138756,0.906393154569495,0.9591516103692066,0.9870654810024252,0.9327731092436975,0.9957131934205704
SGD,0.8723255304416493,0.8504649394771322,0.9118386429531941,0.9148204736440031,0.8963540642565949,"{'alpha': 0.0001, 'penalty': 'l2', 'loss': 'log_loss', 'class_weight': 'balanced'}","['spec_kurtosis', 'NDSI', 'wav_detail_lvl5_std', 'mfcc_var', 'mfcc_std']",0.7515527950310559,0.6368421052631579,0.9166666666666666,0.7684389576613095,0.889985199802664,0.9185336048879837,0.8631578947368421,0.9227336471276241,0.9754385964912281,0.9960191082802548,0.9556913674560733,0.9978895879808513
SGD,0.8722383346453824,0.85400242371965,0.8993192651861383,0.9140565317035906,0.9240722009906372,"{'alpha': 0.0001, 'penalty': 'elasticnet', 'loss': 'log_loss', 'class_weight': 'balanced'}","['mfcc_mean', 'spec_kurtosis', 'NDSI', 'mfcc_std', 'wav_approx_std', 'mfcc_2']",0.7557755775577558,0.6695906432748538,0.8674242424242424,0.8400642596059896,0.8909355307804169,0.9027504911591355,0.8794258373205741,0.9348129213395153,0.9700038955979743,0.9896661367249603,0.9511077158135982,0.9973394220264071
SGD,0.8722271243842336,0.8528356848213012,0.9009738025991897,0.907563025210084,0.8991118115109485,"{'alpha': 0.001, 'penalty': 'l2', 'loss': 'log_loss', 'class_weight': 'balanced'}","['mfcc_mean', 'spec_kurtosis', 'mfcc_1', 'wav_detail_lvl5_std', 'mfcc_std', 'wav_approx_std']",0.7742998352553542,0.685131195335277,0.8901515151515151,0.8043736560551995,0.8835418671799807,0.888673765730881,0.8784688995215311,0.8979421142437366,0.9588396707173658,0.9847020933977456,0.9343009931245225,0.9950196642339093
SGD,0.8722271243842336,0.8528356848213012,0.9009738025991897,0.907563025210084,0.8988141776118544,"{'alpha': 0.001, 'penalty': 'l2', 'loss': 'log_loss', 'class_weight': 'balanced'}","['mfcc_mean', 'spec_kurtosis', 'wav_detail_lvl5_std', 'mfcc_var', 'mfcc_std', 'wav_approx_std']",0.7742998352553542,0.685131195335277,0.8901515151515151,0.8040396693418079,0.8835418671799807,0.888673765730881,0.8784688995215311,0.8974095943914929,0.9588396707173658,0.9847020933977456,0.9343009931245225,0.9949932691022626
SGD,0.8721786673044493,0.853855438704624,0.8990407167651749,0.9110007639419404,0.9180437721937219,"{'alpha': 0.0001, 'penalty': 'l2', 'loss': 'log_loss', 'class_weight': 'balanced'}","['spec_kurtosis', 'mfcc_var', 'mfcc_std', 'wav_approx_std', 'mfcc_2']",0.7649006622516556,0.6794117647058824,0.875,0.8376237897610934,0.8870576829859428,0.8988212180746562,0.8755980861244019,0.9202293642232746,0.9645776566757494,0.9833333333333333,0.946524064171123,0.996278162596798
SGD,0.8719606492270247,0.8537043773526608,0.8990646178726674,0.9136745607333843,0.9233793925362933,"{'alpha': 0.0001, 'penalty': 'elasticnet', 'loss': 'log_loss', 'class_weight': 'balanced'}","['mfcc_mean', 'spec_kurtosis', 'NDSI', 'mfcc_1', 'wav_approx_std', 'mfcc_2']",0.7557755775577558,0.6695906432748538,0.8674242424242424,0.8393070209182605,0.8905038759689923,0.9018645731108931,0.8794258373205741,0.9335154769040898,0.9696024941543258,0.9896579156722355,0.9503437738731857,0.9973156797865296
SGD,0.871943093857353,0.8524006278244999,0.9026462099991512,0.9136745607333843,0.9269311283141216,"{'alpha': 0.0001, 'penalty': 'elasticnet', 'loss': 'log_loss', 'class_weight': 'balanced'}","['mfcc_mean', 'spec_skew', 'spec_kurtosis', 'NDSI', 'mfcc_std', 'wav_approx_std', 'mfcc_2']",0.7552674230145867,0.660056657223796,0.8825757575757576,0.8428365416540786,0.8897560975609756,0.9074626865671642,0.8727272727272727,0.9403733187457103,0.9708057609964967,0.9896825396825397,0.9526355996944232,0.9975835245425757
SGD,0.8718773162756102,0.8554567935612031,0.8943788839299674,0.9090909090909091,0.9076425384442034,"{'alpha': 0.0001, 'penalty': 'elasticnet', 'loss': 'log_loss', 'class_weight': 'balanced'}","['mfcc_mean', 'wav_detail_lvl5_std', 'mfcc_var', 'wav_approx_std']",0.7694915254237288,0.696319018404908,0.8598484848484849,0.8137697874368082,0.8860153256704981,0.8868648130393096,0.8851674641148325,0.9135497484621488,0.9601250977326036,0.9831865492393915,0.9381207028265852,0.9956080794336533
SGD,0.8718695358898328,0.8490042970919505,0.9184526601709265,0.9106187929717342,0.9303460393206051,"{'alpha': 0.0001, 'penalty': 'elasticnet', 'loss': 'log_loss', 'class_weight': 'balanced'}","['mfcc_mean', 'spec_kurtosis', 'mfcc_1', 'mfcc_std', 'mfcc_2']",0.7631975867269984,0.6340852130325815,0.9583333333333334,0.8655879022307537,0.8821752265861027,0.9309245483528161,0.8382775119617225,0.9300109972744346,0.9702357943563974,0.9820031298904538,0.9587471352177235,0.9954392184566273
SGD,0.8714873929778143,0.855615666430814,0.8935553009082421,0.9163483575248281,0.9263786072512401,"{'alpha': 0.0001, 'penalty': 'l2', 'loss': 'log_loss', 'class_weight': 'balanced'}","['mfcc_mean', 'NDSI', 'mfcc_var', 'wav_approx_std', 'mfcc_2']",0.7466216216216216,0.6737804878048781,0.8371212121212122,0.8372895318214718,0.8947621335896204,0.8986486486486487,0.8909090909090909,0.9438440825871489,0.9730784237222005,0.9944178628389154,0.9526355996944232,0.9980022073450998
SGD,0.8714456138836938,0.8489898955864331,0.9128360115976215,0.913292589763178,0.9000481572840364,"{'alpha': 0.001, 'penalty': 'l2', 'loss': 'log_loss', 'class_weight': 'balanced'}","['spec_kurtosis', 'NDSI', 'wav_detail_lvl5_std', 'mfcc_std']",0.7519260400616333,0.6337662337662338,0.9242424242424242,0.7733705726643479,0.8882323978335795,0.9148073022312373,0.8631578947368421,0.9291320270572887,0.9741784037558685,0.9983961507618284,0.9511077158135982,0.9976418721304725
SGD,0.8712404933530923,0.8496732557960563,0.9061587793011942,0.9052711993888465,0.9025752380109046,"{'alpha': 0.0001, 'penalty': 'elasticnet', 'loss': 'log_loss', 'class_weight': 'balanced'}","['mfcc_mean', 'mfcc_1', 'wav_detail_lvl5_std', 'mfcc_var']",0.7776,0.6731301939058172,0.9204545454545454,0.7913285374682308,0.8785504407443683,0.8996990972918756,0.8583732057416268,0.9211951799347967,0.9575710393149085,0.9761904761904762,0.9396485867074102,0.9952019966296863
SGD,0.8712317646276219,0.8496581786049181,0.9066946555336649,0.9083269671504965,0.8974367761586949,"{'alpha': 0.0001, 'penalty': 'elasticnet', 'loss': 'log_loss', 'class_weight': 'balanced'}","['spec_skew', 'mfcc_1', 'wav_detail_lvl5_std', 'mfcc_std', 'wav_approx_std']",0.767515923566879,0.6620879120879121,0.9128787878787878,0.7887947538299962,0.8829268292682927,0.900497512437811,0.8660287081339713,0.9082340730480593,0.9632525410476935,0.9863891112890312,0.9411764705882353,0.9952815015980294
SGD,0.871200659614973,0.8496268175627107,0.9068849708942587,0.9087089381207029,0.9046854278558527,"{'alpha': 0.0001, 'penalty': 'elasticnet', 'loss': 'log_loss', 'class_weight': 'balanced'}","['spec_skew', 'mfcc_1', 'wav_detail_lvl5_std', 'mfcc_var', 'mfcc_std', 'wav_approx_std']",0.766295707472178,0.6602739726027397,0.9128787878787878,0.8111806700141366,0.8832437713727406,0.9021956087824351,0.8650717703349282,0.9078169406485368,0.9640625,0.9864108713029577,0.9427043544690603,0.9950586729048848
SGD,0.8710953701947327,0.8484680159665904,0.9134606793275525,0.9129106187929718,0.9001875226059891,"{'alpha': 0.001, 'penalty': 'elasticnet', 'loss': 'log_loss', 'class_weight': 'balanced'}","['spec_skew', 'NDSI', 'wav_detail_lvl5_std', 'mfcc_std']",0.7515337423312883,0.6314432989690721,0.928030303030303,0.7716238034411402,0.8875739644970414,0.9155645981688708,0.861244019138756,0.9311610830307929,0.9741784037558685,0.9983961507618284,0.9511077158135982,0.9977776813460345
SGD,0.8710402577727049,0.8489038653763679,0.912372397124719,0.9121466768525592,0.9253966193482123,"{'alpha': 0.0001, 'penalty': 'l2', 'loss': 'log_loss', 'class_weight': 'balanced'}","['mfcc_mean', 'spec_skew', 'spec_kurtosis', 'NDSI', 'mfcc_var', 'mfcc_std', 'wav_approx_std', 'mfcc_2']",0.7550077041602465,0.6363636363636364,0.928030303030303,0.8408098237564751,0.885685884691849,0.921406411582213,0.8526315789473684,0.9375338974758759,0.9724271844660194,0.9889415481832543,0.9564553093964858,0.997846136812286
SGD,0.8710345627304594,0.8483054788243282,0.9183239962651727,0.9106187929717342,0.9233267599736251,"{'alpha': 0.0001, 'penalty': 'elasticnet', 'loss': 'log_loss', 'class_weight': 'balanced'}","['mfcc_mean', 'spec_skew', 'mfcc_1', 'mfcc_std', 'mfcc_2']",0.7597597597597597,0.6293532338308457,0.9583333333333334,0.8404956267832454,0.8819374369323916,0.9327641408751334,0.8363636363636363,0.9338755071437175,0.9714064914992272,0.9827990617670055,0.9602750190985485,0.9956091459939127
SGD,0.8708677574180707,0.8502495768998282,0.905587721531994,0.9071810542398777,0.8961780291864692,"{'alpha': 0.0001, 'penalty': 'l2', 'loss': 'log_loss', 'class_weight': 'balanced'}","['mfcc_1', 'wav_detail_lvl5_std', 'mfcc_var', 'mfcc_std', 'wav_approx_std']",0.7719298245614035,0.6666666666666666,0.9166666666666666,0.7884857948293665,0.8791645947289906,0.9151138716356108,0.845933014354067,0.9142670666465683,0.9615088529638183,0.9689681923972071,0.9541634835752483,0.9857812260834726
SGD,0.8708538693111584,0.8527897752004586,0.8975473442965702,0.9129106187929718,0.9232256238402584,"{'alpha': 0.0001, 'penalty': 'l2', 'loss': 'log_loss', 'class_weight': 'balanced'}","['spec_skew', 'NDSI', 'mfcc_1', 'wav_approx_std', 'mfcc_2']",0.7537190082644628,0.6686217008797654,0.8636363636363636,0.837419188617461,0.8896418199419167,0.9000979431929481,0.8794258373205741,0.9349439760170177,0.9692007797270955,0.9896496815286624,0.9495798319327731,0.9973137068862963
SGD,0.8707794138051397,0.8472316093136204,0.9167504322303084,0.9087089381207029,0.9029455183789176,"{'alpha': 0.0001, 'penalty': 'elasticnet', 'loss': 'log_loss', 'class_weight': 'balanced'}","['mfcc_mean', 'spec_skew', 'mfcc_1', 'mfcc_var', 'mfcc_2']",0.7636363636363637,0.6363636363636364,0.9545454545454546,0.7876018502532598,0.8810353409656545,0.9180497925311203,0.84688995215311,0.9249058723211712,0.9676665368134009,0.9872813990461049,0.9488158899923606,0.9963288325623217
SGD,0.8707366121749295,0.8522651726197568,0.8986169747005661,0.913292589763178,0.926408623148049,"{'alpha': 0.0001, 'penalty': 'elasticnet', 'loss': 'log_loss', 'class_weight': 'balanced'}","['spec_skew', 'spec_kurtosis', 'NDSI', 'mfcc_std', 'wav_approx_std', 'mfcc_2']",0.7520525451559934,0.663768115942029,0.8674242424242424,0.8406915152694762,0.889752306945119,0.903353057199211,0.876555023923445,0.9410567194058604,0.9704049844236761,0.9896743447180302,0.9518716577540107,0.9974776347688101
SGD,0.8706822767459345,0.8501612035602673,0.9142462886270936,0.9140565317035906,0.9006601204365724,"{'alpha': 0.0001, 'penalty': 'elasticnet', 'loss': 'log_loss', 'class_weight': 'balanced'}","['mfcc_mean', 'spec_skew', 'spec_kurtosis', 'NDSI', 'mfcc_var', 'mfcc_std', 'mfcc_2']",0.7496206373292867,0.6253164556962025,0.9356060606060606,0.7548886303062716,0.8853795211411105,0.9466230936819172,0.8315789473684211,0.9494270990417312,0.9770466717674062,0.978544061302682,0.975553857906799,0.9976646319617142
SGD,0.8706675796779934,0.8561673807635796,0.8901613436443158,0.9171122994652406,0.9248199061025453,"{'alpha': 0.0001, 'penalty': 'l2', 'loss': 'log_loss', 'class_weight': 'balanced'}","['NDSI', 'mfcc_var', 'wav_approx_std', 'mfcc_2']",0.7418803418803419,0.67601246105919,0.821969696969697,0.833679699970345,0.8958233317330773,0.8988439306358381,0.8928229665071771,0.9428120743487822,0.9742990654205608,0.9936457505957109,0.9556913674560733,0.997967943988509
SGD,0.8706137386834119,0.8546097761003265,0.8929816743284236,0.9155844155844156,0.9255606023094759,"{'alpha': 0.0001, 'penalty': 'elasticnet', 'loss': 'log_loss', 'class_weight': 'balanced'}","['mfcc_mean', 'NDSI', 'mfcc_std', 'wav_approx_std', 'mfcc_2']",0.7453625632377741,0.6717325227963525,0.8371212121212122,0.8351434217850322,0.8938010571840461,0.8976833976833977,0.8899521531100478,0.9435250753060168,0.9726775956284153,0.994413407821229,0.9518716577540107,0.9980133098373788
SGD,0.8705373935766874,0.8511246658026921,0.9010646044701772,0.9129106187929718,0.9264337081286887,"{'alpha': 0.0001, 'penalty': 'elasticnet', 'loss': 'log_loss', 'class_weight': 'balanced'}","['mfcc_mean', 'spec_skew', 'spec_kurtosis', 'NDSI', 'mfcc_1', 'wav_approx_std', 'mfcc_2']",0.7520259319286872,0.6572237960339944,0.8787878787878788,0.8424409737726702,0.8887804878048781,0.9064676616915422,0.8717703349282296,0.9393020402409661,0.9708057609964967,0.9896825396825397,0.9526355996944232,0.9975581103724298
SGD,0.8704680569706449,0.8469418500150501,0.9164314529639607,0.9083269671504965,0.9036296673243097,"{'alpha': 0.0001, 'penalty': 'l2', 'loss': 'log_loss', 'class_weight': 'balanced'}","['spec_skew', 'mfcc_1', 'mfcc_var', 'mfcc_2']",0.7636363636363637,0.6363636363636364,0.9545454545454546,0.7870144008427441,0.8804780876494024,0.9179646936656283,0.845933014354067,0.9272159578275485,0.9672897196261683,0.9864972200158856,0.9488158899923606,0.9966586433026364
SGD,0.8704006918517934,0.8534245289558838,0.8941885685693736,0.9087089381207029,0.9061677293100502,"{'alpha': 0.0001, 'penalty': 'elasticnet', 'loss': 'log_loss', 'class_weight': 'balanced'}","['mfcc_mean', 'wav_detail_lvl5_std', 'wav_approx_std']",0.7643097643097643,0.6878787878787879,0.8598484848484849,0.8085164195687551,0.8857006217120995,0.8852772466539197,0.8861244019138756,0.9143476317674082,0.9611916895335163,0.9871175523349437,0.9365928189457601,0.9956391365939872
SGD,0.8702072899433387,0.8518579343078857,0.8979279750177583,0.9136745607333843,0.9249940920029975,"{'alpha': 0.0001, 'penalty': 'elasticnet', 'loss': 'log_loss', 'class_weight': 'balanced'}","['spec_skew', 'NDSI', 'mfcc_var', 'mfcc_std', 'wav_approx_std', 'mfcc_2']",0.7487684729064039,0.6608695652173913,0.8636363636363636,0.8399930270491072,0.8902912621359224,0.903448275862069,0.877511961722488,0.9374050172016193,0.9715621347876899,0.9912559618441972,0.9526355996944232,0.997584231758266
SGD,0.8701909023435066,0.849422937429784,0.9074717765894236,0.9136745607333843,0.9334265779191488,"{'alpha': 0.0001, 'penalty': 'l2', 'loss': 'log_loss', 'class_weight': 'balanced'}","['NDSI', 'mfcc_1', 'mfcc_std']",0.7480438184663537,0.6373333333333333,0.9053030303030303,0.8693195362330678,0.8876739562624254,0.9234746639089969,0.8545454545454545,0.9333225875783565,0.9748549323017408,0.987460815047022,0.9625668449197861,0.9976376099460221
SGD,0.8701420816385355,0.8486864879796417,0.9071342572116565,0.9098548510313216,0.9225130054918139,"{'alpha': 0.0001, 'penalty': 'elasticnet', 'loss': 'log_loss', 'class_weight': 'balanced'}","['spec_skew', 'spec_kurtosis', 'mfcc_1', 'mfcc_var', 'mfcc_std', 'wav_approx_std', 'mfcc_2']",0.7590551181102362,0.6495956873315364,0.9128787878787878,0.8409403663919666,0.883629191321499,0.9114954221770092,0.8574162679425837,0.9297822098390908,0.967741935483871,0.9849683544303798,0.9511077158135982,0.9968164402443844
SGD,0.8698280507475521,0.8494251462079897,0.9015824990283194,0.9064171122994652,0.9112601363785723,"{'alpha': 0.0001, 'penalty': 'elasticnet', 'loss': 'log_loss', 'class_weight': 'balanced'}","['mfcc_mean', 'mfcc_1', 'wav_detail_lvl5_std', 'mfcc_var', 'wav_approx_std']",0.7682333873581848,0.6713881019830028,0.8977272727272727,0.8222867411865582,0.881125667151868,0.8937007874015748,0.8688995215311005,0.9158623761965287,0.9601250977326036,0.9831865492393915,0.9381207028265852,0.9956312917526302
SGD,0.8698257774168258,0.8528326447682839,0.8945473085565965,0.9155844155844156,0.9233034400603612,"{'alpha': 0.0001, 'penalty': 'l2', 'loss': 'log_loss', 'class_weight': 'balanced'}","['NDSI', 'mfcc_var', 'mfcc_std', 'wav_approx_std', 'mfcc_2']",0.7420965058236273,0.6617210682492581,0.8446969696969697,0.8288526343859357,0.8930817610062893,0.9031311154598826,0.8832535885167464,0.9430659871403844,0.9742990654205608,0.9936457505957109,0.9556913674560733,0.9979916986547634
SGD,0.8698103106493201,0.8537524010690666,0.8922820643408879,0.9144385026737968,0.9251751574736983,"{'alpha': 0.0001, 'penalty': 'elasticnet', 'loss': 'log_loss', 'class_weight': 'balanced'}","['mfcc_mean', 'NDSI', 'mfcc_1', 'wav_approx_std', 'mfcc_2']",0.7453625632377741,0.6717325227963525,0.8371212121212122,0.8350404039676291,0.8926174496644296,0.8943323727185398,0.8909090909090909,0.9425139952240031,0.9714509190457568,0.9951923076923077,0.9488158899923606,0.9979710732294623
SGD,0.8697789182964386,0.8496295487575317,0.906142137875884,0.9136745607333843,0.912958138098417,"{'alpha': 0.0001, 'penalty': 'elasticnet', 'loss': 'log_loss', 'class_weight': 'balanced'}","['mfcc_mean', 'spec_kurtosis', 'NDSI', 'mfcc_var', 'mfcc_2']",0.7472527472527473,0.6380697050938338,0.9015151515151515,0.7985553139778849,0.8871128871128872,0.9278996865203761,0.8497607655502393,0.9430398146483346,0.9749711205236812,0.9829192546583851,0.9671504965622613,0.9972792856690315
SGD,0.8697703161369909,0.8521336212683642,0.8959253079222119,0.9148204736440031,0.9243748865392587,"{'alpha': 0.0001, 'penalty': 'l2', 'loss': 'log_loss', 'class_weight': 'balanced'}","['NDSI', 'mfcc_1', 'mfcc_var', 'wav_approx_std', 'mfcc_2']",0.743801652892562,0.6598240469208211,0.8522727272727273,0.8320300838859427,0.8920096852300242,0.9029411764705882,0.8813397129186603,0.9431025842079972,0.9734996102883866,0.9936356404136834,0.9541634835752483,0.9979919915238362
SGD,0.8696988456142324,0.8499424404620686,0.8993656154646867,0.904507257448434,0.8895127762755024,"{'alpha': 0.0001, 'penalty': 'elasticnet', 'loss': 'log_loss', 'class_weight': 'balanced'}","['spec_kurtosis', 'mfcc_1', 'wav_detail_lvl5_std', 'mfcc_std', 'wav_approx_std']",0.7737704918032787,0.6820809248554913,0.8939393939393939,0.7706479048103914,0.879110251450677,0.8885630498533724,0.8698564593301435,0.9031761662338768,0.9562157935887412,0.9791833466773419,0.9343009931245225,0.9947142577822394
SGD,0.8695754600595528,0.8488728611978505,0.9133675320207829,0.9079449961802903,0.9489045293935265,"{'alpha': 0.0001, 'penalty': 'elasticnet', 'loss': 'log_loss', 'class_weight': 'balanced'}","['mfcc_1', 'mfcc_std', 'mfcc_2']",0.7652439024390244,0.6403061224489796,0.9507575757575758,0.9098999451281183,0.8766001024065541,0.9427312775330396,0.8191387559808613,0.9411161574731766,0.9668823753330795,0.9635811836115327,0.9702062643239114,0.9956974855792846
SGD,0.8694099188595138,0.8465706694349359,0.920146958304853,0.9106187929717342,0.9416116408322686,"{'alpha': 0.0001, 'penalty': 'l2', 'loss': 'log_loss', 'class_weight': 'balanced'}","['spec_skew', 'NDSI', 'mfcc_1', 'mfcc_std', 'mfcc_2']",0.7522123893805309,0.6159420289855072,0.9659090909090909,0.8855318004051294,0.881578947368421,0.9355531686358755,0.8334928229665072,0.9425761170642407,0.9744384198295895,0.9882168106834249,0.961038961038961,0.9967270050274356
SGD,0.8693695713468967,0.8538067898978595,0.891027367884953,0.9159663865546218,0.9235884890648753,"{'alpha': 0.0001, 'penalty': 'l2', 'loss': 'log_loss', 'class_weight': 'balanced'}","['NDSI', 'mfcc_1', 'mfcc_std', 'wav_approx_std', 'mfcc_2']",0.7398648648648649,0.6676829268292683,0.8295454545454546,0.8309047366282587,0.8939247830279653,0.9008746355685131,0.8870813397129187,0.9419474116314427,0.9743190661478599,0.992862807295797,0.9564553093964858,0.9979133189349246
SGD,0.8693624607532263,0.8483233591531657,0.9023119295565115,0.9033613445378151,0.8874343135138535,"{'alpha': 0.0001, 'penalty': 'l2', 'loss': 'log_loss', 'class_weight': 'balanced'}","['spec_kurtosis', 'wav_detail_lvl5_std', 'mfcc_var', 'wav_approx_std']",0.7754442649434572,0.676056338028169,0.9090909090909091,0.7713289259350997,0.8772440562833576,0.889763779527559,0.8650717703349282,0.896481075508927,0.9553990610328639,0.9791499599037691,0.9327731092436975,0.994492939097534
SGD,0.8693131177750493,0.8465934317768437,0.9160050304013153,0.9110007639419404,0.9051595761674829,"{'alpha': 0.0001, 'penalty': 'elasticnet', 'loss': 'log_loss', 'class_weight': 'balanced'}","['spec_skew', 'NDSI', 'mfcc_1', 'mfcc_var', 'mfcc_std']",0.7507507507507507,0.6218905472636815,0.946969696969697,0.7999604577400579,0.8832080200501253,0.9273684210526316,0.8430622009569378,0.9177876313473446,0.9739805825242719,0.990521327014218,0.957983193277311,0.9977306394150459
SGD,0.8693065876830932,0.85126769794214,0.8952342978658767,0.9064171122994652,0.9016519513836462,"{'alpha': 0.0001, 'penalty': 'l2', 'loss': 'log_loss', 'class_weight': 'balanced'}","['mfcc_mean', 'NDSI', 'wav_detail_lvl5_std', 'wav_approx_std']",0.7666666666666667,0.6845238095238095,0.8712121212121212,0.8142663246931121,0.8823811809889582,0.8853564547206165,0.8794258373205741,0.8949205192009638,0.9588719153936546,0.9839228295819936,0.935064935064935,0.9957690102568624
SGD,0.869173307384524,0.8572065845141167,0.8843416473447433,0.9121466768525592,0.919200174397647,"{'alpha': 0.0001, 'penalty': 'elasticnet', 'loss': 'log_loss', 'class_weight': 'balanced'}","['mfcc_mean', 'mfcc_var', 'wav_approx_std', 'mfcc_2']",0.7508771929824561,0.6993464052287581,0.8106060606060606,0.8324302947805895,0.8910984848484849,0.8819119025304593,0.9004784688995215,0.9282658662794179,0.9655442443226312,0.9903614457831326,0.9419404125286478,0.9969043621329338
SGD,0.8691587315524805,0.847898843901949,0.9029982487412829,0.9033613445378151,0.8927603527051864,"{'alpha': 0.001, 'penalty': 'elasticnet', 'loss': 'log_loss', 'class_weight': 'balanced'}","['spec_skew', 'spec_kurtosis', 'wav_detail_lvl5_std', 'mfcc_var', 'mfcc_std', 'wav_approx_std']",0.77491961414791,0.6731843575418994,0.9128787878787878,0.7901806214429928,0.8766455387615797,0.8936381709741551,0.8602870813397129,0.8941451500677235,0.9559110417479516,0.9768740031897927,0.9358288770053476,0.9939552866048426
SGD,0.8691120444847247,0.8514327765289033,0.8946792113974776,0.9090909090909091,0.9190888627189716,"{'alpha': 0.0001, 'penalty': 'l2', 'loss': 'log_loss', 'class_weight': 'balanced'}","['spec_kurtosis', 'mfcc_1', 'mfcc_std', 'wav_approx_std', 'mfcc_2']",0.7587354409317804,0.6765578635014837,0.8636363636363636,0.8387636143892162,0.8848015488867377,0.8952007835455436,0.8746411483253589,0.9223818542996317,0.9637991436356559,0.9825396825396825,0.9457601222307105,0.9961211194680668
SGD,0.8690797475601012,0.8504903302409949,0.8964299116775898,0.9071810542398777,0.9113507562733648,"{'alpha': 0.0001, 'penalty': 'elasticnet', 'loss': 'log_loss', 'class_weight': 'balanced'}","['mfcc_mean', 'mfcc_1', 'wav_detail_lvl5_std', 'mfcc_std', 'wav_approx_std']",0.7636363636363637,0.6774193548387096,0.875,0.8225842347779656,0.8826653790439402,0.8908382066276803,0.8746411483253589,0.9158922730516376,0.9609375,0.9832134292565947,0.9396485867074102,0.9955757609904913
SGD,0.8690669197577954,0.8550423391187723,0.8873151014791881,0.9071810542398777,0.9172395829009609,"{'alpha': 0.0001, 'penalty': 'elasticnet', 'loss': 'log_loss', 'class_weight': 'balanced'}","['mfcc_1', 'mfcc_var', 'wav_approx_std', 'mfcc_2']",0.7647058823529411,0.7038216560509554,0.8371212121212122,0.8242613960052773,0.8843407900999524,0.8797348484848485,0.8889952153110048,0.9307891239915411,0.9581540868204927,0.9815705128205128,0.9358288770053476,0.9966682287060643
SGD,0.869063368804525,0.8505921263128071,0.8970997011244689,0.9125286478227654,0.9263399213336858,"{'alpha': 0.0001, 'penalty': 'l2', 'loss': 'log_loss', 'class_weight': 'balanced'}","['spec_skew', 'NDSI', 'mfcc_1', 'mfcc_var', 'wav_approx_std', 'mfcc_2']",0.7475409836065574,0.6589595375722543,0.8636363636363636,0.8443854555625269,0.8888888888888888,0.9015748031496063,0.876555023923445,0.9370916583309409,0.9707602339181286,0.9912420382165605,0.9511077158135982,0.9975426501075897
SGD,0.8689777317252995,0.8473708564149617,0.9159332153914198,0.906035141329259,0.949860121805258,"{'alpha': 0.0001, 'penalty': 'l2', 'loss': 'log_loss', 'class_weight': 'balanced'}","['mfcc_mean', 'mfcc_1', 'mfcc_std', 'mfcc_2']",0.7680722891566265,0.6375,0.9659090909090909,0.912487488278777,0.8739754098360656,0.9404630650496141,0.816267942583732,0.9408723509931533,0.9648854961832061,0.9641495041952708,0.9656226126814362,0.9962205261438437
SGD,0.8689195124956702,0.8516873918942186,0.8940890550797672,0.9136745607333843,0.9229370129227625,"{'alpha': 0.0001, 'penalty': 'elasticnet', 'loss': 'log_loss', 'class_weight': 'balanced'}","['spec_kurtosis', 'NDSI', 'mfcc_var', 'wav_approx_std', 'mfcc_2']",0.7441860465116279,0.6627218934911243,0.8484848484848485,0.8365656955449717,0.8906098741529526,0.901077375122429,0.8803827751196173,0.9349066724009532,0.9719626168224299,0.9912629070691025,0.9533995416348358,0.9973386708223625
SGD,0.8687607989183023,0.8469655283114945,0.9225381859282789,0.9121466768525592,0.8593704049951075,"{'alpha': 0.0001, 'penalty': 'elasticnet', 'loss': 'log_loss', 'class_weight': 'balanced'}","['NDSI', 'mfcc_var', 'mfcc_std', 'mfcc_2']",0.744927536231884,0.6032863849765259,0.9734848484848485,0.641029137785321,0.882172131147541,0.9492833517089305,0.8239234449760765,0.9391423758036729,0.9791827293754819,0.9883268482490273,0.9702062643239114,0.9979397013963285
SGD,0.8687583100111729,0.8491178705615582,0.900552629345199,0.9125286478227654,0.9279852747158621,"{'alpha': 0.0001, 'penalty': 'elasticnet', 'loss': 'log_loss', 'class_weight': 'balanced'}","['spec_skew', 'spec_kurtosis', 'NDSI', 'mfcc_1', 'mfcc_var', 'wav_approx_std', 'mfcc_2']",0.7459807073954984,0.6480446927374302,0.8787878787878788,0.8449607267553858,0.8879099363680861,0.908817635270541,0.8679425837320575,0.9412593793174796,0.9723842862699339,0.9904912836767037,0.9549274255156608,0.9977357180747212
SGD,0.8687205635928406,0.8501009374113239,0.8974803318456569,0.913292589763178,0.9266771139936445,"{'alpha': 0.0001, 'penalty': 'elasticnet', 'loss': 'log_loss', 'class_weight': 'balanced'}","['spec_skew', 'NDSI', 'mfcc_1', 'mfcc_var', 'mfcc_std', 'wav_approx_std', 'mfcc_2']",0.7438825448613376,0.6532951289398281,0.8636363636363636,0.8445154493924925,0.8895377128953771,0.904950495049505,0.8746411483253589,0.9378952383593998,0.9727414330218068,0.9920571882446386,0.9541634835752483,0.9976206542290413
SGD,0.8685953490547851,0.8507876026525528,0.8952873493895166,0.9140565317035906,0.923842632138094,"{'alpha': 0.0001, 'penalty': 'l2', 'loss': 'log_loss', 'class_weight': 'balanced'}","['NDSI', 'mfcc_1', 'mfcc_var', 'mfcc_std', 'wav_approx_std', 'mfcc_2']",0.7413509060955519,0.6559766763848397,0.8522727272727273,0.8302965986446629,0.8909355307804169,0.9027504911591355,0.8794258373205741,0.9432224531040418,0.9734996102883866,0.9936356404136834,0.9541634835752483,0.9980088446655776
SGD,0.8685157085377194,0.8520795518345162,0.8919604045765036,0.9144385026737968,0.9282583786522275,"{'alpha': 0.0001, 'penalty': 'elasticnet', 'loss': 'log_loss', 'class_weight': 'balanced'}","['mfcc_mean', 'NDSI', 'mfcc_1', 'mfcc_var', 'wav_approx_std', 'mfcc_2']",0.7403685092127303,0.6636636636636637,0.8371212121212122,0.8419690224691981,0.8921001926782274,0.8981571290009699,0.8861244019138756,0.9447352974231197,0.9730784237222005,0.9944178628389154,0.9526355996944232,0.9980708160643647
SGD,0.8684099877004633,0.8544919065341158,0.8868721491786508,0.9152024446142093,0.9246814513014626,"{'alpha': 0.0001, 'penalty': 'elasticnet', 'loss': 'log_loss', 'class_weight': 'balanced'}","['NDSI', 'mfcc_std', 'wav_approx_std', 'mfcc_2']",0.738831615120275,0.6761006289308176,0.8143939393939394,0.8334183898879036,0.8936781609195402,0.8945349952061361,0.8928229665071771,0.9426689542981921,0.9727201870615745,0.9928400954653938,0.9533995416348358,0.9979570097182925
SGD,0.8683374504664775,0.851456586332367,0.892762096864264,0.913292589763178,0.9224374735635021,"{'alpha': 0.0001, 'penalty': 'l2', 'loss': 'log_loss', 'class_weight': 'balanced'}","['spec_kurtosis', 'NDSI', 'mfcc_1', 'mfcc_std', 'wav_approx_std', 'mfcc_2']",0.7433333333333333,0.6636904761904762,0.8446969696969697,0.8351008477251308,0.8900726392251816,0.9009803921568628,0.8794258373205741,0.9349023739209594,0.9716063788409179,0.9896988906497622,0.9541634835752483,0.9973091990444161
SGD,0.86814050173143,0.8479191160695131,0.8999205902456676,0.9048892284186402,0.9141481712759969,"{'alpha': 0.0001, 'penalty': 'elasticnet', 'loss': 'log_loss', 'class_weight': 'balanced'}","['mfcc_mean', 'mfcc_1', 'wav_detail_lvl5_std', 'mfcc_var', 'mfcc_std', 'wav_approx_std']",0.7669902912621359,0.6694915254237288,0.8977272727272727,0.824286804527081,0.878239608801956,0.898,0.8593301435406698,0.9226408709948428,0.9591916051301982,0.9762658227848101,0.9427043544690603,0.9955168383060669
SGD,0.8681338874176309,0.8542043949182722,0.88661750186518,0.9148204736440031,0.923387272260479,"{'alpha': 0.0001, 'penalty': 'l2', 'loss': 'log_loss', 'class_weight': 'balanced'}","['NDSI', 'mfcc_1', 'wav_approx_std', 'mfcc_2']",0.738831615120275,0.6761006289308176,0.8143939393939394,0.8311118494830807,0.8932503590234562,0.8936781609195402,0.8928229665071771,0.9411184774571989,0.9723196881091618,0.9928343949044586,0.9526355996944232,0.9979314898411575
SGD,0.8681018741371798,0.848473671167553,0.8977973007384771,0.9048892284186402,0.9139237368956504,"{'alpha': 0.0001, 'penalty': 'l2', 'loss': 'log_loss', 'class_weight': 'balanced'}","['mfcc_mean', 'NDSI', 'wav_detail_lvl5_std', 'wav_approx_std', 'mfcc_2']",0.7659574468085106,0.6743515850144092,0.8863636363636364,0.8280823376382054,0.8798842257597684,0.8871595330739299,0.8727272727272727,0.9180021504822793,0.9584639498432602,0.9839098954143202,0.9343009931245225,0.9956867225664668
SGD,0.8680355854329483,0.8461682151592457,0.9130294542059249,0.9102368220015279,0.9060986444930469,"{'alpha': 0.0001, 'penalty': 'elasticnet', 'loss': 'log_loss', 'class_weight': 'balanced'}","['mfcc_mean', 'spec_kurtosis', 'NDSI', 'mfcc_std', 'mfcc_2']",0.7492447129909365,0.6231155778894473,0.9393939393939394,0.7800714514154328,0.8814926878466969,0.9317697228144989,0.8363636363636363,0.9411562505855685,0.9733693554612118,0.983619344773791,0.9633307868601986,0.9970682314781392
SGD,0.8679619872573178,0.8470563080275141,0.9007303240275376,0.9025974025974026,0.8865842283602433,"{'alpha': 0.0001, 'penalty': 'elasticnet', 'loss': 'log_loss', 'class_weight': 'balanced'}","['spec_kurtosis', 'mfcc_1', 'wav_detail_lvl5_std', 'wav_approx_std']",0.7722132471728594,0.6732394366197183,0.9053030303030303,0.7673852041978129,0.87627365356623,0.8887795275590551,0.8641148325358852,0.8976588016613404,0.9553990610328639,0.9791499599037691,0.9327731092436975,0.9947086792215769
SGD,0.8678136836810157,0.8437900325908568,0.9145096475591833,0.9041252864782277,0.8874535979259909,"{'alpha': 0.0001, 'penalty': 'elasticnet', 'loss': 'log_loss', 'class_weight': 'balanced'}","['mfcc_mean', 'spec_skew', 'spec_kurtosis', 'mfcc_1', 'wav_detail_lvl5_std', 'mfcc_std']",0.7655068078668684,0.6372795969773299,0.9583333333333334,0.7542927065846744,0.8754342431761787,0.9092783505154639,0.8440191387559809,0.9121563086819083,0.9625,0.9848121502797762,0.9411764705882353,0.9959117785113898
SGD,0.8677645621624275,0.8488949795611543,0.8972123937294216,0.9117647058823529,0.9265101680885253,"{'alpha': 0.0001, 'penalty': 'elasticnet', 'loss': 'log_loss', 'class_weight': 'balanced'}","['spec_skew', 'spec_kurtosis', 'NDSI', 'mfcc_1', 'mfcc_std', 'wav_approx_std', 'mfcc_2']",0.7447154471544716,0.6524216524216524,0.8674242424242424,0.8412103229547089,0.8873720136518771,0.904572564612326,0.8708133971291866,0.9408148896513379,0.9712062256809338,0.9896907216494846,0.9533995416348358,0.9975052916595291
SGD,0.867617103612511,0.8495037819754536,0.8952097266338752,0.9129106187929718,0.9243536814690705,"{'alpha': 0.0001, 'penalty': 'elasticnet', 'loss': 'log_loss', 'class_weight': 'balanced'}","['spec_kurtosis', 'NDSI', 'mfcc_1', 'mfcc_var', 'wav_approx_std', 'mfcc_2']",0.740983606557377,0.653179190751445,0.8560606060606061,0.8397690721390163,0.8891050583657587,0.904055390702275,0.8746411483253589,0.9358042201554568,0.9727626459143969,0.9912767644726408,0.9549274255156608,0.9974877521127382
SGD,0.8674928386625478,0.8480892818289826,0.8987296673055187,0.9125286478227654,0.9263565057262273,"{'alpha': 0.0001, 'penalty': 'l2', 'loss': 'log_loss', 'class_weight': 'balanced'}","['mfcc_mean', 'NDSI', 'mfcc_1', 'mfcc_var', 'mfcc_std', 'wav_approx_std', 'mfcc_2']",0.7407407407407407,0.6442577030812325,0.8712121212121212,0.8390064041371355,0.8882381649585164,0.9063745019920318,0.8708133971291866,0.9420230269077593,0.9734996102883866,0.9936356404136834,0.9541634835752483,0.998040086133787
SGD,0.8674078250523248,0.846375668685201,0.9033575471655967,0.9041252864782277,0.8973535392663576,"{'alpha': 0.0001, 'penalty': 'l2', 'loss': 'log_loss', 'class_weight': 'balanced'}","['wav_detail_lvl5_std', 'mfcc_var', 'mfcc_std', 'wav_approx_std']",0.7670364500792393,0.659400544959128,0.9166666666666666,0.798439019797393,0.8753104818678589,0.9101239669421488,0.8430622009569378,0.9082726015060693,0.9598765432098766,0.9696024941543258,0.9503437738731857,0.9853489964956105
SGD,0.8673935224059411,0.8463911993471216,0.9004756767140668,0.9022154316271963,0.8873606339216776,"{'alpha': 0.0001, 'penalty': 'elasticnet', 'loss': 'log_loss', 'class_weight': 'balanced'}","['spec_kurtosis', 'wav_detail_lvl5_std', 'mfcc_std', 'wav_approx_std']",0.7709677419354839,0.6713483146067416,0.9053030303030303,0.7686761996965016,0.8758486905916586,0.887905604719764,0.8641148325358852,0.8987550533686386,0.9553641346906813,0.9799196787148594,0.932009167303285,0.9946506486998927
SGD,0.8673072093346689,0.8449713351467513,0.9111475212094406,0.9094728800611154,0.9272001872288239,"{'alpha': 0.0001, 'penalty': 'l2', 'loss': 'log_loss', 'class_weight': 'balanced'}","['mfcc_mean', 'spec_skew', 'spec_kurtosis', 'NDSI', 'mfcc_1', 'mfcc_var', 'mfcc_std', 'wav_approx_std', 'mfcc_2']",0.7477203647416414,0.6243654822335025,0.9318181818181818,0.8458302476740758,0.8817955112219451,0.9208333333333333,0.845933014354067,0.9378953346458807,0.9724057520404198,0.9897151898734177,0.9556913674560733,0.9978749793665153
SGD,0.8670795100566103,0.8445463444578664,0.9160911414007389,0.9079449961802903,0.8869753336015781,"{'alpha': 0.0001, 'penalty': 'l2', 'loss': 'log_loss', 'class_weight': 'balanced'}","['mfcc_mean', 'spec_skew', 'spec_kurtosis', 'mfcc_var', 'mfcc_std', 'mfcc_2']",0.7518573551263001,0.6185819070904646,0.9583333333333334,0.7306603833216165,0.8779746835443037,0.932258064516129,0.8296650717703349,0.9349167063473884,0.9714064914992272,0.9827990617670055,0.9602750190985485,0.9953489111357294
SGD,0.8669918502920299,0.8500849034317461,0.8912985449363159,0.9110007639419404,0.9221745492711935,"{'alpha': 0.0001, 'penalty': 'l2', 'loss': 'log_loss', 'class_weight': 'balanced'}","['spec_kurtosis', 'NDSI', 'mfcc_std', 'wav_approx_std', 'mfcc_2']",0.7445742904841403,0.6656716417910448,0.8446969696969697,0.834374666471984,0.8876025084418717,0.8949416342412452,0.8803827751196173,0.9348796000236873,0.968798751950078,0.9896414342629483,0.9488158899923606,0.997269381317909
SGD,0.8668646310669007,0.8513483807621092,0.8879344082130459,0.907563025210084,0.9151472961806612,"{'alpha': 0.0001, 'penalty': 'elasticnet', 'loss': 'log_loss', 'class_weight': 'balanced'}","['mfcc_1', 'mfcc_var', 'mfcc_std', 'wav_approx_std', 'mfcc_2']",0.7551020408163265,0.6851851851851852,0.8409090909090909,0.8201211199885908,0.8836538461538461,0.8879227053140096,0.8794258373205741,0.9286115737573242,0.9618380062305296,0.9809372517871326,0.9434682964094728,0.9967091947960688
SGD,0.8666853642213471,0.849906768267795,0.8911294501851778,0.9136745607333843,0.9261783927295838,"{'alpha': 0.0001, 'penalty': 'elasticnet', 'loss': 'log_loss', 'class_weight': 'balanced'}","['mfcc_mean', 'NDSI', 'mfcc_var', 'mfcc_std', 'wav_approx_std', 'mfcc_2']",0.7354409317803661,0.655786350148368,0.8371212121212122,0.835751617376999,0.8907156673114119,0.9002932551319648,0.8813397129186603,0.944743397084195,0.9738994935722634,0.9936406995230525,0.9549274255156608,0.9980401637275577
SGD,0.8665066846414365,0.8485714126750223,0.8936924530577781,0.9121466768525592,0.922726378213357,"{'alpha': 0.0001, 'penalty': 'l2', 'loss': 'log_loss', 'class_weight': 'balanced'}","['spec_kurtosis', 'NDSI', 'mfcc_var', 'mfcc_std', 'wav_approx_std', 'mfcc_2']",0.7389162561576355,0.6521739130434783,0.8522727272727273,0.8349678100440276,0.8882410106899903,0.9022704837117473,0.8746411483253589,0.935705820699934,0.9723627870766836,0.9912698412698413,0.9541634835752483,0.9975055038961094
SGD,0.8664423215281251,0.849708020208928,0.890684487511113,0.9129106187929718,0.9259086443046791,"{'alpha': 0.0001, 'penalty': 'l2', 'loss': 'log_loss', 'class_weight': 'balanced'}","['mfcc_mean', 'NDSI', 'mfcc_1', 'mfcc_std', 'wav_approx_std', 'mfcc_2']",0.7366666666666667,0.6577380952380952,0.8371212121212122,0.8364316286332306,0.88996138996139,0.8977604673807206,0.8822966507177034,0.9433255454392003,0.9726989079563183,0.9936254980079682,0.9526355996944232,0.9979687588416064
SGD,0.8663750476944437,0.8432368147741061,0.9109226944366263,0.9048892284186402,0.8931076473290894,"{'alpha': 0.0001, 'penalty': 'elasticnet', 'loss': 'log_loss', 'class_weight': 'balanced'}","['mfcc_mean', 'NDSI', 'wav_detail_lvl5_std', 'mfcc_2']",0.7579908675799086,0.6335877862595419,0.9431818181818182,0.7668324035109211,0.8761810044753854,0.912008281573499,0.8430622009569378,0.916618134495958,0.9649532710280374,0.9841143764892772,0.946524064171123,0.9958724039803891
SGD,0.866115200158165,0.8425861592332634,0.9115500426645937,0.9041252864782277,0.9001861211064476,"{'alpha': 0.0001, 'penalty': 'elasticnet', 'loss': 'log_loss', 'class_weight': 'balanced'}","['mfcc_mean', 'spec_skew', 'spec_kurtosis', 'mfcc_1', 'wav_detail_lvl5_std', 'mfcc_var']",0.7587253414264037,0.6329113924050633,0.946969696969697,0.7912934849501086,0.8755577590480912,0.9084362139917695,0.8449760765550239,0.9132336292823845,0.9640625,0.9864108713029577,0.9427043544690603,0.9960312490868493
SGD,0.866115200158165,0.8425861592332634,0.9115500426645937,0.9041252864782277,0.9013527292702901,"{'alpha': 0.0001, 'penalty': 'elasticnet', 'loss': 'log_loss', 'class_weight': 'balanced'}","['mfcc_mean', 'spec_skew', 'spec_kurtosis', 'mfcc_1', 'wav_detail_lvl5_std', 'mfcc_var', 'mfcc_std']",0.7587253414264037,0.6329113924050633,0.946969696969697,0.793539176142317,0.8755577590480912,0.9084362139917695,0.8449760765550239,0.9145025107418004,0.9640625,0.9864108713029577,0.9427043544690603,0.9960165009267531
SGD,0.8659981020127535,0.842742635415028,0.9097270806249135,0.9041252864782277,0.8928008281976337,"{'alpha': 0.0001, 'penalty': 'l2', 'loss': 'log_loss', 'class_weight': 'balanced'}","['mfcc_mean', 'spec_skew', 'mfcc_1', 'wav_detail_lvl5_std', 'mfcc_var', 'mfcc_std']",0.7584097859327217,0.6358974358974359,0.9393939393939394,0.7727571915398582,0.8759268413247652,0.9059304703476483,0.8478468899521531,0.909851195837126,0.9636576787807737,0.9864,0.9419404125286478,0.9957940972159168
SGD,0.8659911947894449,0.8482010806333932,0.8924835484433008,0.9102368220015279,0.921147652596508,"{'alpha': 0.0001, 'penalty': 'l2', 'loss': 'log_loss', 'class_weight': 'balanced'}","['spec_kurtosis', 'NDSI', 'mfcc_1', 'wav_approx_std', 'mfcc_2']",0.7425742574257426,0.6578947368421053,0.8522727272727273,0.8326472816966184,0.8861985472154964,0.8970588235294118,0.8755980861244019,0.9335471816443787,0.9692007797270955,0.9896496815286624,0.9495798319327731,0.997248494448527
SGD,0.8658559368549094,0.8438468573772884,0.9154505023700071,0.907563025210084,0.9096671230286789,"{'alpha': 0.0001, 'penalty': 'elasticnet', 'loss': 'log_loss', 'class_weight': 'balanced'}","['mfcc_mean', 'spec_skew', 'spec_kurtosis', 'NDSI', 'mfcc_1', 'mfcc_var', 'mfcc_2']",0.7485207100591716,0.6140776699029126,0.9583333333333334,0.7885053341186375,0.8767820773930753,0.9368879216539717,0.8239234449760765,0.9426945658531256,0.9722650231124808,0.9805749805749806,0.9640947288006112,0.9978014691142737
SGD,0.8657936771045392,0.8451973442496227,0.9130724538619276,0.9102368220015279,0.909458254976526,"{'alpha': 0.0001, 'penalty': 'l2', 'loss': 'log_loss', 'class_weight': 'balanced'}","['mfcc_mean', 'spec_skew', 'spec_kurtosis', 'NDSI', 'mfcc_var', 'mfcc_2']",0.7410714285714286,0.6102941176470589,0.9431818181818182,0.7832307870059337,0.8796722990271377,0.9460352422907489,0.8220095693779904,0.9478286187906921,0.9766373037150518,0.9792626728110599,0.974025974025974,0.9973153591329524
SGD,0.8657680771709053,0.8417582738504675,0.9129790831803216,0.9022154316271963,0.8865138739251596,"{'alpha': 0.0001, 'penalty': 'elasticnet', 'loss': 'log_loss', 'class_weight': 'balanced'}","['mfcc_mean', 'spec_skew', 'NDSI', 'wav_detail_lvl5_std', 'mfcc_2']",0.7631975867269984,0.6340852130325815,0.9583333333333334,0.752868514574639,0.8727634194831014,0.9079627714581179,0.8401913875598086,0.9109785933229442,0.9613432253026162,0.9832268370607029,0.9404125286478228,0.9956945138778953
SGD,0.8657548238705329,0.8428600569752888,0.9093543797104168,0.9052711993888465,0.884412984122274,"{'alpha': 0.0001, 'penalty': 'elasticnet', 'loss': 'log_loss', 'class_weight': 'balanced'}","['mfcc_mean', 'spec_skew', 'spec_kurtosis', 'wav_detail_lvl5_std', 'mfcc_var', 'mfcc_std']",0.7541984732824427,0.6317135549872123,0.9356060606060606,0.7474739287109897,0.876984126984127,0.9104016477857878,0.845933014354067,0.9098842243371763,0.9660818713450292,0.9864649681528662,0.946524064171123,0.9958807993186558
SGD,0.8657125899333405,0.8430004209468455,0.9138875486398707,0.9071810542398777,0.9145840003501154,"{'alpha': 0.0001, 'penalty': 'elasticnet', 'loss': 'log_loss', 'class_weight': 'balanced'}","['spec_kurtosis', 'NDSI', 'mfcc_1', 'mfcc_var', 'mfcc_2']",0.7481371087928465,0.6167076167076168,0.9507575757575758,0.8097619342857464,0.8777050830397585,0.9256900212314225,0.8344497607655502,0.9367025553909065,0.9712955779674166,0.9866036249014972,0.9564553093964858,0.9972875113736934
SGD,0.8657125156039972,0.8427093723413358,0.9084001224094104,0.9037433155080213,0.8895385831289295,"{'alpha': 0.0001, 'penalty': 'elasticnet', 'loss': 'log_loss', 'class_weight': 'balanced'}","['mfcc_mean', 'spec_kurtosis', 'mfcc_1', 'wav_detail_lvl5_std', 'mfcc_var', 'mfcc_std']",0.7588325652841782,0.6382428940568475,0.9356060606060606,0.7696064489908769,0.8753709198813057,0.9058341862845445,0.84688995215311,0.9036104900957506,0.962934061646508,0.9840510366826156,0.9427043544690603,0.995398810300161
SGD,0.8656873186046758,0.8424477109911157,0.9094081013585659,0.9037433155080213,0.8921452440099462,"{'alpha': 0.0001, 'penalty': 'l2', 'loss': 'log_loss', 'class_weight': 'balanced'}","['mfcc_mean', 'spec_skew', 'mfcc_1', 'wav_detail_lvl5_std', 'mfcc_var']",0.7584097859327217,0.6358974358974359,0.9393939393939394,0.7712425984063416,0.8753709198813057,0.9058341862845445,0.84688995215311,0.9093669446236973,0.96328125,0.9856115107913669,0.9419404125286478,0.9958261889997999
SGD,0.8656070396940088,0.8428004164721319,0.9157105106795509,0.9071810542398777,0.9154281926386864,"{'alpha': 0.0001, 'penalty': 'elasticnet', 'loss': 'log_loss', 'class_weight': 'balanced'}","['spec_skew', 'spec_kurtosis', 'NDSI', 'mfcc_1', 'mfcc_var', 'mfcc_std', 'mfcc_2']",0.7474150664697193,0.612590799031477,0.9583333333333334,0.8057019859394643,0.8773346794548208,0.9284188034188035,0.8315789473684211,0.9427366309044148,0.9720713731574864,0.987391646966115,0.9572192513368984,0.9978459610721802
SGD,0.8656070396940088,0.8428004164721319,0.9157105106795509,0.9071810542398777,0.9098025181581374,"{'alpha': 0.0001, 'penalty': 'elasticnet', 'loss': 'log_loss', 'class_weight': 'balanced'}","['spec_skew', 'spec_kurtosis', 'NDSI', 'mfcc_1', 'mfcc_var', 'mfcc_2']",0.7474150664697193,0.612590799031477,0.9583333333333334,0.7904374855047274,0.8773346794548208,0.9284188034188035,0.8315789473684211,0.9411529951213671,0.9720713731574864,0.987391646966115,0.9572192513368984,0.9978170738483176
SGD,0.8655888585226942,0.8455897947105405,0.896682436930115,0.9018334606569901,0.8825621474131836,"{'alpha': 0.0001, 'penalty': 'elasticnet', 'loss': 'log_loss', 'class_weight': 'balanced'}","['mfcc_mean', 'mfcc_1', 'mfcc_var', 'mfcc_std']",0.7662337662337663,0.6704545454545454,0.8939393939393939,0.7472260845260779,0.8744504152418173,0.8932135728542914,0.8564593301435407,0.9063762261373604,0.9560823940924991,0.9731012658227848,0.9396485867074102,0.9940841315761128
SGD,0.8655843708745868,0.8466501398423595,0.8952501574792597,0.9102368220015279,0.9219756071243181,"{'alpha': 0.001, 'penalty': 'l2', 'loss': 'log_loss', 'class_weight': 'balanced'}","['spec_skew', 'spec_kurtosis', 'NDSI', 'mfcc_1', 'mfcc_var', 'mfcc_std', 'wav_approx_std', 'mfcc_2']",0.7402597402597403,0.6477272727272727,0.8636363636363636,0.8365876699302291,0.8857559552746719,0.900197628458498,0.8717703349282296,0.9317783289774433,0.9707374170893485,0.9920255183413078,0.9503437738731857,0.9975608224652821
SGD,0.8655340705411305,0.8465657332803409,0.8956307882004477,0.9110007639419404,0.9202175882745006,"{'alpha': 0.001, 'penalty': 'l2', 'loss': 'log_loss', 'class_weight': 'balanced'}","['spec_kurtosis', 'NDSI', 'mfcc_1', 'mfcc_var', 'mfcc_std', 'wav_approx_std', 'mfcc_2']",0.7378640776699029,0.6440677966101694,0.8636363636363636,0.8320023605734294,0.886396879570941,0.9035785288270378,0.8698564593301435,0.931211783249023,0.9723412543825477,0.9920508744038156,0.9533995416348358,0.9974386210010496
SGD,0.8655299359503137,0.8435349058949825,0.911399488024875,0.9102368220015279,0.9023432680216074,"{'alpha': 0.0001, 'penalty': 'elasticnet', 'loss': 'log_loss', 'class_weight': 'balanced'}","['spec_skew', 'spec_kurtosis', 'NDSI', 'mfcc_1', 'mfcc_var', 'mfcc_std']",0.7376311844077961,0.6104218362282878,0.9318181818181818,0.7795512486320222,0.8826479438314945,0.9272918861959958,0.8421052631578947,0.9294837411621287,0.9763106796116505,0.9928909952606635,0.9602750190985485,0.9979948142706714
SGD,0.8654415372502483,0.8462790250407534,0.8961911239775017,0.9106187929717342,0.9259194624585069,"{'alpha': 0.0001, 'penalty': 'l2', 'loss': 'log_loss', 'class_weight': 'balanced'}","['spec_skew', 'spec_kurtosis', 'NDSI', 'mfcc_var', 'mfcc_std', 'wav_approx_std', 'mfcc_2']",0.7387096774193549,0.6432584269662921,0.8674242424242424,0.8390703214773507,0.8856304985337243,0.9050949050949051,0.8669856459330143,0.9409352244039333,0.9719844357976654,0.9904837430610627,0.9541634835752483,0.9977528414942367
SGD,0.8653620625706137,0.8425851143759816,0.9145122163698015,0.9067990832696715,0.9152274988466788,"{'alpha': 0.0001, 'penalty': 'elasticnet', 'loss': 'log_loss', 'class_weight': 'balanced'}","['spec_skew', 'NDSI', 'mfcc_1', 'mfcc_var', 'mfcc_2']",0.7477744807121661,0.6146341463414634,0.9545454545454546,0.8107504298244717,0.8770161290322581,0.9265175718849841,0.8325358851674641,0.9374836241783181,0.9712955779674166,0.9866036249014972,0.9564553093964858,0.9974484425372463
SGD,0.86523610841679,0.8417693471421136,0.9087595325211425,0.9014514896867838,0.8794325363472074,"{'alpha': 0.0001, 'penalty': 'elasticnet', 'loss': 'log_loss', 'class_weight': 'balanced'}","['mfcc_mean', 'spec_kurtosis', 'mfcc_1', 'wav_detail_lvl5_std', 'mfcc_std']",0.7638036809815951,0.6417525773195877,0.9431818181818182,0.7404252321022011,0.8725296442687747,0.9019407558733401,0.8449760765550239,0.9025376274378271,0.959375,0.9816147082334132,0.9381207028265852,0.995334749501594
SGD,0.8652252919437048,0.8417999595712046,0.9111023994924924,0.9037433155080213,0.890520685723663,"{'alpha': 0.0001, 'penalty': 'l2', 'loss': 'log_loss', 'class_weight': 'balanced'}","['spec_skew', 'spec_kurtosis', 'mfcc_1', 'wav_detail_lvl5_std', 'mfcc_var', 'mfcc_std']",0.75642965204236,0.6297229219143576,0.946969696969697,0.7695139243426056,0.8747514910536779,0.9100310237849017,0.8421052631578947,0.907246620439294,0.9644947327350761,0.9856459330143541,0.9442322383498855,0.9948015123890894
SGD,0.8651631445042098,0.8455504599750377,0.8953687695173763,0.9025974025974026,0.8836744765039759,"{'alpha': 0.0001, 'penalty': 'elasticnet', 'loss': 'log_loss', 'class_weight': 'balanced'}","['mfcc_mean', 'wav_detail_lvl5_std', 'mfcc_var']",0.762214983713355,0.6685714285714286,0.8863636363636364,0.7354564529883111,0.8756704046806436,0.8926441351888668,0.8593301435406698,0.9203244934007851,0.9576040451186308,0.9754358161648178,0.9404125286478228,0.9952424831228316
SGD,0.8650840877796053,0.8418927780969948,0.9090247901393412,0.9033613445378151,0.881302348115026,"{'alpha': 0.0001, 'penalty': 'elasticnet', 'loss': 'log_loss', 'class_weight': 'balanced'}","['mfcc_mean', 'spec_skew', 'spec_kurtosis', 'mfcc_1', 'wav_detail_lvl5_std']",0.7572519083969466,0.6342710997442456,0.9393939393939394,0.7380552722408262,0.8746904408122833,0.9065708418891171,0.8449760765550239,0.9099458997825628,0.9633099141295862,0.9848363926576217,0.9427043544690603,0.9959058723216886
SGD,0.8649652375529556,0.8432768362874885,0.9149518180477934,0.9083269671504965,0.8800344750202407,"{'alpha': 0.0001, 'penalty': 'l2', 'loss': 'log_loss', 'class_weight': 'balanced'}","['mfcc_mean', 'spec_skew', 'NDSI', 'mfcc_1', 'mfcc_2']",0.7422680412371134,0.6072289156626506,0.9545454545454546,0.704310643072174,0.8776758409785933,0.9389312977099237,0.8239234449760765,0.9386045997809402,0.9749518304431599,0.9836702954898912,0.9663865546218487,0.997188182207608
SGD,0.8647790427711431,0.8423129864495671,0.9033416875522139,0.900305576776165,0.8962728105234792,"{'alpha': 0.0001, 'penalty': 'elasticnet', 'loss': 'log_loss', 'class_weight': 'balanced'}","['spec_kurtosis', 'mfcc_1', 'wav_detail_lvl5_std', 'mfcc_var', 'wav_approx_std']",0.7660910518053375,0.6541554959785523,0.9242424242424242,0.7963002572405755,0.8719960765080922,0.8943661971830986,0.8507177033492823,0.8982319646521841,0.95625,0.9784172661870504,0.935064935064935,0.9942862096776778
SGD,0.864673071145623,0.8416928399522517,0.9062475707986545,0.9018334606569901,0.8776652809790321,"{'alpha': 0.001, 'penalty': 'l2', 'loss': 'log_loss', 'class_weight': 'balanced'}","['mfcc_mean', 'spec_skew', 'spec_kurtosis', 'wav_detail_lvl5_std', 'mfcc_std']",0.7604327666151468,0.6422976501305483,0.9318181818181818,0.7393517328764816,0.8734613490891187,0.8995943204868154,0.8488038277511962,0.898745802188145,0.9601250977326036,0.9831865492393915,0.9381207028265852,0.9948983078724697
SGD,0.8646418785464322,0.8417060743135311,0.9061832388457775,0.9018334606569901,0.8778757355265753,"{'alpha': 0.001, 'penalty': 'l2', 'loss': 'log_loss', 'class_weight': 'balanced'}","['mfcc_mean', 'spec_skew', 'spec_kurtosis', 'wav_detail_lvl5_std', 'mfcc_var']",0.7604327666151468,0.6422976501305483,0.9318181818181818,0.7408885793282451,0.8733366190241498,0.9004065040650406,0.8478468899521531,0.8979035993335429,0.96015625,0.982414068745004,0.9388846447669977,0.994835027917938
SGD,0.8643407792875495,0.8404041188558793,0.9122767926947493,0.9014514896867838,0.8910696091685678,"{'alpha': 0.0001, 'penalty': 'l2', 'loss': 'log_loss', 'class_weight': 'balanced'}","['mfcc_mean', 'spec_skew', 'spec_kurtosis', 'NDSI', 'wav_detail_lvl5_std', 'mfcc_2']",0.7597597597597597,0.6293532338308457,0.9583333333333334,0.764616524558376,0.8715139442231076,0.9086188992731049,0.8373205741626795,0.9129198334491228,0.9617486338797814,0.9832402234636871,0.9411764705882353,0.9956724694982046
SGD,0.8643171334588895,0.8417495091963159,0.9131852581542984,0.9064171122994652,0.9203739083166931,"{'alpha': 0.0001, 'penalty': 'elasticnet', 'loss': 'log_loss', 'class_weight': 'balanced'}","['spec_kurtosis', 'NDSI', 'mfcc_1', 'mfcc_var', 'mfcc_std', 'mfcc_2']",0.744807121661721,0.6121951219512195,0.9507575757575758,0.8256299677977869,0.8764498234997479,0.9264392324093816,0.8315789473684211,0.9381629175777645,0.9716944552151997,0.9866141732283464,0.9572192513368984,0.997328839574528
SGD,0.8641760699856377,0.8438973737093809,0.9046466433463337,0.9098548510313216,0.8892372961914251,"{'alpha': 0.0001, 'penalty': 'elasticnet', 'loss': 'log_loss', 'class_weight': 'balanced'}","['mfcc_mean', 'spec_kurtosis', 'NDSI', 'mfcc_var', 'mfcc_std', 'mfcc_2']",0.7361963190184049,0.6185567010309279,0.9090909090909091,0.7322771704161766,0.8809283551967709,0.9316969050160085,0.8354066985645933,0.9380693558603935,0.9754035357417371,0.9814385150812065,0.9694423223834988,0.9973653622977052
SGD,0.8638282456949017,0.8404113150019178,0.9085665366625119,0.9014514896867838,0.8815818275925388,"{'alpha': 0.0001, 'penalty': 'elasticnet', 'loss': 'log_loss', 'class_weight': 'balanced'}","['mfcc_mean', 'spec_skew', 'mfcc_1', 'wav_detail_lvl5_std', 'mfcc_std']",0.7579908675799086,0.6335877862595419,0.9431818181818182,0.7413259905990642,0.8721506442021804,0.9044193216855088,0.8421052631578947,0.9076143722373714,0.9613432253026162,0.9832268370607029,0.9404125286478228,0.9958051199411808
SGD,0.8637739084559376,0.8427251251619926,0.8991273862016896,0.9018334606569901,0.8839732869881888,"{'alpha': 0.0001, 'penalty': 'elasticnet', 'loss': 'log_loss', 'class_weight': 'balanced'}","['mfcc_mean', 'wav_detail_lvl5_std', 'mfcc_std']",0.7587301587301587,0.6530054644808743,0.9053030303030303,0.7363788675834947,0.8733366190241498,0.9004065040650406,0.8478468899521531,0.9203340521003938,0.959254947613504,0.9747634069400631,0.9442322383498855,0.9952069412806779
SGD,0.8636312552529016,0.8420430010361568,0.9048343898963095,0.907563025210084,0.8965789354683947,"{'alpha': 0.0001, 'penalty': 'elasticnet', 'loss': 'log_loss', 'class_weight': 'balanced'}","['spec_skew', 'NDSI', 'mfcc_1', 'mfcc_var']",0.7392638036809815,0.6211340206185567,0.9128787878787878,0.776693738284896,0.8796019900497513,0.9160621761658031,0.845933014354067,0.9152631431417667,0.972027972027972,0.9889328063241106,0.9556913674560733,0.997779924978522
SGD,0.8636174135279681,0.8409682782756773,0.9132362993044106,0.9052711993888465,0.9212784819149172,"{'alpha': 0.0001, 'penalty': 'l2', 'loss': 'log_loss', 'class_weight': 'balanced'}","['spec_skew', 'NDSI', 'mfcc_1', 'mfcc_var', 'mfcc_std', 'mfcc_2']",0.7455621301775148,0.6116504854368932,0.9545454545454546,0.827058614529883,0.8747474747474747,0.9262032085561497,0.8287081339712918,0.9392979880853946,0.9705426356589147,0.985051140833989,0.9564553093964858,0.9974788431294741
SGD,0.8635324308624015,0.8400507302310354,0.9099551463328552,0.9022154316271963,0.8952291493420225,"{'alpha': 0.0001, 'penalty': 'elasticnet', 'loss': 'log_loss', 'class_weight': 'balanced'}","['spec_skew', 'spec_kurtosis', 'mfcc_1', 'wav_detail_lvl5_std', 'mfcc_var']",0.7541478129713424,0.6265664160401002,0.946969696969697,0.7817150911356567,0.8727634194831014,0.9079627714581179,0.8401913875598086,0.9091459780862046,0.9636860601327606,0.9856230031948882,0.9427043544690603,0.9948263788042061
SGD,0.8635218461388936,0.840570840274466,0.9060545749400238,0.9018334606569901,0.8860650393405929,"{'alpha': 0.0001, 'penalty': 'l2', 'loss': 'log_loss', 'class_weight': 'balanced'}","['mfcc_mean', 'spec_kurtosis', 'mfcc_1', 'wav_detail_lvl5_std', 'mfcc_var']",0.7557603686635944,0.6356589147286822,0.9318181818181818,0.7604511930941167,0.8730864197530864,0.9020408163265307,0.845933014354067,0.9023630232125102,0.96171875,0.9840127897681854,0.9404125286478228,0.9953809017151517
SGD,0.8634754895447266,0.8431936598761629,0.8990438440128843,0.907563025210084,0.8729586938298951,"{'alpha': 0.0001, 'penalty': 'elasticnet', 'loss': 'log_loss', 'class_weight': 'balanced'}","['wav_detail_lvl5_std', 'wav_approx_std', 'mfcc_2']",0.7401574803149606,0.633423180592992,0.8901515151515151,0.7434917853668782,0.8800792864222002,0.9126413155190134,0.8497607655502393,0.8859357162093489,0.9701897018970189,0.9835164835164835,0.9572192513368984,0.9894485799134582
SGD,0.863432881529571,0.8410738406291371,0.903478281264659,0.9022154316271963,0.8768104744401711,"{'alpha': 0.001, 'penalty': 'l2', 'loss': 'log_loss', 'class_weight': 'balanced'}","['mfcc_mean', 'spec_skew', 'wav_detail_lvl5_std', 'mfcc_var', 'mfcc_std']",0.7546583850931677,0.6394736842105263,0.9204545454545454,0.733434669634077,0.8738916256157635,0.9005076142131979,0.8488038277511962,0.9019260014560976,0.9617486338797814,0.9832402234636871,0.9411764705882353,0.9950707522303391
SGD,0.8632578678538597,0.8398425067154985,0.9082475573961641,0.9010695187165776,0.8831119804518931,"{'alpha': 0.0001, 'penalty': 'elasticnet', 'loss': 'log_loss', 'class_weight': 'balanced'}","['mfcc_mean', 'spec_skew', 'spec_kurtosis', 'wav_detail_lvl5_std', 'mfcc_2']",0.756838905775076,0.631979695431472,0.9431818181818182,0.7442890147756898,0.8715914724838869,0.904320987654321,0.8411483253588516,0.9095669073263838,0.9613432253026162,0.9832268370607029,0.9404125286478228,0.9954800192536057
SGD,0.8631454472357826,0.8442729250031479,0.8916585134851389,0.9025974025974026,0.9062495841783562,"{'alpha': 0.0001, 'penalty': 'elasticnet', 'loss': 'log_loss', 'class_weight': 'balanced'}","['mfcc_mean', 'wav_detail_lvl5_std', 'mfcc_var', 'mfcc_std', 'wav_approx_std']",0.7540983606557377,0.6647398843930635,0.8712121212121212,0.8098223683036554,0.87627365356623,0.8887795275590551,0.8641148325358852,0.9133638589915037,0.9590643274853801,0.9792993630573248,0.9396485867074102,0.9955625252399094
SGD,0.8629655426245325,0.8410705616644952,0.9003177507047476,0.900305576776165,0.897860380257523,"{'alpha': 0.0001, 'penalty': 'elasticnet', 'loss': 'log_loss', 'class_weight': 'balanced'}","['spec_kurtosis', 'mfcc_1', 'wav_detail_lvl5_std', 'mfcc_var', 'mfcc_std', 'wav_approx_std']",0.7590551181102362,0.6495956873315364,0.9128787878787878,0.801180044321098,0.8719960765080922,0.8943661971830986,0.8507177033492823,0.8983077970601533,0.9578454332552693,0.9792498004788508,0.9373567608861727,0.994093299391318
SGD,0.8629271221510594,0.8422042231868284,0.9150618301547094,0.9079449961802903,0.9310315187531059,"{'alpha': 0.0001, 'penalty': 'l2', 'loss': 'log_loss', 'class_weight': 'balanced'}","['mfcc_mean', 'spec_skew', 'spec_kurtosis', 'NDSI', 'mfcc_1', 'mfcc_std', 'mfcc_2']",0.7354651162790697,0.5966981132075472,0.9583333333333334,0.8467645804622664,0.8759650025733402,0.9476614699331849,0.8143540669856459,0.9492844134232734,0.9773512476007677,0.9822530864197531,0.972498090145149,0.9970455623737777
SGD,0.862612872020737,0.839020020837053,0.9086175778126243,0.900305576776165,0.8871667312492638,"{'alpha': 0.0001, 'penalty': 'elasticnet', 'loss': 'log_loss', 'class_weight': 'balanced'}","['mfcc_mean', 'spec_kurtosis', 'NDSI', 'wav_detail_lvl5_std', 'mfcc_2']",0.75642965204236,0.6297229219143576,0.946969696969697,0.7535737163846282,0.8704714640198511,0.9041237113402062,0.8392344497607656,0.9123085187868694,0.9609375,0.9832134292565947,0.9396485867074102,0.9956179585762934
SGD,0.8625973028687458,0.840148987854251,0.9027143393242465,0.9010695187165776,0.8763260690587785,"{'alpha': 0.001, 'penalty': 'l2', 'loss': 'log_loss', 'class_weight': 'balanced'}","['mfcc_mean', 'spec_skew', 'wav_detail_lvl5_std', 'mfcc_var']",0.7546583850931677,0.6394736842105263,0.9204545454545454,0.7323011699998572,0.8726020659124447,0.8977732793522267,0.8488038277511962,0.9016270224984775,0.9605314576006252,0.9832,0.9388846447669977,0.9950500146780012
SGD,0.8625849992147976,0.8401421568653608,0.9024596920107756,0.9006875477463713,0.8760616471467025,"{'alpha': 0.001, 'penalty': 'elasticnet', 'loss': 'log_loss', 'class_weight': 'balanced'}","['mfcc_mean', 'spec_skew', 'wav_detail_lvl5_std', 'mfcc_std']",0.7558320373250389,0.6411609498680739,0.9204545454545454,0.7299206126523449,0.872173058013766,0.8968655207280081,0.8488038277511962,0.9031497248712191,0.9597499023055881,0.9824,0.9381207028265852,0.9951146039165437
SGD,0.8624844104437711,0.8387281351932733,0.9120837968361188,0.9014514896867838,0.8779813979199393,"{'alpha': 0.0001, 'penalty': 'elasticnet', 'loss': 'log_loss', 'class_weight': 'balanced'}","['spec_skew', 'spec_kurtosis', 'mfcc_1', 'wav_detail_lvl5_std', 'mfcc_std']",0.7518573551263001,0.6185819070904646,0.9583333333333334,0.7327168630551308,0.8711288711288712,0.9111807732497388,0.8344497607655502,0.9061858556368229,0.9644670050761421,0.9864217252396166,0.9434682964094728,0.9950414750678643
SGD,0.8624201335811129,0.8405472089092206,0.901065721344359,0.9006875477463713,0.8837087425851015,"{'alpha': 0.0001, 'penalty': 'l2', 'loss': 'log_loss', 'class_weight': 'balanced'}","['mfcc_mean', 'wav_detail_lvl5_std']",0.75625,0.6436170212765957,0.9166666666666666,0.7390347698344952,0.8714144411473789,0.901740020470829,0.8430622009569378,0.9168474185954233,0.9595959595959596,0.9762845849802372,0.9434682964094728,0.995244039325386
SGD,0.862383548493471,0.8395959850676945,0.9037090274706374,0.8999236058059588,0.8732840150577333,"{'alpha': 0.0001, 'penalty': 'elasticnet', 'loss': 'log_loss', 'class_weight': 'balanced'}","['mfcc_mean', 'spec_kurtosis', 'mfcc_1', 'wav_detail_lvl5_std']",0.7573415765069552,0.639686684073107,0.928030303030303,0.725144567159463,0.8708086785009862,0.8982706002034588,0.8449760765550239,0.8993701902161445,0.9590003904724717,0.9808306709265175,0.9381207028265852,0.9953372877975925
SGD,0.8622894185862092,0.8420479115998448,0.8945564669248879,0.9022154316271963,0.8837907888935884,"{'alpha': 0.0001, 'penalty': 'elasticnet', 'loss': 'log_loss', 'class_weight': 'balanced'}","['mfcc_mean', 'NDSI', 'wav_detail_lvl5_std']",0.750402576489533,0.6526610644257703,0.8825757575757576,0.7522793062118774,0.8760890609874153,0.8863858961802155,0.8660287081339713,0.9030262149284913,0.9603766182816791,0.9870967741935484,0.935064935064935,0.9960668455403964
SGD,0.8622094808499771,0.838878529252574,0.912590410965024,0.9025974025974026,0.9097602467500043,"{'alpha': 0.0001, 'penalty': 'l2', 'loss': 'log_loss', 'class_weight': 'balanced'}","['mfcc_mean', 'spec_kurtosis', 'mfcc_1', 'mfcc_var', 'mfcc_2']",0.7474150664697193,0.612590799031477,0.9583333333333334,0.8131070834297739,0.8719236564540432,0.9175475687103594,0.830622009569378,0.920674403168964,0.9672897196261683,0.9864972200158856,0.9488158899923606,0.9954992536512752
SGD,0.8621919506026409,0.8409600987420841,0.8980311741921648,0.8991596638655462,0.8866392787102216,"{'alpha': 0.0001, 'penalty': 'l2', 'loss': 'log_loss', 'class_weight': 'balanced'}","['mfcc_mean', 'wav_detail_lvl5_std', 'mfcc_var', 'mfcc_std']",0.7606973058637084,0.6539509536784741,0.9090909090909091,0.7449096200368331,0.8696939782823297,0.8980632008154944,0.8430622009569378,0.9198432393554897,0.9561845676618844,0.9708661417322835,0.9419404125286478,0.9951649767383418
SGD,0.8621715181028691,0.8414531682510463,0.896856780989908,0.9014514896867838,0.883944334088207,"{'alpha': 0.0001, 'penalty': 'l2', 'loss': 'log_loss', 'class_weight': 'balanced'}","['mfcc_mean', 'mfcc_1', 'wav_detail_lvl5_std']",0.753577106518283,0.6493150684931507,0.8977272727272727,0.7363257563214951,0.8729064039408867,0.899492385786802,0.8478468899521531,0.9203093429861915,0.9600310438494374,0.9755520504731862,0.944996180290298,0.9951979029569344
SGD,0.8621340791124519,0.8393210137191733,0.9039636747841082,0.900305576776165,0.8736383632136183,"{'alpha': 0.0001, 'penalty': 'elasticnet', 'loss': 'log_loss', 'class_weight': 'balanced'}","['mfcc_mean', 'spec_kurtosis', 'wav_detail_lvl5_std', 'mfcc_var']",0.7550077041602465,0.6363636363636364,0.928030303030303,0.7268160182351182,0.871238283177109,0.8991853360488798,0.8449760765550239,0.8988407509500482,0.96015625,0.982414068745004,0.9388846447669977,0.9952583204556883
SGD,0.862078235773888,0.8407197224486281,0.9050863567117436,0.9083269671504965,0.8913125238270431,"{'alpha': 0.0001, 'penalty': 'elasticnet', 'loss': 'log_loss', 'class_weight': 'balanced'}","['spec_skew', 'spec_kurtosis', 'NDSI', 'mfcc_1', 'mfcc_var']",0.7303030303030303,0.6085858585858586,0.9128787878787878,0.7527535370157512,0.88,0.9214659685863874,0.8421052631578947,0.9231859868818479,0.9759316770186336,0.9921073401736386,0.9602750190985485,0.99799804758353
SGD,0.8620494340783917,0.847112411090679,0.8823693592269444,0.9029793735676088,0.9097814706775321,"{'alpha': 0.0001, 'penalty': 'l2', 'loss': 'log_loss', 'class_weight': 'balanced'}","['mfcc_mean', 'spec_skew', 'spec_kurtosis', 'wav_approx_std', 'mfcc_2']",0.7487179487179487,0.6822429906542056,0.8295454545454546,0.830072310308007,0.8795066413662239,0.8720602069614299,0.8870813397129187,0.9046327077675644,0.9579237121510028,0.9870340356564019,0.93048128342246,0.9946393939570247
SGD,0.8618233948965414,0.8390251993807406,0.9036446955177606,0.8999236058059588,0.8737809610917514,"{'alpha': 0.0001, 'penalty': 'elasticnet', 'loss': 'log_loss', 'class_weight': 'balanced'}","['mfcc_mean', 'spec_kurtosis', 'wav_detail_lvl5_std', 'mfcc_std']",0.7550077041602465,0.6363636363636364,0.928030303030303,0.7262487442396166,0.8706811451135242,0.8990825688073395,0.8440191387559809,0.8997943684570893,0.9597813354158532,0.981629392971246,0.9388846447669977,0.9952997705785482
SGD,0.8617741293634021,0.8395764601302256,0.9018323437828082,0.9014514896867838,0.8735954761105424,"{'alpha': 0.0001, 'penalty': 'l2', 'loss': 'log_loss', 'class_weight': 'balanced'}","['mfcc_mean', 'spec_kurtosis', 'wav_detail_lvl5_std', 'mfcc_var', 'mfcc_std']",0.7503875968992249,0.6351706036745407,0.9166666666666666,0.7283110737631393,0.8727810650887574,0.9003051881993896,0.84688995215311,0.8973063566587767,0.9621537261022239,0.9832535885167464,0.9419404125286478,0.9951689979097113
SGD,0.8617253673446896,0.8398161507143582,0.904768494319578,0.8957219251336899,0.8880399201806571,"{'alpha': 0.0001, 'penalty': 'elasticnet', 'loss': 'log_loss', 'class_weight': 'balanced'}","['mfcc_1', 'wav_detail_lvl5_std', 'mfcc_var', 'mfcc_std']",0.7711213517665131,0.648578811369509,0.9507575757575758,0.7720959105277105,0.8614916286149162,0.9168466522678186,0.8124401913875599,0.9086948358781163,0.9525631216526397,0.9540229885057471,0.9511077158135982,0.9833290141361445
SGD,0.861724762874205,0.8419715806079443,0.8951544413618717,0.9025974025974026,0.8829429208944068,"{'alpha': 0.0001, 'penalty': 'elasticnet', 'loss': 'log_loss', 'class_weight': 'balanced'}","['mfcc_1', 'wav_detail_lvl5_std', 'mfcc_std', 'wav_approx_std']",0.7496012759170654,0.6473829201101928,0.8901515151515151,0.7464830286139648,0.8733233979135618,0.9080578512396694,0.8411483253588516,0.9128181567587206,0.9622496147919877,0.9704739704739704,0.9541634835752483,0.9895275773105354
SGD,0.8616695751414275,0.8458307687078596,0.8841060985797827,0.9090909090909091,0.9137244026710536,"{'alpha': 0.0001, 'penalty': 'elasticnet', 'loss': 'log_loss', 'class_weight': 'balanced'}","['mfcc_mean', 'spec_skew', 'spec_kurtosis', 'NDSI', 'mfcc_1', 'mfcc_std', 'wav_approx_std']",0.7294117647058823,0.6555891238670695,0.821969696969697,0.8182522190111238,0.8856868395773295,0.8891031822565092,0.8822966507177034,0.9250587512634075,0.9699101211410708,0.9928,0.948051948051948,0.9978622377386295
SGD,0.8616541282843624,0.8385145120266061,0.9112634527495208,0.9022154316271963,0.9153514804667603,"{'alpha': 0.0001, 'penalty': 'elasticnet', 'loss': 'log_loss', 'class_weight': 'balanced'}","['spec_kurtosis', 'mfcc_1', 'mfcc_var', 'mfcc_std', 'mfcc_2']",0.7466666666666667,0.6131386861313869,0.9545454545454546,0.8271114947369966,0.871356783919598,0.9174603174603174,0.8296650717703349,0.9233050692820166,0.9669389342668222,0.9849445324881141,0.9495798319327731,0.9956378773812674
SGD,0.8616530626371827,0.8383562161957713,0.9122714316986763,0.9022154316271963,0.9153594156598065,"{'alpha': 0.0001, 'penalty': 'elasticnet', 'loss': 'log_loss', 'class_weight': 'balanced'}","['spec_skew', 'mfcc_1', 'mfcc_var', 'mfcc_std', 'mfcc_2']",0.7463126843657817,0.6111111111111112,0.9583333333333334,0.8205518590117031,0.871356783919598,0.9174603174603174,0.8296650717703349,0.9289096981927533,0.9672897196261683,0.9864972200158856,0.9488158899923606,0.9966166897749629
SGD,0.8615487978890776,0.8384762099861419,0.9120784358400457,0.9022154316271963,0.9129723178823168,"{'alpha': 0.0001, 'penalty': 'elasticnet', 'loss': 'log_loss', 'class_weight': 'balanced'}","['spec_skew', 'spec_kurtosis', 'mfcc_1', 'mfcc_var', 'mfcc_2']",0.7463126843657817,0.6111111111111112,0.9583333333333334,0.8084810080604243,0.8709677419354839,0.9201277955271565,0.8267942583732057,0.9337571298190317,0.9673659673659674,0.9841897233201581,0.9511077158135982,0.9966788157674942
SGD,0.8614142987622863,0.8380430394204416,0.9081188934904105,0.9010695187165776,0.8770465856617888,"{'alpha': 0.0001, 'penalty': 'l2', 'loss': 'log_loss', 'class_weight': 'balanced'}","['spec_skew', 'spec_kurtosis', 'wav_detail_lvl5_std', 'mfcc_std']",0.7488721804511278,0.6209476309226932,0.9431818181818182,0.7291434428408885,0.8713363139592648,0.90599173553719,0.8392344497607656,0.907125461611816,0.9640344018764659,0.9871897518014412,0.9419404125286478,0.9948708525326618
SGD,0.8613944385384866,0.8403180285374523,0.9131639258574243,0.9064171122994652,0.9482776840446131,"{'alpha': 0.0001, 'penalty': 'l2', 'loss': 'log_loss', 'class_weight': 'balanced'}","['NDSI', 'mfcc_1', 'mfcc_std', 'mfcc_2']",0.7336244541484717,0.5957446808510638,0.9545454545454546,0.9010980585383378,0.8744233726294208,0.9415011037527594,0.816267942583732,0.946453708046413,0.9761354888375674,0.9837083010085338,0.9686783804430863,0.9972812855490883
SGD,0.8612683838528952,0.8377524476301792,0.9084112911512293,0.8991596638655462,0.8832210823457446,"{'alpha': 0.0001, 'penalty': 'l2', 'loss': 'log_loss', 'class_weight': 'balanced'}","['spec_skew', 'mfcc_1', 'wav_detail_lvl5_std', 'mfcc_var']",0.7548872180451128,0.6259351620947631,0.9507575757575758,0.748349028394327,0.8682634730538922,0.9071949947862357,0.8325358851674641,0.9067954739457821,0.9606544604596806,0.980127186009539,0.9419404125286478,0.9945187446971248
SGD,0.8612187998151829,0.8382330463477419,0.9045240105611622,0.8999236058059588,0.875334167998869,"{'alpha': 0.0001, 'penalty': 'l2', 'loss': 'log_loss', 'class_weight': 'balanced'}","['mfcc_mean', 'spec_skew', 'wav_detail_lvl5_std', 'mfcc_2']",0.7522935779816514,0.6307692307692307,0.9318181818181818,0.7338716310772955,0.8704253214638972,0.9007164790174002,0.8421052631578947,0.8966373117410051,0.9609375,0.9832134292565947,0.9396485867074102,0.9954935611783065
SGD,0.8610766991588873,0.839344414703305,0.905290521312193,0.9037433155080213,0.866182000825135,"{'alpha': 0.0001, 'penalty': 'l2', 'loss': 'log_loss', 'class_weight': 'balanced'}","['wav_detail_lvl5_std', 'mfcc_2']",0.7413010590015129,0.6171284634760705,0.928030303030303,0.7318219201913746,0.8732394366197183,0.9204665959703076,0.830622009569378,0.8802297471859168,0.968689601855431,0.9804381846635368,0.9572192513368984,0.9864943350981136
SGD,0.86107193978266,0.8383914634146342,0.9024464012080111,0.8995416348357524,0.8739157828118863,"{'alpha': 0.0001, 'penalty': 'l2', 'loss': 'log_loss', 'class_weight': 'balanced'}","['mfcc_mean', 'spec_kurtosis', 'wav_detail_lvl5_std', 'mfcc_2']",0.7530864197530864,0.6354166666666666,0.9242424242424242,0.7314468162251614,0.8703794972893051,0.8973577235772358,0.8449760765550239,0.8949421661967035,0.9597499023055881,0.9824,0.9381207028265852,0.9953583660137939
SGD,0.8609434926856511,0.8384076372020535,0.902331028105022,0.9006875477463713,0.8804871779829772,"{'alpha': 0.0001, 'penalty': 'l2', 'loss': 'log_loss', 'class_weight': 'balanced'}","['mfcc_mean', 'spec_skew', 'spec_kurtosis', 'NDSI', 'wav_detail_lvl5_std']",0.74884437596302,0.6311688311688312,0.9204545454545454,0.7411429611392477,0.8719211822660099,0.8984771573604061,0.84688995215311,0.9044124811867371,0.9620649198279233,0.9855769230769231,0.9396485867074102,0.9959060916229466
SGD,0.8608844856905735,0.8389438793912527,0.9077647326873333,0.9056531703590527,0.8995011550305781,"{'alpha': 0.0001, 'penalty': 'l2', 'loss': 'log_loss', 'class_weight': 'balanced'}","['mfcc_mean', 'spec_skew', 'NDSI', 'mfcc_1', 'mfcc_std']",0.7332339791356185,0.6044226044226044,0.9318181818181818,0.7724904169640716,0.8758169934640523,0.9226694915254238,0.8334928229665072,0.9285924674051469,0.9736024844720497,0.98973954222573,0.957983193277311,0.997420580722516
SGD,0.8608163250596513,0.8377994802077541,0.9052746616988103,0.8999236058059588,0.8821326807795179,"{'alpha': 0.0001, 'penalty': 'elasticnet', 'loss': 'log_loss', 'class_weight': 'balanced'}","['spec_skew', 'mfcc_1', 'wav_detail_lvl5_std', 'mfcc_var', 'mfcc_std']",0.7507598784194529,0.6269035532994924,0.9356060606060606,0.7465164883072684,0.8699106256206555,0.9040247678018576,0.8382775119617225,0.905378061794404,0.9617784711388455,0.9824701195219123,0.9419404125286478,0.9945034922368813
SGD,0.8606236963957037,0.8403640372962041,0.8931869558030548,0.8987776928953399,0.8704988322670957,"{'alpha': 0.0001, 'penalty': 'l2', 'loss': 'log_loss', 'class_weight': 'balanced'}","['mfcc_mean', 'mfcc_1', 'mfcc_var']",0.7556270096463023,0.6564245810055865,0.8901515151515151,0.7153622239292007,0.8701616854483096,0.891566265060241,0.8497607655502393,0.9020489631093321,0.9560823940924991,0.9731012658227848,0.9396485867074102,0.9940853097627543
SGD,0.8603965797449075,0.8373568819747527,0.9058482882786288,0.9006875477463713,0.8775340579652502,"{'alpha': 0.0001, 'penalty': 'l2', 'loss': 'log_loss', 'class_weight': 'balanced'}","['spec_skew', 'spec_kurtosis', 'wav_detail_lvl5_std', 'mfcc_var']",0.7462235649546828,0.6206030150753769,0.9356060606060606,0.7314713392869594,0.8709036742800397,0.9050567595459237,0.8392344497607656,0.9062463080313798,0.9640625,0.9864108713029577,0.9427043544690603,0.9948845265774116
SGD,0.860072079787431,0.837737989134337,0.9002401279491062,0.8991596638655462,0.875245856788268,"{'alpha': 0.001, 'penalty': 'l2', 'loss': 'log_loss', 'class_weight': 'balanced'}","['mfcc_mean', 'spec_skew', 'mfcc_1', 'wav_detail_lvl5_std']",0.7503875968992249,0.6351706036745407,0.9166666666666666,0.7280286597676188,0.8700787401574803,0.8956433637284701,0.845933014354067,0.9026156240792503,0.9597499023055881,0.9824,0.9381207028265852,0.995093286517935
SGD,0.8600287579482714,0.8365840310066547,0.9072129968414799,0.8987776928953399,0.8713699804020028,"{'alpha': 0.0001, 'penalty': 'elasticnet', 'loss': 'log_loss', 'class_weight': 'balanced'}","['spec_skew', 'mfcc_1', 'wav_detail_lvl5_std', 'mfcc_std']",0.7507507507507507,0.6218905472636815,0.946969696969697,0.7160378512109179,0.8679621325361235,0.9054054054054054,0.8334928229665072,0.9032364521319866,0.9613733905579399,0.9824561403508771,0.9411764705882353,0.994835637863104
SGD,0.8598650005089943,0.8368682503152941,0.9057839563257519,0.9006875477463713,0.8757722860322827,"{'alpha': 0.0001, 'penalty': 'l2', 'loss': 'log_loss', 'class_weight': 'balanced'}","['spec_skew', 'spec_kurtosis', 'mfcc_1', 'wav_detail_lvl5_std']",0.7439759036144579,0.6175,0.9356060606060606,0.7258704305391408,0.8707753479125249,0.905894519131334,0.8382775119617225,0.9064505386282731,0.96484375,0.9872102318145484,0.9434682964094728,0.9949958889294345
SGD,0.8596595489149751,0.8374366025315604,0.8998701075326463,0.8999236058059588,0.874185959514867,"{'alpha': 0.0001, 'penalty': 'l2', 'loss': 'log_loss', 'class_weight': 'balanced'}","['mfcc_mean', 'spec_skew', 'NDSI', 'wav_detail_lvl5_std']",0.7461300309597523,0.6308900523560209,0.9128787878787878,0.7340418685297874,0.8711897738446411,0.8958543983822043,0.8478468899521531,0.8926258472091402,0.9616588419405321,0.9855653568564555,0.9388846447669977,0.9958901628056736
SGD,0.8595566918147565,0.8372912052276704,0.9100730882464628,0.9037433155080213,0.8904869963632023,"{'alpha': 0.0001, 'penalty': 'elasticnet', 'loss': 'log_loss', 'class_weight': 'balanced'}","['mfcc_mean', 'spec_skew', 'spec_kurtosis', 'NDSI', 'mfcc_1', 'mfcc_std']",0.7331378299120235,0.5980861244019139,0.946969696969697,0.7456699366496815,0.8727272727272727,0.9240641711229947,0.8267942583732057,0.9285140869609285,0.9728049728049728,0.9897233201581027,0.9564553093964858,0.9972769654789969
SGD,0.8592072622829209,0.8389876918395638,0.9041724185687036,0.9071810542398777,0.9053403864532273,"{'alpha': 0.0001, 'penalty': 'elasticnet', 'loss': 'log_loss', 'class_weight': 'balanced'}","['mfcc_mean', 'NDSI', 'mfcc_var', 'mfcc_2']",0.7234678624813154,0.5975308641975309,0.9166666666666666,0.7765193587659582,0.8764616166751398,0.9349240780911063,0.8248803827751197,0.942275839544072,0.9776923076923076,0.9845081332300543,0.970970206264324,0.9972259610496517
SGD,0.8591438938101127,0.8370831186079265,0.898417165909426,0.8991596638655462,0.8736484370050577,"{'alpha': 0.0001, 'penalty': 'l2', 'loss': 'log_loss', 'class_weight': 'balanced'}","['mfcc_mean', 'spec_kurtosis', 'NDSI', 'wav_detail_lvl5_std']",0.7465007776049767,0.633245382585752,0.9090909090909091,0.7333737166416328,0.8704612365063789,0.8932527693856999,0.8488038277511962,0.891730969459716,0.9604696673189824,0.9847512038523274,0.9373567608861727,0.9958406249138244
SGD,0.859120940946556,0.837950442753231,0.8947872131308664,0.8999236058059588,0.8708973401948704,"{'alpha': 0.0001, 'penalty': 'elasticnet', 'loss': 'log_loss', 'class_weight': 'balanced'}","['mfcc_mean', 'spec_skew', 'wav_detail_lvl5_std']",0.7436708860759493,0.6385869565217391,0.8901515151515151,0.7248763988739657,0.873062015503876,0.8842001962708538,0.8622009569377991,0.892327639424215,0.9606299212598425,0.9910641754670999,0.932009167303285,0.9954879822864308
SGD,0.8590999067522264,0.8402081187942586,0.8901836811279535,0.9079449961802903,0.9145921825301885,"{'alpha': 0.0001, 'penalty': 'elasticnet', 'loss': 'log_loss', 'class_weight': 'balanced'}","['mfcc_mean', 'spec_skew', 'spec_kurtosis', 'NDSI', 'mfcc_1', 'mfcc_var', 'mfcc_std', 'wav_approx_std']",0.7211538461538461,0.625,0.8522727272727273,0.8207535534386422,0.882266731802638,0.9011976047904192,0.8641148325358852,0.925035675353646,0.9738791423001949,0.9944267515923567,0.9541634835752483,0.9979873187982771
SGD,0.8590518249575481,0.8382895805639259,0.8931412756490156,0.8991596638655462,0.868019092098141,"{'alpha': 0.0001, 'penalty': 'l2', 'loss': 'log_loss', 'class_weight': 'balanced'}","['mfcc_mean', 'spec_kurtosis', 'wav_detail_lvl5_std']",0.7464114832535885,0.6446280991735537,0.8863636363636364,0.7191474938321527,0.871968962172648,0.8839724680432645,0.8602870813397129,0.8896190599276086,0.9587750294464076,0.9862681744749596,0.9327731092436975,0.9952907225346614
SGD,0.8588945115620966,0.8363279635654138,0.9006877711212077,0.8995416348357524,0.8752644911681499,"{'alpha': 0.0001, 'penalty': 'l2', 'loss': 'log_loss', 'class_weight': 'balanced'}","['mfcc_mean', 'spec_skew', 'spec_kurtosis', 'wav_detail_lvl5_std']",0.7434715821812596,0.6253229974160207,0.9166666666666666,0.7339830845436467,0.8708885616102111,0.8941532258064516,0.8488038277511962,0.896359414584604,0.9623233908948194,0.9895076674737692,0.9365928189457601,0.9954509743761992
SGD,0.8587731335486933,0.8368774796818049,0.9034059078176725,0.9033613445378151,0.885218365088151,"{'alpha': 0.0001, 'penalty': 'elasticnet', 'loss': 'log_loss', 'class_weight': 'balanced'}","['spec_kurtosis', 'NDSI', 'mfcc_1', 'mfcc_var']",0.7319277108433735,0.6075,0.9204545454545454,0.7482756186728161,0.8735632183908046,0.9142259414225942,0.8363636363636363,0.9096611336219663,0.970828471411902,0.9889064976228209,0.9533995416348358,0.9977183429696708
SGD,0.8585840223227175,0.838536066434878,0.9046684223928806,0.9067990832696715,0.8785620348621093,"{'alpha': 0.0001, 'penalty': 'elasticnet', 'loss': 'log_loss', 'class_weight': 'balanced'}","['mfcc_mean', 'NDSI', 'mfcc_1', 'mfcc_2']",0.7221396731054978,0.5941320293398533,0.9204545454545454,0.6994989894131645,0.8755102040816326,0.9377049180327869,0.8210526315789474,0.9391431887127755,0.9781021897810219,0.9837712519319938,0.972498090145149,0.9970439264603876
SGD,0.8584767187854968,0.8381527651430165,0.911949660246874,0.9052711993888465,0.8915104833338519,"{'alpha': 0.0001, 'penalty': 'elasticnet', 'loss': 'log_loss', 'class_weight': 'balanced'}","['mfcc_mean', 'spec_skew', 'spec_kurtosis', 'NDSI', 'mfcc_std', 'mfcc_2']",0.7251798561151079,0.5846867749419954,0.9545454545454546,0.7326866327643636,0.8721649484536083,0.9452513966480447,0.8095693779904306,0.9448747114532895,0.9780853517877739,0.9845201238390093,0.9717341482047365,0.9969701057839023
SGD,0.8582816509735182,0.8387736600530401,0.8911167178195042,0.9064171122994652,0.9116954058720289,"{'alpha': 0.0001, 'penalty': 'elasticnet', 'loss': 'log_loss', 'class_weight': 'balanced'}","['mfcc_mean', 'spec_skew', 'NDSI', 'mfcc_1', 'mfcc_var', 'mfcc_std', 'wav_approx_std']",0.7217806041335453,0.6219178082191781,0.8598484848484849,0.8207902403165631,0.8804294777940459,0.898406374501992,0.8631578947368421,0.9164960381171982,0.9726348709929633,0.9959967974379503,0.9503437738731857,0.9977999391823256
SGD,0.8581542152510323,0.8380819753412826,0.9069879466938291,0.900305576776165,0.8765569547641386,"{'alpha': 0.0001, 'penalty': 'elasticnet', 'loss': 'log_loss', 'class_weight': 'balanced'}","['mfcc_mean', 'mfcc_std', 'mfcc_2']",0.742603550295858,0.6092233009708737,0.9507575757575758,0.7030989285387642,0.8649767201241594,0.9414414414414415,0.8,0.930547578677571,0.9668823753330795,0.9635811836115327,0.9702062643239114,0.9960243570760804
SGD,0.857963248363085,0.8374961247747091,0.903280371159628,0.8999236058059588,0.8813216580453641,"{'alpha': 0.0001, 'penalty': 'elasticnet', 'loss': 'log_loss', 'class_weight': 'balanced'}","['mfcc_mean', 'mfcc_var', 'mfcc_2']",0.7428571428571429,0.6159600997506235,0.9356060606060606,0.7188885555801023,0.8657786885245902,0.9316427783902976,0.8086124401913876,0.9299063859179264,0.965253913707522,0.9648854961832061,0.9656226126814362,0.9951700326380633
SGD,0.85795918151766,0.8422139198294282,0.8804335928948932,0.9067990832696715,0.9110443486518855,"{'alpha': 0.0001, 'penalty': 'elasticnet', 'loss': 'log_loss', 'class_weight': 'balanced'}","['mfcc_mean', 'spec_skew', 'NDSI', 'mfcc_1', 'mfcc_std', 'wav_approx_std']",0.7214765100671141,0.6475903614457831,0.8143939393939394,0.8172978929510339,0.8829174664107485,0.8854667949951877,0.8803827751196173,0.9181172545530063,0.9694835680751174,0.9935846030473136,0.946524064171123,0.9977178984516165
SGD,0.8579352895824047,0.8418398565869398,0.8813878501958997,0.9083269671504965,0.9071240639464845,"{'alpha': 0.0001, 'penalty': 'elasticnet', 'loss': 'log_loss', 'class_weight': 'balanced'}","['spec_kurtosis', 'NDSI', 'mfcc_1', 'mfcc_var', 'mfcc_std', 'wav_approx_std']",0.7166666666666667,0.6398809523809523,0.8143939393939394,0.8088571553721072,0.8845043310875842,0.8896418199419167,0.8794258373205741,0.9147233246464607,0.9726348709929633,0.9959967974379503,0.9503437738731857,0.9977917118208853
SGD,0.8579316664727891,0.841922877678761,0.8811332028824289,0.9079449961802903,0.9066011432783055,"{'alpha': 0.0001, 'penalty': 'l2', 'loss': 'log_loss', 'class_weight': 'balanced'}","['mfcc_mean', 'spec_skew', 'NDSI', 'mfcc_var', 'mfcc_std', 'wav_approx_std']",0.7178631051752922,0.6417910447761194,0.8143939393939394,0.8053879438927749,0.8840788840788841,0.8887814313346228,0.8794258373205741,0.916638328091794,0.9718530101641908,0.9951961569255404,0.9495798319327731,0.9977771578503478
SGD,0.8578853602001971,0.8400238072095491,0.8876503871085916,0.9083269671504965,0.8691978864105927,"{'alpha': 0.0001, 'penalty': 'elasticnet', 'loss': 'log_loss', 'class_weight': 'balanced'}","['mfcc_mean', 'spec_skew', 'NDSI', 'mfcc_var', 'mfcc_std']",0.7170418006430869,0.6229050279329609,0.8446969696969697,0.6823227374422164,0.8813056379821959,0.9119754350051177,0.8526315789473684,0.9276946864794349,0.9753086419753086,0.9851909586905689,0.9656226126814362,0.9975762353101271
SGD,0.8575527305514328,0.835349921152189,0.9000444515924393,0.8995416348357524,0.8803067305683849,"{'alpha': 0.0001, 'penalty': 'elasticnet', 'loss': 'log_loss', 'class_weight': 'balanced'}","['spec_skew', 'spec_kurtosis', 'wav_detail_lvl5_std', 'mfcc_var', 'mfcc_std']",0.7389312977099237,0.618925831202046,0.9166666666666666,0.7383798159729809,0.8696083292017849,0.9022633744855967,0.8392344497607656,0.9076271967738242,0.9641185647425897,0.9848605577689243,0.9442322383498855,0.99491317895835
SGD,0.8572910445563506,0.8369910189638938,0.9096152815193063,0.8987776928953399,0.8672350672835755,"{'alpha': 0.0001, 'penalty': 'l2', 'loss': 'log_loss', 'class_weight': 'balanced'}","['mfcc_mean', 'mfcc_1', 'mfcc_2']",0.7434402332361516,0.6042654028436019,0.9659090909090909,0.6766320061123605,0.8623376623376623,0.9431818181818182,0.7942583732057417,0.9288230687901188,0.9660952380952381,0.9635258358662614,0.9686783804430863,0.9962501269482468
SGD,0.8572734081893908,0.8428368876101574,0.8771656190386841,0.9079449961802903,0.9095585576040346,"{'alpha': 0.0001, 'penalty': 'l2', 'loss': 'log_loss', 'class_weight': 'balanced'}","['spec_skew', 'spec_kurtosis', 'NDSI', 'mfcc_1', 'mfcc_std', 'wav_approx_std']",0.7164685908319185,0.6492307692307693,0.7992424242424242,0.8106130792197063,0.8841902931283037,0.888030888030888,0.8803827751196173,0.9201892159922693,0.9711613406079501,0.9912490055688147,0.9518716577540107,0.9978733776001285
SGD,0.8572176720668482,0.835691135378391,0.9108588092334222,0.9018334606569901,0.9037667455433788,"{'alpha': 0.0001, 'penalty': 'elasticnet', 'loss': 'log_loss', 'class_weight': 'balanced'}","['mfcc_mean', 'spec_kurtosis', 'NDSI', 'mfcc_1', 'mfcc_var', 'mfcc_2']",0.7301587301587301,0.5897435897435898,0.9583333333333334,0.7825743505450311,0.8685421994884911,0.932967032967033,0.8124401913875599,0.931460096343414,0.972952086553323,0.9843627834245504,0.9618029029793735,0.9972657897416912
SGD,0.8571646057005728,0.8355274588435794,0.9040278950495669,0.9033613445378151,0.898590525181366,"{'alpha': 0.0001, 'penalty': 'elasticnet', 'loss': 'log_loss', 'class_weight': 'balanced'}","['mfcc_mean', 'spec_skew', 'NDSI', 'mfcc_1', 'mfcc_var']",0.725111441307578,0.5965770171149144,0.9242424242424242,0.7729214333068914,0.8728004022121669,0.9194915254237288,0.830622009569378,0.9251154829181639,0.9735819735819736,0.9905138339920949,0.9572192513368984,0.9977346593190423
SGD,0.8571305858210305,0.8361358234885062,0.9099124817391072,0.9022154316271963,0.9214911294840366,"{'alpha': 0.0001, 'penalty': 'elasticnet', 'loss': 'log_loss', 'class_weight': 'balanced'}","['mfcc_mean', 'spec_kurtosis', 'NDSI', 'mfcc_1', 'mfcc_std', 'mfcc_2']",0.7293777134587555,0.5901639344262295,0.9545454545454546,0.8293047196590362,0.8685831622176592,0.9368770764119602,0.8095693779904306,0.9384758904137929,0.9734308817866769,0.9813664596273292,0.9656226126814362,0.9966927783792807
SGD,0.8571145735792354,0.8405898678445087,0.8815675552517658,0.9071810542398777,0.9113816642821768,"{'alpha': 0.0001, 'penalty': 'elasticnet', 'loss': 'log_loss', 'class_weight': 'balanced'}","['mfcc_mean', 'spec_skew', 'NDSI', 'mfcc_1', 'mfcc_var', 'wav_approx_std']",0.7164179104477612,0.6371681415929203,0.8181818181818182,0.8172218578361049,0.8831168831168831,0.8878143133462283,0.8784688995215311,0.9191348624384261,0.9718089271730619,0.9967871485943776,0.948051948051948,0.9977882725719996
SGD,0.8568921967832438,0.8415081482273467,0.8781821979190401,0.9006875477463713,0.9055871579971578,"{'alpha': 0.0001, 'penalty': 'l2', 'loss': 'log_loss', 'class_weight': 'balanced'}","['mfcc_mean', 'spec_skew', 'mfcc_1', 'mfcc_std', 'wav_approx_std']",0.735593220338983,0.6656441717791411,0.821969696969697,0.8206844161085624,0.8758357211079274,0.8741658722592945,0.877511961722488,0.9004014750397168,0.9592476489028213,0.9847144006436042,0.935064935064935,0.9956755828431944
SGD,0.8568675854975574,0.8461057841226959,0.8702630015323513,0.9014514896867838,0.9157489935646955,"{'alpha': 0.0001, 'penalty': 'elasticnet', 'loss': 'log_loss', 'class_weight': 'balanced'}","['mfcc_var', 'mfcc_std', 'wav_approx_std', 'mfcc_2']",0.734982332155477,0.6887417218543046,0.7878787878787878,0.8216254859897629,0.8778409090909091,0.8687910028116214,0.8870813397129187,0.9288718294931753,0.9577795152462861,0.9807846277021617,0.9358288770053476,0.996749665211148
SGD,0.8568073595609862,0.8405956286988322,0.8805595763026104,0.9071810542398777,0.9088281724986841,"{'alpha': 0.0001, 'penalty': 'l2', 'loss': 'log_loss', 'class_weight': 'balanced'}","['spec_skew', 'NDSI', 'mfcc_1', 'mfcc_var', 'mfcc_std', 'wav_approx_std']",0.7154742096505824,0.6379821958456974,0.8143939393939394,0.8119068193352175,0.8831168831168831,0.8878143133462283,0.8784688995215311,0.9167498293142873,0.971830985915493,0.9959903769045709,0.9488158899923606,0.9978278688465478
SGD,0.8568043196933676,0.834991083982005,0.8939217473273201,0.8949579831932774,0.8926935168141011,"{'alpha': 0.0001, 'penalty': 'elasticnet', 'loss': 'log_loss', 'class_weight': 'balanced'}","['spec_kurtosis', 'wav_detail_lvl5_std', 'wav_approx_std', 'mfcc_2']",0.7496062992125985,0.6415094339622641,0.9015151515151515,0.787745455064555,0.8664400194269063,0.8796844181459567,0.8535885167464115,0.9010405761772527,0.9543666404405979,0.9837793998377939,0.9266615737203973,0.9892945192004955
SGD,0.8567117578120814,0.8358451412501887,0.8997035815921265,0.9052711993888465,0.8982423862871517,"{'alpha': 0.0001, 'penalty': 'elasticnet', 'loss': 'log_loss', 'class_weight': 'balanced'}","['mfcc_mean', 'spec_skew', 'spec_kurtosis', 'NDSI', 'mfcc_1', 'mfcc_var']",0.717948717948718,0.5964912280701754,0.9015151515151515,0.7635630343206987,0.8758758758758759,0.9181532004197271,0.8373205741626795,0.9331817253144468,0.9763106796116505,0.9928909952606635,0.9602750190985485,0.9979823992263094
SGD,0.8566490147622222,0.8364907441326174,0.9032665219197726,0.9048892284186402,0.9071328848088424,"{'alpha': 0.0001, 'penalty': 'elasticnet', 'loss': 'log_loss', 'class_weight': 'balanced'}","['mfcc_mean', 'NDSI', 'mfcc_std', 'mfcc_2']",0.72,0.5912408759124088,0.9204545454545454,0.7841057825432787,0.87302396736359,0.9344978165938864,0.8191387559808613,0.9403053388446885,0.9769230769230769,0.983733539891557,0.9702062643239114,0.9969875330385597
SGD,0.8565861929305036,0.8340547139968795,0.9093979378035106,0.8991596638655462,0.91070668562078,"{'alpha': 0.0001, 'penalty': 'elasticnet', 'loss': 'log_loss', 'class_weight': 'balanced'}","['spec_skew', 'spec_kurtosis', 'mfcc_1', 'mfcc_var', 'mfcc_std', 'mfcc_2']",0.7354651162790697,0.5966981132075472,0.9583333333333334,0.8036272347924777,0.8661257606490872,0.9212513484358145,0.8172248803827751,0.9317084415465557,0.968167701863354,0.984214680347277,0.9526355996944232,0.996784380523307
SGD,0.8565316962571538,0.8403086254977783,0.8803049289891396,0.9067990832696715,0.908249072243405,"{'alpha': 0.0001, 'penalty': 'l2', 'loss': 'log_loss', 'class_weight': 'balanced'}","['spec_skew', 'NDSI', 'mfcc_1', 'mfcc_var', 'wav_approx_std']",0.7154742096505824,0.6379821958456974,0.8143939393939394,0.8115066672620033,0.8826923076923077,0.8869565217391304,0.8784688995215311,0.9154453658311176,0.9714285714285714,0.9959871589085072,0.948051948051948,0.9977951836370942
SGD,0.8562042406478029,0.8400012910948758,0.8791125541125541,0.8995416348357524,0.8990120246675,"{'alpha': 0.0001, 'penalty': 'elasticnet', 'loss': 'log_loss', 'class_weight': 'balanced'}","['mfcc_mean', 'mfcc_1', 'mfcc_var', 'mfcc_std', 'wav_approx_std']",0.7361344537815127,0.6616314199395771,0.8295454545454546,0.8000124481744205,0.873981792045999,0.8752399232245681,0.8727272727272727,0.9015889962631021,0.9584964761158966,0.983132530120482,0.935064935064935,0.9954346295649776
SGD,0.8561674986851521,0.8411331954495814,0.8769222521544503,0.8999236058059588,0.9034937366789788,"{'alpha': 0.0001, 'penalty': 'l2', 'loss': 'log_loss', 'class_weight': 'balanced'}","['mfcc_mean', 'spec_skew', 'wav_approx_std', 'mfcc_2']",0.7346938775510204,0.6666666666666666,0.8181818181818182,0.8234475827458109,0.8754752851711026,0.8696883852691218,0.8813397129186603,0.8923179829064894,0.9583333333333334,0.9870445344129555,0.9312452253628725,0.9947156443846362
SGD,0.8561013632753856,0.84532985539819,0.8695202802013947,0.9033613445378151,0.9181049213833686,"{'alpha': 0.0001, 'penalty': 'elasticnet', 'loss': 'log_loss', 'class_weight': 'balanced'}","['mfcc_1', 'mfcc_std', 'wav_approx_std', 'mfcc_2']",0.7266313932980599,0.6798679867986799,0.7803030303030303,0.828839502263529,0.8799240626483151,0.8728813559322034,0.8870813397129187,0.9286804085010848,0.9617486338797814,0.9832402234636871,0.9411764705882353,0.9967948533854922
SGD,0.8560890934759838,0.833687607369033,0.9093336058506337,0.8991596638655462,0.9027434498566272,"{'alpha': 0.0001, 'penalty': 'elasticnet', 'loss': 'log_loss', 'class_weight': 'balanced'}","['mfcc_mean', 'spec_skew', 'spec_kurtosis', 'mfcc_1', 'mfcc_var', 'mfcc_2']",0.7333333333333333,0.5938967136150235,0.9583333333333334,0.7836426346230428,0.8659898477157361,0.9221621621621622,0.816267942583732,0.9281793216990671,0.968944099378882,0.9850039463299132,0.9533995416348358,0.996408393247772
SGD,0.8560246444671665,0.8396060683070163,0.8803692609420164,0.9067990832696715,0.9086592202905669,"{'alpha': 0.0001, 'penalty': 'elasticnet', 'loss': 'log_loss', 'class_weight': 'balanced'}","['mfcc_mean', 'spec_kurtosis', 'NDSI', 'mfcc_1', 'mfcc_var', 'wav_approx_std']",0.7131011608623549,0.6342182890855457,0.8143939393939394,0.8123099677334334,0.882804995196926,0.8862102217936355,0.8794258373205741,0.9158696236648124,0.9721677773422187,0.998389694041868,0.9472880061115355,0.9977980694734551
SGD,0.8560122592085418,0.8332078528319732,0.901283176747573,0.8972498090145149,0.8714261079713196,"{'alpha': 0.0001, 'penalty': 'elasticnet', 'loss': 'log_loss', 'class_weight': 'balanced'}","['spec_skew', 'wav_detail_lvl5_std', 'mfcc_var']",0.7390648567119156,0.6140350877192983,0.928030303030303,0.7144787587640835,0.8665012406947891,0.9,0.8354066985645933,0.9049995450852009,0.962470680218921,0.9855884707766213,0.9404125286478228,0.9948000200646746
SGD,0.8558046869622906,0.8363368196223452,0.8889614857107118,0.9048892284186402,0.9094178367068468,"{'alpha': 0.0001, 'penalty': 'elasticnet', 'loss': 'log_loss', 'class_weight': 'balanced'}","['mfcc_mean', 'spec_kurtosis', 'NDSI', 'mfcc_1', 'mfcc_var', 'mfcc_std', 'wav_approx_std']",0.716323296354992,0.6158038147138964,0.8560606060606061,0.8172170979419793,0.8784773060029283,0.896414342629482,0.861244019138756,0.9132753601707653,0.9726134585289515,0.9967923015236567,0.9495798319327731,0.9977610520077961
SGD,0.8556563114837618,0.8406824637879481,0.8766457141070143,0.9056531703590527,0.9083738032769472,"{'alpha': 0.0001, 'penalty': 'elasticnet', 'loss': 'log_loss', 'class_weight': 'balanced'}","['mfcc_mean', 'spec_skew', 'spec_kurtosis', 'NDSI', 'mfcc_1', 'wav_approx_std']",0.7162162162162162,0.6463414634146342,0.803030303030303,0.8081878137265371,0.881648298993771,0.8829174664107485,0.8803827751196173,0.9191063693165268,0.9691044192412984,0.9927884615384616,0.946524064171123,0.9978272267877776
SGD,0.8555433615122238,0.8331959077362573,0.9090146265842861,0.8987776928953399,0.9068687258882556,"{'alpha': 0.0001, 'penalty': 'elasticnet', 'loss': 'log_loss', 'class_weight': 'balanced'}","['mfcc_mean', 'spec_skew', 'spec_kurtosis', 'mfcc_1', 'mfcc_var', 'mfcc_std', 'mfcc_2']",0.7322720694645442,0.5925058548009368,0.9583333333333334,0.7940714782226984,0.8654139156932453,0.922077922077922,0.815311004784689,0.9300550634287413,0.968944099378882,0.9850039463299132,0.9533995416348358,0.9964796360133272
SGD,0.8555211887187276,0.8372992430054729,0.8828015895353357,0.8964858670741024,0.9083175836925212,"{'alpha': 0.0001, 'penalty': 'elasticnet', 'loss': 'log_loss', 'class_weight': 'balanced'}","['mfcc_mean', 'spec_skew', 'spec_kurtosis', 'NDSI', 'wav_approx_std', 'mfcc_2']",0.7413509060955519,0.6559766763848397,0.8522727272727273,0.8199302354809804,0.8700239808153477,0.8721153846153846,0.8679425837320575,0.9099288293216476,0.9551886792452831,0.9838056680161943,0.9281894576012223,0.9950936862749358
SGD,0.8554864713974117,0.8449809638229392,0.8685123012522394,0.9033613445378151,0.9168793301568572,"{'alpha': 0.0001, 'penalty': 'elasticnet', 'loss': 'log_loss', 'class_weight': 'balanced'}","['mfcc_std', 'wav_approx_std', 'mfcc_2']",0.7243816254416962,0.6788079470198676,0.7765151515151515,0.8251661368411609,0.8799240626483151,0.8728813559322034,0.8870813397129187,0.9286525332960398,0.9621537261022239,0.9832535885167464,0.9419404125286478,0.9968193203333708
SGD,0.8553960915103783,0.8358594979760817,0.8897737883032001,0.9052711993888465,0.9103908106501438,"{'alpha': 0.0001, 'penalty': 'elasticnet', 'loss': 'log_loss', 'class_weight': 'balanced'}","['spec_skew', 'spec_kurtosis', 'NDSI', 'mfcc_1', 'mfcc_var', 'mfcc_std', 'wav_approx_std']",0.7138364779874213,0.6102150537634409,0.8598484848484849,0.8144953549388252,0.8780727630285152,0.9029322548028311,0.8545454545454545,0.9186931074424303,0.9742790335151987,0.994431185361973,0.9549274255156608,0.9979839695691759
SGD,0.8553859494331318,0.8400037962557428,0.8774096560474268,0.9067990832696715,0.9016388841318118,"{'alpha': 0.0001, 'penalty': 'l2', 'loss': 'log_loss', 'class_weight': 'balanced'}","['spec_skew', 'NDSI', 'mfcc_var', 'mfcc_std', 'wav_approx_std']",0.7114093959731543,0.6385542168674698,0.803030303030303,0.7990757065078319,0.8829174664107485,0.8854667949951877,0.8803827751196173,0.9080159214312234,0.971830985915493,0.9959903769045709,0.9488158899923606,0.9978250244563801
SGD,0.8553431461012991,0.8444738341648867,0.8689360433168484,0.9010695187165776,0.9167789735212825,"{'alpha': 0.0001, 'penalty': 'elasticnet', 'loss': 'log_loss', 'class_weight': 'balanced'}","['mfcc_var', 'wav_approx_std', 'mfcc_2']",0.7301587301587301,0.6831683168316832,0.7840909090909091,0.8253696154212665,0.877309332070109,0.8686679174484052,0.8861244019138756,0.9281463534551473,0.9585613760750586,0.9815852682145717,0.9365928189457601,0.9968209516874335
SGD,0.8553268246615936,0.8338931977303651,0.9012479952108435,0.9022154316271963,0.89255321112184,"{'alpha': 0.0001, 'penalty': 'l2', 'loss': 'log_loss', 'class_weight': 'balanced'}","['mfcc_mean', 'spec_kurtosis', 'NDSI', 'mfcc_1', 'mfcc_var']",0.7213114754098361,0.5945945945945946,0.9166666666666666,0.7567865878836304,0.8714859437751004,0.9165786694825766,0.830622009569378,0.9232049948836528,0.9731830547998446,0.990506329113924,0.9564553093964858,0.9976680505982372
SGD,0.8552794232447077,0.8393210037406823,0.8785303276015352,0.906035141329259,0.9090218252537122,"{'alpha': 0.0001, 'penalty': 'elasticnet', 'loss': 'log_loss', 'class_weight': 'balanced'}","['mfcc_mean', 'spec_skew', 'spec_kurtosis', 'NDSI', 'mfcc_var', 'mfcc_std', 'wav_approx_std']",0.7133333333333334,0.6369047619047619,0.8106060606060606,0.8066658110011156,0.8813886210221794,0.8882410106899903,0.8746411483253589,0.9224362062751407,0.9711163153786104,0.9928172386272945,0.9503437738731857,0.9979634584848806
SGD,0.8552487509775686,0.8341998816735673,0.9012586055155714,0.9037433155080213,0.8986309802380014,"{'alpha': 0.0001, 'penalty': 'l2', 'loss': 'log_loss', 'class_weight': 'balanced'}","['mfcc_mean', 'spec_skew', 'spec_kurtosis', 'NDSI', 'mfcc_1', 'mfcc_var', 'mfcc_std']",0.7161961367013373,0.589242053789731,0.9128787878787878,0.7642900412670255,0.8732394366197183,0.9204665959703076,0.830622009569378,0.9336409464714653,0.9763106796116505,0.9928909952606635,0.9602750190985485,0.9979619529755134
SGD,0.8552289131834004,0.8372759360576282,0.8839348817676992,0.906035141329259,0.9124457066758659,"{'alpha': 0.0001, 'penalty': 'l2', 'loss': 'log_loss', 'class_weight': 'balanced'}","['mfcc_mean', 'spec_skew', 'spec_kurtosis', 'NDSI', 'mfcc_1', 'mfcc_var', 'wav_approx_std']",0.7119741100323624,0.6214689265536724,0.8333333333333334,0.8165212189479386,0.8802336903602727,0.8959365708622399,0.8650717703349282,0.9228431063437921,0.9734789391575663,0.9944223107569721,0.9533995416348358,0.9979727947358673
SGD,0.8550586295189438,0.8407773520647085,0.8746940881615805,0.9056531703590527,0.9086689661929274,"{'alpha': 0.0001, 'penalty': 'l2', 'loss': 'log_loss', 'class_weight': 'balanced'}","['mfcc_mean', 'spec_skew', 'spec_kurtosis', 'NDSI', 'mfcc_var', 'wav_approx_std']",0.7142857142857143,0.6481481481481481,0.7954545454545454,0.8077726889503094,0.8817616084250838,0.882183908045977,0.8813397129186603,0.9203690819783843,0.9691285658460336,0.992,0.9472880061115355,0.9978651276500882
SGD,0.8550417614940492,0.8338785055410453,0.9088806016824593,0.8995416348357524,0.91861158502509,"{'alpha': 0.0001, 'penalty': 'elasticnet', 'loss': 'log_loss', 'class_weight': 'balanced'}","['mfcc_mean', 'spec_skew', 'spec_kurtosis', 'mfcc_1', 'mfcc_std', 'mfcc_2']",0.729106628242075,0.5883720930232558,0.9583333333333334,0.8236756484739565,0.8649203903441192,0.9334811529933481,0.8057416267942584,0.9371666343826793,0.9710982658959537,0.9797822706065319,0.9625668449197861,0.9949924722186342
SGD,0.8550007175202946,0.8321592213472196,0.9010285294341022,0.8968678380443086,0.8702083561241297,"{'alpha': 0.0001, 'penalty': 'elasticnet', 'loss': 'log_loss', 'class_weight': 'balanced'}","['spec_skew', 'mfcc_1', 'wav_detail_lvl5_std']",0.7357357357357357,0.6094527363184079,0.928030303030303,0.7101361240585149,0.8660714285714286,0.8990731204943357,0.8354066985645933,0.9055224601157458,0.9631949882537196,0.9879518072289156,0.9396485867074102,0.9949664841981285
SGD,0.8549895181602144,0.839658027533151,0.8768976809224487,0.9064171122994652,0.9038686665810332,"{'alpha': 0.0001, 'penalty': 'l2', 'loss': 'log_loss', 'class_weight': 'balanced'}","['spec_skew', 'spec_kurtosis', 'NDSI', 'mfcc_var', 'mfcc_std', 'wav_approx_std']",0.7114093959731543,0.6385542168674698,0.803030303030303,0.8003384463568745,0.8820414058738565,0.8875968992248062,0.876555023923445,0.9132853748028048,0.9715177526336325,0.992822966507177,0.9511077158135982,0.9979821785834202
SGD,0.8548021976554782,0.8317436420921475,0.9008892552236206,0.8953399541634836,0.8708335532337812,"{'alpha': 0.0001, 'penalty': 'elasticnet', 'loss': 'log_loss', 'class_weight': 'balanced'}","['spec_skew', 'wav_detail_lvl5_std', 'mfcc_std']",0.7398496240601504,0.6134663341645885,0.9318181818181818,0.7124425300493155,0.8640873015873016,0.8970133882595263,0.8334928229665072,0.9052346944462388,0.9604696673189824,0.9847512038523274,0.9373567608861727,0.9948234352057893
SGD,0.854748203721236,0.8444163098690974,0.8676223759041096,0.9018334606569901,0.9137399482631601,"{'alpha': 0.0001, 'penalty': 'elasticnet', 'loss': 'log_loss', 'class_weight': 'balanced'}","['mfcc_1', 'wav_approx_std', 'mfcc_2']",0.7256637168141593,0.6810631229235881,0.7765151515151515,0.8219521978358815,0.8784869976359339,0.8682242990654205,0.8889952153110048,0.9225392459204371,0.960093896713615,0.9839615076182838,0.9373567608861727,0.9967284010331614
SGD,0.8547204700532994,0.8400231491523072,0.8753293661962392,0.9067990832696715,0.9086890445422343,"{'alpha': 0.0001, 'penalty': 'elasticnet', 'loss': 'log_loss', 'class_weight': 'balanced'}","['mfcc_mean', 'spec_kurtosis', 'NDSI', 'mfcc_1', 'mfcc_std', 'wav_approx_std']",0.7094594594594594,0.6402439024390244,0.7954545454545454,0.8126951861875745,0.882804995196926,0.8862102217936355,0.8794258373205741,0.9156927607365872,0.9718969555035128,0.9936153232242618,0.9511077158135982,0.9976791867025413
SGD,0.8546514877702708,0.832034951245889,0.8979030687235022,0.893048128342246,0.8681858703399178,"{'alpha': 0.001, 'penalty': 'l2', 'loss': 'log_loss', 'class_weight': 'balanced'}","['spec_skew', 'wav_detail_lvl5_std', 'mfcc_var', 'mfcc_std']",0.7480916030534351,0.6265984654731458,0.928030303030303,0.7192901774327691,0.8605577689243028,0.897196261682243,0.8267942583732057,0.8918274562365818,0.9553050913330743,0.9723101265822784,0.9388846447669977,0.9934399773504022
SGD,0.8546202292003082,0.8312111193803475,0.9021120090779533,0.8922841864018335,0.8755959468816213,"{'alpha': 0.0001, 'penalty': 'elasticnet', 'loss': 'log_loss', 'class_weight': 'balanced'}","['spec_kurtosis', 'mfcc_1', 'wav_detail_lvl5_std', 'mfcc_var']",0.7496251874062968,0.6203473945409429,0.946969696969697,0.7387044697297762,0.859,0.8994764397905759,0.8220095693779904,0.8946760927814368,0.9552355001946282,0.9738095238095238,0.9373567608861727,0.9934072781336514
SGD,0.8546172261129544,0.8317523435485339,0.8986564003591867,0.8926661573720397,0.87205736545741,"{'alpha': 0.0001, 'penalty': 'l2', 'loss': 'log_loss', 'class_weight': 'balanced'}","['spec_kurtosis', 'mfcc_1', 'wav_detail_lvl5_std', 'mfcc_var', 'mfcc_std']",0.7488584474885844,0.6259541984732825,0.9318181818181818,0.7323215458048007,0.8601294176207068,0.8962655601659751,0.8267942583732057,0.8906857334097019,0.954863813229572,0.9730372720063442,0.9373567608861727,0.9931648171577276
SGD,0.8545067956992006,0.8382499673901505,0.878594659554412,0.906035141329259,0.9055974699881757,"{'alpha': 0.0001, 'penalty': 'l2', 'loss': 'log_loss', 'class_weight': 'balanced'}","['spec_kurtosis', 'NDSI', 'mfcc_1', 'mfcc_var', 'wav_approx_std']",0.7097844112769486,0.6312684365781711,0.8106060606060606,0.8072060163903437,0.8815028901734104,0.8874878758486906,0.8755980861244019,0.9118309762547645,0.9722330856472429,0.9959935897435898,0.9495798319327731,0.997755417319419
SGD,0.854432628874041,0.8380611925183864,0.8786457007045242,0.9048892284186402,0.9100996115677423,"{'alpha': 0.0001, 'penalty': 'l2', 'loss': 'log_loss', 'class_weight': 'balanced'}","['spec_skew', 'spec_kurtosis', 'NDSI', 'mfcc_1', 'mfcc_var', 'wav_approx_std']",0.7131011608623549,0.6342182890855457,0.8143939393939394,0.8133570572354258,0.8798842257597684,0.8871595330739299,0.8727272727272727,0.918992675525701,0.9703125,0.9928057553956835,0.9488158899923606,0.9979491019420998
SGD,0.8544261631956247,0.839497225061233,0.8754447392992285,0.9056531703590527,0.9077924554297674,"{'alpha': 0.0001, 'penalty': 'elasticnet', 'loss': 'log_loss', 'class_weight': 'balanced'}","['spec_skew', 'NDSI', 'mfcc_1', 'mfcc_std', 'wav_approx_std']",0.7116357504215851,0.6413373860182371,0.7992424242424242,0.8094163713128575,0.881307063911581,0.8851351351351351,0.877511961722488,0.916202586510013,0.970335675253708,0.9920191540303273,0.9495798319327731,0.9977584084664317
SGD,0.8543818909131852,0.840489286617637,0.8733777402508052,0.9067990832696715,0.9048074662095269,"{'alpha': 0.0001, 'penalty': 'l2', 'loss': 'log_loss', 'class_weight': 'balanced'}","['spec_skew', 'spec_kurtosis', 'NDSI', 'mfcc_1', 'wav_approx_std']",0.7086882453151618,0.6439628482972136,0.7878787878787878,0.8035465770528969,0.8829174664107485,0.8854667949951877,0.8803827751196173,0.913016292741355,0.9715399610136453,0.9920382165605095,0.9518716577540107,0.9978595288343288
SGD,0.8543106876738827,0.8331861608933752,0.8984393917056455,0.893048128342246,0.8714216145684203,"{'alpha': 0.0001, 'penalty': 'elasticnet', 'loss': 'log_loss', 'class_weight': 'balanced'}","['mfcc_1', 'wav_detail_lvl5_std', 'mfcc_std']",0.7496206373292867,0.6253164556962025,0.9356060606060606,0.7127631841066814,0.8572884811416922,0.9171210468920392,0.8047846889952153,0.9149463971076367,0.9560229445506692,0.9571209800918836,0.9549274255156608,0.9865552624909424
SGD,0.8543034093249332,0.8330344805424339,0.9008646839916189,0.9018334606569901,0.892637593305006,"{'alpha': 0.0001, 'penalty': 'l2', 'loss': 'log_loss', 'class_weight': 'balanced'}","['mfcc_mean', 'spec_kurtosis', 'NDSI', 'mfcc_1', 'mfcc_var', 'mfcc_std']",0.7181008902077152,0.5902439024390244,0.9166666666666666,0.7561440647763289,0.8712273641851107,0.9183457051961824,0.8287081339712918,0.9241085996687021,0.9735819735819736,0.9905138339920949,0.9572192513368984,0.9976601154699873
SGD,0.8539493164133766,0.8385428490105625,0.8760077555743191,0.9048892284186402,0.9064599798078592,"{'alpha': 0.0001, 'penalty': 'elasticnet', 'loss': 'log_loss', 'class_weight': 'balanced'}","['mfcc_mean', 'spec_skew', 'NDSI', 'mfcc_1', 'wav_approx_std']",0.7114093959731543,0.6385542168674698,0.803030303030303,0.8071440212995508,0.8805755395683453,0.8826923076923077,0.8784688995215311,0.9145549311833384,0.9698630136986301,0.9943820224719101,0.946524064171123,0.9976809869406884
SGD,0.8539243461876151,0.8393954314398041,0.874120461581762,0.9048892284186402,0.9088165931518701,"{'alpha': 0.0001, 'penalty': 'elasticnet', 'loss': 'log_loss', 'class_weight': 'balanced'}","['mfcc_mean', 'spec_skew', 'spec_kurtosis', 'NDSI', 'mfcc_std', 'wav_approx_std']",0.711864406779661,0.6441717791411042,0.7954545454545454,0.8074010632976254,0.8808042125418861,0.8812260536398467,0.8803827751196173,0.9212173462962651,0.9691044192412984,0.9927884615384616,0.946524064171123,0.9978313698617202
SGD,0.8539008406671581,0.838481811969333,0.8762086812396411,0.9067990832696715,0.8984206573552059,"{'alpha': 0.0001, 'penalty': 'elasticnet', 'loss': 'log_loss', 'class_weight': 'balanced'}","['spec_kurtosis', 'NDSI', 'mfcc_var', 'mfcc_std', 'wav_approx_std']",0.705685618729097,0.6317365269461078,0.7992424242424242,0.7945578293488802,0.8825794032723773,0.8877057115198451,0.877511961722488,0.9029164880903693,0.9734375,0.9960031974420464,0.9518716577540107,0.9977876546263681
SGD,0.8536981335236974,0.8378121276791554,0.8761423389132368,0.8980137509549274,0.9010880026191442,"{'alpha': 0.0001, 'penalty': 'l2', 'loss': 'log_loss', 'class_weight': 'balanced'}","['mfcc_mean', 'spec_kurtosis', 'mfcc_1', 'mfcc_std', 'wav_approx_std']",0.7306397306397306,0.6575757575757576,0.821969696969697,0.8167142742278106,0.8724319159101768,0.8711832061068703,0.8736842105263158,0.8913396320919141,0.9580227540211848,0.9846774193548387,0.9327731092436975,0.9952101015377082
SGD,0.8536095178540624,0.8319027976840826,0.8916351708147374,0.8938120702826585,0.8946783098900445,"{'alpha': 0.0001, 'penalty': 'elasticnet', 'loss': 'log_loss', 'class_weight': 'balanced'}","['spec_skew', 'wav_detail_lvl5_std', 'wav_approx_std', 'mfcc_2']",0.740625,0.6303191489361702,0.8977272727272727,0.79404594993584,0.8641251221896383,0.8831168831168831,0.845933014354067,0.9010024737060855,0.956078431372549,0.9822723609991942,0.9312452253628725,0.9889865060282081
SGD,0.8535762562347792,0.8363116119944678,0.8803399988384508,0.9048892284186402,0.9066432000096358,"{'alpha': 0.0001, 'penalty': 'elasticnet', 'loss': 'log_loss', 'class_weight': 'balanced'}","['mfcc_mean', 'NDSI', 'mfcc_1', 'mfcc_var', 'mfcc_std', 'wav_approx_std']",0.7091503267973857,0.6235632183908046,0.821969696969697,0.7982090592689944,0.8793019873969947,0.8909626719056974,0.8679425837320575,0.923794179487633,0.972276454509957,0.994408945686901,0.9511077158135982,0.9979263612722803
SGD,0.8534775482007126,0.8321929249388139,0.8908148267281394,0.894576012223071,0.8788380623642554,"{'alpha': 0.0001, 'penalty': 'l2', 'loss': 'log_loss', 'class_weight': 'balanced'}","['NDSI', 'wav_detail_lvl5_std', 'wav_approx_std']",0.7386541471048513,0.6293333333333333,0.8939393939393939,0.7544210524474901,0.8643067846607669,0.8887765419615774,0.8411483253588516,0.8895811535863373,0.9574717128365197,0.9784688995215312,0.9373567608861727,0.9925119810589388
SGD,0.8534037903490361,0.8380248761272858,0.8755734032049821,0.9056531703590527,0.9036815108399995,"{'alpha': 0.0001, 'penalty': 'elasticnet', 'loss': 'log_loss', 'class_weight': 'balanced'}","['mfcc_mean', 'spec_kurtosis', 'NDSI', 'mfcc_var', 'mfcc_std', 'wav_approx_std']",0.7068676716917923,0.6336336336336337,0.7992424242424242,0.7996919381682567,0.8815347721822542,0.8836538461538461,0.8794258373205741,0.9136065804572975,0.9718089271730619,0.9967871485943776,0.948051948051948,0.9977460138944444
SGD,0.8531323139527824,0.8334830787660975,0.8927120609009154,0.9052711993888465,0.8441998966723258,"{'alpha': 0.0001, 'penalty': 'l2', 'loss': 'log_loss', 'class_weight': 'balanced'}","['mfcc_mean', 'NDSI', 'mfcc_var', 'mfcc_std']",0.7042682926829268,0.5892857142857143,0.875,0.6144565459797686,0.8764382191095548,0.9182389937106918,0.8382775119617225,0.9206935591379347,0.978690430065866,0.9929245283018868,0.9648586707410237,0.9974495848992738
SGD,0.853033100577704,0.8316911059802056,0.9014760609187853,0.900305576776165,0.8989634815330443,"{'alpha': 0.0001, 'penalty': 'l2', 'loss': 'log_loss', 'class_weight': 'balanced'}","['mfcc_mean', 'spec_skew', 'NDSI', 'mfcc_1', 'mfcc_var', 'mfcc_std']",0.7176470588235294,0.5865384615384616,0.9242424242424242,0.7735346926535087,0.8682483594144371,0.9188034188034188,0.8229665071770335,0.9256194108369712,0.9732038834951456,0.9897314375987362,0.9572192513368984,0.997736341108653
SGD,0.8528983523558867,0.839075354552544,0.8714990461894487,0.8995416348357524,0.9023136482662074,"{'alpha': 0.0001, 'penalty': 'elasticnet', 'loss': 'log_loss', 'class_weight': 'balanced'}","['mfcc_mean', 'spec_skew', 'spec_kurtosis', 'mfcc_std', 'wav_approx_std']",0.7238421955403087,0.6614420062695925,0.7992424242424242,0.8127251495288788,0.8748215135649691,0.8702651515151515,0.8794258373205741,0.8985451424755788,0.9600313479623824,0.9855189058728882,0.9358288770053476,0.9956706527941648
SGD,0.8527722040315782,0.8314918363586669,0.8972676790014251,0.8949579831932774,0.896159648047082,"{'alpha': 0.0001, 'penalty': 'elasticnet', 'loss': 'log_loss', 'class_weight': 'balanced'}","['mfcc_1', 'wav_detail_lvl5_std', 'mfcc_var', 'wav_approx_std']",0.7360482654600302,0.6115288220551378,0.9242424242424242,0.7922684084827554,0.8607594936708861,0.9139784946236559,0.8133971291866029,0.9100210858735425,0.9615088529638183,0.9689681923972071,0.9541634835752483,0.986189449784948
SGD,0.8527705441804997,0.8362106467606063,0.8768876290548118,0.8987776928953399,0.9000013618774044,"{'alpha': 0.0001, 'penalty': 'l2', 'loss': 'log_loss', 'class_weight': 'balanced'}","['spec_skew', 'mfcc_1', 'mfcc_var', 'mfcc_std', 'wav_approx_std']",0.7254575707154742,0.6468842729970327,0.8257575757575758,0.8105124384284053,0.8717948717948718,0.8816046966731899,0.8622009569377991,0.8949527540556931,0.9610591900311527,0.9801429706115965,0.9427043544690603,0.9945388931481152
SGD,0.8525110039760783,0.8372183201257927,0.8744261500453451,0.9041252864782277,0.9065343739608404,"{'alpha': 0.0001, 'penalty': 'elasticnet', 'loss': 'log_loss', 'class_weight': 'balanced'}","['mfcc_mean', 'spec_skew', 'NDSI', 'mfcc_std', 'wav_approx_std']",0.7080536912751678,0.6355421686746988,0.7992424242424242,0.8060404380532358,0.8796163069544365,0.8817307692307692,0.877511961722488,0.9158793041408245,0.9698630136986301,0.9943820224719101,0.946524064171123,0.9976833796884612
SGD,0.8524831376156614,0.8381608847144372,0.8722550583231699,0.8987776928953399,0.8942616876140942,"{'alpha': 0.0001, 'penalty': 'l2', 'loss': 'log_loss', 'class_weight': 'balanced'}","['mfcc_mean', 'spec_skew', 'spec_kurtosis', 'wav_approx_std']",0.7235494880546075,0.6583850931677019,0.803030303030303,0.8117493529729359,0.8744670772145903,0.8658536585365854,0.8832535885167464,0.8763152591663845,0.9594328475777866,0.9902439024390244,0.93048128342246,0.9947204507029621
SGD,0.8523898523515642,0.8361692412139629,0.8758312894535805,0.8995416348357524,0.8942984493061484,"{'alpha': 0.0001, 'penalty': 'elasticnet', 'loss': 'log_loss', 'class_weight': 'balanced'}","['spec_skew', 'spec_kurtosis', 'mfcc_var', 'wav_approx_std']",0.7212020033388982,0.6447761194029851,0.8181818181818182,0.8041252383733268,0.8734968734968735,0.8781431334622823,0.8688995215311005,0.8838261732000035,0.962470680218921,0.9855884707766213,0.9404125286478228,0.994943936345115
SGD,0.8523772362695298,0.8386809955150193,0.8710321927814189,0.9048892284186402,0.9044781949972159,"{'alpha': 0.0001, 'penalty': 'l2', 'loss': 'log_loss', 'class_weight': 'balanced'}","['spec_skew', 'spec_kurtosis', 'NDSI', 'mfcc_var', 'wav_approx_std']",0.7064846416382252,0.6428571428571429,0.7840909090909091,0.8027292780968122,0.8806899856252994,0.8819577735124761,0.8794258373205741,0.9128009442337602,0.9699570815450643,0.9912280701754386,0.9495798319327731,0.9979043626610755
SGD,0.8521697416283424,0.8356788121490183,0.8761396584152003,0.8983957219251337,0.905923786554088,"{'alpha': 0.0001, 'penalty': 'l2', 'loss': 'log_loss', 'class_weight': 'balanced'}","['mfcc_mean', 'spec_skew', 'mfcc_1', 'mfcc_var', 'wav_approx_std']",0.7233333333333334,0.6458333333333334,0.821969696969697,0.8221034505509242,0.8723608445297505,0.8748796920115496,0.8698564593301435,0.8999149118309533,0.9608150470219435,0.9863234111021721,0.9365928189457601,0.9957529972803864
SGD,0.8521598723822673,0.8362624712240244,0.8756217638570579,0.9048892284186402,0.9045807321193399,"{'alpha': 0.001, 'penalty': 'l2', 'loss': 'log_loss', 'class_weight': 'balanced'}","['spec_skew', 'NDSI', 'mfcc_var', 'wav_approx_std']",0.7043189368770764,0.6272189349112426,0.803030303030303,0.804970170538222,0.8798842257597684,0.8871595330739299,0.8727272727272727,0.9111600049351568,0.972276454509957,0.994408945686901,0.9511077158135982,0.9976120208846407
SGD,0.8520674279680938,0.8352942525572221,0.8766356622393774,0.8980137509549274,0.9059044157052435,"{'alpha': 0.0001, 'penalty': 'elasticnet', 'loss': 'log_loss', 'class_weight': 'balanced'}","['mfcc_mean', 'spec_skew', 'spec_kurtosis', 'mfcc_1', 'mfcc_std', 'wav_approx_std']",0.7242524916943521,0.6449704142011834,0.8257575757575758,0.8217755449248025,0.8714492055849783,0.876937984496124,0.8660287081339713,0.9002398462880787,0.9605005866249511,0.9839743589743589,0.9381207028265852,0.9956978559028491
SGD,0.8520158147557656,0.8381863828825983,0.8706064403432824,0.8983957219251337,0.901923118638584,"{'alpha': 0.0001, 'penalty': 'elasticnet', 'loss': 'log_loss', 'class_weight': 'balanced'}","['mfcc_mean', 'spec_skew', 'spec_kurtosis', 'mfcc_var', 'wav_approx_std']",0.7238421955403087,0.6614420062695925,0.7992424242424242,0.8126022069580091,0.8733333333333333,0.8691943127962085,0.877511961722488,0.8975270994624766,0.9588719153936546,0.9839228295819936,0.935064935064935,0.9956400494952666
SGD,0.8519880672609483,0.8293419016271528,0.8933082483392081,0.8907563025210085,0.8969157233371586,"{'alpha': 0.0001, 'penalty': 'elasticnet', 'loss': 'log_loss', 'class_weight': 'balanced'}","['spec_kurtosis', 'NDSI', 'wav_detail_lvl5_std', 'wav_approx_std', 'mfcc_2']",0.7426810477657936,0.625974025974026,0.9128787878787878,0.7970781722570934,0.860078277886497,0.8798798798798799,0.8411483253588516,0.9036508586994567,0.9532048761305545,0.9821717990275527,0.9258976317799847,0.9900181390549261
SGD,0.8519303334831183,0.836630284565847,0.8738525234655264,0.9033613445378151,0.9064863300809041,"{'alpha': 0.0001, 'penalty': 'l2', 'loss': 'log_loss', 'class_weight': 'balanced'}","['mfcc_mean', 'spec_skew', 'NDSI', 'mfcc_var', 'wav_approx_std']",0.7080536912751678,0.6355421686746988,0.7992424242424242,0.8064802596686224,0.8786570743405275,0.8807692307692307,0.876555023923445,0.9152780359584751,0.9690802348336595,0.9935794542536116,0.9457601222307105,0.997700694615615
SGD,0.8518046884491831,0.8290894602647553,0.8959408324733401,0.891520244461421,0.8878194805901192,"{'alpha': 0.0001, 'penalty': 'elasticnet', 'loss': 'log_loss', 'class_weight': 'balanced'}","['NDSI', 'wav_detail_lvl5_std', 'mfcc_2']",0.7405159332321699,0.6177215189873417,0.9242424242424242,0.7630749943709354,0.858987090367428,0.8926728586171311,0.8277511961722488,0.908983615829499,0.9559110417479516,0.9768740031897927,0.9358288770053476,0.9913998315699228
SGD,0.851779540243486,0.8285605723038186,0.8990774619257591,0.8907563025210085,0.8632068265808149,"{'alpha': 0.0001, 'penalty': 'elasticnet', 'loss': 'log_loss', 'class_weight': 'balanced'}","['spec_kurtosis', 'mfcc_1', 'wav_detail_lvl5_std', 'mfcc_std']",0.7425149700598802,0.6138613861386139,0.9393939393939394,0.7062372993931175,0.8572854291417166,0.8957247132429614,0.8220095693779904,0.8893475414056276,0.9555382215288611,0.9760956175298805,0.9358288770053476,0.9940356389436997
SGD,0.8517177086065222,0.837249844055007,0.871550087339561,0.8983957219251337,0.9003300898788108,"{'alpha': 0.0001, 'penalty': 'l2', 'loss': 'log_loss', 'class_weight': 'balanced'}","['mfcc_mean', 'spec_skew', 'mfcc_1', 'wav_approx_std']",0.7223168654173765,0.6563467492260062,0.803030303030303,0.8101119447760089,0.8732125834127741,0.8698955365622032,0.876555023923445,0.8952252739422244,0.9596236769894159,0.9855072463768116,0.935064935064935,0.9956530509181991
SGD,0.8517172953909058,0.835634243768589,0.8748100197016605,0.8983957219251337,0.8952832538790947,"{'alpha': 0.0001, 'penalty': 'elasticnet', 'loss': 'log_loss', 'class_weight': 'balanced'}","['spec_skew', 'mfcc_1', 'mfcc_std', 'wav_approx_std']",0.7224080267558528,0.6467065868263473,0.8181818181818182,0.7963417356620376,0.8717454194792671,0.8785228377065112,0.8650717703349282,0.8946415790939114,0.9609984399375975,0.9816733067729083,0.9411764705882353,0.9948664468813352
SGD,0.8515426018936929,0.8355899885297823,0.8742390736198785,0.8972498090145149,0.888737877426566,"{'alpha': 0.0001, 'penalty': 'elasticnet', 'loss': 'log_loss', 'class_weight': 'balanced'}","['spec_skew', 'mfcc_std', 'wav_approx_std']",0.7248322147651006,0.6506024096385542,0.8181818181818182,0.7861012801879231,0.870859337493999,0.873795761078998,0.8679425837320575,0.8854488711757206,0.9589362534219789,0.9823717948717948,0.9365928189457601,0.9946634809160539
SGD,0.8515196030901994,0.8305545838801632,0.8934803586506371,0.8877005347593583,0.8908336459896788,"{'alpha': 0.0001, 'penalty': 'elasticnet', 'loss': 'log_loss', 'class_weight': 'balanced'}","['wav_detail_lvl5_std', 'mfcc_var', 'mfcc_std']",0.7557603686635944,0.6356589147286822,0.9318181818181818,0.780142913014404,0.8503054989816701,0.9085963003264418,0.7990430622009569,0.910682523776358,0.9484929416253338,0.9474085365853658,0.9495798319327731,0.9816755011782744
SGD,0.8512775186148239,0.8302085466201868,0.8950614057425202,0.894576012223071,0.8829866064858113,"{'alpha': 0.0001, 'penalty': 'l2', 'loss': 'log_loss', 'class_weight': 'balanced'}","['mfcc_1', 'wav_detail_lvl5_std', 'wav_approx_std']",0.7311178247734139,0.6080402010050251,0.9166666666666666,0.7516402039369758,0.8604651162790697,0.9121114683815649,0.8143540669856459,0.9088672026043493,0.9622496147919877,0.9704739704739704,0.9541634835752483,0.9884524129161092
SGD,0.8512395506653719,0.8353600252379619,0.8746648260580149,0.9037433155080213,0.9047535954579584,"{'alpha': 0.001, 'penalty': 'elasticnet', 'loss': 'log_loss', 'class_weight': 'balanced'}","['spec_skew', 'NDSI', 'mfcc_1', 'wav_approx_std']",0.7043189368770764,0.6272189349112426,0.803030303030303,0.8046761616114987,0.8782608695652174,0.8868292682926829,0.8698564593301435,0.9119878055297344,0.9711388455538221,0.9920318725099602,0.9511077158135982,0.9975968192326423
SGD,0.851129120907073,0.8365333657163344,0.8712311080732134,0.8980137509549274,0.9004666670536493,"{'alpha': 0.0001, 'penalty': 'l2', 'loss': 'log_loss', 'class_weight': 'balanced'}","['mfcc_mean', 'spec_skew', 'spec_kurtosis', 'mfcc_1', 'wav_approx_std']",0.7210884353741497,0.654320987654321,0.803030303030303,0.8108245842189851,0.8726752503576538,0.8697718631178707,0.8755980861244019,0.8949341450761736,0.9596236769894159,0.9855072463768116,0.935064935064935,0.9956412718657891
SGD,0.8508028191782279,0.8359676714908003,0.8712821492233257,0.8968678380443086,0.8951532755328233,"{'alpha': 0.0001, 'penalty': 'elasticnet', 'loss': 'log_loss', 'class_weight': 'balanced'}","['mfcc_mean', 'mfcc_1', 'mfcc_var', 'wav_approx_std']",0.7232597623089984,0.6553846153846153,0.8068181818181818,0.7946293495281489,0.8710601719197708,0.8693994280266921,0.8727272727272727,0.8953819554248232,0.9580885233059147,0.9831189710610932,0.9343009931245225,0.9954485216454978
SGD,0.8507721937870611,0.8317709238196919,0.9099826214377299,0.8983957219251337,0.8893108089278657,"{'alpha': 0.0001, 'penalty': 'l2', 'loss': 'log_loss', 'class_weight': 'balanced'}","['NDSI', 'mfcc_std', 'mfcc_2']",0.7150837988826816,0.5663716814159292,0.9696969696969697,0.7288252529975506,0.8610240334378265,0.9482163406214039,0.7885167464114833,0.9418337609668082,0.9762087490406753,0.9807247494217425,0.9717341482047365,0.9972734128192389
SGD,0.8507127706836677,0.8289293817750026,0.8897212952166512,0.891520244461421,0.8708891808821773,"{'alpha': 0.0001, 'penalty': 'elasticnet', 'loss': 'log_loss', 'class_weight': 'balanced'}","['spec_skew', 'wav_detail_lvl5_std', 'mfcc_2']",0.7360248447204969,0.6236842105263158,0.8977272727272727,0.72150472310333,0.8607843137254902,0.8824120603015075,0.8401913875598086,0.9027150677234373,0.9553291536050157,0.9806918744971842,0.9312452253628725,0.9884477518197644
SGD,0.850678094952435,0.831603039911002,0.8824559169760408,0.8968678380443086,0.8233200689474686,"{'alpha': 0.0001, 'penalty': 'elasticnet', 'loss': 'log_loss', 'class_weight': 'balanced'}","['mfcc_mean', 'mfcc_2']",0.7220447284345048,0.6243093922651933,0.8560606060606061,0.6033079961184123,0.8672566371681416,0.8918099089989889,0.8440191387559809,0.8721361555909859,0.9627329192546584,0.978689818468824,0.9472880061115355,0.9945160551330077
SGD,0.8506575294046778,0.835179099057331,0.8724777630350387,0.8976317799847212,0.8893918561047943,"{'alpha': 0.0001, 'penalty': 'elasticnet', 'loss': 'log_loss', 'class_weight': 'balanced'}","['spec_skew', 'mfcc_var', 'wav_approx_std']",0.7205387205387206,0.6484848484848484,0.8106060606060606,0.7884512179026574,0.8712776176753122,0.8746383799421408,0.8679425837320575,0.8850988008568587,0.96015625,0.982414068745004,0.9388846447669977,0.9946255495548667
SGD,0.8505276335085453,0.8332333196061436,0.8764937075308592,0.8968678380443086,0.8983107573513522,"{'alpha': 0.0001, 'penalty': 'l2', 'loss': 'log_loss', 'class_weight': 'balanced'}","['spec_skew', 'mfcc_1', 'mfcc_var', 'wav_approx_std']",0.7215815485996705,0.6384839650145773,0.8295454545454546,0.8097971867007059,0.8694390715667312,0.8787878787878788,0.8602870813397129,0.8906687063830597,0.9605622803592346,0.9824281150159745,0.9396485867074102,0.9944663789702912
SGD,0.8504646041650238,0.8358816914873287,0.870603759845246,0.8987776928953399,0.9018660964304944,"{'alpha': 0.0001, 'penalty': 'elasticnet', 'loss': 'log_loss', 'class_weight': 'balanced'}","['mfcc_mean', 'spec_skew', 'spec_kurtosis', 'mfcc_var', 'mfcc_std', 'wav_approx_std']",0.7164685908319185,0.6492307692307693,0.7992424242424242,0.8126128001808546,0.8732663797226208,0.872848948374761,0.8736842105263158,0.8972269476640627,0.9616588419405321,0.9855653568564555,0.9388846447669977,0.9957585414465662
SGD,0.8504453336289179,0.8352783243324109,0.8716627799445137,0.8976317799847212,0.9029672159489458,"{'alpha': 0.001, 'penalty': 'elasticnet', 'loss': 'log_loss', 'class_weight': 'balanced'}","['mfcc_mean', 'spec_skew', 'mfcc_1', 'mfcc_var', 'mfcc_std', 'wav_approx_std']",0.7195945945945946,0.649390243902439,0.8068181818181818,0.8169029003678052,0.8716475095785441,0.87248322147651,0.8708133971291866,0.8966896751590625,0.960093896713615,0.9839615076182838,0.9373567608861727,0.99530907231997
SGD,0.8504380985170318,0.8317785941582242,0.9085402901192374,0.8991596638655462,0.9012363919447606,"{'alpha': 0.0001, 'penalty': 'elasticnet', 'loss': 'log_loss', 'class_weight': 'balanced'}","['NDSI', 'mfcc_var', 'mfcc_2']",0.711484593837535,0.5644444444444444,0.9621212121212122,0.7611134808834082,0.8620689655172413,0.9493670886075949,0.7894736842105263,0.9451586085683157,0.977760736196319,0.9815242494226328,0.974025974025974,0.9974370863825578
SGD,0.8504368119351481,0.836140373321038,0.8704585662016001,0.9041252864782277,0.9034168135543562,"{'alpha': 0.0001, 'penalty': 'l2', 'loss': 'log_loss', 'class_weight': 'balanced'}","['mfcc_mean', 'spec_kurtosis', 'NDSI', 'mfcc_1', 'wav_approx_std']",0.700507614213198,0.6330275229357798,0.7840909090909091,0.8020691374790825,0.879731672256828,0.8809980806142035,0.8784688995215311,0.9105665358396496,0.9710711493354183,0.9943955164131305,0.9488158899923606,0.9976147673443366
SGD,0.8503465174064534,0.8330957223729504,0.8760971055088702,0.8953399541634836,0.891110967008509,"{'alpha': 0.0001, 'penalty': 'elasticnet', 'loss': 'log_loss', 'class_weight': 'balanced'}","['spec_kurtosis', 'mfcc_1', 'mfcc_var', 'mfcc_std', 'wav_approx_std']",0.7260726072607261,0.6432748538011696,0.8333333333333334,0.797316834023991,0.8669902912621359,0.8798029556650246,0.8545454545454545,0.8826944441745541,0.9579766536964981,0.9762093576526566,0.9404125286478228,0.9933216228269818
SGD,0.8503162218741149,0.8373022420209354,0.8678179405733585,0.904507257448434,0.9047812463714665,"{'alpha': 0.0001, 'penalty': 'l2', 'loss': 'log_loss', 'class_weight': 'balanced'}","['spec_skew', 'spec_kurtosis', 'NDSI', 'mfcc_std', 'wav_approx_std']",0.6998284734133791,0.6394984326018809,0.7727272727272727,0.8025809634322907,0.8803827751196173,0.8803827751196173,0.8803827751196173,0.9138874388502254,0.9707374170893485,0.9920255183413078,0.9503437738731857,0.9978753368318835
SGD,0.8502936001602022,0.8279147301633055,0.8919786096256684,0.8907563025210085,0.8989846588499364,"{'alpha': 0.0001, 'penalty': 'elasticnet', 'loss': 'log_loss', 'class_weight': 'balanced'}","['spec_skew', 'NDSI', 'wav_detail_lvl5_std', 'wav_approx_std', 'mfcc_2']",0.7361963190184049,0.6185567010309279,0.9090909090909091,0.804738669685225,0.8593903638151426,0.8837209302325582,0.8363636363636363,0.9027273715275128,0.9552941176470588,0.9814665592264303,0.93048128342246,0.9894879353370715
SGD,0.8499596220697613,0.8355954891376927,0.8696495025442393,0.8972498090145149,0.9015825456410212,"{'alpha': 0.0001, 'penalty': 'elasticnet', 'loss': 'log_loss', 'class_weight': 'balanced'}","['mfcc_mean', 'spec_skew', 'mfcc_std', 'wav_approx_std']",0.7189097103918228,0.653250773993808,0.7992424242424242,0.8115392676682041,0.87172150691464,0.8688212927756654,0.8746411483253589,0.8975252660765703,0.9592476489028213,0.9847144006436042,0.935064935064935,0.9956831031782896
SGD,0.8498644918784163,0.8288048229866639,0.9054654238090771,0.8972498090145149,0.8286847816585191,"{'alpha': 0.0001, 'penalty': 'elasticnet', 'loss': 'log_loss', 'class_weight': 'balanced'}","['mfcc_mean', 'spec_skew', 'NDSI', 'mfcc_1']",0.7130681818181818,0.5704545454545454,0.9507575757575758,0.5794520219684361,0.8625447112927951,0.9254385964912281,0.8076555023923445,0.9091935588657457,0.9739805825242719,0.990521327014218,0.957983193277311,0.9974087641413754
SGD,0.8498571070583023,0.8353800414918657,0.8700354942615004,0.8972498090145149,0.8942903964556544,"{'alpha': 0.0001, 'penalty': 'l2', 'loss': 'log_loss', 'class_weight': 'balanced'}","['mfcc_mean', 'spec_skew', 'wav_approx_std']",0.717687074829932,0.6512345679012346,0.7992424242424242,0.810651647707778,0.8724513987671882,0.8646616541353384,0.8803827751196173,0.8774468218182414,0.9594328475777866,0.9902439024390244,0.93048128342246,0.994772719840944
SGD,0.8497601186756601,0.8282926999116839,0.8879466938290467,0.8907563025210085,0.8608325584650253,"{'alpha': 0.0001, 'penalty': 'l2', 'loss': 'log_loss', 'class_weight': 'balanced'}","['spec_kurtosis', 'mfcc_1', 'wav_detail_lvl5_std']",0.735202492211838,0.6243386243386243,0.8939393939393939,0.6964569229508699,0.8593903638151426,0.8837209302325582,0.8363636363636363,0.8920109165267748,0.9546875,0.9768185451638689,0.93353705118411,0.9940298359174309
SGD,0.8497257778238115,0.8282981888909223,0.8878823618761699,0.8907563025210085,0.8619021612998862,"{'alpha': 0.0001, 'penalty': 'elasticnet', 'loss': 'log_loss', 'class_weight': 'balanced'}","['spec_kurtosis', 'wav_detail_lvl5_std', 'mfcc_var']",0.735202492211838,0.6243386243386243,0.8939393939393939,0.6998105938226824,0.859251968503937,0.8844984802431611,0.8354066985645933,0.8919765632503176,0.9547228727556596,0.9760574620909817,0.9343009931245225,0.9939193268266586
SGD,0.8496794304251147,0.8290262226065996,0.8983745013156778,0.8991596638655462,0.8585940141786322,"{'alpha': 0.0001, 'penalty': 'l2', 'loss': 'log_loss', 'class_weight': 'balanced'}","['mfcc_mean', 'spec_skew', 'NDSI', 'mfcc_var']",0.7076023391812866,0.5761904761904761,0.9166666666666666,0.661009208447199,0.8662613981762918,0.9203444564047363,0.8181818181818182,0.9172323962394094,0.9751745539177658,0.9905437352245863,0.9602750190985485,0.9975404378492885
SGD,0.8496600979151591,0.8290098870262567,0.9142373536336384,0.8941940412528648,0.9249209090467477,"{'alpha': 0.0001, 'penalty': 'elasticnet', 'loss': 'log_loss', 'class_weight': 'balanced'}","['spec_kurtosis', 'NDSI', 'mfcc_1', 'mfcc_std', 'mfcc_2']",0.7215363511659808,0.5655913978494623,0.9962121212121212,0.84683405627433,0.8561038961038961,0.9363636363636364,0.7885167464114833,0.9321206306969662,0.9713400464756003,0.9850746268656716,0.957983193277311,0.9958080401689471
SGD,0.8496428036721225,0.8341308063284093,0.8717271118973905,0.8976317799847212,0.9070345072497719,"{'alpha': 0.0001, 'penalty': 'l2', 'loss': 'log_loss', 'class_weight': 'balanced'}","['mfcc_mean', 'spec_skew', 'spec_kurtosis', 'mfcc_1', 'mfcc_var', 'wav_approx_std']",0.7159663865546219,0.6435045317220544,0.8068181818181818,0.8230574415118755,0.8717703349282296,0.8717703349282296,0.8717703349282296,0.9022659281397306,0.9611916895335163,0.9871175523349437,0.9365928189457601,0.9957801520977093
SGD,0.8496328747026417,0.8279845361239039,0.8873140962924245,0.8892284186401833,0.8686630509003773,"{'alpha': 0.0001, 'penalty': 'elasticnet', 'loss': 'log_loss', 'class_weight': 'balanced'}","['spec_kurtosis', 'wav_detail_lvl5_std', 'mfcc_2']",0.7386541471048513,0.6293333333333333,0.8939393939393939,0.7136872426726201,0.8585365853658536,0.8756218905472637,0.8421052631578947,0.9032103994913193,0.9517078916372202,0.9789983844911146,0.9258976317799847,0.9890915105371927
SGD,0.8495775095013381,0.8331002769037424,0.87366544704006,0.8964858670741024,0.8936864316793631,"{'alpha': 0.0001, 'penalty': 'elasticnet', 'loss': 'log_loss', 'class_weight': 'balanced'}","['spec_skew', 'spec_kurtosis', 'mfcc_std', 'wav_approx_std']",0.718801996672213,0.6409495548961425,0.8181818181818182,0.8023300357550804,0.8698991838694191,0.8728323699421965,0.8669856459330143,0.883756293560216,0.9600313479623824,0.9855189058728882,0.9358288770053476,0.9949729657227929
SGD,0.8495236077652835,0.8272322964773525,0.892471932951809,0.8907563025210085,0.8905705905514366,"{'alpha': 0.0001, 'penalty': 'l2', 'loss': 'log_loss', 'class_weight': 'balanced'}","['NDSI', 'wav_detail_lvl5_std', 'wav_approx_std', 'mfcc_2']",0.7336377473363774,0.6132315521628499,0.9128787878787878,0.7762776403608707,0.8582755203171457,0.8900308324768756,0.8287081339712918,0.9035888281203531,0.9566575556423272,0.9784345047923323,0.9358288770053476,0.9918453031730862
SGD,0.8495233839552291,0.833914652809162,0.8716494891417491,0.8964858670741024,0.8896215879734175,"{'alpha': 0.0001, 'penalty': 'l2', 'loss': 'log_loss', 'class_weight': 'balanced'}","['spec_skew', 'mfcc_1', 'wav_approx_std']",0.719327731092437,0.6465256797583081,0.8106060606060606,0.7876534318184589,0.8698991838694191,0.8728323699421965,0.8669856459330143,0.8865035308457635,0.9593432369038312,0.9823859087269816,0.9373567608861727,0.9947078012560302
SGD,0.8494613102903642,0.8321262595825453,0.8758047078480514,0.8972498090145149,0.8990974901918873,"{'alpha': 0.0001, 'penalty': 'elasticnet', 'loss': 'log_loss', 'class_weight': 'balanced'}","['spec_skew', 'spec_kurtosis', 'mfcc_1', 'mfcc_std', 'wav_approx_std']",0.715927750410509,0.6318840579710145,0.8257575757575758,0.8098855368956449,0.8699855002416627,0.87890625,0.861244019138756,0.8922955362106998,0.962470680218921,0.9855884707766213,0.9404125286478228,0.9951113974693173
SGD,0.849440346931608,0.8378879358711796,0.8644909957603456,0.9048892284186402,0.9062702322906294,"{'alpha': 0.0001, 'penalty': 'elasticnet', 'loss': 'log_loss', 'class_weight': 'balanced'}","['mfcc_mean', 'NDSI', 'mfcc_1', 'mfcc_std', 'wav_approx_std']",0.6956521739130435,0.6430868167202572,0.7575757575757576,0.7965284109081471,0.8815977175463623,0.8761814744801513,0.8870813397129187,0.9244310484482363,0.9710711493354183,0.9943955164131305,0.9488158899923606,0.9978512375155049
SGD,0.849309457856554,0.8343600251922236,0.8701455063684166,0.8968678380443086,0.9016501418235218,"{'alpha': 0.001, 'penalty': 'l2', 'loss': 'log_loss', 'class_weight': 'balanced'}","['mfcc_mean', 'spec_skew', 'mfcc_var', 'mfcc_std', 'wav_approx_std']",0.7174280879864636,0.6483180428134556,0.803030303030303,0.814419619826136,0.8708133971291866,0.8708133971291866,0.8708133971291866,0.8952816722578786,0.9596868884540117,0.9839486356340289,0.9365928189457601,0.9952491333865505
SGD,0.8492862905886072,0.8317876182656457,0.8754671884702844,0.8934300993124522,0.9046552733005236,"{'alpha': 0.0001, 'penalty': 'l2', 'loss': 'log_loss', 'class_weight': 'balanced'}","['mfcc_mean', 'spec_skew', 'NDSI', 'wav_approx_std', 'mfcc_2']",0.7260726072607261,0.6432748538011696,0.8333333333333334,0.8128904146840058,0.8661870503597122,0.8682692307692308,0.8641148325358852,0.90604082024936,0.9555992141453831,0.9838187702265372,0.9289533995416348,0.9950345849682053
SGD,0.8492848895000401,0.8283149383337293,0.8937854886771296,0.893048128342246,0.883795314429135,"{'alpha': 0.0001, 'penalty': 'elasticnet', 'loss': 'log_loss', 'class_weight': 'balanced'}","['wav_detail_lvl5_std', 'mfcc_var', 'wav_approx_std']",0.7278195488721805,0.6034912718204489,0.9166666666666666,0.7558234613284747,0.8581560283687943,0.9117330462863293,0.8105263157894737,0.9078089631322469,0.9618790912591452,0.96972049689441,0.9541634835752483,0.9877535188266834
SGD,0.8491750867972018,0.837100052044332,0.8651156634902765,0.904507257448434,0.9061728431008446,"{'alpha': 0.0001, 'penalty': 'elasticnet', 'loss': 'log_loss', 'class_weight': 'balanced'}","['mfcc_mean', 'NDSI', 'mfcc_1', 'mfcc_var', 'wav_approx_std']",0.6955017301038062,0.6401273885350318,0.7613636363636364,0.7951322872886829,0.8809523809523809,0.8767772511848341,0.8851674641148325,0.9254428573737421,0.9710711493354183,0.9943955164131305,0.9488158899923606,0.9979433846401087
SGD,0.8491015392409099,0.8346906387190757,0.8695792511581986,0.9041252864782277,0.9042299284454841,"{'alpha': 0.0001, 'penalty': 'elasticnet', 'loss': 'log_loss', 'class_weight': 'balanced'}","['mfcc_mean', 'spec_kurtosis', 'NDSI', 'mfcc_var', 'wav_approx_std']",0.6947723440134908,0.6261398176291794,0.7803030303030303,0.801639633839094,0.8799617407938786,0.8795411089866156,0.8803827751196173,0.9132525977894037,0.9725705329153606,0.998390989541432,0.948051948051948,0.9977975537079548
SGD,0.8490887977225974,0.8300004958041108,0.8803193366660859,0.8957219251336899,0.9066516444284117,"{'alpha': 0.0001, 'penalty': 'elasticnet', 'loss': 'log_loss', 'class_weight': 'balanced'}","['mfcc_mean', 'spec_skew', 'spec_kurtosis', 'mfcc_1', 'mfcc_var', 'mfcc_std', 'wav_approx_std']",0.717948717948718,0.6222222222222222,0.8484848484848485,0.8243340821020152,0.8672824501701507,0.8814229249011858,0.8535885167464115,0.8997687468649709,0.9620352250489237,0.9863563402889246,0.9388846447669977,0.9958521043182493
SGD,0.848990034681814,0.8321885023257692,0.8737808201430491,0.8953399541634836,0.9019912419216034,"{'alpha': 0.0001, 'penalty': 'elasticnet', 'loss': 'log_loss', 'class_weight': 'balanced'}","['mfcc_mean', 'spec_kurtosis', 'mfcc_1', 'mfcc_var', 'wav_approx_std']",0.7197346600331676,0.640117994100295,0.821969696969697,0.8203316443784521,0.8683957732949087,0.8717454194792671,0.8650717703349282,0.8903442810125957,0.9588396707173658,0.9847020933977456,0.9343009931245225,0.9952978003737624
SGD,0.8489507823713276,0.8321657985485812,0.8739817458083712,0.8972498090145149,0.8941044870732839,"{'alpha': 0.0001, 'penalty': 'elasticnet', 'loss': 'log_loss', 'class_weight': 'balanced'}","['spec_skew', 'spec_kurtosis', 'mfcc_1', 'wav_approx_std']",0.7140495867768595,0.6334310850439883,0.8181818181818182,0.8019668959749697,0.8703614457831326,0.8766990291262136,0.8641148325358852,0.8852852473973554,0.9624413145539906,0.9863672814755413,0.9396485867074102,0.9950613178475267
SGD,0.8489361954490692,0.8339731097670215,0.8705069268536759,0.9033613445378151,0.904725258875028,"{'alpha': 0.001, 'penalty': 'l2', 'loss': 'log_loss', 'class_weight': 'balanced'}","['spec_skew', 'NDSI', 'mfcc_std', 'wav_approx_std']",0.6968174204355109,0.6246246246246246,0.7878787878787878,0.8048689038558458,0.8780722891566265,0.8844660194174757,0.8717703349282296,0.911724715646158,0.9719188767550702,0.9928286852589642,0.9518716577540107,0.9975821571230801
SGD,0.8488664934944073,0.827139920784003,0.8880620669320359,0.8896103896103896,0.8620106066051036,"{'alpha': 0.0001, 'penalty': 'elasticnet', 'loss': 'log_loss', 'class_weight': 'balanced'}","['spec_kurtosis', 'wav_detail_lvl5_std', 'mfcc_std']",0.7348837209302326,0.6220472440944882,0.8977272727272727,0.6982114482072784,0.8578455484505657,0.8825910931174089,0.8344497607655502,0.8938479690014018,0.9538702111024238,0.9767814251401121,0.932009167303285,0.9939724026066308
SGD,0.8483131171020445,0.8252806184818838,0.8936490066521027,0.8880825057295646,0.8754466989248894,"{'alpha': 0.0001, 'penalty': 'elasticnet', 'loss': 'log_loss', 'class_weight': 'balanced'}","['spec_skew', 'NDSI', 'wav_detail_lvl5_std', 'mfcc_2']",0.7360482654600302,0.6115288220551378,0.9242424242424242,0.7329389908359012,0.8551655956500247,0.8844580777096115,0.8277511961722488,0.9042679758063445,0.9537254901960784,0.9798549556809025,0.9289533995416348,0.9891331301324223
SGD,0.8482627090461982,0.8326355802795423,0.8706388296945572,0.8968678380443086,0.8945175606456668,"{'alpha': 0.0001, 'penalty': 'l2', 'loss': 'log_loss', 'class_weight': 'balanced'}","['spec_skew', 'mfcc_var', 'mfcc_std', 'wav_approx_std']",0.7135678391959799,0.6396396396396397,0.8068181818181818,0.8011162656264091,0.8698167791706847,0.8765792031098154,0.8631578947368421,0.8878798782030394,0.9614035087719298,0.981687898089172,0.9419404125286478,0.9945565381075518
SGD,0.8482228212871705,0.8343258062815178,0.8671242500189869,0.8964858670741024,0.9004154058129575,"{'alpha': 0.0001, 'penalty': 'l2', 'loss': 'log_loss', 'class_weight': 'balanced'}","['mfcc_mean', 'spec_skew', 'mfcc_var', 'wav_approx_std']",0.7145299145299145,0.6510903426791277,0.7916666666666666,0.8103541616203703,0.8708909004287756,0.8671726755218216,0.8746411483253589,0.895270883506998,0.9592476489028213,0.9847144006436042,0.935064935064935,0.9956211723115042
SGD,0.8480422806886933,0.8317259034881311,0.8721561032706543,0.8976317799847212,0.8970756325276454,"{'alpha': 0.0001, 'penalty': 'elasticnet', 'loss': 'log_loss', 'class_weight': 'balanced'}","['spec_skew', 'spec_kurtosis', 'mfcc_var', 'mfcc_std', 'wav_approx_std']",0.7097844112769486,0.6312684365781711,0.8106060606060606,0.8098052658791485,0.8706563706563707,0.878286270691334,0.8631578947368421,0.8864270928296154,0.9636860601327606,0.9856230031948882,0.9427043544690603,0.9949945388741723
SGD,0.8478789652179981,0.8337891244715826,0.8676786663628769,0.9029793735676088,0.9013103559086054,"{'alpha': 0.0001, 'penalty': 'elasticnet', 'loss': 'log_loss', 'class_weight': 'balanced'}","['spec_kurtosis', 'NDSI', 'mfcc_1', 'wav_approx_std']",0.6937394247038917,0.6269113149847095,0.7765151515151515,0.7990389153332427,0.8784688995215311,0.8784688995215311,0.8784688995215311,0.907096022367698,0.9714285714285714,0.9959871589085072,0.948051948051948,0.9977961300248755
SGD,0.8478739310468381,0.8253896810284239,0.8910434508731723,0.8865546218487395,0.8597746409722773,"{'alpha': 0.001, 'penalty': 'elasticnet', 'loss': 'log_loss', 'class_weight': 'balanced'}","['spec_kurtosis', 'wav_detail_lvl5_std', 'mfcc_var', 'mfcc_std']",0.7408536585365854,0.6198979591836735,0.9204545454545454,0.7122120678612556,0.852165256346441,0.8879668049792531,0.8191387559808613,0.8751550993873369,0.9506028782574873,0.9683042789223455,0.93353705118411,0.9919567556682395
SGD,0.8477228496044992,0.825068327574423,0.8909467295690204,0.8880825057295646,0.8738788920675061,"{'alpha': 0.0001, 'penalty': 'elasticnet', 'loss': 'log_loss', 'class_weight': 'balanced'}","['spec_kurtosis', 'NDSI', 'wav_detail_lvl5_std', 'mfcc_2']",0.7336377473363774,0.6132315521628499,0.9128787878787878,0.7294342576625862,0.8558780127889818,0.8805668016194332,0.8325358851674641,0.9026503431547763,0.9536527886881383,0.9814066289409863,0.9274255156608098,0.9895520753851559
SGD,0.8475205231623179,0.8333529839586783,0.8674856705042463,0.9029793735676088,0.8995414681578926,"{'alpha': 0.0001, 'penalty': 'l2', 'loss': 'log_loss', 'class_weight': 'balanced'}","['spec_kurtosis', 'NDSI', 'mfcc_var', 'wav_approx_std']",0.6925675675675675,0.625,0.7765151515151515,0.7980474907058112,0.8781190019193857,0.8806544754571703,0.8755980861244019,0.9028577018217936,0.971875,0.9944044764188649,0.9503437738731857,0.9977192119460733
SGD,0.8475205231623179,0.8333529839586783,0.8674856705042463,0.9029793735676088,0.905333657349917,"{'alpha': 0.0001, 'penalty': 'l2', 'loss': 'log_loss', 'class_weight': 'balanced'}","['spec_kurtosis', 'NDSI', 'mfcc_1', 'mfcc_std', 'wav_approx_std']",0.6925675675675675,0.625,0.7765151515151515,0.8050089710751777,0.8781190019193857,0.8806544754571703,0.8755980861244019,0.9132860541601426,0.971875,0.9944044764188649,0.9503437738731857,0.9977059468144306
SGD,0.8472983722844933,0.8328817824049882,0.8677297075129893,0.9018334606569901,0.9037510161317837,"{'alpha': 0.0001, 'penalty': 'l2', 'loss': 'log_loss', 'class_weight': 'balanced'}","['mfcc_mean', 'spec_kurtosis', 'NDSI', 'mfcc_std', 'wav_approx_std']",0.6947723440134908,0.6261398176291794,0.7803030303030303,0.8013390408979499,0.8768567321514135,0.8781190019193857,0.8755980861244019,0.9122831660019775,0.9702660406885759,0.9943865276663993,0.9472880061115355,0.9976308414954237
SGD,0.8472951561236121,0.8266317441984704,0.8997259190757644,0.8961038961038961,0.8490826988849238,"{'alpha': 0.0001, 'penalty': 'elasticnet', 'loss': 'log_loss', 'class_weight': 'balanced'}","['mfcc_mean', 'spec_skew', 'spec_kurtosis', 'NDSI', 'mfcc_std']",0.7068965517241379,0.5694444444444444,0.9318181818181818,0.632104169063458,0.8613659531090724,0.9214830970556162,0.8086124401913876,0.9180016511755448,0.9736229635376261,0.9889676910953507,0.9587471352177235,0.9971422764157687
SGD,0.8472924929853981,0.8276732574144309,0.8799764562922457,0.8926661573720397,0.9013458878191938,"{'alpha': 0.0001, 'penalty': 'l2', 'loss': 'log_loss', 'class_weight': 'balanced'}","['mfcc_mean', 'spec_kurtosis', 'mfcc_1', 'mfcc_var', 'mfcc_std', 'wav_approx_std']",0.7197452229299363,0.6208791208791209,0.8560606060606061,0.8210580163977238,0.8632603406326034,0.8782178217821782,0.8488038277511962,0.8877025409145055,0.9588719153936546,0.9839228295819936,0.935064935064935,0.9952771061453521
SGD,0.8472018082582494,0.8341971515941448,0.8646660099446478,0.8953399541634836,0.8990967444270966,"{'alpha': 0.0001, 'penalty': 'l2', 'loss': 'log_loss', 'class_weight': 'balanced'}","['mfcc_mean', 'spec_kurtosis', 'wav_approx_std', 'mfcc_2']",0.7137931034482758,0.6550632911392406,0.7840909090909091,0.8144558480232682,0.8702651515151515,0.8612933458294283,0.8794258373205741,0.8882623822324809,0.9575471698113207,0.9862348178137652,0.93048128342246,0.9945720030255407
SGD,0.8471440681225967,0.8321509945111352,0.8681726598135265,0.8938120702826585,0.8947194627796042,"{'alpha': 0.0001, 'penalty': 'l2', 'loss': 'log_loss', 'class_weight': 'balanced'}","['mfcc_mean', 'spec_skew', 'spec_kurtosis', 'NDSI', 'wav_approx_std']",0.7174280879864636,0.6483180428134556,0.803030303030303,0.8066702287756564,0.8676190476190476,0.8635071090047394,0.8717703349282296,0.8822236800409943,0.956385068762279,0.9846278317152104,0.9297173414820473,0.9952644795221622
SGD,0.8469989821971905,0.8296704164337779,0.8729876160990712,0.8922841864018335,0.8859097180012064,"{'alpha': 0.0001, 'penalty': 'elasticnet', 'loss': 'log_loss', 'class_weight': 'balanced'}","['spec_kurtosis', 'mfcc_1', 'mfcc_std', 'wav_approx_std']",0.7215815485996705,0.6384839650145773,0.8295454545454546,0.7812960606629574,0.8635043562439496,0.8736532810969637,0.8535885167464115,0.8824664902132794,0.9559110417479516,0.9768740031897927,0.9358288770053476,0.9939666031273825
SGD,0.8469538851639223,0.8358369473220167,0.8613383950071256,0.9048892284186402,0.9006466685783373,"{'alpha': 0.001, 'penalty': 'l2', 'loss': 'log_loss', 'class_weight': 'balanced'}","['mfcc_mean', 'NDSI', 'mfcc_var', 'mfcc_std', 'wav_approx_std']",0.686411149825784,0.635483870967742,0.7462121212121212,0.7827522684778202,0.8813720819437828,0.8776091081593927,0.8851674641148325,0.9214700089151818,0.9730784237222005,0.9944178628389154,0.9526355996944232,0.9977177283420099
SGD,0.8469433926666353,0.8330417862745371,0.8661832835207447,0.8961038961038961,0.8917395288306579,"{'alpha': 0.0001, 'penalty': 'l2', 'loss': 'log_loss', 'class_weight': 'balanced'}","['mfcc_mean', 'spec_kurtosis', 'wav_approx_std']",0.7098976109215017,0.6459627329192547,0.7878787878787878,0.804672039505806,0.8710900473933649,0.8629107981220657,0.8794258373205741,0.8760062879637613,0.9598425196850394,0.9902518277822908,0.9312452253628725,0.9945402590224063
SGD,0.8469316536578205,0.8364974355633268,0.860204432650253,0.904507257448434,0.9043635473414082,"{'alpha': 0.0001, 'penalty': 'l2', 'loss': 'log_loss', 'class_weight': 'balanced'}","['NDSI', 'mfcc_1', 'mfcc_std', 'wav_approx_std']",0.6877192982456141,0.6405228758169934,0.7424242424242424,0.7917980091453093,0.8811787072243346,0.8753541076487252,0.8870813397129187,0.9234557727001635,0.9718969555035128,0.9936153232242618,0.9511077158135982,0.9978368601787516
SGD,0.8468496176595348,0.8287132615544809,0.8748616192888639,0.8911382734912147,0.8880471831426625,"{'alpha': 0.0001, 'penalty': 'l2', 'loss': 'log_loss', 'class_weight': 'balanced'}","['spec_kurtosis', 'mfcc_1', 'mfcc_var', 'wav_approx_std']",0.7243066884176182,0.6361031518624641,0.8409090909090909,0.7930104827521872,0.8614487117160914,0.8754940711462451,0.8478468899521531,0.877790272855921,0.9547934528448948,0.9745425616547335,0.9358288770053476,0.9933407938198793
SGD,0.8468223588214076,0.829695782536962,0.8740598153136853,0.8953399541634836,0.8852691533188204,"{'alpha': 0.0001, 'penalty': 'l2', 'loss': 'log_loss', 'class_weight': 'balanced'}","['mfcc_1', 'mfcc_var', 'mfcc_std', 'wav_approx_std']",0.7133550488599348,0.6257142857142857,0.8295454545454546,0.7752760910554363,0.8648915187376726,0.8921668362156663,0.8392344497607656,0.8950490543306571,0.9622205088666153,0.9712062256809338,0.9533995416348358,0.9854823145703678
SGD,0.8466689263903854,0.8264872485899462,0.8938843320422268,0.8972498090145149,0.8473888409550187,"{'alpha': 0.0001, 'penalty': 'elasticnet', 'loss': 'log_loss', 'class_weight': 'balanced'}","['mfcc_mean', 'spec_kurtosis', 'NDSI', 'mfcc_var', 'mfcc_std']",0.7019089574155654,0.5731414868105515,0.9053030303030303,0.6312953112623888,0.863659401926001,0.9181034482758621,0.815311004784689,0.9132988105873088,0.9744384198295895,0.9882168106834249,0.961038961038961,0.9975724010153586
SGD,0.8465118201440299,0.8231752762783535,0.8921238032693141,0.8854087089381207,0.8646364865412748,"{'alpha': 0.0001, 'penalty': 'elasticnet', 'loss': 'log_loss', 'class_weight': 'balanced'}","['spec_skew', 'wav_detail_lvl5_std']",0.7360482654600302,0.6115288220551378,0.9242424242424242,0.7125109545626868,0.8527968596663396,0.8751258811681772,0.8315789473684211,0.8912625804678036,0.9506903353057199,0.9828711256117455,0.920550038197097,0.9901359245933339
SGD,0.8463366235589221,0.8258800799608621,0.9005919433164015,0.8949579831932774,0.8359840558340896,"{'alpha': 0.0001, 'penalty': 'l2', 'loss': 'log_loss', 'class_weight': 'balanced'}","['mfcc_mean', 'spec_skew', 'spec_kurtosis', 'NDSI', 'mfcc_1']",0.7065527065527065,0.5662100456621004,0.9393939393939394,0.5974363656506363,0.8591909882232462,0.9240088105726872,0.8028708133971292,0.9134509697187959,0.9732661759008137,0.9874213836477987,0.959511077158136,0.9970648321328368
SGD,0.846319760938945,0.8349406494332404,0.8611453991484952,0.9048892284186402,0.9009679676961627,"{'alpha': 0.001, 'penalty': 'l2', 'loss': 'log_loss', 'class_weight': 'balanced'}","['NDSI', 'mfcc_var', 'mfcc_std', 'wav_approx_std']",0.6840277777777778,0.6314102564102564,0.7462121212121212,0.7823431685178912,0.8810320114667941,0.8797709923664122,0.8822966507177034,0.922741758216067,0.9738994935722634,0.9936406995230525,0.9549274255156608,0.9978189763545298
SGD,0.8463061396425382,0.8368478836655627,0.858126823297102,0.9041252864782277,0.9006051965353689,"{'alpha': 0.0001, 'penalty': 'l2', 'loss': 'log_loss', 'class_weight': 'balanced'}","['NDSI', 'mfcc_std', 'wav_approx_std']",0.6867256637168142,0.6445182724252492,0.7348484848484849,0.7842176944259603,0.8810990052108005,0.8724202626641651,0.8899521531100478,0.9197492057661973,0.97109375,0.9936051159072742,0.9495798319327731,0.997848689413949
SGD,0.8463039390396533,0.8260902913346674,0.8951336675020886,0.8964858670741024,0.8687589191803354,"{'alpha': 0.0001, 'penalty': 'l2', 'loss': 'log_loss', 'class_weight': 'balanced'}","['mfcc_mean', 'spec_skew', 'spec_kurtosis', 'NDSI', 'mfcc_var']",0.7026239067055393,0.5710900473933649,0.9128787878787878,0.686248411427309,0.8622267412303,0.9197396963123644,0.8114832535885167,0.9226859745339631,0.9740611691831204,0.9874411302982732,0.961038961038961,0.9973423715797344
SGD,0.846103871923321,0.8283397977435231,0.8732933045626545,0.891520244461421,0.8793519548752281,"{'alpha': 0.0001, 'penalty': 'elasticnet', 'loss': 'log_loss', 'class_weight': 'balanced'}","['spec_kurtosis', 'mfcc_var', 'wav_approx_std']",0.7201309328968903,0.6340057636887608,0.8333333333333334,0.7734431541479101,0.8622696411251213,0.8741396263520157,0.8507177033492823,0.870977971253365,0.9559110417479516,0.9768740031897927,0.9358288770053476,0.9936347392244093
SGD,0.8460923023480101,0.8268867747490575,0.8905009850830283,0.8995416348357524,0.8586719251271807,"{'alpha': 0.0001, 'penalty': 'l2', 'loss': 'log_loss', 'class_weight': 'balanced'}","['mfcc_mean', 'spec_skew', 'spec_kurtosis', 'NDSI', 'mfcc_var', 'mfcc_std']",0.6933333333333334,0.5693430656934306,0.8863636363636364,0.6562552016576274,0.8665651953323186,0.9222462203023758,0.8172248803827751,0.9220259105023255,0.9783783783783784,0.9890710382513661,0.9679144385026738,0.9977346632215893
SGD,0.8460350018523354,0.8252682888270617,0.8989619771353518,0.8949579831932774,0.8413150083674271,"{'alpha': 0.0001, 'penalty': 'l2', 'loss': 'log_loss', 'class_weight': 'balanced'}","['mfcc_mean', 'spec_skew', 'NDSI', 'mfcc_std']",0.7048710601719198,0.5668202764976958,0.9318181818181818,0.6137405312240521,0.8600508905852418,0.9184782608695652,0.8086124401913876,0.912787561847017,0.9731830547998446,0.990506329113924,0.9564553093964858,0.9974169320312122
SGD,0.845954186319113,0.8252346712698605,0.893005575435916,0.8911382734912147,0.8834482013613606,"{'alpha': 0.0001, 'penalty': 'elasticnet', 'loss': 'log_loss', 'class_weight': 'balanced'}","['wav_detail_lvl5_std', 'mfcc_std', 'wav_approx_std']",0.72,0.5912408759124088,0.9204545454545454,0.7527128741625403,0.8548140601120734,0.9139433551198257,0.8028708133971292,0.9086925850264227,0.9630484988452656,0.9705197827773467,0.9556913674560733,0.988939144895119
SGD,0.8457463043994679,0.8342299437425038,0.8608264198821475,0.904507257448434,0.9026795798267034,"{'alpha': 0.001, 'penalty': 'l2', 'loss': 'log_loss', 'class_weight': 'balanced'}","['NDSI', 'mfcc_1', 'mfcc_var', 'wav_approx_std']",0.682842287694974,0.6293929712460063,0.7462121212121212,0.786563186496994,0.8804971319311663,0.8796561604584527,0.8813397129186603,0.923666151438557,0.9738994935722634,0.9936406995230525,0.9549274255156608,0.997809401544559
SGD,0.8457211461309431,0.8340884607741624,0.8610167352427415,0.9048892284186402,0.9032884189461003,"{'alpha': 0.001, 'penalty': 'l2', 'loss': 'log_loss', 'class_weight': 'balanced'}","['NDSI', 'mfcc_1', 'mfcc_var', 'mfcc_std', 'wav_approx_std']",0.6816608996539792,0.6273885350318471,0.7462121212121212,0.7875290798019475,0.8808042125418861,0.8812260536398467,0.8803827751196173,0.9245058744798367,0.9746983261969638,0.9936507936507937,0.9564553093964858,0.9978303025565167
SGD,0.8456902800650999,0.8254411098501301,0.9026940122141361,0.8919022154316272,0.8717307267323924,"{'alpha': 0.0001, 'penalty': 'l2', 'loss': 'log_loss', 'class_weight': 'balanced'}","['mfcc_mean', 'spec_skew', 'spec_kurtosis', 'mfcc_var', 'mfcc_2']",0.7146892655367232,0.5698198198198198,0.9583333333333334,0.7023630697969627,0.8535954474909467,0.9290540540540541,0.7894736842105263,0.9190029649036419,0.96878612716763,0.9774494556765163,0.9602750190985485,0.9938261454965726
SGD,0.8456285614675269,0.8233928829766873,0.8957185745111441,0.8896103896103896,0.8796004568180388,"{'alpha': 0.0001, 'penalty': 'elasticnet', 'loss': 'log_loss', 'class_weight': 'balanced'}","['mfcc_mean', 'spec_kurtosis', 'mfcc_1', 'mfcc_var', 'mfcc_std']",0.7203513909224012,0.5871121718377088,0.9318181818181818,0.7548012524861996,0.8551307847082495,0.9013785790031813,0.8133971291866029,0.8900837720216928,0.9614035087719298,0.981687898089172,0.9419404125286478,0.9939163459462241
SGD,0.8456088048183962,0.8300765430393233,0.8678510000491424,0.8938120702826585,0.8968642086461013,"{'alpha': 0.0001, 'penalty': 'l2', 'loss': 'log_loss', 'class_weight': 'balanced'}","['mfcc_mean', 'spec_kurtosis', 'mfcc_var', 'mfcc_std', 'wav_approx_std']",0.7114093959731543,0.6385542168674698,0.803030303030303,0.8077255543369287,0.8669856459330143,0.8669856459330143,0.8669856459330143,0.8876145137248938,0.9584313725490196,0.984689766317486,0.93353705118411,0.9952525578764816
SGD,0.8454479746651623,0.8309189793223384,0.865711739241151,0.893048128342246,0.8928350777943833,"{'alpha': 0.0001, 'penalty': 'elasticnet', 'loss': 'log_loss', 'class_weight': 'balanced'}","['mfcc_mean', 'spec_skew', 'NDSI', 'wav_approx_std']",0.7130730050933786,0.6461538461538462,0.7954545454545454,0.8036711507366334,0.8669201520912547,0.8611898016997167,0.8727272727272727,0.8795755329147058,0.9563507668108533,0.9854132901134521,0.9289533995416348,0.9952585497318108
SGD,0.8453260795315303,0.8259436190318742,0.9084818775995247,0.8922841864018335,0.8644734966952411,"{'alpha': 0.0001, 'penalty': 'elasticnet', 'loss': 'log_loss', 'class_weight': 'balanced'}","['mfcc_mean', 'spec_kurtosis', 'NDSI', 'mfcc_1', 'mfcc_2']",0.710562414266118,0.556989247311828,0.9810606060606061,0.6690089064263053,0.8528183716075156,0.9380022962112514,0.7818181818181819,0.927833180136562,0.9725974527209572,0.982839313572543,0.9625668449197861,0.9965784035228558
SGD,0.8452597572534764,0.828931651556086,0.8692103476159204,0.8926661573720397,0.8841689104465432,"{'alpha': 0.0001, 'penalty': 'elasticnet', 'loss': 'log_loss', 'class_weight': 'balanced'}","['spec_kurtosis', 'mfcc_var', 'mfcc_std', 'wav_approx_std']",0.7142857142857143,0.636094674556213,0.8143939393939394,0.7869989758511007,0.8639225181598063,0.8745098039215686,0.8535885167464115,0.8721923705213706,0.9575710393149085,0.9761904761904762,0.9396485867074102,0.9933153849671585
SGD,0.8452444403169711,0.8233070857043984,0.8952198901889304,0.8903743315508021,0.8867479349890782,"{'alpha': 0.0001, 'penalty': 'elasticnet', 'loss': 'log_loss', 'class_weight': 'balanced'}","['mfcc_mean', 'spec_skew', 'mfcc_1', 'mfcc_var', 'mfcc_std']",0.716374269005848,0.5833333333333334,0.928030303030303,0.7674813872207065,0.8559919436052367,0.9032943676939427,0.8133971291866029,0.8980387727575905,0.9633671083398285,0.9832935560859188,0.9442322383498855,0.9947236449889374
SGD,0.8451837817653395,0.8361532343221274,0.8564835663132877,0.9029793735676088,0.900483438183536,"{'alpha': 0.0001, 'penalty': 'elasticnet', 'loss': 'log_loss', 'class_weight': 'balanced'}","['mfcc_mean', 'NDSI', 'mfcc_std', 'wav_approx_std']",0.6856127886323268,0.6454849498327759,0.7310606060606061,0.7833084560236975,0.8800755429650614,0.8685927306616962,0.8918660287081339,0.9202961438732755,0.9698630136986301,0.9943820224719101,0.946524064171123,0.9978457146536353
SGD,0.8450261151597468,0.8268817565716374,0.9069082018772421,0.8934300993124522,0.8802018759653261,"{'alpha': 0.0001, 'penalty': 'l2', 'loss': 'log_loss', 'class_weight': 'balanced'}","['NDSI', 'mfcc_1', 'mfcc_2']",0.7070151306740028,0.5550755939524838,0.9734848484848485,0.7045978149782872,0.8533893851812927,0.9463869463869464,0.7770334928229665,0.9388519096180826,0.9746738296239448,0.9791827293754819,0.9702062643239114,0.9971559032996082
SGD,0.8450128489523755,0.8259569518675124,0.9070395462810324,0.893048128342246,0.8523863025030335,"{'alpha': 0.0001, 'penalty': 'elasticnet', 'loss': 'log_loss', 'class_weight': 'balanced'}","['spec_kurtosis', 'NDSI', 'mfcc_var', 'mfcc_std', 'mfcc_2']",0.7070151306740028,0.5550755939524838,0.9734848484848485,0.6369711134670724,0.8538622129436325,0.939150401836969,0.7827751196172249,0.9233450583269531,0.974161203239491,0.9836448598130841,0.9648586707410237,0.996842735715075
SGD,0.8449777667655095,0.8304045029539004,0.8659551061253848,0.9010695187165776,0.9020947908475311,"{'alpha': 0.001, 'penalty': 'elasticnet', 'loss': 'log_loss', 'class_weight': 'balanced'}","['spec_kurtosis', 'NDSI', 'mfcc_std', 'wav_approx_std']",0.6879194630872483,0.6174698795180723,0.7765151515151515,0.8012290359324803,0.8755406054781355,0.8793436293436293,0.8717703349282296,0.9075511769003344,0.971473231731145,0.9944,0.9495798319327731,0.9975041597097786
SGD,0.8447813161264793,0.835996253319116,0.8556659027247262,0.9033613445378151,0.900056944269248,"{'alpha': 0.0001, 'penalty': 'l2', 'loss': 'log_loss', 'class_weight': 'balanced'}","['NDSI', 'mfcc_1', 'wav_approx_std']",0.6832740213523132,0.6442953020134228,0.7272727272727273,0.7841858191425658,0.8803782505910166,0.8700934579439252,0.8909090909090909,0.9181427891283985,0.9706916764361079,0.9936,0.9488158899923606,0.9978422245367797
SGD,0.8447761081605552,0.8358159527705386,0.8559205500381971,0.9037433155080213,0.899519109748303,"{'alpha': 0.0001, 'penalty': 'l2', 'loss': 'log_loss', 'class_weight': 'balanced'}","['NDSI', 'mfcc_var', 'wav_approx_std']",0.6820603907637656,0.6421404682274248,0.7272727272727273,0.7823046927982675,0.8807947019867549,0.8709073900841908,0.8909090909090909,0.9183533011828217,0.971473231731145,0.9944,0.9495798319327731,0.9978993352638197
SGD,0.844716848378229,0.822297165489839,0.8900998038768937,0.8865546218487395,0.8781342141126869,"{'alpha': 0.0001, 'penalty': 'elasticnet', 'loss': 'log_loss', 'class_weight': 'balanced'}","['NDSI', 'wav_detail_lvl5_std']",0.7267267267267268,0.6019900497512438,0.9166666666666666,0.7466713032078349,0.8527363184079602,0.8880829015544042,0.8200956937799043,0.8960225105697666,0.9546875,0.9768185451638689,0.93353705118411,0.9917088285604593
SGD,0.8447107877698738,0.8267630077555187,0.872465030669365,0.8903743315508021,0.8802052189414021,"{'alpha': 0.0001, 'penalty': 'elasticnet', 'loss': 'log_loss', 'class_weight': 'balanced'}","['spec_kurtosis', 'mfcc_1', 'wav_approx_std']",0.7177814029363785,0.6303724928366762,0.8333333333333334,0.77289892575886,0.8608822103732429,0.8722986247544204,0.8497607655502393,0.8738685338871159,0.95546875,0.9776179056754596,0.9343009931245225,0.9938481971782306
SGD,0.844568805928256,0.8222844517278173,0.894010985574453,0.8884644766997708,0.875590887889054,"{'alpha': 0.0001, 'penalty': 'elasticnet', 'loss': 'log_loss', 'class_weight': 'balanced'}","['mfcc_mean', 'spec_kurtosis', 'mfcc_1', 'mfcc_var']",0.7195301027900147,0.5875299760191847,0.928030303030303,0.7458021942980783,0.8539889613647768,0.8976793248945147,0.8143540669856459,0.887022903799803,0.9601873536299765,0.9816440542697525,0.9396485867074102,0.9939475655692808
SGD,0.8445027174696055,0.8304390982327567,0.8638860967034341,0.8934300993124522,0.8951275354572248,"{'alpha': 0.0001, 'penalty': 'elasticnet', 'loss': 'log_loss', 'class_weight': 'balanced'}","['mfcc_mean', 'spec_kurtosis', 'mfcc_var', 'wav_approx_std']",0.7086882453151618,0.6439628482972136,0.7878787878787878,0.8048645653355445,0.8672060923369824,0.8626893939393939,0.8717703349282296,0.8853198459984919,0.957613814756672,0.9846650524616626,0.932009167303285,0.9951981950376378
SGD,0.8444203306051336,0.8225362158523595,0.8937026166128333,0.8896103896103896,0.8795639184732446,"{'alpha': 0.0001, 'penalty': 'l2', 'loss': 'log_loss', 'class_weight': 'balanced'}","['mfcc_mean', 'spec_skew', 'mfcc_1', 'mfcc_var']",0.7155425219941349,0.583732057416268,0.9242424242424242,0.7485178988340042,0.8551307847082495,0.9013785790031813,0.8133971291866029,0.8954587613507002,0.9625876851130164,0.9824980111376292,0.9434682964094728,0.9947150952350288
SGD,0.8444201828471622,0.8251279267910312,0.8864611394797152,0.8976317799847212,0.8304011622274524,"{'alpha': 0.0001, 'penalty': 'elasticnet', 'loss': 'log_loss', 'class_weight': 'balanced'}","['mfcc_mean', 'NDSI', 'mfcc_1']",0.6926536731634183,0.5732009925558312,0.875,0.5760714193358186,0.8653555219364599,0.9147121535181236,0.8210526315789474,0.9178250328393182,0.9752513534416086,0.9874706342991386,0.9633307868601986,0.9973070345072201
SGD,0.8442161131181424,0.8257769242753299,0.8734730096185205,0.8903743315508021,0.8999161592969728,"{'alpha': 0.001, 'penalty': 'elasticnet', 'loss': 'log_loss', 'class_weight': 'balanced'}","['mfcc_mean', 'spec_kurtosis', 'NDSI', 'wav_approx_std', 'mfcc_2']",0.7152103559870551,0.6242937853107344,0.8371212121212122,0.805460171410647,0.8608822103732429,0.8722986247544204,0.8497607655502393,0.9000491718638867,0.9565557729941292,0.9807383627608347,0.93353705118411,0.994239134616385
SGD,0.844195102971503,0.8300101123683244,0.8638217647505574,0.8934300993124522,0.8957422757195256,"{'alpha': 0.0001, 'penalty': 'l2', 'loss': 'log_loss', 'class_weight': 'balanced'}","['mfcc_mean', 'spec_kurtosis', 'mfcc_std', 'wav_approx_std']",0.7074829931972789,0.6419753086419753,0.7878787878787878,0.8055941377085525,0.8670795616960457,0.8633776091081594,0.8708133971291866,0.8864344926139273,0.9580227540211848,0.9846774193548387,0.9327731092436975,0.995198196836097
SGD,0.8441606336725652,0.8261809312611054,0.8719557360424233,0.8896103896103896,0.879293329826493,"{'alpha': 0.0001, 'penalty': 'elasticnet', 'loss': 'log_loss', 'class_weight': 'balanced'}","['spec_kurtosis', 'mfcc_std', 'wav_approx_std']",0.7177814029363785,0.6303724928366762,0.8333333333333334,0.7707599715480251,0.8600484261501211,0.8705882352941177,0.8497607655502393,0.8733807930855346,0.9546520719311963,0.977582065652522,0.9327731092436975,0.9937392248459195
SGD,0.8439035904947157,0.8292534186184634,0.8644464324804882,0.893048128342246,0.8954554939022009,"{'alpha': 0.0001, 'penalty': 'elasticnet', 'loss': 'log_loss', 'class_weight': 'balanced'}","['mfcc_mean', 'spec_kurtosis', 'mfcc_1', 'wav_approx_std']",0.7072758037225042,0.6391437308868502,0.7916666666666666,0.8053834641200336,0.8664122137404581,0.8639391056137012,0.8688995215311005,0.8857522940486245,0.9580227540211848,0.9846774193548387,0.9327731092436975,0.9952307235379444
SGD,0.8438825776444373,0.8231201349763926,0.8962932062777265,0.8812070282658518,0.8937790648714147,"{'alpha': 0.0001, 'penalty': 'elasticnet', 'loss': 'log_loss', 'class_weight': 'balanced'}","['mfcc_1', 'wav_detail_lvl5_std', 'mfcc_var']",0.7456140350877193,0.6071428571428571,0.9659090909090909,0.7901630800157873,0.8381051535658511,0.9189497716894978,0.7703349282296651,0.9094254577087355,0.9479285442797415,0.943267776096823,0.9526355996944232,0.9817486568897213
SGD,0.8438442956129831,0.8245919716507952,0.8773171788651665,0.8926661573720397,0.9028752910466237,"{'alpha': 0.0001, 'penalty': 'elasticnet', 'loss': 'log_loss', 'class_weight': 'balanced'}","['spec_skew', 'spec_kurtosis', 'mfcc_1', 'mfcc_var', 'mfcc_std', 'wav_approx_std']",0.7066246056782335,0.6054054054054054,0.8484848484848485,0.822645731408425,0.8619164619164619,0.8858585858585859,0.8392344497607656,0.8910127945901047,0.962991819244254,0.9825119236883942,0.9442322383498855,0.9949673471413414
SGD,0.8437325366485305,0.8220319983449426,0.8918153226202761,0.8896103896103896,0.8878182149951445,"{'alpha': 0.0001, 'penalty': 'elasticnet', 'loss': 'log_loss', 'class_weight': 'balanced'}","['mfcc_mean', 'spec_skew', 'spec_kurtosis', 'mfcc_1', 'mfcc_var', 'mfcc_std']",0.7128129602356407,0.5831325301204819,0.9166666666666666,0.7661611431684837,0.8554216867469879,0.8996832101372756,0.815311004784689,0.9020189703504878,0.9629629629629629,0.98328025477707,0.9434682964094728,0.9952745314664616
SGD,0.843684253156152,0.8242218285042059,0.8860161768056506,0.8968678380443086,0.8584364829748381,"{'alpha': 0.0001, 'penalty': 'l2', 'loss': 'log_loss', 'class_weight': 'balanced'}","['mfcc_mean', 'NDSI', 'mfcc_var']",0.6916167664670658,0.5717821782178217,0.875,0.6554636920590247,0.8646200301962758,0.9118895966029724,0.8220095693779904,0.9224194761225926,0.9748159628051143,0.9889937106918238,0.961038961038961,0.997426280742897
SGD,0.8435256852699191,0.8206129164725832,0.887253003274675,0.8827349121466769,0.8831959841134353,"{'alpha': 0.0001, 'penalty': 'l2', 'loss': 'log_loss', 'class_weight': 'balanced'}","['spec_kurtosis', 'wav_detail_lvl5_std', 'wav_approx_std']",0.7325227963525835,0.6116751269035533,0.9128787878787878,0.770710894931869,0.8497307880567793,0.8697394789579158,0.830622009569378,0.8866912168156352,0.9483234714003945,0.9804241435562806,0.9182582123758595,0.9921858405928015
SGD,0.8434429366403787,0.8338930564064833,0.8555266285142448,0.9018334606569901,0.9006114920211038,"{'alpha': 0.0001, 'penalty': 'elasticnet', 'loss': 'log_loss', 'class_weight': 'balanced'}","['mfcc_mean', 'NDSI', 'mfcc_var', 'wav_approx_std']",0.6819787985865724,0.6390728476821192,0.7310606060606061,0.7832640616208559,0.8784869976359339,0.8682242990654205,0.8889952153110048,0.9206698792620948,0.9698630136986301,0.9943820224719101,0.946524064171123,0.9979005351803606
SGD,0.8433426283284863,0.8323304952873208,0.8575239346137179,0.9014514896867838,0.8991118458928976,"{'alpha': 0.001, 'penalty': 'l2', 'loss': 'log_loss', 'class_weight': 'balanced'}","['mfcc_mean', 'NDSI', 'mfcc_1', 'wav_approx_std']",0.6829268292682927,0.632258064516129,0.7424242424242424,0.7836384877017692,0.8766730401529637,0.8758357211079274,0.877511961722488,0.9162510652389659,0.9704280155642023,0.9888977002379065,0.9526355996944232,0.9974459847379576
SGD,0.843290330561293,0.8236094934548923,0.8946727335272225,0.8949579831932774,0.855583927821153,"{'alpha': 0.0001, 'penalty': 'elasticnet', 'loss': 'log_loss', 'class_weight': 'balanced'}","['mfcc_mean', 'spec_kurtosis', 'NDSI', 'mfcc_var']",0.6944045911047346,0.558891454965358,0.9166666666666666,0.6533297946029932,0.85947879407256,0.9221491228070176,0.8047846889952153,0.9159330983201024,0.975987606506584,0.9897879025923016,0.9625668449197861,0.9974888905403634
SGD,0.8431121085642004,0.8214258793356528,0.890298049044179,0.8888464476699771,0.8842481563903953,"{'alpha': 0.0001, 'penalty': 'elasticnet', 'loss': 'log_loss', 'class_weight': 'balanced'}","['mfcc_mean', 'spec_skew', 'spec_kurtosis', 'mfcc_1', 'mfcc_var']",0.7130177514792899,0.5849514563106796,0.9128787878787878,0.7588373104726814,0.8541353383458646,0.8968421052631579,0.815311004784689,0.8986533070657643,0.9621832358674464,0.982484076433121,0.9427043544690603,0.9952538516327404
SGD,0.8429930344858095,0.8239226175478341,0.8757999052890694,0.8919022154316272,0.9058368458427305,"{'alpha': 0.0001, 'penalty': 'l2', 'loss': 'log_loss', 'class_weight': 'balanced'}","['spec_skew', 'spec_kurtosis', 'mfcc_1', 'mfcc_var', 'wav_approx_std']",0.7056962025316456,0.6059782608695652,0.8446969696969697,0.8305020394647578,0.8610702012763869,0.8840725806451613,0.8392344497607656,0.8921670100949326,0.9622126996493962,0.9817170111287759,0.9434682964094728,0.9948414879685014
SGD,0.8426242586934009,0.8221347642676271,0.9002091905342678,0.8884644766997708,0.8592977751711462,"{'alpha': 0.0001, 'penalty': 'l2', 'loss': 'log_loss', 'class_weight': 'balanced'}","['mfcc_mean', 'spec_kurtosis', 'mfcc_var', 'mfcc_2']",0.7126760563380282,0.5672645739910314,0.9583333333333334,0.6725933327627058,0.8491735537190083,0.9225589225589226,0.7866028708133971,0.9114151075993137,0.9660231660231661,0.9765807962529274,0.9556913674560733,0.993884885151419
SGD,0.8424230718542128,0.8228308080340606,0.8872522214627478,0.8949579831932774,0.9014078958872673,"{'alpha': 0.0001, 'penalty': 'elasticnet', 'loss': 'log_loss', 'class_weight': 'balanced'}","['mfcc_mean', 'NDSI', 'mfcc_1', 'mfcc_std']",0.6923076923076923,0.5679611650485437,0.8863636363636364,0.778554766519571,0.860900354071826,0.9130901287553648,0.8143540669856459,0.9282213149835344,0.9740611691831204,0.9874411302982732,0.961038961038961,0.9974476061586968
SGD,0.842293952360765,0.822094238132709,0.8999300836762137,0.891520244461421,0.8841409139360282,"{'alpha': 0.0001, 'penalty': 'elasticnet', 'loss': 'log_loss', 'class_weight': 'balanced'}","['mfcc_mean', 'spec_kurtosis', 'NDSI', 'mfcc_1', 'mfcc_std']",0.6993006993006993,0.5543237250554324,0.946969696969697,0.7367706120231778,0.8547973319651103,0.9214601769911505,0.7971291866028708,0.9182383599137471,0.9727838258164853,0.9904988123515439,0.9556913674560733,0.9974137698711596
SGD,0.8420499436534268,0.8258178650517606,0.8659238336482918,0.8903743315508021,0.890467263524224,"{'alpha': 0.001, 'penalty': 'elasticnet', 'loss': 'log_loss', 'class_weight': 'balanced'}","['mfcc_mean', 'spec_kurtosis', 'NDSI', 'wav_approx_std']",0.707641196013289,0.6301775147928994,0.8068181818181818,0.7975542858350047,0.8619528619528619,0.8665377176015474,0.8574162679425837,0.8793063382145644,0.9565557729941292,0.9807383627608347,0.93353705118411,0.9945411665231032
SGD,0.8415527549645289,0.8228297635826863,0.9029837293769183,0.8903743315508021,0.8486851553754436,"{'alpha': 0.0001, 'penalty': 'elasticnet', 'loss': 'log_loss', 'class_weight': 'balanced'}","['spec_skew', 'NDSI', 'mfcc_var', 'mfcc_std', 'mfcc_2']",0.7015130674002751,0.550755939524838,0.9659090909090909,0.6275796429165234,0.850130548302872,0.9356321839080459,0.7789473684210526,0.921608541939665,0.9730146491904395,0.982101167315175,0.9640947288006112,0.9968672812701425
SGD,0.8414139026861442,0.8196246070811283,0.8823523827393798,0.8842627960275019,0.8664896004243522,"{'alpha': 0.0001, 'penalty': 'elasticnet', 'loss': 'log_loss', 'class_weight': 'balanced'}","['spec_kurtosis', 'NDSI', 'wav_detail_lvl5_std']",0.7197549770290965,0.6041131105398457,0.8901515151515151,0.7131922326762377,0.8521057786483839,0.872617853560682,0.8325358851674641,0.8949443137631378,0.9523809523809523,0.9821428571428571,0.9243697478991597,0.9913322548336809
SGD,0.8411329773321595,0.8194724573012885,0.8809637730690362,0.8834988540870894,0.8702540998150045,"{'alpha': 0.0001, 'penalty': 'elasticnet', 'loss': 'log_loss', 'class_weight': 'balanced'}","['spec_skew', 'NDSI', 'wav_detail_lvl5_std']",0.7211093990755008,0.6077922077922078,0.8863636363636364,0.7219856131202216,0.8511469009272816,0.8685258964143426,0.8344497607655502,0.8983770288859839,0.9511426319936959,0.9820992676973149,0.922077922077922,0.9903996574388079
SGD,0.841052998647481,0.8194962736380179,0.8812157398844706,0.8842627960275019,0.8934933976564722,"{'alpha': 0.0001, 'penalty': 'elasticnet', 'loss': 'log_loss', 'class_weight': 'balanced'}","['spec_skew', 'spec_kurtosis', 'wav_detail_lvl5_std', 'wav_approx_std', 'mfcc_2']",0.7188940092165899,0.6046511627906976,0.8863636363636364,0.7890164157282608,0.8513977439921531,0.8732394366197183,0.830622009569378,0.901987150710272,0.9528672427336999,0.9805982215036378,0.9266615737203973,0.9894766265308839
SGD,0.8410466601324661,0.820395992100242,0.9017668949557495,0.8865546218487395,0.9077441062792211,"{'alpha': 0.0001, 'penalty': 'elasticnet', 'loss': 'log_loss', 'class_weight': 'balanced'}","['spec_kurtosis', 'mfcc_1', 'mfcc_std', 'mfcc_2']",0.7111111111111111,0.5614035087719298,0.9696969696969697,0.8108449390344584,0.8465116279069768,0.9202247191011236,0.783732057416268,0.9180180973500287,0.9655172413793104,0.9795597484276729,0.9518716577540107,0.9943692824531762
SGD,0.8408088800460236,0.8248466273996088,0.8655271199388846,0.8919022154316272,0.881238202928373,"{'alpha': 0.0001, 'penalty': 'l2', 'loss': 'log_loss', 'class_weight': 'balanced'}","['mfcc_var', 'mfcc_std', 'wav_approx_std']",0.7006578947368421,0.6191860465116279,0.8068181818181818,0.7726718612805481,0.8606597735105859,0.8864097363083164,0.8363636363636363,0.8864022402019304,0.961108971890643,0.968944099378882,0.9533995416348358,0.9846405073026406
SGD,0.840554155023744,0.8257646863103546,0.8615166481265552,0.8888464476699771,0.9012579133002939,"{'alpha': 0.0001, 'penalty': 'elasticnet', 'loss': 'log_loss', 'class_weight': 'balanced'}","['mfcc_mean', 'NDSI', 'wav_approx_std', 'mfcc_2']",0.706081081081081,0.6371951219512195,0.7916666666666666,0.8007410538003428,0.8616262482168331,0.8563327032136105,0.8669856459330143,0.9076875591272787,0.9539551357733176,0.9837662337662337,0.9258976317799847,0.9953451269732605
SGD,0.8404191779019429,0.8184354680133531,0.883599037701205,0.8838808250572956,0.8945329161639431,"{'alpha': 0.0001, 'penalty': 'elasticnet', 'loss': 'log_loss', 'class_weight': 'balanced'}","['spec_skew', 'spec_kurtosis', 'NDSI', 'wav_detail_lvl5_std', 'wav_approx_std', 'mfcc_2']",0.7170953101361573,0.5969773299748111,0.8977272727272727,0.7952885657076191,0.8500986193293886,0.8769074262461851,0.8248803827751197,0.8987874948354703,0.9540636042402827,0.981421647819063,0.9281894576012223,0.9895226879487401
SGD,0.840127753755418,0.8209923609733544,0.8837189899883399,0.8941940412528648,0.8450067331077328,"{'alpha': 0.0001, 'penalty': 'l2', 'loss': 'log_loss', 'class_weight': 'balanced'}","['mfcc_mean', 'NDSI', 'mfcc_std']",0.685459940652819,0.5634146341463414,0.875,0.6176073585429214,0.8604651162790697,0.9121114683815649,0.8143540669856459,0.9200638776116157,0.9744582043343654,0.9874509803921568,0.9618029029793735,0.9973489631686612
SGD,0.8400146346954857,0.8180227208302536,0.882403423889492,0.8831168831168831,0.8895512875095376,"{'alpha': 0.0001, 'penalty': 'elasticnet', 'loss': 'log_loss', 'class_weight': 'balanced'}","['spec_kurtosis', 'NDSI', 'wav_detail_lvl5_std', 'wav_approx_std']",0.7173252279635258,0.5989847715736041,0.8939393939393939,0.7867203504339159,0.85,0.871356783919598,0.8296650717703349,0.8897455786653932,0.9527186761229315,0.983726606997559,0.9236058059587471,0.9921879334293041
SGD,0.8394072452257628,0.8195342131511563,0.8948152466728319,0.8899923605805958,0.8374763425340367,"{'alpha': 0.0001, 'penalty': 'elasticnet', 'loss': 'log_loss', 'class_weight': 'balanced'}","['mfcc_mean', 'spec_kurtosis', 'NDSI', 'mfcc_std']",0.6929577464788732,0.5515695067264574,0.9318181818181818,0.6029684285608055,0.8524590163934426,0.9173098125689085,0.7961722488038278,0.9120827654044846,0.9728049728049728,0.9897233201581027,0.9564553093964858,0.99737783363682
SGD,0.8393991988981052,0.8214039983450722,0.9029061066212769,0.8892284186401833,0.8506734317107804,"{'alpha': 0.0001, 'penalty': 'l2', 'loss': 'log_loss', 'class_weight': 'balanced'}","['mfcc_mean', 'spec_skew', 'spec_kurtosis', 'NDSI', 'mfcc_1', 'mfcc_2']",0.6956521739130435,0.5423728813559322,0.9696969696969697,0.6301658423867077,0.8480083857442348,0.9374275782155272,0.7741626794258373,0.9258442918981195,0.9745370370370371,0.9844115354637568,0.9648586707410237,0.9960101608475139
SGD,0.8385831095003259,0.815786859393005,0.8929929547576606,0.8808250572956455,0.8748624491290912,"{'alpha': 0.0001, 'penalty': 'elasticnet', 'loss': 'log_loss', 'class_weight': 'balanced'}","['spec_skew', 'spec_kurtosis', 'NDSI', 'wav_detail_lvl5_std', 'mfcc_2']",0.7183908045977011,0.5787037037037037,0.946969696969697,0.7356606921034661,0.842741935483871,0.8903088391906283,0.8,0.9002682846152954,0.9546165884194053,0.9783480352846833,0.932009167303285,0.988658370668512
SGD,0.8385738564587242,0.818533471005531,0.898410688039171,0.8850267379679144,0.8547079096670477,"{'alpha': 0.0001, 'penalty': 'elasticnet', 'loss': 'log_loss', 'class_weight': 'balanced'}","['mfcc_mean', 'spec_kurtosis', 'mfcc_std', 'mfcc_2']",0.7065368567454798,0.5582417582417583,0.9621212121212122,0.6604036862812457,0.8439606013478487,0.920814479638009,0.7789473684210526,0.9095664547873401,0.9652241112828439,0.9765441751368257,0.9541634835752483,0.994153587932557
SGD,0.8384196999175991,0.819029748908297,0.8984212983438989,0.8865546218487395,0.8550539152205469,"{'alpha': 0.0001, 'penalty': 'l2', 'loss': 'log_loss', 'class_weight': 'balanced'}","['mfcc_mean', 'spec_skew', 'mfcc_std', 'mfcc_2']",0.7008310249307479,0.5524017467248908,0.9583333333333334,0.657821246925373,0.8457142857142858,0.925,0.7789473684210526,0.9131099138053284,0.9687137891077636,0.9796875,0.957983193277311,0.9942305849309394
SGD,0.8382274004301631,0.8186857446584749,0.8775755118634375,0.8834988540870894,0.8812401167974534,"{'alpha': 0.0001, 'penalty': 'l2', 'loss': 'log_loss', 'class_weight': 'balanced'}",['mfcc_mean'],0.7147239263803681,0.6005154639175257,0.8825757575757576,0.7305497234343572,0.8455696202531645,0.8978494623655914,0.7990430622009569,0.9182924721436384,0.9543886546569567,0.9576923076923077,0.9511077158135982,0.9948781548143643
SGD,0.8381274120746761,0.8188497088864818,0.8998902112679202,0.8880825057295646,0.8990990641753175,"{'alpha': 0.0001, 'penalty': 'elasticnet', 'loss': 'log_loss', 'class_weight': 'balanced'}","['spec_skew', 'NDSI', 'mfcc_1', 'mfcc_std']",0.6922024623803009,0.5417558886509636,0.9583333333333334,0.7929322425673967,0.8490175801447777,0.9235095613048369,0.785645933014354,0.9069538901886719,0.9731621936989499,0.991283676703645,0.9556913674560733,0.9974110597698838
SGD,0.8380250127736248,0.8181384310944316,0.8907307261022431,0.8792971734148205,0.8756667098714237,"{'alpha': 0.0001, 'penalty': 'elasticnet', 'loss': 'log_loss', 'class_weight': 'balanced'}","['mfcc_1', 'wav_detail_lvl5_std']",0.7275362318840579,0.5892018779342723,0.9507575757575758,0.7300739336878259,0.835245046923879,0.9175257731958762,0.7665071770334928,0.9124232540191388,0.9512937595129376,0.9476876421531463,0.9549274255156608,0.9845029419073063
SGD,0.8376154884186636,0.8152836051461657,0.8819318796098982,0.880061115355233,0.8888854929552883,"{'alpha': 0.0001, 'penalty': 'l2', 'loss': 'log_loss', 'class_weight': 'balanced'}","['spec_skew', 'wav_detail_lvl5_std', 'wav_approx_std']",0.7168674698795181,0.595,0.9015151515151515,0.7854597728385802,0.8456243854473943,0.8695652173913043,0.8229665071770335,0.8901266364965437,0.950354609929078,0.9812855980471928,0.9213139801375095,0.9910700695307408
SGD,0.8374913460334455,0.8186112833214542,0.9036382176475056,0.8857906799083269,0.8918099246109259,"{'alpha': 0.0001, 'penalty': 'l2', 'loss': 'log_loss', 'class_weight': 'balanced'}","['spec_skew', 'spec_kurtosis', 'NDSI', 'mfcc_1', 'mfcc_std', 'mfcc_2']",0.6971736204576043,0.5407098121085595,0.9810606060606061,0.750030612422224,0.8440271257172666,0.9277522935779816,0.7741626794258373,0.9292582950047823,0.9712732919254659,0.9873717442778216,0.9556913674560733,0.9961408664057714
SGD,0.8370441997655949,0.828306735630525,0.8480615531699124,0.8899923605805958,0.897272925267239,"{'alpha': 0.0001, 'penalty': 'l2', 'loss': 'log_loss', 'class_weight': 'balanced'}","['mfcc_mean', 'mfcc_1', 'mfcc_std', 'wav_approx_std']",0.6916221033868093,0.6531986531986532,0.7348484848484849,0.793369288139095,0.8646616541353384,0.8494921514312096,0.8803827751196173,0.9031398830918372,0.9548488417746368,0.9822294022617124,0.9289533995416348,0.9953096045707848
SGD,0.8368485717739692,0.8189555460935415,0.8991692689835106,0.8869365928189458,0.8352420472606655,"{'alpha': 0.0001, 'penalty': 'l2', 'loss': 'log_loss', 'class_weight': 'balanced'}","['spec_skew', 'spec_kurtosis', 'NDSI', 'mfcc_var', 'mfcc_std', 'mfcc_2']",0.6930422919508867,0.5415778251599147,0.9621212121212122,0.5883722043816266,0.8448637316561844,0.9339513325608343,0.7712918660287081,0.9202404568122367,0.9726396917148362,0.9813374805598756,0.9640947288006112,0.9971134805881332
SGD,0.8366891860603692,0.8176548815687271,0.8979252945197218,0.8869365928189458,0.9014781417489406,"{'alpha': 0.0001, 'penalty': 'elasticnet', 'loss': 'log_loss', 'class_weight': 'balanced'}","['spec_skew', 'spec_kurtosis', 'NDSI', 'mfcc_1', 'mfcc_std']",0.6904109589041096,0.5407725321888412,0.9545454545454546,0.7910611741802632,0.8472294148109788,0.9232505643340858,0.7827751196172249,0.9161467799597485,0.9724271844660194,0.9889415481832543,0.9564553093964858,0.99722647110681
SGD,0.8366321950792995,0.8287958859751573,0.8463645745379492,0.8903743315508021,0.8889789334377469,"{'alpha': 0.0001, 'penalty': 'l2', 'loss': 'log_loss', 'class_weight': 'balanced'}","['mfcc_mean', 'mfcc_1', 'wav_approx_std']",0.6894075403949731,0.6552901023890785,0.7272727272727273,0.7781044722586756,0.8651949271958667,0.8496309963099631,0.8813397129186603,0.8935113265286999,0.9552941176470588,0.9814665592264303,0.93048128342246,0.9953210015258653
SGD,0.8365706826540406,0.8172523343290444,0.8931560183882166,0.8880825057295646,0.8271918406071234,"{'alpha': 0.0001, 'penalty': 'l2', 'loss': 'log_loss', 'class_weight': 'balanced'}","['mfcc_mean', 'spec_kurtosis', 'NDSI', 'mfcc_1']",0.6871508379888268,0.5442477876106194,0.9318181818181818,0.5753793493329342,0.8493573264781491,0.9177777777777778,0.7904306220095694,0.9088728556991806,0.9732038834951456,0.9897314375987362,0.9572192513368984,0.997323316789255
SGD,0.836070599270215,0.8162724477555718,0.8966387671496031,0.8838808250572956,0.837283155959753,"{'alpha': 0.0001, 'penalty': 'elasticnet', 'loss': 'log_loss', 'class_weight': 'balanced'}","['spec_skew', 'mfcc_var', 'mfcc_std', 'mfcc_2']",0.6988950276243094,0.55,0.9583333333333334,0.6094216596676378,0.8426501035196687,0.9177001127395716,0.7789473684210526,0.9069732287916131,0.9666666666666667,0.981117230527144,0.9526355996944232,0.9954545794200079
SGD,0.8360241820492526,0.8136195737390158,0.8870631346637539,0.8792971734148205,0.8685445585665601,"{'alpha': 0.0001, 'penalty': 'l2', 'loss': 'log_loss', 'class_weight': 'balanced'}","['spec_skew', 'spec_kurtosis', 'wav_detail_lvl5_std', 'mfcc_2']",0.7132459970887919,0.5791962174940898,0.928030303030303,0.7193561877726062,0.8413654618473896,0.8848996832101372,0.8019138755980861,0.8982560045651805,0.9534610872115761,0.9767628205128205,0.9312452253628725,0.9880214833618934
SGD,0.8359837551008983,0.8169703507265526,0.8983596468890586,0.8861726508785333,0.9055244661259972,"{'alpha': 0.0001, 'penalty': 'elasticnet', 'loss': 'log_loss', 'class_weight': 'balanced'}","['spec_kurtosis', 'NDSI', 'mfcc_1', 'mfcc_std']",0.6893732970027248,0.5382978723404256,0.9583333333333334,0.8109234823567334,0.8461936820300362,0.9221218961625283,0.7818181818181819,0.9082874698102085,0.9723842862699339,0.9904912836767037,0.9549274255156608,0.9973624462110501
SGD,0.8359413623280679,0.8307922276262895,0.8422305764411028,0.8926661573720397,0.8898935947653431,"{'alpha': 0.0001, 'penalty': 'elasticnet', 'loss': 'log_loss', 'class_weight': 'balanced'}","['mfcc_mean', 'mfcc_var', 'wav_approx_std']",0.6813186813186813,0.6595744680851063,0.7045454545454546,0.7775572221562858,0.868384074941452,0.8504587155963302,0.8870813397129187,0.8967660711269086,0.9581213307240705,0.9823434991974318,0.935064935064935,0.9953574910128349
SGD,0.8358075289055681,0.8163933344077267,0.8887525185512802,0.8770053475935828,0.8770717772980685,"{'alpha': 0.0001, 'penalty': 'l2', 'loss': 'log_loss', 'class_weight': 'balanced'}","['wav_detail_lvl5_std', 'mfcc_var']",0.7264833574529667,0.5878220140515222,0.9507575757575758,0.7365428052827085,0.831413612565445,0.9179190751445087,0.7598086124401914,0.9114577474452255,0.9495256166982923,0.9434389140271493,0.9556913674560733,0.9832147791662715
SGD,0.835681772940858,0.8179218716788966,0.9053059341759032,0.8834988540870894,0.8370347231658135,"{'alpha': 0.0001, 'penalty': 'elasticnet', 'loss': 'log_loss', 'class_weight': 'balanced'}","['spec_skew', 'spec_kurtosis', 'NDSI', 'mfcc_var', 'mfcc_2']",0.6976127320954907,0.536734693877551,0.9962121212121212,0.5977023150291005,0.8392198207696363,0.9342723004694836,0.7617224880382775,0.9177123136167076,0.9702127659574468,0.9827586206896551,0.957983193277311,0.9956895408516325
SGD,0.8355841125062987,0.8138097904335306,0.8788436108095551,0.880061115355233,0.8923097754505832,"{'alpha': 0.0001, 'penalty': 'elasticnet', 'loss': 'log_loss', 'class_weight': 'balanced'}","['spec_skew', 'NDSI', 'wav_detail_lvl5_std', 'wav_approx_std']",0.7088989441930619,0.5889724310776943,0.8901515151515151,0.7946913624825763,0.8454724409448819,0.8703140830800405,0.8220095693779904,0.8907072980068902,0.9523809523809523,0.9821428571428571,0.9243697478991597,0.9915306658622833
SGD,0.8354565253929177,0.82779087598201,0.844868521571308,0.8926661573720397,0.8882793708392024,"{'alpha': 0.0001, 'penalty': 'l2', 'loss': 'log_loss', 'class_weight': 'balanced'}","['mfcc_mean', 'mfcc_var', 'mfcc_std', 'wav_approx_std']",0.6786355475763016,0.6450511945392492,0.7159090909090909,0.7737179443920467,0.8676401318888366,0.8543599257884972,0.8813397129186603,0.8957342284881827,0.960093896713615,0.9839615076182838,0.9373567608861727,0.9953859396373778
SGD,0.8346948170235028,0.8159374393947205,0.8984967990385947,0.8819709702062644,0.8964528845830065,"{'alpha': 0.0001, 'penalty': 'elasticnet', 'loss': 'log_loss', 'class_weight': 'balanced'}","['spec_skew', 'spec_kurtosis', 'mfcc_1', 'mfcc_std', 'mfcc_2']",0.7002724795640327,0.5468085106382978,0.9734848484848485,0.7733060729622837,0.8381351492928235,0.9259259259259259,0.7655502392344498,0.9229024044312143,0.9656768222136521,0.9750778816199377,0.9564553093964858,0.9931501763555216
SGD,0.8346363330487455,0.8313422255163765,0.8395336603540938,0.8919022154316272,0.8824953440461378,"{'alpha': 0.0001, 'penalty': 'elasticnet', 'loss': 'log_loss', 'class_weight': 'balanced'}","['mfcc_mean', 'wav_approx_std', 'mfcc_2']",0.6777777777777778,0.6630434782608695,0.6931818181818182,0.779228889380522,0.8691631992602866,0.8407871198568873,0.8995215311004785,0.872752674389353,0.9569680221081721,0.9901960784313726,0.9258976317799847,0.9955044683685386
SGD,0.8344866182410943,0.8126782912565967,0.8780153369162657,0.8789152024446142,0.892506833698269,"{'alpha': 0.0001, 'penalty': 'elasticnet', 'loss': 'log_loss', 'class_weight': 'balanced'}","['spec_skew', 'spec_kurtosis', 'NDSI', 'wav_detail_lvl5_std', 'wav_approx_std']",0.7078313253012049,0.5875,0.8901515151515151,0.7912924540969524,0.8440727988194786,0.868421052631579,0.8210526315789474,0.8945845108125723,0.9515557306025995,0.9821138211382113,0.9228418640183346,0.991643536185282
SGD,0.834202824062037,0.8296835013467666,0.8401960784313726,0.8892284186401833,0.8851088103443806,"{'alpha': 0.0001, 'penalty': 'l2', 'loss': 'log_loss', 'class_weight': 'balanced'}","['mfcc_mean', 'NDSI', 'wav_approx_std']",0.6838235294117647,0.6642857142857143,0.7045454545454546,0.7793968763744316,0.8652416356877324,0.8410117434507678,0.8909090909090909,0.8804895303100779,0.9535433070866142,0.983753046303818,0.9251336898395722,0.9954400243486323
SGD,0.834170985820261,0.8158669348884081,0.8953574890881392,0.8831168831168831,0.8577874907493873,"{'alpha': 0.0001, 'penalty': 'elasticnet', 'loss': 'log_loss', 'class_weight': 'balanced'}","['mfcc_mean', 'spec_skew', 'spec_kurtosis', 'mfcc_std', 'mfcc_2']",0.695054945054945,0.5452586206896551,0.9583333333333334,0.6648246956352448,0.8397905759162304,0.9271676300578034,0.7674641148325358,0.9156413696049556,0.9676674364896074,0.9751745539177658,0.9602750190985485,0.9928964070079614
SGD,0.8340262488832945,0.8149378804585509,0.8714043352588243,0.8827349121466769,0.8142269050642588,"{'alpha': 0.0001, 'penalty': 'elasticnet', 'loss': 'log_loss', 'class_weight': 'balanced'}","['mfcc_mean', 'mfcc_var', 'mfcc_std']",0.699537750385208,0.5896103896103896,0.8598484848484849,0.559036499438073,0.8456510809451986,0.8908898305084746,0.8047846889952153,0.8901280724806497,0.9568899153194765,0.9643134212567882,0.9495798319327731,0.9935161432740534
SGD,0.8339844523040192,0.8163753536106535,0.9034696813334584,0.8823529411764706,0.8299418261007405,"{'alpha': 0.0001, 'penalty': 'elasticnet', 'loss': 'log_loss', 'class_weight': 'balanced'}","['spec_skew', 'spec_kurtosis', 'NDSI', 'mfcc_std', 'mfcc_2']",0.6940397350993377,0.5336048879837068,0.9924242424242424,0.5799257032882867,0.8377239199157007,0.9320046893317703,0.7607655502392344,0.9144801331522909,0.9701897018970189,0.9835164835164835,0.9572192513368984,0.9954196418616441
SGD,0.8338214047938112,0.8141389837705297,0.8948535554572706,0.881588999236058,0.8405803222661191,"{'alpha': 0.0001, 'penalty': 'elasticnet', 'loss': 'log_loss', 'class_weight': 'balanced'}","['spec_kurtosis', 'mfcc_var', 'mfcc_std', 'mfcc_2']",0.696969696969697,0.5476190476190477,0.9583333333333334,0.6221782180678486,0.8393782383419689,0.9152542372881356,0.7751196172248804,0.9045796352488747,0.9651162790697675,0.9795436664044059,0.9511077158135982,0.9949831134816339
SGD,0.8334740285020877,0.8152880087308594,0.9004484249840288,0.8819709702062644,0.8387704762089575,"{'alpha': 0.0001, 'penalty': 'elasticnet', 'loss': 'log_loss', 'class_weight': 'balanced'}","['spec_skew', 'spec_kurtosis', 'NDSI', 'mfcc_1', 'mfcc_2']",0.6934404283801874,0.5362318840579711,0.9810606060606061,0.6048271653941985,0.8379653906659675,0.9269141531322506,0.7645933014354067,0.9162030500341495,0.9690162664601084,0.9827179890023566,0.9556913674560733,0.9952812131985249
SGD,0.8334561316709682,0.8186931219196175,0.8557450891042223,0.8892284186401833,0.8826263217460285,"{'alpha': 0.0001, 'penalty': 'elasticnet', 'loss': 'log_loss', 'class_weight': 'balanced'}","['mfcc_1', 'mfcc_std', 'wav_approx_std']",0.6799336650082919,0.6047197640117994,0.7765151515151515,0.7609492270474596,0.8578431372549019,0.8793969849246231,0.8373205741626795,0.8971819201218331,0.9625915927497107,0.9719626168224299,0.9533995416348358,0.9897478180687924
SGD,0.8332940913808967,0.8113518264364977,0.8764874530354406,0.8766233766233766,0.85703240050881,"{'alpha': 0.0001, 'penalty': 'elasticnet', 'loss': 'log_loss', 'class_weight': 'balanced'}","['spec_kurtosis', 'wav_detail_lvl5_std']",0.7099697885196374,0.5904522613065326,0.8901515151515151,0.6884029025172751,0.8415890142226582,0.8631790744466801,0.8210526315789474,0.8916996348853714,0.9483234714003945,0.9804241435562806,0.9182582123758595,0.9909946641237838
SGD,0.8331791856869714,0.8139743515492092,0.8939582691130679,0.8808250572956455,0.8380459079648673,"{'alpha': 0.0001, 'penalty': 'l2', 'loss': 'log_loss', 'class_weight': 'balanced'}","['spec_skew', 'spec_kurtosis', 'mfcc_var', 'mfcc_std', 'mfcc_2']",0.6979310344827586,0.5488069414316703,0.9583333333333334,0.6099230365997255,0.8375,0.9188571428571428,0.769377990430622,0.9091610385508443,0.9641065225781551,0.9742589703588144,0.9541634835752483,0.9950536487440323
SGD,0.8329729162805601,0.8153227622251932,0.8912213689303473,0.8796791443850267,0.9131033982940666,"{'alpha': 0.001, 'penalty': 'elasticnet', 'loss': 'log_loss', 'class_weight': 'balanced'}","['wav_detail_lvl5_std', 'wav_approx_std']",0.7048951048951049,0.5587583148558758,0.9545454545454546,0.8202453177816337,0.8335974643423137,0.9304245283018868,0.755023923444976,0.9230869920517959,0.9604261796042618,0.9567854435178166,0.9640947288006112,0.9959778850487702
SGD,0.8329086542039095,0.8106852838792378,0.8830232890604407,0.8773873185637892,0.8701711465548373,"{'alpha': 0.0001, 'penalty': 'elasticnet', 'loss': 'log_loss', 'class_weight': 'balanced'}","['spec_skew', 'spec_kurtosis', 'NDSI', 'wav_detail_lvl5_std']",0.7055393586005831,0.5734597156398105,0.9166666666666666,0.7226690233353337,0.8403193612774451,0.8779979144942649,0.8057416267942584,0.897703964016173,0.9528672427336999,0.9805982215036378,0.9266615737203973,0.9901404523130051
SGD,0.8328927198593701,0.81257326502258,0.8783958559500356,0.8827349121466769,0.8249534673745061,"{'alpha': 0.0001, 'penalty': 'l2', 'loss': 'log_loss', 'class_weight': 'balanced'}","['mfcc_mean', 'spec_skew', 'spec_kurtosis', 'mfcc_var', 'mfcc_std']",0.691285081240768,0.5665859564164649,0.8863636363636364,0.5960869173686615,0.8454957221942627,0.89171974522293,0.8038277511961722,0.8848956530110975,0.9618973561430794,0.9794140934283452,0.944996180290298,0.9938778317437595
SGD,0.832699237796073,0.8137311482805205,0.8959098950585019,0.8808250572956455,0.9024503696994713,"{'alpha': 0.0001, 'penalty': 'elasticnet', 'loss': 'log_loss', 'class_weight': 'balanced'}","['spec_skew', 'mfcc_1', 'mfcc_std', 'mfcc_2']",0.6948228882833788,0.5425531914893617,0.9659090909090909,0.7917585318188376,0.8373305526590198,0.9198167239404352,0.7684210526315789,0.921122129059015,0.9659442724458205,0.9788235294117648,0.9533995416348358,0.9944704482205614
SGD,0.8326729062250487,0.8139787738102018,0.886658937897328,0.8758594346829641,0.876930676009308,"{'alpha': 0.0001, 'penalty': 'elasticnet', 'loss': 'log_loss', 'class_weight': 'balanced'}","['wav_detail_lvl5_std', 'mfcc_std']",0.7173601147776184,0.5773672055427251,0.946969696969697,0.7341153298129689,0.8292170257488176,0.9195804195804196,0.755023923444976,0.9121533343029422,0.9514415781487102,0.9449886963074604,0.957983193277311,0.9845233639120129
SGD,0.8323864014478501,0.8133624850300518,0.8756323741617859,0.8792971734148205,0.8145089700331951,"{'alpha': 0.0001, 'penalty': 'l2', 'loss': 'log_loss', 'class_weight': 'balanced'}","['mfcc_mean', 'mfcc_std']",0.704647676161919,0.5831265508684863,0.8901515151515151,0.5367302067741861,0.837948717948718,0.9027624309392265,0.7818181818181819,0.9119443170162265,0.9545628102329133,0.9541984732824428,0.9549274255156608,0.9948523863091729
SGD,0.8322783160688192,0.8234916779827021,0.8428344703112506,0.8861726508785333,0.892884919588491,"{'alpha': 0.001, 'penalty': 'l2', 'loss': 'log_loss', 'class_weight': 'balanced'}","['mfcc_mean', 'mfcc_std', 'wav_approx_std']",0.6868327402135231,0.6476510067114094,0.7310606060606061,0.7771913299302526,0.8571428571428571,0.8587896253602305,0.8555023923444977,0.9068932491135931,0.9528593508500772,0.9640344018764659,0.9419404125286478,0.9945701797216273
SGD,0.8322627837105504,0.8206416705382761,0.8478313654010249,0.8861726508785333,0.8846832456898679,"{'alpha': 0.0001, 'penalty': 'elasticnet', 'loss': 'log_loss', 'class_weight': 'balanced'}","['mfcc_mean', 'wav_approx_std']",0.682842287694974,0.6293929712460063,0.7462121212121212,0.7777836599867733,0.8591682419659735,0.8487394957983193,0.8698564593301435,0.8810400999075767,0.9547778214707039,0.9837925445705025,0.9274255156608098,0.9952259771752537
SGD,0.8322538989373337,0.8107144181720279,0.8846856445927652,0.8758594346829641,0.8767244601481665,"{'alpha': 0.0001, 'penalty': 'elasticnet', 'loss': 'log_loss', 'class_weight': 'balanced'}","['spec_skew', 'spec_kurtosis', 'mfcc_1', 'mfcc_var', 'mfcc_std']",0.70995670995671,0.5734265734265734,0.9318181818181818,0.7584677204181323,0.8360488798370672,0.8933623503808488,0.785645933014354,0.8794997443216346,0.9507561070182241,0.9653543307086614,0.9365928189457601,0.9922059157047328
SGD,0.8320725238040275,0.8128339827710748,0.8760667265311227,0.878533231474408,0.9378034069068927,"{'alpha': 0.0001, 'penalty': 'l2', 'loss': 'log_loss', 'class_weight': 'balanced'}","['mfcc_mean', 'mfcc_1', 'mfcc_std']",0.7055306427503737,0.582716049382716,0.8939393939393939,0.8904103494477061,0.8369230769230769,0.901657458563536,0.7808612440191387,0.9286394794803383,0.953763851738632,0.9541284403669725,0.9533995416348358,0.9943603917926332
SGD,0.8317797739839791,0.8115251796840469,0.870418247043634,0.8766233766233766,0.8690019039223634,"{'alpha': 0.0001, 'penalty': 'elasticnet', 'loss': 'log_loss', 'class_weight': 'balanced'}","['spec_skew', 'mfcc_1', 'mfcc_var']",0.7076923076923077,0.5958549222797928,0.8712121212121212,0.7463371095595894,0.8403193612774451,0.8779979144942649,0.8057416267942584,0.869580506089013,0.9473276529821844,0.9607227022780833,0.9343009931245225,0.9910880961184879
SGD,0.8315008458173222,0.8155019529735439,0.9027514195470853,0.8808250572956455,0.8559368037433813,"{'alpha': 0.0001, 'penalty': 'elasticnet', 'loss': 'log_loss', 'class_weight': 'balanced'}","['spec_kurtosis', 'NDSI', 'mfcc_var', 'mfcc_2']",0.6893840104849279,0.5270541082164328,0.9962121212121212,0.6475473054862655,0.8340425531914893,0.9389221556886228,0.7502392344497608,0.9238392383018772,0.9710759737755496,0.9805295950155763,0.9618029029793735,0.9964238674420011
SGD,0.8314130890429757,0.8110241780935042,0.8787525855637311,0.8808250572956455,0.8214569909765098,"{'alpha': 0.0001, 'penalty': 'l2', 'loss': 'log_loss', 'class_weight': 'balanced'}","['mfcc_mean', 'spec_skew', 'mfcc_var', 'mfcc_std']",0.6910688140556369,0.5632458233890215,0.8939393939393939,0.5918040167437936,0.8424242424242424,0.8919786096256684,0.7980861244019138,0.8791947371972817,0.9607462106490477,0.9778481012658228,0.9442322383498855,0.9933722189884542
SGD,0.8311007834425297,0.8125641910686155,0.894888625306582,0.8796791443850267,0.8450586084943114,"{'alpha': 0.0001, 'penalty': 'l2', 'loss': 'log_loss', 'class_weight': 'balanced'}","['mfcc_mean', 'spec_kurtosis', 'mfcc_1', 'mfcc_2']",0.6919945725915875,0.5391120507399577,0.9659090909090909,0.6354051432193484,0.8353371667537899,0.9205069124423964,0.7645933014354067,0.9055224226818355,0.9659706109822119,0.9780736100234926,0.9541634835752483,0.9942482595817501
SGD,0.8310099380913031,0.8139713192600353,0.856625632709224,0.8739495798319328,0.8727569589280083,"{'alpha': 0.0001, 'penalty': 'elasticnet', 'loss': 'log_loss', 'class_weight': 'balanced'}","['spec_kurtosis', 'wav_approx_std', 'mfcc_2']",0.71499176276771,0.6326530612244898,0.821969696969697,0.7654794047625335,0.8388671875,0.8564307078763709,0.8220095693779904,0.8636401674882717,0.9391708640061992,0.9528301886792453,0.9258976317799847,0.9891513045332198
SGD,0.8307304230507216,0.8130966345216716,0.8931246342237055,0.8804430863254392,0.8445248616955795,"{'alpha': 0.0001, 'penalty': 'l2', 'loss': 'log_loss', 'class_weight': 'balanced'}","['mfcc_mean', 'spec_skew', 'spec_kurtosis', 'mfcc_1', 'mfcc_2']",0.6893732970027248,0.5382978723404256,0.9583333333333334,0.631871405271363,0.8355228586442459,0.9265734265734266,0.7607655502392344,0.9090461460609031,0.9672951135051943,0.9744186046511628,0.9602750190985485,0.9926570337544726
SGD,0.8304613539196891,0.8108488636316276,0.8633975759362755,0.8716577540106952,0.8797315650704304,"{'alpha': 0.0001, 'penalty': 'elasticnet', 'loss': 'log_loss', 'class_weight': 'balanced'}","['spec_skew', 'spec_kurtosis', 'wav_approx_std', 'mfcc_2']",0.7186009538950715,0.6191780821917808,0.8560606060606061,0.7809038358243553,0.8344827586206897,0.8598984771573605,0.8105263157894737,0.8695597567488234,0.9383003492433062,0.9534700315457413,0.9236058059587471,0.9887311026381123
SGD,0.8304312191851411,0.8134397072947627,0.9016711788383615,0.8789152024446142,0.848765053504508,"{'alpha': 0.0001, 'penalty': 'elasticnet', 'loss': 'log_loss', 'class_weight': 'balanced'}","['spec_kurtosis', 'NDSI', 'mfcc_1', 'mfcc_2']",0.6902887139107612,0.5281124497991968,0.9962121212121212,0.6304703651236054,0.8323638286620836,0.9302600472813238,0.75311004784689,0.919540814095496,0.9686411149825784,0.9819466248037677,0.9556913674560733,0.9962839812944227
SGD,0.8298857210972107,0.8102756347439678,0.8623789866823923,0.8701298701298701,0.8788210121079976,"{'alpha': 0.0001, 'penalty': 'elasticnet', 'loss': 'log_loss', 'class_weight': 'balanced'}","['spec_kurtosis', 'NDSI', 'wav_approx_std', 'mfcc_2']",0.7208931419457735,0.6225895316804407,0.8560606060606061,0.7630395356466488,0.8328416912487709,0.8564206268958544,0.8105263157894737,0.8840706854329501,0.9359223300970874,0.9518167456556083,0.920550038197097,0.9893528152443936
SGD,0.8296180033368733,0.812298683071087,0.8560520061294056,0.8731856378915203,0.8785370344636263,"{'alpha': 0.0001, 'penalty': 'elasticnet', 'loss': 'log_loss', 'class_weight': 'balanced'}","['spec_skew', 'wav_approx_std', 'mfcc_2']",0.7114754098360656,0.6271676300578035,0.821969696969697,0.7820112990486019,0.837890625,0.8554336989032901,0.8210526315789474,0.8651591043775801,0.939487975174554,0.9542947202521671,0.9251336898395722,0.9884406999646971
SGD,0.8295066267157859,0.8085878529104772,0.8834580881794505,0.8735676088617265,0.867080174293816,"{'alpha': 0.0001, 'penalty': 'l2', 'loss': 'log_loss', 'class_weight': 'balanced'}","['spec_skew', 'mfcc_1', 'mfcc_var', 'mfcc_std']",0.7067238912732475,0.5678160919540229,0.9356060606060606,0.7438015954187196,0.8316221765913757,0.8970099667774086,0.7751196172248804,0.866425269612304,0.9501738122827347,0.9609375,0.9396485867074102,0.9910136578504246
SGD,0.8294556964193216,0.8071499462847372,0.8770079164042013,0.872803666921314,0.8617553400778096,"{'alpha': 0.0001, 'penalty': 'elasticnet', 'loss': 'log_loss', 'class_weight': 'balanced'}","['spec_skew', 'spec_kurtosis', 'wav_detail_lvl5_std']",0.7060561299852289,0.5786924939467313,0.9053030303030303,0.7039945658045885,0.8350668647845468,0.8655030800821355,0.8066985645933015,0.89200142649226,0.947244094488189,0.9772542648253453,0.919022154316272,0.9892700279365807
SGD,0.8293674061574648,0.8137183870954395,0.9012208551682236,0.8789152024446142,0.8484774408778684,"{'alpha': 0.0001, 'penalty': 'elasticnet', 'loss': 'log_loss', 'class_weight': 'balanced'}","['spec_skew', 'NDSI', 'mfcc_var', 'mfcc_2']",0.6866840731070496,0.5239043824701195,0.9962121212121212,0.6273154763356756,0.8311134789557805,0.9375,0.7464114832535885,0.9216006673465738,0.9703046664095643,0.9797507788161994,0.961038961038961,0.9965161789513557
SGD,0.8293286780247877,0.808109286519708,0.8858307756914569,0.8716577540106952,0.8595856289400062,"{'alpha': 0.0001, 'penalty': 'elasticnet', 'loss': 'log_loss', 'class_weight': 'balanced'}","['spec_kurtosis', 'mfcc_1', 'mfcc_var', 'mfcc_std']",0.7120567375886525,0.5691609977324263,0.9507575757575758,0.7402046986645197,0.8284389489953632,0.8973214285714286,0.769377990430622,0.8507609235205723,0.9474903474903474,0.9578454332552693,0.9373567608861727,0.9877912646349265
SGD,0.8289662128300019,0.8131473881263318,0.9010305398076296,0.878533231474408,0.8527354488597368,"{'alpha': 0.0001, 'penalty': 'elasticnet', 'loss': 'log_loss', 'class_weight': 'balanced'}","['spec_kurtosis', 'NDSI', 'mfcc_std', 'mfcc_2']",0.6857887874837028,0.5228628230616302,0.9962121212121212,0.6401063947739616,0.8308510638297872,0.9353293413173652,0.7473684210526316,0.9217531428856115,0.970258787176516,0.98125,0.959511077158136,0.9963468089196374
SGD,0.828790191376955,0.810244477448684,0.8717668726182658,0.8770053475935828,0.8299059538789516,"{'alpha': 0.0001, 'penalty': 'l2', 'loss': 'log_loss', 'class_weight': 'balanced'}","['mfcc_mean', 'mfcc_var']",0.6976047904191617,0.5767326732673267,0.8825757575757576,0.5833347293422813,0.8345323741007195,0.9012208657047724,0.7770334928229665,0.9115171305548904,0.954233409610984,0.9527798933739527,0.9556913674560733,0.9948660017396834
SGD,0.8282988963202267,0.8076199324689609,0.8878706346972601,0.8743315508021391,0.8229643530467095,"{'alpha': 0.0001, 'penalty': 'l2', 'loss': 'log_loss', 'class_weight': 'balanced'}","['mfcc_mean', 'spec_skew', 'mfcc_var']",0.6972222222222222,0.5504385964912281,0.9507575757575758,0.5989763359249087,0.8308483290488432,0.8977777777777778,0.7732057416267942,0.8762436860655136,0.9568261376896149,0.9746434231378764,0.9396485867074102,0.9936730371497061
SGD,0.8281583018228341,0.8094042402073436,0.8588212956634008,0.872803666921314,0.865466704143491,"{'alpha': 0.0001, 'penalty': 'elasticnet', 'loss': 'log_loss', 'class_weight': 'balanced'}","['NDSI', 'wav_approx_std', 'mfcc_2']",0.7051282051282052,0.6111111111111112,0.8333333333333334,0.7242529569085566,0.8374816983894583,0.8545816733067729,0.8210526315789474,0.881891421275324,0.9418650019508389,0.9625199362041468,0.922077922077922,0.9902557342465923
SGD,0.8279751925025826,0.8105279961352049,0.8914037544842498,0.8781512605042017,0.8444663924812938,"{'alpha': 0.0001, 'penalty': 'elasticnet', 'loss': 'log_loss', 'class_weight': 'balanced'}","['mfcc_mean', 'spec_skew', 'mfcc_1', 'mfcc_2']",0.6847090663058186,0.5326315789473685,0.9583333333333334,0.6307849279534279,0.8323699421965318,0.9230769230769231,0.7578947368421053,0.9084986546782341,0.9668465690053971,0.9758754863813229,0.957983193277311,0.9941155948122196
SGD,0.8278993983830693,0.8115516233273086,0.900076282506623,0.8770053475935828,0.8445750689245412,"{'alpha': 0.0001, 'penalty': 'l2', 'loss': 'log_loss', 'class_weight': 'balanced'}","['spec_skew', 'NDSI', 'mfcc_std', 'mfcc_2']",0.6857887874837028,0.5228628230616302,0.9962121212121212,0.6188104554102833,0.8292682926829268,0.929845422116528,0.7483253588516746,0.9185407955839237,0.9686411149825784,0.9819466248037677,0.9556913674560733,0.9963739557794166
SGD,0.8277967558856076,0.8103202190282079,0.8930874423134485,0.8766233766233766,0.8308408858177113,"{'alpha': 0.0001, 'penalty': 'l2', 'loss': 'log_loss', 'class_weight': 'balanced'}","['spec_skew', 'spec_kurtosis', 'mfcc_var', 'mfcc_2']",0.6890982503364738,0.534446764091858,0.9696969696969697,0.5985343854765935,0.8297311544544017,0.9237089201877934,0.75311004784689,0.9015062563498757,0.9645608628659477,0.9728049728049728,0.9564553093964858,0.9924820156266645
SGD,0.8274471591166913,0.8110902973259,0.8998216351931522,0.8766233766233766,0.8412933673242765,"{'alpha': 0.0001, 'penalty': 'elasticnet', 'loss': 'log_loss', 'class_weight': 'balanced'}","['spec_skew', 'NDSI', 'mfcc_1', 'mfcc_2']",0.6848958333333334,0.5218253968253969,0.9962121212121212,0.611366092400811,0.8288288288288288,0.9287410926365796,0.7483253588516746,0.916195883164163,0.9686168151879117,0.9827044025157232,0.9549274255156608,0.9963181264078553
SGD,0.8273081970642733,0.8063985931253841,0.877975911257645,0.8724216959511077,0.8757843848627802,"{'alpha': 0.0001, 'penalty': 'elasticnet', 'loss': 'log_loss', 'class_weight': 'balanced'}","['spec_skew', 'spec_kurtosis', 'mfcc_1', 'mfcc_var']",0.7014492753623188,0.568075117370892,0.9166666666666666,0.7597203558884327,0.8307849133537207,0.8887677208287895,0.7799043062200957,0.8753964503906562,0.9496904024767802,0.9623529411764706,0.9373567608861727,0.9922363483092517
SGD,0.8271409175635901,0.8057569807772896,0.8717266651477177,0.8735676088617265,0.8865689863384388,"{'alpha': 0.0001, 'penalty': 'elasticnet', 'loss': 'log_loss', 'class_weight': 'balanced'}","['spec_skew', 'spec_kurtosis', 'wav_detail_lvl5_std', 'wav_approx_std']",0.6944858420268256,0.5724815724815725,0.8825757575757576,0.7803122833619671,0.8365432098765432,0.8642857142857143,0.8105263157894737,0.8883316491854847,0.9503937007874016,0.9805036555645816,0.922077922077922,0.9910630264678645
SGD,0.8271114457772759,0.8074741585625027,0.8604140699341937,0.8689839572192514,0.8829362641290209,"{'alpha': 0.0001, 'penalty': 'elasticnet', 'loss': 'log_loss', 'class_weight': 'balanced'}","['spec_skew', 'NDSI', 'wav_approx_std', 'mfcc_2']",0.7131537242472267,0.6130790190735694,0.8522727272727273,0.775978649223333,0.8311176760216642,0.8559837728194726,0.8076555023923445,0.8838898617663654,0.9370629370629371,0.9533596837944665,0.9213139801375095,0.9889402813973646
SGD,0.8270711797631973,0.809809970767318,0.8538590236732652,0.8739495798319328,0.8728021935458553,"{'alpha': 0.0001, 'penalty': 'elasticnet', 'loss': 'log_loss', 'class_weight': 'balanced'}","['spec_skew', 'NDSI', 'wav_approx_std']",0.6982055464926591,0.6131805157593123,0.8106060606060606,0.7647211481655978,0.8394941634241245,0.8536102868447082,0.8258373205741627,0.8629507437522937,0.9435138293728087,0.9626391096979332,0.9251336898395722,0.9907346887196743
SGD,0.8269620267229844,0.8064795507719896,0.8839540920036276,0.8731856378915203,0.8249541520653846,"{'alpha': 0.0001, 'penalty': 'elasticnet', 'loss': 'log_loss', 'class_weight': 'balanced'}","['mfcc_mean', 'spec_skew', 'spec_kurtosis', 'mfcc_var']",0.6966292134831461,0.5535714285714286,0.9393939393939394,0.60056789687783,0.8292181069958847,0.896551724137931,0.7712918660287081,0.8808330078641643,0.9550387596899225,0.969315499606609,0.9411764705882353,0.9934615514541596
SGD,0.8264680038385593,0.8086301427421209,0.8548537118196561,0.872803666921314,0.868371125826141,"{'alpha': 0.0001, 'penalty': 'elasticnet', 'loss': 'log_loss', 'class_weight': 'balanced'}","['spec_kurtosis', 'NDSI', 'wav_approx_std']",0.6990291262135923,0.6101694915254238,0.8181818181818182,0.7524206802653228,0.8376401755241346,0.8538767395626242,0.8220095693779904,0.861766322765027,0.9427347097779509,0.9618441971383148,0.9243697478991597,0.9909263744480731
SGD,0.8260420997024597,0.8084170716908323,0.8910608741104097,0.8750954927425516,0.8260433284532422,"{'alpha': 0.0001, 'penalty': 'elasticnet', 'loss': 'log_loss', 'class_weight': 'balanced'}","['spec_skew', 'spec_kurtosis', 'mfcc_1', 'mfcc_2']",0.6864064602960969,0.5323590814196242,0.9659090909090909,0.5864598933792816,0.8279852709100474,0.919392523364486,0.75311004784689,0.8996041481230735,0.9637345679012346,0.9734996102883866,0.9541634835752483,0.9920659438573717
SGD,0.8260211382490423,0.810028668031571,0.8497787472245677,0.8747135217723453,0.8488171603738778,"{'alpha': 0.0001, 'penalty': 'elasticnet', 'loss': 'log_loss', 'class_weight': 'balanced'}","['NDSI', 'wav_approx_std']",0.6920529801324503,0.6147058823529412,0.7916666666666666,0.6950483271168497,0.8413926499032882,0.8504398826979472,0.8325358851674641,0.8602778871990696,0.9446177847113885,0.9649402390438248,0.9251336898395722,0.991125266805714
SGD,0.8259291755369073,0.8047927065159862,0.8846484526825084,0.8720397249809014,0.810452504677622,"{'alpha': 0.0001, 'penalty': 'elasticnet', 'loss': 'log_loss', 'class_weight': 'balanced'}","['mfcc_mean', 'spec_kurtosis', 'mfcc_std']",0.6935933147632312,0.5484581497797357,0.9431818181818182,0.5727880310249165,0.8291687914329424,0.8875545851528385,0.7779904306220096,0.8651902145829526,0.9550254204145483,0.9783653846153846,0.9327731092436975,0.9933792684249968
SGD,0.8258675968588758,0.8088748477238501,0.8897179445941056,0.8739495798319328,0.8983345476998389,"{'alpha': 0.0001, 'penalty': 'elasticnet', 'loss': 'log_loss', 'class_weight': 'balanced'}",['wav_detail_lvl5_std'],0.6919945725915875,0.5391120507399577,0.9659090909090909,0.810009401738418,0.8250265111346765,0.925089179548157,0.7444976076555024,0.8912722542512801,0.9605817068503636,0.9624233128834356,0.9587471352177235,0.9937219871098187
SGD,0.8254739106928222,0.8050176839776385,0.8676362251439652,0.8697478991596639,0.8603662049913746,"{'alpha': 0.0001, 'penalty': 'elasticnet', 'loss': 'log_loss', 'class_weight': 'balanced'}","['spec_kurtosis', 'mfcc_1', 'mfcc_var']",0.7039274924471299,0.585427135678392,0.8825757575757576,0.7384814876949055,0.8296370967741935,0.8764643237486688,0.7875598086124402,0.8542873612226276,0.9428571428571428,0.9531615925058547,0.9327731092436975,0.988329766056591
SGD,0.8253428109446229,0.8046557358525291,0.8831417894111393,0.872803666921314,0.8089869080999114,"{'alpha': 0.0001, 'penalty': 'elasticnet', 'loss': 'log_loss', 'class_weight': 'balanced'}","['mfcc_mean', 'spec_skew', 'mfcc_1']",0.6889818688981869,0.5452538631346578,0.9356060606060606,0.5640511891242497,0.8300153139356815,0.8894967177242888,0.7779904306220096,0.8688919277521566,0.95703125,0.9792166266986411,0.9358288770053476,0.9940176074233281
SGD,0.8252636831858844,0.8066637843039631,0.8721746433820736,0.8739495798319328,0.8167083667294784,"{'alpha': 0.0001, 'penalty': 'l2', 'loss': 'log_loss', 'class_weight': 'balanced'}","['mfcc_mean', 'mfcc_1']",0.6920821114369502,0.5645933014354066,0.8939393939393939,0.5403061030500139,0.8295454545454546,0.9012345679012346,0.7684210526315789,0.9150159556116784,0.9541634835752483,0.9541634835752483,0.9541634835752483,0.9948030415267429
SGD,0.8252253291428366,0.8052127580813117,0.867699998659751,0.8758594346829641,0.7797487823460686,"{'alpha': 0.0001, 'penalty': 'l2', 'loss': 'log_loss', 'class_weight': 'balanced'}","['mfcc_mean', 'NDSI']",0.6816143497757847,0.562962962962963,0.8636363636363636,0.4871353615031875,0.8377433849226161,0.8757828810020877,0.8028708133971292,0.8592888900386674,0.9563182527301092,0.9768924302788845,0.9365928189457601,0.992822095496351
SGD,0.8249648509949314,0.807698656495719,0.8903585836248377,0.8743315508021391,0.8272237765627394,"{'alpha': 0.0001, 'penalty': 'l2', 'loss': 'log_loss', 'class_weight': 'balanced'}","['spec_skew', 'spec_kurtosis', 'mfcc_std', 'mfcc_2']",0.6845637583892618,0.5301455301455301,0.9659090909090909,0.5876448029386792,0.8265682656826568,0.92018779342723,0.7502392344497608,0.9018126715453006,0.9637625289128758,0.9727626459143969,0.9549274255156608,0.992213855204238
SGD,0.824891409055688,0.8047416975941794,0.8860078002492863,0.8708938120702827,0.8463643235035541,"{'alpha': 0.0001, 'penalty': 'l2', 'loss': 'log_loss', 'class_weight': 'balanced'}","['mfcc_mean', 'spec_skew', 'spec_kurtosis', 'mfcc_1', 'mfcc_std']",0.6942148760330579,0.5454545454545454,0.9545454545454546,0.6560243016447209,0.8262668045501551,0.8987626546681665,0.7645933014354067,0.8890989981777956,0.9541925465838509,0.9700078926598263,0.9388846447669977,0.993969670688146
SGD,0.8240798641811885,0.8044534540822355,0.8583848212331184,0.8678380443086325,0.8790606636916115,"{'alpha': 0.0001, 'penalty': 'elasticnet', 'loss': 'log_loss', 'class_weight': 'balanced'}","['spec_skew', 'spec_kurtosis', 'NDSI', 'wav_approx_std', 'mfcc_2']",0.7044025157232704,0.6021505376344086,0.8484848484848485,0.7640064873133137,0.8292201382033564,0.8562691131498471,0.8038277511961722,0.8838151695414407,0.9386169386169386,0.9549407114624506,0.9228418640183346,0.9893603342200803
SGD,0.823767523776013,0.8038104969611819,0.8835176175733451,0.8682200152788389,0.811893721544462,"{'alpha': 0.0001, 'penalty': 'l2', 'loss': 'log_loss', 'class_weight': 'balanced'}","['mfcc_mean', 'spec_skew', 'mfcc_2']",0.7009735744089013,0.5538461538461539,0.9545454545454546,0.5887214485467369,0.8204060385216033,0.8995433789954338,0.754066985645933,0.8610080001191076,0.9499229583975347,0.958041958041958,0.9419404125286478,0.9859517159675418
SGD,0.8234763594935913,0.8068546614280327,0.8895919611863885,0.8735676088617265,0.8325958738193547,"{'alpha': 0.0001, 'penalty': 'l2', 'loss': 'log_loss', 'class_weight': 'balanced'}","['spec_skew', 'mfcc_var', 'mfcc_2']",0.6809078771695594,0.5257731958762887,0.9659090909090909,0.6013941301278134,0.8249603384452671,0.9219858156028369,0.7464114832535885,0.9023338892261118,0.9645608628659477,0.9728049728049728,0.9564553093964858,0.9940596021041388
SGD,0.8232546221385051,0.8031718037950849,0.8844905266731894,0.8701298701298701,0.8163903173000079,"{'alpha': 0.0001, 'penalty': 'elasticnet', 'loss': 'log_loss', 'class_weight': 'balanced'}","['mfcc_mean', 'spec_skew', 'mfcc_std']",0.6895604395604396,0.540948275862069,0.9507575757575758,0.5806857033977557,0.8245614035087719,0.8947368421052632,0.7645933014354067,0.8746316059375403,0.9556420233463035,0.9738302934179223,0.9381207028265852,0.9938536425647279
SGD,0.8231865587100313,0.8037819354759063,0.8559132903560148,0.865546218487395,0.867917227147188,"{'alpha': 0.0001, 'penalty': 'l2', 'loss': 'log_loss', 'class_weight': 'balanced'}","['spec_kurtosis', 'wav_approx_std']",0.707936507936508,0.6092896174863388,0.8446969696969697,0.7561497886249048,0.8269419862340216,0.8503538928210314,0.8047846889952153,0.8580210199351257,0.9346811819595645,0.9517022961203484,0.9182582123758595,0.9895808728815333
SGD,0.8229440625371899,0.8031940255695772,0.8858174848886923,0.8705118411000764,0.8442120255843989,"{'alpha': 0.0001, 'penalty': 'l2', 'loss': 'log_loss', 'class_weight': 'balanced'}","['mfcc_mean', 'spec_skew', 'mfcc_1', 'mfcc_std']",0.6857142857142857,0.535031847133758,0.9545454545454546,0.6543144835722707,0.8260196179659267,0.8968609865470852,0.7655502392344498,0.8842108371585141,0.9570982839313572,0.9776892430278884,0.9373567608861727,0.9941107560224116
SGD,0.8225545874897581,0.8038879837017229,0.8536182255996497,0.868601986249045,0.8740911394747896,"{'alpha': 0.0001, 'penalty': 'elasticnet', 'loss': 'log_loss', 'class_weight': 'balanced'}","['spec_skew', 'wav_approx_std']",0.6953748006379585,0.6005509641873278,0.8257575757575758,0.7762049330457566,0.83203125,0.8494516450648056,0.815311004784689,0.8570656265830706,0.9402577118313159,0.9616613418530351,0.9197860962566845,0.9890028587955415
SGD,0.8224602079679669,0.8023450924769149,0.8809572951987813,0.8693659281894576,0.8171808606295276,"{'alpha': 0.0001, 'penalty': 'l2', 'loss': 'log_loss', 'class_weight': 'balanced'}","['mfcc_mean', 'spec_skew', 'spec_kurtosis', 'mfcc_std']",0.6898470097357441,0.545054945054945,0.9393939393939394,0.5792965740281038,0.8237113402061855,0.8927374301675978,0.7645933014354067,0.8786877743365317,0.9538222739619713,0.9692429022082019,0.9388846447669977,0.9935582335239471
SGD,0.8219818180228136,0.8023349037729779,0.8825606797743021,0.86707410236822,0.8136719439667236,"{'alpha': 0.0001, 'penalty': 'l2', 'loss': 'log_loss', 'class_weight': 'balanced'}","['mfcc_mean', 'spec_skew', 'spec_kurtosis', 'mfcc_2']",0.6970954356846473,0.5490196078431373,0.9545454545454546,0.5828206076513445,0.8185610010427529,0.8991981672394044,0.7511961722488039,0.8706467746041407,0.9502890173410404,0.9587869362363919,0.9419404125286478,0.9875484496446855
SGD,0.821891421651595,0.8021183662147404,0.8570605435156519,0.86707410236822,0.8712181857816637,"{'alpha': 0.0001, 'penalty': 'elasticnet', 'loss': 'log_loss', 'class_weight': 'balanced'}","['spec_skew', 'spec_kurtosis', 'wav_approx_std']",0.696875,0.5930851063829787,0.8446969696969697,0.7738974959784369,0.8289085545722714,0.8523761375126391,0.8066985645933015,0.851354012407941,0.9398907103825137,0.9608938547486033,0.9197860962566845,0.9884030489586132
SGD,0.8216756124415857,0.8048809870297986,0.8882543926661574,0.8716577540106952,0.8297119110341177,"{'alpha': 0.0001, 'penalty': 'l2', 'loss': 'log_loss', 'class_weight': 'balanced'}","['spec_skew', 'mfcc_std', 'mfcc_2']",0.6790945406125166,0.5236139630390144,0.9659090909090909,0.5930289439756957,0.82259767687434,0.917550058892815,0.7454545454545455,0.9021801516208328,0.9633346198379005,0.9734789391575663,0.9533995416348358,0.9939266375058247
SGD,0.8214799441615801,0.8029367782735263,0.8531811927322764,0.8697478991596639,0.8700977441860244,"{'alpha': 0.0001, 'penalty': 'elasticnet', 'loss': 'log_loss', 'class_weight': 'balanced'}","['spec_skew', 'spec_kurtosis', 'NDSI', 'wav_approx_std']",0.687797147385103,0.5912806539509536,0.821969696969697,0.7606821854080804,0.8327611574301128,0.8541247484909457,0.8124401913875599,0.8587707615196412,0.9438815276695246,0.9634049323786794,0.9251336898395722,0.9908402856303519
SGD,0.8213444011742177,0.8045956600964228,0.8879354133998097,0.8712757830404889,0.8275975956576657,"{'alpha': 0.0001, 'penalty': 'elasticnet', 'loss': 'log_loss', 'class_weight': 'balanced'}","['spec_skew', 'mfcc_1', 'mfcc_2']",0.6790945406125166,0.5236139630390144,0.9659090909090909,0.5899695625920086,0.8219756999471738,0.9174528301886793,0.7444976076555024,0.8990229624122874,0.9629629629629629,0.9727201870615745,0.9533995416348358,0.9938002619687007
SGD,0.8213028842851114,0.8091247054405105,0.8384383418439146,0.8831168831168831,0.8324181011305343,"{'alpha': 0.0001, 'penalty': 'l2', 'loss': 'log_loss', 'class_weight': 'balanced'}","['wav_approx_std', 'mfcc_2']",0.6519524617996605,0.5907692307692308,0.7272727272727273,0.661335493517363,0.8508771929824561,0.8669314796425025,0.8354066985645933,0.8464043884000204,0.9610789980732177,0.9696734059097978,0.9526355996944232,0.9895144214742194
SGD,0.8205868677785674,0.8010882070275384,0.8831369868521571,0.8674560733384262,0.8417811752661676,"{'alpha': 0.0001, 'penalty': 'elasticnet', 'loss': 'log_loss', 'class_weight': 'balanced'}","['mfcc_mean', 'spec_kurtosis', 'mfcc_1', 'mfcc_std']",0.6875852660300137,0.5373134328358209,0.9545454545454546,0.6561628301820778,0.8203530633437176,0.8967082860385925,0.7559808612440191,0.8763429334924024,0.9538222739619713,0.9692429022082019,0.9388846447669977,0.9928377621240225
SGD,0.8205712965832102,0.8007399086094616,0.8796813781333905,0.8678380443086325,0.8124403467399358,"{'alpha': 0.0001, 'penalty': 'elasticnet', 'loss': 'log_loss', 'class_weight': 'balanced'}","['mfcc_mean', 'spec_skew', 'spec_kurtosis', 'mfcc_1']",0.6869806094182825,0.5414847161572053,0.9393939393939394,0.567758499613969,0.8212809917355371,0.8922558922558923,0.7607655502392344,0.8759879559869095,0.9534522885958107,0.9684791174152876,0.9388846447669977,0.9935745846189291
SGD,0.8205570093211366,0.800959610663918,0.8715957674936003,0.8708938120702827,0.8150340974847814,"{'alpha': 0.0001, 'penalty': 'elasticnet', 'loss': 'log_loss', 'class_weight': 'balanced'}","['mfcc_mean', 'spec_kurtosis', 'mfcc_var', 'mfcc_std']",0.6781115879828327,0.5448275862068965,0.8977272727272727,0.5858927892348166,0.8273748723186926,0.8871851040525739,0.7751196172248804,0.8676010069860847,0.9561845676618844,0.9708661417322835,0.9419404125286478,0.9916084962334432
SGD,0.8205495421881213,0.8041171870920364,0.8882411018633928,0.8705118411000764,0.8390628016020324,"{'alpha': 0.0001, 'penalty': 'elasticnet', 'loss': 'log_loss', 'class_weight': 'balanced'}","['spec_kurtosis', 'mfcc_var', 'mfcc_2']",0.6781456953642384,0.5213849287169042,0.9696969696969697,0.6227642256624999,0.8205399682371625,0.9182464454976303,0.7416267942583732,0.900282657668465,0.9629629629629629,0.9727201870615745,0.9533995416348358,0.9941415214751322
SGD,0.8202714108559014,0.8037478666622774,0.887986454549922,0.8701298701298701,0.8369149232492181,"{'alpha': 0.0001, 'penalty': 'elasticnet', 'loss': 'log_loss', 'class_weight': 'balanced'}","['spec_kurtosis', 'mfcc_std', 'mfcc_2']",0.6781456953642384,0.5213849287169042,0.9696969696969697,0.6157736405633911,0.8201058201058201,0.9171597633136095,0.7416267942583732,0.9008696497435144,0.9625627170976457,0.9726989079563183,0.9526355996944232,0.994101479440749
SGD,0.8195485322044394,0.800132286574299,0.8761965073110584,0.8663101604278075,0.7957121199900997,"{'alpha': 0.0001, 'penalty': 'elasticnet', 'loss': 'log_loss', 'class_weight': 'balanced'}","['mfcc_mean', 'spec_skew', 'spec_kurtosis', 'NDSI']",0.6900420757363254,0.5478841870824054,0.9318181818181818,0.5438842697912387,0.818276220145379,0.8944381384790011,0.754066985645933,0.8529772525768257,0.9503273007316134,0.9580745341614907,0.9427043544690603,0.9902748376022351
SGD,0.8190912913616716,0.7997439250299662,0.8781348424537279,0.8651642475171887,0.7945883929469559,"{'alpha': 0.0001, 'penalty': 'elasticnet', 'loss': 'log_loss', 'class_weight': 'balanced'}","['mfcc_mean', 'spec_skew', 'NDSI']",0.6916666666666667,0.5460526315789473,0.9431818181818182,0.5446165091470239,0.8160500260552371,0.8958810068649885,0.7492822966507177,0.8492656148129066,0.9495571813631113,0.9572981366459627,0.9419404125286478,0.9898830548809375
SGD,0.8181639815080612,0.7998083013740439,0.8849684371356198,0.8632543926661573,0.8130098904741092,"{'alpha': 0.0001, 'penalty': 'elasticnet', 'loss': 'log_loss', 'class_weight': 'balanced'}","['mfcc_mean', 'spec_skew', 'spec_kurtosis', 'NDSI', 'mfcc_2']",0.6935483870967742,0.5375,0.9772727272727273,0.5695790285692253,0.8109820485744457,0.9045936395759717,0.7349282296650718,0.8804307967378373,0.9499615088529638,0.9573312645461598,0.9427043544690603,0.989019846115265
SGD,0.8177459559291244,0.8015369726889073,0.8855122431747819,0.8682200152788389,0.8335197604188936,"{'alpha': 0.0001, 'penalty': 'l2', 'loss': 'log_loss', 'class_weight': 'balanced'}","['spec_kurtosis', 'mfcc_1', 'mfcc_2']",0.6737120211360634,0.5172413793103449,0.9659090909090909,0.6089077255579092,0.8173636844891476,0.9146919431279621,0.738755980861244,0.8976958716648518,0.9621621621621622,0.9726775956284153,0.9518716577540107,0.99395568403392
SGD,0.8171941502479213,0.7972198975241572,0.8713416786172203,0.8644003055767762,0.7928697149025435,"{'alpha': 0.0001, 'penalty': 'l2', 'loss': 'log_loss', 'class_weight': 'balanced'}","['mfcc_mean', 'spec_skew']",0.6855524079320113,0.5475113122171946,0.9166666666666666,0.5441715555378391,0.8174807197943444,0.8833333333333333,0.7607655502392344,0.8448354531563345,0.9485493230174081,0.9608150470219435,0.9365928189457601,0.9896021360134571
SGD,0.816991162838144,0.7977831668414549,0.8811614597992307,0.8647822765469825,0.8070335310572663,"{'alpha': 0.0001, 'penalty': 'l2', 'loss': 'log_loss', 'class_weight': 'balanced'}","['mfcc_mean', 'spec_kurtosis', 'mfcc_1']",0.680161943319838,0.5283018867924528,0.9545454545454546,0.563931370782769,0.8163900414937759,0.8912797281993206,0.75311004784689,0.8639327982583687,0.9544215037008181,0.9737678855325914,0.9358288770053476,0.9932364241306612
SGD,0.816005807311711,0.7973080389162225,0.8780949700454345,0.8617265087853323,0.8167596338008956,"{'alpha': 0.0001, 'penalty': 'l2', 'loss': 'log_loss', 'class_weight': 'balanced'}","['mfcc_mean', 'spec_kurtosis', 'mfcc_2']",0.6904109589041096,0.5407725321888412,0.9545454545454546,0.6026110203803133,0.8098739495798319,0.8975552968568102,0.737799043062201,0.8613185022079611,0.9477325134511914,0.9535962877030162,0.9419404125286478,0.986349378814412
SGD,0.8155351314132675,0.7967525964926937,0.8782236339511882,0.8617265087853323,0.795129220332962,"{'alpha': 0.0001, 'penalty': 'l2', 'loss': 'log_loss', 'class_weight': 'balanced'}","['mfcc_mean', 'spec_kurtosis', 'NDSI']",0.6875852660300137,0.5373134328358209,0.9545454545454546,0.5446649603683171,0.810272536687631,0.895712630359212,0.7397129186602871,0.8504243319043413,0.948747591522158,0.9572317262830482,0.9404125286478228,0.9902983687262273
SGD,0.8154648920689911,0.7962910844810889,0.8765293358172617,0.8617265087853323,0.7908194822216682,"{'alpha': 0.0001, 'penalty': 'elasticnet', 'loss': 'log_loss', 'class_weight': 'balanced'}","['mfcc_mean', 'spec_skew', 'spec_kurtosis']",0.6868131868131868,0.5387931034482759,0.946969696969697,0.5393841828487226,0.8116849243609807,0.8922018348623854,0.7444976076555024,0.8428532053036516,0.9478965650328058,0.9578783151326054,0.9381207028265852,0.9902210585126302
SGD,0.8154383959122522,0.7966721946564466,0.8805452803130822,0.8609625668449198,0.8085234191697617,"{'alpha': 0.001, 'penalty': 'l2', 'loss': 'log_loss', 'class_weight': 'balanced'}","['mfcc_mean', 'spec_skew', 'NDSI', 'mfcc_2']",0.6891891891891891,0.5357142857142857,0.9659090909090909,0.5705193149595086,0.8088235294117647,0.8963911525029103,0.7368421052631579,0.867432242122659,0.9483024691358025,0.9579111457521434,0.9388846447669977,0.9876187004271176
SGD,0.8146977460852841,0.7960587868956926,0.8794378995617386,0.8628724216959511,0.8171320929425666,"{'alpha': 0.0001, 'penalty': 'l2', 'loss': 'log_loss', 'class_weight': 'balanced'}","['mfcc_mean', 'spec_kurtosis', 'mfcc_var']",0.6774193548387096,0.525,0.9545454545454546,0.5905257881192805,0.8129233976029182,0.8924485125858124,0.7464114832535885,0.867960119449293,0.9537504858142246,0.9707278481012658,0.9373567608861727,0.9929103712591266
SGD,0.8134984982605763,0.7936701611824505,0.8695942172722358,0.859816653934301,0.7942722451446809,"{'alpha': 0.0001, 'penalty': 'l2', 'loss': 'log_loss', 'class_weight': 'balanced'}","['mfcc_mean', 'spec_kurtosis']",0.6853932584269663,0.5446428571428571,0.9242424242424242,0.5506006168493521,0.8103359173126615,0.8808988764044944,0.7502392344497608,0.8419570344161671,0.9447663190421012,0.95546875,0.9343009931245225,0.990259084168523
SGD,0.8115033290262291,0.7940738026401291,0.8790630765862965,0.8582887700534759,0.8138195514136911,"{'alpha': 0.0001, 'penalty': 'l2', 'loss': 'log_loss', 'class_weight': 'balanced'}","['mfcc_mean', 'spec_kurtosis', 'NDSI', 'mfcc_2']",0.681757656458056,0.5256673511293635,0.9696969696969697,0.5731291703285599,0.8035997882477501,0.8992890995260664,0.7263157894736842,0.8791978898302367,0.9491525423728814,0.9572649572649573,0.9411764705882353,0.9891315940822768
SGD,0.8112948148407512,0.7967131727565396,0.8632128449465911,0.8735676088617265,0.7871597298077414,"{'alpha': 0.0001, 'penalty': 'l2', 'loss': 'log_loss', 'class_weight': 'balanced'}","['NDSI', 'mfcc_1']",0.631578947368421,0.4978165938864629,0.8636363636363636,0.4827920424603118,0.8273343766301513,0.9094036697247706,0.7588516746411483,0.881090940168412,0.9749711205236812,0.9829192546583851,0.9671504965622613,0.9975962067945003
SGD,0.8068376535731226,0.792638725659803,0.8563393778564058,0.8720397249809014,0.7907345109074083,"{'alpha': 0.0001, 'penalty': 'elasticnet', 'loss': 'log_loss', 'class_weight': 'balanced'}","['NDSI', 'mfcc_var']",0.6175243393602226,0.4879120879120879,0.8409090909090909,0.4851345178205746,0.8261546445251686,0.9024943310657596,0.7617224880382775,0.8891871820714756,0.9768339768339769,0.9875097580015613,0.9663865546218487,0.9978818328301745
SGD,0.8061276358757906,0.7896941187663784,0.8448577995791619,0.86707410236822,0.8971321499815209,"{'alpha': 0.0001, 'penalty': 'elasticnet', 'loss': 'log_loss', 'class_weight': 'balanced'}","['mfcc_1', 'mfcc_var', 'wav_approx_std']",0.6348733233979136,0.5233415233415234,0.8068181818181818,0.8144757272539008,0.823170731707317,0.8775731310942578,0.7751196172248804,0.8930048336481492,0.9603388525221409,0.968167701863354,0.9526355996944232,0.9839158890425124
SGD,0.8042133091757021,0.7907013734705406,0.852371794012661,0.8720397249809014,0.791591822509813,"{'alpha': 0.0001, 'penalty': 'l2', 'loss': 'log_loss', 'class_weight': 'balanced'}","['NDSI', 'mfcc_var', 'mfcc_std']",0.6063977746870653,0.47912087912087914,0.8257575757575758,0.4776773083213343,0.8263348885432866,0.9015837104072398,0.7626794258373206,0.8990029510460367,0.9799072642967542,0.9913995308835027,0.9686783804430863,0.9980952081620678
SGD,0.8040982027295861,0.788436283785785,0.8645707405769324,0.8575248281130634,0.8185819538058318,"{'alpha': 0.0001, 'penalty': 'elasticnet', 'loss': 'log_loss', 'class_weight': 'balanced'}","['mfcc_mean', 'NDSI', 'mfcc_2']",0.654054054054054,0.5084033613445378,0.9166666666666666,0.5715792202219637,0.8035902851108765,0.8963486454652533,0.7282296650717703,0.892390855362284,0.9546502690238279,0.9605568445475638,0.9488158899923606,0.9917757858332475
SGD,0.8026986127807808,0.7890833903612089,0.8614952041422629,0.8647822765469825,0.7753253392444045,"{'alpha': 0.0001, 'penalty': 'elasticnet', 'loss': 'log_loss', 'class_weight': 'balanced'}","['spec_skew', 'NDSI', 'mfcc_1']",0.6196808510638298,0.4774590163934426,0.8825757575757576,0.4681487581860669,0.8148535564853556,0.8985005767012687,0.7454545454545455,0.8605573014626489,0.973561430793157,0.9912905779889153,0.9564553093964858,0.9972699580844977
SGD,0.8024322421720244,0.7869273076217634,0.840059261344091,0.8663101604278075,0.8835736782994202,"{'alpha': 0.0001, 'penalty': 'l2', 'loss': 'log_loss', 'class_weight': 'balanced'}","['mfcc_1', 'wav_approx_std']",0.6229508196721312,0.5135135135135135,0.7916666666666666,0.7766433788687567,0.8216106014271152,0.8789531079607416,0.7712918660287081,0.8866418777366588,0.9627353054168267,0.9683153013910355,0.9572192513368984,0.987435778292845
SGD,0.802041973170662,0.7893634884705168,0.8572165708388618,0.8663101604278075,0.7839324651685997,"{'alpha': 0.0001, 'penalty': 'l2', 'loss': 'log_loss', 'class_weight': 'balanced'}","['NDSI', 'mfcc_std']",0.6153846153846154,0.4779874213836478,0.8636363636363636,0.4674007544728416,0.8157894736842105,0.9064327485380117,0.7416267942583732,0.8866478449627038,0.9749518304431599,0.9836702954898912,0.9663865546218487,0.9977487960702537
SGD,0.799789033316349,0.7837898493527827,0.8688366415146601,0.8487394957983193,0.8244290033599916,"{'alpha': 0.0001, 'penalty': 'elasticnet', 'loss': 'log_loss', 'class_weight': 'balanced'}","['spec_skew', 'mfcc_1', 'mfcc_std']",0.662303664921466,0.506,0.9583333333333334,0.632131379671174,0.7919320594479831,0.8891537544696066,0.7138755980861244,0.8503750462506715,0.9451313755795981,0.9562157935887412,0.9343009931245225,0.9907805841581291
SGD,0.7990238625283007,0.7836770521078588,0.8376360911190632,0.8632543926661573,0.8821098683476496,"{'alpha': 0.0001, 'penalty': 'l2', 'loss': 'log_loss', 'class_weight': 'balanced'}","['mfcc_var', 'wav_approx_std']",0.6183431952662722,0.5072815533980582,0.7916666666666666,0.7758227173307688,0.8171603677221655,0.8762322015334063,0.7655502392344498,0.884145189765403,0.9615680245964643,0.9675174013921114,0.9556913674560733,0.9863616979467769
SGD,0.7978764563020887,0.7834519434594117,0.8680673385781744,0.8483575248281131,0.834707691850387,"{'alpha': 0.0001, 'penalty': 'elasticnet', 'loss': 'log_loss', 'class_weight': 'balanced'}","['spec_skew', 'spec_kurtosis', 'mfcc_1', 'mfcc_std']",0.6562905317769131,0.4990138067061144,0.9583333333333334,0.6473940013352258,0.7897271268057785,0.8956310679611651,0.7062200956937799,0.8650145332437337,0.9476117103235747,0.9557109557109557,0.9396485867074102,0.991714540972201
SGD,0.7973930208496874,0.7841220781861639,0.8535871764973932,0.8609625668449198,0.77028618476132,"{'alpha': 0.0001, 'penalty': 'elasticnet', 'loss': 'log_loss', 'class_weight': 'balanced'}","['spec_skew', 'spec_kurtosis', 'NDSI', 'mfcc_1']",0.6112600536193029,0.4730290456431535,0.8636363636363636,0.45443442948636703,0.8096234309623431,0.8927335640138409,0.7406698564593301,0.859403501769648,0.9712955779674166,0.9866036249014972,0.9564553093964858,0.9970206230279451
SGD,0.7948786676655791,0.7832132638131953,0.8576275805377973,0.8567608861726509,0.7813044218370634,"{'alpha': 0.0001, 'penalty': 'l2', 'loss': 'log_loss', 'class_weight': 'balanced'}","['spec_kurtosis', 'NDSI', 'mfcc_1']",0.6137841352405722,0.46732673267326735,0.8939393939393939,0.4838137218907246,0.8010610079575596,0.8988095238095238,0.722488038277512,0.8630358853236182,0.9697908597986057,0.983503534956795,0.9564553093964858,0.9970636582968472
SGD,0.7944880707804901,0.7788374941261161,0.8643092803309522,0.8430099312452254,0.8056900797084509,"{'alpha': 0.0001, 'penalty': 'l2', 'loss': 'log_loss', 'class_weight': 'balanced'}","['spec_kurtosis', 'mfcc_1', 'mfcc_std']",0.6597131681877445,0.5029821073558648,0.9583333333333334,0.5936408826091464,0.7831646244006393,0.8834134615384616,0.7033492822966507,0.8347339562726047,0.9405864197530864,0.9501169134840218,0.9312452253628725,0.9886954002436017
SGD,0.7938681663120954,0.7793021654531964,0.8346366138161804,0.859816653934301,0.8826791831549872,"{'alpha': 0.0001, 'penalty': 'elasticnet', 'loss': 'log_loss', 'class_weight': 'balanced'}","['mfcc_std', 'wav_approx_std']",0.6075581395348837,0.49292452830188677,0.7916666666666666,0.7760430537575578,0.8113110539845758,0.8766666666666667,0.755023923444976,0.8842694877238518,0.9627353054168267,0.9683153013910355,0.9572192513368984,0.9877250079835518
SGD,0.7893696022054231,0.7725698640287527,0.8334337403222851,0.820855614973262,0.8210383739367142,"{'alpha': 0.0001, 'penalty': 'elasticnet', 'loss': 'log_loss', 'class_weight': 'balanced'}","['mfcc_1', 'mfcc_var', 'mfcc_std']",0.7242424242424242,0.6035353535353535,0.9053030303030303,0.7368953465169511,0.7505330490405118,0.8471720818291215,0.6736842105263158,0.7753540640938617,0.8933333333333333,0.8670021567217829,0.9213139801375095,0.9508657111993297
SGD,0.7884469851714808,0.7788631404556549,0.8526631864867159,0.8521772345301757,0.7766714753464986,"{'alpha': 0.0001, 'penalty': 'elasticnet', 'loss': 'log_loss', 'class_weight': 'balanced'}","['spec_kurtosis', 'NDSI', 'mfcc_var']",0.6017925736235595,0.45454545454545453,0.8901515151515151,0.47187768446199346,0.7929373996789727,0.8992718446601942,0.7090909090909091,0.8609459719521908,0.9706109822119103,0.9827721221613156,0.9587471352177235,0.9971907696253117
SGD,0.7882433632856523,0.776946180824762,0.84526925602777,0.8544690603514133,0.7662420135367695,"{'alpha': 0.0001, 'penalty': 'elasticnet', 'loss': 'log_loss', 'class_weight': 'balanced'}","['spec_skew', 'spec_kurtosis', 'NDSI', 'mfcc_var']",0.5936675461741425,0.45546558704453444,0.8522727272727273,0.4435939452485856,0.7993680884676145,0.8887587822014051,0.7263157894736842,0.8578997140328259,0.9716944552151997,0.9866141732283464,0.9572192513368984,0.9972323813288968
SGD,0.7881295553281603,0.776689755502213,0.8440842525207849,0.8552330022918259,0.7698260589931317,"{'alpha': 0.0001, 'penalty': 'elasticnet', 'loss': 'log_loss', 'class_weight': 'balanced'}","['spec_skew', 'NDSI', 'mfcc_std']",0.58994708994709,0.4532520325203252,0.8446969696969697,0.45399059824421645,0.8012585212375459,0.8863109048723898,0.7311004784688995,0.8580864271260431,0.9731830547998446,0.990506329113924,0.9564553093964858,0.9974011516091353
SGD,0.7877894979156937,0.7785347348382073,0.8509018759018759,0.852559205500382,0.7778583606343954,"{'alpha': 0.0001, 'penalty': 'elasticnet', 'loss': 'log_loss', 'class_weight': 'balanced'}","['spec_skew', 'NDSI', 'mfcc_var']",0.5982028241335045,0.4524271844660194,0.8825757575757576,0.47496550115543296,0.7933618843683083,0.9003645200486027,0.7090909090909091,0.8612816629127578,0.9718037852452684,0.9828125,0.961038961038961,0.9973279178349952
SGD,0.7872147672733414,0.7755435765169333,0.8380496696286169,0.8563789152024446,0.7752640648960045,"{'alpha': 0.0001, 'penalty': 'l2', 'loss': 'log_loss', 'class_weight': 'balanced'}","['spec_kurtosis', 'NDSI', 'mfcc_var', 'mfcc_std']",0.5853658536585366,0.45569620253164556,0.8181818181818182,0.4683719615374671,0.803347280334728,0.8858131487889274,0.7349282296650718,0.8600065484047661,0.9729311678267595,0.985121378230227,0.961038961038961,0.9974136847457803
SGD,0.787081725335465,0.7753316449936439,0.8391086897278849,0.8552330022918259,0.7827477020636842,"{'alpha': 0.0001, 'penalty': 'elasticnet', 'loss': 'log_loss', 'class_weight': 'balanced'}","['spec_skew', 'NDSI', 'mfcc_var', 'mfcc_std']",0.5883940620782726,0.4570230607966457,0.8257575757575758,0.48500632758840834,0.8014667365112624,0.8854166666666666,0.7320574162679426,0.8656983665338839,0.97138437741686,0.9835552075176194,0.959511077158136,0.9975384120687605
SGD,0.7862170008418968,0.7762428469807312,0.8480603246083124,0.851031321619557,0.7735384129849191,"{'alpha': 0.0001, 'penalty': 'elasticnet', 'loss': 'log_loss', 'class_weight': 'balanced'}","['spec_kurtosis', 'NDSI', 'mfcc_std']",0.5961290322580645,0.4520547945205479,0.875,0.46557606826533865,0.792332268370607,0.8931572629051621,0.7119617224880382,0.8578278273189817,0.9701897018970189,0.9835164835164835,0.9572192513368984,0.9972113433704368
SGD,0.7861584232254527,0.7750741713434554,0.8371543832844143,0.8556149732620321,0.7798516254791871,"{'alpha': 0.0001, 'penalty': 'elasticnet', 'loss': 'log_loss', 'class_weight': 'balanced'}","['spec_skew', 'spec_kurtosis', 'NDSI', 'mfcc_var', 'mfcc_std']",0.584573748308525,0.45473684210526316,0.8181818181818182,0.47107926737228195,0.8012618296529969,0.8891481913652275,0.7291866028708134,0.8707498446893978,0.9726396917148362,0.9813374805598756,0.9640947288006112,0.9977257643758815
SGD,0.7845813650390556,0.7740372488011911,0.8414680864371267,0.8521772345301757,0.7687432608051209,"{'alpha': 0.0001, 'penalty': 'l2', 'loss': 'log_loss', 'class_weight': 'balanced'}","['spec_skew', 'spec_kurtosis', 'NDSI', 'mfcc_std']",0.5853018372703412,0.44779116465863456,0.8446969696969697,0.44946376601801796,0.7959936742224565,0.886150234741784,0.722488038277512,0.8595541761118863,0.9724485836243694,0.9881703470031545,0.9572192513368984,0.9972118402854588
SGD,0.7804195461706026,0.770591725396955,0.8266870384517443,0.8437738731856379,0.8915062753781348,"{'alpha': 0.001, 'penalty': 'elasticnet', 'loss': 'log_loss', 'class_weight': 'balanced'}",['wav_approx_std'],0.6127659574468085,0.4897959183673469,0.8181818181818182,0.7897234077985258,0.7792768483540206,0.8935643564356436,0.6909090909090909,0.8893228034992241,0.9492158327109783,0.9284149013878744,0.970970206264324,0.9954726148366542
SGD,0.7529547743024946,0.740679523170189,0.8092933983800856,0.7895339954163484,0.8544385476699485,"{'alpha': 0.0001, 'penalty': 'l2', 'loss': 'log_loss', 'class_weight': 'balanced'}","['mfcc_1', 'mfcc_var']",0.6866096866096866,0.5502283105022832,0.9128787878787878,0.8826744025592714,0.693422519509476,0.8304405874499332,0.5952153110047846,0.7387771417970945,0.8788321167883212,0.8413696715583509,0.9197860962566845,0.9418640986534799
SGD,0.751513772226598,0.744137614476136,0.8186176224875915,0.8143621084797555,0.7262991502567341,"{'alpha': 0.001, 'penalty': 'elasticnet', 'loss': 'log_loss', 'class_weight': 'balanced'}","['spec_skew', 'mfcc_1']",0.572139303482587,0.42592592592592593,0.8712121212121212,0.38348394757767257,0.7384948565240931,0.8503740648379052,0.6526315789473685,0.8040786168424935,0.9439071566731141,0.9561128526645768,0.932009167303285,0.9913348863500362
SGD,0.7486171606085342,0.7411543525402725,0.8152508052662851,0.8113063407181055,0.7224937878055903,"{'alpha': 0.001, 'penalty': 'elasticnet', 'loss': 'log_loss', 'class_weight': 'balanced'}","['spec_skew', 'spec_kurtosis', 'mfcc_1']",0.571072319201995,0.4256505576208178,0.8674242424242424,0.3827970463393234,0.7338753387533875,0.84625,0.6478468899521531,0.79380216945395,0.9409038238702202,0.9515625,0.93048128342246,0.9908821476234974
SGD,0.7448138291250969,0.7379887901992609,0.8128786761913697,0.8071046600458365,0.7217849122648762,"{'alpha': 0.001, 'penalty': 'elasticnet', 'loss': 'log_loss', 'class_weight': 'balanced'}","['spec_kurtosis', 'mfcc_1']",0.5693069306930693,0.4227941176470588,0.8712121212121212,0.3864550112898344,0.7272727272727273,0.8434343434343434,0.6392344497607656,0.7896618761434616,0.9378618294094944,0.9477379095163807,0.9281894576012223,0.9892378493613324
SGD,0.742331564731558,0.735720536576809,0.806959466402191,0.8071046600458365,0.7188697556484348,"{'alpha': 0.001, 'penalty': 'l2', 'loss': 'log_loss', 'class_weight': 'balanced'}","['spec_skew', 'mfcc_var']",0.5593008739076155,0.4171322160148976,0.8484848484848485,0.3644457096557055,0.7274701411509229,0.8406524466750314,0.6411483253588517,0.8013078134918227,0.9402236791361358,0.9493769470404985,0.9312452253628725,0.9908557437977763
SGD,0.741696240533617,0.7355489294011391,0.8078898225957051,0.8059587471352178,0.7138801408493519,"{'alpha': 0.001, 'penalty': 'elasticnet', 'loss': 'log_loss', 'class_weight': 'balanced'}","['spec_skew', 'spec_kurtosis', 'mfcc_var']",0.5607940446650124,0.41697416974169743,0.8560606060606061,0.36277948986770514,0.7247956403269755,0.8417721518987342,0.6363636363636364,0.788417159693292,0.9394990366088632,0.947900466562986,0.9312452253628725,0.990443772987059
SGD,0.7380866818254358,0.7311204321138843,0.8005713928314547,0.8036669213139801,0.7143192529373908,"{'alpha': 0.001, 'penalty': 'elasticnet', 'loss': 'log_loss', 'class_weight': 'balanced'}","['spec_skew', 'spec_kurtosis', 'mfcc_std']",0.5527638190954773,0.41353383458646614,0.8333333333333334,0.3665483848099624,0.7236343969713358,0.832089552238806,0.6401913875598086,0.7860112258205979,0.9378618294094944,0.9477379095163807,0.9281894576012223,0.9903981481816124
SGD,0.7375788523810133,0.7306845812907259,0.7989387461523685,0.8040488922841864,0.7200229506914212,"{'alpha': 0.001, 'penalty': 'elasticnet', 'loss': 'log_loss', 'class_weight': 'balanced'}","['spec_skew', 'mfcc_std']",0.5491183879093199,0.41132075471698115,0.8257575757575758,0.3689812945694084,0.724622030237581,0.8314745972738538,0.6421052631578947,0.8003017692145068,0.938996138996139,0.9492583918813428,0.9289533995416348,0.9907857882903484
SGD,0.736532101698662,0.7309415435483556,0.8037457726312217,0.80061115355233,0.7147423565856942,"{'alpha': 0.001, 'penalty': 'l2', 'loss': 'log_loss', 'class_weight': 'balanced'}","['spec_kurtosis', 'mfcc_var']",0.5566502463054187,0.4124087591240876,0.8560606060606061,0.3691001710260252,0.7169398907103826,0.8356687898089172,0.6277511961722488,0.7865916504920084,0.936006168080185,0.9447470817120622,0.9274255156608098,0.9885352482390489
SGD,0.7361948402806897,0.7299936246087196,0.7931077694235588,0.8067226890756303,0.7192906459174125,"{'alpha': 0.001, 'penalty': 'l2', 'loss': 'log_loss', 'class_weight': 'balanced'}","['spec_skew', 'spec_kurtosis', 'mfcc_var', 'mfcc_std']",0.5343511450381679,0.40229885057471265,0.7954545454545454,0.37005840736869444,0.7294244217321141,0.8329238329238329,0.6488038277511962,0.7966666744848306,0.944808954071787,0.9547581903276131,0.935064935064935,0.9911468558987124
SGD,0.734155987344857,0.7285061192530318,0.7898291852626218,0.806340718105424,0.7241406276123863,"{'alpha': 0.001, 'penalty': 'l2', 'loss': 'log_loss', 'class_weight': 'balanced'}","['spec_skew', 'mfcc_var', 'mfcc_std']",0.5267175572519084,0.39655172413793105,0.7840909090909091,0.37183103183102645,0.7290322580645161,0.8319018404907975,0.6488038277511962,0.8090071259207356,0.9467181467181467,0.9570647931303669,0.9365928189457601,0.9915837250853969
SGD,0.7311520992911494,0.7255199456318578,0.7932747421137515,0.7983193277310925,0.7138219781049959,"{'alpha': 0.001, 'penalty': 'l2', 'loss': 'log_loss', 'class_weight': 'balanced'}","['spec_kurtosis', 'mfcc_std']",0.5418227215980025,0.40409683426443205,0.821969696969697,0.3708090692581437,0.7152173913043478,0.8276729559748428,0.6296650717703349,0.7822469930206548,0.9364161849710982,0.9447900466562986,0.9281894576012223,0.9884098720361894
SGD,0.7204070420345466,0.7373163479769106,0.8134266146650048,0.7723453017570665,0.8998096731433938,"{'alpha': 0.0001, 'penalty': 'elasticnet', 'loss': 'log_loss', 'class_weight': 'balanced'}","['mfcc_1', 'mfcc_std']",0.6384522370012092,0.4689165186500888,1.0,0.9016920141159291,0.6296064959400375,0.9064748201438849,0.48229665071770333,0.8301849996117451,0.8931623931623932,0.8365577051367579,0.957983193277311,0.9675520057025071
SGD,0.7199483646867173,0.7152254707433499,0.7727776437528759,0.7944996180290298,0.7192845758128023,"{'alpha': 0.001, 'penalty': 'elasticnet', 'loss': 'log_loss', 'class_weight': 'balanced'}","['spec_kurtosis', 'mfcc_var', 'mfcc_std']",0.5076530612244898,0.38269230769230766,0.7537878787878788,0.3704862923546307,0.7122844827586207,0.815043156596794,0.6325358851674641,0.7978595111895974,0.9399075500770416,0.947940947940948,0.932009167303285,0.9895079238941785
SGD,0.6831429928837861,0.6945531119720482,0.7726649511479232,0.7410236822001528,0.6808508383432685,"{'alpha': 0.001, 'penalty': 'elasticnet', 'loss': 'log_loss', 'class_weight': 'balanced'}",['mfcc_1'],0.5822485207100592,0.423407917383821,0.9318181818181818,0.3480923959915063,0.5881627620221949,0.8266897746967071,0.4564593301435407,0.7445664780056209,0.8790176959191044,0.8335616438356165,0.9297173414820473,0.9498936410326784
SGD,0.6794200721397061,0.6821937850805163,0.7375933148378969,0.7509549274255156,0.7716686839744877,"{'alpha': 0.0001, 'penalty': 'l2', 'loss': 'log_loss', 'class_weight': 'balanced'}","['spec_skew', 'spec_kurtosis', 'NDSI', 'mfcc_2']",0.4864864864864865,0.36,0.75,0.63977060493456,0.6576117713638936,0.8047091412742382,0.5559808612440191,0.7567133690378041,0.8941619585687383,0.8818722139673105,0.9067990832696715,0.9185220779510992
SGD,0.6782905834747809,0.6818654362106075,0.736762360446571,0.7501909854851031,0.7807859967976262,"{'alpha': 0.0001, 'penalty': 'l2', 'loss': 'log_loss', 'class_weight': 'balanced'}","['spec_skew', 'NDSI', 'mfcc_2']",0.48588957055214727,0.35934664246823955,0.75,0.648953764321495,0.6549175667993178,0.8067226890756303,0.5511961722488038,0.7710184893782166,0.8940646130728775,0.8795269770879527,0.9090909090909091,0.9223857366931674
SGD,0.6769968985713511,0.6806444654327085,0.7354864433811802,0.7486631016042781,0.7754606996140118,"{'alpha': 0.0001, 'penalty': 'l2', 'loss': 'log_loss', 'class_weight': 'balanced'}","['spec_kurtosis', 'NDSI', 'mfcc_2']",0.4870848708487085,0.36065573770491804,0.75,0.6329522137004445,0.6518518518518519,0.8056338028169014,0.5473684210526316,0.7653649824494053,0.8920539730134932,0.8756438557763061,0.9090909090909091,0.9280649026921853
SGD,0.6574265022589123,0.6571855752488243,0.7351250228959207,0.7150496562261268,0.6700576258128925,"{'alpha': 0.001, 'penalty': 'l2', 'loss': 'log_loss', 'class_weight': 'balanced'}","['mfcc_var', 'mfcc_std']",0.5498783454987834,0.4050179211469534,0.8560606060606061,0.38159791675222393,0.5643153526970954,0.7414330218068536,0.45550239234449763,0.6904321467865855,0.858085808580858,0.8251057827926658,0.8938120702826585,0.9381428138998683
SGD,0.6495431551353896,0.6603995584517351,0.7408734626226886,0.7089381207028266,0.6430897241860573,"{'alpha': 0.001, 'penalty': 'elasticnet', 'loss': 'log_loss', 'class_weight': 'balanced'}",['mfcc_std'],0.5610328638497653,0.4064625850340136,0.9053030303030303,0.30822423915069225,0.5315822388993121,0.7671480144404332,0.40669856459330145,0.6829021195076114,0.8560143626570915,0.8075880758807588,0.9106187929717342,0.9381428138998683
SGD,0.6466472492587203,0.6581288649696965,0.7407208976094424,0.7062643239113827,0.6479700485607819,"{'alpha': 0.001, 'penalty': 'elasticnet', 'loss': 'log_loss', 'class_weight': 'balanced'}",['mfcc_var'],0.5585168018539977,0.4023372287145242,0.9128787878787878,0.30712798342882947,0.5257214554579673,0.7632058287795993,0.40095693779904307,0.6986393483536478,0.8557034904641958,0.808843537414966,0.9083269671504965,0.9381428138998683
SGD,0.6265927258084713,0.6313881477515401,0.7001585961338282,0.692131398013751,0.7695942015203864,"{'alpha': 0.0001, 'penalty': 'elasticnet', 'loss': 'log_loss', 'class_weight': 'balanced'}","['NDSI', 'mfcc_2']",0.4911452184179457,0.3567753001715266,0.7878787878787878,0.6598628086491353,0.5397014925373135,0.7174603174603175,0.4325358851674641,0.7056727353885588,0.8489314664701547,0.8199288256227758,0.880061115355233,0.9432470605234651
SGD,0.623818278283072,0.6446360660174515,0.7058065171842262,0.7001527883880825,0.7348843523114823,"{'alpha': 0.0001, 'penalty': 'elasticnet', 'loss': 'log_loss', 'class_weight': 'balanced'}","['spec_skew', 'mfcc_2']",0.4381551362683438,0.30289855072463767,0.7916666666666666,0.5322735487479426,0.539119804400978,0.7461928934010152,0.42200956937799045,0.7435143167645212,0.8941798941798942,0.8848167539267016,0.9037433155080213,0.9288651914219834
SGD,0.6221835361053517,0.6441600169252664,0.7048468988871465,0.69938884644767,0.731787270045944,"{'alpha': 0.0001, 'penalty': 'elasticnet', 'loss': 'log_loss', 'class_weight': 'balanced'}","['spec_kurtosis', 'mfcc_2']",0.4381551362683438,0.30289855072463767,0.7916666666666666,0.5167788863339587,0.5341538461538462,0.7482758620689656,0.415311004784689,0.740067115205272,0.8942416258938652,0.8813056379821959,0.907563025210084,0.9385158085986012
SGD,0.5970859996504304,0.6369380716749138,0.6926459419493476,0.6779984721161192,0.7355820073563074,"{'alpha': 0.0001, 'penalty': 'l2', 'loss': 'log_loss', 'class_weight': 'balanced'}","['spec_skew', 'spec_kurtosis', 'mfcc_2']",0.4142581888246628,0.2777777777777778,0.8143939393939394,0.5408451536717216,0.4834307992202729,0.7530364372469636,0.3559808612440191,0.7403519005696881,0.8935690109063558,0.88,0.907563025210084,0.9255489678275124
SGD,0.5630585972138907,0.5892393675366266,0.6165635791796783,0.6585179526355996,0.6046249781492585,"{'alpha': 0.0001, 'penalty': 'l2', 'loss': 'log_loss', 'class_weight': 'balanced'}","['spec_skew', 'spec_kurtosis']",0.3275488069414317,0.22948328267477203,0.571969696969697,0.21864221393757893,0.4873222016079159,0.6888111888111889,0.3770334928229665,0.6801005838995353,0.8743047830923248,0.8494236311239193,0.9006875477463713,0.9151321366106613
SGD,0.5453963505412479,0.573073934940661,0.6467497844432829,0.6268143621084797,0.796067414915079,"{'alpha': 0.0001, 'penalty': 'l2', 'loss': 'log_loss', 'class_weight': 'balanced'}",['mfcc_2'],0.42350557244174264,0.28907330567081607,0.7916666666666666,0.7189111084461965,0.3803763440860215,0.6388261851015802,0.2708133971291866,0.7498627535319493,0.8323071350959798,0.7913223140495868,0.8777692895339955,0.919428382767091
SGD,0.5313023106920435,0.6058296192499896,0.6511978475600767,0.6226126814362108,0.6109440857845246,"{'alpha': 0.0001, 'penalty': 'l2', 'loss': 'log_loss', 'class_weight': 'balanced'}","['spec_skew', 'spec_kurtosis', 'NDSI']",0.365,0.23397435897435898,0.8295454545454546,0.21017265459792342,0.3463768115942029,0.7134328358208956,0.22870813397129186,0.6892057432772876,0.8825301204819277,0.8700816629547142,0.8953399541634836,0.933453859478363
SGD,0.5190190493663572,0.5956850704907678,0.641454125509853,0.6115355233002292,0.6191125172008695,"{'alpha': 0.001, 'penalty': 'l2', 'loss': 'log_loss', 'class_weight': 'balanced'}","['spec_skew', 'NDSI']",0.34991974317817015,0.2219959266802444,0.8257575757575758,0.20525362991423143,0.3191800878477306,0.6791277258566978,0.20861244019138755,0.7098305809382852,0.8879573170731707,0.8859315589353612,0.8899923605805958,0.9422533407500915
SGD,0.5120071569366303,0.5867206778840791,0.6317821067821068,0.608479755538579,0.6197824478402555,"{'alpha': 0.0001, 'penalty': 'l2', 'loss': 'log_loss', 'class_weight': 'balanced'}","['spec_kurtosis', 'NDSI']",0.3464696223316913,0.22117400419287211,0.7992424242424242,0.20804220886053293,0.308259587020649,0.6720257234726688,0.2,0.7007111424178727,0.8812922614575507,0.8669623059866962,0.8961038961038961,0.9505939922423607
SGD,0.4684406346305015,0.5329386390927242,0.6063632789638982,0.5729564553093965,0.606581080727152,"{'alpha': 0.0001, 'penalty': 'l2', 'loss': 'log_loss', 'class_weight': 'balanced'}",['NDSI'],0.34294871794871795,0.21747967479674796,0.8106060606060606,0.1899549293625555,0.20946470131885184,0.5532786885245902,0.1291866028708134,0.6820494687144895,0.8529084846239348,0.8280575539568346,0.8792971734148205,0.947738844104411
SGD,0.45347267731095875,0.5523956418672338,0.6040261080508759,0.5699006875477464,0.5910074590046288,"{'alpha': 0.0001, 'penalty': 'l2', 'loss': 'log_loss', 'class_weight': 'balanced'}",['spec_kurtosis'],0.3267776096822995,0.20415879017013233,0.8181818181818182,0.17900462283068655,0.164043082021541,0.6111111111111112,0.09473684210526316,0.6718120241814072,0.8695973402290358,0.8419170243204578,0.8991596638655462,0.9222057300017927
SGD,0.4522842663741642,0.5649783872908424,0.610567305071949,0.5699006875477464,0.5898127153872053,"{'alpha': 0.0001, 'penalty': 'l2', 'loss': 'log_loss', 'class_weight': 'balanced'}",['spec_skew'],0.3296378418329638,0.20477502295684114,0.8446969696969697,0.19055215527188488,0.15332771693344566,0.6408450704225352,0.08708133971291866,0.6611691815037235,0.8738872403560831,0.8493150684931506,0.8999236058059588,0.9177168093860075
