Algorithm,F1_Macro_Global,Precision_Macro,Recall_Macro,Accuracy,PR_AUC_Macro,Best_Hyperparameters,Features_List,Heavy_F1,Heavy_Precision,Heavy_Recall,Heavy_PR_AUC,Moderate_F1,Moderate_Precision,Moderate_Recall,Moderate_PR_AUC,No Rain_F1,No Rain_Precision,No Rain_Recall,No Rain_PR_AUC
XGB,0.9344956728576275,0.9278426812515379,0.9421443537542609,0.9507257448433919,0.9541929553256159,"{'max_depth': 3, 'learning_rate': 0.1, 'n_estimators': 100}","['spec_skew', 'mfcc_1', 'mfcc_2']",0.8913443830570903,0.8673835125448028,0.9166666666666666,0.9246531379201777,0.9394650398873768,0.921731123388582,0.9578947368421052,0.9407796230296603,0.9726775956284153,0.994413407821229,0.9518716577540107,0.9971461050270097
XGB,0.9317463965718736,0.9247740737936817,0.9396568515763563,0.9476699770817418,0.9583507691144212,"{'max_depth': 3, 'learning_rate': 0.1, 'n_estimators': 100}","['spec_kurtosis', 'mfcc_var', 'mfcc_std', 'mfcc_2']",0.8897058823529411,0.8642857142857143,0.9166666666666666,0.9327713998639684,0.9355294117647058,0.9203703703703704,0.9511961722488038,0.9449045094628037,0.9700038955979743,0.9896661367249603,0.9511077158135982,0.9973763980164913
XGB,0.9317463965718736,0.9247740737936817,0.9396568515763563,0.9476699770817418,0.9583507691144212,"{'max_depth': 3, 'learning_rate': 0.1, 'n_estimators': 100}","['spec_kurtosis', 'mfcc_var', 'mfcc_2']",0.8897058823529411,0.8642857142857143,0.9166666666666666,0.9327713998639684,0.9355294117647058,0.9203703703703704,0.9511961722488038,0.9449045094628037,0.9700038955979743,0.9896661367249603,0.9511077158135982,0.9973763980164913
XGB,0.9317463965718736,0.9247740737936817,0.9396568515763563,0.9476699770817418,0.9583507691144212,"{'max_depth': 3, 'learning_rate': 0.1, 'n_estimators': 100}","['spec_kurtosis', 'mfcc_std', 'mfcc_2']",0.8897058823529411,0.8642857142857143,0.9166666666666666,0.9327713998639684,0.9355294117647058,0.9203703703703704,0.9511961722488038,0.9449045094628037,0.9700038955979743,0.9896661367249603,0.9511077158135982,0.9973763980164913
XGB,0.931613065351618,0.9288622341579532,0.9349625177024556,0.9503437738731857,0.9544284051754651,"{'max_depth': 3, 'learning_rate': 0.1, 'n_estimators': 100}","['spec_kurtosis', 'mfcc_1', 'mfcc_2']",0.8818011257035647,0.8736059479553904,0.8901515151515151,0.9251281948602889,0.9391385767790262,0.919340054995417,0.9598086124401913,0.9407790810565562,0.9738994935722634,0.9936406995230525,0.9549274255156608,0.9973779396095506
XGB,0.93121382744767,0.9217944586033932,0.9419459968995572,0.9514896867838044,0.9543136009946188,"{'max_depth': 5, 'learning_rate': 0.01, 'n_estimators': 100}","['NDSI', 'mfcc_1', 'mfcc_2']",0.8768115942028986,0.8402777777777778,0.9166666666666666,0.9216555599173816,0.9397247271001424,0.9322033898305084,0.9473684210526315,0.9455345004457113,0.9771051610399689,0.9929022082018928,0.9618029029793735,0.9957507426207632
XGB,0.9309328687061548,0.9215002728510183,0.9416913495860864,0.9511077158135982,0.9542768300631957,"{'max_depth': 5, 'learning_rate': 0.01, 'n_estimators': 100}","['NDSI', 'mfcc_1', 'mfcc_var', 'mfcc_2']",0.8768115942028986,0.8402777777777778,0.9166666666666666,0.9221150769051724,0.9392789373814042,0.9313264346190028,0.9473684210526315,0.9452795539782183,0.9767080745341615,0.9928966061562746,0.961038961038961,0.9954358593061965
XGB,0.9309328687061548,0.9215002728510183,0.9416913495860864,0.9511077158135982,0.9542768300631957,"{'max_depth': 5, 'learning_rate': 0.01, 'n_estimators': 100}","['NDSI', 'mfcc_1', 'mfcc_std', 'mfcc_2']",0.8768115942028986,0.8402777777777778,0.9166666666666666,0.9221150769051724,0.9392789373814042,0.9313264346190028,0.9473684210526315,0.9452795539782183,0.9767080745341615,0.9928966061562746,0.961038961038961,0.9954358593061965
XGB,0.9309328687061548,0.9215002728510183,0.9416913495860864,0.9511077158135982,0.9542768300631957,"{'max_depth': 5, 'learning_rate': 0.01, 'n_estimators': 100}","['NDSI', 'mfcc_1', 'mfcc_var', 'mfcc_std', 'mfcc_2']",0.8768115942028986,0.8402777777777778,0.9166666666666666,0.9221150769051724,0.9392789373814042,0.9313264346190028,0.9473684210526315,0.9452795539782183,0.9767080745341615,0.9928966061562746,0.961038961038961,0.9954358593061965
XGB,0.9304751308650215,0.9269519706648536,0.9346435384361081,0.9499618029029794,0.9532603131039646,"{'max_depth': 3, 'learning_rate': 0.1, 'n_estimators': 100}","['spec_skew', 'spec_kurtosis', 'mfcc_1', 'mfcc_2']",0.8785046728971962,0.8671586715867159,0.8901515151515151,0.9230709904318901,0.9386416861826697,0.9192660550458716,0.9588516746411483,0.939407600889438,0.9742790335151987,0.994431185361973,0.9549274255156608,0.9973023479905658
XGB,0.9300577743741935,0.9269129259339811,0.9338795964956956,0.9488158899923606,0.9560939138427259,"{'max_depth': 3, 'learning_rate': 0.1, 'n_estimators': 100}","['spec_kurtosis', 'mfcc_1', 'mfcc_var', 'mfcc_2']",0.8801498127340824,0.8703703703703703,0.8901515151515151,0.9250564551221017,0.9373246024321796,0.9167429094236048,0.9588516746411483,0.9456888859052535,0.9726989079563183,0.9936254980079682,0.9526355996944232,0.9975364005008224
XGB,0.9300577743741935,0.9269129259339811,0.9338795964956956,0.9488158899923606,0.9560939138427259,"{'max_depth': 3, 'learning_rate': 0.1, 'n_estimators': 100}","['spec_kurtosis', 'mfcc_1', 'mfcc_std', 'mfcc_2']",0.8801498127340824,0.8703703703703703,0.8901515151515151,0.9250564551221017,0.9373246024321796,0.9167429094236048,0.9588516746411483,0.9456888859052535,0.9726989079563183,0.9936254980079682,0.9526355996944232,0.9975364005008224
XGB,0.9300577743741935,0.9269129259339811,0.9338795964956956,0.9488158899923606,0.9560939138427259,"{'max_depth': 3, 'learning_rate': 0.1, 'n_estimators': 100}","['spec_kurtosis', 'mfcc_1', 'mfcc_var', 'mfcc_std', 'mfcc_2']",0.8801498127340824,0.8703703703703703,0.8901515151515151,0.9250564551221017,0.9373246024321796,0.9167429094236048,0.9588516746411483,0.9456888859052535,0.9726989079563183,0.9936254980079682,0.9526355996944232,0.9975364005008224
XGB,0.9287296073365626,0.9201902664750432,0.938378254012929,0.946524064171123,0.951180631396923,"{'max_depth': 5, 'learning_rate': 0.1, 'n_estimators': 50}","['spec_skew', 'spec_kurtosis', 'mfcc_1', 'mfcc_var', 'mfcc_std', 'mfcc_2']",0.8816029143897997,0.8491228070175438,0.9166666666666666,0.9229093785967625,0.9337121212121212,0.9240862230552952,0.9435406698564593,0.9350192580772956,0.970873786407767,0.9873617693522907,0.9549274255156608,0.9956132575167106
XGB,0.9287296073365626,0.9201902664750432,0.938378254012929,0.946524064171123,0.951180631396923,"{'max_depth': 5, 'learning_rate': 0.1, 'n_estimators': 50}","['spec_skew', 'spec_kurtosis', 'mfcc_1', 'mfcc_var', 'mfcc_2']",0.8816029143897997,0.8491228070175438,0.9166666666666666,0.9229093785967625,0.9337121212121212,0.9240862230552952,0.9435406698564593,0.9350192580772956,0.970873786407767,0.9873617693522907,0.9549274255156608,0.9956132575167106
XGB,0.9287296073365626,0.9201902664750432,0.938378254012929,0.946524064171123,0.951180631396923,"{'max_depth': 5, 'learning_rate': 0.1, 'n_estimators': 50}","['spec_skew', 'spec_kurtosis', 'mfcc_1', 'mfcc_std', 'mfcc_2']",0.8816029143897997,0.8491228070175438,0.9166666666666666,0.9229093785967625,0.9337121212121212,0.9240862230552952,0.9435406698564593,0.9350192580772956,0.970873786407767,0.9873617693522907,0.9549274255156608,0.9956132575167106
XGB,0.9281134562816812,0.917811554391038,0.9402709090015592,0.9457601222307105,0.951342791407829,"{'max_depth': 5, 'learning_rate': 0.01, 'n_estimators': 100}","['spec_skew', 'spec_kurtosis', 'NDSI', 'mfcc_1', 'mfcc_var', 'mfcc_2']",0.8808664259927798,0.8413793103448276,0.9242424242424242,0.9265737202446811,0.9332079021636877,0.9176688251618872,0.9492822966507177,0.9331061938604583,0.9702660406885759,0.9943865276663993,0.9472880061115355,0.9943484601183473
XGB,0.9281134562816812,0.917811554391038,0.9402709090015592,0.9457601222307105,0.951342791407829,"{'max_depth': 5, 'learning_rate': 0.01, 'n_estimators': 100}","['spec_skew', 'spec_kurtosis', 'NDSI', 'mfcc_1', 'mfcc_var', 'mfcc_std', 'mfcc_2']",0.8808664259927798,0.8413793103448276,0.9242424242424242,0.9265737202446811,0.9332079021636877,0.9176688251618872,0.9492822966507177,0.9331061938604583,0.9702660406885759,0.9943865276663993,0.9472880061115355,0.9943484601183473
XGB,0.9281134562816812,0.917811554391038,0.9402709090015592,0.9457601222307105,0.9495641434803903,"{'max_depth': 5, 'learning_rate': 0.01, 'n_estimators': 100}","['spec_skew', 'spec_kurtosis', 'NDSI', 'mfcc_1', 'mfcc_2']",0.8808664259927798,0.8413793103448276,0.9242424242424242,0.9214659947777958,0.9332079021636877,0.9176688251618872,0.9492822966507177,0.9328281644557309,0.9702660406885759,0.9943865276663993,0.9472880061115355,0.9943982712076442
XGB,0.9281134562816812,0.917811554391038,0.9402709090015592,0.9457601222307105,0.951342791407829,"{'max_depth': 5, 'learning_rate': 0.01, 'n_estimators': 100}","['spec_skew', 'spec_kurtosis', 'NDSI', 'mfcc_1', 'mfcc_std', 'mfcc_2']",0.8808664259927798,0.8413793103448276,0.9242424242424242,0.9265737202446811,0.9332079021636877,0.9176688251618872,0.9492822966507177,0.9331061938604583,0.9702660406885759,0.9943865276663993,0.9472880061115355,0.9943484601183473
XGB,0.9278978864809747,0.917760211097208,0.9397185030311964,0.948051948051948,0.9518202926019628,"{'max_depth': 3, 'learning_rate': 0.1, 'n_estimators': 50}","['spec_kurtosis', 'NDSI', 'mfcc_1', 'mfcc_std', 'mfcc_2']",0.8736462093862816,0.8344827586206897,0.9166666666666666,0.9178845455170174,0.9357884796978282,0.923578751164958,0.9483253588516747,0.9399187428253679,0.9742589703588144,0.9952191235059761,0.9541634835752483,0.9976575894635029
XGB,0.9278978864809747,0.917760211097208,0.9397185030311964,0.948051948051948,0.9518202926019628,"{'max_depth': 3, 'learning_rate': 0.1, 'n_estimators': 50}","['spec_kurtosis', 'NDSI', 'mfcc_1', 'mfcc_var', 'mfcc_2']",0.8736462093862816,0.8344827586206897,0.9166666666666666,0.9178845455170174,0.9357884796978282,0.923578751164958,0.9483253588516747,0.9399187428253679,0.9742589703588144,0.9952191235059761,0.9541634835752483,0.9976575894635029
XGB,0.9278978864809747,0.917760211097208,0.9397185030311964,0.948051948051948,0.9518202926019628,"{'max_depth': 3, 'learning_rate': 0.1, 'n_estimators': 50}","['spec_kurtosis', 'NDSI', 'mfcc_1', 'mfcc_var', 'mfcc_std', 'mfcc_2']",0.8736462093862816,0.8344827586206897,0.9166666666666666,0.9178845455170174,0.9357884796978282,0.923578751164958,0.9483253588516747,0.9399187428253679,0.9742589703588144,0.9952191235059761,0.9541634835752483,0.9976575894635029
XGB,0.927167086713658,0.9178812543652989,0.9380646357426543,0.9453781512605042,0.9507107840132886,"{'max_depth': 5, 'learning_rate': 0.01, 'n_estimators': 100}","['spec_skew', 'NDSI', 'mfcc_1', 'mfcc_2']",0.8784029038112523,0.8432055749128919,0.9166666666666666,0.9256141686779646,0.9328323156411461,0.9160516605166051,0.9502392344497608,0.9325629411932799,0.9702660406885759,0.9943865276663993,0.9472880061115355,0.9939552421686211
XGB,0.9267992272655831,0.9170383595379438,0.9379949427937043,0.9461420932009167,0.9416496332287799,"{'max_depth': 5, 'learning_rate': 0.01, 'n_estimators': 50}","['spec_skew', 'mfcc_1', 'mfcc_std', 'mfcc_2']",0.8752260397830018,0.8373702422145328,0.9166666666666666,0.8988692843281846,0.9331436699857752,0.924812030075188,0.9416267942583733,0.9328645363653497,0.972027972027972,0.9889328063241106,0.9556913674560733,0.9932150789928054
XGB,0.9267992272655831,0.9170383595379438,0.9379949427937043,0.9461420932009167,0.9416496332287799,"{'max_depth': 5, 'learning_rate': 0.01, 'n_estimators': 50}","['spec_skew', 'mfcc_1', 'mfcc_var', 'mfcc_2']",0.8752260397830018,0.8373702422145328,0.9166666666666666,0.8988692843281846,0.9331436699857752,0.924812030075188,0.9416267942583733,0.9328645363653497,0.972027972027972,0.9889328063241106,0.9556913674560733,0.9932150789928054
XGB,0.9267992272655831,0.9170383595379438,0.9379949427937043,0.9461420932009167,0.9416496332287799,"{'max_depth': 5, 'learning_rate': 0.01, 'n_estimators': 50}","['spec_skew', 'mfcc_1', 'mfcc_var', 'mfcc_std', 'mfcc_2']",0.8752260397830018,0.8373702422145328,0.9166666666666666,0.8988692843281846,0.9331436699857752,0.924812030075188,0.9416267942583733,0.9328645363653497,0.972027972027972,0.9889328063241106,0.9556913674560733,0.9932150789928054
XGB,0.9266958760463155,0.9199268871445522,0.9342846867614668,0.9461420932009167,0.9571527409834131,"{'max_depth': 3, 'learning_rate': 0.1, 'n_estimators': 100}","['spec_skew', 'mfcc_std', 'mfcc_2']",0.875,0.85,0.9015151515151515,0.9308154488207796,0.9334591788579518,0.9208566108007449,0.9464114832535885,0.9433908504824422,0.9716284492809949,0.9889240506329114,0.9549274255156608,0.9972519236470172
XGB,0.9266958760463155,0.9199268871445522,0.9342846867614668,0.9461420932009167,0.9571527409834131,"{'max_depth': 3, 'learning_rate': 0.1, 'n_estimators': 100}","['spec_skew', 'mfcc_var', 'mfcc_std', 'mfcc_2']",0.875,0.85,0.9015151515151515,0.9308154488207796,0.9334591788579518,0.9208566108007449,0.9464114832535885,0.9433908504824422,0.9716284492809949,0.9889240506329114,0.9549274255156608,0.9972519236470172
XGB,0.9266958760463155,0.9199268871445522,0.9342846867614668,0.9461420932009167,0.9571527409834131,"{'max_depth': 3, 'learning_rate': 0.1, 'n_estimators': 100}","['spec_skew', 'mfcc_var', 'mfcc_2']",0.875,0.85,0.9015151515151515,0.9308154488207796,0.9334591788579518,0.9208566108007449,0.9464114832535885,0.9433908504824422,0.9716284492809949,0.9889240506329114,0.9549274255156608,0.9972519236470172
XGB,0.9265336081047021,0.9174757415648879,0.9369492134972012,0.9484339190221543,0.9625573987124684,"{'max_depth': 3, 'learning_rate': 0.1, 'n_estimators': 100}","['spec_skew', 'NDSI', 'mfcc_1', 'mfcc_std', 'mfcc_2']",0.867513611615245,0.8327526132404182,0.9053030303030303,0.9340678680707798,0.9362305148795466,0.9244402985074627,0.9483253588516747,0.9556681271876408,0.9758566978193146,0.9952343129467831,0.9572192513368984,0.9979362008789849
XGB,0.9265336081047021,0.9174757415648879,0.9369492134972012,0.9484339190221543,0.9625573987124684,"{'max_depth': 3, 'learning_rate': 0.1, 'n_estimators': 100}","['spec_skew', 'NDSI', 'mfcc_1', 'mfcc_var', 'mfcc_2']",0.867513611615245,0.8327526132404182,0.9053030303030303,0.9340678680707798,0.9362305148795466,0.9244402985074627,0.9483253588516747,0.9556681271876408,0.9758566978193146,0.9952343129467831,0.9572192513368984,0.9979362008789849
XGB,0.9265336081047021,0.9174757415648879,0.9369492134972012,0.9484339190221543,0.9625573987124684,"{'max_depth': 3, 'learning_rate': 0.1, 'n_estimators': 100}","['spec_skew', 'NDSI', 'mfcc_1', 'mfcc_var', 'mfcc_std', 'mfcc_2']",0.867513611615245,0.8327526132404182,0.9053030303030303,0.9340678680707798,0.9362305148795466,0.9244402985074627,0.9483253588516747,0.9556681271876408,0.9758566978193146,0.9952343129467831,0.9572192513368984,0.9979362008789849
XGB,0.9265150587255896,0.915807429292249,0.9390805444985011,0.9472880061115355,0.9526917217697936,"{'max_depth': 3, 'learning_rate': 0.1, 'n_estimators': 50}","['spec_kurtosis', 'NDSI', 'mfcc_1', 'mfcc_2']",0.8705035971223022,0.8287671232876712,0.9166666666666666,0.9202009535064113,0.9347826086956522,0.9234360410831,0.9464114832535885,0.9401896015494136,0.9742589703588144,0.9952191235059761,0.9541634835752483,0.9976846102535559
XGB,0.9249763981697962,0.9167789425471091,0.9345957362211231,0.9446142093200917,0.9514091718789596,"{'max_depth': 5, 'learning_rate': 0.1, 'n_estimators': 50}","['spec_kurtosis', 'mfcc_1', 'mfcc_var', 'wav_approx_std', 'mfcc_2']",0.8722627737226277,0.8415492957746479,0.9053030303030303,0.907684679253227,0.9320206282231599,0.9136029411764706,0.9511961722488038,0.9492333732159244,0.9706457925636007,0.9951845906902087,0.9472880061115355,0.9973094631677274
XGB,0.9249763981697962,0.9167789425471091,0.9345957362211231,0.9446142093200917,0.9514091718789596,"{'max_depth': 5, 'learning_rate': 0.1, 'n_estimators': 50}","['spec_kurtosis', 'mfcc_1', 'mfcc_std', 'wav_approx_std', 'mfcc_2']",0.8722627737226277,0.8415492957746479,0.9053030303030303,0.907684679253227,0.9320206282231599,0.9136029411764706,0.9511961722488038,0.9492333732159244,0.9706457925636007,0.9951845906902087,0.9472880061115355,0.9973094631677274
XGB,0.9249763981697962,0.9167789425471091,0.9345957362211231,0.9446142093200917,0.9514091718789596,"{'max_depth': 5, 'learning_rate': 0.1, 'n_estimators': 50}","['spec_kurtosis', 'mfcc_1', 'mfcc_var', 'mfcc_std', 'wav_approx_std', 'mfcc_2']",0.8722627737226277,0.8415492957746479,0.9053030303030303,0.907684679253227,0.9320206282231599,0.9136029411764706,0.9511961722488038,0.9492333732159244,0.9706457925636007,0.9951845906902087,0.9472880061115355,0.9973094631677274
XGB,0.923907063670336,0.9197176300068864,0.9286738459339078,0.944996180290298,0.9574078617520714,"{'max_depth': 3, 'learning_rate': 0.1, 'n_estimators': 100}","['spec_skew', 'spec_kurtosis', 'mfcc_var', 'mfcc_std', 'mfcc_2']",0.8677839851024208,0.8534798534798534,0.8825757575757576,0.9283526955798643,0.9323308270676691,0.9159741458910434,0.9492822966507177,0.9465181857241147,0.9716063788409179,0.9896988906497622,0.9541634835752483,0.9973527039522352
XGB,0.923907063670336,0.9197176300068864,0.9286738459339078,0.944996180290298,0.9574078617520714,"{'max_depth': 3, 'learning_rate': 0.1, 'n_estimators': 100}","['spec_skew', 'spec_kurtosis', 'mfcc_std', 'mfcc_2']",0.8677839851024208,0.8534798534798534,0.8825757575757576,0.9283526955798643,0.9323308270676691,0.9159741458910434,0.9492822966507177,0.9465181857241147,0.9716063788409179,0.9896988906497622,0.9541634835752483,0.9973527039522352
XGB,0.923907063670336,0.9197176300068864,0.9286738459339078,0.944996180290298,0.9574078617520714,"{'max_depth': 3, 'learning_rate': 0.1, 'n_estimators': 100}","['spec_skew', 'spec_kurtosis', 'mfcc_var', 'mfcc_2']",0.8677839851024208,0.8534798534798534,0.8825757575757576,0.9283526955798643,0.9323308270676691,0.9159741458910434,0.9492822966507177,0.9465181857241147,0.9716063788409179,0.9896988906497622,0.9541634835752483,0.9973527039522352
XGB,0.9214479356167168,0.9112657118263167,0.9332501262067825,0.9438502673796791,0.9620795189667454,"{'max_depth': 5, 'learning_rate': 0.1, 'n_estimators': 50}","['spec_skew', 'spec_kurtosis', 'NDSI', 'mfcc_var', 'mfcc_2']",0.8612612612612612,0.8213058419243986,0.9053030303030303,0.9337165564829648,0.930298719772404,0.9219924812030075,0.938755980861244,0.9555848922438903,0.9727838258164853,0.9904988123515439,0.9556913674560733,0.996937108173381
XGB,0.9214479356167168,0.9112657118263167,0.9332501262067825,0.9438502673796791,0.9620795189667454,"{'max_depth': 5, 'learning_rate': 0.1, 'n_estimators': 50}","['spec_skew', 'spec_kurtosis', 'NDSI', 'mfcc_std', 'mfcc_2']",0.8612612612612612,0.8213058419243986,0.9053030303030303,0.9337165564829648,0.930298719772404,0.9219924812030075,0.938755980861244,0.9555848922438903,0.9727838258164853,0.9904988123515439,0.9556913674560733,0.996937108173381
XGB,0.9214479356167168,0.9112657118263167,0.9332501262067825,0.9438502673796791,0.9620795189667454,"{'max_depth': 5, 'learning_rate': 0.1, 'n_estimators': 50}","['spec_skew', 'spec_kurtosis', 'NDSI', 'mfcc_var', 'mfcc_std', 'mfcc_2']",0.8612612612612612,0.8213058419243986,0.9053030303030303,0.9337165564829648,0.930298719772404,0.9219924812030075,0.938755980861244,0.9555848922438903,0.9727838258164853,0.9904988123515439,0.9556913674560733,0.996937108173381
XGB,0.9212308806014736,0.9060497230888293,0.9404883644047731,0.9423223834988541,0.9585099024881446,"{'max_depth': 3, 'learning_rate': 0.1, 'n_estimators': 100}","['spec_kurtosis', 'mfcc_1', 'wav_detail_lvl5_std', 'mfcc_var', 'mfcc_std', 'wav_approx_std', 'mfcc_2']",0.8636363636363636,0.801948051948052,0.9356060606060606,0.9217338424848012,0.928739971684757,0.9162011173184358,0.9416267942583733,0.95656960639195,0.9713163064833006,1.0,0.9442322383498855,0.9972262585876825
XGB,0.9212308806014736,0.9060497230888293,0.9404883644047731,0.9423223834988541,0.9585099024881446,"{'max_depth': 3, 'learning_rate': 0.1, 'n_estimators': 100}","['spec_kurtosis', 'mfcc_1', 'wav_detail_lvl5_std', 'mfcc_std', 'wav_approx_std', 'mfcc_2']",0.8636363636363636,0.801948051948052,0.9356060606060606,0.9217338424848012,0.928739971684757,0.9162011173184358,0.9416267942583733,0.95656960639195,0.9713163064833006,1.0,0.9442322383498855,0.9972262585876825
XGB,0.9212308806014736,0.9060497230888293,0.9404883644047731,0.9423223834988541,0.9585099024881446,"{'max_depth': 3, 'learning_rate': 0.1, 'n_estimators': 100}","['spec_kurtosis', 'mfcc_1', 'wav_detail_lvl5_std', 'mfcc_var', 'wav_approx_std', 'mfcc_2']",0.8636363636363636,0.801948051948052,0.9356060606060606,0.9217338424848012,0.928739971684757,0.9162011173184358,0.9416267942583733,0.95656960639195,0.9713163064833006,1.0,0.9442322383498855,0.9972262585876825
XGB,0.9211176681629271,0.9111086431886682,0.9330008398893849,0.9427043544690603,0.953663964836954,"{'max_depth': 5, 'learning_rate': 0.1, 'n_estimators': 50}","['spec_skew', 'mfcc_1', 'wav_approx_std', 'mfcc_2']",0.8628158844765343,0.8241379310344827,0.9053030303030303,0.9139548854464177,0.9295112781954887,0.9132040627885504,0.9464114832535885,0.9498818518520438,0.971025841816758,0.9959839357429718,0.9472880061115355,0.9971551572124009
XGB,0.921089284083542,0.9120170751730815,0.9318025455796354,0.9423223834988541,0.9522221354259627,"{'max_depth': 5, 'learning_rate': 0.1, 'n_estimators': 50}","['spec_skew', 'mfcc_1', 'mfcc_var', 'wav_approx_std', 'mfcc_2']",0.8638838475499092,0.8292682926829268,0.9015151515151515,0.9094482293103094,0.9291412482402628,0.9116022099447514,0.9473684210526315,0.9500445262615211,0.9702427564604542,0.9951807228915662,0.946524064171123,0.9971736507060572
XGB,0.921089284083542,0.9120170751730815,0.9318025455796354,0.9423223834988541,0.9522221354259627,"{'max_depth': 5, 'learning_rate': 0.1, 'n_estimators': 50}","['spec_skew', 'mfcc_1', 'mfcc_std', 'wav_approx_std', 'mfcc_2']",0.8638838475499092,0.8292682926829268,0.9015151515151515,0.9094482293103094,0.9291412482402628,0.9116022099447514,0.9473684210526315,0.9500445262615211,0.9702427564604542,0.9951807228915662,0.946524064171123,0.9971736507060572
XGB,0.921089284083542,0.9120170751730815,0.9318025455796354,0.9423223834988541,0.9522221354259627,"{'max_depth': 5, 'learning_rate': 0.1, 'n_estimators': 50}","['spec_skew', 'mfcc_1', 'mfcc_var', 'mfcc_std', 'wav_approx_std', 'mfcc_2']",0.8638838475499092,0.8292682926829268,0.9015151515151515,0.9094482293103094,0.9291412482402628,0.9116022099447514,0.9473684210526315,0.9500445262615211,0.9702427564604542,0.9951807228915662,0.946524064171123,0.9971736507060572
XGB,0.920955532465015,0.9068592748104026,0.938601070412216,0.9423223834988541,0.956360081251332,"{'max_depth': 3, 'learning_rate': 0.1, 'n_estimators': 100}","['spec_kurtosis', 'wav_detail_lvl5_std', 'mfcc_var', 'wav_approx_std', 'mfcc_2']",0.8626760563380281,0.805921052631579,0.928030303030303,0.919122557619137,0.9288742345737164,0.9146567717996289,0.9435406698564593,0.9529645620538527,0.9713163064833006,1.0,0.9442322383498855,0.9969931240810059
XGB,0.920955532465015,0.9068592748104026,0.938601070412216,0.9423223834988541,0.956360081251332,"{'max_depth': 3, 'learning_rate': 0.1, 'n_estimators': 100}","['spec_kurtosis', 'wav_detail_lvl5_std', 'mfcc_var', 'mfcc_std', 'wav_approx_std', 'mfcc_2']",0.8626760563380281,0.805921052631579,0.928030303030303,0.919122557619137,0.9288742345737164,0.9146567717996289,0.9435406698564593,0.9529645620538527,0.9713163064833006,1.0,0.9442322383498855,0.9969931240810059
XGB,0.920955532465015,0.9068592748104026,0.938601070412216,0.9423223834988541,0.956360081251332,"{'max_depth': 3, 'learning_rate': 0.1, 'n_estimators': 100}","['spec_kurtosis', 'wav_detail_lvl5_std', 'mfcc_std', 'wav_approx_std', 'mfcc_2']",0.8626760563380281,0.805921052631579,0.928030303030303,0.919122557619137,0.9288742345737164,0.9146567717996289,0.9435406698564593,0.9529645620538527,0.9713163064833006,1.0,0.9442322383498855,0.9969931240810059
XGB,0.9207708347298423,0.910682556749578,0.9324324626182211,0.9442322383498855,0.9609155491278604,"{'max_depth': 5, 'learning_rate': 0.1, 'n_estimators': 50}","['spec_kurtosis', 'NDSI', 'mfcc_var', 'mfcc_std', 'mfcc_2']",0.8576576576576577,0.8178694158075601,0.9015151515151515,0.9321956544701789,0.9306742640075973,0.9236569274269557,0.937799043062201,0.9536031167887704,0.9739805825242719,0.990521327014218,0.957983193277311,0.9969478761246316
XGB,0.9207708347298423,0.910682556749578,0.9324324626182211,0.9442322383498855,0.9609155491278604,"{'max_depth': 5, 'learning_rate': 0.1, 'n_estimators': 50}","['spec_kurtosis', 'NDSI', 'mfcc_std', 'mfcc_2']",0.8576576576576577,0.8178694158075601,0.9015151515151515,0.9321956544701789,0.9306742640075973,0.9236569274269557,0.937799043062201,0.9536031167887704,0.9739805825242719,0.990521327014218,0.957983193277311,0.9969478761246316
XGB,0.9207708347298423,0.910682556749578,0.9324324626182211,0.9442322383498855,0.9609155491278604,"{'max_depth': 5, 'learning_rate': 0.1, 'n_estimators': 50}","['spec_kurtosis', 'NDSI', 'mfcc_var', 'mfcc_2']",0.8576576576576577,0.8178694158075601,0.9015151515151515,0.9321956544701789,0.9306742640075973,0.9236569274269557,0.937799043062201,0.9536031167887704,0.9739805825242719,0.990521327014218,0.957983193277311,0.9969478761246316
XGB,0.9205724679361565,0.9105594311335495,0.9325558772153199,0.9419404125286478,0.951300193346011,"{'max_depth': 5, 'learning_rate': 0.1, 'n_estimators': 50}","['spec_kurtosis', 'mfcc_std', 'wav_approx_std', 'mfcc_2']",0.8628158844765343,0.8241379310344827,0.9053030303030303,0.9070310280770735,0.9287054409005628,0.9107635694572217,0.9473684210526315,0.9495666420010863,0.9701960784313726,0.9967767929089444,0.944996180290298,0.9973029099598731
XGB,0.9205724679361565,0.9105594311335495,0.9325558772153199,0.9419404125286478,0.951300193346011,"{'max_depth': 5, 'learning_rate': 0.1, 'n_estimators': 50}","['spec_kurtosis', 'mfcc_var', 'wav_approx_std', 'mfcc_2']",0.8628158844765343,0.8241379310344827,0.9053030303030303,0.9070310280770735,0.9287054409005628,0.9107635694572217,0.9473684210526315,0.9495666420010863,0.9701960784313726,0.9967767929089444,0.944996180290298,0.9973029099598731
XGB,0.9205724679361565,0.9105594311335495,0.9325558772153199,0.9419404125286478,0.951300193346011,"{'max_depth': 5, 'learning_rate': 0.1, 'n_estimators': 50}","['spec_kurtosis', 'mfcc_var', 'mfcc_std', 'wav_approx_std', 'mfcc_2']",0.8628158844765343,0.8241379310344827,0.9053030303030303,0.9070310280770735,0.9287054409005628,0.9107635694572217,0.9473684210526315,0.9495666420010863,0.9701960784313726,0.9967767929089444,0.944996180290298,0.9973029099598731
XGB,0.9205233660077887,0.9141779555338007,0.9280922895473979,0.9423223834988541,0.9518059888599323,"{'max_depth': 5, 'learning_rate': 0.1, 'n_estimators': 50}","['spec_kurtosis', 'mfcc_1', 'wav_approx_std', 'mfcc_2']",0.861878453038674,0.8387096774193549,0.8863636363636364,0.9090994073395255,0.929472209248015,0.9078467153284672,0.9521531100478469,0.9490236822376152,0.9702194357366771,0.99597747385358,0.9457601222307105,0.997294877002656
XGB,0.9202577915756737,0.9119016264814229,0.9300412349947953,0.9427043544690603,0.950693957990513,"{'max_depth': 5, 'learning_rate': 0.1, 'n_estimators': 50}","['spec_skew', 'spec_kurtosis', 'mfcc_1', 'mfcc_var', 'mfcc_std', 'wav_approx_std', 'mfcc_2']",0.8597449908925319,0.8280701754385965,0.8939393939393939,0.9067688596000106,0.9295774647887324,0.9124423963133641,0.9473684210526315,0.9482533026488219,0.9714509190457568,0.9951923076923077,0.9488158899923606,0.9970597117227068
XGB,0.9202577915756737,0.9119016264814229,0.9300412349947953,0.9427043544690603,0.950693957990513,"{'max_depth': 5, 'learning_rate': 0.1, 'n_estimators': 50}","['spec_skew', 'spec_kurtosis', 'mfcc_1', 'mfcc_std', 'wav_approx_std', 'mfcc_2']",0.8597449908925319,0.8280701754385965,0.8939393939393939,0.9067688596000106,0.9295774647887324,0.9124423963133641,0.9473684210526315,0.9482533026488219,0.9714509190457568,0.9951923076923077,0.9488158899923606,0.9970597117227068
XGB,0.9202577915756737,0.9119016264814229,0.9300412349947953,0.9427043544690603,0.950693957990513,"{'max_depth': 5, 'learning_rate': 0.1, 'n_estimators': 50}","['spec_skew', 'spec_kurtosis', 'mfcc_1', 'mfcc_var', 'wav_approx_std', 'mfcc_2']",0.8597449908925319,0.8280701754385965,0.8939393939393939,0.9067688596000106,0.9295774647887324,0.9124423963133641,0.9473684210526315,0.9482533026488219,0.9714509190457568,0.9951923076923077,0.9488158899923606,0.9970597117227068
XGB,0.9199640551979029,0.9091118678011775,0.9330651718422617,0.9427043544690603,0.9470923047531095,"{'max_depth': 3, 'learning_rate': 0.1, 'n_estimators': 100}","['spec_skew', 'spec_kurtosis', 'mfcc_var', 'wav_approx_std', 'mfcc_2']",0.8581687612208259,0.8156996587030717,0.9053030303030303,0.8992471337368841,0.9295774647887324,0.9124423963133641,0.9473684210526315,0.9447898179213865,0.9721459395841506,0.9991935483870967,0.946524064171123,0.9972399626010575
XGB,0.9199640551979029,0.9091118678011775,0.9330651718422617,0.9427043544690603,0.9470923047531095,"{'max_depth': 3, 'learning_rate': 0.1, 'n_estimators': 100}","['spec_skew', 'spec_kurtosis', 'mfcc_var', 'mfcc_std', 'wav_approx_std', 'mfcc_2']",0.8581687612208259,0.8156996587030717,0.9053030303030303,0.8992471337368841,0.9295774647887324,0.9124423963133641,0.9473684210526315,0.9447898179213865,0.9721459395841506,0.9991935483870967,0.946524064171123,0.9972399626010575
XGB,0.9199640551979029,0.9091118678011775,0.9330651718422617,0.9427043544690603,0.9470923047531095,"{'max_depth': 3, 'learning_rate': 0.1, 'n_estimators': 100}","['spec_skew', 'spec_kurtosis', 'mfcc_std', 'wav_approx_std', 'mfcc_2']",0.8581687612208259,0.8156996587030717,0.9053030303030303,0.8992471337368841,0.9295774647887324,0.9124423963133641,0.9473684210526315,0.9447898179213865,0.9721459395841506,0.9991935483870967,0.946524064171123,0.9972399626010575
XGB,0.919602864067805,0.9085432087720123,0.9329019965242876,0.9385026737967914,0.9497354973739346,"{'max_depth': 3, 'learning_rate': 0.1, 'n_estimators': 100}","['mfcc_1', 'mfcc_std', 'mfcc_2']",0.8689407540394973,0.825938566552901,0.9166666666666666,0.9213036363724714,0.9243776420854861,0.9077490774907749,0.9416267942583733,0.9314055484794634,0.9654901960784313,0.991941982272361,0.9404125286478228,0.9964973072698692
XGB,0.919602864067805,0.9085432087720123,0.9329019965242876,0.9385026737967914,0.9497354973739346,"{'max_depth': 3, 'learning_rate': 0.1, 'n_estimators': 100}","['mfcc_1', 'mfcc_var', 'mfcc_2']",0.8689407540394973,0.825938566552901,0.9166666666666666,0.9213036363724714,0.9243776420854861,0.9077490774907749,0.9416267942583733,0.9314055484794634,0.9654901960784313,0.991941982272361,0.9404125286478228,0.9964973072698692
XGB,0.919602864067805,0.9085432087720123,0.9329019965242876,0.9385026737967914,0.9497354973739346,"{'max_depth': 3, 'learning_rate': 0.1, 'n_estimators': 100}","['mfcc_1', 'mfcc_var', 'mfcc_std', 'mfcc_2']",0.8689407540394973,0.825938566552901,0.9166666666666666,0.9213036363724714,0.9243776420854861,0.9077490774907749,0.9416267942583733,0.9314055484794634,0.9654901960784313,0.991941982272361,0.9404125286478228,0.9964973072698692
XGB,0.9193189633016116,0.9121295433300968,0.9273952483704807,0.9438502673796791,0.96229728632032,"{'max_depth': 5, 'learning_rate': 0.1, 'n_estimators': 50}","['spec_skew', 'NDSI', 'mfcc_var', 'mfcc_std', 'mfcc_2']",0.8534798534798534,0.8262411347517731,0.8825757575757576,0.9333213622510284,0.9304964539007092,0.9196261682242991,0.9416267942583733,0.9564269551319832,0.9739805825242719,0.990521327014218,0.957983193277311,0.9971435415779487
XGB,0.9193189633016116,0.9121295433300968,0.9273952483704807,0.9438502673796791,0.96229728632032,"{'max_depth': 5, 'learning_rate': 0.1, 'n_estimators': 50}","['spec_skew', 'NDSI', 'mfcc_var', 'mfcc_2']",0.8534798534798534,0.8262411347517731,0.8825757575757576,0.9333213622510284,0.9304964539007092,0.9196261682242991,0.9416267942583733,0.9564269551319832,0.9739805825242719,0.990521327014218,0.957983193277311,0.9971435415779487
XGB,0.9193189633016116,0.9121295433300968,0.9273952483704807,0.9438502673796791,0.96229728632032,"{'max_depth': 5, 'learning_rate': 0.1, 'n_estimators': 50}","['spec_skew', 'NDSI', 'mfcc_std', 'mfcc_2']",0.8534798534798534,0.8262411347517731,0.8825757575757576,0.9333213622510284,0.9304964539007092,0.9196261682242991,0.9416267942583733,0.9564269551319832,0.9739805825242719,0.990521327014218,0.957983193277311,0.9971435415779487
XGB,0.9190765172819338,0.9048327137546468,0.9369551329303651,0.9415584415584416,0.9590642334585077,"{'max_depth': 3, 'learning_rate': 0.1, 'n_estimators': 100}","['spec_kurtosis', 'mfcc_1', 'wav_detail_lvl5_std', 'wav_approx_std', 'mfcc_2']",0.8576449912126538,0.8,0.9242424242424242,0.9257338620935713,0.9278642149929278,0.9144981412639405,0.9416267942583733,0.9544362580794055,0.9717203456402199,1.0,0.944996180290298,0.9970225802025463
XGB,0.9189569670355061,0.9152324315695223,0.9236393121842038,0.9442322383498855,0.93541954456464,"{'max_depth': 5, 'learning_rate': 0.01, 'n_estimators': 100}","['mfcc_mean', 'spec_kurtosis', 'NDSI', 'wav_detail_lvl5_std', 'mfcc_var', 'mfcc_2']",0.8507462686567164,0.8382352941176471,0.8636363636363636,0.9104394520923107,0.9319664492078286,0.9082652134423251,0.9569377990430622,0.9059364300710774,0.9741581832419733,0.9991967871485944,0.9503437738731857,0.9898827515305323
XGB,0.9189569670355061,0.9152324315695223,0.9236393121842038,0.9442322383498855,0.93541954456464,"{'max_depth': 5, 'learning_rate': 0.01, 'n_estimators': 100}","['mfcc_mean', 'spec_kurtosis', 'NDSI', 'wav_detail_lvl5_std', 'mfcc_std', 'mfcc_2']",0.8507462686567164,0.8382352941176471,0.8636363636363636,0.9104394520923107,0.9319664492078286,0.9082652134423251,0.9569377990430622,0.9059364300710774,0.9741581832419733,0.9991967871485944,0.9503437738731857,0.9898827515305323
XGB,0.9189569670355061,0.9152324315695223,0.9236393121842038,0.9442322383498855,0.93541954456464,"{'max_depth': 5, 'learning_rate': 0.01, 'n_estimators': 100}","['mfcc_mean', 'spec_kurtosis', 'NDSI', 'wav_detail_lvl5_std', 'mfcc_var', 'mfcc_std', 'mfcc_2']",0.8507462686567164,0.8382352941176471,0.8636363636363636,0.9104394520923107,0.9319664492078286,0.9082652134423251,0.9569377990430622,0.9059364300710774,0.9741581832419733,0.9991967871485944,0.9503437738731857,0.9898827515305323
XGB,0.9188565407828494,0.9004108167167441,0.9433410844401556,0.9392666157372039,0.9485219848263492,"{'max_depth': 3, 'learning_rate': 0.1, 'n_estimators': 100}","['mfcc_1', 'wav_detail_lvl5_std', 'mfcc_2']",0.863481228668942,0.7857142857142857,0.9583333333333334,0.9217862036014852,0.9239598278335724,0.9235181644359465,0.9244019138755981,0.9278327170184326,0.9691285658460336,0.992,0.9472880061115355,0.9959470338591294
XGB,0.9187855756306232,0.903473345905176,0.9382688003431038,0.9407944996180291,0.957643502509979,"{'max_depth': 3, 'learning_rate': 0.1, 'n_estimators': 100}","['spec_skew', 'spec_kurtosis', 'mfcc_1', 'wav_detail_lvl5_std', 'mfcc_var', 'mfcc_std', 'wav_approx_std', 'mfcc_2']",0.8586387434554974,0.7961165048543689,0.9318181818181818,0.9200347127833253,0.9267831837505904,0.9151119402985075,0.938755980861244,0.9558700466672764,0.9709347996857817,0.9991915925626516,0.9442322383498855,0.9970257480793351
XGB,0.9187855756306232,0.903473345905176,0.9382688003431038,0.9407944996180291,0.957643502509979,"{'max_depth': 3, 'learning_rate': 0.1, 'n_estimators': 100}","['spec_skew', 'spec_kurtosis', 'mfcc_1', 'wav_detail_lvl5_std', 'mfcc_var', 'wav_approx_std', 'mfcc_2']",0.8586387434554974,0.7961165048543689,0.9318181818181818,0.9200347127833253,0.9267831837505904,0.9151119402985075,0.938755980861244,0.9558700466672764,0.9709347996857817,0.9991915925626516,0.9442322383498855,0.9970257480793351
XGB,0.9187855756306232,0.903473345905176,0.9382688003431038,0.9407944996180291,0.957643502509979,"{'max_depth': 3, 'learning_rate': 0.1, 'n_estimators': 100}","['spec_skew', 'spec_kurtosis', 'mfcc_1', 'wav_detail_lvl5_std', 'mfcc_std', 'wav_approx_std', 'mfcc_2']",0.8586387434554974,0.7961165048543689,0.9318181818181818,0.9200347127833253,0.9267831837505904,0.9151119402985075,0.938755980861244,0.9558700466672764,0.9709347996857817,0.9991915925626516,0.9442322383498855,0.9970257480793351
XGB,0.9187481837308783,0.9149206957292076,0.923374054566005,0.9423223834988541,0.9485334225511659,"{'max_depth': 5, 'learning_rate': 0.1, 'n_estimators': 50}","['mfcc_mean', 'spec_skew', 'spec_kurtosis', 'mfcc_std', 'wav_approx_std', 'mfcc_2']",0.8544776119402985,0.8419117647058824,0.8674242424242424,0.8969074768557571,0.9345794392523364,0.91324200913242,0.9569377990430622,0.9514109235343611,0.9671875,0.9896083133493205,0.9457601222307105,0.9972818672633794
XGB,0.9187481837308783,0.9149206957292076,0.923374054566005,0.9423223834988541,0.9485334225511659,"{'max_depth': 5, 'learning_rate': 0.1, 'n_estimators': 50}","['mfcc_mean', 'spec_skew', 'spec_kurtosis', 'mfcc_var', 'wav_approx_std', 'mfcc_2']",0.8544776119402985,0.8419117647058824,0.8674242424242424,0.8969074768557571,0.9345794392523364,0.91324200913242,0.9569377990430622,0.9514109235343611,0.9671875,0.9896083133493205,0.9457601222307105,0.9972818672633794
XGB,0.9187481837308783,0.9149206957292076,0.923374054566005,0.9423223834988541,0.9485334225511659,"{'max_depth': 5, 'learning_rate': 0.1, 'n_estimators': 50}","['mfcc_mean', 'spec_skew', 'spec_kurtosis', 'mfcc_var', 'mfcc_std', 'wav_approx_std', 'mfcc_2']",0.8544776119402985,0.8419117647058824,0.8674242424242424,0.8969074768557571,0.9345794392523364,0.91324200913242,0.9569377990430622,0.9514109235343611,0.9671875,0.9896083133493205,0.9457601222307105,0.9972818672633794
XGB,0.9184681452561908,0.9146401746099899,0.9231194072525342,0.9419404125286478,0.9484425295272311,"{'max_depth': 5, 'learning_rate': 0.1, 'n_estimators': 50}","['mfcc_mean', 'spec_kurtosis', 'mfcc_var', 'mfcc_std', 'wav_approx_std', 'mfcc_2']",0.8544776119402985,0.8419117647058824,0.8674242424242424,0.8955176238330165,0.9341429238673518,0.9124087591240876,0.9569377990430622,0.952502438327744,0.9667838999609223,0.9896,0.944996180290298,0.9973075264209327
XGB,0.9184681452561908,0.9146401746099899,0.9231194072525342,0.9419404125286478,0.9484425295272311,"{'max_depth': 5, 'learning_rate': 0.1, 'n_estimators': 50}","['mfcc_mean', 'spec_kurtosis', 'mfcc_std', 'wav_approx_std', 'mfcc_2']",0.8544776119402985,0.8419117647058824,0.8674242424242424,0.8955176238330165,0.9341429238673518,0.9124087591240876,0.9569377990430622,0.952502438327744,0.9667838999609223,0.9896,0.944996180290298,0.9973075264209327
XGB,0.9184681452561908,0.9146401746099899,0.9231194072525342,0.9419404125286478,0.9484425295272311,"{'max_depth': 5, 'learning_rate': 0.1, 'n_estimators': 50}","['mfcc_mean', 'spec_kurtosis', 'mfcc_var', 'wav_approx_std', 'mfcc_2']",0.8544776119402985,0.8419117647058824,0.8674242424242424,0.8955176238330165,0.9341429238673518,0.9124087591240876,0.9569377990430622,0.952502438327744,0.9667838999609223,0.9896,0.944996180290298,0.9973075264209327
XGB,0.9184537161355774,0.9073910014401082,0.9317547433646505,0.9369747899159664,0.9475533750779318,"{'max_depth': 3, 'learning_rate': 0.1, 'n_estimators': 100}","['mfcc_1', 'mfcc_2']",0.8689407540394973,0.825938566552901,0.9166666666666666,0.9149248523664129,0.9224988257397839,0.9059040590405905,0.939712918660287,0.9313668318454885,0.9639215686274509,0.9903303787268332,0.9388846447669977,0.9963684410218941
XGB,0.9183444349308578,0.8982601682221455,0.9461236647769157,0.9400305576776165,0.9548399107812576,"{'max_depth': 5, 'learning_rate': 0.1, 'n_estimators': 50}","['NDSI', 'mfcc_1', 'wav_detail_lvl5_std', 'mfcc_std', 'wav_approx_std']",0.8585858585858586,0.7727272727272727,0.9659090909090909,0.9110089886180298,0.9251311397234144,0.9220532319391636,0.9282296650717703,0.9561469837941221,0.9713163064833006,1.0,0.9442322383498855,0.9973637599316207
XGB,0.9183444349308578,0.8982601682221455,0.9461236647769157,0.9400305576776165,0.9548399107812576,"{'max_depth': 5, 'learning_rate': 0.1, 'n_estimators': 50}","['NDSI', 'mfcc_1', 'wav_detail_lvl5_std', 'mfcc_var', 'wav_approx_std']",0.8585858585858586,0.7727272727272727,0.9659090909090909,0.9110089886180298,0.9251311397234144,0.9220532319391636,0.9282296650717703,0.9561469837941221,0.9713163064833006,1.0,0.9442322383498855,0.9973637599316207
XGB,0.9183444349308578,0.8982601682221455,0.9461236647769157,0.9400305576776165,0.9548399107812576,"{'max_depth': 5, 'learning_rate': 0.1, 'n_estimators': 50}","['NDSI', 'mfcc_1', 'wav_detail_lvl5_std', 'mfcc_var', 'mfcc_std', 'wav_approx_std']",0.8585858585858586,0.7727272727272727,0.9659090909090909,0.9110089886180298,0.9251311397234144,0.9220532319391636,0.9282296650717703,0.9561469837941221,0.9713163064833006,1.0,0.9442322383498855,0.9973637599316207
XGB,0.9181727490462489,0.9082189138223571,0.930017333887303,0.9400305576776165,0.9436150626485746,"{'max_depth': 5, 'learning_rate': 0.01, 'n_estimators': 100}","['mfcc_mean', 'spec_skew', 'NDSI', 'wav_detail_lvl5_std', 'mfcc_std', 'wav_approx_std', 'mfcc_2']",0.8592057761732852,0.8206896551724138,0.9015151515151515,0.9227105876330491,0.9262564584311883,0.9095940959409594,0.9435406698564593,0.9178420424273588,0.9690560125342734,0.9943729903536977,0.944996180290298,0.9902925578853161
XGB,0.9181727490462489,0.9082189138223571,0.930017333887303,0.9400305576776165,0.9436150626485746,"{'max_depth': 5, 'learning_rate': 0.01, 'n_estimators': 100}","['mfcc_mean', 'spec_skew', 'NDSI', 'wav_detail_lvl5_std', 'mfcc_var', 'wav_approx_std', 'mfcc_2']",0.8592057761732852,0.8206896551724138,0.9015151515151515,0.9227105876330491,0.9262564584311883,0.9095940959409594,0.9435406698564593,0.9178420424273588,0.9690560125342734,0.9943729903536977,0.944996180290298,0.9902925578853161
XGB,0.9181727490462489,0.9082189138223571,0.930017333887303,0.9400305576776165,0.9436150626485746,"{'max_depth': 5, 'learning_rate': 0.01, 'n_estimators': 100}","['mfcc_mean', 'spec_skew', 'NDSI', 'wav_detail_lvl5_std', 'mfcc_var', 'mfcc_std', 'wav_approx_std', 'mfcc_2']",0.8592057761732852,0.8206896551724138,0.9015151515151515,0.9227105876330491,0.9262564584311883,0.9095940959409594,0.9435406698564593,0.9178420424273588,0.9690560125342734,0.9943729903536977,0.944996180290298,0.9902925578853161
XGB,0.9180429329412968,0.8983842666395372,0.9449147601624382,0.9381207028265852,0.9549120898042173,"{'max_depth': 3, 'learning_rate': 0.1, 'n_estimators': 100}","['spec_skew', 'spec_kurtosis', 'mfcc_1', 'wav_detail_lvl5_std', 'mfcc_var', 'wav_approx_std']",0.8629441624365483,0.7798165137614679,0.9659090909090909,0.9183681823775389,0.9234427009034712,0.9177693761814745,0.9291866028708134,0.9500926634070614,0.967741935483871,0.9975669099756691,0.9396485867074102,0.9962754236280515
XGB,0.9180429329412968,0.8983842666395372,0.9449147601624382,0.9381207028265852,0.9549120898042173,"{'max_depth': 3, 'learning_rate': 0.1, 'n_estimators': 100}","['spec_skew', 'spec_kurtosis', 'mfcc_1', 'wav_detail_lvl5_std', 'mfcc_var', 'mfcc_std', 'wav_approx_std']",0.8629441624365483,0.7798165137614679,0.9659090909090909,0.9183681823775389,0.9234427009034712,0.9177693761814745,0.9291866028708134,0.9500926634070614,0.967741935483871,0.9975669099756691,0.9396485867074102,0.9962754236280515
XGB,0.9180429329412968,0.8983842666395372,0.9449147601624382,0.9381207028265852,0.9549120898042173,"{'max_depth': 3, 'learning_rate': 0.1, 'n_estimators': 100}","['spec_skew', 'spec_kurtosis', 'mfcc_1', 'wav_detail_lvl5_std', 'mfcc_std', 'wav_approx_std']",0.8629441624365483,0.7798165137614679,0.9659090909090909,0.9183681823775389,0.9234427009034712,0.9177693761814745,0.9291866028708134,0.9500926634070614,0.967741935483871,0.9975669099756691,0.9396485867074102,0.9962754236280515
XGB,0.9179664001994312,0.9043808406208323,0.9345478223187201,0.9423223834988541,0.9622229502859518,"{'max_depth': 3, 'learning_rate': 0.1, 'n_estimators': 100}","['NDSI', 'mfcc_std', 'mfcc_2']",0.852112676056338,0.7960526315789473,0.9166666666666666,0.9268407159974349,0.9277857484457197,0.9273422562141491,0.9282296650717703,0.9616443643918441,0.9740007760962359,0.9897476340694006,0.9587471352177235,0.9981837704685764
XGB,0.9179664001994312,0.9043808406208323,0.9345478223187201,0.9423223834988541,0.9622229502859518,"{'max_depth': 3, 'learning_rate': 0.1, 'n_estimators': 100}","['NDSI', 'mfcc_var', 'mfcc_2']",0.852112676056338,0.7960526315789473,0.9166666666666666,0.9268407159974349,0.9277857484457197,0.9273422562141491,0.9282296650717703,0.9616443643918441,0.9740007760962359,0.9897476340694006,0.9587471352177235,0.9981837704685764
XGB,0.9179664001994312,0.9043808406208323,0.9345478223187201,0.9423223834988541,0.9622229502859518,"{'max_depth': 3, 'learning_rate': 0.1, 'n_estimators': 100}","['NDSI', 'mfcc_var', 'mfcc_std', 'mfcc_2']",0.852112676056338,0.7960526315789473,0.9166666666666666,0.9268407159974349,0.9277857484457197,0.9273422562141491,0.9282296650717703,0.9616443643918441,0.9740007760962359,0.9897476340694006,0.9587471352177235,0.9981837704685764
XGB,0.9179152105406958,0.9069515549981633,0.9309822014930375,0.9430863254392666,0.954513801668409,"{'max_depth': 3, 'learning_rate': 0.1, 'n_estimators': 100}","['mfcc_mean', 'spec_skew', 'spec_kurtosis', 'NDSI', 'mfcc_1', 'mfcc_var', 'mfcc_2']",0.8494623655913979,0.8061224489795918,0.8977272727272727,0.9042889441497576,0.929683813119396,0.9171322160148976,0.9425837320574163,0.9614421498290344,0.9745994529112935,0.9976,0.9526355996944232,0.9978103110264354
XGB,0.9179152105406958,0.9069515549981633,0.9309822014930375,0.9430863254392666,0.954513801668409,"{'max_depth': 3, 'learning_rate': 0.1, 'n_estimators': 100}","['mfcc_mean', 'spec_skew', 'spec_kurtosis', 'NDSI', 'mfcc_1', 'mfcc_std', 'mfcc_2']",0.8494623655913979,0.8061224489795918,0.8977272727272727,0.9042889441497576,0.929683813119396,0.9171322160148976,0.9425837320574163,0.9614421498290344,0.9745994529112935,0.9976,0.9526355996944232,0.9978103110264354
XGB,0.9179152105406958,0.9069515549981633,0.9309822014930375,0.9430863254392666,0.954513801668409,"{'max_depth': 3, 'learning_rate': 0.1, 'n_estimators': 100}","['mfcc_mean', 'spec_skew', 'spec_kurtosis', 'NDSI', 'mfcc_1', 'mfcc_var', 'mfcc_std', 'mfcc_2']",0.8494623655913979,0.8061224489795918,0.8977272727272727,0.9042889441497576,0.929683813119396,0.9171322160148976,0.9425837320574163,0.9614421498290344,0.9745994529112935,0.9976,0.9526355996944232,0.9978103110264354
XGB,0.9178410144449182,0.9161035301047953,0.9209158144916659,0.9411764705882353,0.9324415945622723,"{'max_depth': 5, 'learning_rate': 0.01, 'n_estimators': 100}","['mfcc_mean', 'spec_skew', 'mfcc_1', 'mfcc_var', 'mfcc_std', 'wav_approx_std', 'mfcc_2']",0.8549905838041432,0.850187265917603,0.8598484848484849,0.8811352803160198,0.9288354898336414,0.8981233243967829,0.9617224880382775,0.9241454682610055,0.9696969696969697,1.0,0.9411764705882353,0.9920440351097913
XGB,0.9178410144449182,0.9161035301047953,0.9209158144916659,0.9411764705882353,0.9324415945622723,"{'max_depth': 5, 'learning_rate': 0.01, 'n_estimators': 100}","['mfcc_mean', 'spec_skew', 'mfcc_1', 'mfcc_std', 'wav_approx_std', 'mfcc_2']",0.8549905838041432,0.850187265917603,0.8598484848484849,0.8811352803160198,0.9288354898336414,0.8981233243967829,0.9617224880382775,0.9241454682610055,0.9696969696969697,1.0,0.9411764705882353,0.9920440351097913
XGB,0.9178410144449182,0.9161035301047953,0.9209158144916659,0.9411764705882353,0.9324415945622723,"{'max_depth': 5, 'learning_rate': 0.01, 'n_estimators': 100}","['mfcc_mean', 'spec_skew', 'mfcc_1', 'mfcc_var', 'wav_approx_std', 'mfcc_2']",0.8549905838041432,0.850187265917603,0.8598484848484849,0.8811352803160198,0.9288354898336414,0.8981233243967829,0.9617224880382775,0.9241454682610055,0.9696969696969697,1.0,0.9411764705882353,0.9920440351097913
XGB,0.9177545725912118,0.9101139183458832,0.9268163724820071,0.9407944996180291,0.951390003529855,"{'max_depth': 5, 'learning_rate': 0.1, 'n_estimators': 50}","['spec_skew', 'spec_kurtosis', 'mfcc_1', 'wav_approx_std', 'mfcc_2']",0.8555758683729433,0.8268551236749117,0.8863636363636364,0.90854858731944,0.927468413664015,0.9075091575091575,0.9483253588516747,0.948378586360898,0.9702194357366771,0.99597747385358,0.9457601222307105,0.9972428369092272
XGB,0.9176242860756547,0.9029669706543196,0.9359742940238296,0.9377387318563789,0.9502206685571922,"{'max_depth': 5, 'learning_rate': 0.1, 'n_estimators': 100}","['mfcc_mean', 'spec_skew', 'spec_kurtosis', 'mfcc_1', 'wav_detail_lvl5_std', 'wav_approx_std']",0.8631578947368421,0.803921568627451,0.9318181818181818,0.9095112653741205,0.9234404536862004,0.9122315592903828,0.9349282296650717,0.9451413509016775,0.9662745098039216,0.9927477840451249,0.9411764705882353,0.9960093893957787
XGB,0.9174865285475059,0.9012634943829892,0.9381752062866614,0.9388846447669977,0.9531251518460876,"{'max_depth': 5, 'learning_rate': 0.1, 'n_estimators': 100}","['spec_skew', 'spec_kurtosis', 'NDSI', 'mfcc_1', 'wav_detail_lvl5_std', 'wav_approx_std']",0.8596187175043327,0.792332268370607,0.9393939393939394,0.9025597969863547,0.9236641221374046,0.9210275927687916,0.9263157894736842,0.9593567337139577,0.9691767460007803,0.9904306220095693,0.9488158899923606,0.9974589248379501
XGB,0.9174616798150752,0.8986227095439983,0.942842400117942,0.9400305576776165,0.9573932114795571,"{'max_depth': 3, 'learning_rate': 0.1, 'n_estimators': 100}","['spec_kurtosis', 'NDSI', 'mfcc_1', 'wav_detail_lvl5_std', 'mfcc_2']",0.8556876061120543,0.7753846153846153,0.9545454545454546,0.9270471389433186,0.9248444231689804,0.9252873563218391,0.9244019138755981,0.9484035968962304,0.9718530101641908,0.9951961569255404,0.9495798319327731,0.9967288985991224
XGB,0.9174517650372759,0.9017138827188683,0.9376308418104085,0.9400305576776165,0.9567097187480416,"{'max_depth': 3, 'learning_rate': 0.1, 'n_estimators': 100}","['spec_skew', 'spec_kurtosis', 'mfcc_1', 'wav_detail_lvl5_std', 'wav_approx_std', 'mfcc_2']",0.8556521739130435,0.7909967845659164,0.9318181818181818,0.9178346132707318,0.9257683215130024,0.9149532710280374,0.9368421052631579,0.9553211926901393,0.9709347996857817,0.9991915925626516,0.9442322383498855,0.9969733502832535
XGB,0.9174439243481278,0.9023485769735915,0.936362854551709,0.9404125286478228,0.9518822116489724,"{'max_depth': 5, 'learning_rate': 0.1, 'n_estimators': 100}","['spec_kurtosis', 'NDSI', 'mfcc_1', 'wav_detail_lvl5_std', 'wav_approx_std']",0.8551483420593369,0.7928802588996764,0.928030303030303,0.8992106835280158,0.9256434699714013,0.9221272554605888,0.9291866028708134,0.9588781362838683,0.9715399610136453,0.9920382165605095,0.9518716577540107,0.9975578151350328
XGB,0.9174172941645392,0.9088606634865686,0.9275803144224196,0.9419404125286478,0.9375248271127424,"{'max_depth': 5, 'learning_rate': 0.01, 'n_estimators': 50}","['mfcc_mean', 'spec_skew', 'spec_kurtosis', 'NDSI', 'mfcc_1', 'wav_detail_lvl5_std', 'mfcc_2']",0.850909090909091,0.8181818181818182,0.8863636363636364,0.9127802054761762,0.9287722586691659,0.9100091827364555,0.9483253588516747,0.9080704942577487,0.9725705329153606,0.998390989541432,0.948051948051948,0.9917237816043022
XGB,0.9172699122320807,0.907184356171605,0.9291459486505925,0.9419404125286478,0.9545044302631984,"{'max_depth': 3, 'learning_rate': 0.1, 'n_estimators': 100}","['mfcc_mean', 'spec_kurtosis', 'NDSI', 'mfcc_1', 'mfcc_var', 'mfcc_2']",0.8504504504504504,0.8109965635738832,0.8939393939393939,0.9040192167065343,0.9283018867924528,0.9153488372093024,0.9416267942583733,0.9615541750088279,0.9730573994533386,0.9952076677316294,0.9518716577540107,0.9979398990742332
XGB,0.9172699122320807,0.907184356171605,0.9291459486505925,0.9419404125286478,0.9545044302631984,"{'max_depth': 3, 'learning_rate': 0.1, 'n_estimators': 100}","['mfcc_mean', 'spec_kurtosis', 'NDSI', 'mfcc_1', 'mfcc_var', 'mfcc_std', 'mfcc_2']",0.8504504504504504,0.8109965635738832,0.8939393939393939,0.9040192167065343,0.9283018867924528,0.9153488372093024,0.9416267942583733,0.9615541750088279,0.9730573994533386,0.9952076677316294,0.9518716577540107,0.9979398990742332
XGB,0.9172699122320807,0.907184356171605,0.9291459486505925,0.9419404125286478,0.9545044302631984,"{'max_depth': 3, 'learning_rate': 0.1, 'n_estimators': 100}","['mfcc_mean', 'spec_kurtosis', 'NDSI', 'mfcc_1', 'mfcc_std', 'mfcc_2']",0.8504504504504504,0.8109965635738832,0.8939393939393939,0.9040192167065343,0.9283018867924528,0.9153488372093024,0.9416267942583733,0.9615541750088279,0.9730573994533386,0.9952076677316294,0.9518716577540107,0.9979398990742332
XGB,0.9171485970448935,0.9130834459132992,0.9223017436639728,0.9423223834988541,0.9368027138651276,"{'max_depth': 5, 'learning_rate': 0.01, 'n_estimators': 100}","['mfcc_mean', 'spec_skew', 'spec_kurtosis', 'NDSI', 'wav_detail_lvl5_std', 'mfcc_std', 'mfcc_2']",0.8491620111731844,0.8351648351648352,0.8636363636363636,0.9113876056623611,0.9297347603536529,0.904891304347826,0.9559808612440192,0.9087357048892533,0.9725490196078431,0.9991941982272361,0.9472880061115355,0.9902848310437684
XGB,0.9171485970448935,0.9130834459132992,0.9223017436639728,0.9423223834988541,0.9368027138651276,"{'max_depth': 5, 'learning_rate': 0.01, 'n_estimators': 100}","['mfcc_mean', 'spec_skew', 'spec_kurtosis', 'NDSI', 'wav_detail_lvl5_std', 'mfcc_var', 'mfcc_std', 'mfcc_2']",0.8491620111731844,0.8351648351648352,0.8636363636363636,0.9113876056623611,0.9297347603536529,0.904891304347826,0.9559808612440192,0.9087357048892533,0.9725490196078431,0.9991941982272361,0.9472880061115355,0.9902848310437684
XGB,0.9171485970448935,0.9130834459132992,0.9223017436639728,0.9423223834988541,0.9368027138651276,"{'max_depth': 5, 'learning_rate': 0.01, 'n_estimators': 100}","['mfcc_mean', 'spec_skew', 'spec_kurtosis', 'NDSI', 'wav_detail_lvl5_std', 'mfcc_var', 'mfcc_2']",0.8491620111731844,0.8351648351648352,0.8636363636363636,0.9113876056623611,0.9297347603536529,0.904891304347826,0.9559808612440192,0.9087357048892533,0.9725490196078431,0.9991941982272361,0.9472880061115355,0.9902848310437684
XGB,0.9171402321632266,0.915015708576972,0.9205968352253183,0.9407944996180291,0.935240006473431,"{'max_depth': 5, 'learning_rate': 0.01, 'n_estimators': 100}","['mfcc_mean', 'spec_skew', 'mfcc_var', 'wav_approx_std', 'mfcc_2']",0.8533834586466166,0.8470149253731343,0.8598484848484849,0.8869254653420683,0.9283402681460934,0.8980322003577818,0.9607655502392345,0.9272218942805828,0.9696969696969697,1.0,0.9411764705882353,0.9915726597976418
XGB,0.9171402321632266,0.915015708576972,0.9205968352253183,0.9407944996180291,0.935240006473431,"{'max_depth': 5, 'learning_rate': 0.01, 'n_estimators': 100}","['mfcc_mean', 'spec_skew', 'mfcc_std', 'wav_approx_std', 'mfcc_2']",0.8533834586466166,0.8470149253731343,0.8598484848484849,0.8869254653420683,0.9283402681460934,0.8980322003577818,0.9607655502392345,0.9272218942805828,0.9696969696969697,1.0,0.9411764705882353,0.9915726597976418
XGB,0.9171402321632266,0.915015708576972,0.9205968352253183,0.9407944996180291,0.935240006473431,"{'max_depth': 5, 'learning_rate': 0.01, 'n_estimators': 100}","['mfcc_mean', 'spec_skew', 'mfcc_var', 'mfcc_std', 'wav_approx_std', 'mfcc_2']",0.8533834586466166,0.8470149253731343,0.8598484848484849,0.8869254653420683,0.9283402681460934,0.8980322003577818,0.9607655502392345,0.9272218942805828,0.9696969696969697,1.0,0.9411764705882353,0.9915726597976418
XGB,0.9170147746894936,0.8970380211287646,0.9446653621576222,0.9400305576776165,0.9565389762678412,"{'max_depth': 3, 'learning_rate': 0.1, 'n_estimators': 100}","['spec_kurtosis', 'NDSI', 'mfcc_1', 'wav_detail_lvl5_std', 'mfcc_var', 'mfcc_std', 'mfcc_2']",0.853781512605042,0.7673716012084593,0.9621212121212122,0.9271993123765347,0.9246279404704753,0.9277456647398844,0.9215311004784689,0.945824924201848,0.9726348709929633,0.9959967974379503,0.9503437738731857,0.9965926922251411
XGB,0.9170147746894936,0.8970380211287646,0.9446653621576222,0.9400305576776165,0.9565389762678412,"{'max_depth': 3, 'learning_rate': 0.1, 'n_estimators': 100}","['spec_kurtosis', 'NDSI', 'mfcc_1', 'wav_detail_lvl5_std', 'mfcc_var', 'mfcc_2']",0.853781512605042,0.7673716012084593,0.9621212121212122,0.9271993123765347,0.9246279404704753,0.9277456647398844,0.9215311004784689,0.945824924201848,0.9726348709929633,0.9959967974379503,0.9503437738731857,0.9965926922251411
XGB,0.9170147746894936,0.8970380211287646,0.9446653621576222,0.9400305576776165,0.9565389762678412,"{'max_depth': 3, 'learning_rate': 0.1, 'n_estimators': 100}","['spec_kurtosis', 'NDSI', 'mfcc_1', 'wav_detail_lvl5_std', 'mfcc_std', 'mfcc_2']",0.853781512605042,0.7673716012084593,0.9621212121212122,0.9271993123765347,0.9246279404704753,0.9277456647398844,0.9215311004784689,0.945824924201848,0.9726348709929633,0.9959967974379503,0.9503437738731857,0.9965926922251411
XGB,0.917013062126248,0.9135791955458482,0.9211544905043357,0.9407944996180291,0.9465725636949536,"{'max_depth': 5, 'learning_rate': 0.1, 'n_estimators': 50}","['mfcc_mean', 'spec_kurtosis', 'mfcc_1', 'mfcc_std', 'wav_approx_std', 'mfcc_2']",0.8523364485981308,0.8413284132841329,0.8636363636363636,0.8911159766022615,0.9326473339569691,0.9121683440073193,0.9540669856459331,0.9511865703476143,0.9660554038236442,0.9872408293460925,0.9457601222307105,0.9974151441349852
XGB,0.917013062126248,0.9135791955458482,0.9211544905043357,0.9407944996180291,0.9465725636949536,"{'max_depth': 5, 'learning_rate': 0.1, 'n_estimators': 50}","['mfcc_mean', 'spec_kurtosis', 'mfcc_1', 'mfcc_var', 'wav_approx_std', 'mfcc_2']",0.8523364485981308,0.8413284132841329,0.8636363636363636,0.8911159766022615,0.9326473339569691,0.9121683440073193,0.9540669856459331,0.9511865703476143,0.9660554038236442,0.9872408293460925,0.9457601222307105,0.9974151441349852
XGB,0.917013062126248,0.9135791955458482,0.9211544905043357,0.9407944996180291,0.9465725636949536,"{'max_depth': 5, 'learning_rate': 0.1, 'n_estimators': 50}","['mfcc_mean', 'spec_kurtosis', 'mfcc_1', 'mfcc_var', 'mfcc_std', 'wav_approx_std', 'mfcc_2']",0.8523364485981308,0.8413284132841329,0.8636363636363636,0.8911159766022615,0.9326473339569691,0.9121683440073193,0.9540669856459331,0.9511865703476143,0.9660554038236442,0.9872408293460925,0.9457601222307105,0.9974151441349852
XGB,0.9168735098462979,0.914194759458018,0.9203395074138109,0.9407944996180291,0.9491012269316572,"{'max_depth': 5, 'learning_rate': 0.1, 'n_estimators': 50}","['mfcc_mean', 'spec_skew', 'spec_kurtosis', 'mfcc_1', 'wav_approx_std', 'mfcc_2']",0.851782363977486,0.8438661710037175,0.8598484848484849,0.8956852334894675,0.9328358208955224,0.9099181073703366,0.9569377990430622,0.9542716194379841,0.9660023446658851,0.9888,0.9442322383498855,0.9973468278675202
XGB,0.9168307215252126,0.9079224515131838,0.9274410402119381,0.9404125286478228,0.9380822152356284,"{'max_depth': 5, 'learning_rate': 0.01, 'n_estimators': 100}","['mfcc_mean', 'NDSI', 'wav_detail_lvl5_std', 'mfcc_var', 'mfcc_std', 'mfcc_2']",0.852994555353902,0.818815331010453,0.8901515151515151,0.9193487724606038,0.9268978444236177,0.9081726354453628,0.9464114832535885,0.9045732593431214,0.9705997647981184,0.9967793880837359,0.9457601222307105,0.9903246139031601
XGB,0.9168307215252126,0.9079224515131838,0.9274410402119381,0.9404125286478228,0.9380822152356284,"{'max_depth': 5, 'learning_rate': 0.01, 'n_estimators': 100}","['mfcc_mean', 'NDSI', 'wav_detail_lvl5_std', 'mfcc_std', 'mfcc_2']",0.852994555353902,0.818815331010453,0.8901515151515151,0.9193487724606038,0.9268978444236177,0.9081726354453628,0.9464114832535885,0.9045732593431214,0.9705997647981184,0.9967793880837359,0.9457601222307105,0.9903246139031601
XGB,0.9168307215252126,0.9079224515131838,0.9274410402119381,0.9404125286478228,0.9380822152356284,"{'max_depth': 5, 'learning_rate': 0.01, 'n_estimators': 100}","['mfcc_mean', 'NDSI', 'wav_detail_lvl5_std', 'mfcc_var', 'mfcc_2']",0.852994555353902,0.818815331010453,0.8901515151515151,0.9193487724606038,0.9268978444236177,0.9081726354453628,0.9464114832535885,0.9045732593431214,0.9705997647981184,0.9967793880837359,0.9457601222307105,0.9903246139031601
XGB,0.9167589713219614,0.898329386410447,0.9413894584947217,0.9392666157372039,0.9573460992156448,"{'max_depth': 3, 'learning_rate': 0.1, 'n_estimators': 100}","['spec_skew', 'NDSI', 'mfcc_1', 'wav_detail_lvl5_std', 'mfcc_2']",0.8551959114139693,0.7770897832817337,0.9507575757575758,0.9280674245417717,0.9240324892498806,0.9227099236641222,0.9253588516746412,0.9471399553297192,0.9710485133020345,0.9951884522854851,0.948051948051948,0.996830917775444
XGB,0.9167274364628986,0.9108641629347325,0.9236127305786749,0.9419404125286478,0.9517063420233166,"{'max_depth': 3, 'learning_rate': 0.1, 'n_estimators': 100}","['mfcc_mean', 'spec_kurtosis', 'mfcc_1', 'mfcc_var', 'mfcc_2']",0.8487084870848709,0.8273381294964028,0.8712121212121212,0.9092239230862017,0.9288389513108615,0.9092575618698442,0.9492822966507177,0.9486763448629987,0.9726348709929633,0.9959967974379503,0.9503437738731857,0.9972187581207492
XGB,0.9167274364628986,0.9108641629347325,0.9236127305786749,0.9419404125286478,0.9517063420233166,"{'max_depth': 3, 'learning_rate': 0.1, 'n_estimators': 100}","['mfcc_mean', 'spec_kurtosis', 'mfcc_1', 'mfcc_std', 'mfcc_2']",0.8487084870848709,0.8273381294964028,0.8712121212121212,0.9092239230862017,0.9288389513108615,0.9092575618698442,0.9492822966507177,0.9486763448629987,0.9726348709929633,0.9959967974379503,0.9503437738731857,0.9972187581207492
XGB,0.9167274364628986,0.9108641629347325,0.9236127305786749,0.9419404125286478,0.9517063420233166,"{'max_depth': 3, 'learning_rate': 0.1, 'n_estimators': 100}","['mfcc_mean', 'spec_kurtosis', 'mfcc_1', 'mfcc_var', 'mfcc_std', 'mfcc_2']",0.8487084870848709,0.8273381294964028,0.8712121212121212,0.9092239230862017,0.9288389513108615,0.9092575618698442,0.9492822966507177,0.9486763448629987,0.9726348709929633,0.9959967974379503,0.9503437738731857,0.9972187581207492
XGB,0.9167152450577506,0.9059238477254526,0.9296983546209553,0.9396485867074102,0.9522705158481833,"{'max_depth': 5, 'learning_rate': 0.1, 'n_estimators': 50}","['spec_skew', 'mfcc_var', 'wav_approx_std', 'mfcc_2']",0.8545780969479354,0.8122866894197952,0.9015151515151515,0.9076997270772577,0.9257518796992481,0.9095106186518929,0.9425837320574163,0.9519229972187707,0.9698157585260682,0.9959742351046699,0.944996180290298,0.9971888232485216
XGB,0.9167152450577506,0.9059238477254526,0.9296983546209553,0.9396485867074102,0.9522705158481833,"{'max_depth': 5, 'learning_rate': 0.1, 'n_estimators': 50}","['spec_skew', 'mfcc_var', 'mfcc_std', 'wav_approx_std', 'mfcc_2']",0.8545780969479354,0.8122866894197952,0.9015151515151515,0.9076997270772577,0.9257518796992481,0.9095106186518929,0.9425837320574163,0.9519229972187707,0.9698157585260682,0.9959742351046699,0.944996180290298,0.9971888232485216
XGB,0.9167152450577506,0.9059238477254526,0.9296983546209553,0.9396485867074102,0.9522705158481833,"{'max_depth': 5, 'learning_rate': 0.1, 'n_estimators': 50}","['spec_skew', 'mfcc_std', 'wav_approx_std', 'mfcc_2']",0.8545780969479354,0.8122866894197952,0.9015151515151515,0.9076997270772577,0.9257518796992481,0.9095106186518929,0.9425837320574163,0.9519229972187707,0.9698157585260682,0.9959742351046699,0.944996180290298,0.9971888232485216
XGB,0.9166404815545118,0.9060565839797755,0.9294330970027564,0.9377387318563789,0.9457436635542829,"{'max_depth': 5, 'learning_rate': 0.01, 'n_estimators': 100}","['mfcc_mean', 'spec_skew', 'wav_detail_lvl5_std', 'mfcc_var', 'wav_approx_std', 'mfcc_2']",0.8597122302158273,0.8184931506849316,0.9053030303030303,0.9270618879392618,0.923581809657759,0.9053308823529411,0.9425837320574163,0.9187101029744755,0.9666274047899489,0.994345718901454,0.9404125286478228,0.991458999749111
XGB,0.9166404815545118,0.9060565839797755,0.9294330970027564,0.9377387318563789,0.9457436635542829,"{'max_depth': 5, 'learning_rate': 0.01, 'n_estimators': 100}","['mfcc_mean', 'spec_skew', 'wav_detail_lvl5_std', 'mfcc_std', 'wav_approx_std', 'mfcc_2']",0.8597122302158273,0.8184931506849316,0.9053030303030303,0.9270618879392618,0.923581809657759,0.9053308823529411,0.9425837320574163,0.9187101029744755,0.9666274047899489,0.994345718901454,0.9404125286478228,0.991458999749111
XGB,0.9166404815545118,0.9060565839797755,0.9294330970027564,0.9377387318563789,0.9457436635542829,"{'max_depth': 5, 'learning_rate': 0.01, 'n_estimators': 100}","['mfcc_mean', 'spec_skew', 'wav_detail_lvl5_std', 'mfcc_var', 'mfcc_std', 'wav_approx_std', 'mfcc_2']",0.8597122302158273,0.8184931506849316,0.9053030303030303,0.9270618879392618,0.923581809657759,0.9053308823529411,0.9425837320574163,0.9187101029744755,0.9666274047899489,0.994345718901454,0.9404125286478228,0.991458999749111
XGB,0.9165896438211235,0.8983883529672846,0.9408934546705444,0.9396485867074102,0.9535062000447159,"{'max_depth': 3, 'learning_rate': 0.1, 'n_estimators': 100}","['spec_skew', 'NDSI', 'mfcc_1', 'wav_detail_lvl5_std', 'mfcc_std', 'wav_approx_std']",0.8532423208191127,0.7763975155279503,0.946969696969697,0.9054789031019645,0.9247619047619048,0.9203791469194312,0.9291866028708134,0.9577511332581258,0.971764705882353,0.9983883964544722,0.946524064171123,0.9972885637740573
XGB,0.9165896438211235,0.8983883529672846,0.9408934546705444,0.9396485867074102,0.9535062000447159,"{'max_depth': 3, 'learning_rate': 0.1, 'n_estimators': 100}","['spec_skew', 'NDSI', 'mfcc_1', 'wav_detail_lvl5_std', 'mfcc_var', 'wav_approx_std']",0.8532423208191127,0.7763975155279503,0.946969696969697,0.9054789031019645,0.9247619047619048,0.9203791469194312,0.9291866028708134,0.9577511332581258,0.971764705882353,0.9983883964544722,0.946524064171123,0.9972885637740573
XGB,0.9165896438211235,0.8983883529672846,0.9408934546705444,0.9396485867074102,0.9535062000447159,"{'max_depth': 3, 'learning_rate': 0.1, 'n_estimators': 100}","['spec_skew', 'NDSI', 'mfcc_1', 'wav_detail_lvl5_std', 'mfcc_var', 'mfcc_std', 'wav_approx_std']",0.8532423208191127,0.7763975155279503,0.946969696969697,0.9054789031019645,0.9247619047619048,0.9203791469194312,0.9291866028708134,0.9577511332581258,0.971764705882353,0.9983883964544722,0.946524064171123,0.9972885637740573
XGB,0.9165644434544449,0.9080077466595217,0.9267520405291303,0.9407944996180291,0.9367556087118797,"{'max_depth': 5, 'learning_rate': 0.01, 'n_estimators': 50}","['mfcc_mean', 'spec_kurtosis', 'NDSI', 'mfcc_1', 'wav_detail_lvl5_std', 'mfcc_2']",0.850909090909091,0.8181818181818182,0.8863636363636364,0.9117748498719243,0.927400468384075,0.908256880733945,0.9473684210526315,0.9071368093420984,0.9713837710701686,0.9975845410628019,0.946524064171123,0.9913551669216163
XGB,0.9165250781557108,0.8975093148591139,0.9422687735381233,0.9392666157372039,0.9573253796177882,"{'max_depth': 3, 'learning_rate': 0.1, 'n_estimators': 100}","['spec_skew', 'spec_kurtosis', 'NDSI', 'mfcc_1', 'wav_detail_lvl5_std', 'mfcc_var', 'mfcc_2']",0.8542372881355932,0.7730061349693251,0.9545454545454546,0.9264171557226221,0.9238870272857826,0.9243295019157088,0.9234449760765551,0.9489493727649343,0.9714509190457568,0.9951923076923077,0.9488158899923606,0.9966096103658081
XGB,0.9165250781557108,0.8975093148591139,0.9422687735381233,0.9392666157372039,0.9573253796177882,"{'max_depth': 3, 'learning_rate': 0.1, 'n_estimators': 100}","['spec_skew', 'spec_kurtosis', 'NDSI', 'mfcc_1', 'wav_detail_lvl5_std', 'mfcc_std', 'mfcc_2']",0.8542372881355932,0.7730061349693251,0.9545454545454546,0.9264171557226221,0.9238870272857826,0.9243295019157088,0.9234449760765551,0.9489493727649343,0.9714509190457568,0.9951923076923077,0.9488158899923606,0.9966096103658081
XGB,0.9165250781557108,0.8975093148591139,0.9422687735381233,0.9392666157372039,0.9573253796177882,"{'max_depth': 3, 'learning_rate': 0.1, 'n_estimators': 100}","['spec_skew', 'spec_kurtosis', 'NDSI', 'mfcc_1', 'wav_detail_lvl5_std', 'mfcc_var', 'mfcc_std', 'mfcc_2']",0.8542372881355932,0.7730061349693251,0.9545454545454546,0.9264171557226221,0.9238870272857826,0.9243295019157088,0.9234449760765551,0.9489493727649343,0.9714509190457568,0.9951923076923077,0.9488158899923606,0.9966096103658081
XGB,0.9164558733923922,0.9076038711952462,0.9270066878426011,0.9411764705882353,0.9377079283836607,"{'max_depth': 5, 'learning_rate': 0.01, 'n_estimators': 50}","['mfcc_mean', 'spec_skew', 'spec_kurtosis', 'NDSI', 'mfcc_1', 'wav_detail_lvl5_std', 'mfcc_var', 'mfcc_std', 'mfcc_2']",0.8493647912885662,0.8153310104529616,0.8863636363636364,0.912173620724071,0.9278350515463918,0.9090909090909091,0.9473684210526315,0.9093351715193524,0.9721677773422187,0.998389694041868,0.9472880061115355,0.9916149929075587
XGB,0.9164558733923922,0.9076038711952462,0.9270066878426011,0.9411764705882353,0.9377079283836607,"{'max_depth': 5, 'learning_rate': 0.01, 'n_estimators': 50}","['mfcc_mean', 'spec_skew', 'spec_kurtosis', 'NDSI', 'mfcc_1', 'wav_detail_lvl5_std', 'mfcc_var', 'mfcc_2']",0.8493647912885662,0.8153310104529616,0.8863636363636364,0.912173620724071,0.9278350515463918,0.9090909090909091,0.9473684210526315,0.9093351715193524,0.9721677773422187,0.998389694041868,0.9472880061115355,0.9916149929075587
XGB,0.9164558733923922,0.9076038711952462,0.9270066878426011,0.9411764705882353,0.9377079283836607,"{'max_depth': 5, 'learning_rate': 0.01, 'n_estimators': 50}","['mfcc_mean', 'spec_skew', 'spec_kurtosis', 'NDSI', 'mfcc_1', 'wav_detail_lvl5_std', 'mfcc_std', 'mfcc_2']",0.8493647912885662,0.8153310104529616,0.8863636363636364,0.912173620724071,0.9278350515463918,0.9090909090909091,0.9473684210526315,0.9093351715193524,0.9721677773422187,0.998389694041868,0.9472880061115355,0.9916149929075587
XGB,0.9164479883467482,0.906691318533683,0.9279476543408433,0.9415584415584416,0.9552044545509588,"{'max_depth': 3, 'learning_rate': 0.1, 'n_estimators': 100}","['mfcc_mean', 'spec_kurtosis', 'NDSI', 'mfcc_1', 'mfcc_2']",0.8483754512635379,0.8103448275862069,0.8901515151515151,0.9079991157545758,0.9279321714554876,0.9137291280148423,0.9425837320574163,0.959842369310804,0.9730363423212193,0.996,0.9511077158135982,0.9977718785874965
XGB,0.9163333342825775,0.9044748691155471,0.9305404777541,0.9358288770053476,0.9529754431026699,"{'max_depth': 3, 'learning_rate': 0.1, 'n_estimators': 100}","['mfcc_var', 'mfcc_std', 'mfcc_2']",0.8642857142857143,0.8175675675675675,0.9166666666666666,0.9311780855783631,0.9206798866855525,0.9086672879776329,0.9330143540669856,0.9312641158072897,0.9640344018764659,0.9871897518014412,0.9419404125286478,0.9964841279223569
XGB,0.9163333342825775,0.9044748691155471,0.9305404777541,0.9358288770053476,0.9529754431026699,"{'max_depth': 3, 'learning_rate': 0.1, 'n_estimators': 100}","['mfcc_var', 'mfcc_2']",0.8642857142857143,0.8175675675675675,0.9166666666666666,0.9311780855783631,0.9206798866855525,0.9086672879776329,0.9330143540669856,0.9312641158072897,0.9640344018764659,0.9871897518014412,0.9419404125286478,0.9964841279223569
XGB,0.9163333342825775,0.9044748691155471,0.9305404777541,0.9358288770053476,0.9529754431026699,"{'max_depth': 3, 'learning_rate': 0.1, 'n_estimators': 100}","['mfcc_std', 'mfcc_2']",0.8642857142857143,0.8175675675675675,0.9166666666666666,0.9311780855783631,0.9206798866855525,0.9086672879776329,0.9330143540669856,0.9312641158072897,0.9640344018764659,0.9871897518014412,0.9419404125286478,0.9964841279223569
XGB,0.9163254260480541,0.9011191526792973,0.9355160405470003,0.9358288770053476,0.9495623059101703,"{'max_depth': 5, 'learning_rate': 0.1, 'n_estimators': 100}","['spec_skew', 'spec_kurtosis', 'mfcc_1', 'wav_detail_lvl5_std', 'wav_approx_std']",0.8636363636363636,0.801948051948052,0.9356060606060606,0.9049257251395497,0.9210401891252955,0.9102803738317757,0.9320574162679426,0.947783013650706,0.964299725382503,0.9911290322580645,0.9388846447669977,0.9959781789402552
XGB,0.9162557155954613,0.9016462552848191,0.9347355688686957,0.9400305576776165,0.9590942613390011,"{'max_depth': 3, 'learning_rate': 0.1, 'n_estimators': 100}","['spec_kurtosis', 'NDSI', 'mfcc_1', 'wav_detail_lvl5_std', 'wav_approx_std', 'mfcc_2']",0.851138353765324,0.7915309446254072,0.9204545454545454,0.9229788823258747,0.92590844738084,0.9134078212290503,0.938755980861244,0.9571126986436401,0.9717203456402199,1.0,0.944996180290298,0.9971912030474885
XGB,0.916163599633375,0.9131146172252179,0.9199561961945864,0.9404125286478228,0.9478843482086177,"{'max_depth': 5, 'learning_rate': 0.1, 'n_estimators': 50}","['mfcc_mean', 'spec_skew', 'spec_kurtosis', 'mfcc_1', 'mfcc_std', 'wav_approx_std', 'mfcc_2']",0.850187265917603,0.8407407407407408,0.8598484848484849,0.894154445306731,0.932274638019617,0.9105839416058394,0.9550239234449761,0.9520918914346593,0.9660288949629051,0.9880191693290735,0.944996180290298,0.9974067078844626
XGB,0.916163599633375,0.9131146172252179,0.9199561961945864,0.9404125286478228,0.9478843482086177,"{'max_depth': 5, 'learning_rate': 0.1, 'n_estimators': 50}","['mfcc_mean', 'spec_skew', 'spec_kurtosis', 'mfcc_1', 'mfcc_var', 'wav_approx_std', 'mfcc_2']",0.850187265917603,0.8407407407407408,0.8598484848484849,0.894154445306731,0.932274638019617,0.9105839416058394,0.9550239234449761,0.9520918914346593,0.9660288949629051,0.9880191693290735,0.944996180290298,0.9974067078844626
XGB,0.916163599633375,0.9131146172252179,0.9199561961945864,0.9404125286478228,0.9478843482086177,"{'max_depth': 5, 'learning_rate': 0.1, 'n_estimators': 50}","['mfcc_mean', 'spec_skew', 'spec_kurtosis', 'mfcc_1', 'mfcc_var', 'mfcc_std', 'wav_approx_std', 'mfcc_2']",0.850187265917603,0.8407407407407408,0.8598484848484849,0.894154445306731,0.932274638019617,0.9105839416058394,0.9550239234449761,0.9520918914346593,0.9660288949629051,0.9880191693290735,0.944996180290298,0.9974067078844626
XGB,0.9161613402770638,0.9073082825687621,0.9266877085762535,0.9407944996180291,0.9375762988917398,"{'max_depth': 5, 'learning_rate': 0.01, 'n_estimators': 50}","['mfcc_mean', 'spec_kurtosis', 'NDSI', 'mfcc_1', 'wav_detail_lvl5_std', 'mfcc_var', 'mfcc_std', 'mfcc_2']",0.8493647912885662,0.8153310104529616,0.8863636363636364,0.9126265028273793,0.927332395686826,0.9090073529411765,0.9464114832535885,0.9088628441704028,0.9717868338557993,0.997586484312148,0.9472880061115355,0.9912395496774372
XGB,0.9161613402770638,0.9073082825687621,0.9266877085762535,0.9407944996180291,0.9375762988917398,"{'max_depth': 5, 'learning_rate': 0.01, 'n_estimators': 50}","['mfcc_mean', 'spec_kurtosis', 'NDSI', 'mfcc_1', 'wav_detail_lvl5_std', 'mfcc_std', 'mfcc_2']",0.8493647912885662,0.8153310104529616,0.8863636363636364,0.9126265028273793,0.927332395686826,0.9090073529411765,0.9464114832535885,0.9088628441704028,0.9717868338557993,0.997586484312148,0.9472880061115355,0.9912395496774372
XGB,0.9161613402770638,0.9073082825687621,0.9266877085762535,0.9407944996180291,0.9375762988917398,"{'max_depth': 5, 'learning_rate': 0.01, 'n_estimators': 50}","['mfcc_mean', 'spec_kurtosis', 'NDSI', 'mfcc_1', 'wav_detail_lvl5_std', 'mfcc_var', 'mfcc_2']",0.8493647912885662,0.8153310104529616,0.8863636363636364,0.9126265028273793,0.927332395686826,0.9090073529411765,0.9464114832535885,0.9088628441704028,0.9717868338557993,0.997586484312148,0.9472880061115355,0.9912395496774372
XGB,0.9159620631542462,0.9053117815409379,0.9287009859765277,0.9411764705882353,0.9509324332194642,"{'max_depth': 5, 'learning_rate': 0.1, 'n_estimators': 50}","['spec_kurtosis', 'NDSI', 'mfcc_1', 'mfcc_var', 'wav_approx_std', 'mfcc_2']",0.8473967684021544,0.8054607508532423,0.8939393939393939,0.9088108266151375,0.9274952919020716,0.9128822984244671,0.9425837320574163,0.9472646882824658,0.9729941291585127,0.9975922953451043,0.9495798319327731,0.9967217847607893
XGB,0.9159620631542462,0.9053117815409379,0.9287009859765277,0.9411764705882353,0.9509324332194642,"{'max_depth': 5, 'learning_rate': 0.1, 'n_estimators': 50}","['spec_kurtosis', 'NDSI', 'mfcc_1', 'mfcc_var', 'mfcc_std', 'wav_approx_std', 'mfcc_2']",0.8473967684021544,0.8054607508532423,0.8939393939393939,0.9088108266151375,0.9274952919020716,0.9128822984244671,0.9425837320574163,0.9472646882824658,0.9729941291585127,0.9975922953451043,0.9495798319327731,0.9967217847607893
XGB,0.9159620631542462,0.9053117815409379,0.9287009859765277,0.9411764705882353,0.9509324332194642,"{'max_depth': 5, 'learning_rate': 0.1, 'n_estimators': 50}","['spec_kurtosis', 'NDSI', 'mfcc_1', 'mfcc_std', 'wav_approx_std', 'mfcc_2']",0.8473967684021544,0.8054607508532423,0.8939393939393939,0.9088108266151375,0.9274952919020716,0.9128822984244671,0.9425837320574163,0.9472646882824658,0.9729941291585127,0.9975922953451043,0.9495798319327731,0.9967217847607893
XGB,0.9159067317030035,0.895939790973317,0.9433788347875035,0.9369747899159664,0.9522498241530669,"{'max_depth': 3, 'learning_rate': 0.1, 'n_estimators': 100}","['wav_detail_lvl5_std', 'mfcc_var', 'mfcc_2']",0.8585858585858586,0.7727272727272727,0.9659090909090909,0.9288419942593591,0.9207873259721555,0.9238921001926782,0.9177033492822967,0.9318279564299479,0.9683470105509965,0.9912,0.946524064171123,0.9960795217698939
XGB,0.9159067317030035,0.895939790973317,0.9433788347875035,0.9369747899159664,0.9522498241530669,"{'max_depth': 3, 'learning_rate': 0.1, 'n_estimators': 100}","['wav_detail_lvl5_std', 'mfcc_std', 'mfcc_2']",0.8585858585858586,0.7727272727272727,0.9659090909090909,0.9288419942593591,0.9207873259721555,0.9238921001926782,0.9177033492822967,0.9318279564299479,0.9683470105509965,0.9912,0.946524064171123,0.9960795217698939
XGB,0.9159067317030035,0.895939790973317,0.9433788347875035,0.9369747899159664,0.9522498241530669,"{'max_depth': 3, 'learning_rate': 0.1, 'n_estimators': 100}","['wav_detail_lvl5_std', 'mfcc_var', 'mfcc_std', 'mfcc_2']",0.8585858585858586,0.7727272727272727,0.9659090909090909,0.9288419942593591,0.9207873259721555,0.9238921001926782,0.9177033492822967,0.9318279564299479,0.9683470105509965,0.9912,0.946524064171123,0.9960795217698939
XGB,0.9156136576663404,0.9071106298203758,0.9257440615799749,0.9407944996180291,0.932464999702909,"{'max_depth': 5, 'learning_rate': 0.01, 'n_estimators': 50}","['mfcc_mean', 'spec_skew', 'NDSI', 'mfcc_1', 'wav_detail_lvl5_std', 'mfcc_2']",0.8472727272727273,0.8146853146853147,0.8825757575757576,0.9010383806640183,0.927400468384075,0.908256880733945,0.9473684210526315,0.904650972097663,0.9721677773422187,0.998389694041868,0.9472880061115355,0.9917056463470458
XGB,0.9155737379137583,0.9073327607058287,0.925543135914653,0.9388846447669977,0.9324457453961578,"{'max_depth': 5, 'learning_rate': 0.01, 'n_estimators': 50}","['mfcc_mean', 'spec_kurtosis', 'mfcc_1', 'wav_detail_lvl5_std', 'mfcc_var', 'mfcc_std', 'mfcc_2']",0.8524590163934426,0.8210526315789474,0.8863636363636364,0.9026955981085235,0.9253034547152195,0.9033728350045579,0.9483253588516747,0.9035244790113814,0.968958742632613,0.9975728155339806,0.9419404125286478,0.9911171590685687
XGB,0.9155737379137583,0.9073327607058287,0.925543135914653,0.9388846447669977,0.9324457453961578,"{'max_depth': 5, 'learning_rate': 0.01, 'n_estimators': 50}","['mfcc_mean', 'spec_kurtosis', 'mfcc_1', 'wav_detail_lvl5_std', 'mfcc_var', 'mfcc_2']",0.8524590163934426,0.8210526315789474,0.8863636363636364,0.9026955981085235,0.9253034547152195,0.9033728350045579,0.9483253588516747,0.9035244790113814,0.968958742632613,0.9975728155339806,0.9419404125286478,0.9911171590685687
XGB,0.9155737379137583,0.9073327607058287,0.925543135914653,0.9388846447669977,0.9324457453961578,"{'max_depth': 5, 'learning_rate': 0.01, 'n_estimators': 50}","['mfcc_mean', 'spec_kurtosis', 'mfcc_1', 'wav_detail_lvl5_std', 'mfcc_std', 'mfcc_2']",0.8524590163934426,0.8210526315789474,0.8863636363636364,0.9026955981085235,0.9253034547152195,0.9033728350045579,0.9483253588516747,0.9035244790113814,0.968958742632613,0.9975728155339806,0.9419404125286478,0.9911171590685687
XGB,0.9155617238544348,0.896283707444324,0.9417461881084171,0.9373567608861727,0.9502180234879831,"{'max_depth': 3, 'learning_rate': 0.1, 'n_estimators': 100}","['mfcc_1', 'wav_detail_lvl5_std', 'mfcc_var', 'mfcc_2']",0.856175972927242,0.7737003058103975,0.9583333333333334,0.9244127519874019,0.9213806327900288,0.9231508165225745,0.9196172248803828,0.9300406016551395,0.9691285658460336,0.992,0.9472880061115355,0.9962007168214079
XGB,0.9155617238544348,0.896283707444324,0.9417461881084171,0.9373567608861727,0.9502180234879831,"{'max_depth': 3, 'learning_rate': 0.1, 'n_estimators': 100}","['mfcc_1', 'wav_detail_lvl5_std', 'mfcc_std', 'mfcc_2']",0.856175972927242,0.7737003058103975,0.9583333333333334,0.9244127519874019,0.9213806327900288,0.9231508165225745,0.9196172248803828,0.9300406016551395,0.9691285658460336,0.992,0.9472880061115355,0.9962007168214079
XGB,0.9155617238544348,0.896283707444324,0.9417461881084171,0.9373567608861727,0.9502180234879831,"{'max_depth': 3, 'learning_rate': 0.1, 'n_estimators': 100}","['mfcc_1', 'wav_detail_lvl5_std', 'mfcc_var', 'mfcc_std', 'mfcc_2']",0.856175972927242,0.7737003058103975,0.9583333333333334,0.9244127519874019,0.9213806327900288,0.9231508165225745,0.9196172248803828,0.9300406016551395,0.9691285658460336,0.992,0.9472880061115355,0.9962007168214079
XGB,0.9155488903208401,0.8966923561630556,0.9411374916792874,0.9385026737967914,0.9539194197049964,"{'max_depth': 3, 'learning_rate': 0.1, 'n_estimators': 100}","['wav_detail_lvl5_std', 'mfcc_var', 'mfcc_std', 'wav_approx_std', 'mfcc_2']",0.8522920203735145,0.7723076923076924,0.9507575757575758,0.9174887275866638,0.9234427009034712,0.9177693761814745,0.9291866028708134,0.9474660532426811,0.9709119496855346,1.0,0.9434682964094728,0.9968034782856442
XGB,0.9155488903208401,0.8966923561630556,0.9411374916792874,0.9385026737967914,0.9539194197049964,"{'max_depth': 3, 'learning_rate': 0.1, 'n_estimators': 100}","['wav_detail_lvl5_std', 'mfcc_std', 'wav_approx_std', 'mfcc_2']",0.8522920203735145,0.7723076923076924,0.9507575757575758,0.9174887275866638,0.9234427009034712,0.9177693761814745,0.9291866028708134,0.9474660532426811,0.9709119496855346,1.0,0.9434682964094728,0.9968034782856442
XGB,0.9155488903208401,0.8966923561630556,0.9411374916792874,0.9385026737967914,0.9539194197049964,"{'max_depth': 3, 'learning_rate': 0.1, 'n_estimators': 100}","['wav_detail_lvl5_std', 'mfcc_var', 'wav_approx_std', 'mfcc_2']",0.8522920203735145,0.7723076923076924,0.9507575757575758,0.9174887275866638,0.9234427009034712,0.9177693761814745,0.9291866028708134,0.9474660532426811,0.9709119496855346,1.0,0.9434682964094728,0.9968034782856442
XGB,0.9155351774430466,0.9046384463331694,0.9285079901178973,0.9411764705882353,0.9530679435226181,"{'max_depth': 3, 'learning_rate': 0.1, 'n_estimators': 100}","['mfcc_mean', 'spec_skew', 'spec_kurtosis', 'NDSI', 'mfcc_1', 'mfcc_2']",0.8458781362007168,0.8027210884353742,0.8939393939393939,0.901277873307237,0.927289896128423,0.9151910531220876,0.939712918660287,0.9602683494227527,0.9734375,0.9960031974420464,0.9518716577540107,0.9976576078378645
XGB,0.9155130646816262,0.9060345599543941,0.926996077537873,0.9396485867074102,0.9591499164543612,"{'max_depth': 3, 'learning_rate': 0.1, 'n_estimators': 100}","['mfcc_mean', 'spec_skew', 'spec_kurtosis', 'mfcc_1', 'wav_detail_lvl5_std', 'wav_approx_std', 'mfcc_2']",0.8499095840867993,0.8131487889273357,0.8901515151515151,0.9244239593725219,0.9260991580916744,0.9057639524245197,0.9473684210526315,0.9559195027840248,0.9705304518664047,0.9991909385113269,0.9434682964094728,0.9971062872065367
XGB,0.9154500057113758,0.9131688832351806,0.9185675865242429,0.9396485867074102,0.9473402793401359,"{'max_depth': 5, 'learning_rate': 0.1, 'n_estimators': 50}","['mfcc_mean', 'spec_kurtosis', 'mfcc_1', 'wav_approx_std', 'mfcc_2']",0.849624060150376,0.8432835820895522,0.8560606060606061,0.891216439620565,0.9315323707498836,0.9074410163339383,0.9569377990430622,0.9534233916854428,0.9651935862338679,0.9887820512820513,0.9427043544690603,0.9973810067143999
XGB,0.9154427464977387,0.9039124285047807,0.9291836989979405,0.9396485867074102,0.9548478266886242,"{'max_depth': 3, 'learning_rate': 0.1, 'n_estimators': 100}","['mfcc_mean', 'spec_kurtosis', 'NDSI', 'mfcc_var', 'mfcc_2']",0.85,0.8040540540540541,0.9015151515151515,0.9052471243315322,0.9251893939393939,0.915651358950328,0.9349282296650717,0.9614945078536866,0.9711388455538221,0.9920318725099602,0.9511077158135982,0.9978018478806537
XGB,0.9154427464977387,0.9039124285047807,0.9291836989979405,0.9396485867074102,0.9548478266886242,"{'max_depth': 3, 'learning_rate': 0.1, 'n_estimators': 100}","['mfcc_mean', 'spec_kurtosis', 'NDSI', 'mfcc_std', 'mfcc_2']",0.85,0.8040540540540541,0.9015151515151515,0.9052471243315322,0.9251893939393939,0.915651358950328,0.9349282296650717,0.9614945078536866,0.9711388455538221,0.9920318725099602,0.9511077158135982,0.9978018478806537
XGB,0.9154427464977387,0.9039124285047807,0.9291836989979405,0.9396485867074102,0.9548478266886242,"{'max_depth': 3, 'learning_rate': 0.1, 'n_estimators': 100}","['mfcc_mean', 'spec_kurtosis', 'NDSI', 'mfcc_var', 'mfcc_std', 'mfcc_2']",0.85,0.8040540540540541,0.9015151515151515,0.9052471243315322,0.9251893939393939,0.915651358950328,0.9349282296650717,0.9614945078536866,0.9711388455538221,0.9920318725099602,0.9511077158135982,0.9978018478806537
XGB,0.9154346403933712,0.9035410807036052,0.9297812266852515,0.9430863254392666,0.9510927188276944,"{'max_depth': 3, 'learning_rate': 0.1, 'n_estimators': 100}","['mfcc_mean', 'NDSI', 'mfcc_1', 'mfcc_var', 'mfcc_2']",0.8398576512455516,0.7919463087248322,0.8939393939393939,0.8946939006869901,0.9294841457643161,0.9194756554307116,0.939712918660287,0.9605199476075278,0.976962124170246,0.9992012779552716,0.9556913674560733,0.9980643081885657
XGB,0.9154346403933712,0.9035410807036052,0.9297812266852515,0.9430863254392666,0.9510927188276944,"{'max_depth': 3, 'learning_rate': 0.1, 'n_estimators': 100}","['mfcc_mean', 'NDSI', 'mfcc_1', 'mfcc_std', 'mfcc_2']",0.8398576512455516,0.7919463087248322,0.8939393939393939,0.8946939006869901,0.9294841457643161,0.9194756554307116,0.939712918660287,0.9605199476075278,0.976962124170246,0.9992012779552716,0.9556913674560733,0.9980643081885657
XGB,0.9154346403933712,0.9035410807036052,0.9297812266852515,0.9430863254392666,0.9510927188276944,"{'max_depth': 3, 'learning_rate': 0.1, 'n_estimators': 100}","['mfcc_mean', 'NDSI', 'mfcc_1', 'mfcc_var', 'mfcc_std', 'mfcc_2']",0.8398576512455516,0.7919463087248322,0.8939393939393939,0.8946939006869901,0.9294841457643161,0.9194756554307116,0.939712918660287,0.9605199476075278,0.976962124170246,0.9992012779552716,0.9556913674560733,0.9980643081885657
XGB,0.9153599633325413,0.8998132100499611,0.9352959046457499,0.9396485867074102,0.9582798834959211,"{'max_depth': 3, 'learning_rate': 0.1, 'n_estimators': 100}","['mfcc_mean', 'NDSI', 'mfcc_1', 'wav_detail_lvl5_std', 'wav_approx_std', 'mfcc_2']",0.8486956521739131,0.7845659163987139,0.9242424242424242,0.9247921096154498,0.9252601702932829,0.9148737137511693,0.9358851674641149,0.9528379733404173,0.9721240675304279,1.0,0.9457601222307105,0.9972095675318965
XGB,0.9153214591814969,0.9037410572337042,0.9295723712132381,0.9392666157372039,0.9586694484043562,"{'max_depth': 3, 'learning_rate': 0.1, 'n_estimators': 100}","['mfcc_mean', 'spec_kurtosis', 'mfcc_1', 'wav_detail_lvl5_std', 'mfcc_var', 'mfcc_std', 'wav_approx_std', 'mfcc_2']",0.85,0.8040540540540541,0.9015151515151515,0.922133012182123,0.9254571026722925,0.9071691176470589,0.9444976076555024,0.9564935133065976,0.9705072748721982,1.0,0.9427043544690603,0.997381819724348
XGB,0.9153214591814969,0.9037410572337042,0.9295723712132381,0.9392666157372039,0.9586694484043562,"{'max_depth': 3, 'learning_rate': 0.1, 'n_estimators': 100}","['mfcc_mean', 'spec_kurtosis', 'mfcc_1', 'wav_detail_lvl5_std', 'mfcc_std', 'wav_approx_std', 'mfcc_2']",0.85,0.8040540540540541,0.9015151515151515,0.922133012182123,0.9254571026722925,0.9071691176470589,0.9444976076555024,0.9564935133065976,0.9705072748721982,1.0,0.9427043544690603,0.997381819724348
XGB,0.9153214591814969,0.9037410572337042,0.9295723712132381,0.9392666157372039,0.9586694484043562,"{'max_depth': 3, 'learning_rate': 0.1, 'n_estimators': 100}","['mfcc_mean', 'spec_kurtosis', 'mfcc_1', 'wav_detail_lvl5_std', 'mfcc_var', 'wav_approx_std', 'mfcc_2']",0.85,0.8040540540540541,0.9015151515151515,0.922133012182123,0.9254571026722925,0.9071691176470589,0.9444976076555024,0.9564935133065976,0.9705072748721982,1.0,0.9427043544690603,0.997381819724348
XGB,0.9151752913090044,0.9049355299291407,0.9273395163488042,0.9365928189457601,0.9283146145754891,"{'max_depth': 5, 'learning_rate': 0.01, 'n_estimators': 50}","['mfcc_mean', 'spec_skew', 'spec_kurtosis', 'NDSI', 'mfcc_var', 'mfcc_2']",0.8576576576576577,0.8178694158075601,0.9015151515151515,0.8667485053715857,0.9219190968955786,0.906567992599445,0.937799043062201,0.9247672199006398,0.9659491193737769,0.9903691813804173,0.9427043544690603,0.9934281184542421
XGB,0.9151752913090044,0.9049355299291407,0.9273395163488042,0.9365928189457601,0.9283146145754891,"{'max_depth': 5, 'learning_rate': 0.01, 'n_estimators': 50}","['mfcc_mean', 'spec_skew', 'spec_kurtosis', 'NDSI', 'mfcc_var', 'mfcc_std', 'mfcc_2']",0.8576576576576577,0.8178694158075601,0.9015151515151515,0.8667485053715857,0.9219190968955786,0.906567992599445,0.937799043062201,0.9247672199006398,0.9659491193737769,0.9903691813804173,0.9427043544690603,0.9934281184542421
XGB,0.9151752913090044,0.9049355299291407,0.9273395163488042,0.9365928189457601,0.9283146145754891,"{'max_depth': 5, 'learning_rate': 0.01, 'n_estimators': 50}","['mfcc_mean', 'spec_skew', 'spec_kurtosis', 'NDSI', 'mfcc_std', 'mfcc_2']",0.8576576576576577,0.8178694158075601,0.9015151515151515,0.8667485053715857,0.9219190968955786,0.906567992599445,0.937799043062201,0.9247672199006398,0.9659491193737769,0.9903691813804173,0.9427043544690603,0.9934281184542421
XGB,0.9151655241826351,0.9041814891094052,0.9286287242169595,0.9392666157372039,0.9437714073564537,"{'max_depth': 3, 'learning_rate': 0.1, 'n_estimators': 100}","['mfcc_mean', 'spec_skew', 'NDSI', 'mfcc_1', 'mfcc_var', 'mfcc_std', 'wav_approx_std']",0.8494623655913979,0.8061224489795918,0.8977272727272727,0.8882054011254518,0.9255269320843091,0.9064220183486239,0.9454545454545454,0.9455923567742262,0.9705072748721982,1.0,0.9427043544690603,0.9975164641696834
XGB,0.9151655241826351,0.9041814891094052,0.9286287242169595,0.9392666157372039,0.9437714073564537,"{'max_depth': 3, 'learning_rate': 0.1, 'n_estimators': 100}","['mfcc_mean', 'spec_skew', 'NDSI', 'mfcc_1', 'mfcc_std', 'wav_approx_std']",0.8494623655913979,0.8061224489795918,0.8977272727272727,0.8882054011254518,0.9255269320843091,0.9064220183486239,0.9454545454545454,0.9455923567742262,0.9705072748721982,1.0,0.9427043544690603,0.9975164641696834
XGB,0.9151655241826351,0.9041814891094052,0.9286287242169595,0.9392666157372039,0.9437714073564537,"{'max_depth': 3, 'learning_rate': 0.1, 'n_estimators': 100}","['mfcc_mean', 'spec_skew', 'NDSI', 'mfcc_1', 'mfcc_var', 'wav_approx_std']",0.8494623655913979,0.8061224489795918,0.8977272727272727,0.8882054011254518,0.9255269320843091,0.9064220183486239,0.9454545454545454,0.9455923567742262,0.9705072748721982,1.0,0.9427043544690603,0.9975164641696834
XGB,0.9151569254544083,0.8946413393309075,0.9440300841229634,0.9388846447669977,0.9469105802802972,"{'max_depth': 5, 'learning_rate': 0.01, 'n_estimators': 100}","['spec_skew', 'NDSI', 'mfcc_1', 'wav_detail_lvl5_std', 'wav_approx_std']",0.8494983277591973,0.7604790419161677,0.9621212121212122,0.9060058881580101,0.9234449760765551,0.9234449760765551,0.9234449760765551,0.9423235955992658,0.9725274725274725,1.0,0.946524064171123,0.992402257083616
XGB,0.9150939028046595,0.9018202221751593,0.9313793619521173,0.9385026737967914,0.9535839349968044,"{'max_depth': 5, 'learning_rate': 0.1, 'n_estimators': 100}","['mfcc_mean', 'spec_skew', 'spec_kurtosis', 'NDSI', 'mfcc_1', 'wav_detail_lvl5_std', 'wav_approx_std']",0.8515901060070671,0.7980132450331126,0.9128787878787878,0.9045197579961375,0.9238050165641268,0.9138576779026217,0.9339712918660287,0.9586417182204624,0.9698865858427845,0.9935897435897436,0.9472880061115355,0.9975903287738132
XGB,0.9150819666643728,0.894291437895203,0.9444644364923004,0.9381207028265852,0.9534170789431875,"{'max_depth': 5, 'learning_rate': 0.1, 'n_estimators': 50}","['NDSI', 'wav_detail_lvl5_std', 'mfcc_std', 'wav_approx_std']",0.8514190317195326,0.7611940298507462,0.9659090909090909,0.9072422520732875,0.9224880382775119,0.9224880382775119,0.9224880382775119,0.9558349491625417,0.9713388299960738,0.9991922455573505,0.944996180290298,0.9971740355937332
XGB,0.9150819666643728,0.894291437895203,0.9444644364923004,0.9381207028265852,0.9534170789431875,"{'max_depth': 5, 'learning_rate': 0.1, 'n_estimators': 50}","['NDSI', 'wav_detail_lvl5_std', 'mfcc_var', 'wav_approx_std']",0.8514190317195326,0.7611940298507462,0.9659090909090909,0.9072422520732875,0.9224880382775119,0.9224880382775119,0.9224880382775119,0.9558349491625417,0.9713388299960738,0.9991922455573505,0.944996180290298,0.9971740355937332
XGB,0.9150819666643728,0.894291437895203,0.9444644364923004,0.9381207028265852,0.9534170789431875,"{'max_depth': 5, 'learning_rate': 0.1, 'n_estimators': 50}","['NDSI', 'wav_detail_lvl5_std', 'mfcc_var', 'mfcc_std', 'wav_approx_std']",0.8514190317195326,0.7611940298507462,0.9659090909090909,0.9072422520732875,0.9224880382775119,0.9224880382775119,0.9224880382775119,0.9558349491625417,0.9713388299960738,0.9991922455573505,0.944996180290298,0.9971740355937332
XGB,0.9150754050015445,0.9062394580485806,0.9257977832281238,0.9392666157372039,0.959483004072533,"{'max_depth': 3, 'learning_rate': 0.1, 'n_estimators': 100}","['mfcc_mean', 'spec_kurtosis', 'mfcc_1', 'wav_detail_lvl5_std', 'wav_approx_std', 'mfcc_2']",0.8493647912885662,0.8153310104529616,0.8863636363636364,0.9250574387869667,0.9257356375525455,0.9041970802919708,0.9483253588516747,0.9561226240556606,0.970125786163522,0.9991902834008097,0.9427043544690603,0.9972689493749717
XGB,0.9150739297751452,0.9085596806353687,0.9227201247325086,0.9407944996180291,0.9500766514098192,"{'max_depth': 3, 'learning_rate': 0.1, 'n_estimators': 100}","['mfcc_mean', 'spec_kurtosis', 'mfcc_1', 'mfcc_2']",0.8455882352941176,0.8214285714285714,0.8712121212121212,0.9051722169767863,0.927400468384075,0.908256880733945,0.9473684210526315,0.9479000058285015,0.9722330856472429,0.9959935897435898,0.9495798319327731,0.9971577314241702
XGB,0.9150232514896577,0.8955875093670222,0.9416978274563413,0.9381207028265852,0.9576531017856397,"{'max_depth': 3, 'learning_rate': 0.1, 'n_estimators': 100}","['spec_skew', 'mfcc_1', 'wav_detail_lvl5_std', 'wav_approx_std', 'mfcc_2']",0.8513513513513513,0.7682926829268293,0.9545454545454546,0.9216197324424673,0.9227836034318398,0.9192782526115859,0.9263157894736842,0.9544157949726967,0.9709347996857817,0.9991915925626516,0.9442322383498855,0.996923777941755
XGB,0.9149378877726982,0.9057978620044599,0.925923766635841,0.9396485867074102,0.9430375082924195,"{'max_depth': 5, 'learning_rate': 0.01, 'n_estimators': 100}","['mfcc_mean', 'spec_skew', 'spec_kurtosis', 'NDSI', 'wav_detail_lvl5_std', 'mfcc_std', 'wav_approx_std', 'mfcc_2']",0.8478260869565217,0.8125,0.8863636363636364,0.9221969235616646,0.9260299625468165,0.9065077910174152,0.9464114832535885,0.9167265376820267,0.9709576138147566,0.9983857949959645,0.944996180290298,0.9901890636335671
XGB,0.9149378877726982,0.9057978620044599,0.925923766635841,0.9396485867074102,0.9430375082924195,"{'max_depth': 5, 'learning_rate': 0.01, 'n_estimators': 100}","['mfcc_mean', 'spec_skew', 'spec_kurtosis', 'NDSI', 'wav_detail_lvl5_std', 'mfcc_var', 'wav_approx_std', 'mfcc_2']",0.8478260869565217,0.8125,0.8863636363636364,0.9221969235616646,0.9260299625468165,0.9065077910174152,0.9464114832535885,0.9167265376820267,0.9709576138147566,0.9983857949959645,0.944996180290298,0.9901890636335671
XGB,0.9149378877726982,0.9057978620044599,0.925923766635841,0.9396485867074102,0.9430375082924195,"{'max_depth': 5, 'learning_rate': 0.01, 'n_estimators': 100}","['mfcc_mean', 'spec_skew', 'spec_kurtosis', 'NDSI', 'wav_detail_lvl5_std', 'mfcc_var', 'mfcc_std', 'wav_approx_std', 'mfcc_2']",0.8478260869565217,0.8125,0.8863636363636364,0.9221969235616646,0.9260299625468165,0.9065077910174152,0.9464114832535885,0.9167265376820267,0.9709576138147566,0.9983857949959645,0.944996180290298,0.9901890636335671
XGB,0.9149335496630223,0.9061363397942337,0.9254250823136272,0.9404125286478228,0.9349504581940496,"{'max_depth': 5, 'learning_rate': 0.01, 'n_estimators': 50}","['mfcc_mean', 'spec_skew', 'NDSI', 'mfcc_1', 'wav_detail_lvl5_std', 'mfcc_var', 'mfcc_2']",0.8457350272232305,0.8118466898954704,0.8825757575757576,0.9043556567263351,0.9268978444236177,0.9081726354453628,0.9464114832535885,0.9087391278432191,0.9721677773422187,0.998389694041868,0.9472880061115355,0.9917565900125948
XGB,0.9149335496630223,0.9061363397942337,0.9254250823136272,0.9404125286478228,0.9349504581940496,"{'max_depth': 5, 'learning_rate': 0.01, 'n_estimators': 50}","['mfcc_mean', 'spec_skew', 'NDSI', 'mfcc_1', 'wav_detail_lvl5_std', 'mfcc_std', 'mfcc_2']",0.8457350272232305,0.8118466898954704,0.8825757575757576,0.9043556567263351,0.9268978444236177,0.9081726354453628,0.9464114832535885,0.9087391278432191,0.9721677773422187,0.998389694041868,0.9472880061115355,0.9917565900125948
XGB,0.9149335496630223,0.9061363397942337,0.9254250823136272,0.9404125286478228,0.9349504581940496,"{'max_depth': 5, 'learning_rate': 0.01, 'n_estimators': 50}","['mfcc_mean', 'spec_skew', 'NDSI', 'mfcc_1', 'wav_detail_lvl5_std', 'mfcc_var', 'mfcc_std', 'mfcc_2']",0.8457350272232305,0.8118466898954704,0.8825757575757576,0.9043556567263351,0.9268978444236177,0.9081726354453628,0.9464114832535885,0.9087391278432191,0.9721677773422187,0.998389694041868,0.9472880061115355,0.9917565900125948
XGB,0.9149263224974772,0.9022192259675407,0.9303713830029618,0.9385026737967914,0.9554942793461012,"{'max_depth': 5, 'learning_rate': 0.1, 'n_estimators': 100}","['mfcc_mean', 'spec_kurtosis', 'NDSI', 'mfcc_1', 'wav_detail_lvl5_std', 'wav_approx_std']",0.851063829787234,0.8,0.9090909090909091,0.9083347686584954,0.9238050165641268,0.9138576779026217,0.9339712918660287,0.9604043055234597,0.9699101211410708,0.9928,0.948051948051948,0.9977437638563488
XGB,0.914917346087955,0.8988758861181795,0.935601593109333,0.9388846447669977,0.9583017919542723,"{'max_depth': 3, 'learning_rate': 0.1, 'n_estimators': 100}","['spec_skew', 'spec_kurtosis', 'NDSI', 'mfcc_1', 'wav_detail_lvl5_std', 'mfcc_var', 'mfcc_std', 'wav_approx_std', 'mfcc_2']",0.8492201039861352,0.7827476038338658,0.928030303030303,0.9211568899785054,0.9241706161137441,0.9154929577464789,0.9330143540669856,0.9566087211699374,0.9713613181639859,0.9983870967741936,0.9457601222307105,0.997139764714374
XGB,0.914917346087955,0.8988758861181795,0.935601593109333,0.9388846447669977,0.9583017919542723,"{'max_depth': 3, 'learning_rate': 0.1, 'n_estimators': 100}","['spec_skew', 'spec_kurtosis', 'NDSI', 'mfcc_1', 'wav_detail_lvl5_std', 'mfcc_var', 'wav_approx_std', 'mfcc_2']",0.8492201039861352,0.7827476038338658,0.928030303030303,0.9211568899785054,0.9241706161137441,0.9154929577464789,0.9330143540669856,0.9566087211699374,0.9713613181639859,0.9983870967741936,0.9457601222307105,0.997139764714374
XGB,0.914917346087955,0.8988758861181795,0.935601593109333,0.9388846447669977,0.9583017919542723,"{'max_depth': 3, 'learning_rate': 0.1, 'n_estimators': 100}","['spec_skew', 'spec_kurtosis', 'NDSI', 'mfcc_1', 'wav_detail_lvl5_std', 'mfcc_std', 'wav_approx_std', 'mfcc_2']",0.8492201039861352,0.7827476038338658,0.928030303030303,0.9211568899785054,0.9241706161137441,0.9154929577464789,0.9330143540669856,0.9566087211699374,0.9713613181639859,0.9983870967741936,0.9457601222307105,0.997139764714374
XGB,0.9148548291183625,0.9121830929966022,0.9182353164551307,0.9381207028265852,0.9483332905514463,"{'max_depth': 5, 'learning_rate': 0.1, 'n_estimators': 50}","['mfcc_mean', 'spec_skew', 'mfcc_1', 'wav_approx_std', 'mfcc_2']",0.851782363977486,0.8438661710037175,0.8598484848484849,0.8920485736213272,0.929472209248015,0.9078467153284672,0.9521531100478469,0.9556230783586757,0.9633099141295862,0.9848363926576217,0.9427043544690603,0.9973282196743362
XGB,0.914821873897373,0.9026569802794572,0.9296207318653139,0.9385026737967914,0.9500112690118186,"{'max_depth': 5, 'learning_rate': 0.1, 'n_estimators': 100}","['mfcc_mean', 'spec_kurtosis', 'NDSI', 'wav_detail_lvl5_std', 'wav_approx_std']",0.8505338078291815,0.802013422818792,0.9053030303030303,0.8983806566524644,0.9240924092409241,0.9107806691449815,0.937799043062201,0.9548196862813095,0.9698394046220133,0.9951768488745981,0.9457601222307105,0.9968334641016819
XGB,0.9148154660715498,0.894808857051693,0.94264147445262,0.9381207028265852,0.9570307922708022,"{'max_depth': 3, 'learning_rate': 0.1, 'n_estimators': 100}","['spec_skew', 'mfcc_1', 'wav_detail_lvl5_std', 'mfcc_std', 'wav_approx_std', 'mfcc_2']",0.8504201680672269,0.7643504531722054,0.9583333333333334,0.9210460815900905,0.9227099236641222,0.9200761179828735,0.9253588516746412,0.9530218526207984,0.9713163064833006,1.0,0.9442322383498855,0.9970244426015179
XGB,0.9148154660715498,0.894808857051693,0.94264147445262,0.9381207028265852,0.9570307922708022,"{'max_depth': 3, 'learning_rate': 0.1, 'n_estimators': 100}","['spec_skew', 'mfcc_1', 'wav_detail_lvl5_std', 'mfcc_var', 'wav_approx_std', 'mfcc_2']",0.8504201680672269,0.7643504531722054,0.9583333333333334,0.9210460815900905,0.9227099236641222,0.9200761179828735,0.9253588516746412,0.9530218526207984,0.9713163064833006,1.0,0.9442322383498855,0.9970244426015179
XGB,0.9148154660715498,0.894808857051693,0.94264147445262,0.9381207028265852,0.9570307922708022,"{'max_depth': 3, 'learning_rate': 0.1, 'n_estimators': 100}","['spec_skew', 'mfcc_1', 'wav_detail_lvl5_std', 'mfcc_var', 'mfcc_std', 'wav_approx_std', 'mfcc_2']",0.8504201680672269,0.7643504531722054,0.9583333333333334,0.9210460815900905,0.9227099236641222,0.9200761179828735,0.9253588516746412,0.9530218526207984,0.9713163064833006,1.0,0.9442322383498855,0.9970244426015179
XGB,0.9147706024257755,0.9035196493851778,0.9285643922640826,0.9392666157372039,0.9460445941494279,"{'max_depth': 3, 'learning_rate': 0.1, 'n_estimators': 100}","['mfcc_mean', 'spec_skew', 'NDSI', 'mfcc_std', 'wav_approx_std']",0.8479427549194991,0.8033898305084746,0.8977272727272727,0.894379453982155,0.9254571026722925,0.9071691176470589,0.9444976076555024,0.9462721359035499,0.9709119496855346,1.0,0.9434682964094728,0.9974821925625785
XGB,0.9147706024257755,0.9035196493851778,0.9285643922640826,0.9392666157372039,0.9460445941494279,"{'max_depth': 3, 'learning_rate': 0.1, 'n_estimators': 100}","['mfcc_mean', 'spec_skew', 'NDSI', 'mfcc_var', 'wav_approx_std']",0.8479427549194991,0.8033898305084746,0.8977272727272727,0.894379453982155,0.9254571026722925,0.9071691176470589,0.9444976076555024,0.9462721359035499,0.9709119496855346,1.0,0.9434682964094728,0.9974821925625785
XGB,0.9147706024257755,0.9035196493851778,0.9285643922640826,0.9392666157372039,0.9460445941494279,"{'max_depth': 3, 'learning_rate': 0.1, 'n_estimators': 100}","['mfcc_mean', 'spec_skew', 'NDSI', 'mfcc_var', 'mfcc_std', 'wav_approx_std']",0.8479427549194991,0.8033898305084746,0.8977272727272727,0.894379453982155,0.9254571026722925,0.9071691176470589,0.9444976076555024,0.9462721359035499,0.9709119496855346,1.0,0.9434682964094728,0.9974821925625785
XGB,0.9147682237658605,0.8966450036301706,0.9388509151667046,0.9373567608861727,0.9550079163096177,"{'max_depth': 3, 'learning_rate': 0.1, 'n_estimators': 100}","['spec_kurtosis', 'mfcc_1', 'wav_detail_lvl5_std', 'mfcc_2']",0.8532423208191127,0.7763975155279503,0.946969696969697,0.9272953437628471,0.9215311004784689,0.9215311004784689,0.9215311004784689,0.9412965941176397,0.96953125,0.9920063948840927,0.948051948051948,0.9964318110483662
XGB,0.9146934082030916,0.8969445045493308,0.9381645959819335,0.9373567608861727,0.9548801337700649,"{'max_depth': 5, 'learning_rate': 0.1, 'n_estimators': 100}","['NDSI', 'mfcc_1', 'wav_detail_lvl5_std', 'wav_approx_std']",0.8527397260273972,0.778125,0.9431818181818182,0.9068742149176294,0.9219047619047619,0.9175355450236967,0.9263157894736842,0.9600790470600604,0.969435736677116,0.995172968624296,0.944996180290298,0.9976871393325047
XGB,0.9145903723011376,0.8976422592936752,0.9366579327105642,0.9381207028265852,0.9480142037611872,"{'max_depth': 5, 'learning_rate': 0.1, 'n_estimators': 100}","['spec_skew', 'spec_kurtosis', 'NDSI', 'mfcc_1', 'wav_detail_lvl5_std']",0.8502581755593803,0.7791798107255521,0.9356060606060606,0.893112457904442,0.9232236528373867,0.9201520912547528,0.9263157894736842,0.953536310752191,0.9702892885066459,0.9935948759007206,0.948051948051948,0.9973938426269283
XGB,0.9145704592637763,0.9048181388757676,0.9264867829109315,0.9388846447669977,0.9318122766278193,"{'max_depth': 5, 'learning_rate': 0.01, 'n_estimators': 100}","['spec_kurtosis', 'NDSI', 'mfcc_var', 'mfcc_std', 'wav_approx_std', 'mfcc_2']",0.8483754512635379,0.8103448275862069,0.8901515151515151,0.8911387499478991,0.9252336448598131,0.9041095890410958,0.9473684210526315,0.9125572825056882,0.970102281667978,1.0,0.9419404125286478,0.9917407974298708
XGB,0.9145704592637763,0.9048181388757676,0.9264867829109315,0.9388846447669977,0.9318122766278193,"{'max_depth': 5, 'learning_rate': 0.01, 'n_estimators': 100}","['spec_kurtosis', 'NDSI', 'mfcc_var', 'wav_approx_std', 'mfcc_2']",0.8483754512635379,0.8103448275862069,0.8901515151515151,0.8911387499478991,0.9252336448598131,0.9041095890410958,0.9473684210526315,0.9125572825056882,0.970102281667978,1.0,0.9419404125286478,0.9917407974298708
XGB,0.9145704592637763,0.9048181388757676,0.9264867829109315,0.9388846447669977,0.9318122766278193,"{'max_depth': 5, 'learning_rate': 0.01, 'n_estimators': 100}","['spec_kurtosis', 'NDSI', 'mfcc_std', 'wav_approx_std', 'mfcc_2']",0.8483754512635379,0.8103448275862069,0.8901515151515151,0.8911387499478991,0.9252336448598131,0.9041095890410958,0.9473684210526315,0.9125572825056882,0.970102281667978,1.0,0.9419404125286478,0.9917407974298708
XGB,0.9145340090490448,0.8945173246949176,0.9423868271391491,0.9377387318563789,0.9573718623149509,"{'max_depth': 3, 'learning_rate': 0.1, 'n_estimators': 100}","['NDSI', 'mfcc_1', 'wav_detail_lvl5_std', 'wav_approx_std', 'mfcc_2']",0.8504201680672269,0.7643504531722054,0.9583333333333334,0.9235097546385016,0.9222699093943729,0.9192015209125475,0.9253588516746412,0.9517345755851823,0.9709119496855346,1.0,0.9434682964094728,0.9968712567211688
XGB,0.9143340738798974,0.8992925580452628,0.933459651803305,0.9385026737967914,0.9589446791028391,"{'max_depth': 3, 'learning_rate': 0.1, 'n_estimators': 100}","['spec_skew', 'spec_kurtosis', 'NDSI', 'mfcc_1', 'wav_detail_lvl5_std', 'wav_approx_std', 'mfcc_2']",0.8481675392670157,0.7864077669902912,0.9204545454545454,0.9227842337246869,0.9238770685579196,0.9130841121495327,0.9349282296650717,0.9570596879958644,0.9709576138147566,0.9983857949959645,0.944996180290298,0.9969901155879661
XGB,0.914329604362325,0.9028151339745542,0.9283070644525754,0.9392666157372039,0.9508065833938243,"{'max_depth': 5, 'learning_rate': 0.1, 'n_estimators': 50}","['spec_kurtosis', 'NDSI', 'mfcc_1', 'wav_approx_std', 'mfcc_2']",0.8464285714285714,0.8006756756756757,0.8977272727272727,0.9122217688531692,0.9251764705882353,0.9101851851851852,0.9406698564593301,0.9437531894868638,0.9713837710701686,0.9975845410628019,0.946524064171123,0.9964447918414396
XGB,0.9142308475862704,0.9062855683231291,0.9237579242223205,0.9365928189457601,0.9433134853948101,"{'max_depth': 5, 'learning_rate': 0.01, 'n_estimators': 100}","['mfcc_mean', 'spec_kurtosis', 'wav_detail_lvl5_std', 'mfcc_std', 'wav_approx_std', 'mfcc_2']",0.8540145985401459,0.823943661971831,0.8863636363636364,0.9238868230863064,0.922429906542056,0.9013698630136986,0.9444976076555024,0.9147951788871003,0.966248037676609,0.993543179983858,0.9404125286478228,0.9912584542110234
XGB,0.9142308475862704,0.9062855683231291,0.9237579242223205,0.9365928189457601,0.9433134853948101,"{'max_depth': 5, 'learning_rate': 0.01, 'n_estimators': 100}","['mfcc_mean', 'spec_kurtosis', 'wav_detail_lvl5_std', 'mfcc_var', 'wav_approx_std', 'mfcc_2']",0.8540145985401459,0.823943661971831,0.8863636363636364,0.9238868230863064,0.922429906542056,0.9013698630136986,0.9444976076555024,0.9147951788871003,0.966248037676609,0.993543179983858,0.9404125286478228,0.9912584542110234
XGB,0.9142308475862704,0.9062855683231291,0.9237579242223205,0.9365928189457601,0.9433134853948101,"{'max_depth': 5, 'learning_rate': 0.01, 'n_estimators': 100}","['mfcc_mean', 'spec_kurtosis', 'wav_detail_lvl5_std', 'mfcc_var', 'mfcc_std', 'wav_approx_std', 'mfcc_2']",0.8540145985401459,0.823943661971831,0.8863636363636364,0.9238868230863064,0.922429906542056,0.9013698630136986,0.9444976076555024,0.9147951788871003,0.966248037676609,0.993543179983858,0.9404125286478228,0.9912584542110234
XGB,0.9142229562399248,0.9053905076287703,0.9249695093348343,0.9381207028265852,0.9331989996179164,"{'max_depth': 5, 'learning_rate': 0.01, 'n_estimators': 50}","['mfcc_mean', 'spec_skew', 'spec_kurtosis', 'mfcc_1', 'wav_detail_lvl5_std', 'mfcc_var', 'mfcc_std', 'mfcc_2']",0.8493647912885662,0.8153310104529616,0.8863636363636364,0.9023647344566637,0.9243697478991597,0.902461257976299,0.9473684210526315,0.9060097697229377,0.9689343295320487,0.9983792544570502,0.9411764705882353,0.9912224946741477
XGB,0.9142229562399248,0.9053905076287703,0.9249695093348343,0.9381207028265852,0.9331989996179164,"{'max_depth': 5, 'learning_rate': 0.01, 'n_estimators': 50}","['mfcc_mean', 'spec_skew', 'spec_kurtosis', 'mfcc_1', 'wav_detail_lvl5_std', 'mfcc_std', 'mfcc_2']",0.8493647912885662,0.8153310104529616,0.8863636363636364,0.9023647344566637,0.9243697478991597,0.902461257976299,0.9473684210526315,0.9060097697229377,0.9689343295320487,0.9983792544570502,0.9411764705882353,0.9912224946741477
XGB,0.9142229562399248,0.9053905076287703,0.9249695093348343,0.9381207028265852,0.9331989996179164,"{'max_depth': 5, 'learning_rate': 0.01, 'n_estimators': 50}","['mfcc_mean', 'spec_skew', 'spec_kurtosis', 'mfcc_1', 'wav_detail_lvl5_std', 'mfcc_var', 'mfcc_2']",0.8493647912885662,0.8153310104529616,0.8863636363636364,0.9023647344566637,0.9243697478991597,0.902461257976299,0.9473684210526315,0.9060097697229377,0.9689343295320487,0.9983792544570502,0.9411764705882353,0.9912224946741477
XGB,0.9141478959958521,0.9021503703276457,0.9286233632208866,0.9400305576776165,0.948754851756891,"{'max_depth': 3, 'learning_rate': 0.1, 'n_estimators': 100}","['mfcc_mean', 'spec_kurtosis', 'NDSI', 'mfcc_1', 'mfcc_std']",0.8434163701067615,0.7953020134228188,0.8977272727272727,0.8891905923171307,0.9271523178807947,0.9167446211412535,0.937799043062201,0.9590953852673955,0.971875,0.9944044764188649,0.9503437738731857,0.997978577686147
XGB,0.9141478959958521,0.9021503703276457,0.9286233632208866,0.9400305576776165,0.948754851756891,"{'max_depth': 3, 'learning_rate': 0.1, 'n_estimators': 100}","['mfcc_mean', 'spec_kurtosis', 'NDSI', 'mfcc_1', 'mfcc_var', 'mfcc_std']",0.8434163701067615,0.7953020134228188,0.8977272727272727,0.8891905923171307,0.9271523178807947,0.9167446211412535,0.937799043062201,0.9590953852673955,0.971875,0.9944044764188649,0.9503437738731857,0.997978577686147
XGB,0.9141478959958521,0.9021503703276457,0.9286233632208866,0.9400305576776165,0.948754851756891,"{'max_depth': 3, 'learning_rate': 0.1, 'n_estimators': 100}","['mfcc_mean', 'spec_kurtosis', 'NDSI', 'mfcc_1', 'mfcc_var']",0.8434163701067615,0.7953020134228188,0.8977272727272727,0.8891905923171307,0.9271523178807947,0.9167446211412535,0.937799043062201,0.9590953852673955,0.971875,0.9944044764188649,0.9503437738731857,0.997978577686147
XGB,0.9141294346090968,0.8988922440277927,0.9334357506958127,0.9358288770053476,0.9503071132846128,"{'max_depth': 5, 'learning_rate': 0.1, 'n_estimators': 100}","['mfcc_mean', 'spec_skew', 'spec_kurtosis', 'mfcc_1', 'wav_detail_lvl5_std', 'mfcc_var', 'wav_approx_std']",0.8551483420593369,0.7928802588996764,0.928030303030303,0.9079529676578265,0.9209654519640322,0.9110486891385767,0.9311004784688995,0.9469169685475239,0.9662745098039216,0.9927477840451249,0.9411764705882353,0.9960514036484881
XGB,0.9141294346090968,0.8988922440277927,0.9334357506958127,0.9358288770053476,0.9503071132846128,"{'max_depth': 5, 'learning_rate': 0.1, 'n_estimators': 100}","['mfcc_mean', 'spec_skew', 'spec_kurtosis', 'mfcc_1', 'wav_detail_lvl5_std', 'mfcc_var', 'mfcc_std', 'wav_approx_std']",0.8551483420593369,0.7928802588996764,0.928030303030303,0.9079529676578265,0.9209654519640322,0.9110486891385767,0.9311004784688995,0.9469169685475239,0.9662745098039216,0.9927477840451249,0.9411764705882353,0.9960514036484881
XGB,0.9141294346090968,0.8988922440277927,0.9334357506958127,0.9358288770053476,0.9503071132846128,"{'max_depth': 5, 'learning_rate': 0.1, 'n_estimators': 100}","['mfcc_mean', 'spec_skew', 'spec_kurtosis', 'mfcc_1', 'wav_detail_lvl5_std', 'mfcc_std', 'wav_approx_std']",0.8551483420593369,0.7928802588996764,0.928030303030303,0.9079529676578265,0.9209654519640322,0.9110486891385767,0.9311004784688995,0.9469169685475239,0.9662745098039216,0.9927477840451249,0.9411764705882353,0.9960514036484881
XGB,0.9141114172672395,0.8940979683800788,0.9417972292585297,0.9362108479755539,0.9570580129217511,"{'max_depth': 3, 'learning_rate': 0.1, 'n_estimators': 100}","['spec_skew', 'spec_kurtosis', 'NDSI', 'wav_detail_lvl5_std', 'mfcc_var', 'mfcc_std', 'mfcc_2']",0.853781512605042,0.7673716012084593,0.9621212121212122,0.9286249206639314,0.9198271723475756,0.9229287090558767,0.9167464114832536,0.9461402291855053,0.9687255668491008,0.9919935948759008,0.946524064171123,0.996408888915816
XGB,0.9141114172672395,0.8940979683800788,0.9417972292585297,0.9362108479755539,0.9570580129217511,"{'max_depth': 3, 'learning_rate': 0.1, 'n_estimators': 100}","['spec_skew', 'spec_kurtosis', 'NDSI', 'wav_detail_lvl5_std', 'mfcc_var', 'mfcc_2']",0.853781512605042,0.7673716012084593,0.9621212121212122,0.9286249206639314,0.9198271723475756,0.9229287090558767,0.9167464114832536,0.9461402291855053,0.9687255668491008,0.9919935948759008,0.946524064171123,0.996408888915816
XGB,0.9141114172672395,0.8940979683800788,0.9417972292585297,0.9362108479755539,0.9570580129217511,"{'max_depth': 3, 'learning_rate': 0.1, 'n_estimators': 100}","['spec_skew', 'spec_kurtosis', 'NDSI', 'wav_detail_lvl5_std', 'mfcc_std', 'mfcc_2']",0.853781512605042,0.7673716012084593,0.9621212121212122,0.9286249206639314,0.9198271723475756,0.9229287090558767,0.9167464114832536,0.9461402291855053,0.9687255668491008,0.9919935948759008,0.946524064171123,0.996408888915816
XGB,0.9140791219826158,0.9072498645008938,0.9220178342469364,0.9400305576776165,0.95208112064205,"{'max_depth': 3, 'learning_rate': 0.1, 'n_estimators': 100}","['mfcc_mean', 'spec_skew', 'spec_kurtosis', 'mfcc_1', 'mfcc_var', 'mfcc_2']",0.8440366972477065,0.8185053380782918,0.8712121212121212,0.9082938317218543,0.9263256687001408,0.9088397790055248,0.9444976076555024,0.9507411483062854,0.971875,0.9944044764188649,0.9503437738731857,0.9972083818980101
XGB,0.9140791219826158,0.9072498645008938,0.9220178342469364,0.9400305576776165,0.95208112064205,"{'max_depth': 3, 'learning_rate': 0.1, 'n_estimators': 100}","['mfcc_mean', 'spec_skew', 'spec_kurtosis', 'mfcc_1', 'mfcc_std', 'mfcc_2']",0.8440366972477065,0.8185053380782918,0.8712121212121212,0.9082938317218543,0.9263256687001408,0.9088397790055248,0.9444976076555024,0.9507411483062854,0.971875,0.9944044764188649,0.9503437738731857,0.9972083818980101
XGB,0.9140791219826158,0.9072498645008938,0.9220178342469364,0.9400305576776165,0.95208112064205,"{'max_depth': 3, 'learning_rate': 0.1, 'n_estimators': 100}","['mfcc_mean', 'spec_skew', 'spec_kurtosis', 'mfcc_1', 'mfcc_var', 'mfcc_std', 'mfcc_2']",0.8440366972477065,0.8185053380782918,0.8712121212121212,0.9082938317218543,0.9263256687001408,0.9088397790055248,0.9444976076555024,0.9507411483062854,0.971875,0.9944044764188649,0.9503437738731857,0.9972083818980101
XGB,0.9140375728333675,0.9033852071366718,0.9270471186879856,0.9385026737967914,0.9571615621351047,"{'max_depth': 3, 'learning_rate': 0.1, 'n_estimators': 100}","['mfcc_mean', 'spec_skew', 'spec_kurtosis', 'wav_detail_lvl5_std', 'mfcc_var', 'wav_approx_std', 'mfcc_2']",0.8473967684021544,0.8054607508532423,0.8939393939393939,0.9216374756143265,0.9245901639344263,0.9055045871559633,0.9444976076555024,0.9528488022982317,0.970125786163522,0.9991902834008097,0.9427043544690603,0.996998408492756
XGB,0.9140375728333675,0.9033852071366718,0.9270471186879856,0.9385026737967914,0.9571615621351047,"{'max_depth': 3, 'learning_rate': 0.1, 'n_estimators': 100}","['mfcc_mean', 'spec_skew', 'spec_kurtosis', 'wav_detail_lvl5_std', 'mfcc_var', 'mfcc_std', 'wav_approx_std', 'mfcc_2']",0.8473967684021544,0.8054607508532423,0.8939393939393939,0.9216374756143265,0.9245901639344263,0.9055045871559633,0.9444976076555024,0.9528488022982317,0.970125786163522,0.9991902834008097,0.9427043544690603,0.996998408492756
XGB,0.9140375728333675,0.9033852071366718,0.9270471186879856,0.9385026737967914,0.9571615621351047,"{'max_depth': 3, 'learning_rate': 0.1, 'n_estimators': 100}","['mfcc_mean', 'spec_skew', 'spec_kurtosis', 'wav_detail_lvl5_std', 'mfcc_std', 'wav_approx_std', 'mfcc_2']",0.8473967684021544,0.8054607508532423,0.8939393939393939,0.9216374756143265,0.9245901639344263,0.9055045871559633,0.9444976076555024,0.9528488022982317,0.970125786163522,0.9991902834008097,0.9427043544690603,0.996998408492756
XGB,0.9139762610080003,0.9036556215472125,0.9262911065542644,0.9392666157372039,0.949090272183127,"{'max_depth': 5, 'learning_rate': 0.1, 'n_estimators': 50}","['mfcc_1', 'mfcc_std', 'wav_approx_std', 'mfcc_2']",0.8453237410071942,0.8047945205479452,0.8901515151515151,0.9065050792962525,0.9251764705882353,0.9101851851851852,0.9406698564593301,0.9437428756522488,0.9714285714285714,0.9959871589085072,0.948051948051948,0.9970228616008798
XGB,0.9139762610080003,0.9036556215472125,0.9262911065542644,0.9392666157372039,0.949090272183127,"{'max_depth': 5, 'learning_rate': 0.1, 'n_estimators': 50}","['mfcc_1', 'mfcc_var', 'wav_approx_std', 'mfcc_2']",0.8453237410071942,0.8047945205479452,0.8901515151515151,0.9065050792962525,0.9251764705882353,0.9101851851851852,0.9406698564593301,0.9437428756522488,0.9714285714285714,0.9959871589085072,0.948051948051948,0.9970228616008798
XGB,0.9139762610080003,0.9036556215472125,0.9262911065542644,0.9392666157372039,0.949090272183127,"{'max_depth': 5, 'learning_rate': 0.1, 'n_estimators': 50}","['mfcc_1', 'mfcc_var', 'mfcc_std', 'wav_approx_std', 'mfcc_2']",0.8453237410071942,0.8047945205479452,0.8901515151515151,0.9065050792962525,0.9251764705882353,0.9101851851851852,0.9406698564593301,0.9437428756522488,0.9714285714285714,0.9959871589085072,0.948051948051948,0.9970228616008798
XGB,0.9139620496626093,0.9007385612971465,0.9303740635009986,0.9381207028265852,0.9327210757836718,"{'max_depth': 5, 'learning_rate': 0.01, 'n_estimators': 50}","['mfcc_mean', 'NDSI', 'mfcc_1', 'wav_detail_lvl5_std', 'mfcc_var', 'mfcc_2']",0.8480565371024735,0.7947019867549668,0.9090909090909091,0.9057540451393085,0.9236569274269557,0.9099350046425255,0.937799043062201,0.9013799134077501,0.9701726844583988,0.9975786924939467,0.9442322383498855,0.991029268803957
XGB,0.9139620496626093,0.9007385612971465,0.9303740635009986,0.9381207028265852,0.9327210757836718,"{'max_depth': 5, 'learning_rate': 0.01, 'n_estimators': 50}","['mfcc_mean', 'NDSI', 'mfcc_1', 'wav_detail_lvl5_std', 'mfcc_var', 'mfcc_std', 'mfcc_2']",0.8480565371024735,0.7947019867549668,0.9090909090909091,0.9057540451393085,0.9236569274269557,0.9099350046425255,0.937799043062201,0.9013799134077501,0.9701726844583988,0.9975786924939467,0.9442322383498855,0.991029268803957
XGB,0.9139620496626093,0.9007385612971465,0.9303740635009986,0.9381207028265852,0.9327210757836718,"{'max_depth': 5, 'learning_rate': 0.01, 'n_estimators': 50}","['mfcc_mean', 'NDSI', 'mfcc_1', 'wav_detail_lvl5_std', 'mfcc_std', 'mfcc_2']",0.8480565371024735,0.7947019867549668,0.9090909090909091,0.9057540451393085,0.9236569274269557,0.9099350046425255,0.937799043062201,0.9013799134077501,0.9701726844583988,0.9975786924939467,0.9442322383498855,0.991029268803957
XGB,0.9138989015742093,0.9029763032214748,0.9269157742841952,0.9388846447669977,0.9490680295722768,"{'max_depth': 3, 'learning_rate': 0.1, 'n_estimators': 100}","['mfcc_mean', 'spec_skew', 'spec_kurtosis', 'NDSI', 'mfcc_1', 'mfcc_std']",0.8458781362007168,0.8027210884353742,0.8939393939393939,0.8890348303139953,0.92590844738084,0.9134078212290503,0.938755980861244,0.9601847859771324,0.9699101211410708,0.9928,0.948051948051948,0.9979844724257027
XGB,0.9138989015742093,0.9029763032214748,0.9269157742841952,0.9388846447669977,0.9490680295722768,"{'max_depth': 3, 'learning_rate': 0.1, 'n_estimators': 100}","['mfcc_mean', 'spec_skew', 'spec_kurtosis', 'NDSI', 'mfcc_1', 'mfcc_var']",0.8458781362007168,0.8027210884353742,0.8939393939393939,0.8890348303139953,0.92590844738084,0.9134078212290503,0.938755980861244,0.9601847859771324,0.9699101211410708,0.9928,0.948051948051948,0.9979844724257027
XGB,0.9138989015742093,0.9029763032214748,0.9269157742841952,0.9388846447669977,0.9490680295722768,"{'max_depth': 3, 'learning_rate': 0.1, 'n_estimators': 100}","['mfcc_mean', 'spec_skew', 'spec_kurtosis', 'NDSI', 'mfcc_1', 'mfcc_var', 'mfcc_std']",0.8458781362007168,0.8027210884353742,0.8939393939393939,0.8890348303139953,0.92590844738084,0.9134078212290503,0.938755980861244,0.9601847859771324,0.9699101211410708,0.9928,0.948051948051948,0.9979844724257027
XGB,0.9138663430920243,0.9015246265637691,0.9291247280411367,0.9388846447669977,0.9568297236801294,"{'max_depth': 3, 'learning_rate': 0.1, 'n_estimators': 100}","['mfcc_mean', 'mfcc_1', 'wav_detail_lvl5_std', 'wav_approx_std', 'mfcc_2']",0.8454706927175843,0.7959866220735786,0.9015151515151515,0.9253459923457985,0.924812030075188,0.9085872576177285,0.9416267942583733,0.948194117057359,0.9713163064833006,1.0,0.9442322383498855,0.9969490616372307
XGB,0.9138323736155245,0.9029432873158333,0.9267227784255648,0.9388846447669977,0.9472361366583648,"{'max_depth': 3, 'learning_rate': 0.1, 'n_estimators': 100}","['mfcc_mean', 'spec_kurtosis', 'NDSI', 'mfcc_var']",0.8458781362007168,0.8027210884353742,0.8939393939393939,0.8840665201015159,0.9252601702932829,0.9148737137511693,0.9358851674641149,0.9596818289906717,0.9703588143525741,0.9912350597609562,0.9503437738731857,0.9979600608829071
XGB,0.9138323736155245,0.9029432873158333,0.9267227784255648,0.9388846447669977,0.9472361366583648,"{'max_depth': 3, 'learning_rate': 0.1, 'n_estimators': 100}","['mfcc_mean', 'spec_kurtosis', 'NDSI', 'mfcc_std']",0.8458781362007168,0.8027210884353742,0.8939393939393939,0.8840665201015159,0.9252601702932829,0.9148737137511693,0.9358851674641149,0.9596818289906717,0.9703588143525741,0.9912350597609562,0.9503437738731857,0.9979600608829071
XGB,0.9138323736155245,0.9029432873158333,0.9267227784255648,0.9388846447669977,0.9472361366583648,"{'max_depth': 3, 'learning_rate': 0.1, 'n_estimators': 100}","['mfcc_mean', 'spec_kurtosis', 'NDSI', 'mfcc_var', 'mfcc_std']",0.8458781362007168,0.8027210884353742,0.8939393939393939,0.8840665201015159,0.9252601702932829,0.9148737137511693,0.9358851674641149,0.9596818289906717,0.9703588143525741,0.9912350597609562,0.9503437738731857,0.9979600608829071
XGB,0.913821591672864,0.9046923046111943,0.9249051773819575,0.9381207028265852,0.9357164698840537,"{'max_depth': 5, 'learning_rate': 0.01, 'n_estimators': 50}","['mfcc_mean', 'spec_skew', 'spec_kurtosis', 'mfcc_1', 'wav_detail_lvl5_std', 'mfcc_2']",0.8478260869565217,0.8125,0.8863636363636364,0.9132668036339224,0.9242990654205607,0.9031963470319635,0.9464114832535885,0.9025733105376186,0.9693396226415094,0.9983805668016195,0.9419404125286478,0.9913092954806199
XGB,0.9138189804821121,0.8950630735333286,0.9393012388368426,0.9373567608861727,0.9535758624081105,"{'max_depth': 3, 'learning_rate': 0.1, 'n_estimators': 100}","['mfcc_1', 'wav_detail_lvl5_std', 'wav_approx_std', 'mfcc_2']",0.8488964346349746,0.7692307692307693,0.946969696969697,0.9157235042005651,0.9220532319391636,0.9159584513692163,0.9282296650717703,0.9481580422850618,0.9705072748721982,1.0,0.9427043544690603,0.9968460407387044
XGB,0.9137488842502425,0.8931755536545957,0.9427568475556093,0.9369747899159664,0.9513864073364372,"{'max_depth': 3, 'learning_rate': 0.1, 'n_estimators': 50}","['mfcc_mean', 'NDSI', 'wav_detail_lvl5_std', 'mfcc_std', 'wav_approx_std', 'mfcc_2']",0.8494983277591973,0.7604790419161677,0.9621212121212122,0.9227600591705166,0.9212410501193318,0.919047619047619,0.9234449760765551,0.9348245641179548,0.9705072748721982,1.0,0.9427043544690603,0.9965745987208401
XGB,0.9137488842502425,0.8931755536545957,0.9427568475556093,0.9369747899159664,0.9513864073364372,"{'max_depth': 3, 'learning_rate': 0.1, 'n_estimators': 50}","['mfcc_mean', 'NDSI', 'wav_detail_lvl5_std', 'mfcc_var', 'mfcc_std', 'wav_approx_std', 'mfcc_2']",0.8494983277591973,0.7604790419161677,0.9621212121212122,0.9227600591705166,0.9212410501193318,0.919047619047619,0.9234449760765551,0.9348245641179548,0.9705072748721982,1.0,0.9427043544690603,0.9965745987208401
XGB,0.9137488842502425,0.8931755536545957,0.9427568475556093,0.9369747899159664,0.9513864073364372,"{'max_depth': 3, 'learning_rate': 0.1, 'n_estimators': 50}","['mfcc_mean', 'NDSI', 'wav_detail_lvl5_std', 'mfcc_var', 'wav_approx_std', 'mfcc_2']",0.8494983277591973,0.7604790419161677,0.9621212121212122,0.9227600591705166,0.9212410501193318,0.919047619047619,0.9234449760765551,0.9348245641179548,0.9705072748721982,1.0,0.9427043544690603,0.9965745987208401
XGB,0.9137429477370986,0.8982986970877368,0.9333714187429357,0.9358288770053476,0.9486142179159595,"{'max_depth': 5, 'learning_rate': 0.1, 'n_estimators': 100}","['mfcc_mean', 'spec_skew', 'spec_kurtosis', 'wav_detail_lvl5_std', 'mfcc_std', 'wav_approx_std']",0.8536585365853658,0.7903225806451613,0.928030303030303,0.9041358509090791,0.9208905731880626,0.9118198874296435,0.9301435406698565,0.9455543499318315,0.9666797334378675,0.9927536231884058,0.9419404125286478,0.9961524529069679
XGB,0.9137429477370986,0.8982986970877368,0.9333714187429357,0.9358288770053476,0.9486142179159595,"{'max_depth': 5, 'learning_rate': 0.1, 'n_estimators': 100}","['mfcc_mean', 'spec_skew', 'spec_kurtosis', 'wav_detail_lvl5_std', 'mfcc_var', 'wav_approx_std']",0.8536585365853658,0.7903225806451613,0.928030303030303,0.9041358509090791,0.9208905731880626,0.9118198874296435,0.9301435406698565,0.9455543499318315,0.9666797334378675,0.9927536231884058,0.9419404125286478,0.9961524529069679
XGB,0.9137429477370986,0.8982986970877368,0.9333714187429357,0.9358288770053476,0.9486142179159595,"{'max_depth': 5, 'learning_rate': 0.1, 'n_estimators': 100}","['mfcc_mean', 'spec_skew', 'spec_kurtosis', 'wav_detail_lvl5_std', 'mfcc_var', 'mfcc_std', 'wav_approx_std']",0.8536585365853658,0.7903225806451613,0.928030303030303,0.9041358509090791,0.9208905731880626,0.9118198874296435,0.9301435406698565,0.9455543499318315,0.9666797334378675,0.9927536231884058,0.9419404125286478,0.9961524529069679
XGB,0.9137282346092416,0.9037409181431327,0.9256664388243335,0.9396485867074102,0.9325757039378048,"{'max_depth': 5, 'learning_rate': 0.01, 'n_estimators': 50}","['mfcc_mean', 'spec_skew', 'spec_kurtosis', 'NDSI', 'mfcc_1', 'wav_detail_lvl5_std', 'wav_approx_std', 'mfcc_2']",0.8432432432432433,0.8041237113402062,0.8863636363636364,0.9026557194950977,0.9257518796992481,0.9095106186518929,0.9425837320574163,0.9044629003524747,0.9721895808852331,0.997588424437299,0.948051948051948,0.9906084919658419
XGB,0.9136761882499934,0.9040493801244295,0.9249747586434892,0.9404125286478228,0.9510535396532553,"{'max_depth': 3, 'learning_rate': 0.1, 'n_estimators': 100}","['mfcc_mean', 'spec_skew', 'NDSI', 'mfcc_1', 'mfcc_2']",0.8411552346570397,0.803448275862069,0.8825757575757576,0.897371214859567,0.9264150943396227,0.9134883720930232,0.939712918660287,0.9580146563467093,0.9734582357533177,0.9952114924181963,0.9526355996944232,0.9977747477534896
XGB,0.9136636989836902,0.9022265578663874,0.9274894008640139,0.9396485867074102,0.9517083067842691,"{'max_depth': 5, 'learning_rate': 0.1, 'n_estimators': 50}","['spec_skew', 'NDSI', 'mfcc_1', 'mfcc_std', 'wav_approx_std', 'mfcc_2']",0.8428571428571429,0.7972972972972973,0.8939393939393939,0.9126085911109957,0.9255419415645617,0.9117920148560817,0.939712918660287,0.9461287394797723,0.9725920125293657,0.9975903614457832,0.9488158899923606,0.9963875897620396
XGB,0.9136636989836902,0.9022265578663874,0.9274894008640139,0.9396485867074102,0.9517083067842691,"{'max_depth': 5, 'learning_rate': 0.1, 'n_estimators': 50}","['spec_skew', 'NDSI', 'mfcc_1', 'mfcc_var', 'wav_approx_std', 'mfcc_2']",0.8428571428571429,0.7972972972972973,0.8939393939393939,0.9126085911109957,0.9255419415645617,0.9117920148560817,0.939712918660287,0.9461287394797723,0.9725920125293657,0.9975903614457832,0.9488158899923606,0.9963875897620396
XGB,0.9136636989836902,0.9022265578663874,0.9274894008640139,0.9396485867074102,0.9517083067842691,"{'max_depth': 5, 'learning_rate': 0.1, 'n_estimators': 50}","['spec_skew', 'NDSI', 'mfcc_1', 'mfcc_var', 'mfcc_std', 'wav_approx_std', 'mfcc_2']",0.8428571428571429,0.7972972972972973,0.8939393939393939,0.9126085911109957,0.9255419415645617,0.9117920148560817,0.939712918660287,0.9461287394797723,0.9725920125293657,0.9975903614457832,0.9488158899923606,0.9963875897620396
XGB,0.91347491836614,0.8942634117915764,0.9397302302101064,0.9373567608861727,0.9537762786329914,"{'max_depth': 3, 'learning_rate': 0.1, 'n_estimators': 100}","['NDSI', 'mfcc_1', 'wav_detail_lvl5_std', 'mfcc_2']",0.847972972972973,0.7652439024390244,0.9507575757575758,0.920875206114896,0.9213806327900288,0.9231508165225745,0.9196172248803828,0.9435116590470837,0.9710711493354183,0.9943955164131305,0.9488158899923606,0.9969419707369946
XGB,0.9134673787149108,0.8928840701090683,0.9425022002421383,0.9365928189457601,0.9301854321934754,"{'max_depth': 5, 'learning_rate': 0.01, 'n_estimators': 50}","['mfcc_mean', 'spec_skew', 'NDSI', 'mfcc_1', 'wav_detail_lvl5_std', 'mfcc_var']",0.8494983277591973,0.7604790419161677,0.9621212121212122,0.8948507311497009,0.9208015267175572,0.9181731684110371,0.9234449760765551,0.9052838462642306,0.970102281667978,1.0,0.9419404125286478,0.9904217191664945
XGB,0.9134673787149108,0.8928840701090683,0.9425022002421383,0.9365928189457601,0.9301854321934754,"{'max_depth': 5, 'learning_rate': 0.01, 'n_estimators': 50}","['mfcc_mean', 'spec_skew', 'NDSI', 'mfcc_1', 'wav_detail_lvl5_std', 'mfcc_std']",0.8494983277591973,0.7604790419161677,0.9621212121212122,0.8948507311497009,0.9208015267175572,0.9181731684110371,0.9234449760765551,0.9052838462642306,0.970102281667978,1.0,0.9419404125286478,0.9904217191664945
XGB,0.9134673787149108,0.8928840701090683,0.9425022002421383,0.9365928189457601,0.9301854321934754,"{'max_depth': 5, 'learning_rate': 0.01, 'n_estimators': 50}","['mfcc_mean', 'spec_skew', 'NDSI', 'mfcc_1', 'wav_detail_lvl5_std', 'mfcc_var', 'mfcc_std']",0.8494983277591973,0.7604790419161677,0.9621212121212122,0.8948507311497009,0.9208015267175572,0.9181731684110371,0.9234449760765551,0.9052838462642306,0.970102281667978,1.0,0.9419404125286478,0.9904217191664945
XGB,0.9134325676856347,0.901945001721721,0.9271571307949017,0.9381207028265852,0.949369189408933,"{'max_depth': 3, 'learning_rate': 0.1, 'n_estimators': 100}","['mfcc_mean', 'spec_skew', 'NDSI', 'mfcc_std']",0.8464285714285714,0.8006756756756757,0.8977272727272727,0.8897821619578785,0.924314096499527,0.9139382600561272,0.9349282296650717,0.9602863406470998,0.9695550351288056,0.99122106943336,0.9488158899923606,0.9980390656218208
XGB,0.9134325676856347,0.901945001721721,0.9271571307949017,0.9381207028265852,0.949369189408933,"{'max_depth': 3, 'learning_rate': 0.1, 'n_estimators': 100}","['mfcc_mean', 'spec_skew', 'NDSI', 'mfcc_var', 'mfcc_std']",0.8464285714285714,0.8006756756756757,0.8977272727272727,0.8897821619578785,0.924314096499527,0.9139382600561272,0.9349282296650717,0.9602863406470998,0.9695550351288056,0.99122106943336,0.9488158899923606,0.9980390656218208
XGB,0.9134325676856347,0.901945001721721,0.9271571307949017,0.9381207028265852,0.949369189408933,"{'max_depth': 3, 'learning_rate': 0.1, 'n_estimators': 100}","['mfcc_mean', 'spec_skew', 'NDSI', 'mfcc_var']",0.8464285714285714,0.8006756756756757,0.8977272727272727,0.8897821619578785,0.924314096499527,0.9139382600561272,0.9349282296650717,0.9602863406470998,0.9695550351288056,0.99122106943336,0.9488158899923606,0.9980390656218208
XGB,0.9134025646469767,0.901632220597738,0.927604773967003,0.9385026737967914,0.9486046135850036,"{'max_depth': 3, 'learning_rate': 0.1, 'n_estimators': 100}","['mfcc_mean', 'spec_skew', 'NDSI', 'mfcc_1', 'mfcc_std']",0.8449197860962567,0.797979797979798,0.8977272727272727,0.8875237876903931,0.9254013220018886,0.9133271202236719,0.937799043062201,0.9602544255728072,0.9698865858427845,0.9935897435897436,0.9472880061115355,0.9980356274918102
XGB,0.9134025646469767,0.901632220597738,0.927604773967003,0.9385026737967914,0.9486046135850036,"{'max_depth': 3, 'learning_rate': 0.1, 'n_estimators': 100}","['mfcc_mean', 'spec_skew', 'NDSI', 'mfcc_1', 'mfcc_var', 'mfcc_std']",0.8449197860962567,0.797979797979798,0.8977272727272727,0.8875237876903931,0.9254013220018886,0.9133271202236719,0.937799043062201,0.9602544255728072,0.9698865858427845,0.9935897435897436,0.9472880061115355,0.9980356274918102
XGB,0.9134025646469767,0.901632220597738,0.927604773967003,0.9385026737967914,0.9486046135850036,"{'max_depth': 3, 'learning_rate': 0.1, 'n_estimators': 100}","['mfcc_mean', 'spec_skew', 'NDSI', 'mfcc_1', 'mfcc_var']",0.8449197860962567,0.797979797979798,0.8977272727272727,0.8875237876903931,0.9254013220018886,0.9133271202236719,0.937799043062201,0.9602544255728072,0.9698865858427845,0.9935897435897436,0.9472880061115355,0.9980356274918102
XGB,0.9134004635958656,0.9019573921747835,0.9272990855034199,0.9392666157372039,0.9517580737108512,"{'max_depth': 5, 'learning_rate': 0.1, 'n_estimators': 50}","['spec_skew', 'spec_kurtosis', 'NDSI', 'mfcc_1', 'mfcc_var', 'mfcc_std', 'wav_approx_std', 'mfcc_2']",0.8428571428571429,0.7972972972972973,0.8939393939393939,0.9130919745905072,0.9251764705882353,0.9101851851851852,0.9406698564593301,0.9458449515463734,0.9721677773422187,0.998389694041868,0.9472880061115355,0.996337294995673
XGB,0.9134004635958656,0.9019573921747835,0.9272990855034199,0.9392666157372039,0.9517580737108512,"{'max_depth': 5, 'learning_rate': 0.1, 'n_estimators': 50}","['spec_skew', 'spec_kurtosis', 'NDSI', 'mfcc_1', 'mfcc_std', 'wav_approx_std', 'mfcc_2']",0.8428571428571429,0.7972972972972973,0.8939393939393939,0.9130919745905072,0.9251764705882353,0.9101851851851852,0.9406698564593301,0.9458449515463734,0.9721677773422187,0.998389694041868,0.9472880061115355,0.996337294995673
XGB,0.9134004635958656,0.9019573921747835,0.9272990855034199,0.9392666157372039,0.9517580737108512,"{'max_depth': 5, 'learning_rate': 0.1, 'n_estimators': 50}","['spec_skew', 'spec_kurtosis', 'NDSI', 'mfcc_1', 'mfcc_var', 'wav_approx_std', 'mfcc_2']",0.8428571428571429,0.7972972972972973,0.8939393939393939,0.9130919745905072,0.9251764705882353,0.9101851851851852,0.9406698564593301,0.9458449515463734,0.9721677773422187,0.998389694041868,0.9472880061115355,0.996337294995673
XGB,0.9133346002093954,0.9036394965223056,0.9251598246954283,0.9385026737967914,0.9309711935191535,"{'max_depth': 5, 'learning_rate': 0.01, 'n_estimators': 100}","['spec_skew', 'NDSI', 'mfcc_var', 'wav_approx_std', 'mfcc_2']",0.8447653429602888,0.8068965517241379,0.8863636363636364,0.889464194876083,0.9247311827956989,0.9040219378427788,0.9464114832535885,0.9115134283286132,0.9705072748721982,1.0,0.9427043544690603,0.9919359573527642
XGB,0.9133346002093954,0.9036394965223056,0.9251598246954283,0.9385026737967914,0.9309711935191535,"{'max_depth': 5, 'learning_rate': 0.01, 'n_estimators': 100}","['spec_skew', 'NDSI', 'mfcc_std', 'wav_approx_std', 'mfcc_2']",0.8447653429602888,0.8068965517241379,0.8863636363636364,0.889464194876083,0.9247311827956989,0.9040219378427788,0.9464114832535885,0.9115134283286132,0.9705072748721982,1.0,0.9427043544690603,0.9919359573527642
XGB,0.9133346002093954,0.9036394965223056,0.9251598246954283,0.9385026737967914,0.9309711935191535,"{'max_depth': 5, 'learning_rate': 0.01, 'n_estimators': 100}","['spec_skew', 'NDSI', 'mfcc_var', 'mfcc_std', 'wav_approx_std', 'mfcc_2']",0.8447653429602888,0.8068965517241379,0.8863636363636364,0.889464194876083,0.9247311827956989,0.9040219378427788,0.9464114832535885,0.9115134283286132,0.9705072748721982,1.0,0.9427043544690603,0.9919359573527642
XGB,0.913310271439325,0.9092783804928639,0.9184256318157247,0.9385026737967914,0.9282733971858108,"{'max_depth': 5, 'learning_rate': 0.01, 'n_estimators': 50}","['mfcc_mean', 'spec_skew', 'spec_kurtosis', 'NDSI', 'mfcc_1', 'mfcc_std', 'wav_approx_std', 'mfcc_2']",0.845437616387337,0.8315018315018315,0.8598484848484849,0.8756065452139533,0.9250814332247557,0.9003623188405797,0.9511961722488038,0.9168785897033435,0.9694117647058823,0.9959709911361805,0.9442322383498855,0.9923350566401357
XGB,0.913310271439325,0.9092783804928639,0.9184256318157247,0.9385026737967914,0.9282733971858108,"{'max_depth': 5, 'learning_rate': 0.01, 'n_estimators': 50}","['mfcc_mean', 'spec_skew', 'spec_kurtosis', 'NDSI', 'mfcc_1', 'mfcc_var', 'wav_approx_std', 'mfcc_2']",0.845437616387337,0.8315018315018315,0.8598484848484849,0.8756065452139533,0.9250814332247557,0.9003623188405797,0.9511961722488038,0.9168785897033435,0.9694117647058823,0.9959709911361805,0.9442322383498855,0.9923350566401357
XGB,0.913310271439325,0.9092783804928639,0.9184256318157247,0.9385026737967914,0.9282733971858108,"{'max_depth': 5, 'learning_rate': 0.01, 'n_estimators': 50}","['mfcc_mean', 'spec_skew', 'spec_kurtosis', 'NDSI', 'mfcc_1', 'mfcc_var', 'mfcc_std', 'wav_approx_std', 'mfcc_2']",0.845437616387337,0.8315018315018315,0.8598484848484849,0.8756065452139533,0.9250814332247557,0.9003623188405797,0.9511961722488038,0.9168785897033435,0.9694117647058823,0.9959709911361805,0.9442322383498855,0.9923350566401357
XGB,0.9132943296073894,0.8998364005099934,0.9300550842346508,0.9377387318563789,0.9365558207600241,"{'max_depth': 5, 'learning_rate': 0.01, 'n_estimators': 50}","['mfcc_mean', 'NDSI', 'mfcc_1', 'wav_detail_lvl5_std', 'mfcc_2']",0.8465608465608465,0.7920792079207921,0.9090909090909091,0.9141700829462417,0.9231494578029231,0.9098513011152416,0.9368421052631579,0.9044219767849521,0.9701726844583988,0.9975786924939467,0.9442322383498855,0.9910754025488785
XGB,0.9132838363780413,0.9012641187079385,0.9279880851862276,0.9388846447669977,0.9510509277050927,"{'max_depth': 5, 'learning_rate': 0.1, 'n_estimators': 50}","['spec_skew', 'spec_kurtosis', 'NDSI', 'mfcc_1', 'wav_approx_std', 'mfcc_2']",0.8434163701067615,0.7953020134228188,0.8977272727272727,0.9133586569387366,0.9246704331450094,0.9101019462465245,0.939712918660287,0.9432044526446629,0.971764705882353,0.9983883964544722,0.946524064171123,0.9965896735318784
XGB,0.9132094069353359,0.899148640507904,0.930687681771273,0.9392666157372039,0.9500088132593625,"{'max_depth': 5, 'learning_rate': 0.1, 'n_estimators': 100}","['spec_kurtosis', 'NDSI', 'mfcc_1', 'mfcc_var', 'mfcc_std', 'wav_approx_std']",0.8421052631578947,0.7843137254901961,0.9090909090909091,0.8908129694748433,0.9244655581947744,0.9179245283018868,0.9311004784688995,0.9606932955729329,0.9730573994533386,0.9952076677316294,0.9518716577540107,0.9985201747303112
XGB,0.9132094069353359,0.899148640507904,0.930687681771273,0.9392666157372039,0.9500088132593625,"{'max_depth': 5, 'learning_rate': 0.1, 'n_estimators': 100}","['spec_kurtosis', 'NDSI', 'mfcc_1', 'mfcc_std', 'wav_approx_std']",0.8421052631578947,0.7843137254901961,0.9090909090909091,0.8908129694748433,0.9244655581947744,0.9179245283018868,0.9311004784688995,0.9606932955729329,0.9730573994533386,0.9952076677316294,0.9518716577540107,0.9985201747303112
XGB,0.9132094069353359,0.899148640507904,0.930687681771273,0.9392666157372039,0.9500088132593625,"{'max_depth': 5, 'learning_rate': 0.1, 'n_estimators': 100}","['spec_kurtosis', 'NDSI', 'mfcc_1', 'mfcc_var', 'wav_approx_std']",0.8421052631578947,0.7843137254901961,0.9090909090909091,0.8908129694748433,0.9244655581947744,0.9179245283018868,0.9311004784688995,0.9606932955729329,0.9730573994533386,0.9952076677316294,0.9518716577540107,0.9985201747303112
XGB,0.9131691225133496,0.9040216935329645,0.9240098910377549,0.9373567608861727,0.9417845084176021,"{'max_depth': 5, 'learning_rate': 0.01, 'n_estimators': 100}","['mfcc_mean', 'spec_kurtosis', 'NDSI', 'wav_detail_lvl5_std', 'mfcc_var', 'wav_approx_std', 'mfcc_2']",0.8478260869565217,0.8125,0.8863636363636364,0.9233238650545667,0.9230046948356807,0.9059907834101383,0.9406698564593301,0.9118420293455127,0.9686765857478465,0.993574297188755,0.944996180290298,0.9901876308527269
XGB,0.9131691225133496,0.9040216935329645,0.9240098910377549,0.9373567608861727,0.9417845084176021,"{'max_depth': 5, 'learning_rate': 0.01, 'n_estimators': 100}","['mfcc_mean', 'spec_kurtosis', 'NDSI', 'wav_detail_lvl5_std', 'mfcc_var', 'mfcc_std', 'wav_approx_std', 'mfcc_2']",0.8478260869565217,0.8125,0.8863636363636364,0.9233238650545667,0.9230046948356807,0.9059907834101383,0.9406698564593301,0.9118420293455127,0.9686765857478465,0.993574297188755,0.944996180290298,0.9901876308527269
XGB,0.9131691225133496,0.9040216935329645,0.9240098910377549,0.9373567608861727,0.9417845084176021,"{'max_depth': 5, 'learning_rate': 0.01, 'n_estimators': 100}","['mfcc_mean', 'spec_kurtosis', 'NDSI', 'wav_detail_lvl5_std', 'mfcc_std', 'wav_approx_std', 'mfcc_2']",0.8478260869565217,0.8125,0.8863636363636364,0.9233238650545667,0.9230046948356807,0.9059907834101383,0.9406698564593301,0.9118420293455127,0.9686765857478465,0.993574297188755,0.944996180290298,0.9901876308527269
XGB,0.9131248511740421,0.8937536857818604,0.9397302302101064,0.9373567608861727,0.9569201536172489,"{'max_depth': 3, 'learning_rate': 0.1, 'n_estimators': 100}","['spec_skew', 'spec_kurtosis', 'NDSI', 'mfcc_1', 'wav_detail_lvl5_std', 'mfcc_2']",0.8465430016863407,0.7629179331306991,0.9507575757575758,0.9265858669447343,0.9213806327900288,0.9231508165225745,0.9196172248803828,0.9475568308905538,0.9714509190457568,0.9951923076923077,0.9488158899923606,0.9966177630164584
XGB,0.9130830524210376,0.9055921145449037,0.921749896130701,0.9385026737967914,0.9519800833938978,"{'max_depth': 3, 'learning_rate': 0.1, 'n_estimators': 100}","['mfcc_mean', 'spec_skew', 'spec_kurtosis', 'mfcc_var', 'mfcc_std', 'mfcc_2']",0.8446069469835467,0.8162544169611308,0.875,0.9086874669686307,0.924306535025858,0.9085027726432532,0.9406698564593301,0.9500143382687448,0.970335675253708,0.9920191540303273,0.9495798319327731,0.9972384449443183
XGB,0.9130830524210376,0.9055921145449037,0.921749896130701,0.9385026737967914,0.9519800833938978,"{'max_depth': 3, 'learning_rate': 0.1, 'n_estimators': 100}","['mfcc_mean', 'spec_skew', 'spec_kurtosis', 'mfcc_std', 'mfcc_2']",0.8446069469835467,0.8162544169611308,0.875,0.9086874669686307,0.924306535025858,0.9085027726432532,0.9406698564593301,0.9500143382687448,0.970335675253708,0.9920191540303273,0.9495798319327731,0.9972384449443183
XGB,0.9130830524210376,0.9055921145449037,0.921749896130701,0.9385026737967914,0.9519800833938978,"{'max_depth': 3, 'learning_rate': 0.1, 'n_estimators': 100}","['mfcc_mean', 'spec_skew', 'spec_kurtosis', 'mfcc_var', 'mfcc_2']",0.8446069469835467,0.8162544169611308,0.875,0.9086874669686307,0.924306535025858,0.9085027726432532,0.9406698564593301,0.9500143382687448,0.970335675253708,0.9920191540303273,0.9495798319327731,0.9972384449443183
XGB,0.9130543420354963,0.9027950915039985,0.9253474595579858,0.9392666157372039,0.9325246718942258,"{'max_depth': 5, 'learning_rate': 0.01, 'n_estimators': 50}","['mfcc_mean', 'spec_skew', 'spec_kurtosis', 'NDSI', 'mfcc_1', 'wav_detail_lvl5_std', 'mfcc_var', 'wav_approx_std', 'mfcc_2']",0.841726618705036,0.8013698630136986,0.8863636363636364,0.9038804239864111,0.92524682651622,0.9094269870609981,0.9416267942583733,0.9031966536090983,0.9721895808852331,0.997588424437299,0.948051948051948,0.990496938087168
XGB,0.9130543420354963,0.9027950915039985,0.9253474595579858,0.9392666157372039,0.9325246718942258,"{'max_depth': 5, 'learning_rate': 0.01, 'n_estimators': 50}","['mfcc_mean', 'spec_skew', 'spec_kurtosis', 'NDSI', 'mfcc_1', 'wav_detail_lvl5_std', 'mfcc_std', 'wav_approx_std', 'mfcc_2']",0.841726618705036,0.8013698630136986,0.8863636363636364,0.9038804239864111,0.92524682651622,0.9094269870609981,0.9416267942583733,0.9031966536090983,0.9721895808852331,0.997588424437299,0.948051948051948,0.990496938087168
XGB,0.9130543420354963,0.9027950915039985,0.9253474595579858,0.9392666157372039,0.9325246718942258,"{'max_depth': 5, 'learning_rate': 0.01, 'n_estimators': 50}","['mfcc_mean', 'spec_skew', 'spec_kurtosis', 'NDSI', 'mfcc_1', 'wav_detail_lvl5_std', 'mfcc_var', 'mfcc_std', 'wav_approx_std', 'mfcc_2']",0.841726618705036,0.8013698630136986,0.8863636363636364,0.9038804239864111,0.92524682651622,0.9094269870609981,0.9416267942583733,0.9031966536090983,0.9721895808852331,0.997588424437299,0.948051948051948,0.990496938087168
XGB,0.9130181395486469,0.8974703516207819,0.932872734420722,0.9365928189457601,0.9575233421486028,"{'max_depth': 3, 'learning_rate': 0.1, 'n_estimators': 100}","['spec_skew', 'spec_kurtosis', 'NDSI', 'wav_detail_lvl5_std', 'mfcc_var', 'mfcc_std', 'wav_approx_std', 'mfcc_2']",0.8486956521739131,0.7845659163987139,0.9242424242424242,0.9196469077727577,0.9213270142180094,0.9126760563380282,0.9301435406698565,0.9558294862405325,0.969031752254018,0.9951690821256038,0.9442322383498855,0.997093632432518
XGB,0.9130181395486469,0.8974703516207819,0.932872734420722,0.9365928189457601,0.9575233421486028,"{'max_depth': 3, 'learning_rate': 0.1, 'n_estimators': 100}","['spec_skew', 'spec_kurtosis', 'NDSI', 'wav_detail_lvl5_std', 'mfcc_std', 'wav_approx_std', 'mfcc_2']",0.8486956521739131,0.7845659163987139,0.9242424242424242,0.9196469077727577,0.9213270142180094,0.9126760563380282,0.9301435406698565,0.9558294862405325,0.969031752254018,0.9951690821256038,0.9442322383498855,0.997093632432518
XGB,0.9130181395486469,0.8974703516207819,0.932872734420722,0.9365928189457601,0.9575233421486028,"{'max_depth': 3, 'learning_rate': 0.1, 'n_estimators': 100}","['spec_skew', 'spec_kurtosis', 'NDSI', 'wav_detail_lvl5_std', 'mfcc_var', 'wav_approx_std', 'mfcc_2']",0.8486956521739131,0.7845659163987139,0.9242424242424242,0.9196469077727577,0.9213270142180094,0.9126760563380282,0.9301435406698565,0.9558294862405325,0.969031752254018,0.9951690821256038,0.9442322383498855,0.997093632432518
XGB,0.9130035642984713,0.9033355687677987,0.9246611403732147,0.9392666157372039,0.9380859011073621,"{'max_depth': 5, 'learning_rate': 0.01, 'n_estimators': 50}","['mfcc_mean', 'spec_skew', 'NDSI', 'wav_detail_lvl5_std', 'mfcc_var', 'mfcc_2']",0.8411552346570397,0.803448275862069,0.8825757575757576,0.9144535759516434,0.9268978444236177,0.9081726354453628,0.9464114832535885,0.9089579400702833,0.9709576138147566,0.9983857949959645,0.944996180290298,0.9908461873001598
XGB,0.9130035642984713,0.9033355687677987,0.9246611403732147,0.9392666157372039,0.9380859011073621,"{'max_depth': 5, 'learning_rate': 0.01, 'n_estimators': 50}","['mfcc_mean', 'spec_skew', 'NDSI', 'wav_detail_lvl5_std', 'mfcc_var', 'mfcc_std', 'mfcc_2']",0.8411552346570397,0.803448275862069,0.8825757575757576,0.9144535759516434,0.9268978444236177,0.9081726354453628,0.9464114832535885,0.9089579400702833,0.9709576138147566,0.9983857949959645,0.944996180290298,0.9908461873001598
XGB,0.9130035642984713,0.9033355687677987,0.9246611403732147,0.9392666157372039,0.9380859011073621,"{'max_depth': 5, 'learning_rate': 0.01, 'n_estimators': 50}","['mfcc_mean', 'spec_skew', 'NDSI', 'wav_detail_lvl5_std', 'mfcc_std', 'mfcc_2']",0.8411552346570397,0.803448275862069,0.8825757575757576,0.9144535759516434,0.9268978444236177,0.9081726354453628,0.9464114832535885,0.9089579400702833,0.9709576138147566,0.9983857949959645,0.944996180290298,0.9908461873001598
XGB,0.9129461227819969,0.8972829867357462,0.9331406725369574,0.9381207028265852,0.9370208528297691,"{'max_depth': 5, 'learning_rate': 0.01, 'n_estimators': 100}","['mfcc_mean', 'spec_kurtosis', 'NDSI', 'wav_detail_lvl5_std', 'mfcc_std']",0.84375,0.7788461538461539,0.9204545454545454,0.8975782172153199,0.923368022705771,0.9130028063610851,0.9339712918660287,0.9225510955038176,0.9717203456402199,1.0,0.944996180290298,0.9909332457701697
XGB,0.9129461227819969,0.8972829867357462,0.9331406725369574,0.9381207028265852,0.9370208528297691,"{'max_depth': 5, 'learning_rate': 0.01, 'n_estimators': 100}","['mfcc_mean', 'spec_kurtosis', 'NDSI', 'wav_detail_lvl5_std', 'mfcc_var']",0.84375,0.7788461538461539,0.9204545454545454,0.8975782172153199,0.923368022705771,0.9130028063610851,0.9339712918660287,0.9225510955038176,0.9717203456402199,1.0,0.944996180290298,0.9909332457701697
XGB,0.9129461227819969,0.8972829867357462,0.9331406725369574,0.9381207028265852,0.9370208528297691,"{'max_depth': 5, 'learning_rate': 0.01, 'n_estimators': 100}","['mfcc_mean', 'spec_kurtosis', 'NDSI', 'wav_detail_lvl5_std', 'mfcc_var', 'mfcc_std']",0.84375,0.7788461538461539,0.9204545454545454,0.8975782172153199,0.923368022705771,0.9130028063610851,0.9339712918660287,0.9225510955038176,0.9717203456402199,1.0,0.944996180290298,0.9909332457701697
XGB,0.9129459699073075,0.8920162014579796,0.9428184990104495,0.9373567608861727,0.9545599308835929,"{'max_depth': 3, 'learning_rate': 0.1, 'n_estimators': 100}","['mfcc_mean', 'NDSI', 'mfcc_1', 'wav_detail_lvl5_std', 'mfcc_std', 'wav_approx_std']",0.8452579034941764,0.7537091988130564,0.9621212121212122,0.9110944378887267,0.921455938697318,0.9223394055608821,0.9205741626794258,0.9550093674262865,0.9721240675304279,1.0,0.9457601222307105,0.9975759873357656
XGB,0.9129459699073075,0.8920162014579796,0.9428184990104495,0.9373567608861727,0.9545599308835929,"{'max_depth': 3, 'learning_rate': 0.1, 'n_estimators': 100}","['mfcc_mean', 'NDSI', 'mfcc_1', 'wav_detail_lvl5_std', 'mfcc_var', 'mfcc_std', 'wav_approx_std']",0.8452579034941764,0.7537091988130564,0.9621212121212122,0.9110944378887267,0.921455938697318,0.9223394055608821,0.9205741626794258,0.9550093674262865,0.9721240675304279,1.0,0.9457601222307105,0.9975759873357656
XGB,0.9129459699073075,0.8920162014579796,0.9428184990104495,0.9373567608861727,0.9545599308835929,"{'max_depth': 3, 'learning_rate': 0.1, 'n_estimators': 100}","['mfcc_mean', 'NDSI', 'mfcc_1', 'wav_detail_lvl5_std', 'mfcc_var', 'wav_approx_std']",0.8452579034941764,0.7537091988130564,0.9621212121212122,0.9110944378887267,0.921455938697318,0.9223394055608821,0.9205741626794258,0.9550093674262865,0.9721240675304279,1.0,0.9457601222307105,0.9975759873357656
XGB,0.9129339499601935,0.897186450580806,0.9331273817341929,0.9369747899159664,0.9573827797390525,"{'max_depth': 3, 'learning_rate': 0.1, 'n_estimators': 100}","['spec_kurtosis', 'NDSI', 'wav_detail_lvl5_std', 'mfcc_std', 'wav_approx_std', 'mfcc_2']",0.8472222222222222,0.782051282051282,0.9242424242424242,0.9193534419328552,0.9217638691322901,0.9135338345864662,0.9301435406698565,0.9555607164642274,0.9698157585260682,0.9959742351046699,0.944996180290298,0.9972341808200751
XGB,0.9129339499601935,0.897186450580806,0.9331273817341929,0.9369747899159664,0.9573827797390525,"{'max_depth': 3, 'learning_rate': 0.1, 'n_estimators': 100}","['spec_kurtosis', 'NDSI', 'wav_detail_lvl5_std', 'mfcc_var', 'mfcc_std', 'wav_approx_std', 'mfcc_2']",0.8472222222222222,0.782051282051282,0.9242424242424242,0.9193534419328552,0.9217638691322901,0.9135338345864662,0.9301435406698565,0.9555607164642274,0.9698157585260682,0.9959742351046699,0.944996180290298,0.9972341808200751
XGB,0.9129339499601935,0.897186450580806,0.9331273817341929,0.9369747899159664,0.9573827797390525,"{'max_depth': 3, 'learning_rate': 0.1, 'n_estimators': 100}","['spec_kurtosis', 'NDSI', 'wav_detail_lvl5_std', 'mfcc_var', 'wav_approx_std', 'mfcc_2']",0.8472222222222222,0.782051282051282,0.9242424242424242,0.9193534419328552,0.9217638691322901,0.9135338345864662,0.9301435406698565,0.9555607164642274,0.9698157585260682,0.9959742351046699,0.944996180290298,0.9972341808200751
XGB,0.9129044677447177,0.8923027638929169,0.9419929056151967,0.9358288770053476,0.9287508322306319,"{'max_depth': 5, 'learning_rate': 0.01, 'n_estimators': 50}","['mfcc_mean', 'spec_skew', 'NDSI', 'mfcc_1', 'wav_detail_lvl5_std']",0.8494983277591973,0.7604790419161677,0.9621212121212122,0.8956579613681742,0.9199237368922784,0.9164292497625831,0.9234449760765551,0.9002805928176791,0.9692913385826771,1.0,0.9404125286478228,0.9903139425060427
XGB,0.9128746733749892,0.9028849226379484,0.9248381649310442,0.9385026737967914,0.932764330606882,"{'max_depth': 5, 'learning_rate': 0.01, 'n_estimators': 50}","['mfcc_mean', 'spec_kurtosis', 'NDSI', 'mfcc_1', 'wav_detail_lvl5_std', 'wav_approx_std', 'mfcc_2']",0.8432432432432433,0.8041237113402062,0.8863636363636364,0.9026041134024396,0.9243776420854861,0.9077490774907749,0.9416267942583733,0.9050744625182983,0.9710031347962382,0.996781979082864,0.946524064171123,0.9906144158999081
XGB,0.912824989025025,0.8999205368399842,0.9287281260191477,0.9373567608861727,0.9484982237047732,"{'max_depth': 5, 'learning_rate': 0.1, 'n_estimators': 100}","['mfcc_mean', 'spec_skew', 'spec_kurtosis', 'NDSI', 'wav_detail_lvl5_std', 'wav_approx_std']",0.8460176991150442,0.7940199335548173,0.9053030303030303,0.8956007099854597,0.9226415094339623,0.9097674418604651,0.9358851674641149,0.9530600820307551,0.9698157585260682,0.9959742351046699,0.944996180290298,0.9968338790981048
XGB,0.9127715459010751,0.8935941099504375,0.9389689687677304,0.9358288770053476,0.9295730896174538,"{'max_depth': 5, 'learning_rate': 0.01, 'n_estimators': 50}","['mfcc_mean', 'NDSI', 'mfcc_1', 'wav_detail_lvl5_std']",0.8494077834179357,0.7675840978593272,0.9507575757575758,0.8931782768943067,0.9199237368922784,0.9164292497625831,0.9234449760765551,0.9049881710753083,0.9689831173930114,0.9967689822294022,0.9427043544690603,0.9905528208827463
XGB,0.912757327254709,0.9007381519397107,0.9276074544650396,0.9381207028265852,0.9512237670914098,"{'max_depth': 3, 'learning_rate': 0.1, 'n_estimators': 100}","['mfcc_mean', 'spec_kurtosis', 'NDSI', 'mfcc_1', 'mfcc_var', 'mfcc_std', 'wav_approx_std', 'mfcc_2']",0.8434163701067615,0.7953020134228188,0.8977272727272727,0.9095823320444718,0.923943661971831,0.9069124423963134,0.9416267942583733,0.9469735625589768,0.9709119496855346,1.0,0.9434682964094728,0.9971154066707808
XGB,0.912757327254709,0.9007381519397107,0.9276074544650396,0.9381207028265852,0.9512237670914098,"{'max_depth': 3, 'learning_rate': 0.1, 'n_estimators': 100}","['mfcc_mean', 'spec_kurtosis', 'NDSI', 'mfcc_1', 'mfcc_var', 'wav_approx_std', 'mfcc_2']",0.8434163701067615,0.7953020134228188,0.8977272727272727,0.9095823320444718,0.923943661971831,0.9069124423963134,0.9416267942583733,0.9469735625589768,0.9709119496855346,1.0,0.9434682964094728,0.9971154066707808
XGB,0.912757327254709,0.9007381519397107,0.9276074544650396,0.9381207028265852,0.9512237670914098,"{'max_depth': 3, 'learning_rate': 0.1, 'n_estimators': 100}","['mfcc_mean', 'spec_kurtosis', 'NDSI', 'mfcc_1', 'mfcc_std', 'wav_approx_std', 'mfcc_2']",0.8434163701067615,0.7953020134228188,0.8977272727272727,0.9095823320444718,0.923943661971831,0.9069124423963134,0.9416267942583733,0.9469735625589768,0.9709119496855346,1.0,0.9434682964094728,0.9971154066707808
XGB,0.912747856213132,0.9014174324626788,0.9263825785497612,0.9354469060351414,0.9377091852545684,"{'max_depth': 5, 'learning_rate': 0.01, 'n_estimators': 100}","['mfcc_mean', 'wav_detail_lvl5_std', 'mfcc_var', 'mfcc_std', 'mfcc_2']",0.851520572450805,0.8067796610169492,0.9015151515151515,0.9171615668096803,0.9203956665096561,0.9063079777365491,0.9349282296650717,0.9053542588149668,0.966327329678935,0.9911646586345382,0.9427043544690603,0.990611730139058
XGB,0.912747856213132,0.9014174324626788,0.9263825785497612,0.9354469060351414,0.9377091852545684,"{'max_depth': 5, 'learning_rate': 0.01, 'n_estimators': 100}","['mfcc_mean', 'wav_detail_lvl5_std', 'mfcc_var', 'mfcc_2']",0.851520572450805,0.8067796610169492,0.9015151515151515,0.9171615668096803,0.9203956665096561,0.9063079777365491,0.9349282296650717,0.9053542588149668,0.966327329678935,0.9911646586345382,0.9427043544690603,0.990611730139058
XGB,0.912747856213132,0.9014174324626788,0.9263825785497612,0.9354469060351414,0.9377091852545684,"{'max_depth': 5, 'learning_rate': 0.01, 'n_estimators': 100}","['mfcc_mean', 'wav_detail_lvl5_std', 'mfcc_std', 'mfcc_2']",0.851520572450805,0.8067796610169492,0.9015151515151515,0.9171615668096803,0.9203956665096561,0.9063079777365491,0.9349282296650717,0.9053542588149668,0.966327329678935,0.9911646586345382,0.9427043544690603,0.990611730139058
XGB,0.9127316468317499,0.8926945878753108,0.9407408896572984,0.9369747899159664,0.9573796557234715,"{'max_depth': 3, 'learning_rate': 0.1, 'n_estimators': 100}","['NDSI', 'mfcc_1', 'wav_detail_lvl5_std', 'mfcc_var', 'mfcc_std', 'wav_approx_std', 'mfcc_2']",0.8456375838926175,0.7590361445783133,0.9545454545454546,0.9225019119679079,0.9212410501193318,0.919047619047619,0.9234449760765551,0.9527114350894741,0.9713163064833006,1.0,0.9442322383498855,0.9969256201130325
XGB,0.9127316468317499,0.8926945878753108,0.9407408896572984,0.9369747899159664,0.9573796557234715,"{'max_depth': 3, 'learning_rate': 0.1, 'n_estimators': 100}","['NDSI', 'mfcc_1', 'wav_detail_lvl5_std', 'mfcc_std', 'wav_approx_std', 'mfcc_2']",0.8456375838926175,0.7590361445783133,0.9545454545454546,0.9225019119679079,0.9212410501193318,0.919047619047619,0.9234449760765551,0.9527114350894741,0.9713163064833006,1.0,0.9442322383498855,0.9969256201130325
XGB,0.9127316468317499,0.8926945878753108,0.9407408896572984,0.9369747899159664,0.9573796557234715,"{'max_depth': 3, 'learning_rate': 0.1, 'n_estimators': 100}","['NDSI', 'mfcc_1', 'wav_detail_lvl5_std', 'mfcc_var', 'wav_approx_std', 'mfcc_2']",0.8456375838926175,0.7590361445783133,0.9545454545454546,0.9225019119679079,0.9212410501193318,0.919047619047619,0.9234449760765551,0.9527114350894741,0.9713163064833006,1.0,0.9442322383498855,0.9969256201130325
XGB,0.9127315024377755,0.8982891959200643,0.9310630631838062,0.9377387318563789,0.9563071860463758,"{'max_depth': 3, 'learning_rate': 0.1, 'n_estimators': 100}","['mfcc_mean', 'mfcc_1', 'wav_detail_lvl5_std', 'mfcc_std', 'wav_approx_std', 'mfcc_2']",0.8441330998248686,0.7850162866449512,0.9128787878787878,0.9238892354500227,0.9231494578029231,0.9098513011152416,0.9368421052631579,0.9480745663850427,0.9709119496855346,1.0,0.9434682964094728,0.9969577563040619
XGB,0.9127315024377755,0.8982891959200643,0.9310630631838062,0.9377387318563789,0.9563071860463758,"{'max_depth': 3, 'learning_rate': 0.1, 'n_estimators': 100}","['mfcc_mean', 'mfcc_1', 'wav_detail_lvl5_std', 'mfcc_var', 'wav_approx_std', 'mfcc_2']",0.8441330998248686,0.7850162866449512,0.9128787878787878,0.9238892354500227,0.9231494578029231,0.9098513011152416,0.9368421052631579,0.9480745663850427,0.9709119496855346,1.0,0.9434682964094728,0.9969577563040619
XGB,0.9127315024377755,0.8982891959200643,0.9310630631838062,0.9377387318563789,0.9563071860463758,"{'max_depth': 3, 'learning_rate': 0.1, 'n_estimators': 100}","['mfcc_mean', 'mfcc_1', 'wav_detail_lvl5_std', 'mfcc_var', 'mfcc_std', 'wav_approx_std', 'mfcc_2']",0.8441330998248686,0.7850162866449512,0.9128787878787878,0.9238892354500227,0.9231494578029231,0.9098513011152416,0.9368421052631579,0.9480745663850427,0.9709119496855346,1.0,0.9434682964094728,0.9969577563040619
XGB,0.9127205183211308,0.8951362781954888,0.9361513185816591,0.9369747899159664,0.9532047930848101,"{'max_depth': 3, 'learning_rate': 0.1, 'n_estimators': 100}","['mfcc_1', 'wav_detail_lvl5_std', 'mfcc_std', 'wav_approx_std', 'mfcc_2']",0.8458904109589042,0.771875,0.9356060606060606,0.9148770868857584,0.9217638691322901,0.9135338345864662,0.9301435406698565,0.9478884917319264,0.9705072748721982,1.0,0.9427043544690603,0.9968488006367453
XGB,0.9127205183211308,0.8951362781954888,0.9361513185816591,0.9369747899159664,0.9532047930848101,"{'max_depth': 3, 'learning_rate': 0.1, 'n_estimators': 100}","['mfcc_1', 'wav_detail_lvl5_std', 'mfcc_var', 'mfcc_std', 'wav_approx_std', 'mfcc_2']",0.8458904109589042,0.771875,0.9356060606060606,0.9148770868857584,0.9217638691322901,0.9135338345864662,0.9301435406698565,0.9478884917319264,0.9705072748721982,1.0,0.9427043544690603,0.9968488006367453
XGB,0.9127205183211308,0.8951362781954888,0.9361513185816591,0.9369747899159664,0.9532047930848101,"{'max_depth': 3, 'learning_rate': 0.1, 'n_estimators': 100}","['mfcc_1', 'wav_detail_lvl5_std', 'mfcc_var', 'wav_approx_std', 'mfcc_2']",0.8458904109589042,0.771875,0.9356060606060606,0.9148770868857584,0.9217638691322901,0.9135338345864662,0.9301435406698565,0.9478884917319264,0.9705072748721982,1.0,0.9427043544690603,0.9968488006367453
XGB,0.9127150849400447,0.8935079023154904,0.9391082429782122,0.9373567608861727,0.9582614125919315,"{'max_depth': 3, 'learning_rate': 0.1, 'n_estimators': 100}","['spec_skew', 'NDSI', 'mfcc_1', 'wav_detail_lvl5_std', 'mfcc_var', 'wav_approx_std', 'mfcc_2']",0.8445945945945946,0.7621951219512195,0.946969696969697,0.9212828410884834,0.9218303145853194,0.9183285849952516,0.9253588516746412,0.9563455022519947,0.9717203456402199,1.0,0.944996180290298,0.9971558944353169
XGB,0.9127150849400447,0.8935079023154904,0.9391082429782122,0.9373567608861727,0.9582614125919315,"{'max_depth': 3, 'learning_rate': 0.1, 'n_estimators': 100}","['spec_skew', 'NDSI', 'mfcc_1', 'wav_detail_lvl5_std', 'mfcc_var', 'mfcc_std', 'wav_approx_std', 'mfcc_2']",0.8445945945945946,0.7621951219512195,0.946969696969697,0.9212828410884834,0.9218303145853194,0.9183285849952516,0.9253588516746412,0.9563455022519947,0.9717203456402199,1.0,0.944996180290298,0.9971558944353169
XGB,0.9127150849400447,0.8935079023154904,0.9391082429782122,0.9373567608861727,0.9582614125919315,"{'max_depth': 3, 'learning_rate': 0.1, 'n_estimators': 100}","['spec_skew', 'NDSI', 'mfcc_1', 'wav_detail_lvl5_std', 'mfcc_std', 'wav_approx_std', 'mfcc_2']",0.8445945945945946,0.7621951219512195,0.946969696969697,0.9212828410884834,0.9218303145853194,0.9183285849952516,0.9253588516746412,0.9563455022519947,0.9717203456402199,1.0,0.944996180290298,0.9971558944353169
XGB,0.9126901189024776,0.9035683379651501,0.9238222561751973,0.9365928189457601,0.934088243520213,"{'max_depth': 5, 'learning_rate': 0.01, 'n_estimators': 50}","['mfcc_mean', 'spec_kurtosis', 'mfcc_1', 'wav_detail_lvl5_std', 'mfcc_2']",0.8478260869565217,0.8125,0.8863636363636364,0.9135572574250042,0.9225023342670402,0.9006381039197813,0.9454545454545454,0.8975478997822897,0.967741935483871,0.9975669099756691,0.9396485867074102,0.9911595733533454
XGB,0.9126655538912284,0.9017868012880332,0.9255111933130508,0.9373567608861727,0.9506574578578771,"{'max_depth': 3, 'learning_rate': 0.1, 'n_estimators': 100}","['mfcc_mean', 'spec_skew', 'spec_kurtosis', 'NDSI', 'mfcc_var', 'mfcc_std']",0.8458781362007168,0.8027210884353742,0.8939393939393939,0.8922717710085569,0.9232954545454546,0.9137769447047798,0.9330143540669856,0.9617503966943758,0.9688230709275136,0.9888623707239459,0.9495798319327731,0.9979502058706989
XGB,0.9126655538912284,0.9017868012880332,0.9255111933130508,0.9373567608861727,0.9506574578578771,"{'max_depth': 3, 'learning_rate': 0.1, 'n_estimators': 100}","['mfcc_mean', 'spec_skew', 'spec_kurtosis', 'NDSI', 'mfcc_std']",0.8458781362007168,0.8027210884353742,0.8939393939393939,0.8922717710085569,0.9232954545454546,0.9137769447047798,0.9330143540669856,0.9617503966943758,0.9688230709275136,0.9888623707239459,0.9495798319327731,0.9979502058706989
XGB,0.9126655538912284,0.9017868012880332,0.9255111933130508,0.9373567608861727,0.9506574578578771,"{'max_depth': 3, 'learning_rate': 0.1, 'n_estimators': 100}","['mfcc_mean', 'spec_skew', 'spec_kurtosis', 'NDSI', 'mfcc_var']",0.8458781362007168,0.8027210884353742,0.8939393939393939,0.8922717710085569,0.9232954545454546,0.9137769447047798,0.9330143540669856,0.9617503966943758,0.9688230709275136,0.9888623707239459,0.9495798319327731,0.9979502058706989
XGB,0.9126326370720842,0.8961159185360001,0.9342103029409531,0.9385026737967914,0.9472551371093338,"{'max_depth': 5, 'learning_rate': 0.01, 'n_estimators': 100}","['spec_skew', 'spec_kurtosis', 'NDSI', 'mfcc_1', 'wav_detail_lvl5_std', 'mfcc_var', 'mfcc_std', 'wav_approx_std']",0.8413793103448276,0.7721518987341772,0.9242424242424242,0.9038387892759543,0.9235880398671097,0.916195856873823,0.9311004784688995,0.9451990783593354,0.9729305610043154,1.0,0.9472880061115355,0.9927275436927119
XGB,0.9126326370720842,0.8961159185360001,0.9342103029409531,0.9385026737967914,0.9472551371093338,"{'max_depth': 5, 'learning_rate': 0.01, 'n_estimators': 100}","['spec_skew', 'spec_kurtosis', 'NDSI', 'mfcc_1', 'wav_detail_lvl5_std', 'mfcc_var', 'wav_approx_std']",0.8413793103448276,0.7721518987341772,0.9242424242424242,0.9038387892759543,0.9235880398671097,0.916195856873823,0.9311004784688995,0.9451990783593354,0.9729305610043154,1.0,0.9472880061115355,0.9927275436927119
XGB,0.9126326370720842,0.8961159185360001,0.9342103029409531,0.9385026737967914,0.9472551371093338,"{'max_depth': 5, 'learning_rate': 0.01, 'n_estimators': 100}","['spec_skew', 'spec_kurtosis', 'NDSI', 'mfcc_1', 'wav_detail_lvl5_std', 'mfcc_std', 'wav_approx_std']",0.8413793103448276,0.7721518987341772,0.9242424242424242,0.9038387892759543,0.9235880398671097,0.916195856873823,0.9311004784688995,0.9451990783593354,0.9729305610043154,1.0,0.9472880061115355,0.9927275436927119
XGB,0.9126247064168189,0.8996301586814669,0.9287175157144197,0.9358288770053476,0.9506048663699946,"{'max_depth': 5, 'learning_rate': 0.1, 'n_estimators': 50}","['spec_kurtosis', 'NDSI', 'mfcc_1', 'wav_approx_std']",0.8495575221238938,0.7973421926910299,0.9090909090909091,0.8939211920302006,0.9209039548022598,0.9063948100092678,0.9358851674641149,0.9594276381092346,0.9674126423243031,0.9951534733441034,0.9411764705882353,0.9984657689705485
XGB,0.9126196470987306,0.9082367099716531,0.9181066525493771,0.9381207028265852,0.9304146399340546,"{'max_depth': 5, 'learning_rate': 0.01, 'n_estimators': 50}","['mfcc_mean', 'spec_skew', 'NDSI', 'mfcc_var', 'mfcc_std', 'wav_approx_std', 'mfcc_2']",0.8438661710037175,0.8284671532846716,0.8598484848484849,0.8781203805090956,0.9245810055865922,0.900271985494107,0.9502392344497608,0.9214127774448619,0.9694117647058823,0.9959709911361805,0.9442322383498855,0.9917107618482062
XGB,0.9126196470987306,0.9082367099716531,0.9181066525493771,0.9381207028265852,0.9291264437504511,"{'max_depth': 5, 'learning_rate': 0.01, 'n_estimators': 50}","['mfcc_mean', 'spec_skew', 'NDSI', 'mfcc_1', 'mfcc_std', 'wav_approx_std', 'mfcc_2']",0.8438661710037175,0.8284671532846716,0.8598484848484849,0.877574072463751,0.9245810055865922,0.900271985494107,0.9502392344497608,0.9174375054676291,0.9694117647058823,0.9959709911361805,0.9442322383498855,0.992367753319973
XGB,0.9126196470987306,0.9082367099716531,0.9181066525493771,0.9381207028265852,0.9304146399340546,"{'max_depth': 5, 'learning_rate': 0.01, 'n_estimators': 50}","['mfcc_mean', 'spec_skew', 'NDSI', 'mfcc_var', 'wav_approx_std', 'mfcc_2']",0.8438661710037175,0.8284671532846716,0.8598484848484849,0.8781203805090956,0.9245810055865922,0.900271985494107,0.9502392344497608,0.9214127774448619,0.9694117647058823,0.9959709911361805,0.9442322383498855,0.9917107618482062
XGB,0.9126196470987306,0.9082367099716531,0.9181066525493771,0.9381207028265852,0.9304146399340546,"{'max_depth': 5, 'learning_rate': 0.01, 'n_estimators': 50}","['mfcc_mean', 'spec_skew', 'NDSI', 'mfcc_std', 'wav_approx_std', 'mfcc_2']",0.8438661710037175,0.8284671532846716,0.8598484848484849,0.8781203805090956,0.9245810055865922,0.900271985494107,0.9502392344497608,0.9214127774448619,0.9694117647058823,0.9959709911361805,0.9442322383498855,0.9917107618482062
XGB,0.9126196470987306,0.9082367099716531,0.9181066525493771,0.9381207028265852,0.9303282268026917,"{'max_depth': 5, 'learning_rate': 0.01, 'n_estimators': 50}","['mfcc_mean', 'spec_skew', 'spec_kurtosis', 'NDSI', 'mfcc_var', 'mfcc_std', 'wav_approx_std', 'mfcc_2']",0.8438661710037175,0.8284671532846716,0.8598484848484849,0.8783214530229371,0.9245810055865922,0.900271985494107,0.9502392344497608,0.9208185680575203,0.9694117647058823,0.9959709911361805,0.9442322383498855,0.9918446593276178
XGB,0.9126196470987306,0.9082367099716531,0.9181066525493771,0.9381207028265852,0.9291264437504511,"{'max_depth': 5, 'learning_rate': 0.01, 'n_estimators': 50}","['mfcc_mean', 'spec_skew', 'NDSI', 'mfcc_1', 'mfcc_var', 'mfcc_std', 'wav_approx_std', 'mfcc_2']",0.8438661710037175,0.8284671532846716,0.8598484848484849,0.877574072463751,0.9245810055865922,0.900271985494107,0.9502392344497608,0.9174375054676291,0.9694117647058823,0.9959709911361805,0.9442322383498855,0.992367753319973
XGB,0.9126196470987306,0.9082367099716531,0.9181066525493771,0.9381207028265852,0.9303282268026917,"{'max_depth': 5, 'learning_rate': 0.01, 'n_estimators': 50}","['mfcc_mean', 'spec_skew', 'spec_kurtosis', 'NDSI', 'mfcc_var', 'wav_approx_std', 'mfcc_2']",0.8438661710037175,0.8284671532846716,0.8598484848484849,0.8783214530229371,0.9245810055865922,0.900271985494107,0.9502392344497608,0.9208185680575203,0.9694117647058823,0.9959709911361805,0.9442322383498855,0.9918446593276178
XGB,0.9126196470987306,0.9082367099716531,0.9181066525493771,0.9381207028265852,0.9291264437504511,"{'max_depth': 5, 'learning_rate': 0.01, 'n_estimators': 50}","['mfcc_mean', 'spec_skew', 'NDSI', 'mfcc_1', 'mfcc_var', 'wav_approx_std', 'mfcc_2']",0.8438661710037175,0.8284671532846716,0.8598484848484849,0.877574072463751,0.9245810055865922,0.900271985494107,0.9502392344497608,0.9174375054676291,0.9694117647058823,0.9959709911361805,0.9442322383498855,0.992367753319973
XGB,0.9126196470987306,0.9082367099716531,0.9181066525493771,0.9381207028265852,0.9303282268026917,"{'max_depth': 5, 'learning_rate': 0.01, 'n_estimators': 50}","['mfcc_mean', 'spec_skew', 'spec_kurtosis', 'NDSI', 'mfcc_std', 'wav_approx_std', 'mfcc_2']",0.8438661710037175,0.8284671532846716,0.8598484848484849,0.8783214530229371,0.9245810055865922,0.900271985494107,0.9502392344497608,0.9208185680575203,0.9694117647058823,0.9959709911361805,0.9442322383498855,0.9918446593276178
XGB,0.9126082325402735,0.9029562871855686,0.9241491652482364,0.9388846447669977,0.93148399310226,"{'max_depth': 5, 'learning_rate': 0.01, 'n_estimators': 50}","['mfcc_mean', 'spec_skew', 'NDSI', 'mfcc_1', 'wav_detail_lvl5_std', 'wav_approx_std', 'mfcc_2']",0.8411552346570397,0.803448275862069,0.8825757575757576,0.8987667018622861,0.9248826291079812,0.9078341013824884,0.9425837320574163,0.9051249578000202,0.9717868338557993,0.997586484312148,0.9472880061115355,0.9905603196444739
XGB,0.9125991793152489,0.9003364313084523,0.927604773967003,0.9385026737967914,0.9513023933955069,"{'max_depth': 5, 'learning_rate': 0.1, 'n_estimators': 50}","['spec_skew', 'NDSI', 'mfcc_1', 'wav_approx_std', 'mfcc_2']",0.8419182948490231,0.7926421404682275,0.8977272727272727,0.917168081988443,0.9240924092409241,0.9107806691449815,0.937799043062201,0.9406188496609058,0.9717868338557993,0.997586484312148,0.9472880061115355,0.996120248537172
XGB,0.9125422153560746,0.8992345047562326,0.9289588722251261,0.935064935064935,0.9517470028997352,"{'max_depth': 5, 'learning_rate': 0.1, 'n_estimators': 100}","['mfcc_mean', 'spec_kurtosis', 'mfcc_1', 'wav_detail_lvl5_std', 'wav_approx_std']",0.8515901060070671,0.7980132450331126,0.9128787878787878,0.9096353371897176,0.9197355996222851,0.907735321528425,0.9320574162679426,0.949211248073256,0.9663009404388715,0.9919549477071601,0.9419404125286478,0.9963944234362323
XGB,0.912532709484695,0.8951144533283238,0.9357063559075942,0.9362108479755539,0.9474242943004404,"{'max_depth': 3, 'learning_rate': 0.1, 'n_estimators': 50}","['mfcc_mean', 'spec_skew', 'spec_kurtosis', 'NDSI', 'wav_detail_lvl5_std', 'mfcc_var', 'wav_approx_std']",0.8473413379073756,0.774294670846395,0.9356060606060606,0.9110222981829869,0.9209654519640322,0.9110486891385767,0.9311004784688995,0.9347629790224548,0.9692913385826771,1.0,0.9404125286478228,0.99648760569588
XGB,0.912532709484695,0.8951144533283238,0.9357063559075942,0.9362108479755539,0.9474242943004404,"{'max_depth': 3, 'learning_rate': 0.1, 'n_estimators': 50}","['mfcc_mean', 'spec_skew', 'spec_kurtosis', 'NDSI', 'wav_detail_lvl5_std', 'mfcc_std', 'wav_approx_std']",0.8473413379073756,0.774294670846395,0.9356060606060606,0.9110222981829869,0.9209654519640322,0.9110486891385767,0.9311004784688995,0.9347629790224548,0.9692913385826771,1.0,0.9404125286478228,0.99648760569588
XGB,0.912532709484695,0.8951144533283238,0.9357063559075942,0.9362108479755539,0.9474242943004404,"{'max_depth': 3, 'learning_rate': 0.1, 'n_estimators': 50}","['mfcc_mean', 'spec_skew', 'spec_kurtosis', 'NDSI', 'wav_detail_lvl5_std', 'mfcc_var', 'mfcc_std', 'wav_approx_std']",0.8473413379073756,0.774294670846395,0.9356060606060606,0.9110222981829869,0.9209654519640322,0.9110486891385767,0.9311004784688995,0.9347629790224548,0.9692913385826771,1.0,0.9404125286478228,0.99648760569588
XGB,0.9124900681350292,0.8958330704127748,0.9341114595758558,0.9343009931245225,0.94757131774912,"{'max_depth': 5, 'learning_rate': 0.1, 'n_estimators': 100}","['spec_skew', 'spec_kurtosis', 'wav_detail_lvl5_std', 'mfcc_var', 'wav_approx_std']",0.853195164075993,0.7841269841269841,0.9356060606060606,0.8993997690519553,0.9184060721062619,0.9106302916274694,0.9263157894736842,0.9473294876081054,0.9658689682228325,0.992741935483871,0.9404125286478228,0.9959846965872995
XGB,0.9124900681350292,0.8958330704127748,0.9341114595758558,0.9343009931245225,0.94757131774912,"{'max_depth': 5, 'learning_rate': 0.1, 'n_estimators': 100}","['spec_skew', 'spec_kurtosis', 'wav_detail_lvl5_std', 'mfcc_std', 'wav_approx_std']",0.853195164075993,0.7841269841269841,0.9356060606060606,0.8993997690519553,0.9184060721062619,0.9106302916274694,0.9263157894736842,0.9473294876081054,0.9658689682228325,0.992741935483871,0.9404125286478228,0.9959846965872995
XGB,0.9124900681350292,0.8958330704127748,0.9341114595758558,0.9343009931245225,0.94757131774912,"{'max_depth': 5, 'learning_rate': 0.1, 'n_estimators': 100}","['spec_skew', 'spec_kurtosis', 'wav_detail_lvl5_std', 'mfcc_var', 'mfcc_std', 'wav_approx_std']",0.853195164075993,0.7841269841269841,0.9356060606060606,0.8993997690519553,0.9184060721062619,0.9106302916274694,0.9263157894736842,0.9473294876081054,0.9658689682228325,0.992741935483871,0.9404125286478228,0.9959846965872995
XGB,0.9124687541869139,0.894406012083576,0.9365053676973182,0.9354469060351414,0.9569305063334159,"{'max_depth': 3, 'learning_rate': 0.1, 'n_estimators': 100}","['spec_kurtosis', 'mfcc_1', 'wav_detail_lvl5_std', 'mfcc_std', 'mfcc_2']",0.8498293515358362,0.7732919254658385,0.9431818181818182,0.9305457635101253,0.9192546583850931,0.9179389312977099,0.9205741626794258,0.9437155183838337,0.9683222526398123,0.9919871794871795,0.9457601222307105,0.9965302371062889
XGB,0.9124687541869139,0.894406012083576,0.9365053676973182,0.9354469060351414,0.9569305063334159,"{'max_depth': 3, 'learning_rate': 0.1, 'n_estimators': 100}","['spec_kurtosis', 'mfcc_1', 'wav_detail_lvl5_std', 'mfcc_var', 'mfcc_2']",0.8498293515358362,0.7732919254658385,0.9431818181818182,0.9305457635101253,0.9192546583850931,0.9179389312977099,0.9205741626794258,0.9437155183838337,0.9683222526398123,0.9919871794871795,0.9457601222307105,0.9965302371062889
XGB,0.9124687541869139,0.894406012083576,0.9365053676973182,0.9354469060351414,0.9569305063334159,"{'max_depth': 3, 'learning_rate': 0.1, 'n_estimators': 100}","['spec_kurtosis', 'mfcc_1', 'wav_detail_lvl5_std', 'mfcc_var', 'mfcc_std', 'mfcc_2']",0.8498293515358362,0.7732919254658385,0.9431818181818182,0.9305457635101253,0.9192546583850931,0.9179389312977099,0.9205741626794258,0.9437155183838337,0.9683222526398123,0.9919871794871795,0.9457601222307105,0.9965302371062889
XGB,0.9124379405885316,0.891846244005456,0.941478249992182,0.9358288770053476,0.9517111159370701,"{'max_depth': 3, 'learning_rate': 0.1, 'n_estimators': 100}","['spec_skew', 'spec_kurtosis', 'NDSI', 'mfcc_1', 'wav_detail_lvl5_std', 'mfcc_var', 'mfcc_std']",0.8480801335559266,0.7582089552238805,0.9621212121212122,0.9101069534080616,0.9197501201345507,0.9237451737451737,0.9157894736842105,0.9480545307660915,0.9694835680751174,0.9935846030473136,0.946524064171123,0.9969718636370575
XGB,0.9124379405885316,0.891846244005456,0.941478249992182,0.9358288770053476,0.9517111159370701,"{'max_depth': 3, 'learning_rate': 0.1, 'n_estimators': 100}","['spec_skew', 'spec_kurtosis', 'NDSI', 'mfcc_1', 'wav_detail_lvl5_std', 'mfcc_std']",0.8480801335559266,0.7582089552238805,0.9621212121212122,0.9101069534080616,0.9197501201345507,0.9237451737451737,0.9157894736842105,0.9480545307660915,0.9694835680751174,0.9935846030473136,0.946524064171123,0.9969718636370575
XGB,0.9124379405885316,0.891846244005456,0.941478249992182,0.9358288770053476,0.9517111159370701,"{'max_depth': 3, 'learning_rate': 0.1, 'n_estimators': 100}","['spec_skew', 'spec_kurtosis', 'NDSI', 'mfcc_1', 'wav_detail_lvl5_std', 'mfcc_var']",0.8480801335559266,0.7582089552238805,0.9621212121212122,0.9101069534080616,0.9197501201345507,0.9237451737451737,0.9157894736842105,0.9480545307660915,0.9694835680751174,0.9935846030473136,0.946524064171123,0.9969718636370575
XGB,0.9124221163197562,0.9043341932949907,0.922200219800839,0.9385026737967914,0.9420194966357719,"{'max_depth': 3, 'learning_rate': 0.1, 'n_estimators': 100}","['mfcc_std', 'wav_approx_std', 'mfcc_2']",0.8415300546448088,0.8105263157894737,0.875,0.8949855088753467,0.9248014946286782,0.9032846715328468,0.9473684210526315,0.9341938469849005,0.9709347996857817,0.9991915925626516,0.9442322383498855,0.9968791340470686
XGB,0.9124221163197562,0.9043341932949907,0.922200219800839,0.9385026737967914,0.9420194966357719,"{'max_depth': 3, 'learning_rate': 0.1, 'n_estimators': 100}","['mfcc_var', 'wav_approx_std', 'mfcc_2']",0.8415300546448088,0.8105263157894737,0.875,0.8949855088753467,0.9248014946286782,0.9032846715328468,0.9473684210526315,0.9341938469849005,0.9709347996857817,0.9991915925626516,0.9442322383498855,0.9968791340470686
XGB,0.9124221163197562,0.9043341932949907,0.922200219800839,0.9385026737967914,0.9420194966357719,"{'max_depth': 3, 'learning_rate': 0.1, 'n_estimators': 100}","['mfcc_var', 'mfcc_std', 'wav_approx_std', 'mfcc_2']",0.8415300546448088,0.8105263157894737,0.875,0.8949855088753467,0.9248014946286782,0.9032846715328468,0.9473684210526315,0.9341938469849005,0.9709347996857817,0.9991915925626516,0.9442322383498855,0.9968791340470686
XGB,0.9123850472067229,0.8949292452830188,0.9355883023065686,0.9377387318563789,0.9591670829904039,"{'max_depth': 3, 'learning_rate': 0.1, 'n_estimators': 100}","['spec_kurtosis', 'NDSI', 'mfcc_1', 'wav_detail_lvl5_std', 'mfcc_var', 'wav_approx_std', 'mfcc_2']",0.8424657534246576,0.76875,0.9318181818181818,0.9229381985296213,0.9225653206650831,0.9160377358490566,0.9291866028708134,0.9573433373187951,0.9721240675304279,1.0,0.9457601222307105,0.9972197131227953
XGB,0.9123850472067229,0.8949292452830188,0.9355883023065686,0.9377387318563789,0.9591670829904039,"{'max_depth': 3, 'learning_rate': 0.1, 'n_estimators': 100}","['spec_kurtosis', 'NDSI', 'mfcc_1', 'wav_detail_lvl5_std', 'mfcc_std', 'wav_approx_std', 'mfcc_2']",0.8424657534246576,0.76875,0.9318181818181818,0.9229381985296213,0.9225653206650831,0.9160377358490566,0.9291866028708134,0.9573433373187951,0.9721240675304279,1.0,0.9457601222307105,0.9972197131227953
XGB,0.9123850472067229,0.8949292452830188,0.9355883023065686,0.9377387318563789,0.9591670829904039,"{'max_depth': 3, 'learning_rate': 0.1, 'n_estimators': 100}","['spec_kurtosis', 'NDSI', 'mfcc_1', 'wav_detail_lvl5_std', 'mfcc_var', 'mfcc_std', 'wav_approx_std', 'mfcc_2']",0.8424657534246576,0.76875,0.9318181818181818,0.9229381985296213,0.9225653206650831,0.9160377358490566,0.9291866028708134,0.9573433373187951,0.9721240675304279,1.0,0.9457601222307105,0.9972197131227953
XGB,0.9123805637813779,0.9024105241335117,0.9245861981156098,0.9377387318563789,0.9316712765748713,"{'max_depth': 5, 'learning_rate': 0.01, 'n_estimators': 100}","['spec_skew', 'spec_kurtosis', 'NDSI', 'mfcc_var', 'wav_approx_std', 'mfcc_2']",0.8432432432432433,0.8041237113402062,0.8863636363636364,0.8906141311292644,0.9237961664329126,0.903107861060329,0.9454545454545454,0.912630794219897,0.970102281667978,1.0,0.9419404125286478,0.9917689043754526
XGB,0.9123805637813779,0.9024105241335117,0.9245861981156098,0.9377387318563789,0.9316712765748713,"{'max_depth': 5, 'learning_rate': 0.01, 'n_estimators': 100}","['spec_skew', 'spec_kurtosis', 'NDSI', 'mfcc_std', 'wav_approx_std', 'mfcc_2']",0.8432432432432433,0.8041237113402062,0.8863636363636364,0.8906141311292644,0.9237961664329126,0.903107861060329,0.9454545454545454,0.912630794219897,0.970102281667978,1.0,0.9419404125286478,0.9917689043754526
XGB,0.9123805637813779,0.9024105241335117,0.9245861981156098,0.9377387318563789,0.9316712765748713,"{'max_depth': 5, 'learning_rate': 0.01, 'n_estimators': 100}","['spec_skew', 'spec_kurtosis', 'NDSI', 'mfcc_var', 'mfcc_std', 'wav_approx_std', 'mfcc_2']",0.8432432432432433,0.8041237113402062,0.8863636363636364,0.8906141311292644,0.9237961664329126,0.903107861060329,0.9454545454545454,0.912630794219897,0.970102281667978,1.0,0.9419404125286478,0.9917689043754526
XGB,0.9123756031499871,0.9035805267719281,0.9229402606337591,0.9369747899159664,0.9245598892306499,"{'max_depth': 5, 'learning_rate': 0.01, 'n_estimators': 50}","['mfcc_mean', 'spec_skew', 'NDSI', 'mfcc_1', 'mfcc_std', 'mfcc_2']",0.8457350272232305,0.8118466898954704,0.8825757575757576,0.8627169123729636,0.9227889564810482,0.9029304029304029,0.9435406698564593,0.9170939638213781,0.9686028257456829,0.9959644874899112,0.9427043544690603,0.9938687914976082
XGB,0.9123756031499871,0.9035805267719281,0.9229402606337591,0.9369747899159664,0.9245598892306499,"{'max_depth': 5, 'learning_rate': 0.01, 'n_estimators': 50}","['mfcc_mean', 'spec_skew', 'NDSI', 'mfcc_1', 'mfcc_var', 'mfcc_2']",0.8457350272232305,0.8118466898954704,0.8825757575757576,0.8627169123729636,0.9227889564810482,0.9029304029304029,0.9435406698564593,0.9170939638213781,0.9686028257456829,0.9959644874899112,0.9427043544690603,0.9938687914976082
XGB,0.9123756031499871,0.9035805267719281,0.9229402606337591,0.9369747899159664,0.9245598892306499,"{'max_depth': 5, 'learning_rate': 0.01, 'n_estimators': 50}","['mfcc_mean', 'spec_skew', 'NDSI', 'mfcc_1', 'mfcc_var', 'mfcc_std', 'mfcc_2']",0.8457350272232305,0.8118466898954704,0.8825757575757576,0.8627169123729636,0.9227889564810482,0.9029304029304029,0.9435406698564593,0.9170939638213781,0.9686028257456829,0.9959644874899112,0.9427043544690603,0.9938687914976082
XGB,0.9123336346737183,0.8923545917313295,0.9399476856133203,0.9339190221543163,0.9576898450793507,"{'max_depth': 3, 'learning_rate': 0.1, 'n_estimators': 100}","['spec_skew', 'spec_kurtosis', 'wav_detail_lvl5_std', 'mfcc_var', 'mfcc_2']",0.853781512605042,0.7673716012084593,0.9621212121212122,0.9315637224918998,0.9167869167869168,0.9216634429400387,0.9119617224880383,0.9450805964202478,0.9664324746291959,0.9880287310454908,0.9457601222307105,0.9964252163259044
XGB,0.9123336346737183,0.8923545917313295,0.9399476856133203,0.9339190221543163,0.9576898450793507,"{'max_depth': 3, 'learning_rate': 0.1, 'n_estimators': 100}","['spec_skew', 'spec_kurtosis', 'wav_detail_lvl5_std', 'mfcc_std', 'mfcc_2']",0.853781512605042,0.7673716012084593,0.9621212121212122,0.9315637224918998,0.9167869167869168,0.9216634429400387,0.9119617224880383,0.9450805964202478,0.9664324746291959,0.9880287310454908,0.9457601222307105,0.9964252163259044
XGB,0.9123336346737183,0.8923545917313295,0.9399476856133203,0.9339190221543163,0.9576898450793507,"{'max_depth': 3, 'learning_rate': 0.1, 'n_estimators': 100}","['spec_skew', 'spec_kurtosis', 'wav_detail_lvl5_std', 'mfcc_var', 'mfcc_std', 'mfcc_2']",0.853781512605042,0.7673716012084593,0.9621212121212122,0.9315637224918998,0.9167869167869168,0.9216634429400387,0.9119617224880383,0.9450805964202478,0.9664324746291959,0.9880287310454908,0.9457601222307105,0.9964252163259044
XGB,0.912324144686647,0.8910845112079407,0.9428078887057215,0.9358288770053476,0.9461238685490286,"{'max_depth': 3, 'learning_rate': 0.1, 'n_estimators': 50}","['spec_kurtosis', 'NDSI', 'mfcc_1', 'wav_detail_lvl5_std', 'mfcc_var', 'mfcc_std', 'wav_approx_std']",0.8471760797342193,0.7544378698224852,0.9659090909090909,0.9040886830920846,0.9196940726577438,0.9188156638013372,0.9205741626794258,0.9377270886639683,0.970102281667978,1.0,0.9419404125286478,0.9965558338910327
XGB,0.912324144686647,0.8910845112079407,0.9428078887057215,0.9358288770053476,0.9461238685490286,"{'max_depth': 3, 'learning_rate': 0.1, 'n_estimators': 50}","['spec_kurtosis', 'NDSI', 'mfcc_1', 'wav_detail_lvl5_std', 'mfcc_var', 'wav_approx_std']",0.8471760797342193,0.7544378698224852,0.9659090909090909,0.9040886830920846,0.9196940726577438,0.9188156638013372,0.9205741626794258,0.9377270886639683,0.970102281667978,1.0,0.9419404125286478,0.9965558338910327
XGB,0.912324144686647,0.8910845112079407,0.9428078887057215,0.9358288770053476,0.9461238685490286,"{'max_depth': 3, 'learning_rate': 0.1, 'n_estimators': 50}","['spec_kurtosis', 'NDSI', 'mfcc_1', 'wav_detail_lvl5_std', 'mfcc_std', 'wav_approx_std']",0.8471760797342193,0.7544378698224852,0.9659090909090909,0.9040886830920846,0.9196940726577438,0.9188156638013372,0.9205741626794258,0.9377270886639683,0.970102281667978,1.0,0.9419404125286478,0.9965558338910327
XGB,0.9123146596828701,0.8953892749005833,0.9345053810998083,0.9362108479755539,0.9558420554461318,"{'max_depth': 3, 'learning_rate': 0.1, 'n_estimators': 100}","['spec_skew', 'spec_kurtosis', 'wav_detail_lvl5_std', 'mfcc_std', 'wav_approx_std', 'mfcc_2']",0.846815834767642,0.7760252365930599,0.9318181818181818,0.9174303965468427,0.9207403891789274,0.9133709981167608,0.9282296650717703,0.953167482174203,0.9693877551020408,0.9967715899919289,0.9434682964094728,0.9969282876173498
XGB,0.9123146596828701,0.8953892749005833,0.9345053810998083,0.9362108479755539,0.9558420554461318,"{'max_depth': 3, 'learning_rate': 0.1, 'n_estimators': 100}","['spec_skew', 'spec_kurtosis', 'wav_detail_lvl5_std', 'mfcc_var', 'wav_approx_std', 'mfcc_2']",0.846815834767642,0.7760252365930599,0.9318181818181818,0.9174303965468427,0.9207403891789274,0.9133709981167608,0.9282296650717703,0.953167482174203,0.9693877551020408,0.9967715899919289,0.9434682964094728,0.9969282876173498
XGB,0.9123146596828701,0.8953892749005833,0.9345053810998083,0.9362108479755539,0.9558420554461318,"{'max_depth': 3, 'learning_rate': 0.1, 'n_estimators': 100}","['spec_skew', 'spec_kurtosis', 'wav_detail_lvl5_std', 'mfcc_var', 'mfcc_std', 'wav_approx_std', 'mfcc_2']",0.846815834767642,0.7760252365930599,0.9318181818181818,0.9174303965468427,0.9207403891789274,0.9133709981167608,0.9282296650717703,0.953167482174203,0.9693877551020408,0.9967715899919289,0.9434682964094728,0.9969282876173498
XGB,0.9122664245410136,0.9081988958431304,0.9173294198062,0.9358288770053476,0.9426660593021662,"{'max_depth': 3, 'learning_rate': 0.1, 'n_estimators': 100}","['mfcc_1', 'wav_approx_std', 'mfcc_2']",0.8491620111731844,0.8351648351648352,0.8636363636363636,0.8978789601687561,0.9217148182665424,0.8982742960944596,0.9464114832535885,0.933359014137934,0.9659224441833137,0.9911575562700965,0.9419404125286478,0.9967602035998084
XGB,0.9122167404278935,0.905085342666747,0.9204229379151979,0.9381207028265852,0.9519200854514445,"{'max_depth': 3, 'learning_rate': 0.1, 'n_estimators': 100}","['mfcc_mean', 'spec_kurtosis', 'mfcc_std', 'mfcc_2']",0.8424908424908425,0.8156028368794326,0.8712121212121212,0.9086221803807604,0.9238005644402634,0.9084181313598519,0.939712918660287,0.9498343466173653,0.9703588143525741,0.9912350597609562,0.9503437738731857,0.9973037293562077
XGB,0.9122167404278935,0.905085342666747,0.9204229379151979,0.9381207028265852,0.9519200854514445,"{'max_depth': 3, 'learning_rate': 0.1, 'n_estimators': 100}","['mfcc_mean', 'spec_kurtosis', 'mfcc_var', 'mfcc_2']",0.8424908424908425,0.8156028368794326,0.8712121212121212,0.9086221803807604,0.9238005644402634,0.9084181313598519,0.939712918660287,0.9498343466173653,0.9703588143525741,0.9912350597609562,0.9503437738731857,0.9973037293562077
XGB,0.9122167404278935,0.905085342666747,0.9204229379151979,0.9381207028265852,0.9519200854514445,"{'max_depth': 3, 'learning_rate': 0.1, 'n_estimators': 100}","['mfcc_mean', 'spec_kurtosis', 'mfcc_var', 'mfcc_std', 'mfcc_2']",0.8424908424908425,0.8156028368794326,0.8712121212121212,0.9086221803807604,0.9238005644402634,0.9084181313598519,0.939712918660287,0.9498343466173653,0.9703588143525741,0.9912350597609562,0.9503437738731857,0.9973037293562077
XGB,0.9121335384134319,0.8987573132891459,0.9289211218777783,0.9373567608861727,0.9461672431042731,"{'max_depth': 3, 'learning_rate': 0.1, 'n_estimators': 100}","['mfcc_mean', 'spec_kurtosis', 'NDSI', 'mfcc_std', 'wav_approx_std']",0.8430335097001763,0.7887788778877888,0.9053030303030303,0.8965107109697517,0.922859830667921,0.9074930619796485,0.938755980861244,0.9445200931393269,0.9705072748721982,1.0,0.9427043544690603,0.9974709252037409
XGB,0.9121335384134319,0.8987573132891459,0.9289211218777783,0.9373567608861727,0.9461672431042731,"{'max_depth': 3, 'learning_rate': 0.1, 'n_estimators': 100}","['mfcc_mean', 'spec_kurtosis', 'NDSI', 'mfcc_var', 'wav_approx_std']",0.8430335097001763,0.7887788778877888,0.9053030303030303,0.8965107109697517,0.922859830667921,0.9074930619796485,0.938755980861244,0.9445200931393269,0.9705072748721982,1.0,0.9427043544690603,0.9974709252037409
XGB,0.9121335384134319,0.8987573132891459,0.9289211218777783,0.9373567608861727,0.9461672431042731,"{'max_depth': 3, 'learning_rate': 0.1, 'n_estimators': 100}","['mfcc_mean', 'spec_kurtosis', 'NDSI', 'mfcc_var', 'mfcc_std', 'wav_approx_std']",0.8430335097001763,0.7887788778877888,0.9053030303030303,0.8965107109697517,0.922859830667921,0.9074930619796485,0.938755980861244,0.9445200931393269,0.9705072748721982,1.0,0.9427043544690603,0.9974709252037409
XGB,0.9121124030013235,0.8993607664018741,0.9277605779153767,0.9346829640947288,0.9527502811996511,"{'max_depth': 5, 'learning_rate': 0.1, 'n_estimators': 100}","['mfcc_mean', 'spec_kurtosis', 'mfcc_1', 'wav_detail_lvl5_std', 'mfcc_std', 'wav_approx_std']",0.851063829787234,0.8,0.9090909090909091,0.91266489648216,0.9193776520509194,0.9061338289962825,0.9330143540669856,0.9491978832066881,0.9658957271658173,0.9919484702093397,0.9411764705882353,0.996388063910105
XGB,0.9121124030013235,0.8993607664018741,0.9277605779153767,0.9346829640947288,0.9527502811996511,"{'max_depth': 5, 'learning_rate': 0.1, 'n_estimators': 100}","['mfcc_mean', 'spec_kurtosis', 'mfcc_1', 'wav_detail_lvl5_std', 'mfcc_var', 'wav_approx_std']",0.851063829787234,0.8,0.9090909090909091,0.91266489648216,0.9193776520509194,0.9061338289962825,0.9330143540669856,0.9491978832066881,0.9658957271658173,0.9919484702093397,0.9411764705882353,0.996388063910105
XGB,0.9121124030013235,0.8993607664018741,0.9277605779153767,0.9346829640947288,0.9527502811996511,"{'max_depth': 5, 'learning_rate': 0.1, 'n_estimators': 100}","['mfcc_mean', 'spec_kurtosis', 'mfcc_1', 'wav_detail_lvl5_std', 'mfcc_var', 'mfcc_std', 'wav_approx_std']",0.851063829787234,0.8,0.9090909090909091,0.91266489648216,0.9193776520509194,0.9061338289962825,0.9330143540669856,0.9491978832066881,0.9658957271658173,0.9919484702093397,0.9411764705882353,0.996388063910105
XGB,0.9120512050805933,0.9008601253439013,0.9255782057639643,0.9369747899159664,0.9457771529960072,"{'max_depth': 5, 'learning_rate': 0.1, 'n_estimators': 100}","['mfcc_mean', 'spec_skew', 'NDSI', 'wav_detail_lvl5_std', 'wav_approx_std']",0.8443649373881932,0.8,0.8939393939393939,0.8900270005314052,0.9223529411764706,0.9074074074074074,0.937799043062201,0.9506410912149976,0.969435736677116,0.995172968624296,0.944996180290298,0.9966633672416187
XGB,0.9119982182607295,0.9051384223024396,0.9200582784948109,0.9381207028265852,0.9446968186843119,"{'max_depth': 5, 'learning_rate': 0.1, 'n_estimators': 50}","['mfcc_mean', 'mfcc_var', 'mfcc_std', 'wav_approx_std', 'mfcc_2']",0.8403669724770643,0.8149466192170819,0.8674242424242424,0.8870080142407377,0.9292740046838408,0.9100917431192661,0.9492822966507177,0.9498836827509982,0.9663536776212832,0.9903769045709703,0.9434682964094728,0.9971987590611999
XGB,0.9119982182607295,0.9051384223024396,0.9200582784948109,0.9381207028265852,0.9446968186843119,"{'max_depth': 5, 'learning_rate': 0.1, 'n_estimators': 50}","['mfcc_mean', 'mfcc_std', 'wav_approx_std', 'mfcc_2']",0.8403669724770643,0.8149466192170819,0.8674242424242424,0.8870080142407377,0.9292740046838408,0.9100917431192661,0.9492822966507177,0.9498836827509982,0.9663536776212832,0.9903769045709703,0.9434682964094728,0.9971987590611999
XGB,0.9119982182607295,0.9051384223024396,0.9200582784948109,0.9381207028265852,0.9446968186843119,"{'max_depth': 5, 'learning_rate': 0.1, 'n_estimators': 50}","['mfcc_mean', 'mfcc_var', 'wav_approx_std', 'mfcc_2']",0.8403669724770643,0.8149466192170819,0.8674242424242424,0.8870080142407377,0.9292740046838408,0.9100917431192661,0.9492822966507177,0.9498836827509982,0.9663536776212832,0.9903769045709703,0.9434682964094728,0.9971987590611999
XGB,0.9119674787212416,0.893189464452159,0.937526637449238,0.9365928189457601,0.959732133909581,"{'max_depth': 3, 'learning_rate': 0.1, 'n_estimators': 100}","['spec_skew', 'NDSI', 'mfcc_1', 'wav_detail_lvl5_std', 'wav_approx_std', 'mfcc_2']",0.8440677966101695,0.7638036809815951,0.9431818181818182,0.9258937166015145,0.9208770257387988,0.9173789173789174,0.9244019138755981,0.9562620862156705,0.9709576138147566,0.9983857949959645,0.944996180290298,0.997040598911558
XGB,0.9119191676514079,0.899904592709567,0.926843512524627,0.9369747899159664,0.9464495214091043,"{'max_depth': 3, 'learning_rate': 0.1, 'n_estimators': 100}","['mfcc_mean', 'spec_skew', 'spec_kurtosis', 'NDSI', 'mfcc_var', 'mfcc_std', 'wav_approx_std']",0.8434163701067615,0.7953020134228188,0.8977272727272727,0.8975732481936214,0.9226441631504922,0.9044117647058824,0.9416267942583733,0.944426863372659,0.9696969696969697,1.0,0.9411764705882353,0.997348452661033
XGB,0.9119191676514079,0.899904592709567,0.926843512524627,0.9369747899159664,0.9464495214091043,"{'max_depth': 3, 'learning_rate': 0.1, 'n_estimators': 100}","['mfcc_mean', 'spec_skew', 'spec_kurtosis', 'NDSI', 'mfcc_var', 'wav_approx_std']",0.8434163701067615,0.7953020134228188,0.8977272727272727,0.8975732481936214,0.9226441631504922,0.9044117647058824,0.9416267942583733,0.944426863372659,0.9696969696969697,1.0,0.9411764705882353,0.997348452661033
XGB,0.9119191676514079,0.899904592709567,0.926843512524627,0.9369747899159664,0.9464495214091043,"{'max_depth': 3, 'learning_rate': 0.1, 'n_estimators': 100}","['mfcc_mean', 'spec_skew', 'spec_kurtosis', 'NDSI', 'mfcc_std', 'wav_approx_std']",0.8434163701067615,0.7953020134228188,0.8977272727272727,0.8975732481936214,0.9226441631504922,0.9044117647058824,0.9416267942583733,0.944426863372659,0.9696969696969697,1.0,0.9411764705882353,0.997348452661033
XGB,0.9119078460100926,0.8912127415115408,0.9411619512238708,0.935064935064935,0.9315185381449599,"{'max_depth': 5, 'learning_rate': 0.01, 'n_estimators': 50}","['mfcc_mean', 'NDSI', 'mfcc_1', 'wav_detail_lvl5_std', 'mfcc_var', 'mfcc_std']",0.8480801335559266,0.7582089552238805,0.9621212121212122,0.8927704657017081,0.9186602870813397,0.9186602870813397,0.9186602870813397,0.9107933476971035,0.9689831173930114,0.9967689822294022,0.9427043544690603,0.9909918010360683
XGB,0.9119078460100926,0.8912127415115408,0.9411619512238708,0.935064935064935,0.9315185381449599,"{'max_depth': 5, 'learning_rate': 0.01, 'n_estimators': 50}","['mfcc_mean', 'NDSI', 'mfcc_1', 'wav_detail_lvl5_std', 'mfcc_std']",0.8480801335559266,0.7582089552238805,0.9621212121212122,0.8927704657017081,0.9186602870813397,0.9186602870813397,0.9186602870813397,0.9107933476971035,0.9689831173930114,0.9967689822294022,0.9427043544690603,0.9909918010360683
XGB,0.9119078460100926,0.8912127415115408,0.9411619512238708,0.935064935064935,0.9315185381449599,"{'max_depth': 5, 'learning_rate': 0.01, 'n_estimators': 50}","['mfcc_mean', 'NDSI', 'mfcc_1', 'wav_detail_lvl5_std', 'mfcc_var']",0.8480801335559266,0.7582089552238805,0.9621212121212122,0.8927704657017081,0.9186602870813397,0.9186602870813397,0.9186602870813397,0.9107933476971035,0.9689831173930114,0.9967689822294022,0.9427043544690603,0.9909918010360683
XGB,0.9118548164235548,0.8983184705138682,0.9285755610059016,0.9346829640947288,0.93822107388575,"{'max_depth': 5, 'learning_rate': 0.01, 'n_estimators': 100}","['mfcc_mean', 'mfcc_1', 'wav_detail_lvl5_std', 'mfcc_2']",0.8500881834215167,0.7953795379537953,0.9128787878787878,0.9183156994764783,0.9191489361702128,0.908411214953271,0.9301435406698565,0.9053072888979528,0.966327329678935,0.9911646586345382,0.9427043544690603,0.991040233282819
XGB,0.9118052321446505,0.8927209495893078,0.93775470315718,0.9346829640947288,0.9580111216498423,"{'max_depth': 3, 'learning_rate': 0.1, 'n_estimators': 100}","['spec_skew', 'spec_kurtosis', 'mfcc_1', 'wav_detail_lvl5_std', 'mfcc_std', 'mfcc_2']",0.8494077834179357,0.7675840978593272,0.9507575757575758,0.9301180067585824,0.9180642069956876,0.9193857965451055,0.9167464114832536,0.9473410369944494,0.9679437060203284,0.9911929543634908,0.9457601222307105,0.996574321196495
XGB,0.9118052321446505,0.8927209495893078,0.93775470315718,0.9346829640947288,0.9577335022569563,"{'max_depth': 3, 'learning_rate': 0.1, 'n_estimators': 100}","['spec_skew', 'spec_kurtosis', 'mfcc_1', 'wav_detail_lvl5_std', 'mfcc_2']",0.8494077834179357,0.7675840978593272,0.9507575757575758,0.9317237029859742,0.9180642069956876,0.9193857965451055,0.9167464114832536,0.9449714794376921,0.9679437060203284,0.9911929543634908,0.9457601222307105,0.9965053243472028
XGB,0.9118052321446505,0.8927209495893078,0.93775470315718,0.9346829640947288,0.9580111216498423,"{'max_depth': 3, 'learning_rate': 0.1, 'n_estimators': 100}","['spec_skew', 'spec_kurtosis', 'mfcc_1', 'wav_detail_lvl5_std', 'mfcc_var', 'mfcc_2']",0.8494077834179357,0.7675840978593272,0.9507575757575758,0.9301180067585824,0.9180642069956876,0.9193857965451055,0.9167464114832536,0.9473410369944494,0.9679437060203284,0.9911929543634908,0.9457601222307105,0.996574321196495
XGB,0.9118052321446505,0.8927209495893078,0.93775470315718,0.9346829640947288,0.9580111216498423,"{'max_depth': 3, 'learning_rate': 0.1, 'n_estimators': 100}","['spec_skew', 'spec_kurtosis', 'mfcc_1', 'wav_detail_lvl5_std', 'mfcc_var', 'mfcc_std', 'mfcc_2']",0.8494077834179357,0.7675840978593272,0.9507575757575758,0.9301180067585824,0.9180642069956876,0.9193857965451055,0.9167464114832536,0.9473410369944494,0.9679437060203284,0.9911929543634908,0.9457601222307105,0.996574321196495
XGB,0.9117446501210016,0.9026812738937795,0.9228142772260419,0.9365928189457601,0.9330558715882254,"{'max_depth': 5, 'learning_rate': 0.01, 'n_estimators': 50}","['mfcc_mean', 'spec_skew', 'mfcc_1', 'wav_detail_lvl5_std', 'mfcc_var', 'mfcc_std', 'mfcc_2']",0.8442028985507246,0.8090277777777778,0.8825757575757576,0.9016433916220162,0.9225023342670402,0.9006381039197813,0.9454545454545454,0.9063276678023756,0.96852871754524,0.9983779399837794,0.9404125286478228,0.9911965553402846
XGB,0.9117446501210016,0.9026812738937795,0.9228142772260419,0.9365928189457601,0.9330558715882254,"{'max_depth': 5, 'learning_rate': 0.01, 'n_estimators': 50}","['mfcc_mean', 'spec_skew', 'mfcc_1', 'wav_detail_lvl5_std', 'mfcc_var', 'mfcc_2']",0.8442028985507246,0.8090277777777778,0.8825757575757576,0.9016433916220162,0.9225023342670402,0.9006381039197813,0.9454545454545454,0.9063276678023756,0.96852871754524,0.9983779399837794,0.9404125286478228,0.9911965553402846
XGB,0.9117446501210016,0.9026812738937795,0.9228142772260419,0.9365928189457601,0.9330558715882254,"{'max_depth': 5, 'learning_rate': 0.01, 'n_estimators': 50}","['mfcc_mean', 'spec_skew', 'mfcc_1', 'wav_detail_lvl5_std', 'mfcc_std', 'mfcc_2']",0.8442028985507246,0.8090277777777778,0.8825757575757576,0.9016433916220162,0.9225023342670402,0.9006381039197813,0.9454545454545454,0.9063276678023756,0.96852871754524,0.9983779399837794,0.9404125286478228,0.9911965553402846
XGB,0.9116600937650811,0.8969354886129204,0.93019759738026,0.9327731092436975,0.9502241319853253,"{'max_depth': 5, 'learning_rate': 0.1, 'n_estimators': 100}","['spec_kurtosis', 'mfcc_1', 'wav_detail_lvl5_std', 'wav_approx_std']",0.8546409807355516,0.7947882736156352,0.9242424242424242,0.9021103066131738,0.9168241965973535,0.9056956115779645,0.9282296650717703,0.9523205982153015,0.9635151039623382,0.9903225806451613,0.9381207028265852,0.9962414911275007
XGB,0.9115307130545487,0.8992662260738168,0.9267791805717502,0.9369747899159664,0.9451262640967372,"{'max_depth': 3, 'learning_rate': 0.1, 'n_estimators': 100}","['mfcc_mean', 'spec_kurtosis', 'NDSI', 'mfcc_1', 'mfcc_var', 'wav_approx_std']",0.8419182948490231,0.7926421404682275,0.8977272727272727,0.8900012915477817,0.9225715626466447,0.9051565377532228,0.9406698564593301,0.9476154162993745,0.970102281667978,1.0,0.9419404125286478,0.9977620844430555
XGB,0.9115307130545487,0.8992662260738168,0.9267791805717502,0.9369747899159664,0.9451262640967372,"{'max_depth': 3, 'learning_rate': 0.1, 'n_estimators': 100}","['mfcc_mean', 'spec_kurtosis', 'NDSI', 'mfcc_1', 'mfcc_var', 'mfcc_std', 'wav_approx_std']",0.8419182948490231,0.7926421404682275,0.8977272727272727,0.8900012915477817,0.9225715626466447,0.9051565377532228,0.9406698564593301,0.9476154162993745,0.970102281667978,1.0,0.9419404125286478,0.9977620844430555
XGB,0.9115307130545487,0.8992662260738168,0.9267791805717502,0.9369747899159664,0.9451262640967372,"{'max_depth': 3, 'learning_rate': 0.1, 'n_estimators': 100}","['mfcc_mean', 'spec_kurtosis', 'NDSI', 'mfcc_1', 'mfcc_std', 'wav_approx_std']",0.8419182948490231,0.7926421404682275,0.8977272727272727,0.8900012915477817,0.9225715626466447,0.9051565377532228,0.9406698564593301,0.9476154162993745,0.970102281667978,1.0,0.9419404125286478,0.9977620844430555
XGB,0.9114658489104013,0.9024074172639747,0.9225596299125711,0.9362108479755539,0.9319128093663024,"{'max_depth': 5, 'learning_rate': 0.01, 'n_estimators': 50}","['mfcc_mean', 'spec_skew', 'mfcc_1', 'wav_detail_lvl5_std', 'mfcc_2']",0.8442028985507246,0.8090277777777778,0.8825757575757576,0.9020662779203986,0.922071861875875,0.8998178506375227,0.9454545454545454,0.9022914871387507,0.9681227863046045,0.9983766233766234,0.9396485867074102,0.9913806630397577
XGB,0.9113970531704418,0.8985681587207884,0.9274038483016812,0.9365928189457601,0.9584931515100101,"{'max_depth': 3, 'learning_rate': 0.1, 'n_estimators': 100}","['mfcc_mean', 'spec_skew', 'spec_kurtosis', 'mfcc_1', 'wav_detail_lvl5_std', 'mfcc_std', 'wav_approx_std', 'mfcc_2']",0.8424778761061947,0.7906976744186046,0.9015151515151515,0.9221646480724925,0.9219924812030075,0.9058171745152355,0.938755980861244,0.9560437122128129,0.9697208022021234,0.9991896272285251,0.9419404125286478,0.997271094244725
XGB,0.9113970531704418,0.8985681587207884,0.9274038483016812,0.9365928189457601,0.9584931515100101,"{'max_depth': 3, 'learning_rate': 0.1, 'n_estimators': 100}","['mfcc_mean', 'spec_skew', 'spec_kurtosis', 'mfcc_1', 'wav_detail_lvl5_std', 'mfcc_var', 'mfcc_std', 'wav_approx_std', 'mfcc_2']",0.8424778761061947,0.7906976744186046,0.9015151515151515,0.9221646480724925,0.9219924812030075,0.9058171745152355,0.938755980861244,0.9560437122128129,0.9697208022021234,0.9991896272285251,0.9419404125286478,0.997271094244725
XGB,0.9113970531704418,0.8985681587207884,0.9274038483016812,0.9365928189457601,0.9584931515100101,"{'max_depth': 3, 'learning_rate': 0.1, 'n_estimators': 100}","['mfcc_mean', 'spec_skew', 'spec_kurtosis', 'mfcc_1', 'wav_detail_lvl5_std', 'mfcc_var', 'wav_approx_std', 'mfcc_2']",0.8424778761061947,0.7906976744186046,0.9015151515151515,0.9221646480724925,0.9219924812030075,0.9058171745152355,0.938755980861244,0.9560437122128129,0.9697208022021234,0.9991896272285251,0.9419404125286478,0.997271094244725
XGB,0.9113517885537833,0.8903865045885065,0.9413495860864282,0.9358288770053476,0.9416941596260142,"{'max_depth': 5, 'learning_rate': 0.01, 'n_estimators': 50}","['mfcc_mean', 'spec_skew', 'spec_kurtosis', 'NDSI', 'mfcc_1', 'wav_detail_lvl5_std', 'mfcc_std', 'wav_approx_std']",0.8438538205980066,0.7514792899408284,0.9621212121212122,0.9158944098039541,0.9191530317613089,0.9244917715392061,0.9138755980861244,0.9180665781498009,0.9710485133020345,0.9951884522854851,0.948051948051948,0.9911214909242875
XGB,0.9113517885537833,0.8903865045885065,0.9413495860864282,0.9358288770053476,0.9416941596260142,"{'max_depth': 5, 'learning_rate': 0.01, 'n_estimators': 50}","['mfcc_mean', 'spec_skew', 'spec_kurtosis', 'NDSI', 'mfcc_1', 'wav_detail_lvl5_std', 'mfcc_var', 'wav_approx_std']",0.8438538205980066,0.7514792899408284,0.9621212121212122,0.9158944098039541,0.9191530317613089,0.9244917715392061,0.9138755980861244,0.9180665781498009,0.9710485133020345,0.9951884522854851,0.948051948051948,0.9911214909242875
XGB,0.9113517885537833,0.8903865045885065,0.9413495860864282,0.9358288770053476,0.9416941596260142,"{'max_depth': 5, 'learning_rate': 0.01, 'n_estimators': 50}","['mfcc_mean', 'spec_skew', 'spec_kurtosis', 'NDSI', 'mfcc_1', 'wav_detail_lvl5_std', 'mfcc_var', 'mfcc_std', 'wav_approx_std']",0.8438538205980066,0.7514792899408284,0.9621212121212122,0.9158944098039541,0.9191530317613089,0.9244917715392061,0.9138755980861244,0.9180665781498009,0.9710485133020345,0.9951884522854851,0.948051948051948,0.9911214909242875
XGB,0.9112974155419078,0.902129514586262,0.9219508217960231,0.9404125286478228,0.9299932623366823,"{'max_depth': 5, 'learning_rate': 0.1, 'n_estimators': 50}","['NDSI', 'mfcc_1', 'mfcc_var']",0.8318264014466547,0.7958477508650519,0.8712121212121212,0.8441986639856426,0.9281663516068053,0.9169000933706816,0.939712918660287,0.9479983834714989,0.9738994935722634,0.9936406995230525,0.9549274255156608,0.9977827395529053
XGB,0.9112974155419078,0.902129514586262,0.9219508217960231,0.9404125286478228,0.9299932623366823,"{'max_depth': 5, 'learning_rate': 0.1, 'n_estimators': 50}","['NDSI', 'mfcc_1', 'mfcc_std']",0.8318264014466547,0.7958477508650519,0.8712121212121212,0.8441986639856426,0.9281663516068053,0.9169000933706816,0.939712918660287,0.9479983834714989,0.9738994935722634,0.9936406995230525,0.9549274255156608,0.9977827395529053
XGB,0.9112974155419078,0.902129514586262,0.9219508217960231,0.9404125286478228,0.9299932623366823,"{'max_depth': 5, 'learning_rate': 0.1, 'n_estimators': 50}","['NDSI', 'mfcc_1', 'mfcc_var', 'mfcc_std']",0.8318264014466547,0.7958477508650519,0.8712121212121212,0.8441986639856426,0.9281663516068053,0.9169000933706816,0.939712918660287,0.9479983834714989,0.9738994935722634,0.9936406995230525,0.9549274255156608,0.9977827395529053
XGB,0.9112857083936231,0.8943626235399821,0.9334303896997396,0.9365928189457601,0.9476718990976155,"{'max_depth': 5, 'learning_rate': 0.1, 'n_estimators': 100}","['spec_skew', 'NDSI', 'mfcc_1', 'wav_detail_lvl5_std']",0.8419243986254296,0.7704402515723271,0.928030303030303,0.8926297276528988,0.9212410501193318,0.919047619047619,0.9234449760765551,0.9530535727740881,0.9706916764361079,0.9936,0.9488158899923606,0.9973323968658594
XGB,0.9112749086103141,0.8900393763935371,0.941783938455765,0.935064935064935,0.951136516119864,"{'max_depth': 3, 'learning_rate': 0.1, 'n_estimators': 100}","['spec_kurtosis', 'NDSI', 'mfcc_1', 'wav_detail_lvl5_std']",0.845771144278607,0.7522123893805309,0.9659090909090909,0.9087616746724594,0.9181905678537055,0.9235237173281704,0.9129186602870814,0.947651267477298,0.9698630136986301,0.9943820224719101,0.946524064171123,0.9969966062098344
XGB,0.911202009719842,0.9000932980873891,0.9248918865791932,0.9369747899159664,0.9562609209427727,"{'max_depth': 3, 'learning_rate': 0.1, 'n_estimators': 100}","['mfcc_mean', 'wav_detail_lvl5_std', 'mfcc_std', 'wav_approx_std', 'mfcc_2']",0.8407871198568873,0.7966101694915254,0.8901515151515151,0.9242712327634095,0.9227166276346604,0.9036697247706422,0.9425837320574163,0.9476327787788235,0.970102281667978,1.0,0.9419404125286478,0.9968787512860853
XGB,0.911202009719842,0.9000932980873891,0.9248918865791932,0.9369747899159664,0.9562609209427727,"{'max_depth': 3, 'learning_rate': 0.1, 'n_estimators': 100}","['mfcc_mean', 'wav_detail_lvl5_std', 'mfcc_var', 'wav_approx_std', 'mfcc_2']",0.8407871198568873,0.7966101694915254,0.8901515151515151,0.9242712327634095,0.9227166276346604,0.9036697247706422,0.9425837320574163,0.9476327787788235,0.970102281667978,1.0,0.9419404125286478,0.9968787512860853
XGB,0.911202009719842,0.9000932980873891,0.9248918865791932,0.9369747899159664,0.9562609209427727,"{'max_depth': 3, 'learning_rate': 0.1, 'n_estimators': 100}","['mfcc_mean', 'wav_detail_lvl5_std', 'mfcc_var', 'mfcc_std', 'wav_approx_std', 'mfcc_2']",0.8407871198568873,0.7966101694915254,0.8901515151515151,0.9242712327634095,0.9227166276346604,0.9036697247706422,0.9425837320574163,0.9476327787788235,0.970102281667978,1.0,0.9419404125286478,0.9968787512860853
XGB,0.9111981776521344,0.9033746292981956,0.9203639669583942,0.9373567608861727,0.9445397374247072,"{'max_depth': 5, 'learning_rate': 0.1, 'n_estimators': 50}","['mfcc_mean', 'spec_skew', 'spec_kurtosis', 'NDSI', 'mfcc_1', 'wav_approx_std', 'mfcc_2']",0.8394160583941606,0.8098591549295775,0.8712121212121212,0.8934355536201217,0.9282027217268888,0.9106813996316758,0.9464114832535885,0.943624004091768,0.965975752835354,0.9895833333333334,0.9434682964094728,0.9965596545622315
XGB,0.9110878340714605,0.8993980206101418,0.9255808862620007,0.9365928189457601,0.9434561970719471,"{'max_depth': 3, 'learning_rate': 0.1, 'n_estimators': 100}","['mfcc_mean', 'spec_kurtosis', 'NDSI', 'mfcc_1', 'wav_approx_std']",0.8413547237076648,0.7946127946127947,0.8939393939393939,0.88618853496648,0.922211808809747,0.9035812672176309,0.9416267942583733,0.9464762371927483,0.9696969696969697,1.0,0.9411764705882353,0.9977038190566128
XGB,0.9110669425788905,0.9056452048614733,0.9174660135186451,0.9377387318563789,0.949692773579125,"{'max_depth': 3, 'learning_rate': 0.1, 'n_estimators': 100}","['mfcc_mean', 'spec_skew', 'spec_kurtosis', 'mfcc_1', 'mfcc_2']",0.8391866913123844,0.8194945848375451,0.8598484848484849,0.9041038329702709,0.9237248479176415,0.9038461538461539,0.9444976076555024,0.9479296595656219,0.9702892885066459,0.9935948759007206,0.948051948051948,0.997044828201482
XGB,0.9108575476278381,0.9000644694698171,0.9238812271320013,0.9373567608861727,0.9322840779477571,"{'max_depth': 5, 'learning_rate': 0.01, 'n_estimators': 50}","['mfcc_mean', 'spec_kurtosis', 'NDSI', 'mfcc_1', 'wav_detail_lvl5_std', 'mfcc_var', 'mfcc_std', 'wav_approx_std', 'mfcc_2']",0.8387096774193549,0.7959183673469388,0.8863636363636364,0.9039193700616177,0.922859830667921,0.9074930619796485,0.938755980861244,0.9024952275497942,0.9710031347962382,0.996781979082864,0.946524064171123,0.9904376362318594
XGB,0.9108575476278381,0.9000644694698171,0.9238812271320013,0.9373567608861727,0.9322840779477571,"{'max_depth': 5, 'learning_rate': 0.01, 'n_estimators': 50}","['mfcc_mean', 'spec_kurtosis', 'NDSI', 'mfcc_1', 'wav_detail_lvl5_std', 'mfcc_var', 'wav_approx_std', 'mfcc_2']",0.8387096774193549,0.7959183673469388,0.8863636363636364,0.9039193700616177,0.922859830667921,0.9074930619796485,0.938755980861244,0.9024952275497942,0.9710031347962382,0.996781979082864,0.946524064171123,0.9904376362318594
XGB,0.9108575476278381,0.9000644694698171,0.9238812271320013,0.9373567608861727,0.9322840779477571,"{'max_depth': 5, 'learning_rate': 0.01, 'n_estimators': 50}","['mfcc_mean', 'spec_kurtosis', 'NDSI', 'mfcc_1', 'wav_detail_lvl5_std', 'mfcc_std', 'wav_approx_std', 'mfcc_2']",0.8387096774193549,0.7959183673469388,0.8863636363636364,0.9039193700616177,0.922859830667921,0.9074930619796485,0.938755980861244,0.9024952275497942,0.9710031347962382,0.996781979082864,0.946524064171123,0.9904376362318594
XGB,0.9108080066918282,0.9015528771856186,0.9216855641778242,0.9385026737967914,0.9454917769366847,"{'max_depth': 3, 'learning_rate': 0.1, 'n_estimators': 100}","['mfcc_mean', 'spec_kurtosis', 'NDSI', 'mfcc_1']",0.8354430379746836,0.7993079584775087,0.875,0.8802751569121331,0.9251059821008007,0.9109461966604824,0.939712918660287,0.9581990219213131,0.971875,0.9944044764188649,0.9503437738731857,0.9980011519766077
XGB,0.910781953674249,0.8990022000324078,0.925119952287135,0.935064935064935,0.9501674458979436,"{'max_depth': 3, 'learning_rate': 0.1, 'n_estimators': 100}","['mfcc_mean', 'mfcc_1', 'wav_detail_lvl5_std', 'mfcc_var', 'mfcc_std', 'mfcc_2']",0.8449197860962567,0.797979797979798,0.8977272727272727,0.9188884007168707,0.9199623352165726,0.9054680259499537,0.9349282296650717,0.93530220772347,0.9674637397099177,0.9935587761674718,0.9427043544690603,0.99631172925349
XGB,0.910781953674249,0.8990022000324078,0.925119952287135,0.935064935064935,0.9501674458979436,"{'max_depth': 3, 'learning_rate': 0.1, 'n_estimators': 100}","['mfcc_mean', 'mfcc_1', 'wav_detail_lvl5_std', 'mfcc_var', 'mfcc_2']",0.8449197860962567,0.797979797979798,0.8977272727272727,0.9188884007168707,0.9199623352165726,0.9054680259499537,0.9349282296650717,0.93530220772347,0.9674637397099177,0.9935587761674718,0.9427043544690603,0.99631172925349
XGB,0.910781953674249,0.8990022000324078,0.925119952287135,0.935064935064935,0.9501674458979436,"{'max_depth': 3, 'learning_rate': 0.1, 'n_estimators': 100}","['mfcc_mean', 'mfcc_1', 'wav_detail_lvl5_std', 'mfcc_std', 'mfcc_2']",0.8449197860962567,0.797979797979798,0.8977272727272727,0.9188884007168707,0.9199623352165726,0.9054680259499537,0.9349282296650717,0.93530220772347,0.9674637397099177,0.9935587761674718,0.9427043544690603,0.99631172925349
XGB,0.910758651609338,0.8980099196967185,0.9266505166659965,0.9369747899159664,0.9501241515458055,"{'max_depth': 3, 'learning_rate': 0.1, 'n_estimators': 100}","['mfcc_mean', 'spec_kurtosis', 'NDSI', 'mfcc_var', 'mfcc_std', 'wav_approx_std', 'mfcc_2']",0.8389380530973451,0.7873754152823921,0.8977272727272727,0.9077179729002712,0.922425952045134,0.9066543438077634,0.938755980861244,0.9456612856347802,0.9709119496855346,1.0,0.9434682964094728,0.9969931961023654
XGB,0.910758651609338,0.8980099196967185,0.9266505166659965,0.9369747899159664,0.9501241515458055,"{'max_depth': 3, 'learning_rate': 0.1, 'n_estimators': 100}","['mfcc_mean', 'spec_kurtosis', 'NDSI', 'mfcc_var', 'wav_approx_std', 'mfcc_2']",0.8389380530973451,0.7873754152823921,0.8977272727272727,0.9077179729002712,0.922425952045134,0.9066543438077634,0.938755980861244,0.9456612856347802,0.9709119496855346,1.0,0.9434682964094728,0.9969931961023654
XGB,0.910758651609338,0.8980099196967185,0.9266505166659965,0.9369747899159664,0.9501241515458055,"{'max_depth': 3, 'learning_rate': 0.1, 'n_estimators': 100}","['mfcc_mean', 'spec_kurtosis', 'NDSI', 'mfcc_std', 'wav_approx_std', 'mfcc_2']",0.8389380530973451,0.7873754152823921,0.8977272727272727,0.9077179729002712,0.922425952045134,0.9066543438077634,0.938755980861244,0.9456612856347802,0.9709119496855346,1.0,0.9434682964094728,0.9969931961023654
XGB,0.9107138498188405,0.9022035659703165,0.9207717377222021,0.9343009931245225,0.9279158756760104,"{'max_depth': 5, 'learning_rate': 0.01, 'n_estimators': 50}","['mfcc_mean', 'spec_skew', 'NDSI', 'mfcc_var', 'mfcc_2']",0.8472727272727273,0.8146853146853147,0.8825757575757576,0.8665272043943124,0.9193245778611632,0.9015639374425023,0.937799043062201,0.9232506912588818,0.9655442443226312,0.9903614457831326,0.9419404125286478,0.993969731374837
XGB,0.9107138498188405,0.9022035659703165,0.9207717377222021,0.9343009931245225,0.9279158756760104,"{'max_depth': 5, 'learning_rate': 0.01, 'n_estimators': 50}","['mfcc_mean', 'spec_skew', 'NDSI', 'mfcc_var', 'mfcc_std', 'mfcc_2']",0.8472727272727273,0.8146853146853147,0.8825757575757576,0.8665272043943124,0.9193245778611632,0.9015639374425023,0.937799043062201,0.9232506912588818,0.9655442443226312,0.9903614457831326,0.9419404125286478,0.993969731374837
XGB,0.9107138498188405,0.9022035659703165,0.9207717377222021,0.9343009931245225,0.9279158756760104,"{'max_depth': 5, 'learning_rate': 0.01, 'n_estimators': 50}","['mfcc_mean', 'spec_skew', 'NDSI', 'mfcc_std', 'mfcc_2']",0.8472727272727273,0.8146853146853147,0.8825757575757576,0.8665272043943124,0.9193245778611632,0.9015639374425023,0.937799043062201,0.9232506912588818,0.9655442443226312,0.9903614457831326,0.9419404125286478,0.993969731374837
XGB,0.910677297519244,0.8972120620628049,0.9273772666961522,0.9343009931245225,0.9493709607896612,"{'max_depth': 5, 'learning_rate': 0.1, 'n_estimators': 100}","['mfcc_mean', 'spec_kurtosis', 'wav_detail_lvl5_std', 'mfcc_var', 'mfcc_std', 'wav_approx_std']",0.8465608465608465,0.7920792079207921,0.9090909090909091,0.9045158478422712,0.9187913125590179,0.9068033550792172,0.9311004784688995,0.9474170091503712,0.9666797334378675,0.9927536231884058,0.9419404125286478,0.9961800253763411
XGB,0.910677297519244,0.8972120620628049,0.9273772666961522,0.9343009931245225,0.9493709607896612,"{'max_depth': 5, 'learning_rate': 0.1, 'n_estimators': 100}","['mfcc_mean', 'spec_kurtosis', 'wav_detail_lvl5_std', 'mfcc_std', 'wav_approx_std']",0.8465608465608465,0.7920792079207921,0.9090909090909091,0.9045158478422712,0.9187913125590179,0.9068033550792172,0.9311004784688995,0.9474170091503712,0.9666797334378675,0.9927536231884058,0.9419404125286478,0.9961800253763411
XGB,0.910677297519244,0.8972120620628049,0.9273772666961522,0.9343009931245225,0.9493709607896612,"{'max_depth': 5, 'learning_rate': 0.1, 'n_estimators': 100}","['mfcc_mean', 'spec_kurtosis', 'wav_detail_lvl5_std', 'mfcc_var', 'wav_approx_std']",0.8465608465608465,0.7920792079207921,0.9090909090909091,0.9045158478422712,0.9187913125590179,0.9068033550792172,0.9311004784688995,0.9474170091503712,0.9666797334378675,0.9927536231884058,0.9419404125286478,0.9961800253763411
XGB,0.9106001183482674,0.8900903714440754,0.9395000424412189,0.93353705118411,0.9569520594870418,"{'max_depth': 3, 'learning_rate': 0.1, 'n_estimators': 100}","['spec_kurtosis', 'wav_detail_lvl5_std', 'mfcc_var', 'mfcc_2']",0.8480801335559266,0.7582089552238805,0.9621212121212122,0.9313818438952037,0.9161041465766635,0.923226433430515,0.9090909090909091,0.9431140470730127,0.9676160749122122,0.988835725677831,0.9472880061115355,0.9963602874929088
XGB,0.9106001183482674,0.8900903714440754,0.9395000424412189,0.93353705118411,0.9569520594870418,"{'max_depth': 3, 'learning_rate': 0.1, 'n_estimators': 100}","['spec_kurtosis', 'wav_detail_lvl5_std', 'mfcc_var', 'mfcc_std', 'mfcc_2']",0.8480801335559266,0.7582089552238805,0.9621212121212122,0.9313818438952037,0.9161041465766635,0.923226433430515,0.9090909090909091,0.9431140470730127,0.9676160749122122,0.988835725677831,0.9472880061115355,0.9963602874929088
XGB,0.9106001183482674,0.8900903714440754,0.9395000424412189,0.93353705118411,0.9569520594870418,"{'max_depth': 3, 'learning_rate': 0.1, 'n_estimators': 100}","['spec_kurtosis', 'wav_detail_lvl5_std', 'mfcc_std', 'mfcc_2']",0.8480801335559266,0.7582089552238805,0.9621212121212122,0.9313818438952037,0.9161041465766635,0.923226433430515,0.9090909090909091,0.9431140470730127,0.9676160749122122,0.988835725677831,0.9472880061115355,0.9963602874929088
XGB,0.9105926176582594,0.9001289618470231,0.9231922274491934,0.9377387318563789,0.9314098934802191,"{'max_depth': 5, 'learning_rate': 0.01, 'n_estimators': 50}","['mfcc_mean', 'spec_skew', 'NDSI', 'mfcc_1', 'wav_detail_lvl5_std', 'mfcc_std', 'wav_approx_std', 'mfcc_2']",0.8366247755834829,0.7952218430034129,0.8825757575757576,0.8993775485075622,0.923366243535496,0.9075785582255084,0.939712918660287,0.9043645231908207,0.9717868338557993,0.997586484312148,0.9472880061115355,0.9904876087422742
XGB,0.9105926176582594,0.9001289618470231,0.9231922274491934,0.9377387318563789,0.9314098934802191,"{'max_depth': 5, 'learning_rate': 0.01, 'n_estimators': 50}","['mfcc_mean', 'spec_skew', 'NDSI', 'mfcc_1', 'wav_detail_lvl5_std', 'mfcc_var', 'wav_approx_std', 'mfcc_2']",0.8366247755834829,0.7952218430034129,0.8825757575757576,0.8993775485075622,0.923366243535496,0.9075785582255084,0.939712918660287,0.9043645231908207,0.9717868338557993,0.997586484312148,0.9472880061115355,0.9904876087422742
XGB,0.9105926176582594,0.9001289618470231,0.9231922274491934,0.9377387318563789,0.9314098934802191,"{'max_depth': 5, 'learning_rate': 0.01, 'n_estimators': 50}","['mfcc_mean', 'spec_skew', 'NDSI', 'mfcc_1', 'wav_detail_lvl5_std', 'mfcc_var', 'mfcc_std', 'wav_approx_std', 'mfcc_2']",0.8366247755834829,0.7952218430034129,0.8825757575757576,0.8993775485075622,0.923366243535496,0.9075785582255084,0.939712918660287,0.9043645231908207,0.9717868338557993,0.997586484312148,0.9472880061115355,0.9904876087422742
XGB,0.9105631828284997,0.8898426569883081,0.9400869598238019,0.9354469060351414,0.9584584241504448,"{'max_depth': 3, 'learning_rate': 0.1, 'n_estimators': 100}","['spec_skew', 'NDSI', 'mfcc_1', 'wav_detail_lvl5_std', 'mfcc_std', 'mfcc_2']",0.8419301164725458,0.7507418397626113,0.9583333333333334,0.9313930278823435,0.9187109187109187,0.9235976789168279,0.9138755980861244,0.9472906061616071,0.9710485133020345,0.9951884522854851,0.948051948051948,0.9966916384073836
XGB,0.9105631828284997,0.8898426569883081,0.9400869598238019,0.9354469060351414,0.9584584241504448,"{'max_depth': 3, 'learning_rate': 0.1, 'n_estimators': 100}","['spec_skew', 'NDSI', 'mfcc_1', 'wav_detail_lvl5_std', 'mfcc_var', 'mfcc_2']",0.8419301164725458,0.7507418397626113,0.9583333333333334,0.9313930278823435,0.9187109187109187,0.9235976789168279,0.9138755980861244,0.9472906061616071,0.9710485133020345,0.9951884522854851,0.948051948051948,0.9966916384073836
XGB,0.9105631828284997,0.8898426569883081,0.9400869598238019,0.9354469060351414,0.9584584241504448,"{'max_depth': 3, 'learning_rate': 0.1, 'n_estimators': 100}","['spec_skew', 'NDSI', 'mfcc_1', 'wav_detail_lvl5_std', 'mfcc_var', 'mfcc_std', 'mfcc_2']",0.8419301164725458,0.7507418397626113,0.9583333333333334,0.9313930278823435,0.9187109187109187,0.9235976789168279,0.9138755980861244,0.9472906061616071,0.9710485133020345,0.9951884522854851,0.948051948051948,0.9966916384073836
XGB,0.9105069970028392,0.9023916281932901,0.9199806557391698,0.9369747899159664,0.946467768461571,"{'max_depth': 5, 'learning_rate': 0.1, 'n_estimators': 50}","['mfcc_mean', 'spec_skew', 'NDSI', 'mfcc_1', 'wav_approx_std', 'mfcc_2']",0.8378870673952641,0.8070175438596491,0.8712121212121212,0.8974948304987967,0.9276315789473685,0.9113573407202216,0.9444976076555024,0.9453888134963538,0.9660023446658851,0.9888,0.9442322383498855,0.9965196613895626
XGB,0.91037624348805,0.890087508842862,0.9390146489217696,0.9354469060351414,0.9411719326973227,"{'max_depth': 5, 'learning_rate': 0.01, 'n_estimators': 50}","['mfcc_mean', 'spec_kurtosis', 'NDSI', 'mfcc_1', 'wav_detail_lvl5_std', 'mfcc_var', 'wav_approx_std']",0.8414023372287145,0.7522388059701492,0.9545454545454546,0.9140224849588003,0.9186326432354357,0.9244186046511628,0.9129186602870814,0.9183254446113419,0.97109375,0.9936051159072742,0.9495798319327731,0.9911678685218261
XGB,0.91037624348805,0.890087508842862,0.9390146489217696,0.9354469060351414,0.9411719326973227,"{'max_depth': 5, 'learning_rate': 0.01, 'n_estimators': 50}","['mfcc_mean', 'spec_kurtosis', 'NDSI', 'mfcc_1', 'wav_detail_lvl5_std', 'mfcc_std', 'wav_approx_std']",0.8414023372287145,0.7522388059701492,0.9545454545454546,0.9140224849588003,0.9186326432354357,0.9244186046511628,0.9129186602870814,0.9183254446113419,0.97109375,0.9936051159072742,0.9495798319327731,0.9911678685218261
XGB,0.91037624348805,0.890087508842862,0.9390146489217696,0.9354469060351414,0.9411719326973227,"{'max_depth': 5, 'learning_rate': 0.01, 'n_estimators': 50}","['mfcc_mean', 'spec_kurtosis', 'NDSI', 'mfcc_1', 'wav_detail_lvl5_std', 'mfcc_var', 'mfcc_std', 'wav_approx_std']",0.8414023372287145,0.7522388059701492,0.9545454545454546,0.9140224849588003,0.9186326432354357,0.9244186046511628,0.9129186602870814,0.9183254446113419,0.97109375,0.9936051159072742,0.9495798319327731,0.9911678685218261
XGB,0.9102541811558206,0.8988904041656336,0.9243182599993744,0.9362108479755539,0.9452947207222885,"{'max_depth': 3, 'learning_rate': 0.1, 'n_estimators': 100}","['mfcc_mean', 'spec_skew', 'spec_kurtosis', 'NDSI', 'mfcc_1', 'wav_approx_std']",0.8392857142857143,0.793918918918919,0.8901515151515151,0.8915913969058973,0.9217798594847775,0.9027522935779817,0.9416267942583733,0.9467028800146778,0.9696969696969697,1.0,0.9411764705882353,0.9975898852462901
XGB,0.9102490318850668,0.9015956856565835,0.9208626512806081,0.9365928189457601,0.9451978196204281,"{'max_depth': 3, 'learning_rate': 0.1, 'n_estimators': 100}","['mfcc_mean', 'spec_skew', 'NDSI', 'mfcc_1', 'wav_approx_std']",0.838475499092559,0.8048780487804879,0.875,0.8889049212296701,0.9225746268656716,0.899909008189263,0.9464114832535885,0.9488831783575715,0.9696969696969697,1.0,0.9411764705882353,0.9978053592740425
XGB,0.9102459334852274,0.8892223173697328,0.9403309968325448,0.9343009931245225,0.9509713772168485,"{'max_depth': 3, 'learning_rate': 0.1, 'n_estimators': 100}","['spec_skew', 'NDSI', 'mfcc_1', 'wav_detail_lvl5_std', 'mfcc_var', 'mfcc_std']",0.8438538205980066,0.7514792899408284,0.9621212121212122,0.9070081742629613,0.9178279673234022,0.9218146718146718,0.9138755980861244,0.9487573510241326,0.9690560125342734,0.9943729903536977,0.944996180290298,0.9971486063634518
XGB,0.9102459334852274,0.8892223173697328,0.9403309968325448,0.9343009931245225,0.9509713772168485,"{'max_depth': 3, 'learning_rate': 0.1, 'n_estimators': 100}","['spec_skew', 'NDSI', 'mfcc_1', 'wav_detail_lvl5_std', 'mfcc_var']",0.8438538205980066,0.7514792899408284,0.9621212121212122,0.9070081742629613,0.9178279673234022,0.9218146718146718,0.9138755980861244,0.9487573510241326,0.9690560125342734,0.9943729903536977,0.944996180290298,0.9971486063634518
XGB,0.9102459334852274,0.8892223173697328,0.9403309968325448,0.9343009931245225,0.9509713772168485,"{'max_depth': 3, 'learning_rate': 0.1, 'n_estimators': 100}","['spec_skew', 'NDSI', 'mfcc_1', 'wav_detail_lvl5_std', 'mfcc_std']",0.8438538205980066,0.7514792899408284,0.9621212121212122,0.9070081742629613,0.9178279673234022,0.9218146718146718,0.9138755980861244,0.9487573510241326,0.9690560125342734,0.9943729903536977,0.944996180290298,0.9971486063634518
XGB,0.910096879915277,0.8894185129870248,0.9394516817891431,0.9343009931245225,0.9589720347929074,"{'max_depth': 3, 'learning_rate': 0.1, 'n_estimators': 100}","['spec_skew', 'wav_detail_lvl5_std', 'mfcc_var', 'mfcc_std', 'wav_approx_std', 'mfcc_2']",0.8433333333333334,0.7529761904761905,0.9583333333333334,0.9271480979227672,0.9175455417066155,0.9193083573487032,0.9157894736842105,0.952802241295597,0.9694117647058823,0.9959709911361805,0.9442322383498855,0.9969657651603578
XGB,0.910096879915277,0.8894185129870248,0.9394516817891431,0.9343009931245225,0.9589720347929074,"{'max_depth': 3, 'learning_rate': 0.1, 'n_estimators': 100}","['spec_skew', 'wav_detail_lvl5_std', 'mfcc_var', 'wav_approx_std', 'mfcc_2']",0.8433333333333334,0.7529761904761905,0.9583333333333334,0.9271480979227672,0.9175455417066155,0.9193083573487032,0.9157894736842105,0.952802241295597,0.9694117647058823,0.9959709911361805,0.9442322383498855,0.9969657651603578
XGB,0.910096879915277,0.8894185129870248,0.9394516817891431,0.9343009931245225,0.9589720347929074,"{'max_depth': 3, 'learning_rate': 0.1, 'n_estimators': 100}","['spec_skew', 'wav_detail_lvl5_std', 'mfcc_std', 'wav_approx_std', 'mfcc_2']",0.8433333333333334,0.7529761904761905,0.9583333333333334,0.9271480979227672,0.9175455417066155,0.9193083573487032,0.9157894736842105,0.952802241295597,0.9694117647058823,0.9959709911361805,0.9442322383498855,0.9969657651603578
XGB,0.9100005921046783,0.8945225988022995,0.9299774614790094,0.9365928189457601,0.953483647727588,"{'max_depth': 3, 'learning_rate': 0.1, 'n_estimators': 100}","['mfcc_mean', 'spec_skew', 'NDSI', 'mfcc_1', 'wav_detail_lvl5_std', 'wav_approx_std']",0.8368055555555556,0.7724358974358975,0.9128787878787878,0.9075556754205597,0.9214758751182592,0.9111318989710009,0.9320574162679426,0.9555999412601431,0.9717203456402199,1.0,0.944996180290298,0.9972953265020611
XGB,0.9099349104919731,0.8896236520745555,0.938711640956223,0.9358288770053476,0.954100161438422,"{'max_depth': 3, 'learning_rate': 0.1, 'n_estimators': 100}","['mfcc_mean', 'NDSI', 'wav_detail_lvl5_std', 'mfcc_std', 'wav_approx_std']",0.8380634390651085,0.7492537313432835,0.9507575757575758,0.9131119238366738,0.9196172248803828,0.9196172248803828,0.9196172248803828,0.9519316439770739,0.9721240675304279,1.0,0.9457601222307105,0.9972569165015184
XGB,0.9099349104919731,0.8896236520745555,0.938711640956223,0.9358288770053476,0.954100161438422,"{'max_depth': 3, 'learning_rate': 0.1, 'n_estimators': 100}","['mfcc_mean', 'NDSI', 'wav_detail_lvl5_std', 'mfcc_var', 'mfcc_std', 'wav_approx_std']",0.8380634390651085,0.7492537313432835,0.9507575757575758,0.9131119238366738,0.9196172248803828,0.9196172248803828,0.9196172248803828,0.9519316439770739,0.9721240675304279,1.0,0.9457601222307105,0.9972569165015184
XGB,0.9099349104919731,0.8896236520745555,0.938711640956223,0.9358288770053476,0.954100161438422,"{'max_depth': 3, 'learning_rate': 0.1, 'n_estimators': 100}","['mfcc_mean', 'NDSI', 'wav_detail_lvl5_std', 'mfcc_var', 'wav_approx_std']",0.8380634390651085,0.7492537313432835,0.9507575757575758,0.9131119238366738,0.9196172248803828,0.9196172248803828,0.9196172248803828,0.9519316439770739,0.9721240675304279,1.0,0.9457601222307105,0.9972569165015184
XGB,0.9099096335776963,0.8880196641824548,0.9421672496749895,0.9354469060351414,0.9537151097375381,"{'max_depth': 3, 'learning_rate': 0.1, 'n_estimators': 100}","['mfcc_mean', 'NDSI', 'mfcc_1', 'wav_detail_lvl5_std', 'wav_approx_std']",0.8388157894736842,0.7412790697674418,0.9659090909090909,0.9098558305854305,0.9187890437289764,0.9227799227799228,0.9148325358851674,0.9537280257416596,0.9721240675304279,1.0,0.9457601222307105,0.9975614728855243
XGB,0.9098432792247436,0.9033972258724638,0.9172756981580511,0.9373567608861727,0.9451872933977802,"{'max_depth': 5, 'learning_rate': 0.1, 'n_estimators': 50}","['mfcc_mean', 'mfcc_1', 'mfcc_var', 'wav_approx_std', 'mfcc_2']",0.8345588235294118,0.8107142857142857,0.8598484848484849,0.8866438311816212,0.9281352747768905,0.9114391143911439,0.9454545454545454,0.951513876584031,0.9668357393679282,0.9880382775119617,0.946524064171123,0.9974041724276886
XGB,0.9098432792247436,0.9033972258724638,0.9172756981580511,0.9373567608861727,0.9451872933977802,"{'max_depth': 5, 'learning_rate': 0.1, 'n_estimators': 50}","['mfcc_mean', 'mfcc_1', 'mfcc_var', 'mfcc_std', 'wav_approx_std', 'mfcc_2']",0.8345588235294118,0.8107142857142857,0.8598484848484849,0.8866438311816212,0.9281352747768905,0.9114391143911439,0.9454545454545454,0.951513876584031,0.9668357393679282,0.9880382775119617,0.946524064171123,0.9974041724276886
XGB,0.9098432792247436,0.9033972258724638,0.9172756981580511,0.9373567608861727,0.9451872933977802,"{'max_depth': 5, 'learning_rate': 0.1, 'n_estimators': 50}","['mfcc_mean', 'mfcc_1', 'mfcc_std', 'wav_approx_std', 'mfcc_2']",0.8345588235294118,0.8107142857142857,0.8598484848484849,0.8866438311816212,0.9281352747768905,0.9114391143911439,0.9454545454545454,0.951513876584031,0.9668357393679282,0.9880382775119617,0.946524064171123,0.9974041724276886
XGB,0.9097138887843927,0.8882195722351544,0.9408913326095988,0.9339190221543163,0.9506374739657827,"{'max_depth': 3, 'learning_rate': 0.1, 'n_estimators': 100}","['spec_kurtosis', 'NDSI', 'mfcc_1', 'wav_detail_lvl5_std', 'mfcc_var', 'mfcc_std']",0.8429752066115702,0.7478005865102639,0.9659090909090909,0.906746599709519,0.9167067886374579,0.9224806201550387,0.9110047846889953,0.9480989632284792,0.9694596711041503,0.9943775100401606,0.9457601222307105,0.9970668589593502
XGB,0.9097138887843927,0.8882195722351544,0.9408913326095988,0.9339190221543163,0.9506374739657827,"{'max_depth': 3, 'learning_rate': 0.1, 'n_estimators': 100}","['spec_kurtosis', 'NDSI', 'mfcc_1', 'wav_detail_lvl5_std', 'mfcc_var']",0.8429752066115702,0.7478005865102639,0.9659090909090909,0.906746599709519,0.9167067886374579,0.9224806201550387,0.9110047846889953,0.9480989632284792,0.9694596711041503,0.9943775100401606,0.9457601222307105,0.9970668589593502
XGB,0.9097138887843927,0.8882195722351544,0.9408913326095988,0.9339190221543163,0.9506374739657827,"{'max_depth': 3, 'learning_rate': 0.1, 'n_estimators': 100}","['spec_kurtosis', 'NDSI', 'mfcc_1', 'wav_detail_lvl5_std', 'mfcc_std']",0.8429752066115702,0.7478005865102639,0.9659090909090909,0.906746599709519,0.9167067886374579,0.9224806201550387,0.9110047846889953,0.9480989632284792,0.9694596711041503,0.9943775100401606,0.9457601222307105,0.9970668589593502
XGB,0.9096874121815497,0.8974240493362377,0.9246079771621568,0.9346829640947288,0.9580795778744413,"{'max_depth': 5, 'learning_rate': 0.1, 'n_estimators': 50}","['mfcc_mean', 'spec_skew', 'mfcc_1', 'wav_detail_lvl5_std', 'wav_approx_std', 'mfcc_2']",0.8419182948490231,0.7926421404682275,0.8977272727272727,0.9265359763448716,0.9192253188474256,0.9076492537313433,0.9311004784688995,0.9511572668586864,0.9679186228482003,0.991980753809142,0.944996180290298,0.9965454904197661
XGB,0.9096868021971369,0.8964006174291566,0.9261252507382539,0.9354469060351414,0.9436074345706941,"{'max_depth': 3, 'learning_rate': 0.1, 'n_estimators': 100}","['spec_skew', 'spec_kurtosis', 'NDSI', 'mfcc_1', 'mfcc_var', 'mfcc_std', 'wav_approx_std']",0.8395061728395061,0.7854785478547854,0.9015151515151515,0.8862439894348851,0.9200945626477541,0.9093457943925234,0.9311004784688995,0.9469857656363301,0.9694596711041503,0.9943775100401606,0.9457601222307105,0.9975925486408671
XGB,0.9096868021971369,0.8964006174291566,0.9261252507382539,0.9354469060351414,0.9436074345706941,"{'max_depth': 3, 'learning_rate': 0.1, 'n_estimators': 100}","['spec_skew', 'spec_kurtosis', 'NDSI', 'mfcc_1', 'mfcc_var', 'wav_approx_std']",0.8395061728395061,0.7854785478547854,0.9015151515151515,0.8862439894348851,0.9200945626477541,0.9093457943925234,0.9311004784688995,0.9469857656363301,0.9694596711041503,0.9943775100401606,0.9457601222307105,0.9975925486408671
XGB,0.9096868021971369,0.8964006174291566,0.9261252507382539,0.9354469060351414,0.9436074345706941,"{'max_depth': 3, 'learning_rate': 0.1, 'n_estimators': 100}","['spec_skew', 'spec_kurtosis', 'NDSI', 'mfcc_1', 'mfcc_std', 'wav_approx_std']",0.8395061728395061,0.7854785478547854,0.9015151515151515,0.8862439894348851,0.9200945626477541,0.9093457943925234,0.9311004784688995,0.9469857656363301,0.9694596711041503,0.9943775100401606,0.9457601222307105,0.9975925486408671
XGB,0.9095754496046933,0.8926878811376677,0.9317871327159253,0.9354469060351414,0.9528809081038494,"{'max_depth': 3, 'learning_rate': 0.1, 'n_estimators': 100}","['spec_kurtosis', 'NDSI', 'wav_detail_lvl5_std', 'mfcc_var', 'wav_approx_std']",0.8384879725085911,0.7672955974842768,0.9242424242424242,0.9032606850663581,0.9196386115073705,0.9139886578449905,0.9253588516746412,0.9580614677114926,0.9705997647981184,0.9967793880837359,0.9457601222307105,0.9973205715336976
XGB,0.9095754496046933,0.8926878811376677,0.9317871327159253,0.9354469060351414,0.9528809081038494,"{'max_depth': 3, 'learning_rate': 0.1, 'n_estimators': 100}","['spec_kurtosis', 'NDSI', 'wav_detail_lvl5_std', 'mfcc_std', 'wav_approx_std']",0.8384879725085911,0.7672955974842768,0.9242424242424242,0.9032606850663581,0.9196386115073705,0.9139886578449905,0.9253588516746412,0.9580614677114926,0.9705997647981184,0.9967793880837359,0.9457601222307105,0.9973205715336976
XGB,0.9095754496046933,0.8926878811376677,0.9317871327159253,0.9354469060351414,0.9528809081038494,"{'max_depth': 3, 'learning_rate': 0.1, 'n_estimators': 100}","['spec_kurtosis', 'NDSI', 'wav_detail_lvl5_std', 'mfcc_var', 'mfcc_std', 'wav_approx_std']",0.8384879725085911,0.7672955974842768,0.9242424242424242,0.9032606850663581,0.9196386115073705,0.9139886578449905,0.9253588516746412,0.9580614677114926,0.9705997647981184,0.9967793880837359,0.9457601222307105,0.9973205715336976
XGB,0.9095714907020792,0.8954248218524355,0.9273772666961522,0.9343009931245225,0.9504190610652659,"{'max_depth': 5, 'learning_rate': 0.1, 'n_estimators': 50}","['spec_skew', 'spec_kurtosis', 'NDSI', 'mfcc_1', 'wav_approx_std']",0.8421052631578947,0.7843137254901961,0.9090909090909091,0.8919663464991274,0.9187913125590179,0.9068033550792172,0.9311004784688995,0.9608368678314114,0.9678178963893249,0.9951573849878934,0.9419404125286478,0.9984539688652588
XGB,0.9095361742089402,0.8896078709886964,0.9373740724359919,0.9339190221543163,0.9341244482505834,"{'max_depth': 5, 'learning_rate': 0.01, 'n_estimators': 50}","['mfcc_mean', 'NDSI', 'wav_detail_lvl5_std', 'mfcc_var']",0.8422818791946308,0.7560240963855421,0.9507575757575758,0.8973136273556099,0.9173435260391782,0.916030534351145,0.9186602870813397,0.9141825414833116,0.9689831173930114,0.9967689822294022,0.9427043544690603,0.9908771759128286
XGB,0.9095361742089402,0.8896078709886964,0.9373740724359919,0.9339190221543163,0.9341244482505834,"{'max_depth': 5, 'learning_rate': 0.01, 'n_estimators': 50}","['mfcc_mean', 'NDSI', 'wav_detail_lvl5_std', 'mfcc_std']",0.8422818791946308,0.7560240963855421,0.9507575757575758,0.8973136273556099,0.9173435260391782,0.916030534351145,0.9186602870813397,0.9141825414833116,0.9689831173930114,0.9967689822294022,0.9427043544690603,0.9908771759128286
XGB,0.9095361742089402,0.8896078709886964,0.9373740724359919,0.9339190221543163,0.9341244482505834,"{'max_depth': 5, 'learning_rate': 0.01, 'n_estimators': 50}","['mfcc_mean', 'NDSI', 'wav_detail_lvl5_std', 'mfcc_var', 'mfcc_std']",0.8422818791946308,0.7560240963855421,0.9507575757575758,0.8973136273556099,0.9173435260391782,0.916030534351145,0.9186602870813397,0.9141825414833116,0.9689831173930114,0.9967689822294022,0.9427043544690603,0.9908771759128286
XGB,0.9094476121359252,0.9008145294812967,0.9195946640219086,0.9369747899159664,0.9504608360143116,"{'max_depth': 3, 'learning_rate': 0.1, 'n_estimators': 100}","['mfcc_mean', 'spec_skew', 'mfcc_1', 'mfcc_var', 'mfcc_2']",0.8348457350272233,0.8013937282229965,0.8712121212121212,0.9075314045130476,0.922425952045134,0.9066543438077634,0.938755980861244,0.9468404127788065,0.9710711493354183,0.9943955164131305,0.9488158899923606,0.9970106907510806
XGB,0.9094476121359252,0.9008145294812967,0.9195946640219086,0.9369747899159664,0.9504608360143116,"{'max_depth': 3, 'learning_rate': 0.1, 'n_estimators': 100}","['mfcc_mean', 'spec_skew', 'mfcc_1', 'mfcc_var', 'mfcc_std', 'mfcc_2']",0.8348457350272233,0.8013937282229965,0.8712121212121212,0.9075314045130476,0.922425952045134,0.9066543438077634,0.938755980861244,0.9468404127788065,0.9710711493354183,0.9943955164131305,0.9488158899923606,0.9970106907510806
XGB,0.9094476121359252,0.9008145294812967,0.9195946640219086,0.9369747899159664,0.9504608360143116,"{'max_depth': 3, 'learning_rate': 0.1, 'n_estimators': 100}","['mfcc_mean', 'spec_skew', 'mfcc_1', 'mfcc_std', 'mfcc_2']",0.8348457350272233,0.8013937282229965,0.8712121212121212,0.9075314045130476,0.922425952045134,0.9066543438077634,0.938755980861244,0.9468404127788065,0.9710711493354183,0.9943955164131305,0.9488158899923606,0.9970106907510806
XGB,0.9094013305250407,0.8889915472149967,0.9379105071055536,0.9308632543926662,0.9536400822769352,"{'max_depth': 5, 'learning_rate': 0.1, 'n_estimators': 100}","['wav_detail_lvl5_std', 'mfcc_var', 'wav_approx_std']",0.8509212730318257,0.7627627627627628,0.9621212121212122,0.9174517575722497,0.9137104506232023,0.9154658981748319,0.9119617224880383,0.9477742841852684,0.963572267920094,0.9887459807073955,0.9396485867074102,0.9956942050732875
XGB,0.9094013305250407,0.8889915472149967,0.9379105071055536,0.9308632543926662,0.9536400822769352,"{'max_depth': 5, 'learning_rate': 0.1, 'n_estimators': 100}","['wav_detail_lvl5_std', 'mfcc_std', 'wav_approx_std']",0.8509212730318257,0.7627627627627628,0.9621212121212122,0.9174517575722497,0.9137104506232023,0.9154658981748319,0.9119617224880383,0.9477742841852684,0.963572267920094,0.9887459807073955,0.9396485867074102,0.9956942050732875
XGB,0.9094013305250407,0.8889915472149967,0.9379105071055536,0.9308632543926662,0.9536400822769352,"{'max_depth': 5, 'learning_rate': 0.1, 'n_estimators': 100}","['wav_detail_lvl5_std', 'mfcc_var', 'mfcc_std', 'wav_approx_std']",0.8509212730318257,0.7627627627627628,0.9621212121212122,0.9174517575722497,0.9137104506232023,0.9154658981748319,0.9119617224880383,0.9477742841852684,0.963572267920094,0.9887459807073955,0.9396485867074102,0.9956942050732875
XGB,0.9092939971724986,0.8897240058526282,0.9362884707311953,0.9327731092436975,0.9561217774528018,"{'max_depth': 3, 'learning_rate': 0.1, 'n_estimators': 100}","['spec_skew', 'mfcc_1', 'wav_detail_lvl5_std', 'mfcc_2']",0.8451178451178452,0.7606060606060606,0.9507575757575758,0.9289834894816241,0.9156279961649089,0.9173871277617676,0.9138755980861244,0.9427495853622448,0.9671361502347418,0.9911788291900562,0.9442322383498855,0.9966322575145367
XGB,0.9092776186598441,0.899018218657805,0.9214580569069734,0.9343009931245225,0.953628012811549,"{'max_depth': 3, 'learning_rate': 0.1, 'n_estimators': 100}","['mfcc_mean', 'spec_kurtosis', 'wav_detail_lvl5_std', 'mfcc_var', 'mfcc_2']",0.841726618705036,0.8013698630136986,0.8863636363636364,0.9207768841325006,0.9189443920829407,0.9052924791086351,0.9330143540669856,0.9434877444758993,0.9671618451915559,0.9903923138510808,0.944996180290298,0.9966194098262472
XGB,0.9092776186598441,0.899018218657805,0.9214580569069734,0.9343009931245225,0.953628012811549,"{'max_depth': 3, 'learning_rate': 0.1, 'n_estimators': 100}","['mfcc_mean', 'spec_kurtosis', 'wav_detail_lvl5_std', 'mfcc_var', 'mfcc_std', 'mfcc_2']",0.841726618705036,0.8013698630136986,0.8863636363636364,0.9207768841325006,0.9189443920829407,0.9052924791086351,0.9330143540669856,0.9434877444758993,0.9671618451915559,0.9903923138510808,0.944996180290298,0.9966194098262472
XGB,0.9092776186598441,0.899018218657805,0.9214580569069734,0.9343009931245225,0.953628012811549,"{'max_depth': 3, 'learning_rate': 0.1, 'n_estimators': 100}","['mfcc_mean', 'spec_kurtosis', 'wav_detail_lvl5_std', 'mfcc_std', 'mfcc_2']",0.841726618705036,0.8013698630136986,0.8863636363636364,0.9207768841325006,0.9189443920829407,0.9052924791086351,0.9330143540669856,0.9434877444758993,0.9671618451915559,0.9903923138510808,0.944996180290298,0.9966194098262472
XGB,0.9092390904632087,0.8939481876349533,0.9289588722251261,0.935064935064935,0.9589077024228203,"{'max_depth': 3, 'learning_rate': 0.1, 'n_estimators': 100}","['mfcc_mean', 'spec_skew', 'mfcc_1', 'wav_detail_lvl5_std', 'mfcc_var', 'wav_approx_std', 'mfcc_2']",0.8382608695652174,0.77491961414791,0.9128787878787878,0.9248201410348615,0.9197355996222851,0.907735321528425,0.9320574162679426,0.9546526994196611,0.9697208022021234,0.9991896272285251,0.9419404125286478,0.9972502668139385
XGB,0.9092390904632087,0.8939481876349533,0.9289588722251261,0.935064935064935,0.9589077024228203,"{'max_depth': 3, 'learning_rate': 0.1, 'n_estimators': 100}","['mfcc_mean', 'spec_skew', 'mfcc_1', 'wav_detail_lvl5_std', 'mfcc_var', 'mfcc_std', 'wav_approx_std', 'mfcc_2']",0.8382608695652174,0.77491961414791,0.9128787878787878,0.9248201410348615,0.9197355996222851,0.907735321528425,0.9320574162679426,0.9546526994196611,0.9697208022021234,0.9991896272285251,0.9419404125286478,0.9972502668139385
XGB,0.9092390904632087,0.8939481876349533,0.9289588722251261,0.935064935064935,0.9589077024228203,"{'max_depth': 3, 'learning_rate': 0.1, 'n_estimators': 100}","['mfcc_mean', 'spec_skew', 'mfcc_1', 'wav_detail_lvl5_std', 'mfcc_std', 'wav_approx_std', 'mfcc_2']",0.8382608695652174,0.77491961414791,0.9128787878787878,0.9248201410348615,0.9197355996222851,0.907735321528425,0.9320574162679426,0.9546526994196611,0.9697208022021234,0.9991896272285251,0.9419404125286478,0.9972502668139385
XGB,0.9091937880522439,0.8880590394760435,0.939505403437292,0.9327731092436975,0.9534821848047125,"{'max_depth': 3, 'learning_rate': 0.1, 'n_estimators': 100}","['spec_skew', 'mfcc_1', 'wav_detail_lvl5_std', 'mfcc_std', 'wav_approx_std']",0.8438538205980066,0.7514792899408284,0.9621212121212122,0.9160874467534742,0.9167464114832536,0.9167464114832536,0.9167464114832536,0.9482036980742877,0.9669811320754716,0.9959514170040485,0.9396485867074102,0.9961554095863756
XGB,0.9091937880522439,0.8880590394760435,0.939505403437292,0.9327731092436975,0.9534821848047125,"{'max_depth': 3, 'learning_rate': 0.1, 'n_estimators': 100}","['spec_skew', 'mfcc_1', 'wav_detail_lvl5_std', 'mfcc_var', 'wav_approx_std']",0.8438538205980066,0.7514792899408284,0.9621212121212122,0.9160874467534742,0.9167464114832536,0.9167464114832536,0.9167464114832536,0.9482036980742877,0.9669811320754716,0.9959514170040485,0.9396485867074102,0.9961554095863756
XGB,0.9091937880522439,0.8880590394760435,0.939505403437292,0.9327731092436975,0.9534821848047125,"{'max_depth': 3, 'learning_rate': 0.1, 'n_estimators': 100}","['spec_skew', 'mfcc_1', 'wav_detail_lvl5_std', 'mfcc_var', 'mfcc_std', 'wav_approx_std']",0.8438538205980066,0.7514792899408284,0.9621212121212122,0.9160874467534742,0.9167464114832536,0.9167464114832536,0.9167464114832536,0.9482036980742877,0.9669811320754716,0.9959514170040485,0.9396485867074102,0.9961554095863756
XGB,0.9091062745751793,0.8960787363062522,0.9250847707504054,0.9400305576776165,0.9397051012697902,"{'max_depth': 5, 'learning_rate': 0.1, 'n_estimators': 100}","['spec_kurtosis', 'NDSI', 'mfcc_1', 'mfcc_var']",0.823943661971831,0.7697368421052632,0.8863636363636364,0.86285223124082,0.9274809160305344,0.9248334919124643,0.9301435406698565,0.9583657768341082,0.9758942457231726,0.9936658749010293,0.9587471352177235,0.9978972957344423
XGB,0.9091062745751793,0.8960787363062522,0.9250847707504054,0.9400305576776165,0.9397051012697902,"{'max_depth': 5, 'learning_rate': 0.1, 'n_estimators': 100}","['spec_kurtosis', 'NDSI', 'mfcc_1', 'mfcc_var', 'mfcc_std']",0.823943661971831,0.7697368421052632,0.8863636363636364,0.86285223124082,0.9274809160305344,0.9248334919124643,0.9301435406698565,0.9583657768341082,0.9758942457231726,0.9936658749010293,0.9587471352177235,0.9978972957344423
XGB,0.9091062745751793,0.8960787363062522,0.9250847707504054,0.9400305576776165,0.9397051012697902,"{'max_depth': 5, 'learning_rate': 0.1, 'n_estimators': 100}","['spec_kurtosis', 'NDSI', 'mfcc_1', 'mfcc_std']",0.823943661971831,0.7697368421052632,0.8863636363636364,0.86285223124082,0.9274809160305344,0.9248334919124643,0.9301435406698565,0.9583657768341082,0.9758942457231726,0.9936658749010293,0.9587471352177235,0.9978972957344423
XGB,0.9090903039803266,0.8966605279312461,0.9246239484629578,0.9354469060351414,0.9474391179727943,"{'max_depth': 3, 'learning_rate': 0.1, 'n_estimators': 100}","['mfcc_mean', 'spec_skew', 'spec_kurtosis', 'NDSI', 'mfcc_1', 'mfcc_std', 'wav_approx_std']",0.8368794326241135,0.7866666666666666,0.8939393939393939,0.8969334555941079,0.9206945096198967,0.9033149171270718,0.938755980861244,0.9477130752824472,0.9696969696969697,1.0,0.9411764705882353,0.9976708230418279
XGB,0.9090903039803266,0.8966605279312461,0.9246239484629578,0.9354469060351414,0.9474391179727943,"{'max_depth': 3, 'learning_rate': 0.1, 'n_estimators': 100}","['mfcc_mean', 'spec_skew', 'spec_kurtosis', 'NDSI', 'mfcc_1', 'mfcc_var', 'wav_approx_std']",0.8368794326241135,0.7866666666666666,0.8939393939393939,0.8969334555941079,0.9206945096198967,0.9033149171270718,0.938755980861244,0.9477130752824472,0.9696969696969697,1.0,0.9411764705882353,0.9976708230418279
XGB,0.9090903039803266,0.8966605279312461,0.9246239484629578,0.9354469060351414,0.9474391179727943,"{'max_depth': 3, 'learning_rate': 0.1, 'n_estimators': 100}","['mfcc_mean', 'spec_skew', 'spec_kurtosis', 'NDSI', 'mfcc_1', 'mfcc_var', 'mfcc_std', 'wav_approx_std']",0.8368794326241135,0.7866666666666666,0.8939393939393939,0.8969334555941079,0.9206945096198967,0.9033149171270718,0.938755980861244,0.9477130752824472,0.9696969696969697,1.0,0.9411764705882353,0.9976708230418279
XGB,0.9090678064737627,0.8901970296829563,0.9349907746192576,0.9343009931245225,0.9468013689389204,"{'max_depth': 3, 'learning_rate': 0.1, 'n_estimators': 50}","['mfcc_mean', 'spec_kurtosis', 'NDSI', 'wav_detail_lvl5_std', 'mfcc_var', 'mfcc_std', 'wav_approx_std']",0.8392554991539763,0.7584097859327217,0.9393939393939394,0.9091160568278644,0.9182509505703422,0.9121813031161473,0.9244019138755981,0.934766039310824,0.9696969696969697,1.0,0.9411764705882353,0.9965220106780728
XGB,0.9090678064737627,0.8901970296829563,0.9349907746192576,0.9343009931245225,0.9468013689389204,"{'max_depth': 3, 'learning_rate': 0.1, 'n_estimators': 50}","['mfcc_mean', 'spec_kurtosis', 'NDSI', 'wav_detail_lvl5_std', 'mfcc_std', 'wav_approx_std']",0.8392554991539763,0.7584097859327217,0.9393939393939394,0.9091160568278644,0.9182509505703422,0.9121813031161473,0.9244019138755981,0.934766039310824,0.9696969696969697,1.0,0.9411764705882353,0.9965220106780728
XGB,0.9090678064737627,0.8901970296829563,0.9349907746192576,0.9343009931245225,0.9468013689389204,"{'max_depth': 3, 'learning_rate': 0.1, 'n_estimators': 50}","['mfcc_mean', 'spec_kurtosis', 'NDSI', 'wav_detail_lvl5_std', 'mfcc_var', 'wav_approx_std']",0.8392554991539763,0.7584097859327217,0.9393939393939394,0.9091160568278644,0.9182509505703422,0.9121813031161473,0.9244019138755981,0.934766039310824,0.9696969696969697,1.0,0.9411764705882353,0.9965220106780728
XGB,0.908965246955305,0.9009070935864535,0.9183347182573188,0.9362108479755539,0.9457715369017574,"{'max_depth': 5, 'learning_rate': 0.1, 'n_estimators': 50}","['mfcc_mean', 'spec_kurtosis', 'NDSI', 'mfcc_1', 'wav_approx_std', 'mfcc_2']",0.8342440801457195,0.8035087719298246,0.8674242424242424,0.8942059068970616,0.9266227657572906,0.9111933395004626,0.9425837320574163,0.9464128003236992,0.9660288949629051,0.9880191693290735,0.944996180290298,0.9966959034845113
XGB,0.9089321810377489,0.8886088049587494,0.9376127484486618,0.93353705118411,0.9573728399436745,"{'max_depth': 3, 'learning_rate': 0.1, 'n_estimators': 100}","['spec_kurtosis', 'NDSI', 'wav_detail_lvl5_std', 'mfcc_var', 'mfcc_std', 'mfcc_2']",0.8414023372287145,0.7522388059701492,0.9545454545454546,0.9292316642605433,0.9162656400384985,0.9215876089060987,0.9110047846889953,0.9464433983843995,0.9691285658460336,0.992,0.9472880061115355,0.9964434571860808
XGB,0.9089321810377489,0.8886088049587494,0.9376127484486618,0.93353705118411,0.9573728399436745,"{'max_depth': 3, 'learning_rate': 0.1, 'n_estimators': 100}","['spec_kurtosis', 'NDSI', 'wav_detail_lvl5_std', 'mfcc_std', 'mfcc_2']",0.8414023372287145,0.7522388059701492,0.9545454545454546,0.9292316642605433,0.9162656400384985,0.9215876089060987,0.9110047846889953,0.9464433983843995,0.9691285658460336,0.992,0.9472880061115355,0.9964434571860808
XGB,0.9089321810377489,0.8886088049587494,0.9376127484486618,0.93353705118411,0.9573728399436745,"{'max_depth': 3, 'learning_rate': 0.1, 'n_estimators': 100}","['spec_kurtosis', 'NDSI', 'wav_detail_lvl5_std', 'mfcc_var', 'mfcc_2']",0.8414023372287145,0.7522388059701492,0.9545454545454546,0.9292316642605433,0.9162656400384985,0.9215876089060987,0.9110047846889953,0.9464433983843995,0.9691285658460336,0.992,0.9472880061115355,0.9964434571860808
XGB,0.9089182946641516,0.8864497821836489,0.9423363444261277,0.9327731092436975,0.931880919835272,"{'max_depth': 5, 'learning_rate': 0.01, 'n_estimators': 50}","['spec_skew', 'mfcc_1', 'wav_detail_lvl5_std', 'mfcc_std', 'mfcc_2']",0.8426229508196721,0.7427745664739884,0.9734848484848485,0.8759613999776826,0.9156279961649089,0.9173871277617676,0.9138755980861244,0.927872836648497,0.968503937007874,0.9991876523151909,0.9396485867074102,0.9918085228796363
XGB,0.9089182946641516,0.8864497821836489,0.9423363444261277,0.9327731092436975,0.931880919835272,"{'max_depth': 5, 'learning_rate': 0.01, 'n_estimators': 50}","['spec_skew', 'mfcc_1', 'wav_detail_lvl5_std', 'mfcc_var', 'mfcc_2']",0.8426229508196721,0.7427745664739884,0.9734848484848485,0.8759613999776826,0.9156279961649089,0.9173871277617676,0.9138755980861244,0.927872836648497,0.968503937007874,0.9991876523151909,0.9396485867074102,0.9918085228796363
XGB,0.9089182946641516,0.8864497821836489,0.9423363444261277,0.9327731092436975,0.931880919835272,"{'max_depth': 5, 'learning_rate': 0.01, 'n_estimators': 50}","['spec_skew', 'mfcc_1', 'wav_detail_lvl5_std', 'mfcc_var', 'mfcc_std', 'mfcc_2']",0.8426229508196721,0.7427745664739884,0.9734848484848485,0.8759613999776826,0.9156279961649089,0.9173871277617676,0.9138755980861244,0.927872836648497,0.968503937007874,0.9991876523151909,0.9396485867074102,0.9918085228796363
XGB,0.9089079723741106,0.8916431261770245,0.931915796621679,0.9354469060351414,0.9356897620656807,"{'max_depth': 5, 'learning_rate': 0.01, 'n_estimators': 100}","['mfcc_mean', 'spec_kurtosis', 'NDSI', 'mfcc_1', 'wav_detail_lvl5_std']",0.8356164383561644,0.7625,0.9242424242424242,0.8980463869191042,0.9197911722828667,0.9124293785310734,0.9272727272727272,0.9175986081403138,0.9713163064833006,1.0,0.9442322383498855,0.991424291137624
XGB,0.9089079723741106,0.8916431261770245,0.931915796621679,0.9354469060351414,0.937154574027113,"{'max_depth': 5, 'learning_rate': 0.01, 'n_estimators': 100}","['mfcc_mean', 'spec_kurtosis', 'NDSI', 'mfcc_1', 'wav_detail_lvl5_std', 'mfcc_std']",0.8356164383561644,0.7625,0.9242424242424242,0.8973456235544486,0.9197911722828667,0.9124293785310734,0.9272727272727272,0.922696395749146,0.9713163064833006,1.0,0.9442322383498855,0.9914217027777443
XGB,0.9089079723741106,0.8916431261770245,0.931915796621679,0.9354469060351414,0.937154574027113,"{'max_depth': 5, 'learning_rate': 0.01, 'n_estimators': 100}","['mfcc_mean', 'spec_kurtosis', 'NDSI', 'mfcc_1', 'wav_detail_lvl5_std', 'mfcc_var']",0.8356164383561644,0.7625,0.9242424242424242,0.8973456235544486,0.9197911722828667,0.9124293785310734,0.9272727272727272,0.922696395749146,0.9713163064833006,1.0,0.9442322383498855,0.9914217027777443
XGB,0.9089079723741106,0.8916431261770245,0.931915796621679,0.9354469060351414,0.937154574027113,"{'max_depth': 5, 'learning_rate': 0.01, 'n_estimators': 100}","['mfcc_mean', 'spec_kurtosis', 'NDSI', 'mfcc_1', 'wav_detail_lvl5_std', 'mfcc_var', 'mfcc_std']",0.8356164383561644,0.7625,0.9242424242424242,0.8973456235544486,0.9197911722828667,0.9124293785310734,0.9272727272727272,0.922696395749146,0.9713163064833006,1.0,0.9442322383498855,0.9914217027777443
XGB,0.9088166127272373,0.89661451162724,0.923728662118755,0.9346829640947288,0.9504097436774269,"{'max_depth': 3, 'learning_rate': 0.1, 'n_estimators': 100}","['mfcc_mean', 'spec_skew', 'spec_kurtosis', 'NDSI', 'mfcc_1', 'wav_detail_lvl5_std']",0.8383658969804618,0.7892976588628763,0.8939393939393939,0.903942812342344,0.9198113207547169,0.9069767441860465,0.9330143540669856,0.9501171387533486,0.9682726204465335,0.9935691318327974,0.9442322383498855,0.9971692799365884
XGB,0.9088110091023226,0.8998884148782302,0.9192756847555609,0.9365928189457601,0.945360302724329,"{'max_depth': 3, 'learning_rate': 0.1, 'n_estimators': 100}","['mfcc_mean', 'spec_skew', 'spec_kurtosis', 'NDSI', 'mfcc_1']",0.8333333333333334,0.7986111111111112,0.8712121212121212,0.8777856476901652,0.9227871939736346,0.9082483781278962,0.937799043062201,0.9602576463566191,0.9703125,0.9928057553956835,0.9488158899923606,0.9980376141262027
XGB,0.9088109589498785,0.8918779779220126,0.9309349577151435,0.9316271963330787,0.9514173252652793,"{'max_depth': 5, 'learning_rate': 0.1, 'n_estimators': 100}","['spec_skew', 'mfcc_1', 'wav_detail_lvl5_std', 'wav_approx_std']",0.846815834767642,0.7760252365930599,0.9318181818181818,0.9095801568714926,0.9148834997622444,0.9092627599243857,0.9205741626794258,0.9487586841079445,0.9647335423197492,0.9903459372485921,0.9404125286478228,0.995913134816401
XGB,0.9088095769303527,0.8974225727631833,0.9227876956205129,0.9343009931245225,0.9418301220842277,"{'max_depth': 5, 'learning_rate': 0.1, 'n_estimators': 50}","['mfcc_mean', 'spec_kurtosis', 'NDSI', 'wav_detail_lvl5_std']",0.8392857142857143,0.793918918918919,0.8901515151515151,0.883219694058632,0.9197559831065227,0.9023941068139963,0.937799043062201,0.9457466834915131,0.9673870333988213,0.9959546925566343,0.9404125286478228,0.996523988702538
XGB,0.9086067733773143,0.8948996314174237,0.9256132756132756,0.935064935064935,0.9277236726446899,"{'max_depth': 5, 'learning_rate': 0.01, 'n_estimators': 50}","['mfcc_mean', 'NDSI', 'mfcc_1', 'wav_detail_lvl5_std', 'mfcc_var', 'mfcc_std', 'wav_approx_std', 'mfcc_2']",0.836555360281195,0.780327868852459,0.9015151515151515,0.8888959604158575,0.9193548387096774,0.9115710253998118,0.9272727272727272,0.9037981637187034,0.9699101211410708,0.9928,0.948051948051948,0.9904768937995089
XGB,0.9086067733773143,0.8948996314174237,0.9256132756132756,0.935064935064935,0.9277236726446899,"{'max_depth': 5, 'learning_rate': 0.01, 'n_estimators': 50}","['mfcc_mean', 'NDSI', 'mfcc_1', 'wav_detail_lvl5_std', 'mfcc_var', 'wav_approx_std', 'mfcc_2']",0.836555360281195,0.780327868852459,0.9015151515151515,0.8888959604158575,0.9193548387096774,0.9115710253998118,0.9272727272727272,0.9037981637187034,0.9699101211410708,0.9928,0.948051948051948,0.9904768937995089
XGB,0.9086067733773143,0.8948996314174237,0.9256132756132756,0.935064935064935,0.9277236726446899,"{'max_depth': 5, 'learning_rate': 0.01, 'n_estimators': 50}","['mfcc_mean', 'NDSI', 'mfcc_1', 'wav_detail_lvl5_std', 'mfcc_std', 'wav_approx_std', 'mfcc_2']",0.836555360281195,0.780327868852459,0.9015151515151515,0.8888959604158575,0.9193548387096774,0.9115710253998118,0.9272727272727272,0.9037981637187034,0.9699101211410708,0.9928,0.948051948051948,0.9904768937995089
XGB,0.90853432764124,0.8952420892353845,0.9249779975786168,0.9339190221543163,0.9403720478101518,"{'max_depth': 3, 'learning_rate': 0.1, 'n_estimators': 100}","['spec_kurtosis', 'NDSI', 'mfcc_var', 'wav_approx_std']",0.8395061728395061,0.7854785478547854,0.9015151515151515,0.8786795495488186,0.9182033096926714,0.9074766355140187,0.9291866028708134,0.944892998631343,0.9678935003915426,0.9927710843373494,0.9442322383498855,0.9975435952502937
XGB,0.90853432764124,0.8952420892353845,0.9249779975786168,0.9339190221543163,0.9403720478101518,"{'max_depth': 3, 'learning_rate': 0.1, 'n_estimators': 100}","['spec_kurtosis', 'NDSI', 'mfcc_std', 'wav_approx_std']",0.8395061728395061,0.7854785478547854,0.9015151515151515,0.8786795495488186,0.9182033096926714,0.9074766355140187,0.9291866028708134,0.944892998631343,0.9678935003915426,0.9927710843373494,0.9442322383498855,0.9975435952502937
XGB,0.90853432764124,0.8952420892353845,0.9249779975786168,0.9339190221543163,0.9403720478101518,"{'max_depth': 3, 'learning_rate': 0.1, 'n_estimators': 100}","['spec_kurtosis', 'NDSI', 'mfcc_var', 'mfcc_std', 'wav_approx_std']",0.8395061728395061,0.7854785478547854,0.9015151515151515,0.8786795495488186,0.9182033096926714,0.9074766355140187,0.9291866028708134,0.944892998631343,0.9678935003915426,0.9927710843373494,0.9442322383498855,0.9975435952502937
XGB,0.9085079126244385,0.8915745365157068,0.9309615393206724,0.9339190221543163,0.95295598203499,"{'max_depth': 3, 'learning_rate': 0.1, 'n_estimators': 100}","['spec_kurtosis', 'mfcc_1', 'wav_detail_lvl5_std', 'mfcc_std', 'wav_approx_std']",0.8384879725085911,0.7672955974842768,0.9242424242424242,0.9120362794742112,0.9181258873639375,0.9082397003745318,0.9282296650717703,0.9506006031706065,0.9689098780007871,0.9991883116883117,0.9404125286478228,0.9962310634601523
XGB,0.9085079126244385,0.8915745365157068,0.9309615393206724,0.9339190221543163,0.95295598203499,"{'max_depth': 3, 'learning_rate': 0.1, 'n_estimators': 100}","['spec_kurtosis', 'mfcc_1', 'wav_detail_lvl5_std', 'mfcc_var', 'wav_approx_std']",0.8384879725085911,0.7672955974842768,0.9242424242424242,0.9120362794742112,0.9181258873639375,0.9082397003745318,0.9282296650717703,0.9506006031706065,0.9689098780007871,0.9991883116883117,0.9404125286478228,0.9962310634601523
XGB,0.9085079126244385,0.8915745365157068,0.9309615393206724,0.9339190221543163,0.95295598203499,"{'max_depth': 3, 'learning_rate': 0.1, 'n_estimators': 100}","['spec_kurtosis', 'mfcc_1', 'wav_detail_lvl5_std', 'mfcc_var', 'mfcc_std', 'wav_approx_std']",0.8384879725085911,0.7672955974842768,0.9242424242424242,0.9120362794742112,0.9181258873639375,0.9082397003745318,0.9282296650717703,0.9506006031706065,0.9689098780007871,0.9991883116883117,0.9404125286478228,0.9962310634601523
XGB,0.9084356165987701,0.8913462908913626,0.9308062938093897,0.9316271963330787,0.9513781702090712,"{'max_depth': 5, 'learning_rate': 0.1, 'n_estimators': 100}","['mfcc_mean', 'spec_skew', 'wav_detail_lvl5_std', 'mfcc_var', 'wav_approx_std']",0.845360824742268,0.7735849056603774,0.9318181818181818,0.9120474781238566,0.9151572926596759,0.9116809116809117,0.9186602870813397,0.9460750759082087,0.9647887323943662,0.9887730553327987,0.9419404125286478,0.9960119565951482
XGB,0.9084356165987701,0.8913462908913626,0.9308062938093897,0.9316271963330787,0.9513781702090712,"{'max_depth': 5, 'learning_rate': 0.1, 'n_estimators': 100}","['mfcc_mean', 'spec_skew', 'wav_detail_lvl5_std', 'mfcc_var', 'mfcc_std', 'wav_approx_std']",0.845360824742268,0.7735849056603774,0.9318181818181818,0.9120474781238566,0.9151572926596759,0.9116809116809117,0.9186602870813397,0.9460750759082087,0.9647887323943662,0.9887730553327987,0.9419404125286478,0.9960119565951482
XGB,0.9084356165987701,0.8913462908913626,0.9308062938093897,0.9316271963330787,0.9513781702090712,"{'max_depth': 5, 'learning_rate': 0.1, 'n_estimators': 100}","['mfcc_mean', 'spec_skew', 'wav_detail_lvl5_std', 'mfcc_std', 'wav_approx_std']",0.845360824742268,0.7735849056603774,0.9318181818181818,0.9120474781238566,0.9151572926596759,0.9116809116809117,0.9186602870813397,0.9460750759082087,0.9647887323943662,0.9887730553327987,0.9419404125286478,0.9960119565951482
XGB,0.9084288276392355,0.8970456274659306,0.9222113885426578,0.9339190221543163,0.9505860431980393,"{'max_depth': 5, 'learning_rate': 0.1, 'n_estimators': 50}","['mfcc_mean', 'spec_skew', 'spec_kurtosis', 'wav_detail_lvl5_std', 'mfcc_std', 'mfcc_2']",0.8392857142857143,0.793918918918919,0.8901515151515151,0.9106664245737021,0.9185115402731983,0.9044526901669759,0.9330143540669856,0.9454654384947704,0.9674892283587936,0.9927652733118971,0.9434682964094728,0.9956262665256453
XGB,0.9084288276392355,0.8970456274659306,0.9222113885426578,0.9339190221543163,0.9505860431980393,"{'max_depth': 5, 'learning_rate': 0.1, 'n_estimators': 50}","['mfcc_mean', 'spec_skew', 'spec_kurtosis', 'wav_detail_lvl5_std', 'mfcc_var', 'mfcc_2']",0.8392857142857143,0.793918918918919,0.8901515151515151,0.9106664245737021,0.9185115402731983,0.9044526901669759,0.9330143540669856,0.9454654384947704,0.9674892283587936,0.9927652733118971,0.9434682964094728,0.9956262665256453
XGB,0.9084288276392355,0.8970456274659306,0.9222113885426578,0.9339190221543163,0.9505860431980393,"{'max_depth': 5, 'learning_rate': 0.1, 'n_estimators': 50}","['mfcc_mean', 'spec_skew', 'spec_kurtosis', 'wav_detail_lvl5_std', 'mfcc_var', 'mfcc_std', 'mfcc_2']",0.8392857142857143,0.793918918918919,0.8901515151515151,0.9106664245737021,0.9185115402731983,0.9044526901669759,0.9330143540669856,0.9454654384947704,0.9674892283587936,0.9927652733118971,0.9434682964094728,0.9956262665256453
XGB,0.9084077131674332,0.8956551531419065,0.9240343505823382,0.9339190221543163,0.951109135487849,"{'max_depth': 3, 'learning_rate': 0.1, 'n_estimators': 100}","['mfcc_mean', 'spec_skew', 'spec_kurtosis', 'NDSI', 'mfcc_1', 'wav_detail_lvl5_std', 'mfcc_std']",0.8389380530973451,0.7873754152823921,0.8977272727272727,0.9053363274781151,0.9191489361702128,0.908411214953271,0.9301435406698565,0.9507625823573637,0.9671361502347418,0.9911788291900562,0.9442322383498855,0.9972284966280683
XGB,0.9084077131674332,0.8956551531419065,0.9240343505823382,0.9339190221543163,0.951109135487849,"{'max_depth': 3, 'learning_rate': 0.1, 'n_estimators': 100}","['mfcc_mean', 'spec_skew', 'spec_kurtosis', 'NDSI', 'mfcc_1', 'wav_detail_lvl5_std', 'mfcc_var']",0.8389380530973451,0.7873754152823921,0.8977272727272727,0.9053363274781151,0.9191489361702128,0.908411214953271,0.9301435406698565,0.9507625823573637,0.9671361502347418,0.9911788291900562,0.9442322383498855,0.9972284966280683
XGB,0.9084077131674332,0.8956551531419065,0.9240343505823382,0.9339190221543163,0.951109135487849,"{'max_depth': 3, 'learning_rate': 0.1, 'n_estimators': 100}","['mfcc_mean', 'spec_skew', 'spec_kurtosis', 'NDSI', 'mfcc_1', 'wav_detail_lvl5_std', 'mfcc_var', 'mfcc_std']",0.8389380530973451,0.7873754152823921,0.8977272727272727,0.9053363274781151,0.9191489361702128,0.908411214953271,0.9301435406698565,0.9507625823573637,0.9671361502347418,0.9911788291900562,0.9442322383498855,0.9972284966280683
XGB,0.9083565988306294,0.8946077832043109,0.9254547911668655,0.9392666157372039,0.9445292617571349,"{'max_depth': 5, 'learning_rate': 0.1, 'n_estimators': 100}","['spec_skew', 'spec_kurtosis', 'NDSI', 'mfcc_1', 'mfcc_var', 'mfcc_std']",0.8231173380035026,0.7654723127035831,0.8901515151515151,0.8748945809058244,0.9264565425023877,0.9246901811248809,0.9282296650717703,0.960628174917516,0.9754959159859977,0.993660855784469,0.957983193277311,0.9980650294480644
XGB,0.9083565988306294,0.8946077832043109,0.9254547911668655,0.9392666157372039,0.9445292617571349,"{'max_depth': 5, 'learning_rate': 0.1, 'n_estimators': 100}","['spec_skew', 'spec_kurtosis', 'NDSI', 'mfcc_1', 'mfcc_std']",0.8231173380035026,0.7654723127035831,0.8901515151515151,0.8748945809058244,0.9264565425023877,0.9246901811248809,0.9282296650717703,0.960628174917516,0.9754959159859977,0.993660855784469,0.957983193277311,0.9980650294480644
XGB,0.9083565988306294,0.8946077832043109,0.9254547911668655,0.9392666157372039,0.9445292617571349,"{'max_depth': 5, 'learning_rate': 0.1, 'n_estimators': 100}","['spec_skew', 'spec_kurtosis', 'NDSI', 'mfcc_1', 'mfcc_var']",0.8231173380035026,0.7654723127035831,0.8901515151515151,0.8748945809058244,0.9264565425023877,0.9246901811248809,0.9282296650717703,0.960628174917516,0.9754959159859977,0.993660855784469,0.957983193277311,0.9980650294480644
XGB,0.9083438211348156,0.8867272640117326,0.9397467599479983,0.932009167303285,0.9344235137364478,"{'max_depth': 5, 'learning_rate': 0.01, 'n_estimators': 50}","['mfcc_mean', 'spec_skew', 'spec_kurtosis', 'mfcc_1', 'wav_detail_lvl5_std', 'mfcc_std']",0.8429752066115702,0.7478005865102639,0.9659090909090909,0.8918154300618218,0.9146692233940557,0.9164265129682997,0.9129186602870814,0.9194587355041987,0.9673870333988213,0.9959546925566343,0.9404125286478228,0.9919963756433232
XGB,0.9083438211348156,0.8867272640117326,0.9397467599479983,0.932009167303285,0.9344235137364478,"{'max_depth': 5, 'learning_rate': 0.01, 'n_estimators': 50}","['mfcc_mean', 'spec_skew', 'spec_kurtosis', 'mfcc_1', 'wav_detail_lvl5_std', 'mfcc_var', 'mfcc_std']",0.8429752066115702,0.7478005865102639,0.9659090909090909,0.8918154300618218,0.9146692233940557,0.9164265129682997,0.9129186602870814,0.9194587355041987,0.9673870333988213,0.9959546925566343,0.9404125286478228,0.9919963756433232
XGB,0.9083438211348156,0.8867272640117326,0.9397467599479983,0.932009167303285,0.9344235137364478,"{'max_depth': 5, 'learning_rate': 0.01, 'n_estimators': 50}","['mfcc_mean', 'spec_skew', 'spec_kurtosis', 'mfcc_1', 'wav_detail_lvl5_std', 'mfcc_var']",0.8429752066115702,0.7478005865102639,0.9659090909090909,0.8918154300618218,0.9146692233940557,0.9164265129682997,0.9129186602870814,0.9194587355041987,0.9673870333988213,0.9959546925566343,0.9404125286478228,0.9919963756433232
XGB,0.9083239548591054,0.8934404872421379,0.9273235450480032,0.9358288770053476,0.9529536770622723,"{'max_depth': 3, 'learning_rate': 0.1, 'n_estimators': 100}","['mfcc_mean', 'spec_skew', 'NDSI', 'mfcc_1', 'wav_detail_lvl5_std', 'mfcc_var', 'mfcc_std', 'wav_approx_std']",0.8327526132404182,0.7709677419354839,0.9053030303030303,0.9062108569526076,0.9204545454545454,0.9109653233364574,0.9301435406698565,0.9553306597902864,0.971764705882353,0.9983883964544722,0.946524064171123,0.9973195144439226
XGB,0.9083239548591054,0.8934404872421379,0.9273235450480032,0.9358288770053476,0.9529536770622723,"{'max_depth': 3, 'learning_rate': 0.1, 'n_estimators': 100}","['mfcc_mean', 'spec_skew', 'NDSI', 'mfcc_1', 'wav_detail_lvl5_std', 'mfcc_var', 'wav_approx_std']",0.8327526132404182,0.7709677419354839,0.9053030303030303,0.9062108569526076,0.9204545454545454,0.9109653233364574,0.9301435406698565,0.9553306597902864,0.971764705882353,0.9983883964544722,0.946524064171123,0.9973195144439226
XGB,0.9083239548591054,0.8934404872421379,0.9273235450480032,0.9358288770053476,0.9529536770622723,"{'max_depth': 3, 'learning_rate': 0.1, 'n_estimators': 100}","['mfcc_mean', 'spec_skew', 'NDSI', 'mfcc_1', 'wav_detail_lvl5_std', 'mfcc_std', 'wav_approx_std']",0.8327526132404182,0.7709677419354839,0.9053030303030303,0.9062108569526076,0.9204545454545454,0.9109653233364574,0.9301435406698565,0.9553306597902864,0.971764705882353,0.9983883964544722,0.946524064171123,0.9973195144439226
XGB,0.9082091656649384,0.8992696328901334,0.918560103467224,0.9346829640947288,0.9512287781645922,"{'max_depth': 3, 'learning_rate': 0.1, 'n_estimators': 100}","['mfcc_mean', 'spec_skew', 'mfcc_var', 'mfcc_std', 'mfcc_2']",0.8369565217391305,0.8020833333333334,0.875,0.9072179318022218,0.9192253188474256,0.9076492537313433,0.9311004784688995,0.9494007937305204,0.9684456564082586,0.9880763116057234,0.9495798319327731,0.9970676089610342
XGB,0.9082091656649384,0.8992696328901334,0.918560103467224,0.9346829640947288,0.9512287781645922,"{'max_depth': 3, 'learning_rate': 0.1, 'n_estimators': 100}","['mfcc_mean', 'spec_skew', 'mfcc_std', 'mfcc_2']",0.8369565217391305,0.8020833333333334,0.875,0.9072179318022218,0.9192253188474256,0.9076492537313433,0.9311004784688995,0.9494007937305204,0.9684456564082586,0.9880763116057234,0.9495798319327731,0.9970676089610342
XGB,0.9082091656649384,0.8992696328901334,0.918560103467224,0.9346829640947288,0.9512287781645922,"{'max_depth': 3, 'learning_rate': 0.1, 'n_estimators': 100}","['mfcc_mean', 'spec_skew', 'mfcc_var', 'mfcc_2']",0.8369565217391305,0.8020833333333334,0.875,0.9072179318022218,0.9192253188474256,0.9076492537313433,0.9311004784688995,0.9494007937305204,0.9684456564082586,0.9880763116057234,0.9495798319327731,0.9970676089610342
XGB,0.9081890280700602,0.8861204013377927,0.9408940131076354,0.93353705118411,0.956717782165958,"{'max_depth': 3, 'learning_rate': 0.1, 'n_estimators': 100}","['mfcc_mean', 'wav_detail_lvl5_std', 'mfcc_std', 'wav_approx_std']",0.8374384236453202,0.7391304347826086,0.9659090909090909,0.9311533436975076,0.9170263788968825,0.9192307692307692,0.9148325358851674,0.9424815150106027,0.970102281667978,1.0,0.9419404125286478,0.9965184877897636
XGB,0.9081890280700602,0.8861204013377927,0.9408940131076354,0.93353705118411,0.956717782165958,"{'max_depth': 3, 'learning_rate': 0.1, 'n_estimators': 100}","['mfcc_mean', 'wav_detail_lvl5_std', 'mfcc_var', 'mfcc_std', 'wav_approx_std']",0.8374384236453202,0.7391304347826086,0.9659090909090909,0.9311533436975076,0.9170263788968825,0.9192307692307692,0.9148325358851674,0.9424815150106027,0.970102281667978,1.0,0.9419404125286478,0.9965184877897636
XGB,0.9081890280700602,0.8861204013377927,0.9408940131076354,0.93353705118411,0.956717782165958,"{'max_depth': 3, 'learning_rate': 0.1, 'n_estimators': 100}","['mfcc_mean', 'wav_detail_lvl5_std', 'mfcc_var', 'wav_approx_std']",0.8374384236453202,0.7391304347826086,0.9659090909090909,0.9311533436975076,0.9170263788968825,0.9192307692307692,0.9148325358851674,0.9424815150106027,0.970102281667978,1.0,0.9419404125286478,0.9965184877897636
XGB,0.9081508054559354,0.8860944888479726,0.9408296811547586,0.93353705118411,0.9502683479959808,"{'max_depth': 3, 'learning_rate': 0.1, 'n_estimators': 50}","['spec_skew', 'NDSI', 'wav_detail_lvl5_std', 'mfcc_std', 'wav_approx_std', 'mfcc_2']",0.8374384236453202,0.7391304347826086,0.9659090909090909,0.9205045070067076,0.9165067178502879,0.9191530317613089,0.9138755980861244,0.9337992248504301,0.9705072748721982,1.0,0.9427043544690603,0.9965013121308045
XGB,0.9081508054559354,0.8860944888479726,0.9408296811547586,0.93353705118411,0.9502683479959808,"{'max_depth': 3, 'learning_rate': 0.1, 'n_estimators': 50}","['spec_skew', 'NDSI', 'wav_detail_lvl5_std', 'mfcc_var', 'wav_approx_std', 'mfcc_2']",0.8374384236453202,0.7391304347826086,0.9659090909090909,0.9205045070067076,0.9165067178502879,0.9191530317613089,0.9138755980861244,0.9337992248504301,0.9705072748721982,1.0,0.9427043544690603,0.9965013121308045
XGB,0.9081508054559354,0.8860944888479726,0.9408296811547586,0.93353705118411,0.9502683479959808,"{'max_depth': 3, 'learning_rate': 0.1, 'n_estimators': 50}","['spec_skew', 'NDSI', 'wav_detail_lvl5_std', 'mfcc_var', 'mfcc_std', 'wav_approx_std', 'mfcc_2']",0.8374384236453202,0.7391304347826086,0.9659090909090909,0.9205045070067076,0.9165067178502879,0.9191530317613089,0.9138755980861244,0.9337992248504301,0.9705072748721982,1.0,0.9427043544690603,0.9965013121308045
XGB,0.9081409546288203,0.8928039115893558,0.9277552169193036,0.9354469060351414,0.952648005196414,"{'max_depth': 5, 'learning_rate': 0.1, 'n_estimators': 100}","['spec_skew', 'NDSI', 'mfcc_1', 'mfcc_std', 'wav_approx_std']",0.8333333333333334,0.7692307692307693,0.9090909090909091,0.8957708740416602,0.9196386115073705,0.9139886578449905,0.9253588516746412,0.9636067417713754,0.9714509190457568,0.9951923076923077,0.9488158899923606,0.9985663997762065
XGB,0.9081409546288203,0.8928039115893558,0.9277552169193036,0.9354469060351414,0.952648005196414,"{'max_depth': 5, 'learning_rate': 0.1, 'n_estimators': 100}","['spec_skew', 'NDSI', 'mfcc_1', 'mfcc_var', 'wav_approx_std']",0.8333333333333334,0.7692307692307693,0.9090909090909091,0.8957708740416602,0.9196386115073705,0.9139886578449905,0.9253588516746412,0.9636067417713754,0.9714509190457568,0.9951923076923077,0.9488158899923606,0.9985663997762065
XGB,0.9081409546288203,0.8928039115893558,0.9277552169193036,0.9354469060351414,0.952648005196414,"{'max_depth': 5, 'learning_rate': 0.1, 'n_estimators': 100}","['spec_skew', 'NDSI', 'mfcc_1', 'mfcc_var', 'mfcc_std', 'wav_approx_std']",0.8333333333333334,0.7692307692307693,0.9090909090909091,0.8957708740416602,0.9196386115073705,0.9139886578449905,0.9253588516746412,0.9636067417713754,0.9714509190457568,0.9951923076923077,0.9488158899923606,0.9985663997762065
XGB,0.9080506737560649,0.8877297051633252,0.9367201426024957,0.9323911382734912,0.9423707641807276,"{'max_depth': 5, 'learning_rate': 0.1, 'n_estimators': 100}","['NDSI', 'mfcc_1', 'wav_detail_lvl5_std']",0.8414023372287145,0.7522388059701492,0.9545454545454546,0.8816921317721713,0.91478093403948,0.9205426356589147,0.9090909090909091,0.948377750435055,0.96796875,0.9904076738609112,0.946524064171123,0.9970424103349567
XGB,0.9079728322189071,0.8931225322658677,0.926811569923025,0.9354469060351414,0.9524412232902977,"{'max_depth': 5, 'learning_rate': 0.1, 'n_estimators': 100}","['NDSI', 'mfcc_1', 'mfcc_var', 'mfcc_std', 'wav_approx_std']",0.8327526132404182,0.7709677419354839,0.9053030303030303,0.8998813373987139,0.9197149643705463,0.9132075471698113,0.9263157894736842,0.9592664640481199,0.9714509190457568,0.9951923076923077,0.9488158899923606,0.9981758684240589
XGB,0.9079728322189071,0.8931225322658677,0.926811569923025,0.9354469060351414,0.9524412232902977,"{'max_depth': 5, 'learning_rate': 0.1, 'n_estimators': 100}","['NDSI', 'mfcc_1', 'mfcc_var', 'wav_approx_std']",0.8327526132404182,0.7709677419354839,0.9053030303030303,0.8998813373987139,0.9197149643705463,0.9132075471698113,0.9263157894736842,0.9592664640481199,0.9714509190457568,0.9951923076923077,0.9488158899923606,0.9981758684240589
XGB,0.9079728322189071,0.8931225322658677,0.926811569923025,0.9354469060351414,0.9524412232902977,"{'max_depth': 5, 'learning_rate': 0.1, 'n_estimators': 100}","['NDSI', 'mfcc_1', 'mfcc_std', 'wav_approx_std']",0.8327526132404182,0.7709677419354839,0.9053030303030303,0.8998813373987139,0.9197149643705463,0.9132075471698113,0.9263157894736842,0.9592664640481199,0.9714509190457568,0.9951923076923077,0.9488158899923606,0.9981758684240589
XGB,0.907893610800297,0.8957676372657565,0.9227206831695995,0.9346829640947288,0.9463855325275486,"{'max_depth': 5, 'learning_rate': 0.1, 'n_estimators': 50}","['mfcc_mean', 'spec_skew', 'spec_kurtosis', 'NDSI', 'wav_detail_lvl5_std', 'mfcc_var', 'mfcc_std']",0.8348134991119005,0.7859531772575251,0.8901515151515151,0.8934124197549853,0.9198113207547169,0.9069767441860465,0.9330143540669856,0.9482255765983744,0.9690560125342734,0.9943729903536977,0.944996180290298,0.9975186012292864
XGB,0.907893610800297,0.8957676372657565,0.9227206831695995,0.9346829640947288,0.9463855325275486,"{'max_depth': 5, 'learning_rate': 0.1, 'n_estimators': 50}","['mfcc_mean', 'spec_skew', 'spec_kurtosis', 'NDSI', 'wav_detail_lvl5_std', 'mfcc_var']",0.8348134991119005,0.7859531772575251,0.8901515151515151,0.8934124197549853,0.9198113207547169,0.9069767441860465,0.9330143540669856,0.9482255765983744,0.9690560125342734,0.9943729903536977,0.944996180290298,0.9975186012292864
XGB,0.907893610800297,0.8957676372657565,0.9227206831695995,0.9346829640947288,0.9463855325275486,"{'max_depth': 5, 'learning_rate': 0.1, 'n_estimators': 50}","['mfcc_mean', 'spec_skew', 'spec_kurtosis', 'NDSI', 'wav_detail_lvl5_std', 'mfcc_std']",0.8348134991119005,0.7859531772575251,0.8901515151515151,0.8934124197549853,0.9198113207547169,0.9069767441860465,0.9330143540669856,0.9482255765983744,0.9690560125342734,0.9943729903536977,0.944996180290298,0.9975186012292864
XGB,0.9078784318455481,0.8868262911769742,0.9381757647237524,0.9327731092436975,0.9434663242870491,"{'max_depth': 3, 'learning_rate': 0.1, 'n_estimators': 50}","['NDSI', 'mfcc_1', 'wav_detail_lvl5_std', 'mfcc_var', 'mfcc_std']",0.8391376451077943,0.7463126843657817,0.9583333333333334,0.8984603980133196,0.9154658981748319,0.9189971070395371,0.9119617224880383,0.9357660714456425,0.969031752254018,0.9951690821256038,0.9442322383498855,0.9961725034021853
XGB,0.9078784318455481,0.8868262911769742,0.9381757647237524,0.9327731092436975,0.9434663242870491,"{'max_depth': 3, 'learning_rate': 0.1, 'n_estimators': 50}","['NDSI', 'mfcc_1', 'wav_detail_lvl5_std', 'mfcc_var']",0.8391376451077943,0.7463126843657817,0.9583333333333334,0.8984603980133196,0.9154658981748319,0.9189971070395371,0.9119617224880383,0.9357660714456425,0.969031752254018,0.9951690821256038,0.9442322383498855,0.9961725034021853
XGB,0.9078784318455481,0.8868262911769742,0.9381757647237524,0.9327731092436975,0.9434663242870491,"{'max_depth': 3, 'learning_rate': 0.1, 'n_estimators': 50}","['NDSI', 'mfcc_1', 'wav_detail_lvl5_std', 'mfcc_std']",0.8391376451077943,0.7463126843657817,0.9583333333333334,0.8984603980133196,0.9154658981748319,0.9189971070395371,0.9119617224880383,0.9357660714456425,0.969031752254018,0.9951690821256038,0.9442322383498855,0.9961725034021853
XGB,0.9078038777682645,0.888135549661794,0.9352937825848043,0.9339190221543163,0.9281044684954359,"{'max_depth': 5, 'learning_rate': 0.01, 'n_estimators': 50}","['NDSI', 'mfcc_1', 'wav_detail_lvl5_std', 'mfcc_var', 'mfcc_std', 'mfcc_2']",0.8355704697986577,0.75,0.9431818181818182,0.8707111316825977,0.9172644667623147,0.9168260038240917,0.9177033492822967,0.9224243081786798,0.9705766967438211,0.9975806451612903,0.944996180290298,0.9911779656250301
XGB,0.9078038777682645,0.888135549661794,0.9352937825848043,0.9339190221543163,0.9281044684954359,"{'max_depth': 5, 'learning_rate': 0.01, 'n_estimators': 50}","['NDSI', 'mfcc_1', 'wav_detail_lvl5_std', 'mfcc_std', 'mfcc_2']",0.8355704697986577,0.75,0.9431818181818182,0.8707111316825977,0.9172644667623147,0.9168260038240917,0.9177033492822967,0.9224243081786798,0.9705766967438211,0.9975806451612903,0.944996180290298,0.9911779656250301
XGB,0.9078038777682645,0.888135549661794,0.9352937825848043,0.9339190221543163,0.9281044684954359,"{'max_depth': 5, 'learning_rate': 0.01, 'n_estimators': 50}","['NDSI', 'mfcc_1', 'wav_detail_lvl5_std', 'mfcc_var', 'mfcc_2']",0.8355704697986577,0.75,0.9431818181818182,0.8707111316825977,0.9172644667623147,0.9168260038240917,0.9177033492822967,0.9224243081786798,0.9705766967438211,0.9975806451612903,0.944996180290298,0.9911779656250301
XGB,0.9077829413902053,0.8967206000366902,0.9209029704385742,0.9369747899159664,0.9513467276130599,"{'max_depth': 3, 'learning_rate': 0.1, 'n_estimators': 100}","['mfcc_mean', 'NDSI', 'mfcc_var', 'mfcc_2']",0.8285714285714286,0.7837837837837838,0.8787878787878788,0.8942485714397562,0.9216152019002375,0.9150943396226415,0.9282296650717703,0.9619085111471144,0.9731621936989499,0.991283676703645,0.9556913674560733,0.997883100252309
XGB,0.9077829413902053,0.8967206000366902,0.9209029704385742,0.9369747899159664,0.9513467276130599,"{'max_depth': 3, 'learning_rate': 0.1, 'n_estimators': 100}","['mfcc_mean', 'NDSI', 'mfcc_var', 'mfcc_std', 'mfcc_2']",0.8285714285714286,0.7837837837837838,0.8787878787878788,0.8942485714397562,0.9216152019002375,0.9150943396226415,0.9282296650717703,0.9619085111471144,0.9731621936989499,0.991283676703645,0.9556913674560733,0.997883100252309
XGB,0.9077829413902053,0.8967206000366902,0.9209029704385742,0.9369747899159664,0.9513467276130599,"{'max_depth': 3, 'learning_rate': 0.1, 'n_estimators': 100}","['mfcc_mean', 'NDSI', 'mfcc_std', 'mfcc_2']",0.8285714285714286,0.7837837837837838,0.8787878787878788,0.8942485714397562,0.9216152019002375,0.9150943396226415,0.9282296650717703,0.9619085111471144,0.9731621936989499,0.991283676703645,0.9556913674560733,0.997883100252309
XGB,0.9076515338694714,0.8958397953710685,0.9220316834867918,0.935064935064935,0.9474062107892145,"{'max_depth': 5, 'learning_rate': 0.1, 'n_estimators': 50}","['mfcc_mean', 'spec_skew', 'NDSI', 'wav_detail_lvl5_std', 'mfcc_var', 'mfcc_std']",0.8327402135231317,0.785234899328859,0.8863636363636364,0.8962483693664558,0.9207547169811321,0.9079069767441861,0.9339712918660287,0.9484920833447156,0.9694596711041503,0.9943775100401606,0.9457601222307105,0.9974781796564719
XGB,0.9076515338694714,0.8958397953710685,0.9220316834867918,0.935064935064935,0.9474062107892145,"{'max_depth': 5, 'learning_rate': 0.1, 'n_estimators': 50}","['mfcc_mean', 'spec_skew', 'NDSI', 'wav_detail_lvl5_std', 'mfcc_std']",0.8327402135231317,0.785234899328859,0.8863636363636364,0.8962483693664558,0.9207547169811321,0.9079069767441861,0.9339712918660287,0.9484920833447156,0.9694596711041503,0.9943775100401606,0.9457601222307105,0.9974781796564719
XGB,0.9076515338694714,0.8958397953710685,0.9220316834867918,0.935064935064935,0.9474062107892145,"{'max_depth': 5, 'learning_rate': 0.1, 'n_estimators': 50}","['mfcc_mean', 'spec_skew', 'NDSI', 'wav_detail_lvl5_std', 'mfcc_var']",0.8327402135231317,0.785234899328859,0.8863636363636364,0.8962483693664558,0.9207547169811321,0.9079069767441861,0.9339712918660287,0.9484920833447156,0.9694596711041503,0.9943775100401606,0.9457601222307105,0.9974781796564719
XGB,0.9076328944973936,0.8913215728920495,0.9288785689714482,0.9343009931245225,0.951256761802076,"{'max_depth': 5, 'learning_rate': 0.1, 'n_estimators': 100}","['spec_skew', 'NDSI', 'mfcc_1', 'wav_approx_std']",0.8344827586206897,0.7658227848101266,0.9166666666666666,0.8925711960930047,0.9181731684110371,0.912961210974456,0.9234449760765551,0.9627117612638982,0.9702427564604542,0.9951807228915662,0.946524064171123,0.998487328049325
XGB,0.9076273977824236,0.8972806938176073,0.9199646844383688,0.9362108479755539,0.9453969578098622,"{'max_depth': 3, 'learning_rate': 0.1, 'n_estimators': 100}","['mfcc_mean', 'spec_skew', 'NDSI', 'mfcc_1']",0.829443447037702,0.78839590443686,0.875,0.8806520467337751,0.9231494578029231,0.9098513011152416,0.9368421052631579,0.9574864325029993,0.9702892885066459,0.9935948759007206,0.948051948051948,0.9980523941928126
XGB,0.9075623338773419,0.8958348367313588,0.9219163103838026,0.9362108479755539,0.9499999218615661,"{'max_depth': 5, 'learning_rate': 0.1, 'n_estimators': 50}","['NDSI', 'mfcc_1', 'wav_approx_std', 'mfcc_2']",0.8291814946619217,0.7818791946308725,0.8825757575757576,0.9112807958347017,0.9213377296278851,0.9072356215213359,0.9358851674641149,0.9420497946987215,0.9721677773422187,0.998389694041868,0.9472880061115355,0.9966691750512752
XGB,0.9075386365711274,0.8940431077694235,0.9242113751401676,0.9331550802139037,0.9514165550603902,"{'max_depth': 5, 'learning_rate': 0.1, 'n_estimators': 100}","['NDSI', 'mfcc_var', 'wav_approx_std']",0.8380281690140845,0.7828947368421053,0.9015151515151515,0.8946206250169142,0.9170222854433381,0.9088345864661654,0.9253588516746412,0.9614054079885764,0.9675654552559594,0.9904,0.9457601222307105,0.9982236321756802
XGB,0.9075386365711274,0.8940431077694235,0.9242113751401676,0.9331550802139037,0.9514165550603902,"{'max_depth': 5, 'learning_rate': 0.1, 'n_estimators': 100}","['NDSI', 'mfcc_std', 'wav_approx_std']",0.8380281690140845,0.7828947368421053,0.9015151515151515,0.8946206250169142,0.9170222854433381,0.9088345864661654,0.9253588516746412,0.9614054079885764,0.9675654552559594,0.9904,0.9457601222307105,0.9982236321756802
XGB,0.9075386365711274,0.8940431077694235,0.9242113751401676,0.9331550802139037,0.9514165550603902,"{'max_depth': 5, 'learning_rate': 0.1, 'n_estimators': 100}","['NDSI', 'mfcc_var', 'mfcc_std', 'wav_approx_std']",0.8380281690140845,0.7828947368421053,0.9015151515151515,0.8946206250169142,0.9170222854433381,0.9088345864661654,0.9253588516746412,0.9614054079885764,0.9675654552559594,0.9904,0.9457601222307105,0.9982236321756802
XGB,0.9073482502908612,0.8867588260477349,0.9368594168129771,0.9339190221543163,0.9407176242443608,"{'max_depth': 5, 'learning_rate': 0.01, 'n_estimators': 50}","['spec_skew', 'NDSI', 'wav_detail_lvl5_std', 'mfcc_std', 'wav_approx_std']",0.8338870431893688,0.742603550295858,0.9507575757575758,0.9028498770064227,0.9167067886374579,0.9224806201550387,0.9110047846889953,0.9272212234432314,0.9714509190457568,0.9951923076923077,0.9488158899923606,0.9920817722834283
XGB,0.9073482502908612,0.8867588260477349,0.9368594168129771,0.9339190221543163,0.9407176242443608,"{'max_depth': 5, 'learning_rate': 0.01, 'n_estimators': 50}","['spec_skew', 'NDSI', 'wav_detail_lvl5_std', 'mfcc_var', 'wav_approx_std']",0.8338870431893688,0.742603550295858,0.9507575757575758,0.9028498770064227,0.9167067886374579,0.9224806201550387,0.9110047846889953,0.9272212234432314,0.9714509190457568,0.9951923076923077,0.9488158899923606,0.9920817722834283
XGB,0.9073482502908612,0.8867588260477349,0.9368594168129771,0.9339190221543163,0.9407176242443608,"{'max_depth': 5, 'learning_rate': 0.01, 'n_estimators': 50}","['spec_skew', 'NDSI', 'wav_detail_lvl5_std', 'mfcc_var', 'mfcc_std', 'wav_approx_std']",0.8338870431893688,0.742603550295858,0.9507575757575758,0.9028498770064227,0.9167067886374579,0.9224806201550387,0.9110047846889953,0.9272212234432314,0.9714509190457568,0.9951923076923077,0.9488158899923606,0.9920817722834283
XGB,0.9069411165597513,0.8850788503716007,0.9391061209172665,0.9316271963330787,0.9447631787919312,"{'max_depth': 3, 'learning_rate': 0.1, 'n_estimators': 50}","['NDSI', 'wav_detail_lvl5_std', 'mfcc_var', 'mfcc_std']",0.8388157894736842,0.7412790697674418,0.9659090909090909,0.9038604936393155,0.9137349397590362,0.920388349514563,0.907177033492823,0.9342088834168409,0.9682726204465335,0.9935691318327974,0.9442322383498855,0.9962201593196369
XGB,0.9069411165597513,0.8850788503716007,0.9391061209172665,0.9316271963330787,0.9447631787919312,"{'max_depth': 3, 'learning_rate': 0.1, 'n_estimators': 50}","['NDSI', 'wav_detail_lvl5_std', 'mfcc_std']",0.8388157894736842,0.7412790697674418,0.9659090909090909,0.9038604936393155,0.9137349397590362,0.920388349514563,0.907177033492823,0.9342088834168409,0.9682726204465335,0.9935691318327974,0.9442322383498855,0.9962201593196369
XGB,0.9069411165597513,0.8850788503716007,0.9391061209172665,0.9316271963330787,0.9447631787919312,"{'max_depth': 3, 'learning_rate': 0.1, 'n_estimators': 50}","['NDSI', 'wav_detail_lvl5_std', 'mfcc_var']",0.8388157894736842,0.7412790697674418,0.9659090909090909,0.9038604936393155,0.9137349397590362,0.920388349514563,0.907177033492823,0.9342088834168409,0.9682726204465335,0.9935691318327974,0.9442322383498855,0.9962201593196369
XGB,0.906800182838403,0.9050130452585744,0.9094479737668593,0.9343009931245225,0.9443295298459683,"{'max_depth': 5, 'learning_rate': 0.1, 'n_estimators': 50}","['mfcc_mean', 'spec_skew', 'mfcc_1', 'mfcc_2']",0.832391713747646,0.8277153558052435,0.8371212121212122,0.883691646666321,0.9232201023731968,0.8985507246376812,0.9492822966507177,0.9524180458239423,0.9647887323943662,0.9887730553327987,0.9419404125286478,0.9968788970476419
XGB,0.9066592256119222,0.8853069689735845,0.9373235897229706,0.9289533995416348,0.954595955703299,"{'max_depth': 5, 'learning_rate': 0.1, 'n_estimators': 100}","['mfcc_1', 'wav_detail_lvl5_std', 'mfcc_std', 'wav_approx_std']",0.845771144278607,0.7522123893805309,0.9659090909090909,0.9190086422869259,0.9106628242074928,0.914175506268081,0.907177033492823,0.9489836547354972,0.9635437083496668,0.9895330112721417,0.9388846447669977,0.995795570087474
XGB,0.9066592256119222,0.8853069689735845,0.9373235897229706,0.9289533995416348,0.954595955703299,"{'max_depth': 5, 'learning_rate': 0.1, 'n_estimators': 100}","['mfcc_1', 'wav_detail_lvl5_std', 'mfcc_var', 'mfcc_std', 'wav_approx_std']",0.845771144278607,0.7522123893805309,0.9659090909090909,0.9190086422869259,0.9106628242074928,0.914175506268081,0.907177033492823,0.9489836547354972,0.9635437083496668,0.9895330112721417,0.9388846447669977,0.995795570087474
XGB,0.9066592256119222,0.8853069689735845,0.9373235897229706,0.9289533995416348,0.954595955703299,"{'max_depth': 5, 'learning_rate': 0.1, 'n_estimators': 100}","['mfcc_1', 'wav_detail_lvl5_std', 'mfcc_var', 'wav_approx_std']",0.845771144278607,0.7522123893805309,0.9659090909090909,0.9190086422869259,0.9106628242074928,0.914175506268081,0.907177033492823,0.9489836547354972,0.9635437083496668,0.9895330112721417,0.9388846447669977,0.995795570087474
XGB,0.9065956832720996,0.8868565277246906,0.9341279893137479,0.9289533995416348,0.9232454907910274,"{'max_depth': 3, 'learning_rate': 0.01, 'n_estimators': 100}","['mfcc_mean', 'spec_skew', 'wav_detail_lvl5_std', 'mfcc_var', 'mfcc_2']",0.8451178451178452,0.7606060606060606,0.9507575757575758,0.8855306169210849,0.9117647058823529,0.9040451552210724,0.9196172248803828,0.8940289100984533,0.9629044988161011,0.9959183673469387,0.932009167303285,0.9901769453535436
XGB,0.9065956832720996,0.8868565277246906,0.9341279893137479,0.9289533995416348,0.9232454907910274,"{'max_depth': 3, 'learning_rate': 0.01, 'n_estimators': 100}","['mfcc_mean', 'spec_skew', 'wav_detail_lvl5_std', 'mfcc_var', 'mfcc_std', 'mfcc_2']",0.8451178451178452,0.7606060606060606,0.9507575757575758,0.8855306169210849,0.9117647058823529,0.9040451552210724,0.9196172248803828,0.8940289100984533,0.9629044988161011,0.9959183673469387,0.932009167303285,0.9901769453535436
XGB,0.9065956832720996,0.8868565277246906,0.9341279893137479,0.9289533995416348,0.9232454907910274,"{'max_depth': 3, 'learning_rate': 0.01, 'n_estimators': 100}","['mfcc_mean', 'spec_skew', 'wav_detail_lvl5_std', 'mfcc_std', 'mfcc_2']",0.8451178451178452,0.7606060606060606,0.9507575757575758,0.8855306169210849,0.9117647058823529,0.9040451552210724,0.9196172248803828,0.8940289100984533,0.9629044988161011,0.9959183673469387,0.932009167303285,0.9901769453535436
XGB,0.9065532309488313,0.8906639240935538,0.9269646933733622,0.932009167303285,0.9543578177740466,"{'max_depth': 5, 'learning_rate': 0.1, 'n_estimators': 100}","['mfcc_mean', 'spec_skew', 'NDSI', 'wav_detail_lvl5_std', 'mfcc_var', 'wav_approx_std']",0.8373702422145328,0.7707006369426752,0.9166666666666666,0.9099485259154069,0.9150763358778626,0.9124643196955281,0.9177033492822967,0.9557172614627595,0.9672131147540983,0.9888268156424581,0.946524064171123,0.9974076659439736
XGB,0.9065532309488313,0.8906639240935538,0.9269646933733622,0.932009167303285,0.9543578177740466,"{'max_depth': 5, 'learning_rate': 0.1, 'n_estimators': 100}","['mfcc_mean', 'spec_skew', 'NDSI', 'wav_detail_lvl5_std', 'mfcc_std', 'wav_approx_std']",0.8373702422145328,0.7707006369426752,0.9166666666666666,0.9099485259154069,0.9150763358778626,0.9124643196955281,0.9177033492822967,0.9557172614627595,0.9672131147540983,0.9888268156424581,0.946524064171123,0.9974076659439736
XGB,0.9065532309488313,0.8906639240935538,0.9269646933733622,0.932009167303285,0.9543578177740466,"{'max_depth': 5, 'learning_rate': 0.1, 'n_estimators': 100}","['mfcc_mean', 'spec_skew', 'NDSI', 'wav_detail_lvl5_std', 'mfcc_var', 'mfcc_std', 'wav_approx_std']",0.8373702422145328,0.7707006369426752,0.9166666666666666,0.9099485259154069,0.9150763358778626,0.9124643196955281,0.9177033492822967,0.9557172614627595,0.9672131147540983,0.9888268156424581,0.946524064171123,0.9974076659439736
XGB,0.9063757021819588,0.8847586653709102,0.9381784452217888,0.9323911382734912,0.9523603331874327,"{'max_depth': 3, 'learning_rate': 0.1, 'n_estimators': 100}","['mfcc_mean', 'mfcc_1', 'wav_detail_lvl5_std', 'mfcc_var', 'wav_approx_std']",0.8336079077429983,0.7376093294460642,0.9583333333333334,0.9189351735306873,0.9162278602202011,0.9166666666666666,0.9157894736842105,0.9416980730657838,0.9692913385826771,1.0,0.9404125286478228,0.996447752965827
XGB,0.9063757021819588,0.8847586653709102,0.9381784452217888,0.9323911382734912,0.9523603331874327,"{'max_depth': 3, 'learning_rate': 0.1, 'n_estimators': 100}","['mfcc_mean', 'mfcc_1', 'wav_detail_lvl5_std', 'mfcc_std', 'wav_approx_std']",0.8336079077429983,0.7376093294460642,0.9583333333333334,0.9189351735306873,0.9162278602202011,0.9166666666666666,0.9157894736842105,0.9416980730657838,0.9692913385826771,1.0,0.9404125286478228,0.996447752965827
XGB,0.9063757021819588,0.8847586653709102,0.9381784452217888,0.9323911382734912,0.9523603331874327,"{'max_depth': 3, 'learning_rate': 0.1, 'n_estimators': 100}","['mfcc_mean', 'mfcc_1', 'wav_detail_lvl5_std', 'mfcc_var', 'mfcc_std', 'wav_approx_std']",0.8336079077429983,0.7376093294460642,0.9583333333333334,0.9189351735306873,0.9162278602202011,0.9166666666666666,0.9157894736842105,0.9416980730657838,0.9692913385826771,1.0,0.9404125286478228,0.996447752965827
XGB,0.906265808778986,0.8860303777167561,0.9346213126398886,0.9289533995416348,0.937047009808729,"{'max_depth': 5, 'learning_rate': 0.01, 'n_estimators': 100}","['mfcc_mean', 'mfcc_1', 'wav_detail_lvl5_std', 'mfcc_var', 'mfcc_std']",0.8442211055276382,0.7567567567567568,0.9545454545454546,0.8991497792159697,0.9110898661567878,0.9102196752626552,0.9119617224880383,0.9199873603574009,0.9634864546525324,0.9911147011308562,0.9373567608861727,0.9920038898528163
XGB,0.906265808778986,0.8860303777167561,0.9346213126398886,0.9289533995416348,0.937047009808729,"{'max_depth': 5, 'learning_rate': 0.01, 'n_estimators': 100}","['mfcc_mean', 'mfcc_1', 'wav_detail_lvl5_std', 'mfcc_std']",0.8442211055276382,0.7567567567567568,0.9545454545454546,0.8991497792159697,0.9110898661567878,0.9102196752626552,0.9119617224880383,0.9199873603574009,0.9634864546525324,0.9911147011308562,0.9373567608861727,0.9920038898528163
XGB,0.906265808778986,0.8860303777167561,0.9346213126398886,0.9289533995416348,0.937047009808729,"{'max_depth': 5, 'learning_rate': 0.01, 'n_estimators': 100}","['mfcc_mean', 'mfcc_1', 'wav_detail_lvl5_std', 'mfcc_var']",0.8442211055276382,0.7567567567567568,0.9545454545454546,0.8991497792159697,0.9110898661567878,0.9102196752626552,0.9119617224880383,0.9199873603574009,0.9634864546525324,0.9911147011308562,0.9373567608861727,0.9920038898528163
XGB,0.9062141275367943,0.8850721950671385,0.9369158189591626,0.932009167303285,0.9499650799318223,"{'max_depth': 3, 'learning_rate': 0.1, 'n_estimators': 100}","['mfcc_mean', 'mfcc_1', 'wav_detail_lvl5_std', 'wav_approx_std']",0.8344370860927153,0.7411764705882353,0.9545454545454546,0.9157239885116802,0.9149139579349904,0.9140401146131805,0.9157894736842105,0.9378248904945425,0.9692913385826771,1.0,0.9404125286478228,0.9963463607892442
XGB,0.9061750590963958,0.8913493736629491,0.9250581891448765,0.9377387318563789,0.9332230723194925,"{'max_depth': 3, 'learning_rate': 0.1, 'n_estimators': 100}","['spec_kurtosis', 'NDSI', 'mfcc_1']",0.8194444444444444,0.7564102564102564,0.8939393939393939,0.8488482423621154,0.9220468675274988,0.9216061185468452,0.9224880382775119,0.9525140546767445,0.977033865317244,0.996031746031746,0.9587471352177235,0.9983069199196177
XGB,0.9061696850429554,0.885801732921694,0.935015234163841,0.9308632543926662,0.9503402253416416,"{'max_depth': 3, 'learning_rate': 0.1, 'n_estimators': 50}","['NDSI', 'wav_detail_lvl5_std', 'mfcc_var', 'mfcc_std', 'mfcc_2']",0.8380634390651085,0.7492537313432835,0.9507575757575758,0.9224748495412942,0.9134385461501674,0.9130019120458891,0.9138755980861244,0.9323556634924377,0.96700706991359,0.9951495553759094,0.9404125286478228,0.9961901629911933
XGB,0.9061696850429554,0.885801732921694,0.935015234163841,0.9308632543926662,0.9503402253416416,"{'max_depth': 3, 'learning_rate': 0.1, 'n_estimators': 50}","['NDSI', 'wav_detail_lvl5_std', 'mfcc_std', 'mfcc_2']",0.8380634390651085,0.7492537313432835,0.9507575757575758,0.9224748495412942,0.9134385461501674,0.9130019120458891,0.9138755980861244,0.9323556634924377,0.96700706991359,0.9951495553759094,0.9404125286478228,0.9961901629911933
XGB,0.9061696850429554,0.885801732921694,0.935015234163841,0.9308632543926662,0.9503402253416416,"{'max_depth': 3, 'learning_rate': 0.1, 'n_estimators': 50}","['NDSI', 'wav_detail_lvl5_std', 'mfcc_var', 'mfcc_2']",0.8380634390651085,0.7492537313432835,0.9507575757575758,0.9224748495412942,0.9134385461501674,0.9130019120458891,0.9138755980861244,0.9323556634924377,0.96700706991359,0.9951495553759094,0.9404125286478228,0.9961901629911933
XGB,0.9060265031579006,0.8920462925338991,0.9235760971055088,0.932009167303285,0.9507728351632662,"{'max_depth': 5, 'learning_rate': 0.1, 'n_estimators': 100}","['mfcc_mean', 'spec_skew', 'mfcc_1', 'wav_detail_lvl5_std', 'wav_approx_std']",0.8350877192982457,0.7777777777777778,0.9015151515151515,0.9088425933233861,0.9163120567375886,0.905607476635514,0.9272727272727272,0.9472525777828655,0.9666797334378675,0.9927536231884058,0.9419404125286478,0.9962233343835467
XGB,0.9060033894356696,0.900033648228204,0.9134665987607163,0.9331550802139037,0.9354556029321947,"{'max_depth': 5, 'learning_rate': 0.01, 'n_estimators': 100}","['mfcc_mean', 'NDSI', 'mfcc_1', 'mfcc_2']",0.8324125230202578,0.8100358422939068,0.8560606060606061,0.8865982677894656,0.9186424918642492,0.8933092224231465,0.9454545454545454,0.9252457321701468,0.9669551534225019,0.9967558799675588,0.9388846447669977,0.9945228088369718
XGB,0.9059545599865092,0.891999620162987,0.9233831012468784,0.932009167303285,0.9419262011514141,"{'max_depth': 3, 'learning_rate': 0.1, 'n_estimators': 100}","['spec_skew', 'spec_kurtosis', 'NDSI', 'mfcc_var', 'wav_approx_std']",0.8350877192982457,0.7777777777777778,0.9015151515151515,0.8837299418198483,0.9156398104265403,0.9070422535211268,0.9244019138755981,0.9446409431199663,0.9671361502347418,0.9911788291900562,0.9442322383498855,0.9974077185144278
XGB,0.9059545599865092,0.891999620162987,0.9233831012468784,0.932009167303285,0.9419262011514141,"{'max_depth': 3, 'learning_rate': 0.1, 'n_estimators': 100}","['spec_skew', 'spec_kurtosis', 'NDSI', 'mfcc_std', 'wav_approx_std']",0.8350877192982457,0.7777777777777778,0.9015151515151515,0.8837299418198483,0.9156398104265403,0.9070422535211268,0.9244019138755981,0.9446409431199663,0.9671361502347418,0.9911788291900562,0.9442322383498855,0.9974077185144278
XGB,0.9059545599865092,0.891999620162987,0.9233831012468784,0.932009167303285,0.9419262011514141,"{'max_depth': 3, 'learning_rate': 0.1, 'n_estimators': 100}","['spec_skew', 'spec_kurtosis', 'NDSI', 'mfcc_var', 'mfcc_std', 'wav_approx_std']",0.8350877192982457,0.7777777777777778,0.9015151515151515,0.8837299418198483,0.9156398104265403,0.9070422535211268,0.9244019138755981,0.9446409431199663,0.9671361502347418,0.9911788291900562,0.9442322383498855,0.9974077185144278
XGB,0.9059168405546933,0.8839213210372266,0.9385941457922883,0.9312452253628725,0.9545044795295246,"{'max_depth': 3, 'learning_rate': 0.1, 'n_estimators': 100}","['spec_kurtosis', 'NDSI', 'wav_detail_lvl5_std', 'mfcc_var']",0.8360655737704918,0.7369942196531792,0.9659090909090909,0.9176571489573675,0.9129593810444874,0.9227761485826002,0.9033492822966507,0.9488836613038092,0.9687255668491008,0.9919935948759008,0.946524064171123,0.9969726283273967
XGB,0.9059168405546933,0.8839213210372266,0.9385941457922883,0.9312452253628725,0.9545044795295246,"{'max_depth': 3, 'learning_rate': 0.1, 'n_estimators': 100}","['spec_kurtosis', 'NDSI', 'wav_detail_lvl5_std', 'mfcc_std']",0.8360655737704918,0.7369942196531792,0.9659090909090909,0.9176571489573675,0.9129593810444874,0.9227761485826002,0.9033492822966507,0.9488836613038092,0.9687255668491008,0.9919935948759008,0.946524064171123,0.9969726283273967
XGB,0.9059168405546933,0.8839213210372266,0.9385941457922883,0.9312452253628725,0.9545044795295246,"{'max_depth': 3, 'learning_rate': 0.1, 'n_estimators': 100}","['spec_kurtosis', 'NDSI', 'wav_detail_lvl5_std', 'mfcc_var', 'mfcc_std']",0.8360655737704918,0.7369942196531792,0.9659090909090909,0.9176571489573675,0.9129593810444874,0.9227761485826002,0.9033492822966507,0.9488836613038092,0.9687255668491008,0.9919935948759008,0.946524064171123,0.9969726283273967
XGB,0.9057725679434561,0.8866464149568926,0.9323182063894139,0.9331550802139037,0.9484008183513367,"{'max_depth': 5, 'learning_rate': 0.1, 'n_estimators': 100}","['spec_skew', 'NDSI', 'wav_detail_lvl5_std', 'mfcc_std']",0.8302521008403362,0.7462235649546828,0.9356060606060606,0.8926820337641005,0.9167067886374579,0.9224806201550387,0.9110047846889953,0.9548813435874344,0.9703588143525741,0.9912350597609562,0.9503437738731857,0.9976390777024748
XGB,0.9057725679434561,0.8866464149568926,0.9323182063894139,0.9331550802139037,0.9484008183513367,"{'max_depth': 5, 'learning_rate': 0.1, 'n_estimators': 100}","['spec_skew', 'NDSI', 'wav_detail_lvl5_std', 'mfcc_var']",0.8302521008403362,0.7462235649546828,0.9356060606060606,0.8926820337641005,0.9167067886374579,0.9224806201550387,0.9110047846889953,0.9548813435874344,0.9703588143525741,0.9912350597609562,0.9503437738731857,0.9976390777024748
XGB,0.9057725679434561,0.8866464149568926,0.9323182063894139,0.9331550802139037,0.9484008183513367,"{'max_depth': 5, 'learning_rate': 0.1, 'n_estimators': 100}","['spec_skew', 'NDSI', 'wav_detail_lvl5_std', 'mfcc_var', 'mfcc_std']",0.8302521008403362,0.7462235649546828,0.9356060606060606,0.8926820337641005,0.9167067886374579,0.9224806201550387,0.9110047846889953,0.9548813435874344,0.9703588143525741,0.9912350597609562,0.9503437738731857,0.9976390777024748
XGB,0.9057403651166894,0.8834147095553458,0.9389051952519445,0.9297173414820473,0.9541431785501562,"{'max_depth': 3, 'learning_rate': 0.1, 'n_estimators': 100}","['spec_skew', 'wav_detail_lvl5_std', 'mfcc_std', 'wav_approx_std']",0.839344262295082,0.7398843930635838,0.9696969696969697,0.9189976322892045,0.9120615088899567,0.916023166023166,0.908133971291866,0.9471627253054207,0.9658153241650295,0.9943365695792881,0.9388846447669977,0.996269178055843
XGB,0.9057403651166894,0.8834147095553458,0.9389051952519445,0.9297173414820473,0.9541431785501562,"{'max_depth': 3, 'learning_rate': 0.1, 'n_estimators': 100}","['spec_skew', 'wav_detail_lvl5_std', 'mfcc_var', 'wav_approx_std']",0.839344262295082,0.7398843930635838,0.9696969696969697,0.9189976322892045,0.9120615088899567,0.916023166023166,0.908133971291866,0.9471627253054207,0.9658153241650295,0.9943365695792881,0.9388846447669977,0.996269178055843
XGB,0.9057403651166894,0.8834147095553458,0.9389051952519445,0.9297173414820473,0.9541431785501562,"{'max_depth': 3, 'learning_rate': 0.1, 'n_estimators': 100}","['spec_skew', 'wav_detail_lvl5_std', 'mfcc_var', 'mfcc_std', 'wav_approx_std']",0.839344262295082,0.7398843930635838,0.9696969696969697,0.9189976322892045,0.9120615088899567,0.916023166023166,0.908133971291866,0.9471627253054207,0.9658153241650295,0.9943365695792881,0.9388846447669977,0.996269178055843
XGB,0.9057206862623847,0.8932075533379918,0.921396405452133,0.9339190221543163,0.927671322582457,"{'max_depth': 5, 'learning_rate': 0.01, 'n_estimators': 100}","['NDSI', 'mfcc_1', 'mfcc_var', 'wav_approx_std', 'mfcc_2']",0.8283185840707965,0.7774086378737541,0.8863636363636364,0.8857797378437102,0.9187411930483795,0.9022140221402214,0.9358851674641149,0.9057938732875188,0.970102281667978,1.0,0.9419404125286478,0.9914403566161419
XGB,0.9057206862623847,0.8932075533379918,0.921396405452133,0.9339190221543163,0.927671322582457,"{'max_depth': 5, 'learning_rate': 0.01, 'n_estimators': 100}","['NDSI', 'mfcc_1', 'mfcc_var', 'mfcc_std', 'wav_approx_std', 'mfcc_2']",0.8283185840707965,0.7774086378737541,0.8863636363636364,0.8857797378437102,0.9187411930483795,0.9022140221402214,0.9358851674641149,0.9057938732875188,0.970102281667978,1.0,0.9419404125286478,0.9914403566161419
XGB,0.9057206862623847,0.8932075533379918,0.921396405452133,0.9339190221543163,0.927671322582457,"{'max_depth': 5, 'learning_rate': 0.01, 'n_estimators': 100}","['NDSI', 'mfcc_1', 'mfcc_std', 'wav_approx_std', 'mfcc_2']",0.8283185840707965,0.7774086378737541,0.8863636363636364,0.8857797378437102,0.9187411930483795,0.9022140221402214,0.9358851674641149,0.9057938732875188,0.970102281667978,1.0,0.9419404125286478,0.9914403566161419
XGB,0.9056305424915333,0.8836160891214901,0.9380902121614195,0.9297173414820473,0.9322552575991742,"{'max_depth': 5, 'learning_rate': 0.01, 'n_estimators': 100}","['mfcc_mean', 'spec_skew', 'mfcc_1', 'wav_detail_lvl5_std', 'mfcc_var']",0.8388157894736842,0.7412790697674418,0.9659090909090909,0.8916848611834018,0.9123143267848587,0.9136276391554703,0.9110047846889953,0.9145881255290548,0.9657615112160567,0.9959415584415584,0.9373567608861727,0.9904927860850663
XGB,0.9056305424915333,0.8836160891214901,0.9380902121614195,0.9297173414820473,0.9322552575991742,"{'max_depth': 5, 'learning_rate': 0.01, 'n_estimators': 100}","['mfcc_mean', 'spec_skew', 'mfcc_1', 'wav_detail_lvl5_std', 'mfcc_std']",0.8388157894736842,0.7412790697674418,0.9659090909090909,0.8916848611834018,0.9123143267848587,0.9136276391554703,0.9110047846889953,0.9145881255290548,0.9657615112160567,0.9959415584415584,0.9373567608861727,0.9904927860850663
XGB,0.9056305424915333,0.8836160891214901,0.9380902121614195,0.9297173414820473,0.9322552575991742,"{'max_depth': 5, 'learning_rate': 0.01, 'n_estimators': 100}","['mfcc_mean', 'spec_skew', 'mfcc_1', 'wav_detail_lvl5_std', 'mfcc_var', 'mfcc_std']",0.8388157894736842,0.7412790697674418,0.9659090909090909,0.8916848611834018,0.9123143267848587,0.9136276391554703,0.9110047846889953,0.9145881255290548,0.9657615112160567,0.9959415584415584,0.9373567608861727,0.9904927860850663
XGB,0.90560021454935,0.8886488511046329,0.9279647425158261,0.9300993124522536,0.951393685844784,"{'max_depth': 5, 'learning_rate': 0.1, 'n_estimators': 50}","['spec_kurtosis', 'wav_detail_lvl5_std', 'mfcc_var', 'mfcc_std', 'wav_approx_std']",0.8384879725085911,0.7672955974842768,0.9242424242424242,0.9083098330917843,0.9136622390891841,0.9059266227657573,0.9215311004784689,0.9499397493208204,0.9646504320502749,0.9927243330638642,0.9381207028265852,0.9959314751217473
XGB,0.90560021454935,0.8886488511046329,0.9279647425158261,0.9300993124522536,0.951393685844784,"{'max_depth': 5, 'learning_rate': 0.1, 'n_estimators': 50}","['spec_kurtosis', 'wav_detail_lvl5_std', 'mfcc_std', 'wav_approx_std']",0.8384879725085911,0.7672955974842768,0.9242424242424242,0.9083098330917843,0.9136622390891841,0.9059266227657573,0.9215311004784689,0.9499397493208204,0.9646504320502749,0.9927243330638642,0.9381207028265852,0.9959314751217473
XGB,0.90560021454935,0.8886488511046329,0.9279647425158261,0.9300993124522536,0.951393685844784,"{'max_depth': 5, 'learning_rate': 0.1, 'n_estimators': 50}","['spec_kurtosis', 'wav_detail_lvl5_std', 'mfcc_var', 'wav_approx_std']",0.8384879725085911,0.7672955974842768,0.9242424242424242,0.9083098330917843,0.9136622390891841,0.9059266227657573,0.9215311004784689,0.9499397493208204,0.9646504320502749,0.9927243330638642,0.9381207028265852,0.9959314751217473
XGB,0.9054788178357484,0.8833404198359082,0.9386101170930893,0.932009167303285,0.9493573382018301,"{'max_depth': 3, 'learning_rate': 0.1, 'n_estimators': 50}","['NDSI', 'wav_detail_lvl5_std', 'mfcc_var', 'mfcc_std', 'wav_approx_std', 'mfcc_2']",0.8314238952536824,0.7319884726224783,0.9621212121212122,0.9188845998355747,0.914505283381364,0.9180327868852459,0.9110047846889953,0.9327586511004693,0.9705072748721982,1.0,0.9427043544690603,0.9964287636694464
XGB,0.9054788178357484,0.8833404198359082,0.9386101170930893,0.932009167303285,0.9493573382018301,"{'max_depth': 3, 'learning_rate': 0.1, 'n_estimators': 50}","['NDSI', 'wav_detail_lvl5_std', 'mfcc_var', 'wav_approx_std', 'mfcc_2']",0.8314238952536824,0.7319884726224783,0.9621212121212122,0.9188845998355747,0.914505283381364,0.9180327868852459,0.9110047846889953,0.9327586511004693,0.9705072748721982,1.0,0.9427043544690603,0.9964287636694464
XGB,0.9054788178357484,0.8833404198359082,0.9386101170930893,0.932009167303285,0.9493573382018301,"{'max_depth': 3, 'learning_rate': 0.1, 'n_estimators': 50}","['NDSI', 'wav_detail_lvl5_std', 'mfcc_std', 'wav_approx_std', 'mfcc_2']",0.8314238952536824,0.7319884726224783,0.9621212121212122,0.9188845998355747,0.914505283381364,0.9180327868852459,0.9110047846889953,0.9327586511004693,0.9705072748721982,1.0,0.9427043544690603,0.9964287636694464
XGB,0.9053532807423861,0.8828708979138779,0.939299116775897,0.9316271963330787,0.9446710280404812,"{'max_depth': 3, 'learning_rate': 0.1, 'n_estimators': 50}","['spec_skew', 'spec_kurtosis', 'NDSI', 'wav_detail_lvl5_std', 'mfcc_std', 'wav_approx_std']",0.831973898858075,0.7306590257879656,0.9659090909090909,0.9009667271798951,0.9139836617011052,0.917953667953668,0.9100478468899521,0.936569154499523,0.970102281667978,1.0,0.9419404125286478,0.9964772024420254
XGB,0.9053532807423861,0.8828708979138779,0.939299116775897,0.9316271963330787,0.9446710280404812,"{'max_depth': 3, 'learning_rate': 0.1, 'n_estimators': 50}","['spec_skew', 'spec_kurtosis', 'NDSI', 'wav_detail_lvl5_std', 'mfcc_var', 'mfcc_std', 'wav_approx_std']",0.831973898858075,0.7306590257879656,0.9659090909090909,0.9009667271798951,0.9139836617011052,0.917953667953668,0.9100478468899521,0.936569154499523,0.970102281667978,1.0,0.9419404125286478,0.9964772024420254
XGB,0.9053532807423861,0.8828708979138779,0.939299116775897,0.9316271963330787,0.9446710280404812,"{'max_depth': 3, 'learning_rate': 0.1, 'n_estimators': 50}","['spec_skew', 'spec_kurtosis', 'NDSI', 'wav_detail_lvl5_std', 'mfcc_var', 'wav_approx_std']",0.831973898858075,0.7306590257879656,0.9659090909090909,0.9009667271798951,0.9139836617011052,0.917953667953668,0.9100478468899521,0.936569154499523,0.970102281667978,1.0,0.9419404125286478,0.9964772024420254
XGB,0.9053338476156377,0.8833286018309069,0.9380205192124697,0.93048128342246,0.9535131289259663,"{'max_depth': 3, 'learning_rate': 0.1, 'n_estimators': 100}","['spec_skew', 'spec_kurtosis', 'NDSI', 'wav_detail_lvl5_std', 'mfcc_var']",0.8360655737704918,0.7369942196531792,0.9659090909090909,0.9136584992667762,0.9119922630560928,0.9217986314760508,0.9023923444976076,0.9498788195620379,0.9679437060203284,0.9911929543634908,0.9457601222307105,0.997002067949085
XGB,0.9053338476156377,0.8833286018309069,0.9380205192124697,0.93048128342246,0.9535131289259663,"{'max_depth': 3, 'learning_rate': 0.1, 'n_estimators': 100}","['spec_skew', 'spec_kurtosis', 'NDSI', 'wav_detail_lvl5_std', 'mfcc_std']",0.8360655737704918,0.7369942196531792,0.9659090909090909,0.9136584992667762,0.9119922630560928,0.9217986314760508,0.9023923444976076,0.9498788195620379,0.9679437060203284,0.9911929543634908,0.9457601222307105,0.997002067949085
XGB,0.9053338476156377,0.8833286018309069,0.9380205192124697,0.93048128342246,0.9535131289259663,"{'max_depth': 3, 'learning_rate': 0.1, 'n_estimators': 100}","['spec_skew', 'spec_kurtosis', 'NDSI', 'wav_detail_lvl5_std', 'mfcc_var', 'mfcc_std']",0.8360655737704918,0.7369942196531792,0.9659090909090909,0.9136584992667762,0.9119922630560928,0.9217986314760508,0.9023923444976076,0.9498788195620379,0.9679437060203284,0.9911929543634908,0.9457601222307105,0.997002067949085
XGB,0.9050914982349924,0.892686343886675,0.9202139707557664,0.9373567608861727,0.9441215235879156,"{'max_depth': 5, 'learning_rate': 0.1, 'n_estimators': 100}","['spec_skew', 'NDSI', 'mfcc_1', 'mfcc_var', 'mfcc_std']",0.8162544169611308,0.7649006622516556,0.875,0.874196241450032,0.9243217515468825,0.9195075757575758,0.9291866028708134,0.9599657706065722,0.9746983261969638,0.9936507936507937,0.9564553093964858,0.9982025587071425
XGB,0.9050914982349924,0.892686343886675,0.9202139707557664,0.9373567608861727,0.9441215235879156,"{'max_depth': 5, 'learning_rate': 0.1, 'n_estimators': 100}","['spec_skew', 'NDSI', 'mfcc_1', 'mfcc_std']",0.8162544169611308,0.7649006622516556,0.875,0.874196241450032,0.9243217515468825,0.9195075757575758,0.9291866028708134,0.9599657706065722,0.9746983261969638,0.9936507936507937,0.9564553093964858,0.9982025587071425
XGB,0.9050914982349924,0.892686343886675,0.9202139707557664,0.9373567608861727,0.9441215235879156,"{'max_depth': 5, 'learning_rate': 0.1, 'n_estimators': 100}","['spec_skew', 'NDSI', 'mfcc_1', 'mfcc_var']",0.8162544169611308,0.7649006622516556,0.875,0.874196241450032,0.9243217515468825,0.9195075757575758,0.9291866028708134,0.9599657706065722,0.9746983261969638,0.9936507936507937,0.9564553093964858,0.9982025587071425
XGB,0.9050634960165521,0.8923193891548902,0.9210774261857853,0.93353705118411,0.926698858086893,"{'max_depth': 5, 'learning_rate': 0.01, 'n_estimators': 100}","['NDSI', 'mfcc_var', 'mfcc_std', 'wav_approx_std', 'mfcc_2']",0.8268551236749117,0.7748344370860927,0.8863636363636364,0.8869688551161758,0.918233082706767,0.9021237303785781,0.9349282296650717,0.9021569032006407,0.970102281667978,1.0,0.9419404125286478,0.9909708159438623
XGB,0.9050634960165521,0.8923193891548902,0.9210774261857853,0.93353705118411,0.926698858086893,"{'max_depth': 5, 'learning_rate': 0.01, 'n_estimators': 100}","['NDSI', 'mfcc_std', 'wav_approx_std', 'mfcc_2']",0.8268551236749117,0.7748344370860927,0.8863636363636364,0.8869688551161758,0.918233082706767,0.9021237303785781,0.9349282296650717,0.9021569032006407,0.970102281667978,1.0,0.9419404125286478,0.9909708159438623
XGB,0.9050634960165521,0.8923193891548902,0.9210774261857853,0.93353705118411,0.926698858086893,"{'max_depth': 5, 'learning_rate': 0.01, 'n_estimators': 100}","['NDSI', 'mfcc_var', 'wav_approx_std', 'mfcc_2']",0.8268551236749117,0.7748344370860927,0.8863636363636364,0.8869688551161758,0.918233082706767,0.9021237303785781,0.9349282296650717,0.9021569032006407,0.970102281667978,1.0,0.9419404125286478,0.9909708159438623
XGB,0.9045905029094433,0.891396510757413,0.9212034095935024,0.9339190221543163,0.9463632086468229,"{'max_depth': 3, 'learning_rate': 0.1, 'n_estimators': 100}","['mfcc_mean', 'NDSI', 'mfcc_var', 'mfcc_std', 'wav_approx_std', 'mfcc_2']",0.823943661971831,0.7697368421052632,0.8863636363636364,0.903832059443447,0.9185115402731983,0.9044526901669759,0.9330143540669856,0.9384024594228386,0.9713163064833006,1.0,0.9442322383498855,0.996855107074183
XGB,0.9045905029094433,0.891396510757413,0.9212034095935024,0.9339190221543163,0.9463632086468229,"{'max_depth': 3, 'learning_rate': 0.1, 'n_estimators': 100}","['mfcc_mean', 'NDSI', 'mfcc_std', 'wav_approx_std', 'mfcc_2']",0.823943661971831,0.7697368421052632,0.8863636363636364,0.903832059443447,0.9185115402731983,0.9044526901669759,0.9330143540669856,0.9384024594228386,0.9713163064833006,1.0,0.9442322383498855,0.996855107074183
XGB,0.9045905029094433,0.891396510757413,0.9212034095935024,0.9339190221543163,0.9463632086468229,"{'max_depth': 3, 'learning_rate': 0.1, 'n_estimators': 100}","['mfcc_mean', 'NDSI', 'mfcc_var', 'wav_approx_std', 'mfcc_2']",0.823943661971831,0.7697368421052632,0.8863636363636364,0.903832059443447,0.9185115402731983,0.9044526901669759,0.9330143540669856,0.9384024594228386,0.9713163064833006,1.0,0.9442322383498855,0.996855107074183
XGB,0.9045498631228357,0.9031908716982056,0.906587770674458,0.9323911382734912,0.9288904908211643,"{'max_depth': 5, 'learning_rate': 0.01, 'n_estimators': 50}","['mfcc_mean', 'mfcc_1', 'mfcc_var', 'mfcc_std', 'mfcc_2']",0.8301886792452831,0.8270676691729323,0.8333333333333334,0.8600187916287525,0.9174055062995801,0.895264116575592,0.9406698564593301,0.9316017621575203,0.9660554038236442,0.9872408293460925,0.9457601222307105,0.9950509186772201
XGB,0.9045498631228357,0.9031908716982056,0.906587770674458,0.9323911382734912,0.9288904908211643,"{'max_depth': 5, 'learning_rate': 0.01, 'n_estimators': 50}","['mfcc_mean', 'mfcc_1', 'mfcc_std', 'mfcc_2']",0.8301886792452831,0.8270676691729323,0.8333333333333334,0.8600187916287525,0.9174055062995801,0.895264116575592,0.9406698564593301,0.9316017621575203,0.9660554038236442,0.9872408293460925,0.9457601222307105,0.9950509186772201
XGB,0.9045498631228357,0.9031908716982056,0.906587770674458,0.9323911382734912,0.9288904908211643,"{'max_depth': 5, 'learning_rate': 0.01, 'n_estimators': 50}","['mfcc_mean', 'mfcc_1', 'mfcc_var', 'mfcc_2']",0.8301886792452831,0.8270676691729323,0.8333333333333334,0.8600187916287525,0.9174055062995801,0.895264116575592,0.9406698564593301,0.9316017621575203,0.9660554038236442,0.9872408293460925,0.9457601222307105,0.9950509186772201
XGB,0.9045102221670712,0.8902392613178134,0.922532936619624,0.9369747899159664,0.9351640626316345,"{'max_depth': 3, 'learning_rate': 0.1, 'n_estimators': 100}","['spec_skew', 'spec_kurtosis', 'NDSI', 'mfcc_1']",0.8153310104529616,0.7548387096774194,0.8863636363636364,0.8544540501772868,0.9211657907310081,0.9198473282442748,0.9224880382775119,0.9526872622442124,0.977033865317244,0.996031746031746,0.9587471352177235,0.9983508754734045
XGB,0.9044387187429583,0.8886168097324875,0.9249620262778158,0.9331550802139037,0.9508293748751884,"{'max_depth': 5, 'learning_rate': 0.1, 'n_estimators': 100}","['NDSI', 'mfcc_1', 'wav_approx_std']",0.8255613126079447,0.7587301587301587,0.9053030303030303,0.8950687121160615,0.9167063303188958,0.9119318181818182,0.9215311004784689,0.9593243892480212,0.9710485133020345,0.9951884522854851,0.948051948051948,0.9980950232614823
XGB,0.904395233120725,0.8922850093815828,0.9191847711971551,0.9343009931245225,0.9466156640667664,"{'max_depth': 3, 'learning_rate': 0.1, 'n_estimators': 100}","['mfcc_mean', 'NDSI', 'mfcc_1', 'mfcc_std']",0.8226950354609929,0.7733333333333333,0.8787878787878788,0.8835002934263059,0.9186376537369915,0.9083255378858747,0.9291866028708134,0.9580083913741045,0.9718530101641908,0.9951961569255404,0.9495798319327731,0.9983383073998892
XGB,0.904395233120725,0.8922850093815828,0.9191847711971551,0.9343009931245225,0.9466156640667664,"{'max_depth': 3, 'learning_rate': 0.1, 'n_estimators': 100}","['mfcc_mean', 'NDSI', 'mfcc_1', 'mfcc_var']",0.8226950354609929,0.7733333333333333,0.8787878787878788,0.8835002934263059,0.9186376537369915,0.9083255378858747,0.9291866028708134,0.9580083913741045,0.9718530101641908,0.9951961569255404,0.9495798319327731,0.9983383073998892
XGB,0.904395233120725,0.8922850093815828,0.9191847711971551,0.9343009931245225,0.9466156640667664,"{'max_depth': 3, 'learning_rate': 0.1, 'n_estimators': 100}","['mfcc_mean', 'NDSI', 'mfcc_1', 'mfcc_var', 'mfcc_std']",0.8226950354609929,0.7733333333333333,0.8787878787878788,0.8835002934263059,0.9186376537369915,0.9083255378858747,0.9291866028708134,0.9580083913741045,0.9718530101641908,0.9951961569255404,0.9495798319327731,0.9983383073998892
XGB,0.9042549781172523,0.8978728002122889,0.9113038835949053,0.9266615737203973,0.9248337883560884,"{'max_depth': 5, 'learning_rate': 0.01, 'n_estimators': 100}","['mfcc_mean', 'mfcc_1']",0.8455882352941176,0.8214285714285714,0.8712121212121212,0.8456435666031163,0.9090047393364928,0.9004694835680751,0.9177033492822967,0.9347882004023194,0.9581719597211464,0.9717203456402199,0.944996180290298,0.9940695980628297
XGB,0.9042503132092756,0.902505671040522,0.9065744798716935,0.9312452253628725,0.9317440300893473,"{'max_depth': 5, 'learning_rate': 0.01, 'n_estimators': 50}","['mfcc_mean', 'mfcc_var', 'mfcc_2']",0.832391713747646,0.8277153558052435,0.8371212121212122,0.8650807157186753,0.9158091674462114,0.8956999085086916,0.9368421052631579,0.9355756496009211,0.9645500584339696,0.9841017488076311,0.9457601222307105,0.9945757249484456
XGB,0.9042503132092756,0.902505671040522,0.9065744798716935,0.9312452253628725,0.9317440300893473,"{'max_depth': 5, 'learning_rate': 0.01, 'n_estimators': 50}","['mfcc_mean', 'mfcc_var', 'mfcc_std', 'mfcc_2']",0.832391713747646,0.8277153558052435,0.8371212121212122,0.8650807157186753,0.9158091674462114,0.8956999085086916,0.9368421052631579,0.9355756496009211,0.9645500584339696,0.9841017488076311,0.9457601222307105,0.9945757249484456
XGB,0.9042503132092756,0.902505671040522,0.9065744798716935,0.9312452253628725,0.9317440300893473,"{'max_depth': 5, 'learning_rate': 0.01, 'n_estimators': 50}","['mfcc_mean', 'mfcc_std', 'mfcc_2']",0.832391713747646,0.8277153558052435,0.8371212121212122,0.8650807157186753,0.9158091674462114,0.8956999085086916,0.9368421052631579,0.9355756496009211,0.9645500584339696,0.9841017488076311,0.9457601222307105,0.9945757249484456
XGB,0.9041497043525482,0.8829993001208881,0.9344044156737654,0.926279602750191,0.9388119602441746,"{'max_depth': 3, 'learning_rate': 0.1, 'n_estimators': 100}","['mfcc_1', 'wav_detail_lvl5_std', 'mfcc_std']",0.8438538205980066,0.7514792899408284,0.9621212121212122,0.9057043708699813,0.9074340527577938,0.9096153846153846,0.9052631578947369,0.9165807546045863,0.9611612397018439,0.9879032258064516,0.9358288770053476,0.9941507552579562
XGB,0.9041497043525482,0.8829993001208881,0.9344044156737654,0.926279602750191,0.9388119602441746,"{'max_depth': 3, 'learning_rate': 0.1, 'n_estimators': 100}","['mfcc_1', 'wav_detail_lvl5_std', 'mfcc_var', 'mfcc_std']",0.8438538205980066,0.7514792899408284,0.9621212121212122,0.9057043708699813,0.9074340527577938,0.9096153846153846,0.9052631578947369,0.9165807546045863,0.9611612397018439,0.9879032258064516,0.9358288770053476,0.9941507552579562
XGB,0.9041497043525482,0.8829993001208881,0.9344044156737654,0.926279602750191,0.9388119602441746,"{'max_depth': 3, 'learning_rate': 0.1, 'n_estimators': 100}","['mfcc_1', 'wav_detail_lvl5_std', 'mfcc_var']",0.8438538205980066,0.7514792899408284,0.9621212121212122,0.9057043708699813,0.9074340527577938,0.9096153846153846,0.9052631578947369,0.9165807546045863,0.9611612397018439,0.9879032258064516,0.9358288770053476,0.9941507552579562
XGB,0.9041164213998071,0.8920007588465534,0.9189301238836842,0.9339190221543163,0.9448891256837078,"{'max_depth': 3, 'learning_rate': 0.1, 'n_estimators': 100}","['mfcc_mean', 'NDSI', 'mfcc_1']",0.8226950354609929,0.7733333333333333,0.8787878787878788,0.8794607017570574,0.9182033096926714,0.9074766355140187,0.9291866028708134,0.9568296115876673,0.9714509190457568,0.9951923076923077,0.9488158899923606,0.9983770637063983
XGB,0.9039168258826237,0.8896113889188682,0.922380483293796,0.9312452253628725,0.946832035953836,"{'max_depth': 3, 'learning_rate': 0.1, 'n_estimators': 100}","['mfcc_mean', 'NDSI', 'mfcc_var', 'mfcc_std', 'wav_approx_std']",0.8286713286713286,0.7694805194805194,0.8977272727272727,0.8942735626779516,0.9154135338345865,0.8993536472760849,0.9320574162679426,0.9486520829147466,0.9676656151419558,1.0,0.9373567608861727,0.9975704622688099
XGB,0.9039168258826237,0.8896113889188682,0.922380483293796,0.9312452253628725,0.946832035953836,"{'max_depth': 3, 'learning_rate': 0.1, 'n_estimators': 100}","['mfcc_mean', 'NDSI', 'mfcc_std', 'wav_approx_std']",0.8286713286713286,0.7694805194805194,0.8977272727272727,0.8942735626779516,0.9154135338345865,0.8993536472760849,0.9320574162679426,0.9486520829147466,0.9676656151419558,1.0,0.9373567608861727,0.9975704622688099
XGB,0.9039168258826237,0.8896113889188682,0.922380483293796,0.9312452253628725,0.946832035953836,"{'max_depth': 3, 'learning_rate': 0.1, 'n_estimators': 100}","['mfcc_mean', 'NDSI', 'mfcc_var', 'wav_approx_std']",0.8286713286713286,0.7694805194805194,0.8977272727272727,0.8942735626779516,0.9154135338345865,0.8993536472760849,0.9320574162679426,0.9486520829147466,0.9676656151419558,1.0,0.9373567608861727,0.9975704622688099
XGB,0.9037264920782769,0.8963682353680585,0.9119285513248361,0.926279602750191,0.9270608795425411,"{'max_depth': 5, 'learning_rate': 0.01, 'n_estimators': 100}","['mfcc_mean', 'mfcc_1', 'mfcc_std']",0.8446069469835467,0.8162544169611308,0.875,0.8487669950145366,0.9084005695301376,0.9011299435028248,0.9157894736842105,0.9384201898713705,0.9581719597211464,0.9717203456402199,0.944996180290298,0.9939954537417165
XGB,0.9037264920782769,0.8963682353680585,0.9119285513248361,0.926279602750191,0.9270608795425411,"{'max_depth': 5, 'learning_rate': 0.01, 'n_estimators': 100}","['mfcc_mean', 'mfcc_1', 'mfcc_var']",0.8446069469835467,0.8162544169611308,0.875,0.8487669950145366,0.9084005695301376,0.9011299435028248,0.9157894736842105,0.9384201898713705,0.9581719597211464,0.9717203456402199,0.944996180290298,0.9939954537417165
XGB,0.9037264920782769,0.8963682353680585,0.9119285513248361,0.926279602750191,0.9270608795425411,"{'max_depth': 5, 'learning_rate': 0.01, 'n_estimators': 100}","['mfcc_mean', 'mfcc_1', 'mfcc_var', 'mfcc_std']",0.8446069469835467,0.8162544169611308,0.875,0.8487669950145366,0.9084005695301376,0.9011299435028248,0.9157894736842105,0.9384201898713705,0.9581719597211464,0.9717203456402199,0.944996180290298,0.9939954537417165
XGB,0.9036957576448094,0.8905799491765626,0.9201954306443471,0.9339190221543163,0.9322077797908768,"{'max_depth': 5, 'learning_rate': 0.01, 'n_estimators': 100}","['mfcc_mean', 'spec_skew', 'wav_detail_lvl5_std', 'wav_approx_std', 'mfcc_2']",0.8204225352112676,0.7664473684210527,0.8825757575757576,0.8804277888058306,0.9189443920829407,0.9052924791086351,0.9330143540669856,0.9262137147983461,0.9717203456402199,1.0,0.944996180290298,0.9899818357684534
XGB,0.9036385093687248,0.8976162169100586,0.9106840184239565,0.9323911382734912,0.9440425461755796,"{'max_depth': 5, 'learning_rate': 0.1, 'n_estimators': 50}","['mfcc_mean', 'mfcc_1', 'wav_approx_std', 'mfcc_2']",0.8250460405156538,0.8028673835125448,0.8484848484848485,0.8851400211508043,0.922211808809747,0.9035812672176309,0.9416267942583733,0.9497584875201169,0.9636576787807737,0.9864,0.9419404125286478,0.9972291298558174
XGB,0.9036046703628545,0.8828904668812712,0.9334900307810524,0.9281894576012223,0.9154029821455688,"{'max_depth': 3, 'learning_rate': 0.01, 'n_estimators': 100}","['mfcc_mean', 'spec_kurtosis', 'mfcc_1', 'wav_detail_lvl5_std', 'mfcc_var', 'mfcc_std']",0.8352745424292846,0.744807121661721,0.9507575757575758,0.855423647855853,0.9107312440645774,0.9038642789820923,0.9177033492822967,0.8998510458348264,0.9648082245947015,1.0,0.932009167303285,0.990934252746027
XGB,0.9036046703628545,0.8828904668812712,0.9334900307810524,0.9281894576012223,0.9154029821455688,"{'max_depth': 3, 'learning_rate': 0.01, 'n_estimators': 100}","['mfcc_mean', 'spec_kurtosis', 'mfcc_1', 'wav_detail_lvl5_std', 'mfcc_var']",0.8352745424292846,0.744807121661721,0.9507575757575758,0.855423647855853,0.9107312440645774,0.9038642789820923,0.9177033492822967,0.8998510458348264,0.9648082245947015,1.0,0.932009167303285,0.990934252746027
XGB,0.9036046703628545,0.8828904668812712,0.9334900307810524,0.9281894576012223,0.9147139203500178,"{'max_depth': 3, 'learning_rate': 0.01, 'n_estimators': 100}","['mfcc_mean', 'spec_kurtosis', 'mfcc_1', 'wav_detail_lvl5_std']",0.8352745424292846,0.744807121661721,0.9507575757575758,0.8553197132960861,0.9107312440645774,0.9038642789820923,0.9177033492822967,0.8978561139513583,0.9648082245947015,1.0,0.932009167303285,0.9909659338026089
XGB,0.9036046703628545,0.8828904668812712,0.9334900307810524,0.9281894576012223,0.9154029821455688,"{'max_depth': 3, 'learning_rate': 0.01, 'n_estimators': 100}","['mfcc_mean', 'spec_kurtosis', 'mfcc_1', 'wav_detail_lvl5_std', 'mfcc_std']",0.8352745424292846,0.744807121661721,0.9507575757575758,0.855423647855853,0.9107312440645774,0.9038642789820923,0.9177033492822967,0.8998510458348264,0.9648082245947015,1.0,0.932009167303285,0.990934252746027
XGB,0.9034819026497787,0.8994376858610434,0.909365101702563,0.9308632543926662,0.9303269378998822,"{'max_depth': 3, 'learning_rate': 0.1, 'n_estimators': 100}","['mfcc_mean', 'spec_skew', 'wav_approx_std', 'mfcc_2']",0.828996282527881,0.8138686131386861,0.8446969696969697,0.8719995218290998,0.9170506912442397,0.8844444444444445,0.9521531100478469,0.9237031899128383,0.9643987341772152,1.0,0.9312452253628725,0.9952781019577082
XGB,0.9033943230582717,0.8910586353495727,0.9183405260030648,0.9323911382734912,0.9465514374123015,"{'max_depth': 3, 'learning_rate': 0.1, 'n_estimators': 100}","['mfcc_mean', 'NDSI', 'mfcc_var']",0.8247787610619469,0.7740863787375415,0.8825757575757576,0.8836914193273756,0.9157544026653974,0.9109848484848485,0.9205741626794258,0.9578110314331164,0.9696498054474708,0.9881046788263284,0.9518716577540107,0.9981518614764128
XGB,0.9033943230582717,0.8910586353495727,0.9183405260030648,0.9323911382734912,0.9465514374123015,"{'max_depth': 3, 'learning_rate': 0.1, 'n_estimators': 100}","['mfcc_mean', 'NDSI', 'mfcc_std']",0.8247787610619469,0.7740863787375415,0.8825757575757576,0.8836914193273756,0.9157544026653974,0.9109848484848485,0.9205741626794258,0.9578110314331164,0.9696498054474708,0.9881046788263284,0.9518716577540107,0.9981518614764128
XGB,0.9033943230582717,0.8910586353495727,0.9183405260030648,0.9323911382734912,0.9465514374123015,"{'max_depth': 3, 'learning_rate': 0.1, 'n_estimators': 100}","['mfcc_mean', 'NDSI', 'mfcc_var', 'mfcc_std']",0.8247787610619469,0.7740863787375415,0.8825757575757576,0.8836914193273756,0.9157544026653974,0.9109848484848485,0.9205741626794258,0.9578110314331164,0.9696498054474708,0.9881046788263284,0.9518716577540107,0.9981518614764128
XGB,0.9033183415824242,0.8826343559504268,0.9327690884966428,0.9270435446906035,0.9503382082473243,"{'max_depth': 5, 'learning_rate': 0.1, 'n_estimators': 100}","['mfcc_1', 'wav_detail_lvl5_std', 'wav_approx_std']",0.8386023294509152,0.7477744807121661,0.9545454545454546,0.912442351596414,0.9081289081289081,0.9129593810444874,0.9033492822966507,0.9430499662762326,0.9632237871674492,0.9871692060946271,0.9404125286478228,0.9955223068693263
XGB,0.903286895745722,0.8896603250965813,0.9205654510608071,0.9331550802139037,0.944734317963233,"{'max_depth': 3, 'learning_rate': 0.1, 'n_estimators': 100}","['mfcc_mean', 'NDSI', 'mfcc_1', 'mfcc_var', 'mfcc_std', 'wav_approx_std', 'mfcc_2']",0.8210526315789474,0.7647058823529411,0.8863636363636364,0.9005012275132973,0.9174917491749175,0.904275092936803,0.9311004784688995,0.9369827300854146,0.9713163064833006,1.0,0.9442322383498855,0.996718996290987
XGB,0.903286895745722,0.8896603250965813,0.9205654510608071,0.9331550802139037,0.944734317963233,"{'max_depth': 3, 'learning_rate': 0.1, 'n_estimators': 100}","['mfcc_mean', 'NDSI', 'mfcc_1', 'mfcc_std', 'wav_approx_std', 'mfcc_2']",0.8210526315789474,0.7647058823529411,0.8863636363636364,0.9005012275132973,0.9174917491749175,0.904275092936803,0.9311004784688995,0.9369827300854146,0.9713163064833006,1.0,0.9442322383498855,0.996718996290987
XGB,0.903286895745722,0.8896603250965813,0.9205654510608071,0.9331550802139037,0.944734317963233,"{'max_depth': 3, 'learning_rate': 0.1, 'n_estimators': 100}","['mfcc_mean', 'NDSI', 'mfcc_1', 'mfcc_var', 'wav_approx_std', 'mfcc_2']",0.8210526315789474,0.7647058823529411,0.8863636363636364,0.9005012275132973,0.9174917491749175,0.904275092936803,0.9311004784688995,0.9369827300854146,0.9713163064833006,1.0,0.9442322383498855,0.996718996290987
XGB,0.9031918704468304,0.8870302290672178,0.9244712717622935,0.9358288770053476,0.9328044209985399,"{'max_depth': 3, 'learning_rate': 0.1, 'n_estimators': 100}","['spec_skew', 'NDSI', 'mfcc_1']",0.8130360205831904,0.7429467084639498,0.8977272727272727,0.8498753869708039,0.9199040767386091,0.9221153846153847,0.9177033492822967,0.950243351850444,0.9766355140186916,0.9960285941223193,0.957983193277311,0.9982945241743716
XGB,0.9031643665812409,0.9018210744438603,0.9053145341071037,0.93048128342246,0.9391154772709945,"{'max_depth': 5, 'learning_rate': 0.01, 'n_estimators': 100}","['mfcc_mean', 'mfcc_1', 'mfcc_2']",0.8301886792452831,0.8270676691729323,0.8333333333333334,0.8889511059486513,0.9152700186219739,0.8912058023572076,0.9406698564593301,0.9335051885270643,0.9640344018764659,0.9871897518014412,0.9419404125286478,0.9948901373372679
XGB,0.903146613801573,0.890174807369263,0.9192252020425395,0.9316271963330787,0.9397122715259277,"{'max_depth': 3, 'learning_rate': 0.1, 'n_estimators': 100}","['spec_skew', 'NDSI', 'mfcc_var', 'mfcc_std', 'wav_approx_std']",0.8253968253968254,0.7722772277227723,0.8863636363636364,0.8815169680364491,0.9153664302600473,0.9046728971962616,0.9263157894736842,0.9402783454113212,0.9686765857478465,0.993574297188755,0.944996180290298,0.9973415011300133
XGB,0.903146613801573,0.890174807369263,0.9192252020425395,0.9316271963330787,0.9397122715259277,"{'max_depth': 3, 'learning_rate': 0.1, 'n_estimators': 100}","['spec_skew', 'NDSI', 'mfcc_var', 'wav_approx_std']",0.8253968253968254,0.7722772277227723,0.8863636363636364,0.8815169680364491,0.9153664302600473,0.9046728971962616,0.9263157894736842,0.9402783454113212,0.9686765857478465,0.993574297188755,0.944996180290298,0.9973415011300133
XGB,0.903146613801573,0.890174807369263,0.9192252020425395,0.9316271963330787,0.9397122715259277,"{'max_depth': 3, 'learning_rate': 0.1, 'n_estimators': 100}","['spec_skew', 'NDSI', 'mfcc_std', 'wav_approx_std']",0.8253968253968254,0.7722772277227723,0.8863636363636364,0.8815169680364491,0.9153664302600473,0.9046728971962616,0.9263157894736842,0.9402783454113212,0.9686765857478465,0.993574297188755,0.944996180290298,0.9973415011300133
XGB,0.9031372439266511,0.8961642547095003,0.9108562404228039,0.926279602750191,0.9285346854292498,"{'max_depth': 5, 'learning_rate': 0.01, 'n_estimators': 100}","['mfcc_mean', 'mfcc_var', 'mfcc_std']",0.8424908424908425,0.8156028368794326,0.8712121212121212,0.8532266337337745,0.9083135391923991,0.9018867924528302,0.9148325358851674,0.9385986299393052,0.9586073500967118,0.9710031347962382,0.946524064171123,0.9937787926146697
XGB,0.9031372439266511,0.8961642547095003,0.9108562404228039,0.926279602750191,0.9285346854292498,"{'max_depth': 5, 'learning_rate': 0.01, 'n_estimators': 100}","['mfcc_mean', 'mfcc_var']",0.8424908424908425,0.8156028368794326,0.8712121212121212,0.8532266337337745,0.9083135391923991,0.9018867924528302,0.9148325358851674,0.9385986299393052,0.9586073500967118,0.9710031347962382,0.946524064171123,0.9937787926146697
XGB,0.9031372439266511,0.8961642547095003,0.9108562404228039,0.926279602750191,0.9285346854292498,"{'max_depth': 5, 'learning_rate': 0.01, 'n_estimators': 100}","['mfcc_mean', 'mfcc_std']",0.8424908424908425,0.8156028368794326,0.8712121212121212,0.8532266337337745,0.9083135391923991,0.9018867924528302,0.9148325358851674,0.9385986299393052,0.9586073500967118,0.9710031347962382,0.946524064171123,0.9937787926146697
XGB,0.9030482759432084,0.8820059754419584,0.9336133336907331,0.9289533995416348,0.9124587400160434,"{'max_depth': 3, 'learning_rate': 0.01, 'n_estimators': 100}","['spec_skew', 'NDSI', 'wav_detail_lvl5_std', 'mfcc_var', 'mfcc_std', 'mfcc_2']",0.8311258278145696,0.7382352941176471,0.9507575757575758,0.8559689013119783,0.9110898661567878,0.9102196752626552,0.9119617224880383,0.8916065458191094,0.9669291338582677,0.9975629569455727,0.9381207028265852,0.9898007729170428
XGB,0.9030482759432084,0.8820059754419584,0.9336133336907331,0.9289533995416348,0.9124587400160434,"{'max_depth': 3, 'learning_rate': 0.01, 'n_estimators': 100}","['spec_skew', 'NDSI', 'wav_detail_lvl5_std', 'mfcc_std', 'mfcc_2']",0.8311258278145696,0.7382352941176471,0.9507575757575758,0.8559689013119783,0.9110898661567878,0.9102196752626552,0.9119617224880383,0.8916065458191094,0.9669291338582677,0.9975629569455727,0.9381207028265852,0.9898007729170428
XGB,0.9030482759432084,0.8820059754419584,0.9336133336907331,0.9289533995416348,0.9124587400160434,"{'max_depth': 3, 'learning_rate': 0.01, 'n_estimators': 100}","['spec_skew', 'NDSI', 'wav_detail_lvl5_std', 'mfcc_var', 'mfcc_2']",0.8311258278145696,0.7382352941176471,0.9507575757575758,0.8559689013119783,0.9110898661567878,0.9102196752626552,0.9119617224880383,0.8916065458191094,0.9669291338582677,0.9975629569455727,0.9381207028265852,0.9898007729170428
XGB,0.9029926441393329,0.8811856206883829,0.9354176439315758,0.9285714285714286,0.9558966344113449,"{'max_depth': 3, 'learning_rate': 0.1, 'n_estimators': 100}","['spec_skew', 'wav_detail_lvl5_std', 'mfcc_var', 'mfcc_std', 'mfcc_2']",0.8327868852459016,0.7341040462427746,0.9621212121212122,0.9313923969163163,0.9093553078041687,0.9214145383104125,0.8976076555023923,0.940007131693188,0.9668357393679282,0.9880382775119617,0.946524064171123,0.9962903746245304
XGB,0.9029926441393329,0.8811856206883829,0.9354176439315758,0.9285714285714286,0.9558966344113449,"{'max_depth': 3, 'learning_rate': 0.1, 'n_estimators': 100}","['spec_skew', 'wav_detail_lvl5_std', 'mfcc_std', 'mfcc_2']",0.8327868852459016,0.7341040462427746,0.9621212121212122,0.9313923969163163,0.9093553078041687,0.9214145383104125,0.8976076555023923,0.940007131693188,0.9668357393679282,0.9880382775119617,0.946524064171123,0.9962903746245304
XGB,0.9029926441393329,0.8811856206883829,0.9354176439315758,0.9285714285714286,0.9558966344113449,"{'max_depth': 3, 'learning_rate': 0.1, 'n_estimators': 100}","['spec_skew', 'wav_detail_lvl5_std', 'mfcc_var', 'mfcc_2']",0.8327868852459016,0.7341040462427746,0.9621212121212122,0.9313923969163163,0.9093553078041687,0.9214145383104125,0.8976076555023923,0.940007131693188,0.9668357393679282,0.9880382775119617,0.946524064171123,0.9962903746245304
XGB,0.9029696815020536,0.8821257117338396,0.9331710515147048,0.9278074866310161,0.9151912110351924,"{'max_depth': 3, 'learning_rate': 0.01, 'n_estimators': 100}","['mfcc_mean', 'spec_kurtosis', 'wav_detail_lvl5_std', 'mfcc_var']",0.8338870431893688,0.742603550295858,0.9507575757575758,0.8554956117475891,0.9102137767220903,0.9037735849056604,0.9167464114832536,0.8990407283000634,0.9648082245947015,1.0,0.932009167303285,0.9910372930579245
XGB,0.9029696815020536,0.8821257117338396,0.9331710515147048,0.9278074866310161,0.9151912110351924,"{'max_depth': 3, 'learning_rate': 0.01, 'n_estimators': 100}","['mfcc_mean', 'spec_kurtosis', 'wav_detail_lvl5_std', 'mfcc_std']",0.8338870431893688,0.742603550295858,0.9507575757575758,0.8554956117475891,0.9102137767220903,0.9037735849056604,0.9167464114832536,0.8990407283000634,0.9648082245947015,1.0,0.932009167303285,0.9910372930579245
XGB,0.9029696815020536,0.8821257117338396,0.9331710515147048,0.9278074866310161,0.9151912110351924,"{'max_depth': 3, 'learning_rate': 0.01, 'n_estimators': 100}","['mfcc_mean', 'spec_kurtosis', 'wav_detail_lvl5_std', 'mfcc_var', 'mfcc_std']",0.8338870431893688,0.742603550295858,0.9507575757575758,0.8554956117475891,0.9102137767220903,0.9037735849056604,0.9167464114832536,0.8990407283000634,0.9648082245947015,1.0,0.932009167303285,0.9910372930579245
XGB,0.9029231388544933,0.8872127109303363,0.9233724909421505,0.93048128342246,0.9550764230574099,"{'max_depth': 3, 'learning_rate': 0.1, 'n_estimators': 100}","['mfcc_mean', 'spec_skew', 'mfcc_1', 'wav_detail_lvl5_std', 'mfcc_std', 'wav_approx_std']",0.8269896193771626,0.7611464968152867,0.9053030303030303,0.9213227975766063,0.9147727272727273,0.9053420805998126,0.9244019138755981,0.9474162249052365,0.96700706991359,0.9951495553759094,0.9404125286478228,0.9964902466903869
XGB,0.9029231388544933,0.8872127109303363,0.9233724909421505,0.93048128342246,0.9550764230574099,"{'max_depth': 3, 'learning_rate': 0.1, 'n_estimators': 100}","['mfcc_mean', 'spec_skew', 'mfcc_1', 'wav_detail_lvl5_std', 'mfcc_var', 'mfcc_std', 'wav_approx_std']",0.8269896193771626,0.7611464968152867,0.9053030303030303,0.9213227975766063,0.9147727272727273,0.9053420805998126,0.9244019138755981,0.9474162249052365,0.96700706991359,0.9951495553759094,0.9404125286478228,0.9964902466903869
XGB,0.9029231388544933,0.8872127109303363,0.9233724909421505,0.93048128342246,0.9550764230574099,"{'max_depth': 3, 'learning_rate': 0.1, 'n_estimators': 100}","['mfcc_mean', 'spec_skew', 'mfcc_1', 'wav_detail_lvl5_std', 'mfcc_var', 'wav_approx_std']",0.8269896193771626,0.7611464968152867,0.9053030303030303,0.9213227975766063,0.9147727272727273,0.9053420805998126,0.9244019138755981,0.9474162249052365,0.96700706991359,0.9951495553759094,0.9404125286478228,0.9964902466903869
XGB,0.9028996509853545,0.8893697970105615,0.9199381028328397,0.9339190221543163,0.9280484863979334,"{'max_depth': 5, 'learning_rate': 0.01, 'n_estimators': 100}","['mfcc_mean', 'spec_kurtosis', 'NDSI', 'wav_detail_lvl5_std', 'mfcc_2']",0.8175438596491228,0.761437908496732,0.8825757575757576,0.8786072563987068,0.9182033096926714,0.9074766355140187,0.9291866028708134,0.9164587230147916,0.9729517836142689,0.999194847020934,0.948051948051948,0.9890794797803015
XGB,0.9028210885962459,0.8949731941669565,0.9127430876656883,0.9293353705118411,0.9375973195964326,"{'max_depth': 3, 'learning_rate': 0.1, 'n_estimators': 100}","['mfcc_mean', 'spec_skew', 'spec_kurtosis', 'NDSI']",0.8306010928961749,0.8,0.8636363636363636,0.8714236065350968,0.914577530176416,0.8881875563570785,0.9425837320574163,0.945282662996453,0.9632846427161469,0.9967320261437909,0.932009167303285,0.9960856892577474
XGB,0.9027139527139528,0.8958909382533083,0.9115580841587034,0.9300993124522536,0.9322123273220657,"{'max_depth': 3, 'learning_rate': 0.1, 'n_estimators': 100}","['mfcc_mean', 'spec_kurtosis', 'wav_approx_std', 'mfcc_2']",0.8278388278388278,0.8014184397163121,0.8560606060606061,0.8774265951206031,0.9166666666666666,0.8878923766816144,0.9473684210526315,0.924232423655072,0.9636363636363636,0.9983619983619983,0.9312452253628725,0.994977963190522
XGB,0.9027099795075961,0.8824216227065134,0.9316617077452992,0.9289533995416348,0.9391013140639664,"{'max_depth': 3, 'learning_rate': 0.1, 'n_estimators': 50}","['mfcc_mean', 'wav_detail_lvl5_std', 'mfcc_var', 'mfcc_std']",0.83,0.7410714285714286,0.9431818181818182,0.8997284972077808,0.9111747851002865,0.909437559580553,0.9129186602870814,0.9220029246371289,0.9669551534225019,0.9967558799675588,0.9388846447669977,0.9955725203469895
XGB,0.9027099795075961,0.8824216227065134,0.9316617077452992,0.9289533995416348,0.9391013140639664,"{'max_depth': 3, 'learning_rate': 0.1, 'n_estimators': 50}","['mfcc_mean', 'wav_detail_lvl5_std', 'mfcc_std']",0.83,0.7410714285714286,0.9431818181818182,0.8997284972077808,0.9111747851002865,0.909437559580553,0.9129186602870814,0.9220029246371289,0.9669551534225019,0.9967558799675588,0.9388846447669977,0.9955725203469895
XGB,0.9027099795075961,0.8824216227065134,0.9316617077452992,0.9289533995416348,0.9391013140639664,"{'max_depth': 3, 'learning_rate': 0.1, 'n_estimators': 50}","['mfcc_mean', 'wav_detail_lvl5_std', 'mfcc_var']",0.83,0.7410714285714286,0.9431818181818182,0.8997284972077808,0.9111747851002865,0.909437559580553,0.9129186602870814,0.9220029246371289,0.9669551534225019,0.9967558799675588,0.9388846447669977,0.9955725203469895
XGB,0.902585716064995,0.8809445578147047,0.9346213126398886,0.9289533995416348,0.9326262571599924,"{'max_depth': 5, 'learning_rate': 0.01, 'n_estimators': 100}","['mfcc_mean', 'spec_skew', 'mfcc_1', 'wav_detail_lvl5_std']",0.8289473684210527,0.7325581395348837,0.9545454545454546,0.8911842042137877,0.9115255858440937,0.9110898661567878,0.9119617224880383,0.916085756098489,0.9672841939298384,0.999185667752443,0.9373567608861727,0.9906088111677005
XGB,0.9024085830943857,0.8815583711281234,0.9326617568877631,0.9270435446906035,0.9151020899480127,"{'max_depth': 3, 'learning_rate': 0.01, 'n_estimators': 100}","['mfcc_mean', 'spec_skew', 'spec_kurtosis', 'wav_detail_lvl5_std', 'mfcc_var', 'mfcc_std']",0.8338870431893688,0.742603550295858,0.9507575757575758,0.8555361725462866,0.9093497864261983,0.9020715630885122,0.9167464114832536,0.89878070003369,0.96398891966759,1.0,0.93048128342246,0.9909893972640617
XGB,0.9024085830943857,0.8815583711281234,0.9326617568877631,0.9270435446906035,0.914428997700948,"{'max_depth': 3, 'learning_rate': 0.01, 'n_estimators': 100}","['mfcc_mean', 'spec_skew', 'wav_detail_lvl5_std', 'mfcc_std']",0.8338870431893688,0.742603550295858,0.9507575757575758,0.8533965236820048,0.9093497864261983,0.9020715630885122,0.9167464114832536,0.8989629863170843,0.96398891966759,1.0,0.93048128342246,0.9909274831037551
XGB,0.9024085830943857,0.8815583711281234,0.9326617568877631,0.9270435446906035,0.9146294918703183,"{'max_depth': 3, 'learning_rate': 0.01, 'n_estimators': 100}","['mfcc_mean', 'spec_skew', 'spec_kurtosis', 'mfcc_1', 'wav_detail_lvl5_std']",0.8338870431893688,0.742603550295858,0.9507575757575758,0.85528505926881,0.9093497864261983,0.9020715630885122,0.9167464114832536,0.8976238423499128,0.96398891966759,1.0,0.93048128342246,0.9909795739922319
XGB,0.9024085830943857,0.8815583711281234,0.9326617568877631,0.9270435446906035,0.914428997700948,"{'max_depth': 3, 'learning_rate': 0.01, 'n_estimators': 100}","['mfcc_mean', 'spec_skew', 'wav_detail_lvl5_std', 'mfcc_var', 'mfcc_std']",0.8338870431893688,0.742603550295858,0.9507575757575758,0.8533965236820048,0.9093497864261983,0.9020715630885122,0.9167464114832536,0.8989629863170843,0.96398891966759,1.0,0.93048128342246,0.9909274831037551
XGB,0.9024085830943857,0.8815583711281234,0.9326617568877631,0.9270435446906035,0.9151020899480127,"{'max_depth': 3, 'learning_rate': 0.01, 'n_estimators': 100}","['mfcc_mean', 'spec_skew', 'spec_kurtosis', 'wav_detail_lvl5_std', 'mfcc_var']",0.8338870431893688,0.742603550295858,0.9507575757575758,0.8555361725462866,0.9093497864261983,0.9020715630885122,0.9167464114832536,0.89878070003369,0.96398891966759,1.0,0.93048128342246,0.9909893972640617
XGB,0.9024085830943857,0.8815583711281234,0.9326617568877631,0.9270435446906035,0.9151020899480127,"{'max_depth': 3, 'learning_rate': 0.01, 'n_estimators': 100}","['mfcc_mean', 'spec_skew', 'spec_kurtosis', 'wav_detail_lvl5_std', 'mfcc_std']",0.8338870431893688,0.742603550295858,0.9507575757575758,0.8555361725462866,0.9093497864261983,0.9020715630885122,0.9167464114832536,0.89878070003369,0.96398891966759,1.0,0.93048128342246,0.9909893972640617
XGB,0.9024085830943857,0.8815583711281234,0.9326617568877631,0.9270435446906035,0.914428997700948,"{'max_depth': 3, 'learning_rate': 0.01, 'n_estimators': 100}","['mfcc_mean', 'spec_skew', 'wav_detail_lvl5_std', 'mfcc_var']",0.8338870431893688,0.742603550295858,0.9507575757575758,0.8533965236820048,0.9093497864261983,0.9020715630885122,0.9167464114832536,0.8989629863170843,0.96398891966759,1.0,0.93048128342246,0.9909274831037551
XGB,0.9022301371432002,0.8807083888312307,0.9334474778747225,0.9251336898395722,0.9384094857227865,"{'max_depth': 3, 'learning_rate': 0.1, 'n_estimators': 100}","['wav_detail_lvl5_std', 'mfcc_std']",0.8396694214876033,0.7448680351906158,0.9621212121212122,0.9067560809731002,0.9058597502401537,0.9093539054966249,0.9023923444976076,0.9144290712888243,0.9611612397018439,0.9879032258064516,0.9358288770053476,0.9940433049064348
XGB,0.9022301371432002,0.8807083888312307,0.9334474778747225,0.9251336898395722,0.9384094857227865,"{'max_depth': 3, 'learning_rate': 0.1, 'n_estimators': 100}","['wav_detail_lvl5_std', 'mfcc_var', 'mfcc_std']",0.8396694214876033,0.7448680351906158,0.9621212121212122,0.9067560809731002,0.9058597502401537,0.9093539054966249,0.9023923444976076,0.9144290712888243,0.9611612397018439,0.9879032258064516,0.9358288770053476,0.9940433049064348
XGB,0.9022301371432002,0.8807083888312307,0.9334474778747225,0.9251336898395722,0.9384094857227865,"{'max_depth': 3, 'learning_rate': 0.1, 'n_estimators': 100}","['wav_detail_lvl5_std', 'mfcc_var']",0.8396694214876033,0.7448680351906158,0.9621212121212122,0.9067560809731002,0.9058597502401537,0.9093539054966249,0.9023923444976076,0.9144290712888243,0.9611612397018439,0.9879032258064516,0.9358288770053476,0.9940433049064348
XGB,0.9020284074163385,0.8877993642157497,0.9200295748283365,0.9300993124522536,0.9428925754705245,"{'max_depth': 5, 'learning_rate': 0.1, 'n_estimators': 100}","['mfcc_mean', 'spec_skew', 'spec_kurtosis', 'NDSI', 'wav_detail_lvl5_std']",0.8251748251748252,0.7662337662337663,0.8939393939393939,0.8823900048616334,0.9138257575757576,0.9044048734770385,0.9234449760765551,0.949570659987376,0.9670846394984326,0.9927594529364441,0.9427043544690603,0.9967170615625641
XGB,0.9019685408743211,0.8813170221005384,0.9314448107791762,0.926279602750191,0.937426164936172,"{'max_depth': 5, 'learning_rate': 0.01, 'n_estimators': 100}","['mfcc_mean', 'mfcc_1', 'wav_detail_lvl5_std']",0.8352745424292846,0.744807121661721,0.9507575757575758,0.8993295233873313,0.9075227599425012,0.9088291746641075,0.9062200956937799,0.9209935960459991,0.9631083202511774,0.9903147699757869,0.9373567608861727,0.9919553753751857
XGB,0.9019019503669717,0.893433630018996,0.9126681454080835,0.9278074866310161,0.9377409482556196,"{'max_depth': 3, 'learning_rate': 0.1, 'n_estimators': 100}","['mfcc_mean', 'spec_skew', 'NDSI']",0.8312159709618875,0.7979094076655052,0.8674242424242424,0.8722162993178744,0.9132250580046404,0.8864864864864865,0.9416267942583733,0.9449115359532353,0.9612648221343874,0.9959049959049959,0.9289533995416348,0.9960950094957488
XGB,0.9018893276436817,0.8795942957183684,0.9351550668114136,0.926279602750191,0.9465763269152961,"{'max_depth': 3, 'learning_rate': 0.1, 'n_estimators': 100}","['spec_kurtosis', 'mfcc_1', 'wav_detail_lvl5_std']",0.8346972176759411,0.7348703170028819,0.9659090909090909,0.9131346531114268,0.9070775156475686,0.9127906976744186,0.9014354066985646,0.9311903662256,0.9638932496075353,0.9911218724778047,0.9381207028265852,0.9954039614088617
XGB,0.9017842408932156,0.8882423294395049,0.9189195135789564,0.9323911382734912,0.9277711377581369,"{'max_depth': 5, 'learning_rate': 0.01, 'n_estimators': 100}","['mfcc_mean', 'spec_skew', 'spec_kurtosis', 'NDSI', 'wav_detail_lvl5_std', 'mfcc_2']",0.8175438596491228,0.761437908496732,0.8825757575757576,0.8778733288742313,0.9164700330344502,0.904096834264432,0.9291866028708134,0.9162314080118031,0.9713388299960738,0.9991922455573505,0.944996180290298,0.9892086763883765
XGB,0.9016904929239559,0.8942045958537328,0.9112258140895912,0.9285714285714286,0.9395467889199384,"{'max_depth': 3, 'learning_rate': 0.1, 'n_estimators': 100}","['mfcc_mean', 'spec_kurtosis', 'NDSI']",0.8284671532846716,0.7992957746478874,0.8598484848484849,0.8770449835702627,0.9137291280148423,0.8865886588658866,0.9425837320574163,0.9456088171225747,0.9628751974723538,0.9967293540474244,0.9312452253628725,0.9959865660669779
XGB,0.9016860093324045,0.8866132738323206,0.9209705413265784,0.93048128342246,0.9411245629265573,"{'max_depth': 5, 'learning_rate': 0.1, 'n_estimators': 100}","['spec_kurtosis', 'mfcc_1', 'mfcc_std', 'wav_approx_std']",0.8229166666666666,0.7596153846153846,0.8977272727272727,0.8869950986528756,0.9134157944814463,0.9082308420056765,0.9186602870813397,0.9397381518545936,0.9687255668491008,0.9919935948759008,0.946524064171123,0.9966404382722027
XGB,0.9016860093324045,0.8866132738323206,0.9209705413265784,0.93048128342246,0.9411245629265573,"{'max_depth': 5, 'learning_rate': 0.1, 'n_estimators': 100}","['spec_kurtosis', 'mfcc_1', 'mfcc_var', 'mfcc_std', 'wav_approx_std']",0.8229166666666666,0.7596153846153846,0.8977272727272727,0.8869950986528756,0.9134157944814463,0.9082308420056765,0.9186602870813397,0.9397381518545936,0.9687255668491008,0.9919935948759008,0.946524064171123,0.9966404382722027
XGB,0.9016860093324045,0.8866132738323206,0.9209705413265784,0.93048128342246,0.9411245629265573,"{'max_depth': 5, 'learning_rate': 0.1, 'n_estimators': 100}","['spec_kurtosis', 'mfcc_1', 'mfcc_var', 'wav_approx_std']",0.8229166666666666,0.7596153846153846,0.8977272727272727,0.8869950986528756,0.9134157944814463,0.9082308420056765,0.9186602870813397,0.9397381518545936,0.9687255668491008,0.9919935948759008,0.946524064171123,0.9966404382722027
XGB,0.901341872162293,0.8889997325515296,0.9169599578268309,0.93048128342246,0.9459756223909239,"{'max_depth': 3, 'learning_rate': 0.1, 'n_estimators': 100}","['mfcc_mean', 'NDSI', 'mfcc_1', 'mfcc_std', 'wav_approx_std']",0.8212389380530973,0.770764119601329,0.8787878787878788,0.8865046676147773,0.9147141518275539,0.8962350780532599,0.9339712918660287,0.9534032836524494,0.9680725266062278,1.0,0.9381207028265852,0.998018915905545
XGB,0.901341872162293,0.8889997325515296,0.9169599578268309,0.93048128342246,0.9459756223909239,"{'max_depth': 3, 'learning_rate': 0.1, 'n_estimators': 100}","['mfcc_mean', 'NDSI', 'mfcc_1', 'mfcc_var', 'wav_approx_std']",0.8212389380530973,0.770764119601329,0.8787878787878788,0.8865046676147773,0.9147141518275539,0.8962350780532599,0.9339712918660287,0.9534032836524494,0.9680725266062278,1.0,0.9381207028265852,0.998018915905545
XGB,0.901341872162293,0.8889997325515296,0.9169599578268309,0.93048128342246,0.9459756223909239,"{'max_depth': 3, 'learning_rate': 0.1, 'n_estimators': 100}","['mfcc_mean', 'NDSI', 'mfcc_1', 'mfcc_var', 'mfcc_std', 'wav_approx_std']",0.8212389380530973,0.770764119601329,0.8787878787878788,0.8865046676147773,0.9147141518275539,0.8962350780532599,0.9339712918660287,0.9534032836524494,0.9680725266062278,1.0,0.9381207028265852,0.998018915905545
XGB,0.9013156529026891,0.8787353540509133,0.9354123946229209,0.926279602750191,0.9302040772469105,"{'max_depth': 5, 'learning_rate': 0.01, 'n_estimators': 50}","['spec_kurtosis', 'mfcc_1', 'wav_detail_lvl5_std', 'mfcc_std']",0.831973898858075,0.7306590257879656,0.9659090909090909,0.8656263836027842,0.9074340527577938,0.9096153846153846,0.9052631578947369,0.9332283743835048,0.9645390070921985,0.9959316517493898,0.935064935064935,0.9917574737544422
XGB,0.9013156529026891,0.8787353540509133,0.9354123946229209,0.926279602750191,0.9302040772469105,"{'max_depth': 5, 'learning_rate': 0.01, 'n_estimators': 50}","['spec_kurtosis', 'mfcc_1', 'wav_detail_lvl5_std', 'mfcc_var']",0.831973898858075,0.7306590257879656,0.9659090909090909,0.8656263836027842,0.9074340527577938,0.9096153846153846,0.9052631578947369,0.9332283743835048,0.9645390070921985,0.9959316517493898,0.935064935064935,0.9917574737544422
XGB,0.9013156529026891,0.8787353540509133,0.9354123946229209,0.926279602750191,0.9302040772469105,"{'max_depth': 5, 'learning_rate': 0.01, 'n_estimators': 50}","['spec_kurtosis', 'mfcc_1', 'wav_detail_lvl5_std', 'mfcc_var', 'mfcc_std']",0.831973898858075,0.7306590257879656,0.9659090909090909,0.8656263836027842,0.9074340527577938,0.9096153846153846,0.9052631578947369,0.9332283743835048,0.9645390070921985,0.9959316517493898,0.935064935064935,0.9917574737544422
XGB,0.9012592142237064,0.8788622012465733,0.9348360875450658,0.9258976317799847,0.9489982264028001,"{'max_depth': 3, 'learning_rate': 0.1, 'n_estimators': 100}","['spec_skew', 'spec_kurtosis', 'mfcc_1', 'wav_detail_lvl5_std']",0.8333333333333334,0.7327586206896551,0.9659090909090909,0.9174166341976747,0.9065510597302505,0.9127061105722599,0.9004784688995215,0.9341015881369638,0.9638932496075353,0.9911218724778047,0.9381207028265852,0.9954764568737615
XGB,0.9012468542340533,0.8793437130699445,0.9335118098275993,0.9251336898395722,0.9308312729495416,"{'max_depth': 3, 'learning_rate': 0.1, 'n_estimators': 50}","['mfcc_1', 'wav_detail_lvl5_std']",0.8355263157894737,0.7383720930232558,0.9621212121212122,0.8828037383184479,0.9059500959692899,0.9085659287776708,0.9033492822966507,0.915960112385454,0.9622641509433962,0.9910931174089069,0.935064935064935,0.9937299681447226
XGB,0.9005183109995697,0.8909981647760165,0.9129765143697033,0.9266615737203973,0.9406598457321745,"{'max_depth': 3, 'learning_rate': 0.1, 'n_estimators': 100}","['mfcc_mean', 'spec_kurtosis', 'NDSI', 'wav_approx_std']",0.8288288288288288,0.7903780068728522,0.8712121212121212,0.8865366759778525,0.9116149930587691,0.8826164874551972,0.9425837320574163,0.9395549129269393,0.9611111111111111,1.0,0.9251336898395722,0.9958879482917316
XGB,0.9005023923540515,0.8884709480122325,0.9156973315642046,0.9300993124522536,0.9276025641112206,"{'max_depth': 5, 'learning_rate': 0.01, 'n_estimators': 100}","['mfcc_mean', 'spec_skew', 'NDSI', 'wav_detail_lvl5_std']",0.8191489361702128,0.77,0.875,0.8717045807495338,0.9142857142857143,0.8954128440366973,0.9339712918660287,0.9227939590060308,0.9680725266062278,1.0,0.9381207028265852,0.9883091525780969
XGB,0.9003998825226183,0.8859528333953053,0.9189705547290687,0.9312452253628725,0.9460738914356318,"{'max_depth': 5, 'learning_rate': 0.1, 'n_estimators': 50}","['mfcc_mean', 'spec_kurtosis', 'NDSI', 'wav_detail_lvl5_std', 'wav_approx_std', 'mfcc_2']",0.8153310104529616,0.7548387096774194,0.8863636363636364,0.9009993756628478,0.9149338374291115,0.903828197945845,0.9263157894736842,0.9420014893712676,0.9709347996857817,0.9991915925626516,0.9442322383498855,0.9952208092727799
XGB,0.9001069175531144,0.8891747617357373,0.9137457056187707,0.9300993124522536,0.9402105391781189,"{'max_depth': 3, 'learning_rate': 0.1, 'n_estimators': 100}","['mfcc_mean', 'spec_skew', 'spec_kurtosis', 'mfcc_std', 'wav_approx_std']",0.8178571428571428,0.7736486486486487,0.8674242424242424,0.8939310421284736,0.914365933551708,0.8946886446886447,0.9349282296650717,0.9306945051567207,0.9680976762504924,0.9991869918699187,0.9388846447669977,0.9960060702491624
XGB,0.9001069175531144,0.8891747617357373,0.9137457056187707,0.9300993124522536,0.9402105391781189,"{'max_depth': 3, 'learning_rate': 0.1, 'n_estimators': 100}","['mfcc_mean', 'spec_skew', 'spec_kurtosis', 'mfcc_var', 'wav_approx_std']",0.8178571428571428,0.7736486486486487,0.8674242424242424,0.8939310421284736,0.914365933551708,0.8946886446886447,0.9349282296650717,0.9306945051567207,0.9680976762504924,0.9991869918699187,0.9388846447669977,0.9960060702491624
XGB,0.9001069175531144,0.8891747617357373,0.9137457056187707,0.9300993124522536,0.9402105391781189,"{'max_depth': 3, 'learning_rate': 0.1, 'n_estimators': 100}","['mfcc_mean', 'spec_skew', 'spec_kurtosis', 'mfcc_var', 'mfcc_std', 'wav_approx_std']",0.8178571428571428,0.7736486486486487,0.8674242424242424,0.8939310421284736,0.914365933551708,0.8946886446886447,0.9349282296650717,0.9306945051567207,0.9680976762504924,0.9991869918699187,0.9388846447669977,0.9960060702491624
XGB,0.8998462117270524,0.8771343046710719,0.9343294734161608,0.9247517188693659,0.9373112095193502,"{'max_depth': 5, 'learning_rate': 0.01, 'n_estimators': 100}","['spec_skew', 'mfcc_1', 'wav_detail_lvl5_std']",0.8306188925081434,0.7285714285714285,0.9659090909090909,0.8876313984729296,0.9056061332055583,0.9069097888675623,0.9043062200956937,0.932903617101793,0.9633136094674556,0.9959216965742251,0.9327731092436975,0.9913986129833279
XGB,0.8997790625619819,0.8854286001406894,0.918217223093384,0.9316271963330787,0.9328318610806106,"{'max_depth': 5, 'learning_rate': 0.01, 'n_estimators': 100}","['mfcc_mean', 'spec_skew', 'spec_kurtosis', 'NDSI', 'wav_detail_lvl5_std', 'wav_approx_std', 'mfcc_2']",0.8118466898954704,0.7516129032258064,0.8825757575757576,0.8899340688729698,0.9153664302600473,0.9046728971962616,0.9263157894736842,0.9196788508538594,0.9721240675304279,1.0,0.9457601222307105,0.9888826635150024
XGB,0.8997249855408994,0.8813854648467082,0.9250534982733125,0.9293353705118411,0.9467999660299311,"{'max_depth': 5, 'learning_rate': 0.1, 'n_estimators': 100}","['spec_kurtosis', 'NDSI', 'wav_detail_lvl5_std', 'wav_approx_std']",0.8175675675675675,0.7378048780487805,0.9166666666666666,0.8904902805990639,0.9118627918056217,0.9079696394686907,0.9157894736842105,0.9533601041769688,0.9697445972495088,0.9983818770226537,0.9427043544690603,0.9965495133137607
XGB,0.899656296379909,0.8893147049156945,0.912611743261898,0.9297173414820473,0.9396138859887571,"{'max_depth': 3, 'learning_rate': 0.1, 'n_estimators': 100}","['mfcc_mean', 'spec_skew', 'NDSI', 'mfcc_2']",0.8172043010752689,0.7755102040816326,0.8636363636363636,0.8773879879631556,0.9140989729225023,0.8924339106654512,0.9368421052631579,0.94542538182594,0.9676656151419558,1.0,0.9373567608861727,0.9960282881771754
XGB,0.899621782897179,0.8861411034766907,0.9164478710144345,0.9331550802139037,0.9258369128755058,"{'max_depth': 5, 'learning_rate': 0.1, 'n_estimators': 100}","['spec_skew', 'NDSI', 'mfcc_std']",0.8076923076923077,0.75,0.875,0.8263911493580998,0.9179068650984158,0.9210019267822736,0.9148325358851674,0.954487959820532,0.9732661759008137,0.9874213836477987,0.959511077158136,0.9966316294478859
XGB,0.899621782897179,0.8861411034766907,0.9164478710144345,0.9331550802139037,0.9258369128755058,"{'max_depth': 5, 'learning_rate': 0.1, 'n_estimators': 100}","['spec_skew', 'NDSI', 'mfcc_var']",0.8076923076923077,0.75,0.875,0.8263911493580998,0.9179068650984158,0.9210019267822736,0.9148325358851674,0.954487959820532,0.9732661759008137,0.9874213836477987,0.959511077158136,0.9966316294478859
XGB,0.899621782897179,0.8861411034766907,0.9164478710144345,0.9331550802139037,0.9258369128755058,"{'max_depth': 5, 'learning_rate': 0.1, 'n_estimators': 100}","['spec_skew', 'NDSI', 'mfcc_var', 'mfcc_std']",0.8076923076923077,0.75,0.875,0.8263911493580998,0.9179068650984158,0.9210019267822736,0.9148325358851674,0.954487959820532,0.9732661759008137,0.9874213836477987,0.959511077158136,0.9966316294478859
XGB,0.8996016893144853,0.8808656115344822,0.9256781660032433,0.9289533995416348,0.94510844010098,"{'max_depth': 5, 'learning_rate': 0.1, 'n_estimators': 100}","['spec_skew', 'spec_kurtosis', 'NDSI', 'wav_detail_lvl5_std', 'wav_approx_std']",0.8181818181818182,0.7363636363636363,0.9204545454545454,0.8863934260100067,0.9112595419847328,0.9086584205518554,0.9138755980861244,0.9524126257712617,0.969363707776905,0.9975747776879548,0.9427043544690603,0.9965192685216717
XGB,0.8995030276325716,0.8913683024882193,0.9092555363453196,0.9281894576012223,0.937831393022624,"{'max_depth': 5, 'learning_rate': 0.1, 'n_estimators': 100}","['mfcc_mean', 'spec_kurtosis', 'mfcc_var', 'wav_approx_std']",0.8218181818181818,0.7902097902097902,0.8560606060606061,0.8782566654402675,0.9119850187265918,0.8927589367552704,0.9320574162679426,0.9388351298710577,0.9647058823529412,0.9911361804995971,0.9396485867074102,0.9964023837565466
XGB,0.8995030276325716,0.8913683024882193,0.9092555363453196,0.9281894576012223,0.937831393022624,"{'max_depth': 5, 'learning_rate': 0.1, 'n_estimators': 100}","['mfcc_mean', 'spec_kurtosis', 'mfcc_std', 'wav_approx_std']",0.8218181818181818,0.7902097902097902,0.8560606060606061,0.8782566654402675,0.9119850187265918,0.8927589367552704,0.9320574162679426,0.9388351298710577,0.9647058823529412,0.9911361804995971,0.9396485867074102,0.9964023837565466
XGB,0.8995030276325716,0.8913683024882193,0.9092555363453196,0.9281894576012223,0.937831393022624,"{'max_depth': 5, 'learning_rate': 0.1, 'n_estimators': 100}","['mfcc_mean', 'spec_kurtosis', 'mfcc_var', 'mfcc_std', 'wav_approx_std']",0.8218181818181818,0.7902097902097902,0.8560606060606061,0.8782566654402675,0.9119850187265918,0.8927589367552704,0.9320574162679426,0.9388351298710577,0.9647058823529412,0.9911361804995971,0.9396485867074102,0.9964023837565466
XGB,0.899433751047339,0.8930378714297976,0.9075234878640451,0.93048128342246,0.9258781919387098,"{'max_depth': 5, 'learning_rate': 0.1, 'n_estimators': 100}","['mfcc_mean', 'mfcc_1', 'wav_approx_std']",0.8146788990825689,0.7900355871886121,0.8409090909090909,0.8687513165354375,0.9159312587087785,0.8898916967509025,0.9435406698564593,0.9132090560329511,0.9676910953506698,0.9991863303498779,0.9381207028265852,0.9956742032477408
XGB,0.8993767289223554,0.8766896536137452,0.9338791497460228,0.9247517188693659,0.9510729978470055,"{'max_depth': 3, 'learning_rate': 0.1, 'n_estimators': 100}","['spec_skew', 'spec_kurtosis', 'mfcc_1', 'wav_detail_lvl5_std', 'mfcc_std']",0.8292682926829268,0.7264957264957265,0.9659090909090909,0.9199537743542067,0.904968644476604,0.9124513618677043,0.8976076555023923,0.9376884646126706,0.9638932496075353,0.9911218724778047,0.9381207028265852,0.9955767545741392
XGB,0.8993767289223554,0.8766896536137452,0.9338791497460228,0.9247517188693659,0.9510729978470055,"{'max_depth': 3, 'learning_rate': 0.1, 'n_estimators': 100}","['spec_skew', 'spec_kurtosis', 'mfcc_1', 'wav_detail_lvl5_std', 'mfcc_var', 'mfcc_std']",0.8292682926829268,0.7264957264957265,0.9659090909090909,0.9199537743542067,0.904968644476604,0.9124513618677043,0.8976076555023923,0.9376884646126706,0.9638932496075353,0.9911218724778047,0.9381207028265852,0.9955767545741392
XGB,0.8993767289223554,0.8766896536137452,0.9338791497460228,0.9247517188693659,0.9510729978470055,"{'max_depth': 3, 'learning_rate': 0.1, 'n_estimators': 100}","['spec_skew', 'spec_kurtosis', 'mfcc_1', 'wav_detail_lvl5_std', 'mfcc_var']",0.8292682926829268,0.7264957264957265,0.9659090909090909,0.9199537743542067,0.904968644476604,0.9124513618677043,0.8976076555023923,0.9376884646126706,0.9638932496075353,0.9911218724778047,0.9381207028265852,0.9955767545741392
XGB,0.8993436432882486,0.8910826042998354,0.909963187826965,0.9281894576012223,0.9334863599032651,"{'max_depth': 3, 'learning_rate': 0.1, 'n_estimators': 100}","['mfcc_mean', 'spec_skew', 'spec_kurtosis', 'wav_approx_std', 'mfcc_2']",0.8203266787658802,0.7874564459930313,0.8560606060606061,0.8808401147635139,0.9133055169216504,0.8857913669064749,0.9425837320574163,0.924625653331471,0.9643987341772152,1.0,0.9312452253628725,0.9949933116148103
XGB,0.8992133226849123,0.8868395829982377,0.9146144103574443,0.9285714285714286,0.9388794666375376,"{'max_depth': 5, 'learning_rate': 0.1, 'n_estimators': 50}","['mfcc_mean', 'spec_kurtosis', 'NDSI', 'mfcc_2']",0.8176991150442477,0.7674418604651163,0.875,0.8725856245733593,0.9176470588235294,0.9027777777777778,0.9330143540669856,0.9480149175783806,0.9622937941869599,0.9902991107518189,0.9358288770053476,0.996037857760873
XGB,0.8989386961842042,0.884701198218148,0.9169923471781057,0.9289533995416348,0.9411891714998829,"{'max_depth': 5, 'learning_rate': 0.1, 'n_estimators': 100}","['spec_skew', 'spec_kurtosis', 'mfcc_1', 'mfcc_var', 'wav_approx_std']",0.8167539267015707,0.7572815533980582,0.8863636363636364,0.8873957702130875,0.9117647058823529,0.9040451552210724,0.9196172248803828,0.9394946139162121,0.9682974559686889,0.992776886035313,0.944996180290298,0.9966771303703492
XGB,0.8989386961842042,0.884701198218148,0.9169923471781057,0.9289533995416348,0.9411891714998829,"{'max_depth': 5, 'learning_rate': 0.1, 'n_estimators': 100}","['spec_skew', 'spec_kurtosis', 'mfcc_1', 'mfcc_std', 'wav_approx_std']",0.8167539267015707,0.7572815533980582,0.8863636363636364,0.8873957702130875,0.9117647058823529,0.9040451552210724,0.9196172248803828,0.9394946139162121,0.9682974559686889,0.992776886035313,0.944996180290298,0.9966771303703492
XGB,0.8989386961842042,0.884701198218148,0.9169923471781057,0.9289533995416348,0.9411891714998829,"{'max_depth': 5, 'learning_rate': 0.1, 'n_estimators': 100}","['spec_skew', 'spec_kurtosis', 'mfcc_1', 'mfcc_var', 'mfcc_std', 'wav_approx_std']",0.8167539267015707,0.7572815533980582,0.8863636363636364,0.8873957702130875,0.9117647058823529,0.9040451552210724,0.9196172248803828,0.9394946139162121,0.9682974559686889,0.992776886035313,0.944996180290298,0.9966771303703492
XGB,0.8988978364606487,0.8868399575088194,0.9137324148160061,0.9289533995416348,0.9410937943305445,"{'max_depth': 5, 'learning_rate': 0.1, 'n_estimators': 50}","['mfcc_mean', 'spec_skew', 'spec_kurtosis', 'NDSI', 'mfcc_2']",0.8156028368794326,0.7666666666666667,0.8712121212121212,0.8783472494236944,0.9179245283018868,0.9051162790697674,0.9311004784688995,0.9489986058021866,0.963166144200627,0.9887369267900241,0.9388846447669977,0.9959355277657524
XGB,0.8988586440104739,0.8843114864120363,0.9176435965135656,0.9308632543926662,0.9364031395676139,"{'max_depth': 5, 'learning_rate': 0.01, 'n_estimators': 100}","['mfcc_mean', 'spec_skew', 'NDSI', 'wav_detail_lvl5_std', 'wav_approx_std', 'mfcc_2']",0.8104347826086956,0.7491961414790996,0.8825757575757576,0.898508277346062,0.9144208037825059,0.9037383177570093,0.9253588516746412,0.9217555351882605,0.9717203456402199,1.0,0.944996180290298,0.9889456061685193
XGB,0.8988139177841213,0.8841944891166514,0.9175068911137023,0.932009167303285,0.9277757370046675,"{'max_depth': 5, 'learning_rate': 0.1, 'n_estimators': 100}","['spec_skew', 'spec_kurtosis', 'NDSI', 'mfcc_std']",0.8076256499133448,0.744408945686901,0.8825757575757576,0.830872275023421,0.9163461538461538,0.9207729468599034,0.9119617224880383,0.955682108127587,0.9724699495928655,0.9874015748031496,0.957983193277311,0.9967728278629948
XGB,0.8988139177841213,0.8841944891166514,0.9175068911137023,0.932009167303285,0.9277757370046675,"{'max_depth': 5, 'learning_rate': 0.1, 'n_estimators': 100}","['spec_skew', 'spec_kurtosis', 'NDSI', 'mfcc_var']",0.8076256499133448,0.744408945686901,0.8825757575757576,0.830872275023421,0.9163461538461538,0.9207729468599034,0.9119617224880383,0.955682108127587,0.9724699495928655,0.9874015748031496,0.957983193277311,0.9967728278629948
XGB,0.8988139177841213,0.8841944891166514,0.9175068911137023,0.932009167303285,0.9277757370046675,"{'max_depth': 5, 'learning_rate': 0.1, 'n_estimators': 100}","['spec_skew', 'spec_kurtosis', 'NDSI', 'mfcc_var', 'mfcc_std']",0.8076256499133448,0.744408945686901,0.8825757575757576,0.830872275023421,0.9163461538461538,0.9207729468599034,0.9119617224880383,0.955682108127587,0.9724699495928655,0.9874015748031496,0.957983193277311,0.9967728278629948
XGB,0.8987307284339386,0.8892908820365465,0.9111402615272585,0.9255156608097784,0.9368341447248222,"{'max_depth': 3, 'learning_rate': 0.1, 'n_estimators': 100}","['mfcc_mean', 'spec_skew', 'NDSI', 'wav_approx_std']",0.8252252252252252,0.7869415807560137,0.8674242424242424,0.8764529653510039,0.910268270120259,0.8809310653536258,0.9416267942583733,0.9381807669629096,0.9606986899563319,1.0,0.9243697478991597,0.9958687018605529
XGB,0.8985383469067076,0.8871371816992822,0.9129174317254812,0.9289533995416348,0.9339135475484447,"{'max_depth': 3, 'learning_rate': 0.1, 'n_estimators': 100}","['mfcc_mean', 'mfcc_1', 'mfcc_var', 'mfcc_std', 'wav_approx_std']",0.8149466192170819,0.7684563758389261,0.8674242424242424,0.8842104732067205,0.9130028063610851,0.8929551692589204,0.9339712918660287,0.9210195897297272,0.9676656151419558,1.0,0.9373567608861727,0.996510579708886
XGB,0.8985383469067076,0.8871371816992822,0.9129174317254812,0.9289533995416348,0.9339135475484447,"{'max_depth': 3, 'learning_rate': 0.1, 'n_estimators': 100}","['mfcc_mean', 'mfcc_1', 'mfcc_std', 'wav_approx_std']",0.8149466192170819,0.7684563758389261,0.8674242424242424,0.8842104732067205,0.9130028063610851,0.8929551692589204,0.9339712918660287,0.9210195897297272,0.9676656151419558,1.0,0.9373567608861727,0.996510579708886
XGB,0.8985383469067076,0.8871371816992822,0.9129174317254812,0.9289533995416348,0.9339135475484447,"{'max_depth': 3, 'learning_rate': 0.1, 'n_estimators': 100}","['mfcc_mean', 'mfcc_1', 'mfcc_var', 'wav_approx_std']",0.8149466192170819,0.7684563758389261,0.8674242424242424,0.8842104732067205,0.9130028063610851,0.8929551692589204,0.9339712918660287,0.9210195897297272,0.9676656151419558,1.0,0.9373567608861727,0.996510579708886
XGB,0.89852782238804,0.8791681095560747,0.9255766421401096,0.9251336898395722,0.9395752042140475,"{'max_depth': 5, 'learning_rate': 0.1, 'n_estimators': 100}","['spec_skew', 'spec_kurtosis', 'wav_detail_lvl5_std', 'mfcc_var']",0.825503355704698,0.7409638554216867,0.9318181818181818,0.8993695045879061,0.9061302681992337,0.9069990412272292,0.9052631578947369,0.9245153189079489,0.9639498432601881,0.9895414320193081,0.9396485867074102,0.9948407891462873
XGB,0.89852782238804,0.8791681095560747,0.9255766421401096,0.9251336898395722,0.9395752042140475,"{'max_depth': 5, 'learning_rate': 0.1, 'n_estimators': 100}","['spec_skew', 'spec_kurtosis', 'wav_detail_lvl5_std', 'mfcc_std']",0.825503355704698,0.7409638554216867,0.9318181818181818,0.8993695045879061,0.9061302681992337,0.9069990412272292,0.9052631578947369,0.9245153189079489,0.9639498432601881,0.9895414320193081,0.9396485867074102,0.9948407891462873
XGB,0.89852782238804,0.8791681095560747,0.9255766421401096,0.9251336898395722,0.9395752042140475,"{'max_depth': 5, 'learning_rate': 0.1, 'n_estimators': 100}","['spec_skew', 'spec_kurtosis', 'wav_detail_lvl5_std', 'mfcc_var', 'mfcc_std']",0.825503355704698,0.7409638554216867,0.9318181818181818,0.8993695045879061,0.9061302681992337,0.9069990412272292,0.9052631578947369,0.9245153189079489,0.9639498432601881,0.9895414320193081,0.9396485867074102,0.9948407891462873
XGB,0.8985132775047351,0.8756740613895923,0.933434187071958,0.9239877769289534,0.9353579266105422,"{'max_depth': 5, 'learning_rate': 0.01, 'n_estimators': 100}","['spec_kurtosis', 'wav_detail_lvl5_std', 'mfcc_std']",0.827922077922078,0.7244318181818182,0.9659090909090909,0.8839628395409731,0.9041887337506018,0.9098837209302325,0.8985645933014355,0.931295024815981,0.9634290208415257,0.9927066450567261,0.9358288770053476,0.9908159154746722
XGB,0.8985132775047351,0.8756740613895923,0.933434187071958,0.9239877769289534,0.9353579266105422,"{'max_depth': 5, 'learning_rate': 0.01, 'n_estimators': 100}","['spec_kurtosis', 'wav_detail_lvl5_std', 'mfcc_var']",0.827922077922078,0.7244318181818182,0.9659090909090909,0.8839628395409731,0.9041887337506018,0.9098837209302325,0.8985645933014355,0.931295024815981,0.9634290208415257,0.9927066450567261,0.9358288770053476,0.9908159154746722
XGB,0.8985132775047351,0.8756740613895923,0.933434187071958,0.9239877769289534,0.9353579266105422,"{'max_depth': 5, 'learning_rate': 0.01, 'n_estimators': 100}","['spec_kurtosis', 'wav_detail_lvl5_std', 'mfcc_var', 'mfcc_std']",0.827922077922078,0.7244318181818182,0.9659090909090909,0.8839628395409731,0.9041887337506018,0.9098837209302325,0.8985645933014355,0.931295024815981,0.9634290208415257,0.9927066450567261,0.9358288770053476,0.9908159154746722
XGB,0.8984391312740105,0.889309108886417,0.9103869298915739,0.9258976317799847,0.9320467740975155,"{'max_depth': 3, 'learning_rate': 0.1, 'n_estimators': 50}","['mfcc_mean', 'spec_skew', 'spec_kurtosis', 'NDSI', 'wav_approx_std', 'mfcc_2']",0.8231046931407943,0.7862068965517242,0.8636363636363636,0.8747589164042122,0.9106894956038871,0.8817204301075269,0.9416267942583733,0.9259058859018114,0.9615232050773502,1.0,0.9258976317799847,0.9954755199865225
XGB,0.8983797931510088,0.8867992846236765,0.912893530617989,0.926279602750191,0.9409952340164317,"{'max_depth': 5, 'learning_rate': 0.1, 'n_estimators': 100}","['mfcc_mean', 'spec_skew', 'spec_kurtosis', 'NDSI', 'wav_approx_std']",0.8220640569395018,0.7751677852348994,0.875,0.8820767913029256,0.9101123595505618,0.8909257561869844,0.9301435406698565,0.9444782723571725,0.9629629629629629,0.9943043124491456,0.93353705118411,0.9964306383891973
XGB,0.8983451471924009,0.8875025710642149,0.9119737847292027,0.9289533995416348,0.9345346286652297,"{'max_depth': 3, 'learning_rate': 0.1, 'n_estimators': 100}","['mfcc_mean', 'mfcc_std', 'wav_approx_std']",0.8142857142857143,0.7702702702702703,0.8636363636363636,0.8907310273801897,0.9130841121495327,0.8922374429223744,0.9349282296650717,0.9167017242838018,0.9676656151419558,1.0,0.9373567608861727,0.9961711343316975
XGB,0.8983451471924009,0.8875025710642149,0.9119737847292027,0.9289533995416348,0.9345346286652297,"{'max_depth': 3, 'learning_rate': 0.1, 'n_estimators': 100}","['mfcc_mean', 'mfcc_var', 'wav_approx_std']",0.8142857142857143,0.7702702702702703,0.8636363636363636,0.8907310273801897,0.9130841121495327,0.8922374429223744,0.9349282296650717,0.9167017242838018,0.9676656151419558,1.0,0.9373567608861727,0.9961711343316975
XGB,0.8983451471924009,0.8875025710642149,0.9119737847292027,0.9289533995416348,0.9345346286652297,"{'max_depth': 3, 'learning_rate': 0.1, 'n_estimators': 100}","['mfcc_mean', 'mfcc_var', 'mfcc_std', 'wav_approx_std']",0.8142857142857143,0.7702702702702703,0.8636363636363636,0.8907310273801897,0.9130841121495327,0.8922374429223744,0.9349282296650717,0.9167017242838018,0.9676656151419558,1.0,0.9373567608861727,0.9961711343316975
XGB,0.8982132674295634,0.8891170062772735,0.9089067365383156,0.932009167303285,0.941380061902688,"{'max_depth': 5, 'learning_rate': 0.1, 'n_estimators': 50}","['mfcc_mean', 'NDSI', 'mfcc_1', 'wav_approx_std', 'mfcc_2']",0.8050541516245487,0.7689655172413793,0.8446969696969697,0.8811547493985561,0.9211892402076451,0.9087523277467412,0.9339712918660287,0.945910105317813,0.9683964104564963,0.9896331738437002,0.948051948051948,0.9970753309916947
XGB,0.8981721771597617,0.8786898525980414,0.9255123101872327,0.9251336898395722,0.941717562861411,"{'max_depth': 5, 'learning_rate': 0.1, 'n_estimators': 100}","['spec_skew', 'mfcc_1', 'wav_detail_lvl5_std', 'mfcc_std']",0.8241206030150754,0.7387387387387387,0.9318181818181818,0.8998750791916275,0.9060402684563759,0.9077809798270894,0.9043062200956937,0.9303819313117933,0.9643556600078339,0.9895498392282959,0.9404125286478228,0.9948956780808119
XGB,0.8981721771597617,0.8786898525980414,0.9255123101872327,0.9251336898395722,0.941717562861411,"{'max_depth': 5, 'learning_rate': 0.1, 'n_estimators': 100}","['spec_skew', 'mfcc_1', 'wav_detail_lvl5_std', 'mfcc_var']",0.8241206030150754,0.7387387387387387,0.9318181818181818,0.8998750791916275,0.9060402684563759,0.9077809798270894,0.9043062200956937,0.9303819313117933,0.9643556600078339,0.9895498392282959,0.9404125286478228,0.9948956780808119
XGB,0.8981721771597617,0.8786898525980414,0.9255123101872327,0.9251336898395722,0.941717562861411,"{'max_depth': 5, 'learning_rate': 0.1, 'n_estimators': 100}","['spec_skew', 'mfcc_1', 'wav_detail_lvl5_std', 'mfcc_var', 'mfcc_std']",0.8241206030150754,0.7387387387387387,0.9318181818181818,0.8998750791916275,0.9060402684563759,0.9077809798270894,0.9043062200956937,0.9303819313117933,0.9643556600078339,0.9895498392282959,0.9404125286478228,0.9948956780808119
XGB,0.8980101300236963,0.8832539266752937,0.9171343018866239,0.9300993124522536,0.9288773354681609,"{'max_depth': 5, 'learning_rate': 0.01, 'n_estimators': 50}","['mfcc_mean', 'spec_skew', 'NDSI', 'wav_detail_lvl5_std', 'mfcc_2']",0.8090277777777778,0.7467948717948718,0.8825757575757576,0.8798642271578125,0.9148533585619678,0.9045837231057062,0.9253588516746412,0.9173262071825399,0.9701492537313433,0.9983831851253031,0.9434682964094728,0.9894415720641303
XGB,0.8975528122729172,0.8823591388646242,0.9170944294783303,0.9266615737203973,0.938373969788813,"{'max_depth': 5, 'learning_rate': 0.1, 'n_estimators': 100}","['spec_kurtosis', 'mfcc_1', 'wav_approx_std']",0.8180242634315424,0.7539936102236422,0.8939393939393939,0.8784103817702605,0.9086584205518554,0.9035004730368968,0.9138755980861244,0.9402542971986945,0.965975752835354,0.9895833333333334,0.9434682964094728,0.9964572303974841
XGB,0.8973894017792733,0.8919390327113915,0.9041029489945899,0.9289533995416348,0.934981017128745,"{'max_depth': 3, 'learning_rate': 0.1, 'n_estimators': 100}","['mfcc_mean', 'spec_skew', 'spec_kurtosis', 'mfcc_2']",0.8118081180811808,0.7913669064748201,0.8333333333333334,0.8691220927288987,0.9133271202236719,0.8900999091734787,0.937799043062201,0.9401002000229763,0.967032967032967,0.9943502824858758,0.9411764705882353,0.9957207586343599
XGB,0.897201967190103,0.8829225239213341,0.9155526963576498,0.9293353705118411,0.9506387827124377,"{'max_depth': 5, 'learning_rate': 0.1, 'n_estimators': 100}","['mfcc_mean', 'NDSI', 'wav_detail_lvl5_std', 'wav_approx_std']",0.8083623693379791,0.7483870967741936,0.8787878787878788,0.8999338757934042,0.9134751773049645,0.902803738317757,0.9244019138755981,0.9549126049557779,0.9697683549273656,0.9975767366720517,0.9434682964094728,0.9970698673881312
XGB,0.8970599960237865,0.8822464810993416,0.9161182814433588,0.9312452253628725,0.9239572487763152,"{'max_depth': 5, 'learning_rate': 0.1, 'n_estimators': 50}","['spec_kurtosis', 'NDSI', 'mfcc_var']",0.8027681660899654,0.7388535031847133,0.8787878787878788,0.8218595729476206,0.9156279961649089,0.9173871277617676,0.9138755980861244,0.9524827288275771,0.9727838258164853,0.9904988123515439,0.9556913674560733,0.9975294445537483
XGB,0.8970599960237865,0.8822464810993416,0.9161182814433588,0.9312452253628725,0.9239572487763152,"{'max_depth': 5, 'learning_rate': 0.1, 'n_estimators': 50}","['spec_kurtosis', 'NDSI', 'mfcc_var', 'mfcc_std']",0.8027681660899654,0.7388535031847133,0.8787878787878788,0.8218595729476206,0.9156279961649089,0.9173871277617676,0.9138755980861244,0.9524827288275771,0.9727838258164853,0.9904988123515439,0.9556913674560733,0.9975294445537483
XGB,0.8970599960237865,0.8822464810993416,0.9161182814433588,0.9312452253628725,0.9239572487763152,"{'max_depth': 5, 'learning_rate': 0.1, 'n_estimators': 50}","['spec_kurtosis', 'NDSI', 'mfcc_std']",0.8027681660899654,0.7388535031847133,0.8787878787878788,0.8218595729476206,0.9156279961649089,0.9173871277617676,0.9138755980861244,0.9524827288275771,0.9727838258164853,0.9904988123515439,0.9556913674560733,0.9975294445537483
XGB,0.8969270973560596,0.8905125111089798,0.9047276167245207,0.9285714285714286,0.9349588091011692,"{'max_depth': 3, 'learning_rate': 0.1, 'n_estimators': 100}","['mfcc_mean', 'spec_kurtosis', 'mfcc_2']",0.8110091743119267,0.7864768683274022,0.8371212121212122,0.8688749535994078,0.9127391507232852,0.8907103825136612,0.9358851674641149,0.9401489976569735,0.967032967032967,0.9943502824858758,0.9411764705882353,0.9958524760471266
XGB,0.8966228002172835,0.8817216100167955,0.9158557043231966,0.9289533995416348,0.9318171122870558,"{'max_depth': 5, 'learning_rate': 0.01, 'n_estimators': 100}","['mfcc_mean', 'spec_skew', 'wav_detail_lvl5_std', 'mfcc_2']",0.8076256499133448,0.744408945686901,0.8825757575757576,0.8897307845534639,0.9115969581749049,0.9055712936732767,0.9177033492822967,0.9166456722327878,0.9706457925636007,0.9951845906902087,0.9472880061115355,0.9890748800749154
XGB,0.8965325054175404,0.8818782274397273,0.915335799391527,0.9266615737203973,0.937922794928529,"{'max_depth': 5, 'learning_rate': 0.1, 'n_estimators': 100}","['spec_skew', 'mfcc_1', 'mfcc_var', 'mfcc_std', 'wav_approx_std']",0.8139130434782609,0.752411575562701,0.8863636363636364,0.8807087237821224,0.9090047393364928,0.9004694835680751,0.9177033492822967,0.9366180366041537,0.9666797334378675,0.9927536231884058,0.9419404125286478,0.996441624399311
XGB,0.8965325054175404,0.8818782274397273,0.915335799391527,0.9266615737203973,0.937922794928529,"{'max_depth': 5, 'learning_rate': 0.1, 'n_estimators': 100}","['spec_skew', 'mfcc_1', 'mfcc_std', 'wav_approx_std']",0.8139130434782609,0.752411575562701,0.8863636363636364,0.8807087237821224,0.9090047393364928,0.9004694835680751,0.9177033492822967,0.9366180366041537,0.9666797334378675,0.9927536231884058,0.9419404125286478,0.996441624399311
XGB,0.8965325054175404,0.8818782274397273,0.915335799391527,0.9266615737203973,0.937922794928529,"{'max_depth': 5, 'learning_rate': 0.1, 'n_estimators': 100}","['spec_skew', 'mfcc_1', 'mfcc_var', 'wav_approx_std']",0.8139130434782609,0.752411575562701,0.8863636363636364,0.8807087237821224,0.9090047393364928,0.9004694835680751,0.9177033492822967,0.9366180366041537,0.9666797334378675,0.9927536231884058,0.9419404125286478,0.996441624399311
XGB,0.8963835744581679,0.8800126398694458,0.918038076474609,0.9266615737203973,0.9362914470050612,"{'max_depth': 5, 'learning_rate': 0.1, 'n_estimators': 100}","['mfcc_1', 'mfcc_var', 'mfcc_std', 'wav_approx_std']",0.8130360205831904,0.7429467084639498,0.8977272727272727,0.8961470582345675,0.9090042877560743,0.905123339658444,0.9129186602870814,0.917561034200411,0.9671104150352389,0.9919678714859438,0.9434682964094728,0.9951662485802053
XGB,0.8963835744581679,0.8800126398694458,0.918038076474609,0.9266615737203973,0.9362914470050612,"{'max_depth': 5, 'learning_rate': 0.1, 'n_estimators': 100}","['mfcc_1', 'mfcc_std', 'wav_approx_std']",0.8130360205831904,0.7429467084639498,0.8977272727272727,0.8961470582345675,0.9090042877560743,0.905123339658444,0.9129186602870814,0.917561034200411,0.9671104150352389,0.9919678714859438,0.9434682964094728,0.9951662485802053
XGB,0.8963835744581679,0.8800126398694458,0.918038076474609,0.9266615737203973,0.9362914470050612,"{'max_depth': 5, 'learning_rate': 0.1, 'n_estimators': 100}","['mfcc_1', 'mfcc_var', 'wav_approx_std']",0.8130360205831904,0.7429467084639498,0.8977272727272727,0.8961470582345675,0.9090042877560743,0.905123339658444,0.9129186602870814,0.917561034200411,0.9671104150352389,0.9919678714859438,0.9434682964094728,0.9951662485802053
XGB,0.8963344969332749,0.8758824522019021,0.9258047078480515,0.9232238349885409,0.9410642986710697,"{'max_depth': 5, 'learning_rate': 0.1, 'n_estimators': 100}","['spec_skew', 'wav_detail_lvl5_std', 'mfcc_var']",0.8225538971807629,0.7315634218289085,0.9393939393939394,0.9000326257126522,0.9032258064516129,0.9089147286821705,0.8976076555023923,0.9285078544816886,0.9632237871674492,0.9871692060946271,0.9404125286478228,0.9946524158188681
XGB,0.8963344969332749,0.8758824522019021,0.9258047078480515,0.9232238349885409,0.9410642986710697,"{'max_depth': 5, 'learning_rate': 0.1, 'n_estimators': 100}","['spec_skew', 'wav_detail_lvl5_std', 'mfcc_var', 'mfcc_std']",0.8225538971807629,0.7315634218289085,0.9393939393939394,0.9000326257126522,0.9032258064516129,0.9089147286821705,0.8976076555023923,0.9285078544816886,0.9632237871674492,0.9871692060946271,0.9404125286478228,0.9946524158188681
XGB,0.8963344969332749,0.8758824522019021,0.9258047078480515,0.9232238349885409,0.9410642986710697,"{'max_depth': 5, 'learning_rate': 0.1, 'n_estimators': 100}","['spec_skew', 'wav_detail_lvl5_std', 'mfcc_std']",0.8225538971807629,0.7315634218289085,0.9393939393939394,0.9000326257126522,0.9032258064516129,0.9089147286821705,0.8976076555023923,0.9285078544816886,0.9632237871674492,0.9871692060946271,0.9404125286478228,0.9946524158188681
XGB,0.8962333270075465,0.8859654233474528,0.9087435612203415,0.9278074866310161,0.9537763706422893,"{'max_depth': 5, 'learning_rate': 0.1, 'n_estimators': 100}","['mfcc_mean', 'NDSI', 'mfcc_1', 'wav_approx_std']",0.8100358422939068,0.7687074829931972,0.8560606060606061,0.8956147410689275,0.9112259276655706,0.8948339483394834,0.9282296650717703,0.9669109907688165,0.9674382110631621,0.9943548387096774,0.9419404125286478,0.9988033800891237
XGB,0.8962273636325314,0.8793529757582045,0.919000263582307,0.9300993124522536,0.9242322868190684,"{'max_depth': 3, 'learning_rate': 0.1, 'n_estimators': 100}","['NDSI', 'mfcc_1']",0.8027210884353742,0.7283950617283951,0.8939393939393939,0.8287171454149431,0.9120615088899567,0.916023166023166,0.908133971291866,0.9457330363173385,0.9738994935722634,0.9936406995230525,0.9549274255156608,0.9982466787249238
XGB,0.8961886013059464,0.8815389403624697,0.9152337170913022,0.9289533995416348,0.9466163529781402,"{'max_depth': 3, 'learning_rate': 0.1, 'n_estimators': 100}","['mfcc_mean', 'spec_skew', 'spec_kurtosis', 'wav_detail_lvl5_std', 'wav_approx_std', 'mfcc_2']",0.8055555555555556,0.7435897435897436,0.8787878787878788,0.9020085767887169,0.9120982986767486,0.9010270774976658,0.9234449760765551,0.9418806995288318,0.9709119496855346,1.0,0.9434682964094728,0.9959597826168719
XGB,0.8961638019796059,0.8876341038992485,0.9063575829055707,0.9285714285714286,0.9382994851004202,"{'max_depth': 5, 'learning_rate': 0.1, 'n_estimators': 100}","['mfcc_mean', 'spec_skew', 'spec_kurtosis', 'mfcc_1', 'mfcc_std', 'wav_approx_std']",0.8079710144927537,0.7743055555555556,0.8446969696969697,0.8807410594698618,0.9122477709995307,0.8950276243093923,0.9301435406698565,0.9375841590020142,0.9682726204465335,0.9935691318327974,0.9442322383498855,0.9965732368293848
XGB,0.8961638019796059,0.8876341038992485,0.9063575829055707,0.9285714285714286,0.9382994851004202,"{'max_depth': 5, 'learning_rate': 0.1, 'n_estimators': 100}","['mfcc_mean', 'spec_skew', 'spec_kurtosis', 'mfcc_1', 'mfcc_var', 'wav_approx_std']",0.8079710144927537,0.7743055555555556,0.8446969696969697,0.8807410594698618,0.9122477709995307,0.8950276243093923,0.9301435406698565,0.9375841590020142,0.9682726204465335,0.9935691318327974,0.9442322383498855,0.9965732368293848
XGB,0.8961638019796059,0.8876341038992485,0.9063575829055707,0.9285714285714286,0.9382994851004202,"{'max_depth': 5, 'learning_rate': 0.1, 'n_estimators': 100}","['mfcc_mean', 'spec_skew', 'spec_kurtosis', 'mfcc_1', 'mfcc_var', 'mfcc_std', 'wav_approx_std']",0.8079710144927537,0.7743055555555556,0.8446969696969697,0.8807410594698618,0.9122477709995307,0.8950276243093923,0.9301435406698565,0.9375841590020142,0.9682726204465335,0.9935691318327974,0.9442322383498855,0.9965732368293848
XGB,0.8959213046692206,0.8823712120925743,0.9128615880163867,0.9247517188693659,0.9343641546003415,"{'max_depth': 5, 'learning_rate': 0.1, 'n_estimators': 100}","['spec_kurtosis', 'mfcc_std', 'wav_approx_std']",0.8175438596491228,0.761437908496732,0.8825757575757576,0.877558327565021,0.9065908013276435,0.8984962406015038,0.9148325358851674,0.929550976371061,0.9636292530308955,0.9871794871794872,0.9411764705882353,0.9959831598649425
XGB,0.8959213046692206,0.8823712120925743,0.9128615880163867,0.9247517188693659,0.9343641546003415,"{'max_depth': 5, 'learning_rate': 0.1, 'n_estimators': 100}","['spec_kurtosis', 'mfcc_var', 'mfcc_std', 'wav_approx_std']",0.8175438596491228,0.761437908496732,0.8825757575757576,0.877558327565021,0.9065908013276435,0.8984962406015038,0.9148325358851674,0.929550976371061,0.9636292530308955,0.9871794871794872,0.9411764705882353,0.9959831598649425
XGB,0.8959213046692206,0.8823712120925743,0.9128615880163867,0.9247517188693659,0.9343641546003415,"{'max_depth': 5, 'learning_rate': 0.1, 'n_estimators': 100}","['spec_kurtosis', 'mfcc_var', 'wav_approx_std']",0.8175438596491228,0.761437908496732,0.8825757575757576,0.877558327565021,0.9065908013276435,0.8984962406015038,0.9148325358851674,0.929550976371061,0.9636292530308955,0.9871794871794872,0.9411764705882353,0.9959831598649425
XGB,0.8958864134934635,0.8873579151840034,0.9061029355920996,0.9281894576012223,0.9369169911465506,"{'max_depth': 5, 'learning_rate': 0.1, 'n_estimators': 100}","['mfcc_mean', 'spec_kurtosis', 'mfcc_1', 'mfcc_var', 'wav_approx_std']",0.8079710144927537,0.7743055555555556,0.8446969696969697,0.8729926234348051,0.9118198874296435,0.8942042318307267,0.9301435406698565,0.9410229845244147,0.9678683385579937,0.9935639581657281,0.9434682964094728,0.9967353654804317
XGB,0.8958864134934635,0.8873579151840034,0.9061029355920996,0.9281894576012223,0.9369169911465506,"{'max_depth': 5, 'learning_rate': 0.1, 'n_estimators': 100}","['mfcc_mean', 'spec_kurtosis', 'mfcc_1', 'mfcc_var', 'mfcc_std', 'wav_approx_std']",0.8079710144927537,0.7743055555555556,0.8446969696969697,0.8729926234348051,0.9118198874296435,0.8942042318307267,0.9301435406698565,0.9410229845244147,0.9678683385579937,0.9935639581657281,0.9434682964094728,0.9967353654804317
XGB,0.8958864134934635,0.8873579151840034,0.9061029355920996,0.9281894576012223,0.9369169911465506,"{'max_depth': 5, 'learning_rate': 0.1, 'n_estimators': 100}","['mfcc_mean', 'spec_kurtosis', 'mfcc_1', 'mfcc_std', 'wav_approx_std']",0.8079710144927537,0.7743055555555556,0.8446969696969697,0.8729926234348051,0.9118198874296435,0.8942042318307267,0.9301435406698565,0.9410229845244147,0.9678683385579937,0.9935639581657281,0.9434682964094728,0.9967353654804317
XGB,0.8958195799744196,0.8891305560666,0.9037812892302056,0.9289533995416348,0.937367735273103,"{'max_depth': 5, 'learning_rate': 0.1, 'n_estimators': 100}","['mfcc_mean', 'spec_kurtosis', 'mfcc_1', 'wav_approx_std']",0.8058608058608059,0.7801418439716312,0.8333333333333334,0.8730970095760984,0.9129213483146067,0.8936755270394133,0.9330143540669856,0.9424056814676386,0.9686765857478465,0.993574297188755,0.944996180290298,0.9966005147755724
XGB,0.8956984365579633,0.8852195442527243,0.9093013281867771,0.9247517188693659,0.9319030141624948,"{'max_depth': 3, 'learning_rate': 0.1, 'n_estimators': 50}","['mfcc_mean', 'spec_kurtosis', 'NDSI', 'wav_approx_std', 'mfcc_2']",0.815742397137746,0.7728813559322034,0.8636363636363636,0.8739312812525215,0.9090064995357474,0.8827772768259693,0.9368421052631579,0.926213473943686,0.9623464130003964,1.0,0.9274255156608098,0.9955642872912768
XGB,0.8952749464696571,0.8841205163887196,0.908909975473443,0.9255156608097784,0.9254779104801756,"{'max_depth': 5, 'learning_rate': 0.01, 'n_estimators': 100}","['mfcc_mean', 'spec_skew', 'NDSI', 'wav_approx_std', 'mfcc_2']",0.8128342245989305,0.7676767676767676,0.8636363636363636,0.8601064587485833,0.908662900188324,0.8943466172381835,0.9234449760765551,0.9257985147470545,0.964327714621717,0.9903381642512077,0.9396485867074102,0.9905287579448889
XGB,0.8949455178647753,0.8816579082485939,0.911622862861253,0.9270435446906035,0.9463145421904667,"{'max_depth': 5, 'learning_rate': 0.1, 'n_estimators': 100}","['mfcc_mean', 'spec_kurtosis', 'wav_detail_lvl5_std', 'wav_approx_std', 'mfcc_2']",0.8070175438596491,0.7516339869281046,0.8712121212121212,0.8942746299078952,0.9095215537659876,0.900562851782364,0.9186602870813397,0.9484605439192528,0.9682974559686889,0.992776886035313,0.944996180290298,0.996208452744252
XGB,0.8949051730090223,0.8905101000799162,0.9005591072154541,0.9266615737203973,0.9317645244516627,"{'max_depth': 3, 'learning_rate': 0.1, 'n_estimators': 100}","['mfcc_mean', 'spec_skew', 'mfcc_2']",0.8089053803339518,0.7927272727272727,0.8257575757575758,0.8615391837181996,0.9107806691449815,0.8852755194218609,0.937799043062201,0.9378552036927605,0.9650294695481336,0.9935275080906149,0.9381207028265852,0.9958991859440278
XGB,0.8943825160828759,0.8815411373260739,0.9113039952823234,0.9236058059587471,0.9386778372646685,"{'max_depth': 3, 'learning_rate': 0.1, 'n_estimators': 100}","['mfcc_mean', 'NDSI', 'wav_approx_std']",0.8133802816901409,0.7598684210526315,0.875,0.8849827298805403,0.9082440614811365,0.8847549909255898,0.9330143540669856,0.9355389655872842,0.9615232050773502,1.0,0.9258976317799847,0.9955118163261808
XGB,0.8940750115132209,0.8886374973300778,0.9006074678675299,0.9258976317799847,0.931437342578871,"{'max_depth': 5, 'learning_rate': 0.1, 'n_estimators': 50}","['mfcc_mean', 'spec_skew', 'mfcc_var', 'mfcc_std']",0.8081180811808119,0.7877697841726619,0.8295454545454546,0.8654225906126746,0.9093457943925234,0.8885844748858448,0.9311004784688995,0.9338455084193289,0.9647611589663273,0.989558232931727,0.9411764705882353,0.9950439287046097
XGB,0.8940750115132209,0.8886374973300778,0.9006074678675299,0.9258976317799847,0.931437342578871,"{'max_depth': 5, 'learning_rate': 0.1, 'n_estimators': 50}","['mfcc_mean', 'spec_skew', 'mfcc_var']",0.8081180811808119,0.7877697841726619,0.8295454545454546,0.8654225906126746,0.9093457943925234,0.8885844748858448,0.9311004784688995,0.9338455084193289,0.9647611589663273,0.989558232931727,0.9411764705882353,0.9950439287046097
XGB,0.8940750115132209,0.8886374973300778,0.9006074678675299,0.9258976317799847,0.931437342578871,"{'max_depth': 5, 'learning_rate': 0.1, 'n_estimators': 50}","['mfcc_mean', 'spec_skew', 'mfcc_std']",0.8081180811808119,0.7877697841726619,0.8295454545454546,0.8654225906126746,0.9093457943925234,0.8885844748858448,0.9311004784688995,0.9338455084193289,0.9647611589663273,0.989558232931727,0.9411764705882353,0.9950439287046097
XGB,0.8940735427652236,0.8813062733285003,0.9104299295475765,0.9258976317799847,0.9205227207323325,"{'max_depth': 3, 'learning_rate': 0.01, 'n_estimators': 100}","['mfcc_mean', 'spec_kurtosis', 'wav_detail_lvl5_std', 'mfcc_2']",0.8063380281690141,0.7532894736842105,0.8674242424242424,0.8624526321810485,0.9090056285178236,0.891444342226311,0.9272727272727272,0.91015191193918,0.9668769716088328,0.9991850040749797,0.9365928189457601,0.9889636180767691
XGB,0.8938024223183426,0.8742637361477897,0.9219280375627125,0.9255156608097784,0.9415653003622667,"{'max_depth': 5, 'learning_rate': 0.1, 'n_estimators': 100}","['spec_skew', 'NDSI', 'wav_detail_lvl5_std', 'wav_approx_std']",0.8053244592346089,0.7181008902077152,0.9166666666666666,0.8800481394719346,0.9067431850789096,0.9063097514340345,0.907177033492823,0.9483956281826182,0.9693396226415094,0.9983805668016195,0.9419404125286478,0.9962521334322474
XGB,0.8937156620515146,0.8735322102199586,0.9232443854734876,0.9243697478991597,0.9500188163654538,"{'max_depth': 5, 'learning_rate': 0.1, 'n_estimators': 100}","['spec_skew', 'spec_kurtosis', 'wav_detail_lvl5_std', 'wav_approx_std', 'mfcc_2']",0.8079470198675497,0.7176470588235294,0.9242424242424242,0.9046690130554836,0.9055343511450382,0.9029495718363464,0.908133971291866,0.9495203473218701,0.9676656151419558,1.0,0.9373567608861727,0.995867088719008
XGB,0.8935114721984586,0.8736902711429426,0.9222364065243323,0.9243697478991597,0.9466489184057831,"{'max_depth': 5, 'learning_rate': 0.1, 'n_estimators': 50}","['spec_kurtosis', 'wav_detail_lvl5_std', 'wav_approx_std', 'mfcc_2']",0.8073089700996677,0.7189349112426036,0.9204545454545454,0.9011257140652937,0.9055343511450382,0.9029495718363464,0.908133971291866,0.9442989809243764,0.9676910953506698,0.9991863303498779,0.9381207028265852,0.9945220602276792
XGB,0.8933997050784112,0.8885945020893263,0.8992055673944219,0.9239877769289534,0.9341323108901123,"{'max_depth': 5, 'learning_rate': 0.1, 'n_estimators': 100}","['mfcc_mean', 'spec_skew', 'spec_kurtosis', 'mfcc_std']",0.8111111111111111,0.7934782608695652,0.8295454545454546,0.8677261717433422,0.9070527790751985,0.8859489051094891,0.9291866028708134,0.9391906076543373,0.9620352250489237,0.9863563402889246,0.9388846447669977,0.9954801532726574
XGB,0.8933997050784112,0.8885945020893263,0.8992055673944219,0.9239877769289534,0.9341323108901123,"{'max_depth': 5, 'learning_rate': 0.1, 'n_estimators': 100}","['mfcc_mean', 'spec_skew', 'spec_kurtosis', 'mfcc_var']",0.8111111111111111,0.7934782608695652,0.8295454545454546,0.8677261717433422,0.9070527790751985,0.8859489051094891,0.9291866028708134,0.9391906076543373,0.9620352250489237,0.9863563402889246,0.9388846447669977,0.9954801532726574
XGB,0.8933997050784112,0.8885945020893263,0.8992055673944219,0.9239877769289534,0.9341323108901123,"{'max_depth': 5, 'learning_rate': 0.1, 'n_estimators': 100}","['mfcc_mean', 'spec_skew', 'spec_kurtosis', 'mfcc_var', 'mfcc_std']",0.8111111111111111,0.7934782608695652,0.8295454545454546,0.8677261717433422,0.9070527790751985,0.8859489051094891,0.9291866028708134,0.9391906076543373,0.9620352250489237,0.9863563402889246,0.9388846447669977,0.9954801532726574
XGB,0.8933574685909157,0.8805523384726862,0.90940597929762,0.9251336898395722,0.9461294586736256,"{'max_depth': 5, 'learning_rate': 0.1, 'n_estimators': 50}","['mfcc_mean', 'NDSI', 'wav_detail_lvl5_std']",0.8063380281690141,0.7532894736842105,0.8674242424242424,0.886145551175021,0.9074598677998111,0.8956197576887233,0.9196172248803828,0.9551400641778598,0.9662745098039216,0.9927477840451249,0.9411764705882353,0.9971027606679963
XGB,0.8933174315756925,0.887266606617294,0.9005431359146531,0.9258976317799847,0.9304985424619252,"{'max_depth': 5, 'learning_rate': 0.1, 'n_estimators': 50}","['mfcc_mean', 'spec_skew', 'mfcc_1', 'mfcc_var', 'mfcc_std']",0.8051470588235294,0.7821428571428571,0.8295454545454546,0.8641588982202194,0.9092609915809168,0.889295516925892,0.9301435406698565,0.9324135909332666,0.9655442443226312,0.9903614457831326,0.9419404125286478,0.9949231382322894
XGB,0.8933174315756925,0.887266606617294,0.9005431359146531,0.9258976317799847,0.9304985424619252,"{'max_depth': 5, 'learning_rate': 0.1, 'n_estimators': 50}","['mfcc_mean', 'spec_skew', 'mfcc_1', 'mfcc_var']",0.8051470588235294,0.7821428571428571,0.8295454545454546,0.8641588982202194,0.9092609915809168,0.889295516925892,0.9301435406698565,0.9324135909332666,0.9655442443226312,0.9903614457831326,0.9419404125286478,0.9949231382322894
XGB,0.8933174315756925,0.887266606617294,0.9005431359146531,0.9258976317799847,0.9304985424619252,"{'max_depth': 5, 'learning_rate': 0.1, 'n_estimators': 50}","['mfcc_mean', 'spec_skew', 'mfcc_1', 'mfcc_std']",0.8051470588235294,0.7821428571428571,0.8295454545454546,0.8641588982202194,0.9092609915809168,0.889295516925892,0.9301435406698565,0.9324135909332666,0.9655442443226312,0.9903614457831326,0.9419404125286478,0.9949231382322894
XGB,0.8931783884751726,0.8772078357287271,0.9144538038500887,0.9270435446906035,0.9268109279692945,"{'max_depth': 5, 'learning_rate': 0.01, 'n_estimators': 50}","['mfcc_mean', 'spec_skew', 'spec_kurtosis', 'wav_detail_lvl5_std', 'mfcc_2']",0.7993138936535163,0.7304075235109718,0.8825757575757576,0.8765005713306979,0.9092636579572446,0.9028301886792452,0.9157894736842105,0.9145510975482454,0.9709576138147566,0.9983857949959645,0.944996180290298,0.9893811150289407
XGB,0.8927488773610618,0.8876310921721758,0.8989509200809511,0.9236058059587471,0.9326389933634105,"{'max_depth': 5, 'learning_rate': 0.1, 'n_estimators': 100}","['mfcc_mean', 'spec_kurtosis', 'mfcc_std']",0.8096118299445472,0.7906137184115524,0.8295454545454546,0.8634379152126255,0.9066293183940243,0.8851412944393802,0.9291866028708134,0.9391341193235913,0.9620054837446141,0.9871382636655949,0.9381207028265852,0.9953449455540148
XGB,0.8927488773610618,0.8876310921721758,0.8989509200809511,0.9236058059587471,0.9326389933634105,"{'max_depth': 5, 'learning_rate': 0.1, 'n_estimators': 100}","['mfcc_mean', 'spec_kurtosis', 'mfcc_var']",0.8096118299445472,0.7906137184115524,0.8295454545454546,0.8634379152126255,0.9066293183940243,0.8851412944393802,0.9291866028708134,0.9391341193235913,0.9620054837446141,0.9871382636655949,0.9381207028265852,0.9953449455540148
XGB,0.8927488773610618,0.8876310921721758,0.8989509200809511,0.9236058059587471,0.9326389933634105,"{'max_depth': 5, 'learning_rate': 0.1, 'n_estimators': 100}","['mfcc_mean', 'spec_kurtosis', 'mfcc_var', 'mfcc_std']",0.8096118299445472,0.7906137184115524,0.8295454545454546,0.8634379152126255,0.9066293183940243,0.8851412944393802,0.9291866028708134,0.9391341193235913,0.9620054837446141,0.9871382636655949,0.9381207028265852,0.9953449455540148
XGB,0.8927350267060188,0.8818066512739103,0.9060763539865707,0.9258976317799847,0.9355142248643985,"{'max_depth': 5, 'learning_rate': 0.1, 'n_estimators': 100}","['mfcc_mean', 'spec_skew', 'spec_kurtosis', 'mfcc_1', 'wav_approx_std']",0.8021390374331551,0.7575757575757576,0.8522727272727273,0.8743420589603744,0.9085768143261075,0.8950789229340761,0.9224880382775119,0.9357135684161717,0.9674892283587936,0.9927652733118971,0.9434682964094728,0.9964870472166495
XGB,0.8926339856658215,0.8871943905520396,0.899141235441545,0.9239877769289534,0.9317246221574725,"{'max_depth': 5, 'learning_rate': 0.1, 'n_estimators': 100}","['mfcc_mean', 'spec_kurtosis', 'mfcc_1', 'mfcc_var']",0.8081180811808119,0.7877697841726619,0.8295454545454546,0.8603935111501132,0.9069658719027583,0.886654478976234,0.9282296650717703,0.9391838064173665,0.9628180039138943,0.9871589085072231,0.9396485867074102,0.9955965489049381
XGB,0.8926339856658215,0.8871943905520396,0.899141235441545,0.9239877769289534,0.9317246221574725,"{'max_depth': 5, 'learning_rate': 0.1, 'n_estimators': 100}","['mfcc_mean', 'spec_kurtosis', 'mfcc_1', 'mfcc_std']",0.8081180811808119,0.7877697841726619,0.8295454545454546,0.8603935111501132,0.9069658719027583,0.886654478976234,0.9282296650717703,0.9391838064173665,0.9628180039138943,0.9871589085072231,0.9396485867074102,0.9955965489049381
XGB,0.8926339856658215,0.8871943905520396,0.899141235441545,0.9239877769289534,0.9317246221574725,"{'max_depth': 5, 'learning_rate': 0.1, 'n_estimators': 100}","['mfcc_mean', 'spec_kurtosis', 'mfcc_1', 'mfcc_var', 'mfcc_std']",0.8081180811808119,0.7877697841726619,0.8295454545454546,0.8603935111501132,0.9069658719027583,0.886654478976234,0.9282296650717703,0.9391838064173665,0.9628180039138943,0.9871589085072231,0.9396485867074102,0.9955965489049381
XGB,0.8925911253513042,0.8868285829696659,0.8994602147078927,0.9243697478991597,0.9308264834074174,"{'max_depth': 5, 'learning_rate': 0.1, 'n_estimators': 100}","['mfcc_mean', 'spec_skew', 'spec_kurtosis', 'mfcc_1', 'mfcc_var']",0.8066298342541437,0.7849462365591398,0.8295454545454546,0.8601519819081148,0.9083255378858747,0.888380603842635,0.9291866028708134,0.9366403186092689,0.9628180039138943,0.9871589085072231,0.9396485867074102,0.9956871497048684
XGB,0.8925911253513042,0.8868285829696659,0.8994602147078927,0.9243697478991597,0.9308264834074174,"{'max_depth': 5, 'learning_rate': 0.1, 'n_estimators': 100}","['mfcc_mean', 'spec_skew', 'spec_kurtosis', 'mfcc_1', 'mfcc_std']",0.8066298342541437,0.7849462365591398,0.8295454545454546,0.8601519819081148,0.9083255378858747,0.888380603842635,0.9291866028708134,0.9366403186092689,0.9628180039138943,0.9871589085072231,0.9396485867074102,0.9956871497048684
XGB,0.8925911253513042,0.8868285829696659,0.8994602147078927,0.9243697478991597,0.9308264834074174,"{'max_depth': 5, 'learning_rate': 0.1, 'n_estimators': 100}","['mfcc_mean', 'spec_skew', 'spec_kurtosis', 'mfcc_1', 'mfcc_var', 'mfcc_std']",0.8066298342541437,0.7849462365591398,0.8295454545454546,0.8601519819081148,0.9083255378858747,0.888380603842635,0.9291866028708134,0.9366403186092689,0.9628180039138943,0.9871589085072231,0.9396485867074102,0.9956871497048684
XGB,0.89234031871396,0.8854934796729769,0.900929127631914,0.9258976317799847,0.9344958157298763,"{'max_depth': 3, 'learning_rate': 0.1, 'n_estimators': 100}","['mfcc_mean', 'spec_skew', 'mfcc_1', 'wav_approx_std']",0.8007312614259597,0.773851590106007,0.8295454545454546,0.8772403057746428,0.9097674418604651,0.8850678733031674,0.9358851674641149,0.9298265571434257,0.9665222528554549,0.9975609756097561,0.9373567608861727,0.9964205842715603
XGB,0.8922433769902302,0.8693036102837105,0.9288126733947167,0.9224598930481284,0.9439331305887223,"{'max_depth': 3, 'learning_rate': 0.1, 'n_estimators': 100}","['spec_skew', 'NDSI', 'wav_detail_lvl5_std', 'mfcc_2']",0.8076923076923077,0.7,0.9545454545454546,0.9013319308195036,0.9015996122152206,0.9135559921414538,0.8899521531100478,0.9359622488267548,0.9674382110631621,0.9943548387096774,0.9419404125286478,0.9945052121199086
XGB,0.8922003091639343,0.8809640739143317,0.9060657436818428,0.9243697478991597,0.9395617968829274,"{'max_depth': 5, 'learning_rate': 0.1, 'n_estimators': 100}","['mfcc_mean', 'spec_skew', 'mfcc_1', 'mfcc_var', 'mfcc_std', 'wav_approx_std']",0.8042704626334519,0.7583892617449665,0.8560606060606061,0.8814027186141826,0.9068673565380997,0.8917668825161887,0.9224880382775119,0.9406388372883189,0.9654631083202512,0.9927360774818402,0.9396485867074102,0.9966438347462805
XGB,0.8922003091639343,0.8809640739143317,0.9060657436818428,0.9243697478991597,0.9395617968829274,"{'max_depth': 5, 'learning_rate': 0.1, 'n_estimators': 100}","['mfcc_mean', 'spec_skew', 'mfcc_1', 'mfcc_std', 'wav_approx_std']",0.8042704626334519,0.7583892617449665,0.8560606060606061,0.8814027186141826,0.9068673565380997,0.8917668825161887,0.9224880382775119,0.9406388372883189,0.9654631083202512,0.9927360774818402,0.9396485867074102,0.9966438347462805
XGB,0.8922003091639343,0.8809640739143317,0.9060657436818428,0.9243697478991597,0.9395617968829274,"{'max_depth': 5, 'learning_rate': 0.1, 'n_estimators': 100}","['mfcc_mean', 'spec_skew', 'mfcc_1', 'mfcc_var', 'wav_approx_std']",0.8042704626334519,0.7583892617449665,0.8560606060606061,0.8814027186141826,0.9068673565380997,0.8917668825161887,0.9224880382775119,0.9406388372883189,0.9654631083202512,0.9927360774818402,0.9396485867074102,0.9966438347462805
XGB,0.8920327767328021,0.881262421842132,0.9051731378356765,0.9232238349885409,0.9391778503865739,"{'max_depth': 5, 'learning_rate': 0.1, 'n_estimators': 100}","['mfcc_mean', 'spec_skew', 'mfcc_var', 'mfcc_std', 'wav_approx_std']",0.8071428571428572,0.7635135135135135,0.8560606060606061,0.8836070561639953,0.9054117647058824,0.8907407407407407,0.9205741626794258,0.9376115748951787,0.9635437083496668,0.9895330112721417,0.9388846447669977,0.9963149201005478
XGB,0.8920327767328021,0.881262421842132,0.9051731378356765,0.9232238349885409,0.9391778503865739,"{'max_depth': 5, 'learning_rate': 0.1, 'n_estimators': 100}","['mfcc_mean', 'spec_skew', 'mfcc_var', 'wav_approx_std']",0.8071428571428572,0.7635135135135135,0.8560606060606061,0.8836070561639953,0.9054117647058824,0.8907407407407407,0.9205741626794258,0.9376115748951787,0.9635437083496668,0.9895330112721417,0.9388846447669977,0.9963149201005478
XGB,0.8920327767328021,0.881262421842132,0.9051731378356765,0.9232238349885409,0.9391778503865739,"{'max_depth': 5, 'learning_rate': 0.1, 'n_estimators': 100}","['mfcc_mean', 'spec_skew', 'mfcc_std', 'wav_approx_std']",0.8071428571428572,0.7635135135135135,0.8560606060606061,0.8836070561639953,0.9054117647058824,0.8907407407407407,0.9205741626794258,0.9376115748951787,0.9635437083496668,0.9895330112721417,0.9388846447669977,0.9963149201005478
XGB,0.891958796418634,0.8754326220555778,0.9141109234762487,0.9239877769289534,0.939918961296372,"{'max_depth': 5, 'learning_rate': 0.1, 'n_estimators': 100}","['mfcc_mean', 'spec_skew', 'spec_kurtosis', 'wav_detail_lvl5_std', 'wav_approx_std']",0.8034188034188035,0.7320872274143302,0.8901515151515151,0.8825506876407495,0.9058039961941009,0.9006622516556292,0.9110047846889953,0.9413588533880298,0.9666535896429973,0.9935483870967742,0.9411764705882353,0.9958473428603367
XGB,0.8919495687294418,0.877850821181856,0.9102236428861815,0.9247517188693659,0.9218055176152159,"{'max_depth': 3, 'learning_rate': 0.01, 'n_estimators': 100}","['mfcc_mean', 'NDSI', 'wav_detail_lvl5_std', 'mfcc_2']",0.8013937282229965,0.7419354838709677,0.8712121212121212,0.867012087577764,0.9071192833569072,0.8940520446096655,0.9205741626794258,0.9108169381558006,0.9673356946084218,0.997564935064935,0.9388846447669977,0.9875875271120826
XGB,0.8918282170995943,0.877441187974542,0.9103363354911341,0.9239877769289534,0.9348070063511237,"{'max_depth': 5, 'learning_rate': 0.1, 'n_estimators': 100}","['spec_skew', 'mfcc_1', 'wav_approx_std']",0.8034782608695652,0.7427652733118971,0.875,0.8708876516029656,0.9057318806252961,0.8968105065666041,0.9148325358851674,0.9369975793638224,0.9662745098039216,0.9927477840451249,0.9411764705882353,0.996535788086583
XGB,0.8915733532131105,0.8772935084334964,0.9097494181085511,0.922077922077922,0.9363716812180128,"{'max_depth': 5, 'learning_rate': 0.1, 'n_estimators': 100}","['spec_skew', 'spec_kurtosis', 'mfcc_std', 'wav_approx_std']",0.8083623693379791,0.7483870967741936,0.8787878787878788,0.876535695794497,0.9031339031339032,0.8963242224316682,0.9100478468899521,0.9361406367650871,0.9632237871674492,0.9871692060946271,0.9404125286478228,0.9964387110944543
XGB,0.8915733532131105,0.8772935084334964,0.9097494181085511,0.922077922077922,0.9363716812180128,"{'max_depth': 5, 'learning_rate': 0.1, 'n_estimators': 100}","['spec_skew', 'spec_kurtosis', 'mfcc_var', 'wav_approx_std']",0.8083623693379791,0.7483870967741936,0.8787878787878788,0.876535695794497,0.9031339031339032,0.8963242224316682,0.9100478468899521,0.9361406367650871,0.9632237871674492,0.9871692060946271,0.9404125286478228,0.9964387110944543
XGB,0.8915733532131105,0.8772935084334964,0.9097494181085511,0.922077922077922,0.9363716812180128,"{'max_depth': 5, 'learning_rate': 0.1, 'n_estimators': 100}","['spec_skew', 'spec_kurtosis', 'mfcc_var', 'mfcc_std', 'wav_approx_std']",0.8083623693379791,0.7483870967741936,0.8787878787878788,0.876535695794497,0.9031339031339032,0.8963242224316682,0.9100478468899521,0.9361406367650871,0.9632237871674492,0.9871692060946271,0.9404125286478228,0.9964387110944543
XGB,0.8908081052228735,0.8700604142586027,0.9219014559571835,0.9232238349885409,0.9349884764512049,"{'max_depth': 5, 'learning_rate': 0.1, 'n_estimators': 100}","['spec_skew', 'spec_kurtosis', 'NDSI', 'wav_detail_lvl5_std']",0.8,0.7052023121387283,0.9242424242424242,0.8779592655290965,0.9038461538461539,0.9082125603864735,0.8995215311004785,0.9326989284696132,0.9685781618224666,0.9967663702506063,0.9419404125286478,0.9943072353549051
XGB,0.8906135565862238,0.8674317655605298,0.9287616322446044,0.9236058059587471,0.9429740713629998,"{'max_depth': 5, 'learning_rate': 0.1, 'n_estimators': 50}","['NDSI', 'wav_detail_lvl5_std', 'wav_approx_std']",0.7968253968253968,0.6857923497267759,0.9507575757575758,0.8825029241499805,0.9045079980610761,0.9165029469548134,0.8928229665071771,0.9504567105822284,0.9705072748721982,1.0,0.9427043544690603,0.9959625793567907
XGB,0.8904219510638399,0.8724761849999041,0.9155638650994687,0.9247517188693659,0.9491411055464601,"{'max_depth': 3, 'learning_rate': 0.1, 'n_estimators': 100}","['mfcc_mean', 'NDSI', 'wav_detail_lvl5_std', 'wav_approx_std', 'mfcc_2']",0.7946127946127947,0.7151515151515152,0.8939393939393939,0.9037371067519516,0.9061457837065269,0.9022770398481973,0.9100478468899521,0.9476343157257247,0.9705072748721982,1.0,0.9427043544690603,0.9960518941617043
XGB,0.8901383795181469,0.880469436300738,0.9023581681476419,0.9239877769289534,0.9296780455331941,"{'max_depth': 5, 'learning_rate': 0.01, 'n_estimators': 100}","['mfcc_mean', 'NDSI', 'mfcc_2']",0.7971274685816876,0.757679180887372,0.8409090909090909,0.852342122730958,0.9072261072261072,0.8845454545454545,0.9311004784688995,0.9416961731446025,0.9660615627466457,0.9991836734693877,0.935064935064935,0.994995840724022
XGB,0.889801769334284,0.8779107747233623,0.9046983546209552,0.9266615737203973,0.9275457118537106,"{'max_depth': 5, 'learning_rate': 0.01, 'n_estimators': 100}","['mfcc_mean', 'wav_detail_lvl5_std', 'wav_approx_std', 'mfcc_2']",0.7879858657243817,0.7384105960264901,0.8446969696969697,0.8654472551965243,0.9104618284637135,0.8969359331476323,0.9244019138755981,0.9267787461433501,0.9709576138147566,0.9983857949959645,0.944996180290298,0.9904111342212576
XGB,0.8897819482124921,0.8667144607121439,0.9269791010503085,0.9209320091673033,0.9247560712667312,"{'max_depth': 5, 'learning_rate': 0.01, 'n_estimators': 100}","['spec_skew', 'spec_kurtosis', 'wav_detail_lvl5_std', 'mfcc_2']",0.8019169329073482,0.6933701657458563,0.9507575757575758,0.8685517304655715,0.9001447178002895,0.9075875486381323,0.8928229665071771,0.9173823823083709,0.9672841939298384,0.999185667752443,0.9373567608861727,0.9883341010262515
XGB,0.8897214952438587,0.8741863382291991,0.9101300488297391,0.9228418640183346,0.9374956421179057,"{'max_depth': 5, 'learning_rate': 0.1, 'n_estimators': 100}","['spec_skew', 'spec_kurtosis', 'mfcc_1', 'wav_approx_std']",0.7986230636833046,0.7318611987381703,0.8787878787878788,0.8796174081757973,0.9038095238095238,0.8995260663507109,0.908133971291866,0.9362961736887656,0.9667318982387475,0.9911717495987159,0.9434682964094728,0.9965733444891544
XGB,0.8895457939304188,0.8823186281159084,0.8981199656896252,0.9228418640183346,0.9242963207542617,"{'max_depth': 5, 'learning_rate': 0.1, 'n_estimators': 100}","['mfcc_mean', 'spec_skew', 'mfcc_1']",0.7992700729927007,0.7711267605633803,0.8295454545454546,0.8487650076234109,0.9057665260196905,0.8878676470588235,0.9244019138755981,0.9290404980845037,0.963600782778865,0.9879614767255217,0.9404125286478228,0.9950834565548703
XGB,0.8894470539881393,0.8772527700457892,0.9049238515182788,0.922077922077922,0.9180653232754309,"{'max_depth': 5, 'learning_rate': 0.1, 'n_estimators': 50}","['mfcc_mean', 'wav_approx_std', 'mfcc_2']",0.7985865724381626,0.7483443708609272,0.8560606060606061,0.8435481084085661,0.9099437148217636,0.8923643054277829,0.9282296650717703,0.9160396510923547,0.9598108747044918,0.9910496338486574,0.93048128342246,0.9946082103253718
XGB,0.8893664942976849,0.8739099601398772,0.9100843686757,0.9232238349885409,0.9328310193359982,"{'max_depth': 5, 'learning_rate': 0.01, 'n_estimators': 50}","['spec_kurtosis', 'wav_detail_lvl5_std', 'wav_approx_std']",0.7951807228915663,0.7287066246056783,0.875,0.8664143576905279,0.9056603773584906,0.8930232558139535,0.9186602870813397,0.9403524751036582,0.967258382642998,1.0,0.9365928189457601,0.9917262252138083
XGB,0.8893196107811795,0.8789212541318215,0.9023853081902619,0.9201680672268907,0.9391873343624054,"{'max_depth': 3, 'learning_rate': 0.1, 'n_estimators': 100}","['mfcc_mean', 'NDSI']",0.8050089445438283,0.7627118644067796,0.8522727272727273,0.8734397779483344,0.9023820644558618,0.8813868613138686,0.9244019138755981,0.9475591584171308,0.9605678233438486,0.9926650366748166,0.93048128342246,0.9965630667217513
XGB,0.8891315029584277,0.8748849100382093,0.9079961490178209,0.9213139801375095,0.9219338194686898,"{'max_depth': 3, 'learning_rate': 0.01, 'n_estimators': 100}","['mfcc_mean', 'wav_detail_lvl5_std', 'mfcc_2']",0.8,0.7395498392282959,0.8712121212121212,0.867124303117177,0.9033771106941839,0.8859245630174793,0.9215311004784689,0.9114124007658058,0.9640173981810992,0.9991803278688525,0.9312452253628725,0.9872647545230866
XGB,0.8888534718623373,0.8741986233022816,0.9081433530349939,0.9247517188693659,0.9341695947981291,"{'max_depth': 5, 'learning_rate': 0.01, 'n_estimators': 100}","['mfcc_mean', 'spec_skew', 'wav_detail_lvl5_std', 'wav_approx_std']",0.7889273356401384,0.7261146496815286,0.8636363636363636,0.8784265684028145,0.9083175803402647,0.8972922502334267,0.9196172248803828,0.933380275389456,0.969315499606609,0.9991889699918897,0.9411764705882353,0.9907019406021168
XGB,0.8884992457554174,0.8731915453189769,0.9088084516103092,0.9216959511077158,0.933432965416495,"{'max_depth': 5, 'learning_rate': 0.01, 'n_estimators': 50}","['spec_skew', 'spec_kurtosis', 'wav_detail_lvl5_std', 'wav_approx_std']",0.7965517241379311,0.7310126582278481,0.875,0.8684222280862998,0.9035916824196597,0.892623716153128,0.9148325358851674,0.9402084899604628,0.9653543307086614,0.9959382615759546,0.9365928189457601,0.9916681782027228
XGB,0.8883176196734125,0.867891123064084,0.9188669088049893,0.9216959511077158,0.9468101877865666,"{'max_depth': 5, 'learning_rate': 0.1, 'n_estimators': 100}","['spec_skew', 'wav_detail_lvl5_std', 'wav_approx_std', 'mfcc_2']",0.7947454844006568,0.7014492753623188,0.9166666666666666,0.8980564008621413,0.9016786570743405,0.9038461538461539,0.8995215311004785,0.946696054657655,0.96852871754524,0.9983779399837794,0.9404125286478228,0.9956781078399037
XGB,0.8882962258607741,0.8650897665087879,0.9260864952041423,0.9197860962566845,0.9240298477439927,"{'max_depth': 5, 'learning_rate': 0.01, 'n_estimators': 100}","['spec_kurtosis', 'wav_detail_lvl5_std', 'mfcc_2']",0.7993630573248408,0.6895604395604396,0.9507575757575758,0.8672575055232835,0.8986486486486487,0.9065238558909445,0.8909090909090909,0.9169631459724491,0.9668769716088328,0.9991850040749797,0.9365928189457601,0.9878688917362455
XGB,0.8881511734940691,0.8746456019183292,0.9058542077117929,0.9209320091673033,0.933569301339315,"{'max_depth': 3, 'learning_rate': 0.1, 'n_estimators': 50}","['mfcc_mean', 'NDSI', 'wav_approx_std', 'mfcc_2']",0.7972027972027972,0.7402597402597403,0.8636363636363636,0.8728156607616966,0.9044048734770385,0.8861340679522498,0.9234449760765551,0.9325684241177403,0.9628458498023715,0.9975429975429976,0.93048128342246,0.9953238191385083
XGB,0.8878282660547883,0.8803723614767618,0.8969753930280246,0.9209320091673033,0.9308988273280906,"{'max_depth': 3, 'learning_rate': 0.1, 'n_estimators': 100}","['mfcc_mean', 'spec_skew', 'spec_kurtosis', 'mfcc_1']",0.7978142076502732,0.7684210526315789,0.8295454545454546,0.8638649211235119,0.9034064395706953,0.8816029143897997,0.9263157894736842,0.9332801284591429,0.9622641509433962,0.9910931174089069,0.935064935064935,0.9955514324016169
XGB,0.8877052921121905,0.8652731241704071,0.9234458695759006,0.9201680672268907,0.9139473178673483,"{'max_depth': 5, 'learning_rate': 0.01, 'n_estimators': 50}","['spec_skew', 'wav_detail_lvl5_std', 'mfcc_2']",0.7961476725521669,0.6908077994428969,0.9393939393939394,0.8358491738133825,0.899277108433735,0.9058252427184466,0.8928229665071771,0.9173087674283796,0.9676910953506698,0.9991863303498779,0.9381207028265852,0.9886840123602828
XGB,0.8866483020310864,0.8788835106613614,0.895629783013684,0.9201680672268907,0.9073911477090659,"{'max_depth': 5, 'learning_rate': 0.01, 'n_estimators': 100}","['mfcc_mean', 'mfcc_2']",0.7963636363636364,0.7657342657342657,0.8295454545454546,0.8033478336007713,0.9013685700802265,0.8891992551210428,0.9138755980861244,0.9251978807982745,0.9622126996493962,0.9817170111287759,0.9434682964094728,0.9936277287281522
XGB,0.8865803478248875,0.8788345026205072,0.8960184552289815,0.9197860962566845,0.9299749303846382,"{'max_depth': 3, 'learning_rate': 0.1, 'n_estimators': 100}","['mfcc_mean', 'spec_kurtosis', 'mfcc_1']",0.7963636363636364,0.7657342657342657,0.8295454545454546,0.8591631818509013,0.9018691588785047,0.8812785388127854,0.9234449760765551,0.9350262518684397,0.9615082482325216,0.9894907033144705,0.935064935064935,0.9957353574345734
XGB,0.8865595237347285,0.870697185954331,0.9079264560688709,0.922077922077922,0.9361341074019015,"{'max_depth': 5, 'learning_rate': 0.01, 'n_estimators': 100}","['mfcc_mean', 'spec_kurtosis', 'wav_detail_lvl5_std', 'wav_approx_std']",0.7876712328767124,0.71875,0.8712121212121212,0.8816539380786254,0.9042654028436019,0.895774647887324,0.9129186602870814,0.9356670320368647,0.967741935483871,0.9975669099756691,0.9396485867074102,0.9910813520902143
XGB,0.886443862878107,0.8657664521398902,0.9177813071001926,0.920550038197097,0.9424976814954172,"{'max_depth': 3, 'learning_rate': 0.1, 'n_estimators': 100}","['spec_kurtosis', 'NDSI', 'wav_detail_lvl5_std', 'mfcc_2']",0.7908496732026143,0.6954022988505747,0.9166666666666666,0.8984454176100196,0.8999037536092397,0.9051306873184899,0.8947368421052632,0.9347505038550804,0.9685781618224666,0.9967663702506063,0.9419404125286478,0.9942971230211513
XGB,0.8860717369083915,0.8712310058756954,0.9053102899852125,0.919022154316272,0.9329162682292295,"{'max_depth': 5, 'learning_rate': 0.1, 'n_estimators': 100}","['spec_skew', 'mfcc_var', 'mfcc_std', 'wav_approx_std']",0.7958477508650519,0.732484076433121,0.8712121212121212,0.8698256021306211,0.8991436726926736,0.8940397350993378,0.9043062200956937,0.9327764390505393,0.9632237871674492,0.9871692060946271,0.9404125286478228,0.9961467635065278
XGB,0.8860717369083915,0.8712310058756954,0.9053102899852125,0.919022154316272,0.9329162682292295,"{'max_depth': 5, 'learning_rate': 0.1, 'n_estimators': 100}","['spec_skew', 'mfcc_std', 'wav_approx_std']",0.7958477508650519,0.732484076433121,0.8712121212121212,0.8698256021306211,0.8991436726926736,0.8940397350993378,0.9043062200956937,0.9327764390505393,0.9632237871674492,0.9871692060946271,0.9404125286478228,0.9961467635065278
XGB,0.8860717369083915,0.8712310058756954,0.9053102899852125,0.919022154316272,0.9329162682292295,"{'max_depth': 5, 'learning_rate': 0.1, 'n_estimators': 100}","['spec_skew', 'mfcc_var', 'wav_approx_std']",0.7958477508650519,0.732484076433121,0.8712121212121212,0.8698256021306211,0.8991436726926736,0.8940397350993378,0.9043062200956937,0.9327764390505393,0.9632237871674492,0.9871692060946271,0.9404125286478228,0.9961467635065278
XGB,0.8859484838996309,0.8627237851662404,0.9245665411300087,0.9194041252864782,0.9401463824243782,"{'max_depth': 3, 'learning_rate': 0.1, 'n_estimators': 50}","['NDSI', 'wav_detail_lvl5_std', 'wav_approx_std', 'mfcc_2']",0.7911392405063291,0.6793478260869565,0.946969696969697,0.8820331928911361,0.897820823244552,0.9088235294117647,0.8870813397129187,0.9426376279193333,0.968885387948011,1.0,0.9396485867074102,0.9957683264626651
XGB,0.8856969779781831,0.8679985822615567,0.9105617207010396,0.9224598930481284,0.9291757691693467,"{'max_depth': 5, 'learning_rate': 0.01, 'n_estimators': 50}","['spec_skew', 'NDSI', 'wav_detail_lvl5_std', 'wav_approx_std', 'mfcc_2']",0.7831932773109244,0.7039274924471299,0.8825757575757576,0.8701567706381562,0.9029172644667623,0.9024856596558317,0.9033492822966507,0.927100668339,0.9709803921568627,0.9975825946817083,0.9457601222307105,0.9902698685308843
XGB,0.885573933080058,0.8648831796926081,0.9172826227779788,0.9213139801375095,0.9525617812734382,"{'max_depth': 5, 'learning_rate': 0.1, 'n_estimators': 100}","['spec_skew', 'spec_kurtosis', 'NDSI', 'wav_detail_lvl5_std', 'wav_approx_std', 'mfcc_2']",0.7850162866449512,0.6885714285714286,0.9128787878787878,0.9089851731987688,0.9007707129094412,0.906886517943744,0.8947368421052632,0.9523429945073097,0.9709347996857817,0.9991915925626516,0.9442322383498855,0.9963571761142358
XGB,0.8851917277784662,0.8650945832706247,0.9154596607382984,0.9213139801375095,0.9481312158440957,"{'max_depth': 5, 'learning_rate': 0.1, 'n_estimators': 50}","['spec_kurtosis', 'NDSI', 'wav_detail_lvl5_std', 'wav_approx_std', 'mfcc_2']",0.7836065573770492,0.6907514450867052,0.9053030303030303,0.9039540620892209,0.9010566762728146,0.9045323047251688,0.8976076555023923,0.9451584564938578,0.9709119496855346,1.0,0.9434682964094728,0.9952811289492085
XGB,0.8840347385798881,0.8680215552814942,0.9059536095139812,0.919022154316272,0.9340165290261057,"{'max_depth': 3, 'learning_rate': 0.1, 'n_estimators': 100}","['spec_kurtosis', 'NDSI', 'wav_approx_std']",0.7863247863247863,0.7165109034267912,0.8712121212121212,0.8762368037196087,0.9009433962264151,0.8883720930232558,0.9138755980861244,0.9308969176142624,0.964836033188463,0.9991816693944353,0.9327731092436975,0.9949158657444456
XGB,0.8839674686373992,0.8631849335619254,0.9157387675963528,0.9182582123758595,0.9435867386887568,"{'max_depth': 5, 'learning_rate': 0.1, 'n_estimators': 100}","['spec_skew', 'spec_kurtosis', 'NDSI', 'wav_detail_lvl5_std', 'mfcc_2']",0.7882736156351792,0.6914285714285714,0.9166666666666666,0.896973529992994,0.8965183752417795,0.906158357771261,0.8870813397129187,0.9384685573892078,0.9671104150352389,0.9919678714859438,0.9434682964094728,0.9953181286840685
XGB,0.8839116355543469,0.8664022141418525,0.9085272226913093,0.919022154316272,0.9103522076426974,"{'max_depth': 5, 'learning_rate': 0.01, 'n_estimators': 50}","['mfcc_mean', 'spec_skew', 'spec_kurtosis', 'wav_detail_lvl5_std']",0.7858347386172007,0.7082066869300911,0.8825757575757576,0.8280357411484102,0.8994307400379506,0.8918156161806209,0.907177033492823,0.9144464091163504,0.9664694280078896,0.9991843393148451,0.9358288770053476,0.9885744726633318
XGB,0.8833646051413723,0.8607468423743639,0.920333699668065,0.917494270435447,0.9338749559804235,"{'max_depth': 3, 'learning_rate': 0.1, 'n_estimators': 100}","['spec_kurtosis', 'NDSI', 'wav_detail_lvl5_std']",0.7866242038216561,0.6785714285714286,0.9356060606060606,0.874315400882208,0.8961854176726219,0.9044834307992202,0.8880382775119617,0.9328445385257769,0.9672841939298384,0.999185667752443,0.9373567608861727,0.9944649285332852
XGB,0.8831389501399514,0.8581781854955857,0.9284942525654599,0.9159663865546218,0.9389800224825016,"{'max_depth': 5, 'learning_rate': 0.1, 'n_estimators': 50}","['wav_detail_lvl5_std', 'wav_approx_std', 'mfcc_2']",0.7895545314900153,0.6640826873385013,0.9734848484848485,0.8837091200276743,0.892578125,0.9112662013958126,0.8746411483253589,0.9392029689951288,0.9672841939298384,0.999185667752443,0.9373567608861727,0.9940279784247017
XGB,0.8831364055690202,0.8672248792364998,0.9048812986119487,0.919022154316272,0.9317761493792888,"{'max_depth': 3, 'learning_rate': 0.1, 'n_estimators': 100}","['spec_skew', 'spec_kurtosis', 'NDSI', 'wav_approx_std']",0.7829059829059829,0.7133956386292835,0.8674242424242424,0.8692741657500819,0.9008498583569405,0.8890959925442684,0.9129186602870814,0.9307939751978539,0.9656533754441374,0.9991830065359477,0.9343009931245225,0.9952603071899306
XGB,0.8827819070755104,0.8659011790048661,0.9062672277842556,0.9201680672268907,0.9231821213726428,"{'max_depth': 3, 'learning_rate': 0.01, 'n_estimators': 100}","['mfcc_mean', 'wav_detail_lvl5_std', 'wav_approx_std']",0.7783417935702199,0.7033639143730887,0.8712121212121212,0.8595571190455477,0.9007125890736342,0.8943396226415095,0.907177033492823,0.9197328401985921,0.9692913385826771,1.0,0.9404125286478228,0.9902564048737885
XGB,0.8824503846755146,0.8715030234883995,0.8959487622800316,0.920550038197097,0.9276654441111799,"{'max_depth': 5, 'learning_rate': 0.1, 'n_estimators': 50}","['mfcc_1', 'wav_approx_std']",0.7779751332149201,0.7324414715719063,0.8295454545454546,0.8686687621034006,0.9018867924528302,0.8893023255813953,0.9148325358851674,0.9186005089163112,0.9674892283587936,0.9927652733118971,0.9434682964094728,0.9957270613138279
XGB,0.8813472446294451,0.8599218294592713,0.9148998833983354,0.9155844155844156,0.9326602429697304,"{'max_depth': 5, 'learning_rate': 0.1, 'n_estimators': 100}","['spec_skew', 'NDSI', 'wav_detail_lvl5_std']",0.7851373182552503,0.6845070422535211,0.9204545454545454,0.8705077758729319,0.8942539835828103,0.9025341130604289,0.8861244019138756,0.9330604092186854,0.9646504320502749,0.9927243330638642,0.9381207028265852,0.9944125438175738
XGB,0.8811748493237374,0.8641587966403182,0.90505821148236,0.9213139801375095,0.8945588502893731,"{'max_depth': 5, 'learning_rate': 0.01, 'n_estimators': 100}","['NDSI', 'mfcc_var', 'mfcc_std']",0.7697478991596639,0.6918429003021148,0.8674242424242424,0.7644552963517759,0.9010140028971512,0.9093567251461988,0.8928229665071771,0.9400086100362063,0.9727626459143969,0.9912767644726408,0.9549274255156608,0.9792126444801372
XGB,0.8811748493237374,0.8641587966403182,0.90505821148236,0.9213139801375095,0.8945588502893731,"{'max_depth': 5, 'learning_rate': 0.01, 'n_estimators': 100}","['NDSI', 'mfcc_var']",0.7697478991596639,0.6918429003021148,0.8674242424242424,0.7644552963517759,0.9010140028971512,0.9093567251461988,0.8928229665071771,0.9400086100362063,0.9727626459143969,0.9912767644726408,0.9549274255156608,0.9792126444801372
XGB,0.8811748493237374,0.8641587966403182,0.90505821148236,0.9213139801375095,0.8945588502893731,"{'max_depth': 5, 'learning_rate': 0.01, 'n_estimators': 100}","['NDSI', 'mfcc_std']",0.7697478991596639,0.6918429003021148,0.8674242424242424,0.7644552963517759,0.9010140028971512,0.9093567251461988,0.8928229665071771,0.9400086100362063,0.9727626459143969,0.9912767644726408,0.9549274255156608,0.9792126444801372
XGB,0.8803001377538416,0.8573236375650898,0.9183448818123741,0.9136745607333843,0.9307040011589106,"{'max_depth': 5, 'learning_rate': 0.1, 'n_estimators': 50}","['spec_skew', 'spec_kurtosis', 'wav_detail_lvl5_std']",0.786053882725832,0.6757493188010899,0.9393939393939394,0.8734208855622587,0.8907156673114119,0.9002932551319648,0.8813397129186603,0.9272019736851126,0.9641308632242807,0.995928338762215,0.9343009931245225,0.9914891442293606
XGB,0.8802373951701797,0.8683691808420039,0.894978533678224,0.9182582123758595,0.9261969454152349,"{'max_depth': 3, 'learning_rate': 0.1, 'n_estimators': 100}","['mfcc_var', 'mfcc_std', 'wav_approx_std']",0.7760141093474426,0.7260726072607261,0.8333333333333334,0.870421518514896,0.8990999526290857,0.8902439024390244,0.908133971291866,0.9121986344831139,0.965598123534011,0.988791032826261,0.9434682964094728,0.9959706832476948
XGB,0.8802373951701797,0.8683691808420039,0.894978533678224,0.9182582123758595,0.9261969454152349,"{'max_depth': 3, 'learning_rate': 0.1, 'n_estimators': 100}","['mfcc_std', 'wav_approx_std']",0.7760141093474426,0.7260726072607261,0.8333333333333334,0.870421518514896,0.8990999526290857,0.8902439024390244,0.908133971291866,0.9121986344831139,0.965598123534011,0.988791032826261,0.9434682964094728,0.9959706832476948
XGB,0.8802373951701797,0.8683691808420039,0.894978533678224,0.9182582123758595,0.9261969454152349,"{'max_depth': 3, 'learning_rate': 0.1, 'n_estimators': 100}","['mfcc_var', 'wav_approx_std']",0.7760141093474426,0.7260726072607261,0.8333333333333334,0.870421518514896,0.8990999526290857,0.8902439024390244,0.908133971291866,0.9121986344831139,0.965598123534011,0.988791032826261,0.9434682964094728,0.9959706832476948
XGB,0.8799659815763858,0.8641929327662915,0.901707477249273,0.9159663865546218,0.9105969038503111,"{'max_depth': 3, 'learning_rate': 0.01, 'n_estimators': 100}","['mfcc_mean', 'spec_skew', 'wav_detail_lvl5_std']",0.7794871794871795,0.7102803738317757,0.8636363636363636,0.8318631696536203,0.896421845574388,0.8822984244670992,0.9110047846889953,0.9104121974140015,0.96398891966759,1.0,0.93048128342246,0.9895153444833115
XGB,0.8795085939203142,0.8630171816378712,0.9025224603397978,0.9159663865546218,0.9103533152533733,"{'max_depth': 3, 'learning_rate': 0.01, 'n_estimators': 100}","['mfcc_mean', 'spec_kurtosis', 'wav_detail_lvl5_std']",0.7775891341256367,0.7046153846153846,0.8674242424242424,0.8306986549210454,0.8961284230406044,0.8844361602982292,0.908133971291866,0.9105072939339813,0.9648082245947015,1.0,0.932009167303285,0.9898539969050929
XGB,0.8791235450352036,0.8672414822766972,0.8938956124714639,0.9167303284950343,0.9206664926850969,"{'max_depth': 5, 'learning_rate': 0.01, 'n_estimators': 50}","['spec_skew', 'NDSI', 'wav_approx_std', 'mfcc_2']",0.7760141093474426,0.7260726072607261,0.8333333333333334,0.8453221996491213,0.8977272727272727,0.8884723523898782,0.907177033492823,0.9253064512210742,0.9636292530308955,0.9871794871794872,0.9411764705882353,0.9913708271850955
XGB,0.8786552041637372,0.8617409713344664,0.9020588458668954,0.9148204736440031,0.9341691086107674,"{'max_depth': 5, 'learning_rate': 0.1, 'n_estimators': 100}","['spec_kurtosis', 'NDSI', 'wav_approx_std', 'mfcc_2']",0.7783417935702199,0.7033639143730887,0.8712121212121212,0.8750450602831882,0.8937589328251548,0.889943074003795,0.8976076555023923,0.9330478107818412,0.9638648860958366,0.9919159256265158,0.9373567608861727,0.9944144547672732
XGB,0.8786523453490872,0.8543385103274184,0.9233634442612771,0.9136745607333843,0.9325175092986395,"{'max_depth': 3, 'learning_rate': 0.1, 'n_estimators': 50}","['NDSI', 'wav_detail_lvl5_std', 'mfcc_2']",0.7791411042944786,0.654639175257732,0.9621212121212122,0.8715830680005464,0.8889980353634578,0.9132189707366297,0.8660287081339713,0.9330986214050645,0.9678178963893249,0.9951573849878934,0.9419404125286478,0.9928708384903079
XGB,0.8783150924513166,0.8633181924062426,0.8987478723546835,0.9159663865546218,0.9129338702253541,"{'max_depth': 5, 'learning_rate': 0.1, 'n_estimators': 100}","['mfcc_mean', 'spec_kurtosis', 'wav_approx_std']",0.7731958762886598,0.7075471698113207,0.8522727272727273,0.8263043570659954,0.8969411764705882,0.8824074074074074,0.9119617224880383,0.9176701426581184,0.9648082245947015,1.0,0.932009167303285,0.9948271109519483
XGB,0.8780460328221346,0.8650089565828409,0.8953565955887938,0.9163483575248281,0.9151618066411461,"{'max_depth': 5, 'learning_rate': 0.1, 'n_estimators': 50}","['mfcc_mean', 'spec_skew', 'spec_kurtosis', 'wav_approx_std']",0.7713787085514834,0.7152103559870551,0.8371212121212122,0.833204890092131,0.898360655737705,0.8798165137614679,0.9177033492822967,0.918054408242245,0.9643987341772152,1.0,0.9312452253628725,0.9942261215890623
XGB,0.8772842009311844,0.8633147436619408,0.89546660769571,0.9159663865546218,0.9270729741916597,"{'max_depth': 5, 'learning_rate': 0.01, 'n_estimators': 50}","['spec_skew', 'wav_detail_lvl5_std', 'wav_approx_std']",0.7694974003466204,0.7092651757188498,0.8409090909090909,0.8522784591941748,0.9003795066413662,0.8927563499529633,0.908133971291866,0.9375240742962845,0.9619756958055664,0.9879227053140096,0.9373567608861727,0.9914163890845199
XGB,0.8769627362950837,0.8644824660408706,0.8926840273589499,0.9152024446142093,0.9284685674456391,"{'max_depth': 5, 'learning_rate': 0.01, 'n_estimators': 100}","['spec_skew', 'spec_kurtosis', 'NDSI', 'wav_approx_std', 'mfcc_2']",0.7719298245614035,0.7189542483660131,0.8333333333333334,0.8641941543025462,0.8957345971563981,0.8873239436619719,0.9043062200956937,0.929376740059595,0.9632237871674492,0.9871692060946271,0.9404125286478228,0.9918348079747761
XGB,0.8761981894947907,0.860967756248138,0.8970376029199558,0.9152024446142093,0.9280269366845806,"{'max_depth': 3, 'learning_rate': 0.1, 'n_estimators': 100}","['spec_skew', 'NDSI', 'wav_approx_std']",0.7671232876712328,0.7,0.8484848484848485,0.8606409424705095,0.8962264150943396,0.8837209302325582,0.9090909090909091,0.9281600086457732,0.9652448657187994,0.9991823385118561,0.93353705118411,0.995279858937459
XGB,0.8756316979636422,0.8647599391571029,0.889177377490071,0.9167303284950343,0.909763191448294,"{'max_depth': 5, 'learning_rate': 0.01, 'n_estimators': 100}","['mfcc_mean', 'spec_skew', 'wav_approx_std']",0.7624113475177305,0.7166666666666667,0.8143939393939394,0.8312554128704511,0.8982092365692743,0.8848653667595172,0.9119617224880383,0.9067807038269554,0.9662745098039216,0.9927477840451249,0.9411764705882353,0.9912534576474753
XGB,0.8751971266927533,0.8579892028407238,0.8989764964997163,0.9079449961802903,0.9281778081427917,"{'max_depth': 5, 'learning_rate': 0.1, 'n_estimators': 100}","['spec_kurtosis', 'mfcc_1', 'mfcc_var', 'mfcc_std']",0.7851099830795262,0.709480122324159,0.8787878787878788,0.8780514815984277,0.8852927177534508,0.8806818181818182,0.8899521531100478,0.9139533423948369,0.9551886792452831,0.9838056680161943,0.9281894576012223,0.9925286004351106
XGB,0.8751971266927533,0.8579892028407238,0.8989764964997163,0.9079449961802903,0.9281778081427917,"{'max_depth': 5, 'learning_rate': 0.1, 'n_estimators': 100}","['spec_kurtosis', 'mfcc_1', 'mfcc_std']",0.7851099830795262,0.709480122324159,0.8787878787878788,0.8780514815984277,0.8852927177534508,0.8806818181818182,0.8899521531100478,0.9139533423948369,0.9551886792452831,0.9838056680161943,0.9281894576012223,0.9925286004351106
XGB,0.8751971266927533,0.8579892028407238,0.8989764964997163,0.9079449961802903,0.9281778081427917,"{'max_depth': 5, 'learning_rate': 0.1, 'n_estimators': 100}","['spec_kurtosis', 'mfcc_1', 'mfcc_var']",0.7851099830795262,0.709480122324159,0.8787878787878788,0.8780514815984277,0.8852927177534508,0.8806818181818182,0.8899521531100478,0.9139533423948369,0.9551886792452831,0.9838056680161943,0.9281894576012223,0.9925286004351106
XGB,0.8748383778677242,0.8504598710163345,0.9203666474564307,0.9098548510313216,0.9290109309796609,"{'max_depth': 3, 'learning_rate': 0.1, 'n_estimators': 50}","['wav_detail_lvl5_std', 'mfcc_2']",0.7755725190839695,0.649616368286445,0.9621212121212122,0.8696545602605608,0.8838582677165354,0.9098277608915907,0.8593301435406698,0.9249060915541325,0.9650843468026677,0.9919354838709677,0.9396485867074102,0.9924721411242897
XGB,0.8746995184816577,0.8580082604358795,0.8975984971341008,0.9087089381207029,0.9294962609214236,"{'max_depth': 5, 'learning_rate': 0.1, 'n_estimators': 100}","['spec_skew', 'mfcc_1', 'mfcc_var', 'mfcc_std']",0.7809847198641766,0.7076923076923077,0.8712121212121212,0.8815003102810675,0.8863528292914884,0.8809073724007561,0.8918660287081339,0.9146097881708581,0.9567610062893082,0.9854251012145749,0.9297173414820473,0.9923786843123452
XGB,0.8746995184816577,0.8580082604358795,0.8975984971341008,0.9087089381207029,0.9294962609214236,"{'max_depth': 5, 'learning_rate': 0.1, 'n_estimators': 100}","['spec_skew', 'mfcc_1', 'mfcc_std']",0.7809847198641766,0.7076923076923077,0.8712121212121212,0.8815003102810675,0.8863528292914884,0.8809073724007561,0.8918660287081339,0.9146097881708581,0.9567610062893082,0.9854251012145749,0.9297173414820473,0.9923786843123452
XGB,0.8746995184816577,0.8580082604358795,0.8975984971341008,0.9087089381207029,0.9294962609214236,"{'max_depth': 5, 'learning_rate': 0.1, 'n_estimators': 100}","['spec_skew', 'mfcc_1', 'mfcc_var']",0.7809847198641766,0.7076923076923077,0.8712121212121212,0.8815003102810675,0.8863528292914884,0.8809073724007561,0.8918660287081339,0.9146097881708581,0.9567610062893082,0.9854251012145749,0.9297173414820473,0.9923786843123452
XGB,0.8741915355131527,0.849773064697231,0.9179621290302405,0.9071810542398777,0.9229870856715316,"{'max_depth': 3, 'learning_rate': 0.1, 'n_estimators': 100}","['spec_skew', 'wav_detail_lvl5_std']",0.7808641975308642,0.6588541666666666,0.9583333333333334,0.8501170717780115,0.8815212091662603,0.8986083499005965,0.8650717703349282,0.9248030672881734,0.9601891998423334,0.99185667752443,0.93048128342246,0.9940411179484099
XGB,0.8739289604983428,0.8498276280555119,0.9165868101626615,0.907563025210084,0.9199550536017155,"{'max_depth': 3, 'learning_rate': 0.1, 'n_estimators': 50}","['spec_kurtosis', 'wav_detail_lvl5_std']",0.7782945736434108,0.6587926509186351,0.9507575757575758,0.8486933097873453,0.8826382153249273,0.8947885939036382,0.8708133971291866,0.9190995156851127,0.9608540925266904,0.9959016393442623,0.9281894576012223,0.9920723353326885
XGB,0.8736875407508741,0.8580721149449811,0.8946388922395115,0.9087089381207029,0.9297668458469546,"{'max_depth': 5, 'learning_rate': 0.1, 'n_estimators': 100}","['spec_skew', 'spec_kurtosis', 'mfcc_1', 'mfcc_var', 'mfcc_std']",0.7773972602739726,0.709375,0.8598484848484849,0.8799922273823901,0.8864608076009501,0.880188679245283,0.8928229665071771,0.9162003422103834,0.9572045543776992,0.9846526655896607,0.9312452253628725,0.9931079679480904
XGB,0.8736875407508741,0.8580721149449811,0.8946388922395115,0.9087089381207029,0.9297668458469546,"{'max_depth': 5, 'learning_rate': 0.1, 'n_estimators': 100}","['spec_skew', 'spec_kurtosis', 'mfcc_1', 'mfcc_var']",0.7773972602739726,0.709375,0.8598484848484849,0.8799922273823901,0.8864608076009501,0.880188679245283,0.8928229665071771,0.9162003422103834,0.9572045543776992,0.9846526655896607,0.9312452253628725,0.9931079679480904
XGB,0.8736875407508741,0.8580721149449811,0.8946388922395115,0.9087089381207029,0.9297668458469546,"{'max_depth': 5, 'learning_rate': 0.1, 'n_estimators': 100}","['spec_skew', 'spec_kurtosis', 'mfcc_1', 'mfcc_std']",0.7773972602739726,0.709375,0.8598484848484849,0.8799922273823901,0.8864608076009501,0.880188679245283,0.8928229665071771,0.9162003422103834,0.9572045543776992,0.9846526655896607,0.9312452253628725,0.9931079679480904
XGB,0.8724745127490392,0.8482344164999316,0.9192943365543984,0.9098548510313216,0.8976715026749176,"{'max_depth': 3, 'learning_rate': 0.01, 'n_estimators': 100}","['NDSI', 'wav_detail_lvl5_std']",0.7655068078668684,0.6372795969773299,0.9583333333333334,0.7857702257528797,0.8837438423645321,0.9106598984771573,0.8583732057416268,0.9182678375648468,0.9681728880157171,0.9967637540453075,0.9411764705882353,0.9889764447070262
XGB,0.8704115785668916,0.8511995777940612,0.8996840362939434,0.9110007639419404,0.9093347782487955,"{'max_depth': 3, 'learning_rate': 0.01, 'n_estimators': 100}","['mfcc_mean', 'wav_detail_lvl5_std']",0.7561374795417348,0.6657060518731989,0.875,0.8287297745102927,0.8881421027364378,0.8911368015414258,0.8851674641148325,0.9098202534723719,0.9669551534225019,0.9967558799675588,0.9388846447669977,0.989454306763722
XGB,0.8698098992183644,0.8467939393782253,0.9113645298629818,0.9090909090909091,0.9199936681268598,"{'max_depth': 3, 'learning_rate': 0.01, 'n_estimators': 100}","['wav_detail_lvl5_std', 'wav_approx_std']",0.7573415765069552,0.639686684073107,0.928030303030303,0.8452173494091522,0.8840155945419104,0.900695134061569,0.8679425837320575,0.9228629066167656,0.9680725266062278,1.0,0.9381207028265852,0.9919007483546615
XGB,0.8677459793077,0.8511287000335311,0.8915745245466608,0.9113827349121467,0.9251753428588493,"{'max_depth': 3, 'learning_rate': 0.1, 'n_estimators': 100}","['NDSI', 'wav_approx_std']",0.7449664429530202,0.6686746987951807,0.8409090909090909,0.8506868406486432,0.89058039961941,0.8855250709555346,0.8956937799043062,0.9303036802140696,0.9676910953506698,0.9991863303498779,0.9381207028265852,0.9945355077138351
XGB,0.8667415328938954,0.8526950062860322,0.8854591916511421,0.8877005347593583,0.9315813216478506,"{'max_depth': 5, 'learning_rate': 0.1, 'n_estimators': 100}","['mfcc_1', 'mfcc_std']",0.8166089965397924,0.7515923566878981,0.8939393939393939,0.9097655730340928,0.8554514060187469,0.8828920570264766,0.8296650717703349,0.9072012961649866,0.928164196123147,0.9236006051437217,0.9327731092436975,0.9777770957444724
XGB,0.8667415328938954,0.8526950062860322,0.8854591916511421,0.8877005347593583,0.9315813216478506,"{'max_depth': 5, 'learning_rate': 0.1, 'n_estimators': 100}","['mfcc_1', 'mfcc_var', 'mfcc_std']",0.8166089965397924,0.7515923566878981,0.8939393939393939,0.9097655730340928,0.8554514060187469,0.8828920570264766,0.8296650717703349,0.9072012961649866,0.928164196123147,0.9236006051437217,0.9327731092436975,0.9777770957444724
XGB,0.8667415328938954,0.8526950062860322,0.8854591916511421,0.8877005347593583,0.9315813216478506,"{'max_depth': 5, 'learning_rate': 0.1, 'n_estimators': 100}","['mfcc_1', 'mfcc_var']",0.8166089965397924,0.7515923566878981,0.8939393939393939,0.9097655730340928,0.8554514060187469,0.8828920570264766,0.8296650717703349,0.9072012961649866,0.928164196123147,0.9236006051437217,0.9327731092436975,0.9777770957444724
XGB,0.8665826589009072,0.8558921121592432,0.8799291008269337,0.9113827349121467,0.899358188485485,"{'max_depth': 5, 'learning_rate': 0.01, 'n_estimators': 50}","['mfcc_mean', 'wav_approx_std']",0.7433628318584071,0.6976744186046512,0.7954545454545454,0.8223921601268278,0.890462700661001,0.8788443616029823,0.9023923444976076,0.8849836464943859,0.9659224441833137,0.9911575562700965,0.9419404125286478,0.9906987588352416
XGB,0.8652968928786938,0.8510785665195663,0.8842938451297585,0.9067990832696715,0.8991726932629547,"{'max_depth': 3, 'learning_rate': 0.1, 'n_estimators': 100}","['mfcc_mean', 'spec_skew']",0.7504302925989673,0.6876971608832808,0.8257575757575758,0.7854038869871871,0.8843601895734597,0.8760563380281691,0.8928229665071771,0.9177251867274467,0.9611001964636542,0.9894822006472492,0.9343009931245225,0.9943890060742301
XGB,0.8649744187402589,0.8529450422035141,0.8802885109386658,0.9090909090909091,0.9181952944788353,"{'max_depth': 5, 'learning_rate': 0.1, 'n_estimators': 50}","['spec_skew', 'wav_approx_std', 'mfcc_2']",0.7425569176882661,0.6905537459283387,0.803030303030303,0.848309931368909,0.8915206063477025,0.8827392120075047,0.9004784688995215,0.9116880267458685,0.9608457321848082,0.9855421686746988,0.9373567608861727,0.9945879253217281
XGB,0.8647860299675708,0.8512267353140035,0.8825404643516098,0.9090909090909091,0.9140461049864043,"{'max_depth': 5, 'learning_rate': 0.01, 'n_estimators': 50}","['NDSI', 'wav_approx_std', 'mfcc_2']",0.7426597582037997,0.6825396825396826,0.8143939393939394,0.8310345862885724,0.8864503816793893,0.8839200761179828,0.8889952153110048,0.9204128245380765,0.9652479500195236,0.987220447284345,0.9442322383498855,0.9906909041325638
XGB,0.8647669002127586,0.8505258454013521,0.8840524886190521,0.907563025210084,0.9032406313958893,"{'max_depth': 3, 'learning_rate': 0.1, 'n_estimators': 50}","['mfcc_mean', 'spec_skew', 'spec_kurtosis']",0.7457044673539519,0.6823899371069182,0.821969696969697,0.7905744940545278,0.8856332703213611,0.8748832866479925,0.8966507177033493,0.9243717978325423,0.9629629629629629,0.9943043124491456,0.93353705118411,0.9947756023005977
XGB,0.8639745433463739,0.8402516024632778,0.910453830655069,0.9014514896867838,0.8949925925043214,"{'max_depth': 5, 'learning_rate': 0.01, 'n_estimators': 50}",['wav_detail_lvl5_std'],0.7583081570996979,0.6306532663316583,0.9507575757575758,0.7848400249612211,0.871896722939424,0.9060887512899897,0.8401913875598086,0.9111616211226415,0.96171875,0.9840127897681854,0.9404125286478228,0.9889761314291017
XGB,0.8638870688418256,0.8496348798790404,0.8831598827728859,0.9064171122994652,0.9030766736368108,"{'max_depth': 3, 'learning_rate': 0.1, 'n_estimators': 50}","['mfcc_mean', 'spec_kurtosis']",0.7457044673539519,0.6823899371069182,0.821969696969697,0.7877717339673892,0.8841607565011821,0.8738317757009346,0.8947368421052632,0.9263998955983948,0.9617959826703426,0.9926829268292683,0.9327731092436975,0.9950583913446482
XGB,0.8633973280174119,0.8496544695293284,0.8815218750977265,0.907563025210084,0.9094214709113214,"{'max_depth': 5, 'learning_rate': 0.01, 'n_estimators': 50}","['spec_skew', 'spec_kurtosis', 'wav_approx_std', 'mfcc_2']",0.7413793103448276,0.680379746835443,0.8143939393939394,0.8280535424214273,0.8851834206765127,0.881404174573055,0.8889952153110048,0.9091734220379393,0.9636292530308955,0.9871794871794872,0.9411764705882353,0.9910374482745976
XGB,0.8625129976760578,0.8509014430387842,0.8775086110999424,0.9079449961802903,0.9171716419192139,"{'max_depth': 5, 'learning_rate': 0.1, 'n_estimators': 100}","['spec_kurtosis', 'wav_approx_std', 'mfcc_2']",0.7368421052631579,0.6862745098039216,0.7954545454545454,0.8440790071844059,0.886481394253415,0.87291280148423,0.9004784688995215,0.9127909114936041,0.9642154935116005,0.993517017828201,0.9365928189457601,0.9946450070796311
XGB,0.8509197003715085,0.8377654551105992,0.8686920063081054,0.9022154316271963,0.89278142345752,"{'max_depth': 5, 'learning_rate': 0.01, 'n_estimators': 50}","['spec_skew', 'wav_approx_std']",0.7079037800687286,0.6477987421383647,0.7803030303030303,0.800201930318006,0.879392212725546,0.8727615457115928,0.8861244019138756,0.8862723279577446,0.9654631083202512,0.9927360774818402,0.9396485867074102,0.9918700120968095
XGB,0.8506688814858174,0.835411023796285,0.872517635443332,0.9010695187165776,0.902528206932633,"{'max_depth': 5, 'learning_rate': 0.1, 'n_estimators': 100}","['spec_skew', 'spec_kurtosis', 'wav_approx_std']",0.7092436974789916,0.6374622356495468,0.7992424242424242,0.8161139693222835,0.8773269689737471,0.8752380952380953,0.8794258373205741,0.8974629018582214,0.9654359780047133,0.9935327405012127,0.9388846447669977,0.9940077496173942
XGB,0.8473159089686065,0.8375132540780985,0.8600088679810042,0.9018334606569901,0.8864273089105965,"{'max_depth': 5, 'learning_rate': 0.01, 'n_estimators': 50}","['wav_approx_std', 'mfcc_2']",0.696113074204947,0.652317880794702,0.7462121212121212,0.781662102858585,0.8792860497886331,0.8634686346863468,0.8956937799043062,0.8874209419688701,0.9665486029122393,0.9967532467532467,0.9381207028265852,0.9901988819043345
XGB,0.8434013192797766,0.8325509471898176,0.857518685305063,0.8991596638655462,0.8794570893638864,"{'max_depth': 3, 'learning_rate': 0.1, 'n_estimators': 50}",['wav_approx_std'],0.6888111888111889,0.6396103896103896,0.7462121212121212,0.7754840645890493,0.8751182592242195,0.8652946679139383,0.8851674641148325,0.8689910005819428,0.9662745098039216,0.9927477840451249,0.9411764705882353,0.993896202920667
XGB,0.8427207234369808,0.8266394902963681,0.8669822953104687,0.8953399541634836,0.8968970725570339,"{'max_depth': 5, 'learning_rate': 0.1, 'n_estimators': 50}","['spec_kurtosis', 'wav_approx_std']",0.6942148760330579,0.6158357771260997,0.7954545454545454,0.8027101862810435,0.8697318007662835,0.8705656759348035,0.8688995215311005,0.8938251565000502,0.9642154935116005,0.993517017828201,0.9365928189457601,0.9941558748900083
XGB,0.8420852727409662,0.826079806675096,0.865473509978154,0.8903743315508021,0.8935600150684978,"{'max_depth': 5, 'learning_rate': 0.1, 'n_estimators': 50}",['mfcc_mean'],0.7088186356073212,0.6320474777448071,0.8068181818181818,0.7721150987133881,0.8610169491525423,0.8715686274509804,0.8507177033492823,0.914494081259767,0.9564202334630351,0.9746233148295004,0.9388846447669977,0.9940708652323382
XGB,0.8330432389524169,0.8159801128705341,0.85981486693561,0.8838808250572956,0.8552285299698039,"{'max_depth': 5, 'learning_rate': 0.1, 'n_estimators': 100}","['spec_skew', 'spec_kurtosis', 'mfcc_1']",0.6905537459283387,0.6057142857142858,0.803030303030303,0.6724468059235439,0.8532818532818532,0.8607594936708861,0.845933014354067,0.9008616272726826,0.9552941176470588,0.9814665592264303,0.93048128342246,0.9923771567131854
XGB,0.8300063077867256,0.8131858382339961,0.8560700994911521,0.8796791443850267,0.8558250602724532,"{'max_depth': 5, 'learning_rate': 0.1, 'n_estimators': 100}","['spec_skew', 'spec_kurtosis', 'mfcc_var', 'mfcc_std']",0.690671031096563,0.6080691642651297,0.7992424242424242,0.6857505251048692,0.8493282149712092,0.8517805582290664,0.84688995215311,0.8912476673139654,0.9500196772924046,0.9797077922077922,0.922077922077922,0.9904769883985248
XGB,0.8300063077867256,0.8131858382339961,0.8560700994911521,0.8796791443850267,0.8558250602724532,"{'max_depth': 5, 'learning_rate': 0.1, 'n_estimators': 100}","['spec_skew', 'spec_kurtosis', 'mfcc_std']",0.690671031096563,0.6080691642651297,0.7992424242424242,0.6857505251048692,0.8493282149712092,0.8517805582290664,0.84688995215311,0.8912476673139654,0.9500196772924046,0.9797077922077922,0.922077922077922,0.9904769883985248
XGB,0.8300063077867256,0.8131858382339961,0.8560700994911521,0.8796791443850267,0.8558250602724532,"{'max_depth': 5, 'learning_rate': 0.1, 'n_estimators': 100}","['spec_skew', 'spec_kurtosis', 'mfcc_var']",0.690671031096563,0.6080691642651297,0.7992424242424242,0.6857505251048692,0.8493282149712092,0.8517805582290664,0.84688995215311,0.8912476673139654,0.9500196772924046,0.9797077922077922,0.922077922077922,0.9904769883985248
XGB,0.8098199430421227,0.7912873013539388,0.8514900218460589,0.8663101604278075,0.8149597514190504,"{'max_depth': 3, 'learning_rate': 0.1, 'n_estimators': 100}","['spec_skew', 'mfcc_1']",0.6479289940828402,0.5315533980582524,0.8295454545454546,0.5573907994887897,0.8253493013972056,0.862356621480709,0.7913875598086124,0.8949371593177929,0.9561815336463224,0.9799518845228549,0.93353705118411,0.9925512954505685
XGB,0.8090291906280411,0.7901815372148094,0.8496591299996873,0.8644003055767762,0.8273911045857277,"{'max_depth': 3, 'learning_rate': 0.1, 'n_estimators': 100}","['spec_skew', 'mfcc_std']",0.6497764530551415,0.5356265356265356,0.8257575757575758,0.6113127743522486,0.8245180425111222,0.852760736196319,0.7980861244019138,0.8793571600960697,0.9527930763178599,0.9821573398215734,0.9251336898395722,0.9915033793088648
XGB,0.8090291906280411,0.7901815372148094,0.8496591299996873,0.8644003055767762,0.8273911045857277,"{'max_depth': 3, 'learning_rate': 0.1, 'n_estimators': 100}","['spec_skew', 'mfcc_var', 'mfcc_std']",0.6497764530551415,0.5356265356265356,0.8257575757575758,0.6113127743522486,0.8245180425111222,0.852760736196319,0.7980861244019138,0.8793571600960697,0.9527930763178599,0.9821573398215734,0.9251336898395722,0.9915033793088648
XGB,0.8090291906280411,0.7901815372148094,0.8496591299996873,0.8644003055767762,0.8273911045857277,"{'max_depth': 3, 'learning_rate': 0.1, 'n_estimators': 100}","['spec_skew', 'mfcc_var']",0.6497764530551415,0.5356265356265356,0.8257575757575758,0.6113127743522486,0.8245180425111222,0.852760736196319,0.7980861244019138,0.8793571600960697,0.9527930763178599,0.9821573398215734,0.9251336898395722,0.9915033793088648
XGB,0.8086068161818991,0.7898490400741832,0.8487638436554845,0.8636363636363636,0.797678137837536,"{'max_depth': 3, 'learning_rate': 0.1, 'n_estimators': 100}","['spec_kurtosis', 'mfcc_1']",0.6517189835575485,0.5382716049382716,0.8257575757575758,0.5040866304830532,0.8226527570789866,0.8553719008264463,0.7923444976076555,0.8962209426081877,0.9514487079091621,0.9759036144578314,0.9281894576012223,0.9927268404213672
XGB,0.8044939624321303,0.7854683446627583,0.8450701173611389,0.8582887700534759,0.8002695211427887,"{'max_depth': 3, 'learning_rate': 0.1, 'n_estimators': 50}","['spec_kurtosis', 'mfcc_std']",0.6507462686567164,0.5369458128078818,0.8257575757575758,0.531339151508653,0.8166089965397924,0.8445807770961146,0.7904306220095694,0.87846751369054,0.9461266220998821,0.9748784440842788,0.919022154316272,0.9910018982291732
XGB,0.8044939624321303,0.7854683446627583,0.8450701173611389,0.8582887700534759,0.8002695211427887,"{'max_depth': 3, 'learning_rate': 0.1, 'n_estimators': 50}","['spec_kurtosis', 'mfcc_var']",0.6507462686567164,0.5369458128078818,0.8257575757575758,0.531339151508653,0.8166089965397924,0.8445807770961146,0.7904306220095694,0.87846751369054,0.9461266220998821,0.9748784440842788,0.919022154316272,0.9910018982291732
XGB,0.8044939624321303,0.7854683446627583,0.8450701173611389,0.8582887700534759,0.8002695211427887,"{'max_depth': 3, 'learning_rate': 0.1, 'n_estimators': 50}","['spec_kurtosis', 'mfcc_var', 'mfcc_std']",0.6507462686567164,0.5369458128078818,0.8257575757575758,0.531339151508653,0.8166089965397924,0.8445807770961146,0.7904306220095694,0.87846751369054,0.9461266220998821,0.9748784440842788,0.919022154316272,0.9910018982291732
XGB,0.7995505508474325,0.8054723712203281,0.7942099008662477,0.8567608861726509,0.8481005164631169,"{'max_depth': 5, 'learning_rate': 0.01, 'n_estimators': 50}","['spec_skew', 'NDSI', 'mfcc_2']",0.6509803921568628,0.6747967479674797,0.6287878787878788,0.7035590960855425,0.8298993770963105,0.8310940499040307,0.8287081339712918,0.8705587723310388,0.9177718832891246,0.9105263157894737,0.9251336898395722,0.9701836809727695
XGB,0.792246553897692,0.797947618712957,0.7871923570065985,0.8483575248281131,0.8444526728705078,"{'max_depth': 5, 'learning_rate': 0.01, 'n_estimators': 50}","['spec_skew', 'spec_kurtosis', 'NDSI', 'mfcc_2']",0.6484375,0.6693548387096774,0.6287878787878788,0.6975391395342777,0.8174334140435835,0.8274509803921568,0.8076555023923445,0.8659830004660679,0.9108687476494923,0.8970370370370371,0.9251336898395722,0.9698358786111783
XGB,0.7909234397630819,0.7961228699082131,0.7861791287487883,0.8460656990068754,0.8427902637750821,"{'max_depth': 5, 'learning_rate': 0.01, 'n_estimators': 50}","['spec_kurtosis', 'NDSI', 'mfcc_2']",0.6484375,0.6693548387096774,0.6287878787878788,0.6940026140126899,0.8164829899377096,0.817658349328215,0.815311004784689,0.8655018516114705,0.9078498293515358,0.901355421686747,0.9144385026737968,0.9688663257010859
XGB,0.7817333905242853,0.7856242543263644,0.7785182653603706,0.8376623376623377,0.8224907523756925,"{'max_depth': 5, 'learning_rate': 0.01, 'n_estimators': 50}","['spec_skew', 'mfcc_2']",0.6396917148362236,0.6509803921568628,0.6287878787878788,0.6848933002328434,0.8027410670582477,0.8216432865731463,0.784688995215311,0.8287386657831504,0.9027673896783844,0.8842490842490842,0.922077922077922,0.9538402911110836
XGB,0.7795621982418681,0.7828871696387871,0.7767357341660747,0.8349885408708938,0.8040599515718001,"{'max_depth': 3, 'learning_rate': 0.01, 'n_estimators': 50}","['spec_skew', 'spec_kurtosis', 'mfcc_2']",0.6384615384615384,0.6484375,0.6287878787878788,0.6506644037754029,0.8,0.8159203980099502,0.784688995215311,0.8187410663981941,0.900225056264066,0.8843036109064112,0.9167303284950343,0.9427743845418033
XGB,0.7776588797292732,0.7804505806440826,0.7750845473755691,0.8319327731092437,0.7998164112854868,"{'max_depth': 3, 'learning_rate': 0.01, 'n_estimators': 50}","['spec_kurtosis', 'mfcc_2']",0.6384615384615384,0.6484375,0.6287878787878788,0.6505315594860294,0.7980676328502415,0.8058536585365854,0.7904306220095694,0.8061649938808528,0.8964474678760394,0.887060583395662,0.906035141329259,0.9427526804895783
XGB,0.7694523969238243,0.7581269446127458,0.7893996354522669,0.8304048892284186,0.8407517848452898,"{'max_depth': 5, 'learning_rate': 0.01, 'n_estimators': 50}","['NDSI', 'mfcc_2']",0.59,0.5267857142857143,0.6704545454545454,0.6938296329117127,0.8232579603137978,0.7950089126559715,0.8535885167464115,0.8609108533127956,0.8950992304576751,0.9525862068965517,0.8441558441558441,0.9675148683113609
XGB,0.7414303902991687,0.7558708877498055,0.7338825003685686,0.7841864018334607,0.7961618907058692,"{'max_depth': 3, 'learning_rate': 0.01, 'n_estimators': 50}",['mfcc_2'],0.650887573964497,0.6790123456790124,0.625,0.6654695325704081,0.7234927234927235,0.7918088737201365,0.6660287081339713,0.8012192547785618,0.8499108734402852,0.7967914438502673,0.9106187929717342,0.9217968847686374
XGB,0.6866980313953391,0.6831991374929024,0.7751740089975384,0.7379679144385026,0.697840264010234,"{'max_depth': 5, 'learning_rate': 0.1, 'n_estimators': 50}",['mfcc_1'],0.5730858468677494,0.41304347826086957,0.9356060606060606,0.4101608678480174,0.6121979286536249,0.7676767676767676,0.509090909090909,0.7403769490487796,0.8748103186646434,0.8688771665410701,0.8808250572956455,0.9429829751339053
XGB,0.6710648400520288,0.6641296522832111,0.7564016994357551,0.7207792207792207,0.6758759410220193,"{'max_depth': 3, 'learning_rate': 0.01, 'n_estimators': 100}","['mfcc_var', 'mfcc_std']",0.5574912891986062,0.4020100502512563,0.9090909090909091,0.4156964883282738,0.5952649379932357,0.7242798353909465,0.5052631578947369,0.6864645031953761,0.8604382929642446,0.8660990712074303,0.8548510313216195,0.9254668315424079
XGB,0.6710648400520288,0.6641296522832111,0.7564016994357551,0.7207792207792207,0.6758759410220193,"{'max_depth': 3, 'learning_rate': 0.01, 'n_estimators': 100}",['mfcc_var'],0.5574912891986062,0.4020100502512563,0.9090909090909091,0.4156964883282738,0.5952649379932357,0.7242798353909465,0.5052631578947369,0.6864645031953761,0.8604382929642446,0.8660990712074303,0.8548510313216195,0.9254668315424079
XGB,0.6710648400520288,0.6641296522832111,0.7564016994357551,0.7207792207792207,0.6758759410220193,"{'max_depth': 3, 'learning_rate': 0.01, 'n_estimators': 100}",['mfcc_std'],0.5574912891986062,0.4020100502512563,0.9090909090909091,0.4156964883282738,0.5952649379932357,0.7242798353909465,0.5052631578947369,0.6864645031953761,0.8604382929642446,0.8660990712074303,0.8548510313216195,0.9254668315424079
XGB,0.6361857460926998,0.6414764357585266,0.6766100858206121,0.7192513368983957,0.6971464368957433,"{'max_depth': 5, 'learning_rate': 0.1, 'n_estimators': 100}","['spec_skew', 'spec_kurtosis', 'NDSI']",0.3751493428912784,0.27399650959860383,0.5946969696969697,0.34099510422478746,0.6418703506907545,0.7216248506571087,0.5779904306220096,0.7834884223175173,0.8915375446960667,0.9288079470198676,0.8571428571428571,0.9669557841449254
XGB,0.6303734867610097,0.6388105379528654,0.6862650163733756,0.706646294881589,0.6961408852865746,"{'max_depth': 3, 'learning_rate': 0.1, 'n_estimators': 50}","['spec_skew', 'NDSI']",0.40451977401129946,0.2882447665056361,0.678030303030303,0.3639484609298213,0.6033519553072626,0.7248322147651006,0.5167464114832536,0.7651813067899245,0.883248730964467,0.9033546325878594,0.8640183346065698,0.9592928881399779
XGB,0.6268795734351004,0.6332746845094855,0.6580911950106997,0.7177234530175707,0.6753987475287987,"{'max_depth': 5, 'learning_rate': 0.1, 'n_estimators': 100}","['spec_kurtosis', 'NDSI']",0.34068627450980393,0.25181159420289856,0.5265151515151515,0.293500345665524,0.6466561348077936,0.7189695550351288,0.5875598086124402,0.7672579027082989,0.8932963109877033,0.929042904290429,0.8601986249045073,0.9654379942125728
XGB,0.5775710737080233,0.5821779804240944,0.6096998288948753,0.6554621848739496,0.6131900006297716,"{'max_depth': 3, 'learning_rate': 0.01, 'n_estimators': 100}",['NDSI'],0.330498177399757,0.24329159212880144,0.5151515151515151,0.24391173781156325,0.5632943568886629,0.6008676789587852,0.5301435406698565,0.6585773710074283,0.83892068683565,0.9023746701846965,0.7838044308632544,0.9370808930703229
XGB,0.5707732337507406,0.6066297912163695,0.6380420748841801,0.6600458365164248,0.6598713641130661,"{'max_depth': 5, 'learning_rate': 0.1, 'n_estimators': 100}","['spec_skew', 'spec_kurtosis']",0.35030549898167007,0.2395543175487465,0.6515151515151515,0.29995241173427234,0.4869675778766688,0.7253787878787878,0.36650717703349284,0.7346770165496573,0.8750466243938829,0.8549562682215743,0.8961038961038961,0.9449846640552687
XGB,0.5158026673202115,0.5719505317613548,0.6081532932152127,0.6077158135981665,0.6154537024445509,"{'max_depth': 5, 'learning_rate': 0.1, 'n_estimators': 100}",['spec_kurtosis'],0.3217391304347826,0.208803611738149,0.7007575757575758,0.22731490632711665,0.3562023562023562,0.6457286432160804,0.24593301435406698,0.693036187166401,0.8694665153234961,0.861319340329835,0.8777692895339955,0.926010013840135
XGB,0.5116282285770497,0.5948563430643062,0.6258039260361242,0.6077158135981665,0.6348993541513883,"{'max_depth': 5, 'learning_rate': 0.1, 'n_estimators': 100}",['spec_skew'],0.3385631709331131,0.21647307286166842,0.7765151515151515,0.28132039905677925,0.32272390821613617,0.7124183006535948,0.20861244019138755,0.7127580950496861,0.8735976065818998,0.8556776556776556,0.8922841864018335,0.9106195683476996
