Algorithm,F1_Macro_Global,Precision_Macro,Recall_Macro,Accuracy,PR_AUC_Macro,Best_Hyperparameters,Features_List,Heavy_F1,Heavy_Precision,Heavy_Recall,Heavy_PR_AUC,Moderate_F1,Moderate_Precision,Moderate_Recall,Moderate_PR_AUC,No Rain_F1,No Rain_Precision,No Rain_Recall,No Rain_PR_AUC
SGD,0.7336906622570757,0.7740818818723977,0.7146535613748729,0.7968511934992382,0.7803764165725321,"{'alpha': 0.001, 'penalty': 'l2', 'loss': 'log_loss', 'class_weight': 'balanced'}","['mfcc_6', 'mfcc_3', 'mfcc_5', 'mfcc_11', 'wav_detail_lvl5_std', 'wav_detail_lvl3_std', 'spec_centroid']",0.592156862745098,0.7475247524752475,0.4902597402597403,0.689279438781965,0.7103235747303543,0.7352472089314195,0.6870342771982116,0.7143309100433537,0.8985915492957747,0.8394736842105263,0.9666666666666667,0.9375189008922777
SGD,0.7332738117859813,0.7629013013124023,0.7176077717061324,0.7943118334179786,0.7680654175618358,"{'alpha': 0.001, 'penalty': 'l2', 'loss': 'log_loss', 'class_weight': 'balanced'}","['mfcc_6', 'mfcc_5', 'mfcc_11', 'wav_detail_lvl5_std', 'zcr_mean']",0.5877862595419847,0.7129629629629629,0.5,0.6710134447211002,0.7152516904583021,0.7212121212121212,0.7093889716840537,0.7137732783495667,0.8967834853576572,0.8545288197621226,0.9434343434343434,0.9194095296148405
SGD,0.7326945260991832,0.772671658326062,0.7138366490825506,0.7963433214829863,0.7794625066289091,"{'alpha': 0.001, 'penalty': 'elasticnet', 'loss': 'log_loss', 'class_weight': 'balanced'}","['mfcc_6', 'mfcc_3', 'mfcc_5', 'mfcc_11', 'wav_detail_lvl5_std', 'spec_centroid']",0.5909980430528375,0.7438423645320197,0.4902597402597403,0.6882805625289562,0.7078825347758887,0.7351524879614767,0.6825633383010432,0.712958313449338,0.8992030004688233,0.8390201224846894,0.9686868686868687,0.9371486439084333
SGD,0.7309817975287992,0.7589100385084864,0.7159408290555831,0.7922803453529711,0.7662512262231854,"{'alpha': 0.001, 'penalty': 'l2', 'loss': 'log_loss', 'class_weight': 'balanced'}","['mfcc_6', 'mfcc_5', 'mfcc_11', 'wav_detail_lvl5_std', 'wav_detail_lvl3_std', 'zcr_mean']",0.5844402277039848,0.7031963470319634,0.5,0.6660185171037243,0.7127819548872181,0.7192716236722306,0.706408345752608,0.7135381889762988,0.8957232099951946,0.854262144821265,0.9414141414141414,0.9191969725895329
SGD,0.7299491342901981,0.7724657650101842,0.7105185342890262,0.7943118334179786,0.7899792267179078,"{'alpha': 0.001, 'penalty': 'l2', 'loss': 'log_loss', 'class_weight': 'balanced'}","['mfcc_6', 'mfcc_3', 'mfcc_5', 'mfcc_11', 'wav_detail_lvl5_std', 'wav_detail_lvl3_std', 'zcr_mean', 'spec_centroid']",0.5877712031558185,0.7487437185929648,0.4837662337662338,0.6920348001509665,0.7048799380325329,0.7338709677419355,0.6780923994038748,0.7371749663090338,0.897196261682243,0.8347826086956521,0.9696969696969697,0.9407279136937231
SGD,0.7296798003338912,0.7633955188939039,0.7131624598837715,0.7968511934992382,0.7695858277625381,"{'alpha': 0.0001, 'penalty': 'elasticnet', 'loss': 'log_loss', 'class_weight': 'balanced'}","['mfcc_6', 'mfcc_5', 'mfcc_11', 'wav_detail_lvl5_std', 'mfcc_10', 'wav_detail_lvl3_std', 'zcr_mean', 'spec_centroid']",0.5741811175337187,0.7061611374407583,0.4837662337662338,0.6535182303867599,0.7114197530864198,0.7376,0.6870342771982116,0.7317144041620524,0.9034385303815355,0.8464254192409533,0.9686868686868687,0.9235248487388021
SGD,0.7293778680592983,0.7556952306272309,0.7149804051443396,0.7922803453529711,0.7616300627964933,"{'alpha': 0.001, 'penalty': 'l2', 'loss': 'log_loss', 'class_weight': 'balanced'}","['mfcc_6', 'mfcc_5', 'mfcc_11', 'wav_detail_lvl3_std', 'zcr_mean']",0.5800376647834274,0.6905829596412556,0.5,0.6461965583821192,0.709628506444276,0.7222222222222222,0.6974664679582713,0.7181832086269004,0.8984674329501916,0.8542805100182149,0.9474747474747475,0.9205104213804604
SGD,0.7291516203092062,0.7653065765736452,0.7124429304757175,0.7958354494667343,0.773812521143317,"{'alpha': 0.001, 'penalty': 'l2', 'loss': 'log_loss', 'class_weight': 'balanced'}","['mfcc_6', 'mfcc_5', 'mfcc_11', 'wav_detail_lvl5_std', 'spec_centroid']",0.5669291338582677,0.72,0.4675324675324675,0.670779060953215,0.7202380952380952,0.7191679049034175,0.7213114754098361,0.7291161581555601,0.900287631831256,0.8567518248175182,0.9484848484848485,0.9215423443211763
SGD,0.7290000846797868,0.7583884654272142,0.713659625135035,0.7882173692229558,0.7726405417863799,"{'alpha': 0.0001, 'penalty': 'elasticnet', 'loss': 'log_loss', 'class_weight': 'balanced'}","['mfcc_6', 'mfcc_3', 'mfcc_5', 'mfcc_8', 'mfcc_10', 'wav_detail_lvl3_std', 'zcr_mean', 'spec_centroid']",0.6074074074074074,0.7068965517241379,0.5324675324675324,0.6594674493036057,0.6863527533918595,0.738831615120275,0.6408345752608048,0.714064969095058,0.8932400932400932,0.8294372294372294,0.9676767676767677,0.944389206960476
SGD,0.7289368626108054,0.7653109571046791,0.7121227891719695,0.7958354494667343,0.7687166712271966,"{'alpha': 0.001, 'penalty': 'l2', 'loss': 'log_loss', 'class_weight': 'balanced'}","['mfcc_6', 'mfcc_5', 'wav_detail_lvl5_std', 'mfcc_10', 'wav_detail_lvl3_std', 'spec_centroid']",0.5669291338582677,0.72,0.4675324675324675,0.6540858057970952,0.7194029850746269,0.7204783258594918,0.7183308494783904,0.7290740607592298,0.9004784688995215,0.8554545454545455,0.9505050505050505,0.9229901471252648
SGD,0.7286047513108275,0.7572819710689794,0.713456185587333,0.7912646013204673,0.7692069293302116,"{'alpha': 0.001, 'penalty': 'elasticnet', 'loss': 'log_loss', 'class_weight': 'balanced'}","['mfcc_6', 'mfcc_5', 'wav_detail_lvl5_std', 'zcr_mean']",0.579047619047619,0.7004608294930875,0.4935064935064935,0.6679011977780698,0.7108433734939759,0.7184170471841704,0.7034277198211625,0.7158702882649471,0.8959232613908873,0.8529680365296803,0.9434343434343434,0.9238493019476182
SGD,0.7280240002597221,0.745878243116043,0.7182366206956371,0.7912646013204673,0.7735714299025989,"{'alpha': 0.0001, 'penalty': 'l2', 'loss': 'log_loss', 'class_weight': 'balanced'}","['mfcc_6', 'mfcc_5', 'mfcc_11', 'wav_detail_lvl5_std', 'zcr_mean', 'spec_centroid']",0.5880281690140845,0.6423076923076924,0.5422077922077922,0.6627416986118002,0.6917534027221778,0.7474048442906575,0.6438152011922503,0.7318382144647512,0.9042904290429042,0.847922192749779,0.9686868686868687,0.926134376631245
SGD,0.7279869317568345,0.761657522881463,0.7111055914334603,0.7912646013204673,0.7718347402834672,"{'alpha': 0.001, 'penalty': 'l2', 'loss': 'log_loss', 'class_weight': 'balanced'}","['mfcc_6', 'mfcc_3', 'mfcc_5', 'mfcc_11', 'wav_detail_lvl5_std', 'wav_detail_lvl3_std', 'zcr_mean']",0.5889101338432122,0.7162790697674418,0.5,0.6817227338391207,0.6978193146417445,0.7308319738988581,0.6676602086438153,0.6958070002084792,0.8972313467855467,0.8378615249780894,0.9656565656565657,0.9379744868028017
SGD,0.7279153520635209,0.7685774811502878,0.7101124437190011,0.797866937531742,0.7770177321703926,"{'alpha': 0.001, 'penalty': 'elasticnet', 'loss': 'log_loss', 'class_weight': 'balanced'}","['mfcc_6', 'mfcc_5', 'mfcc_11', 'wav_detail_lvl5_std', 'mfcc_10', 'zcr_mean', 'spec_centroid']",0.5617529880478087,0.7268041237113402,0.4577922077922078,0.6653878094128635,0.7180650037792895,0.7285276073619632,0.7078986587183308,0.7462119408597897,0.9039280643634643,0.8504007123775601,0.9646464646464646,0.9194534462385249
SGD,0.7279089409941597,0.7661002614221161,0.7097572130359016,0.7922803453529711,0.7782287058927783,"{'alpha': 0.001, 'penalty': 'l2', 'loss': 'log_loss', 'class_weight': 'balanced'}","['mfcc_6', 'mfcc_3', 'mfcc_5', 'wav_detail_lvl5_std', 'spec_centroid']",0.5847953216374269,0.7317073170731707,0.487012987012987,0.6843564608560992,0.7017001545595054,0.7287319422150883,0.676602086438152,0.711228842921528,0.8972313467855467,0.8378615249780894,0.9656565656565657,0.9391008139007075
SGD,0.7278355408970075,0.7427537504397875,0.7207011567667306,0.7902488572879635,0.7741358512830835,"{'alpha': 0.001, 'penalty': 'l2', 'loss': 'log_loss', 'class_weight': 'balanced'}","['mfcc_6', 'mfcc_3', 'mfcc_5', 'mfcc_10', 'zcr_mean', 'spec_centroid']",0.5948717948717949,0.628158844765343,0.564935064935065,0.6643146123721149,0.6818551668022783,0.7508960573476703,0.624441132637854,0.7234979022036637,0.9067796610169492,0.8492063492063492,0.9727272727272728,0.934595039273472
SGD,0.727747826039343,0.7562818038658085,0.7126680544713332,0.7917724733367192,0.7820396150510137,"{'alpha': 0.001, 'penalty': 'elasticnet', 'loss': 'log_loss', 'class_weight': 'balanced'}","['mfcc_3', 'mfcc_5', 'mfcc_11', 'wav_detail_lvl5_std', 'zcr_mean', 'spec_centroid']",0.583804143126177,0.695067264573991,0.5032467532467533,0.6949163246210163,0.6986831913245546,0.7274193548387097,0.6721311475409836,0.7200824982298408,0.9007561436672968,0.8463587921847247,0.9626262626262626,0.931120022302184
SGD,0.7276693522236976,0.7486494434922079,0.7155615483484336,0.7922803453529711,0.7703219131891373,"{'alpha': 0.0001, 'penalty': 'elasticnet', 'loss': 'log_loss', 'class_weight': 'balanced'}","['mfcc_6', 'mfcc_5', 'mfcc_11', 'wav_detail_lvl5_std', 'wav_detail_lvl3_std', 'spec_centroid']",0.5766423357664233,0.6583333333333333,0.512987012987013,0.6632342186296522,0.703416149068323,0.7341977309562399,0.6751117734724292,0.7249161521128671,0.9029495718363464,0.8534172661870504,0.9585858585858585,0.9228153688248927
SGD,0.7276386501219352,0.7600060800912075,0.7111943005385628,0.7907567293042154,0.7722432455487359,"{'alpha': 0.001, 'penalty': 'l2', 'loss': 'log_loss', 'class_weight': 'balanced'}","['mfcc_6', 'mfcc_3', 'mfcc_5', 'mfcc_11', 'wav_detail_lvl5_std', 'zcr_mean']",0.5893536121673004,0.7110091743119266,0.5032467532467533,0.6833899491174996,0.6963309914129586,0.7311475409836066,0.6646795827123696,0.6951216247448302,0.8972313467855467,0.8378615249780894,0.9656565656565657,0.9382181627838779
SGD,0.7276353731679617,0.7563713417163772,0.7124626436101846,0.7902488572879635,0.767347405927469,"{'alpha': 0.001, 'penalty': 'l2', 'loss': 'log_loss', 'class_weight': 'balanced'}","['mfcc_6', 'mfcc_5', 'wav_detail_lvl5_std', 'wav_detail_lvl3_std', 'zcr_mean']",0.579047619047619,0.7004608294930875,0.4935064935064935,0.6630638206769719,0.7083647324792766,0.7164634146341463,0.7004470938897168,0.7150151931627853,0.8954937679769894,0.8521897810218978,0.9434343434343434,0.9239632039426497
SGD,0.7272865770056134,0.7493445337641124,0.7151318020170478,0.7922803453529711,0.7734291618078508,"{'alpha': 0.0001, 'penalty': 'l2', 'loss': 'log_loss', 'class_weight': 'balanced'}","['mfcc_6', 'mfcc_5', 'wav_detail_lvl5_std', 'zcr_mean', 'spec_centroid']",0.5807622504537205,0.6584362139917695,0.5194805194805194,0.6594885769909783,0.6972332015810276,0.7424242424242424,0.6572280178837556,0.7335196344476939,0.9038642789820923,0.8471731448763251,0.9686868686868687,0.9272792739848805
SGD,0.7271949966728798,0.7647708949065354,0.7092604420473273,0.7917724733367192,0.7783662085808838,"{'alpha': 0.001, 'penalty': 'l2', 'loss': 'log_loss', 'class_weight': 'balanced'}","['mfcc_6', 'mfcc_3', 'mfcc_5', 'wav_detail_lvl5_std', 'wav_detail_lvl3_std', 'spec_centroid']",0.5836575875486382,0.7281553398058253,0.487012987012987,0.6851438011200329,0.7006960556844548,0.7282958199356914,0.6751117734724292,0.7109298695187196,0.8972313467855467,0.8378615249780894,0.9656565656565657,0.9390249551038988
SGD,0.7270510721294229,0.7719337758988397,0.7072717810422727,0.792788217369223,0.7882981100215506,"{'alpha': 0.001, 'penalty': 'l2', 'loss': 'log_loss', 'class_weight': 'balanced'}","['mfcc_6', 'mfcc_3', 'mfcc_5', 'mfcc_11', 'wav_detail_lvl5_std', 'zcr_mean', 'spec_centroid']",0.5816733067729084,0.7525773195876289,0.474025974025974,0.6899008534416945,0.7027027027027027,0.7291666666666666,0.6780923994038748,0.7342325929933481,0.8967772069126576,0.8340573414422241,0.9696969696969697,0.9407608836296089
SGD,0.7270293421011652,0.7608751401665956,0.7101120494563117,0.7902488572879635,0.7733503331294779,"{'alpha': 0.001, 'penalty': 'l2', 'loss': 'log_loss', 'class_weight': 'balanced'}","['mfcc_6', 'mfcc_3', 'mfcc_5', 'wav_detail_lvl5_std']",0.5889101338432122,0.7162790697674418,0.5,0.6831814291573115,0.6957878315132605,0.7299509001636661,0.6646795827123696,0.6984012782204082,0.896390060947023,0.8363954505686789,0.9656565656565657,0.9384682920107138
SGD,0.7269475034400962,0.764016180906423,0.7103663488909392,0.7958354494667343,0.7716901673882814,"{'alpha': 0.001, 'penalty': 'elasticnet', 'loss': 'log_loss', 'class_weight': 'balanced'}","['mfcc_6', 'mfcc_5', 'mfcc_11', 'wav_detail_lvl5_std', 'mfcc_10', 'wav_detail_lvl3_std', 'spec_centroid']",0.5584158415841585,0.7157360406091371,0.4577922077922078,0.6572294722980403,0.7206537890044576,0.7185185185185186,0.7228017883755589,0.7372430828198434,0.9017728797316723,0.8577939835916135,0.9505050505050505,0.9205979470469605
SGD,0.7269256542240528,0.7645787203231396,0.7101897192061126,0.7953275774504824,0.7745355596565822,"{'alpha': 0.001, 'penalty': 'l2', 'loss': 'log_loss', 'class_weight': 'balanced'}","['mfcc_6', 'mfcc_5', 'mfcc_11', 'wav_detail_lvl5_std', 'mfcc_10', 'spec_centroid']",0.5595238095238095,0.7193877551020408,0.4577922077922078,0.6613909412145725,0.720533728687917,0.7168141592920354,0.7242921013412816,0.741134394518957,0.9007194244604316,0.8575342465753425,0.9484848484848485,0.9210813432362167
SGD,0.7269205189361498,0.7599609712457083,0.7102721201081857,0.7902488572879635,0.7716350226116228,"{'alpha': 0.001, 'penalty': 'l2', 'loss': 'log_loss', 'class_weight': 'balanced'}","['mfcc_6', 'mfcc_3', 'mfcc_5', 'wav_detail_lvl5_std', 'wav_detail_lvl3_std', 'zcr_mean']",0.5877862595419847,0.7129629629629629,0.5,0.6805753893768904,0.6962616822429907,0.7292006525285482,0.6661698956780924,0.6949961723621422,0.8967136150234741,0.8377192982456141,0.9646464646464646,0.9393335060958358
SGD,0.7269023487307145,0.7566250576717045,0.7116831862733503,0.7907567293042154,0.7648825231721101,"{'alpha': 0.001, 'penalty': 'l2', 'loss': 'log_loss', 'class_weight': 'balanced'}","['mfcc_6', 'mfcc_5', 'mfcc_11', 'wav_detail_lvl5_std']",0.5719769673704415,0.6995305164319249,0.4837662337662338,0.6630148981259874,0.7135377711293942,0.7162162162162162,0.7108792846497765,0.7122205598848538,0.8951923076923077,0.8541284403669724,0.9404040404040404,0.919412111505489
SGD,0.7266714545785212,0.764390812014191,0.7089115195672573,0.7907567293042154,0.7825949289372652,"{'alpha': 0.001, 'penalty': 'l2', 'loss': 'log_loss', 'class_weight': 'balanced'}","['mfcc_6', 'mfcc_5', 'mfcc_11', 'wav_detail_lvl5_std', 'mfcc_8', 'wav_detail_lvl3_std', 'zcr_mean', 'spec_centroid']",0.5776031434184676,0.7313432835820896,0.4772727272727273,0.6721691043420412,0.7079245283018868,0.7171253822629969,0.698956780923994,0.7395540588625975,0.8944866920152091,0.8447037701974865,0.9505050505050505,0.936061623607157
SGD,0.7264893349416394,0.7710553772780132,0.7080193031012701,0.7973590655154901,0.7770926382592735,"{'alpha': 0.001, 'penalty': 'elasticnet', 'loss': 'log_loss', 'class_weight': 'balanced'}","['mfcc_6', 'mfcc_5', 'mfcc_11', 'wav_detail_lvl5_std', 'wav_detail_lvl3_std', 'zcr_mean', 'spec_centroid']",0.5575757575757576,0.7379679144385026,0.44805194805194803,0.6711212431227349,0.7193378480060195,0.7264437689969605,0.7123695976154992,0.7387343818468172,0.902554399243141,0.8487544483985765,0.9636363636363636,0.9214222898082685
SGD,0.7264836991642362,0.7410564214385739,0.72031044244159,0.7882173692229558,0.7748501757034886,"{'alpha': 0.001, 'penalty': 'l2', 'loss': 'log_loss', 'class_weight': 'balanced'}","['mfcc_6', 'mfcc_3', 'mfcc_5', 'mfcc_11', 'mfcc_10', 'zcr_mean', 'spec_centroid']",0.5989847715736041,0.6254416961130742,0.5746753246753247,0.667939186771921,0.6748768472906403,0.7513711151736746,0.6125186289120715,0.7282075263197446,0.9055894786284641,0.8463564530289728,0.9737373737373738,0.9284038140188003
SGD,0.72646075638438,0.7549977351798846,0.7114430802955393,0.7902488572879635,0.7734706571531649,"{'alpha': 0.001, 'penalty': 'elasticnet', 'loss': 'log_loss', 'class_weight': 'balanced'}","['mfcc_3', 'mfcc_5', 'mfcc_11', 'wav_detail_lvl5_std', 'spec_centroid']",0.5853658536585366,0.6933333333333334,0.5064935064935064,0.6945562988780508,0.6947697111631538,0.7295081967213115,0.6631892697466468,0.7007037617025764,0.89924670433145,0.8421516754850088,0.9646464646464646,0.9251519108788676
SGD,0.7263586405599743,0.7596629663444778,0.7096866400145089,0.7902488572879635,0.7724197053614996,"{'alpha': 0.001, 'penalty': 'l2', 'loss': 'log_loss', 'class_weight': 'balanced'}","['mfcc_6', 'mfcc_3', 'mfcc_5', 'wav_detail_lvl5_std', 'wav_detail_lvl3_std']",0.5850860420650096,0.7116279069767442,0.4967532467532468,0.6797016435692451,0.6972762645914397,0.7296416938110749,0.6676602086438153,0.699194019997822,0.8967136150234741,0.8377192982456141,0.9646464646464646,0.9383634525174319
SGD,0.7262521644239276,0.7548420621354217,0.7112203218760597,0.7897409852717115,0.7676210505140167,"{'alpha': 0.001, 'penalty': 'l2', 'loss': 'log_loss', 'class_weight': 'balanced'}","['mfcc_6', 'mfcc_5', 'wav_detail_lvl5_std']",0.5752380952380952,0.695852534562212,0.4902597402597403,0.6645233592826882,0.7079245283018868,0.7171253822629969,0.698956780923994,0.7156709037183537,0.8955938697318008,0.8515482695810564,0.9444444444444444,0.9226688885410086
SGD,0.7260944375527552,0.760886777406475,0.7097217293938606,0.7958354494667343,0.7672163928937369,"{'alpha': 0.001, 'penalty': 'l2', 'loss': 'log_loss', 'class_weight': 'balanced'}","['mfcc_6', 'mfcc_5', 'mfcc_10', 'wav_detail_lvl3_std', 'zcr_mean', 'spec_centroid']",0.5614035087719298,0.7024390243902439,0.4675324675324675,0.6437359494180874,0.7124332570556827,0.7296875,0.6959761549925484,0.7328225428644757,0.9044465468306528,0.8505338078291815,0.9656565656565657,0.9250906863986472
SGD,0.7260533167599891,0.7608547541709102,0.7089410892689582,0.7902488572879635,0.7711896797193761,"{'alpha': 0.001, 'penalty': 'l2', 'loss': 'log_loss', 'class_weight': 'balanced'}","['mfcc_6', 'mfcc_3', 'mfcc_5', 'mfcc_11', 'wav_detail_lvl5_std']",0.5846153846153846,0.7169811320754716,0.4935064935064935,0.6817863102915798,0.6967340590979783,0.7284552845528456,0.6676602086438153,0.6971333179099146,0.8968105065666041,0.8371278458844134,0.9656565656565657,0.934649410956634
SGD,0.7259966409179809,0.7670456381551736,0.7081967213114755,0.7963433214829863,0.7744536090500908,"{'alpha': 0.001, 'penalty': 'l2', 'loss': 'log_loss', 'class_weight': 'balanced'}","['mfcc_6', 'mfcc_5', 'wav_detail_lvl5_std', 'mfcc_10', 'wav_detail_lvl3_std', 'zcr_mean', 'spec_centroid']",0.5588822355289421,0.7253886010362695,0.45454545454545453,0.6595551903001683,0.7165532879818595,0.7269938650306749,0.706408345752608,0.740188686112899,0.902554399243141,0.8487544483985765,0.9636363636363636,0.9236169507372051
SGD,0.7257461905801667,0.7418842005111711,0.7155150253510909,0.7846622651091925,0.76671888709839,"{'alpha': 0.001, 'penalty': 'elasticnet', 'loss': 'log_loss', 'class_weight': 'balanced'}","['mfcc_6', 'mfcc_5', 'mfcc_8', 'wav_detail_lvl3_std']",0.5907473309608541,0.6535433070866141,0.538961038961039,0.6433298950191331,0.6924864446165763,0.7209677419354839,0.6661698956780924,0.7281850185285108,0.8940047961630695,0.8511415525114155,0.9414141414141414,0.9286417477475264
SGD,0.7255411751274782,0.7619113980942921,0.7089647450303188,0.7938039614017267,0.7721966585190566,"{'alpha': 0.001, 'penalty': 'l2', 'loss': 'log_loss', 'class_weight': 'balanced'}","['mfcc_6', 'mfcc_5', 'wav_detail_lvl5_std', 'wav_detail_lvl3_std', 'spec_centroid']",0.5601577909270217,0.7135678391959799,0.461038961038961,0.6643378310901256,0.7164179104477612,0.7174887892376681,0.7153502235469449,0.7288350851922066,0.9000478240076518,0.8546775658492279,0.9505050505050505,0.9234170592748377
SGD,0.7253940769115134,0.7546974378633422,0.7102547725498546,0.7912646013204673,0.7847339337484821,"{'alpha': 0.001, 'penalty': 'l2', 'loss': 'log_loss', 'class_weight': 'balanced'}","['mfcc_3', 'mfcc_5', 'mfcc_11', 'wav_detail_lvl5_std', 'wav_detail_lvl3_std', 'zcr_mean', 'spec_centroid']",0.5757575757575758,0.6909090909090909,0.4935064935064935,0.6968427806696278,0.6991492652745553,0.7266881028938906,0.6736214605067065,0.7269041763673612,0.9012753897024091,0.8464951197870453,0.9636363636363636,0.9304548442084574
SGD,0.72530655622382,0.7505829344255366,0.7112175620372342,0.7866937531742001,0.7724498658663587,"{'alpha': 0.001, 'penalty': 'l2', 'loss': 'log_loss', 'class_weight': 'balanced'}","['mfcc_6', 'mfcc_5', 'mfcc_11', 'mfcc_8', 'mfcc_10', 'wav_detail_lvl3_std', 'zcr_mean', 'spec_centroid']",0.587360594795539,0.6869565217391305,0.512987012987013,0.6473376541802892,0.6939721792890263,0.7207062600321027,0.669150521609538,0.7345486381437158,0.8945868945868946,0.8440860215053764,0.9515151515151515,0.9354633052750708
SGD,0.7252705619505141,0.760069384168041,0.7088882580685859,0.7948197054342305,0.7691413580192773,"{'alpha': 0.001, 'penalty': 'l2', 'loss': 'log_loss', 'class_weight': 'balanced'}","['mfcc_6', 'mfcc_5', 'wav_detail_lvl3_std', 'zcr_mean', 'spec_centroid']",0.5614035087719298,0.7024390243902439,0.4675324675324675,0.6453525620002044,0.7109077040427155,0.728125,0.6944858420268256,0.7359472909367129,0.9035004730368968,0.849644128113879,0.9646464646464646,0.9261242211209145
SGD,0.7252491726142266,0.7579328203185706,0.7087818071424629,0.7887252412392077,0.7720281706150947,"{'alpha': 0.001, 'penalty': 'l2', 'loss': 'log_loss', 'class_weight': 'balanced'}","['mfcc_6', 'mfcc_3', 'mfcc_5', 'wav_detail_lvl5_std', 'zcr_mean']",0.5866666666666667,0.7096774193548387,0.5,0.6819782839783849,0.6932084309133489,0.7278688524590164,0.6616989567809239,0.6946096059187157,0.8958724202626641,0.8362521891418564,0.9646464646464646,0.9394966219481834
SGD,0.725236046092918,0.7515584630126714,0.7112479202643137,0.7846622651091925,0.7662539303627366,"{'alpha': 0.0001, 'penalty': 'l2', 'loss': 'log_loss', 'class_weight': 'balanced'}","['mfcc_6', 'mfcc_3', 'mfcc_5', 'mfcc_8', 'mfcc_10', 'wav_detail_lvl3_std', 'spec_centroid']",0.6043956043956044,0.6932773109243697,0.5357142857142857,0.650168351900433,0.6783719074221868,0.7302405498281787,0.6333830104321908,0.7041911371507891,0.8929406264609631,0.8311575282854656,0.9646464646464646,0.9444023020369877
SGD,0.725188980763281,0.7656857343092717,0.7075398796710273,0.7958354494667343,0.7760599101282121,"{'alpha': 0.001, 'penalty': 'elasticnet', 'loss': 'log_loss', 'class_weight': 'balanced'}","['mfcc_6', 'mfcc_5', 'wav_detail_lvl5_std', 'mfcc_10', 'zcr_mean', 'spec_centroid']",0.5577689243027888,0.7216494845360825,0.45454545454545453,0.662152710114111,0.7151515151515152,0.7272727272727273,0.7034277198211625,0.7425566181319176,0.9026465028355387,0.8481349911190054,0.9646464646464646,0.9234704021386079
SGD,0.7250135632738063,0.7441879281330109,0.713841380234823,0.787201625190452,0.7719974491290528,"{'alpha': 0.0001, 'penalty': 'l2', 'loss': 'log_loss', 'class_weight': 'balanced'}","['mfcc_6', 'mfcc_5', 'wav_detail_lvl5_std', 'spec_centroid']",0.585278276481149,0.6546184738955824,0.5292207792207793,0.6606141051935841,0.6912804399057345,0.7308970099667774,0.6557377049180327,0.7291628633280522,0.8984819734345351,0.8470483005366727,0.9565656565656566,0.926215378865522
SGD,0.724938788010908,0.7481214762986266,0.7126834307162175,0.7861858811579482,0.762815094333123,"{'alpha': 0.0001, 'penalty': 'l2', 'loss': 'log_loss', 'class_weight': 'balanced'}","['mfcc_6', 'mfcc_3', 'mfcc_5', 'mfcc_8', 'mfcc_10', 'wav_detail_lvl3_std']",0.5981981981981982,0.6720647773279352,0.538961038961039,0.6471023782477159,0.6795180722891566,0.7369337979094077,0.6304023845007451,0.7013867924200904,0.8971000935453695,0.8353658536585366,0.9686868686868687,0.9399561123315627
SGD,0.7248959382456014,0.759232732657817,0.708018908838581,0.7897409852717115,0.7702967243997808,"{'alpha': 0.001, 'penalty': 'l2', 'loss': 'log_loss', 'class_weight': 'balanced'}","['mfcc_6', 'mfcc_3', 'mfcc_5', 'mfcc_11', 'wav_detail_lvl5_std', 'wav_detail_lvl3_std']",0.5807692307692308,0.7122641509433962,0.4902597402597403,0.6784267203558377,0.6972049689440993,0.7277147487844409,0.669150521609538,0.6980240111259588,0.8967136150234741,0.8377192982456141,0.9646464646464646,0.9344394417175458
SGD,0.7247774498213477,0.7492802440723786,0.7110574913853602,0.7866937531742001,0.7747748144464323,"{'alpha': 0.001, 'penalty': 'l2', 'loss': 'log_loss', 'class_weight': 'balanced'}","['mfcc_6', 'mfcc_5', 'mfcc_11', 'mfcc_8', 'wav_detail_lvl3_std', 'zcr_mean', 'spec_centroid']",0.5851851851851851,0.6810344827586207,0.512987012987013,0.6488203861314646,0.6940356312935708,0.7225806451612903,0.6676602086438153,0.739199156477918,0.8951115329852871,0.8442256042972247,0.9525252525252526,0.9363049007299142
SGD,0.7247410723455575,0.7474967204959038,0.7117316805841396,0.7861858811579482,0.7731211651334329,"{'alpha': 0.001, 'penalty': 'elasticnet', 'loss': 'log_loss', 'class_weight': 'balanced'}","['mfcc_6', 'mfcc_5', 'mfcc_8', 'wav_detail_lvl3_std', 'zcr_mean', 'spec_centroid']",0.5871559633027523,0.6751054852320675,0.5194805194805194,0.6494793815720769,0.6915306915306916,0.7224025974025974,0.6631892697466468,0.7340076073986431,0.8955365622032289,0.8449820788530465,0.9525252525252526,0.9358765064295785
SGD,0.7247263908412251,0.755686913920273,0.7094299750037454,0.7902488572879635,0.7632297325516376,"{'alpha': 0.001, 'penalty': 'l2', 'loss': 'log_loss', 'class_weight': 'balanced'}","['mfcc_6', 'mfcc_5', 'mfcc_11', 'wav_detail_lvl5_std', 'mfcc_10']",0.5647969052224371,0.6985645933014354,0.474025974025974,0.654584378905256,0.7133283693224125,0.7127976190476191,0.713859910581222,0.7181394913443541,0.8960538979788258,0.8556985294117647,0.9404040404040404,0.9169653274053027
SGD,0.7246597421685834,0.7501260914997369,0.7114395319313352,0.7887252412392077,0.7746652504978543,"{'alpha': 0.0001, 'penalty': 'l2', 'loss': 'log_loss', 'class_weight': 'balanced'}","['mfcc_6', 'mfcc_3', 'mfcc_5', 'mfcc_10', 'wav_detail_lvl3_std', 'zcr_mean', 'spec_centroid']",0.5886654478976234,0.6736401673640168,0.5227272727272727,0.654645232860467,0.6848,0.7392055267702936,0.6378539493293591,0.7300197185410162,0.9005137786081271,0.8375325803649001,0.9737373737373738,0.9393308000920798
SGD,0.7246374308289479,0.7402707844762485,0.7194245341786325,0.7826307770441848,0.7681480422665006,"{'alpha': 0.0001, 'penalty': 'elasticnet', 'loss': 'log_loss', 'class_weight': 'balanced'}","['mfcc_3', 'mfcc_5', 'wav_detail_lvl5_std', 'spec_centroid']",0.6153846153846154,0.6344827586206897,0.5974025974025974,0.6874965904639961,0.6616541353383458,0.752851711026616,0.5901639344262295,0.6864498214094804,0.8968735417638825,0.8334778837814397,0.9707070707070707,0.9304977149260252
SGD,0.7244982337292737,0.7651099557468092,0.7056229744754335,0.7882173692229558,0.7791606482971717,"{'alpha': 0.0001, 'penalty': 'elasticnet', 'loss': 'log_loss', 'class_weight': 'balanced'}","['mfcc_6', 'mfcc_3', 'mfcc_5', 'wav_detail_lvl5_std', 'mfcc_8', 'mfcc_10', 'zcr_mean', 'spec_centroid']",0.5870841487279843,0.7389162561576355,0.487012987012987,0.6765314867093521,0.6936866718628215,0.7271241830065359,0.6631892697466468,0.7175262357861552,0.8927238805970149,0.8292894280762565,0.9666666666666667,0.943424222396008
SGD,0.7244939284888531,0.7530996485399966,0.7096152784677375,0.7897409852717115,0.7756549566664773,"{'alpha': 0.001, 'penalty': 'l2', 'loss': 'log_loss', 'class_weight': 'balanced'}","['mfcc_3', 'mfcc_5', 'mfcc_11', 'wav_detail_lvl5_std', 'wav_detail_lvl3_std', 'spec_centroid']",0.5789473684210527,0.6875,0.5,0.695641344225157,0.6947697111631538,0.7295081967213115,0.6631892697466468,0.7062736886409267,0.8997647058823529,0.8422907488986784,0.9656565656565657,0.9250498371333481
SGD,0.7244017190184494,0.752743566193805,0.7096499735843999,0.7877094972067039,0.7668794101463557,"{'alpha': 0.001, 'penalty': 'l2', 'loss': 'log_loss', 'class_weight': 'balanced'}","['mfcc_6', 'mfcc_3', 'mfcc_5', 'mfcc_11', 'wav_detail_lvl3_std']",0.5884543761638734,0.6899563318777293,0.512987012987013,0.6609111737882735,0.6877470355731226,0.7323232323232324,0.6482861400894188,0.7040024964301932,0.897003745318352,0.8359511343804538,0.9676767676767677,0.9357245602206004
SGD,0.7242406436648361,0.7458479908893262,0.7117517879812962,0.7882173692229558,0.7594933949290857,"{'alpha': 0.001, 'penalty': 'elasticnet', 'loss': 'log_loss', 'class_weight': 'balanced'}","['mfcc_6', 'mfcc_5', 'mfcc_11', 'wav_detail_lvl3_std']",0.5719557195571956,0.6623931623931624,0.5032467532467533,0.6422356176103814,0.7028265851795263,0.7210031347962382,0.6855439642324889,0.7166665752164738,0.8979396262577863,0.854147675478578,0.9464646464646465,0.9195779919604019
SGD,0.7241829298661431,0.7593530741273439,0.7072611359496607,0.7892331132554596,0.7813642173197662,"{'alpha': 0.001, 'penalty': 'l2', 'loss': 'log_loss', 'class_weight': 'balanced'}","['mfcc_6', 'mfcc_5', 'wav_detail_lvl5_std', 'mfcc_8', 'wav_detail_lvl3_std', 'zcr_mean', 'spec_centroid']",0.5730994152046783,0.7170731707317073,0.4772727272727273,0.6712434579819373,0.7040121120363361,0.7153846153846154,0.6929955290611028,0.7376868994475622,0.8954372623574145,0.8456014362657092,0.9515151515151515,0.935162294529799
SGD,0.7241685055272304,0.759251766625006,0.7072445769167081,0.7887252412392077,0.7821130264095872,"{'alpha': 0.001, 'penalty': 'l2', 'loss': 'log_loss', 'class_weight': 'balanced'}","['mfcc_6', 'mfcc_5', 'mfcc_11', 'wav_detail_lvl5_std', 'mfcc_8', 'zcr_mean', 'spec_centroid']",0.5730994152046783,0.7170731707317073,0.4772727272727273,0.6688774171912337,0.7059712773998488,0.7162576687116564,0.6959761549925484,0.743250373936415,0.8934348239771646,0.8444244604316546,0.9484848484848485,0.934211288101113
SGD,0.7241171096952387,0.7412403647393978,0.7133513117119675,0.7821229050279329,0.7681109584676329,"{'alpha': 0.001, 'penalty': 'elasticnet', 'loss': 'log_loss', 'class_weight': 'balanced'}","['mfcc_6', 'mfcc_5', 'mfcc_11', 'mfcc_8', 'wav_detail_lvl3_std', 'zcr_mean']",0.59391771019678,0.6613545816733067,0.538961038961039,0.6513242955922827,0.6867749419953596,0.7138263665594855,0.6616989567809239,0.7205366544827331,0.8916586768935763,0.8485401459854015,0.9393939393939394,0.9324719253278827
SGD,0.724078502646836,0.7504524651430913,0.7100588239932503,0.787201625190452,0.7686817928764357,"{'alpha': 0.001, 'penalty': 'l2', 'loss': 'log_loss', 'class_weight': 'balanced'}","['mfcc_6', 'mfcc_3', 'mfcc_5', 'mfcc_11', 'wav_detail_lvl3_std', 'zcr_mean']",0.5878003696857671,0.6824034334763949,0.5162337662337663,0.6656298660235065,0.6872037914691943,0.7310924369747899,0.6482861400894188,0.7026999764317049,0.8972313467855467,0.8378615249780894,0.9656565656565657,0.9377155361740955
SGD,0.7240674865540347,0.7508427255947024,0.709864058224714,0.7892331132554596,0.7764480304870948,"{'alpha': 0.001, 'penalty': 'elasticnet', 'loss': 'log_loss', 'class_weight': 'balanced'}","['mfcc_3', 'mfcc_5', 'wav_detail_lvl5_std', 'wav_detail_lvl3_std', 'spec_centroid']",0.5783582089552238,0.6798245614035088,0.5032467532467533,0.6918382862310875,0.69375,0.729064039408867,0.6616989567809239,0.7045921364527254,0.9000942507068803,0.8436395759717314,0.9646464646464646,0.9329136687774712
SGD,0.7239670349102808,0.7507913794063586,0.7094548135531742,0.7831386490604367,0.7645457741368147,"{'alpha': 0.0001, 'penalty': 'elasticnet', 'loss': 'log_loss', 'class_weight': 'balanced'}","['mfcc_6', 'mfcc_5', 'mfcc_11', 'mfcc_8', 'wav_detail_lvl3_std']",0.5806451612903226,0.6986301369863014,0.4967532467532468,0.6387085357676358,0.7057079318013343,0.7020648967551623,0.7093889716840537,0.7215122208388853,0.8855480116391853,0.851679104477612,0.9222222222222223,0.9334165658039232
SGD,0.723938741719185,0.7663621438918397,0.7060322191469733,0.7953275774504824,0.7779549658709843,"{'alpha': 0.001, 'penalty': 'elasticnet', 'loss': 'log_loss', 'class_weight': 'balanced'}","['mfcc_6', 'mfcc_5', 'wav_detail_lvl5_std', 'wav_detail_lvl3_std', 'zcr_mean', 'spec_centroid']",0.5542168674698795,0.7263157894736842,0.44805194805194803,0.6678578736638767,0.7154716981132075,0.7247706422018348,0.706408345752608,0.7412202497584264,0.902127659574468,0.848,0.9636363636363636,0.92478677419065
SGD,0.723878177703472,0.7640316977783076,0.7054786743311334,0.7902488572879635,0.7881494410153019,"{'alpha': 0.0001, 'penalty': 'elasticnet', 'loss': 'log_loss', 'class_weight': 'balanced'}","['mfcc_6', 'mfcc_3', 'mfcc_5', 'mfcc_11', 'wav_detail_lvl5_std', 'mfcc_10', 'zcr_mean', 'spec_centroid']",0.5792563600782779,0.729064039408867,0.4805194805194805,0.676970516134005,0.6953125,0.7307060755336617,0.6631892697466468,0.7441143306617873,0.8970656730321379,0.8323249783923942,0.9727272727272728,0.9433634762501137
SGD,0.7237519972295061,0.7581335892836409,0.7070845062648341,0.7887252412392077,0.7766431075521482,"{'alpha': 0.001, 'penalty': 'elasticnet', 'loss': 'log_loss', 'class_weight': 'balanced'}","['mfcc_6', 'mfcc_5', 'mfcc_11', 'wav_detail_lvl5_std', 'mfcc_8', 'mfcc_10', 'wav_detail_lvl3_std', 'zcr_mean', 'spec_centroid']",0.5719844357976653,0.7135922330097088,0.4772727272727273,0.666090753119102,0.7044595616024187,0.7147239263803681,0.6944858420268256,0.7298061076162934,0.894811994288434,0.8460846084608461,0.9494949494949495,0.9340324619210493
SGD,0.723682688675238,0.7458410903217209,0.7107641599444877,0.7841543930929405,0.7698829642000584,"{'alpha': 0.001, 'penalty': 'elasticnet', 'loss': 'log_loss', 'class_weight': 'balanced'}","['mfcc_6', 'mfcc_5', 'wav_detail_lvl5_std', 'mfcc_8']",0.5788497217068646,0.6753246753246753,0.5064935064935064,0.6661544963829888,0.7018072289156626,0.7092846270928462,0.6944858420268256,0.7168089865660505,0.8903911154031868,0.8529139685476411,0.9313131313131313,0.9266854096511357
SGD,0.72366687267237,0.7512420048214424,0.7091827722975265,0.7877094972067039,0.7625004754794752,"{'alpha': 0.001, 'penalty': 'elasticnet', 'loss': 'log_loss', 'class_weight': 'balanced'}","['mfcc_6', 'mfcc_5', 'mfcc_11', 'wav_detail_lvl5_std', 'wav_detail_lvl3_std']",0.5676190476190476,0.6866359447004609,0.4837662337662338,0.6572746462539129,0.7106446776611695,0.7149321266968326,0.706408345752608,0.7116275204803899,0.8927368927368927,0.852157943067034,0.9373737373737374,0.9185992597041228
SGD,0.7236069689804002,0.7502391787778674,0.7093436314747791,0.7861858811579482,0.7768608446674232,"{'alpha': 0.001, 'penalty': 'l2', 'loss': 'log_loss', 'class_weight': 'balanced'}","['mfcc_6', 'mfcc_5', 'wav_detail_lvl5_std', 'mfcc_8', 'spec_centroid']",0.573055028462998,0.6894977168949772,0.4902597402597403,0.6651600178341784,0.7044776119402985,0.7055306427503737,0.7034277198211625,0.7353822136746262,0.8932882665379044,0.8556891766882516,0.9343434343434344,0.930040302493465
SGD,0.7235924456450098,0.7601257965310748,0.7068838265559577,0.7938039614017267,0.7678650834711213,"{'alpha': 0.001, 'penalty': 'elasticnet', 'loss': 'log_loss', 'class_weight': 'balanced'}","['mfcc_6', 'mfcc_5', 'mfcc_11', 'wav_detail_lvl3_std', 'zcr_mean', 'spec_centroid']",0.5579567779960707,0.7064676616915423,0.461038961038961,0.6466120548934027,0.7102661596958175,0.7251552795031055,0.6959761549925484,0.7343532346651958,0.902554399243141,0.8487544483985765,0.9636363636363636,0.9226299608547656
SGD,0.7235687137687069,0.7503156914115818,0.7092001198558576,0.7866937531742001,0.7648409190205187,"{'alpha': 0.001, 'penalty': 'elasticnet', 'loss': 'log_loss', 'class_weight': 'balanced'}","['mfcc_6', 'mfcc_5', 'wav_detail_lvl5_std', 'wav_detail_lvl3_std']",0.571969696969697,0.6863636363636364,0.4902597402597403,0.6581093848794572,0.7063253012048193,0.7138508371385084,0.698956780923994,0.7132338383545278,0.8924111431316042,0.8507326007326007,0.9383838383838384,0.9231795338275707
SGD,0.7234944844757241,0.7565023650050365,0.7071732153699367,0.7882173692229558,0.7806294678311847,"{'alpha': 0.001, 'penalty': 'l2', 'loss': 'log_loss', 'class_weight': 'balanced'}","['mfcc_6', 'mfcc_5', 'wav_detail_lvl5_std', 'mfcc_8', 'zcr_mean', 'spec_centroid']",0.5725338491295938,0.7081339712918661,0.4805194805194805,0.6680383569693757,0.7035633055344959,0.7160493827160493,0.6915052160953801,0.7398984259342704,0.8943862987630827,0.8453237410071942,0.9494949494949495,0.933951620589908
SGD,0.7232688002067977,0.7539556992241322,0.7078848595242038,0.7887252412392077,0.765237929634336,"{'alpha': 0.001, 'penalty': 'elasticnet', 'loss': 'log_loss', 'class_weight': 'balanced'}","['mfcc_6', 'mfcc_5', 'wav_detail_lvl5_std', 'mfcc_10']",0.5664739884393064,0.6966824644549763,0.4772727272727273,0.6554189192498746,0.7077385424492862,0.7136363636363636,0.7019374068554396,0.7192156731012078,0.8955938697318008,0.8515482695810564,0.9444444444444444,0.9210791965519254
SGD,0.7231525172614607,0.7521380853102992,0.7080744998777786,0.7882173692229558,0.7730318253448286,"{'alpha': 0.001, 'penalty': 'elasticnet', 'loss': 'log_loss', 'class_weight': 'balanced'}","['mfcc_3', 'mfcc_5', 'wav_detail_lvl5_std', 'mfcc_10', 'wav_detail_lvl3_std', 'spec_centroid']",0.5757575757575758,0.6909090909090909,0.4935064935064935,0.6763130830925868,0.6954510408635313,0.7204472843450479,0.6721311475409836,0.71211927613092,0.898248935163275,0.8450578806767587,0.9585858585858585,0.9306631168109791
SGD,0.7228920575190897,0.7591030839588443,0.7057274540881098,0.7897409852717115,0.7791920159205717,"{'alpha': 0.001, 'penalty': 'l2', 'loss': 'log_loss', 'class_weight': 'balanced'}","['mfcc_6', 'mfcc_3', 'mfcc_5', 'mfcc_11', 'wav_detail_lvl3_std', 'zcr_mean', 'spec_centroid']",0.5764023210831721,0.7129186602870813,0.4837662337662338,0.6678559601164922,0.6932084309133489,0.7278688524590164,0.6616989567809239,0.7293555812518707,0.8990654205607477,0.8365217391304348,0.9717171717171718,0.9403645063933523
SGD,0.7228725192599189,0.7670830965966964,0.7036883274588193,0.7907567293042154,0.7904380944930329,"{'alpha': 0.001, 'penalty': 'l2', 'loss': 'log_loss', 'class_weight': 'balanced'}","['mfcc_6', 'mfcc_3', 'mfcc_5', 'wav_detail_lvl5_std', 'wav_detail_lvl3_std', 'zcr_mean', 'spec_centroid']",0.5708582834331337,0.7409326424870466,0.4642857142857143,0.6899443632087816,0.7010785824345146,0.7256778309409888,0.6780923994038748,0.7400808512916154,0.8966806919121084,0.834638816362054,0.9686868686868687,0.9412890689787015
SGD,0.7226396326619847,0.7567053421983877,0.7068889519709192,0.7922803453529711,0.7720123153954054,"{'alpha': 0.001, 'penalty': 'elasticnet', 'loss': 'log_loss', 'class_weight': 'balanced'}","['mfcc_6', 'mfcc_5', 'wav_detail_lvl5_std', 'mfcc_10', 'spec_centroid']",0.5529411764705883,0.698019801980198,0.4577922077922078,0.6586871856522963,0.7144992526158446,0.7166416791604198,0.7123695976154992,0.7345142272869983,0.9004784688995215,0.8554545454545455,0.9505050505050505,0.9228355332469216
SGD,0.722614246241426,0.7562376074426135,0.7058768796473714,0.7861858811579482,0.7732489391408465,"{'alpha': 0.0001, 'penalty': 'elasticnet', 'loss': 'log_loss', 'class_weight': 'balanced'}","['mfcc_6', 'mfcc_5', 'mfcc_11', 'wav_detail_lvl5_std', 'mfcc_8', 'mfcc_10', 'zcr_mean', 'spec_centroid']",0.5780346820809249,0.7109004739336493,0.487012987012987,0.657902827293319,0.6989247311827957,0.7210776545166403,0.6780923994038748,0.7255635696428362,0.8908833254605574,0.8367346938775511,0.9525252525252526,0.9362804204863843
SGD,0.7224444250949654,0.7584858692941251,0.7054073127843621,0.7897409852717115,0.7812184986582721,"{'alpha': 0.0001, 'penalty': 'elasticnet', 'loss': 'log_loss', 'class_weight': 'balanced'}","['mfcc_6', 'mfcc_3', 'mfcc_5', 'mfcc_11', 'wav_detail_lvl5_std', 'mfcc_10', 'wav_detail_lvl3_std', 'spec_centroid']",0.5752895752895753,0.7095238095238096,0.4837662337662338,0.6736531308926184,0.6927899686520376,0.7305785123966942,0.6587183308494784,0.7302940675836536,0.8992537313432836,0.8353552859618717,0.9737373737373738,0.9397082974985443
SGD,0.7223791997669936,0.7605367309123058,0.7046452030058589,0.7892331132554596,0.7895406452368787,"{'alpha': 0.0001, 'penalty': 'elasticnet', 'loss': 'log_loss', 'class_weight': 'balanced'}","['mfcc_6', 'mfcc_3', 'mfcc_5', 'mfcc_11', 'wav_detail_lvl5_std', 'mfcc_10', 'wav_detail_lvl3_std', 'zcr_mean', 'spec_centroid']",0.5758754863813229,0.7184466019417476,0.4805194805194805,0.6819692585708632,0.6942924159499609,0.7302631578947368,0.6616989567809239,0.7427350176081221,0.896969696969697,0.8329004329004329,0.9717171717171718,0.9439176595316509
SGD,0.7223675684300869,0.7451789895761207,0.7100777486023387,0.7831386490604367,0.7703271638796819,"{'alpha': 0.001, 'penalty': 'elasticnet', 'loss': 'log_loss', 'class_weight': 'balanced'}","['mfcc_6', 'mfcc_3', 'mfcc_5', 'mfcc_8', 'wav_detail_lvl3_std']",0.5956678700361011,0.6707317073170732,0.5357142857142857,0.6593281485767113,0.6778577138289369,0.7310344827586207,0.6318926974664679,0.7120467438162131,0.8935771214252227,0.8337707786526685,0.9626262626262626,0.9396065992461218
SGD,0.722214216590527,0.7505971790809861,0.7075055788170542,0.7887252412392077,0.7867458079770845,"{'alpha': 0.001, 'penalty': 'elasticnet', 'loss': 'log_loss', 'class_weight': 'balanced'}","['mfcc_3', 'mfcc_5', 'wav_detail_lvl5_std', 'wav_detail_lvl3_std', 'zcr_mean', 'spec_centroid']",0.5708884688090737,0.6832579185520362,0.4902597402597403,0.6935291416666961,0.6955177743431221,0.7223113964686998,0.6706408345752608,0.732624997507097,0.9002364066193853,0.8462222222222222,0.9616161616161616,0.9340832847574604
SGD,0.7221997435571484,0.7542189100569311,0.7060369502992455,0.7861858811579482,0.7694838490548626,"{'alpha': 0.0001, 'penalty': 'elasticnet', 'loss': 'log_loss', 'class_weight': 'balanced'}","['mfcc_6', 'mfcc_5', 'wav_detail_lvl5_std', 'mfcc_8', 'mfcc_10', 'zcr_mean', 'spec_centroid']",0.5758157389635317,0.704225352112676,0.487012987012987,0.6587212415993126,0.6983154670750383,0.7181102362204724,0.6795827123695977,0.7168913413849776,0.8924680246328754,0.840321141837645,0.9515151515151515,0.9328389641802978
SGD,0.7221752102026889,0.7656250858823207,0.7031201949234737,0.7897409852717115,0.7888598638765925,"{'alpha': 0.001, 'penalty': 'l2', 'loss': 'log_loss', 'class_weight': 'balanced'}","['mfcc_6', 'mfcc_3', 'mfcc_5', 'wav_detail_lvl5_std', 'zcr_mean', 'spec_centroid']",0.5725646123260437,0.7384615384615385,0.4675324675324675,0.6880803227377924,0.6976024748646559,0.72508038585209,0.6721311475409836,0.7372805759002182,0.896358543417367,0.8333333333333334,0.9696969696969697,0.9412186929917667
SGD,0.7221253798301607,0.7431924684333507,0.7099413337118256,0.7866937531742001,0.7620222379706338,"{'alpha': 0.001, 'penalty': 'l2', 'loss': 'log_loss', 'class_weight': 'balanced'}","['mfcc_6', 'mfcc_5', 'wav_detail_lvl3_std']",0.5698529411764706,0.6567796610169492,0.5032467532467533,0.6389539988119647,0.6983883346124329,0.7199367088607594,0.6780923994038748,0.7210546151788977,0.8981348637015782,0.8528610354223434,0.9484848484848485,0.9260580999210394
SGD,0.7220913465594783,0.7521623343191545,0.7070044709388972,0.7882173692229558,0.7706908148372743,"{'alpha': 0.001, 'penalty': 'l2', 'loss': 'log_loss', 'class_weight': 'balanced'}","['mfcc_6', 'mfcc_3', 'mfcc_5', 'wav_detail_lvl3_std', 'spec_centroid']",0.5789473684210527,0.6875,0.5,0.657729657817433,0.6877470355731226,0.7323232323232324,0.6482861400894188,0.7134861104226364,0.8995796356842597,0.8366637706342311,0.9727272727272728,0.9408566762717535
SGD,0.7220527129285208,0.7618423162785812,0.7038996522603079,0.7892331132554596,0.7831272171995826,"{'alpha': 0.0001, 'penalty': 'elasticnet', 'loss': 'log_loss', 'class_weight': 'balanced'}","['mfcc_6', 'mfcc_3', 'mfcc_5', 'wav_detail_lvl5_std', 'mfcc_10', 'zcr_mean', 'spec_centroid']",0.5753424657534246,0.7241379310344828,0.4772727272727273,0.6748820163930784,0.69375,0.729064039408867,0.6616989567809239,0.7343583143957229,0.8970656730321379,0.8323249783923942,0.9727272727272728,0.9401413208099461
SGD,0.7219755780932324,0.751991118484408,0.7067399206743469,0.7866937531742001,0.769438846291053,"{'alpha': 0.001, 'penalty': 'l2', 'loss': 'log_loss', 'class_weight': 'balanced'}","['mfcc_6', 'mfcc_3', 'mfcc_5', 'wav_detail_lvl3_std']",0.5827067669172933,0.6919642857142857,0.5032467532467533,0.6594139723643127,0.6861198738170347,0.7286432160804021,0.6482861400894188,0.7055507903799609,0.8971000935453695,0.8353658536585366,0.9686868686868687,0.9433517761288857
SGD,0.721966205432628,0.7379384229344682,0.7118428626625347,0.7831386490604367,0.7692992694399878,"{'alpha': 0.001, 'penalty': 'l2', 'loss': 'log_loss', 'class_weight': 'balanced'}","['mfcc_6', 'mfcc_5', 'mfcc_8', 'wav_detail_lvl3_std', 'spec_centroid']",0.5796064400715564,0.6454183266932271,0.525974025974026,0.6435170100210594,0.690238278247502,0.7126984126984127,0.669150521609538,0.7320591924715002,0.8960538979788258,0.8556985294117647,0.9404040404040404,0.9323216058274036
SGD,0.7218222861978436,0.7440541793427906,0.7091591165361658,0.7841543930929405,0.770496485774517,"{'alpha': 0.001, 'penalty': 'l2', 'loss': 'log_loss', 'class_weight': 'balanced'}","['mfcc_6', 'mfcc_5', 'mfcc_8', 'mfcc_10', 'wav_detail_lvl3_std', 'zcr_mean', 'spec_centroid']",0.5824175824175825,0.6680672268907563,0.5162337662337663,0.6477348649884057,0.6879377431906615,0.7198697068403909,0.6587183308494784,0.7278831469146325,0.8951115329852871,0.8442256042972247,0.9525252525252526,0.9358714454205127
SGD,0.7217997368089661,0.7508749112353791,0.7068120707464969,0.7856780091416963,0.7682597098193377,"{'alpha': 0.001, 'penalty': 'l2', 'loss': 'log_loss', 'class_weight': 'balanced'}","['mfcc_6', 'mfcc_3', 'mfcc_5', 'wav_detail_lvl3_std', 'zcr_mean']",0.5842696629213483,0.6902654867256637,0.5064935064935064,0.6586876083364008,0.6855791962174941,0.7274247491638796,0.6482861400894188,0.7061582183426691,0.8955503512880562,0.8349344978165939,0.9656565656565657,0.939933302778943
SGD,0.7217383391930771,0.7486316027127097,0.7076368682926061,0.7877094972067039,0.7667421050911264,"{'alpha': 0.001, 'penalty': 'l2', 'loss': 'log_loss', 'class_weight': 'balanced'}","['mfcc_6', 'mfcc_5', 'mfcc_11', 'wav_detail_lvl5_std', 'mfcc_10', 'wav_detail_lvl3_std', 'zcr_mean']",0.5627376425855514,0.6788990825688074,0.4805194805194805,0.6570627984404996,0.7052631578947368,0.7116843702579666,0.698956780923994,0.725842852139524,0.8972142170989433,0.8553113553113553,0.9434343434343434,0.9173206646933554
SGD,0.7217114827948882,0.73409651736552,0.7174177370898681,0.7861858811579482,0.774754957024701,"{'alpha': 0.001, 'penalty': 'l2', 'loss': 'log_loss', 'class_weight': 'balanced'}","['mfcc_6', 'mfcc_3', 'mfcc_5', 'zcr_mean', 'spec_centroid']",0.5866666666666667,0.6027397260273972,0.5714285714285714,0.6658416515556637,0.6688632619439868,0.7476979742173112,0.6050670640834576,0.7250680480093267,0.9096045197740112,0.8518518518518519,0.9757575757575757,0.9333551715091125
SGD,0.7216480810331943,0.7519420417269659,0.7061855873331283,0.7841543930929405,0.7787704580294869,"{'alpha': 0.001, 'penalty': 'l2', 'loss': 'log_loss', 'class_weight': 'balanced'}","['mfcc_6', 'mfcc_5', 'mfcc_11', 'wav_detail_lvl5_std', 'mfcc_8', 'spec_centroid']",0.573076923076923,0.7028301886792453,0.4837662337662338,0.6659871015808191,0.70201643017177,0.7035928143712575,0.7004470938897168,0.7388450413816795,0.8898508898508899,0.8494031221303948,0.9343434343434344,0.9314792311259619
SGD,0.7214810219736328,0.7577062509717574,0.7044137708072133,0.7887252412392077,0.7831789185583142,"{'alpha': 0.0001, 'penalty': 'l2', 'loss': 'log_loss', 'class_weight': 'balanced'}","['mfcc_6', 'mfcc_3', 'mfcc_5', 'mfcc_11', 'wav_detail_lvl5_std', 'mfcc_10', 'spec_centroid']",0.5752895752895753,0.7095238095238096,0.4837662337662338,0.6694107285027946,0.6907378335949764,0.7296849087893864,0.6557377049180327,0.7359439082077686,0.8984156570363467,0.8339100346020761,0.9737373737373738,0.9441821189643796
SGD,0.7214013477443646,0.7566075846452666,0.7044571397030414,0.7866937531742001,0.7695342902362902,"{'alpha': 0.0001, 'penalty': 'elasticnet', 'loss': 'log_loss', 'class_weight': 'balanced'}","['mfcc_6', 'mfcc_5', 'wav_detail_lvl5_std', 'mfcc_8', 'mfcc_10', 'wav_detail_lvl3_std', 'zcr_mean', 'spec_centroid']",0.5719844357976653,0.7135922330097088,0.4772727272727273,0.6618199360863172,0.6987032799389779,0.715625,0.6825633383010432,0.711869336117111,0.8935163274964505,0.8406055209260909,0.9535353535353536,0.9349135985054423
SGD,0.7213773924985808,0.7587520613774483,0.7048072449711794,0.7938039614017267,0.7662951784733325,"{'alpha': 0.001, 'penalty': 'l2', 'loss': 'log_loss', 'class_weight': 'balanced'}","['mfcc_6', 'mfcc_5', 'mfcc_11', 'mfcc_10', 'wav_detail_lvl3_std', 'zcr_mean', 'spec_centroid']",0.549407114624506,0.702020202020202,0.4512987012987013,0.6445379096881999,0.7107061503416856,0.7244582043343654,0.6974664679582713,0.7335674870970175,0.9040189125295508,0.8497777777777777,0.9656565656565657,0.9207801386347805
SGD,0.7213598593508549,0.753237377882824,0.7054400365875776,0.7841543930929405,0.7779164032786365,"{'alpha': 0.001, 'penalty': 'l2', 'loss': 'log_loss', 'class_weight': 'balanced'}","['mfcc_6', 'mfcc_5', 'mfcc_11', 'wav_detail_lvl5_std', 'mfcc_8', 'wav_detail_lvl3_std', 'spec_centroid']",0.5725338491295938,0.7081339712918661,0.4805194805194805,0.6661534365363192,0.70201643017177,0.7035928143712575,0.7004470938897168,0.7352980337217018,0.8895292987512008,0.847985347985348,0.9353535353535354,0.9322977395778889
SGD,0.7213534338402247,0.745050943397653,0.7083276165243378,0.7877094972067039,0.7633156428671036,"{'alpha': 0.001, 'penalty': 'l2', 'loss': 'log_loss', 'class_weight': 'balanced'}","['mfcc_6', 'mfcc_5', 'mfcc_11', 'mfcc_10', 'wav_detail_lvl3_std', 'zcr_mean']",0.5617977528089888,0.6637168141592921,0.487012987012987,0.6418908219194601,0.703030303030303,0.7149460708782742,0.6915052160953801,0.7297625038167695,0.8992322456813819,0.856489945155393,0.9464646464646465,0.9182936028650811
SGD,0.7213080262514294,0.7507888311167248,0.7058993526206642,0.7836465210766886,0.7722131347791094,"{'alpha': 0.0001, 'penalty': 'elasticnet', 'loss': 'log_loss', 'class_weight': 'balanced'}","['mfcc_6', 'mfcc_5', 'mfcc_11', 'wav_detail_lvl5_std', 'mfcc_8', 'mfcc_10', 'spec_centroid']",0.5763358778625954,0.6990740740740741,0.4902597402597403,0.6544487437690117,0.6979560938682816,0.7092307692307692,0.6870342771982116,0.7289524679318755,0.8896321070234113,0.844061650045331,0.9404040404040404,0.9332381926364408
SGD,0.7212475414102547,0.7442998547346374,0.7079601636978685,0.781615033011681,0.7679684343645977,"{'alpha': 0.001, 'penalty': 'l2', 'loss': 'log_loss', 'class_weight': 'balanced'}","['mfcc_6', 'mfcc_5', 'mfcc_11', 'wav_detail_lvl5_std', 'mfcc_8', 'zcr_mean']",0.5799256505576208,0.6782608695652174,0.5064935064935064,0.670936709148089,0.6949280847842544,0.7061538461538461,0.684053651266766,0.7023945127641597,0.8888888888888888,0.8484848484848485,0.9333333333333333,0.9305740811815445
SGD,0.7211323336326266,0.7494625554900322,0.7062742964382309,0.7836465210766886,0.7756439620384216,"{'alpha': 0.001, 'penalty': 'elasticnet', 'loss': 'log_loss', 'class_weight': 'balanced'}","['mfcc_6', 'mfcc_5', 'wav_detail_lvl5_std', 'mfcc_8', 'wav_detail_lvl3_std', 'spec_centroid']",0.5725190839694656,0.6944444444444444,0.487012987012987,0.6645340400665707,0.7005988023952096,0.7037593984962406,0.6974664679582713,0.7318643349135927,0.890279114533205,0.8501838235294118,0.9343434343434344,0.9305335111351016
SGD,0.7211307513462805,0.7486028253411883,0.7068033969673314,0.7866937531742001,0.7651896167075103,"{'alpha': 0.001, 'penalty': 'l2', 'loss': 'log_loss', 'class_weight': 'balanced'}","['mfcc_6', 'mfcc_5', 'wav_detail_lvl5_std', 'mfcc_10', 'wav_detail_lvl3_std', 'zcr_mean']",0.5638095238095238,0.6820276497695853,0.4805194805194805,0.6530711494881147,0.7037593984962406,0.7101669195751138,0.6974664679582713,0.7193311115465923,0.8958233317330773,0.8536139066788655,0.9424242424242424,0.9231665890878236
SGD,0.7207164616689323,0.7495153041748593,0.7060960897026471,0.7861858811579482,0.7598002807815583,"{'alpha': 0.001, 'penalty': 'elasticnet', 'loss': 'log_loss', 'class_weight': 'balanced'}","['mfcc_6', 'mfcc_5', 'mfcc_11', 'wav_detail_lvl5_std', 'mfcc_10', 'wav_detail_lvl3_std']",0.5604606525911708,0.6854460093896714,0.474025974025974,0.6480909274351297,0.7094846900672144,0.7110778443113772,0.7078986587183308,0.715163094234783,0.8922040423484119,0.8520220588235294,0.9363636363636364,0.9161468206747623
SGD,0.720712069425418,0.7532409641004029,0.7044082511295627,0.7836465210766886,0.7704172658712904,"{'alpha': 0.0001, 'penalty': 'elasticnet', 'loss': 'log_loss', 'class_weight': 'balanced'}","['mfcc_6', 'mfcc_5', 'mfcc_11', 'wav_detail_lvl5_std', 'mfcc_8', 'mfcc_10', 'wav_detail_lvl3_std', 'spec_centroid']",0.5752895752895753,0.7095238095238096,0.4837662337662338,0.6537829204826755,0.697428139183056,0.7081413210445469,0.6870342771982116,0.7219383906089868,0.8894184938036225,0.842057761732852,0.9424242424242424,0.9355304865222089
SGD,0.7206401307962889,0.74670652268516,0.7068317838809642,0.7800914169629254,0.7619963552148512,"{'alpha': 0.0001, 'penalty': 'elasticnet', 'loss': 'log_loss', 'class_weight': 'balanced'}","['mfcc_6', 'mfcc_3', 'mfcc_5', 'mfcc_8', 'mfcc_10', 'wav_detail_lvl3_std', 'zcr_mean']",0.6007326007326007,0.6890756302521008,0.5324675324675324,0.6491753321333151,0.6719872306464485,0.7233676975945017,0.6274217585692996,0.693755063826661,0.8892005610098177,0.8276762402088773,0.9606060606060606,0.9430586696845774
SGD,0.7205217628574666,0.7486468168385083,0.7060247281558757,0.7856780091416963,0.7627298720115122,"{'alpha': 0.001, 'penalty': 'l2', 'loss': 'log_loss', 'class_weight': 'balanced'}","['mfcc_6', 'mfcc_5', 'wav_detail_lvl5_std', 'mfcc_10', 'wav_detail_lvl3_std']",0.5621414913957935,0.6837209302325581,0.4772727272727273,0.6488527780285568,0.7071161048689139,0.7108433734939759,0.7034277198211625,0.7180514190693137,0.8923076923076924,0.8513761467889909,0.9373737373737374,0.9212854189366664
SGD,0.7203609470972036,0.7480584281361958,0.7060578462217807,0.7866937531742001,0.7690585995388485,"{'alpha': 0.001, 'penalty': 'l2', 'loss': 'log_loss', 'class_weight': 'balanced'}","['mfcc_6', 'mfcc_5', 'mfcc_11', 'wav_detail_lvl5_std', 'mfcc_10', 'zcr_mean']",0.5610687022900763,0.6805555555555556,0.4772727272727273,0.6616288635575198,0.7032306536438768,0.7090909090909091,0.6974664679582713,0.7281274130071148,0.8967834853576572,0.8545288197621226,0.9434343434343434,0.9174195220519106
SGD,0.7203285323315183,0.7330954564732602,0.716176203881122,0.7841543930929405,0.7760868933488255,"{'alpha': 0.001, 'penalty': 'l2', 'loss': 'log_loss', 'class_weight': 'balanced'}","['mfcc_6', 'mfcc_3', 'mfcc_5', 'mfcc_11', 'zcr_mean', 'spec_centroid']",0.589018302828619,0.6040955631399317,0.5746753246753247,0.6677210625351223,0.6650124069478908,0.7472118959107806,0.5991058122205664,0.7290946622497892,0.9069548872180451,0.8479789103690686,0.9747474747474747,0.9314449552615651
SGD,0.7203115546138079,0.7419077942107775,0.7087482948138687,0.7800914169629254,0.7780978896622996,"{'alpha': 0.0001, 'penalty': 'l2', 'loss': 'log_loss', 'class_weight': 'balanced'}","['mfcc_6', 'mfcc_3', 'mfcc_5', 'wav_detail_lvl5_std', 'mfcc_8', 'wav_detail_lvl3_std', 'spec_centroid']",0.5974955277280859,0.6653386454183267,0.5422077922077922,0.6758344101738156,0.6730923694779116,0.7299651567944251,0.624441132637854,0.716778475171655,0.8903467666354264,0.8304195804195804,0.9595959595959596,0.9416807836414283
SGD,0.7202203704176604,0.740714311140322,0.7083623116410003,0.7856780091416963,0.7608153636562934,"{'alpha': 0.001, 'penalty': 'elasticnet', 'loss': 'log_loss', 'class_weight': 'balanced'}","['mfcc_6', 'mfcc_5', 'mfcc_11', 'mfcc_10', 'wav_detail_lvl3_std']",0.5651376146788991,0.6497890295358649,0.5,0.634313093193871,0.6973886328725039,0.7194928684627575,0.676602086438152,0.7292119983425669,0.8981348637015782,0.8528610354223434,0.9484848484848485,0.9189209994324423
SGD,0.7202006565636979,0.7367603807063334,0.7099610468462928,0.7811071609954292,0.7619841440112533,"{'alpha': 0.001, 'penalty': 'elasticnet', 'loss': 'log_loss', 'class_weight': 'balanced'}","['mfcc_6', 'mfcc_5', 'mfcc_8', 'mfcc_10', 'wav_detail_lvl3_std', 'spec_centroid']",0.5821428571428572,0.6468253968253969,0.5292207792207793,0.6381980277059978,0.6842513576415826,0.7135922330097088,0.6572280178837556,0.7183903215129632,0.8942077549066539,0.8498635122838945,0.9434343434343434,0.9293640828147988
SGD,0.7201917996828743,0.746815780715422,0.7058445501068452,0.7836465210766886,0.7776105949972637,"{'alpha': 0.001, 'penalty': 'elasticnet', 'loss': 'log_loss', 'class_weight': 'balanced'}","['mfcc_3', 'mfcc_5', 'mfcc_11', 'wav_detail_lvl5_std', 'mfcc_10', 'zcr_mean', 'spec_centroid']",0.5735849056603773,0.6846846846846847,0.4935064935064935,0.6884932996492252,0.6935361216730038,0.7080745341614907,0.6795827123695977,0.7175334103534423,0.8934543717152413,0.8476881233000907,0.9444444444444444,0.9268050749891239
SGD,0.7200655427385344,0.7555348377341925,0.7032435991452385,0.787201625190452,0.7732693433493104,"{'alpha': 0.0001, 'penalty': 'l2', 'loss': 'log_loss', 'class_weight': 'balanced'}","['mfcc_6', 'mfcc_3', 'mfcc_5', 'wav_detail_lvl5_std', 'mfcc_10', 'spec_centroid']",0.5741811175337187,0.7061611374407583,0.4837662337662338,0.6649645193120471,0.6886274509803921,0.7268211920529801,0.65424739195231,0.7141919663389298,0.8973880597014925,0.8336221837088388,0.9717171717171718,0.9406515443969546
SGD,0.7200417993518272,0.761947910938139,0.7009580583351075,0.7841543930929405,0.7868889091340429,"{'alpha': 0.0001, 'penalty': 'elasticnet', 'loss': 'log_loss', 'class_weight': 'balanced'}","['mfcc_6', 'mfcc_3', 'mfcc_5', 'mfcc_11', 'wav_detail_lvl5_std', 'mfcc_8', 'mfcc_10', 'zcr_mean', 'spec_centroid']",0.5826771653543307,0.74,0.4805194805194805,0.675543722224649,0.6879377431906615,0.7198697068403909,0.6587183308494784,0.7330200964469619,0.8895104895104895,0.825974025974026,0.9636363636363636,0.9521029087305174
SGD,0.7199830665942959,0.7297094926576052,0.722956339349782,0.7785678009141697,0.756029012468153,"{'alpha': 0.0001, 'penalty': 'elasticnet', 'loss': 'log_loss', 'class_weight': 'balanced'}","['mfcc_3', 'mfcc_5', 'mfcc_11', 'wav_detail_lvl5_std', 'zcr_mean']",0.6115444617784711,0.5885885885885885,0.6363636363636364,0.6806533037879083,0.6467576791808873,0.7564870259481038,0.5648286140089419,0.6635839599619119,0.9016470588235294,0.8440528634361234,0.9676767676767677,0.9238497736546388
SGD,0.7199020268765195,0.7496411847201845,0.7051845543648821,0.7892331132554596,0.7638529178523948,"{'alpha': 0.001, 'penalty': 'l2', 'loss': 'log_loss', 'class_weight': 'balanced'}","['mfcc_6', 'mfcc_5', 'mfcc_11', 'wav_detail_lvl3_std', 'spec_centroid']",0.5538461538461539,0.6792452830188679,0.4675324675324675,0.6419841534092973,0.7055261165783497,0.7169230769230769,0.6944858420268256,0.727239582413642,0.9003338102050549,0.8527551942186089,0.9535353535353536,0.9223350177342452
SGD,0.7198213854463106,0.7443172054043017,0.7061820389689242,0.7826307770441848,0.7648241067953695,"{'alpha': 0.0001, 'penalty': 'l2', 'loss': 'log_loss', 'class_weight': 'balanced'}","['mfcc_6', 'mfcc_5', 'wav_detail_lvl5_std', 'mfcc_8', 'mfcc_10', 'spec_centroid']",0.5746268656716418,0.6754385964912281,0.5,0.6534532858082229,0.6931905126243305,0.7122641509433962,0.6751117734724292,0.7119184845130594,0.8916467780429594,0.8452488687782805,0.9434343434343434,0.9291005500648263
SGD,0.7197017088609606,0.7419541065577434,0.7067351895220747,0.7800914169629254,0.7673936374585505,"{'alpha': 0.001, 'penalty': 'l2', 'loss': 'log_loss', 'class_weight': 'balanced'}","['mfcc_6', 'mfcc_5', 'mfcc_11', 'wav_detail_lvl5_std', 'mfcc_8', 'wav_detail_lvl3_std', 'zcr_mean']",0.5804066543438078,0.6738197424892703,0.5097402597402597,0.6694432151962518,0.69002284843869,0.705607476635514,0.6751117734724292,0.7010746990201788,0.8886756238003839,0.8464351005484461,0.9353535353535354,0.9316629981592207
SGD,0.7196647415081955,0.7544241624822411,0.703154890040136,0.7877094972067039,0.7793903133536147,"{'alpha': 0.001, 'penalty': 'l2', 'loss': 'log_loss', 'class_weight': 'balanced'}","['mfcc_6', 'mfcc_3', 'mfcc_5', 'mfcc_11', 'mfcc_10', 'wav_detail_lvl3_std', 'zcr_mean', 'spec_centroid']",0.5703275529865125,0.7014218009478673,0.4805194805194805,0.6661058551944268,0.689601250977326,0.725328947368421,0.6572280178837556,0.7339368633989032,0.8990654205607477,0.8365217391304348,0.9717171717171718,0.938128221467514
SGD,0.719662450997132,0.7422972012624109,0.7070356176913554,0.7856780091416963,0.7600425132148102,"{'alpha': 0.001, 'penalty': 'elasticnet', 'loss': 'log_loss', 'class_weight': 'balanced'}","['mfcc_5', 'wav_detail_lvl5_std', 'mfcc_10', 'wav_detail_lvl3_std', 'zcr_mean', 'spec_centroid']",0.5559701492537313,0.6535087719298246,0.4837662337662338,0.6416109749600278,0.7106060606060606,0.7226502311248074,0.698956780923994,0.735898920875895,0.8924111431316042,0.8507326007326007,0.9383838383838384,0.9026176438085078
SGD,0.7195915432313864,0.7304263889173201,0.7174043321584306,0.7795835449466735,0.7567510735239935,"{'alpha': 0.0001, 'penalty': 'elasticnet', 'loss': 'log_loss', 'class_weight': 'balanced'}","['mfcc_3', 'mfcc_5', 'wav_detail_lvl5_std', 'wav_detail_lvl3_std', 'zcr_mean']",0.600326264274062,0.6032786885245902,0.5974025974025974,0.6781942669162889,0.6583541147132169,0.7443609022556391,0.5901639344262295,0.6633472095342244,0.9000942507068803,0.8436395759717314,0.9646464646464646,0.9287117441214671
SGD,0.7195878642231331,0.7614141038103314,0.7009616066993116,0.7856780091416963,0.7580253825220259,"{'alpha': 0.001, 'penalty': 'l2', 'loss': 'log_loss', 'class_weight': 'balanced'}","['mfcc_6', 'mfcc_11', 'wav_detail_lvl5_std', 'wav_detail_lvl3_std', 'zcr_mean', 'spec_centroid']",0.5685884691848907,0.7333333333333333,0.4642857142857143,0.6539174083270619,0.7007633587786259,0.7183098591549296,0.684053651266766,0.7072745135926404,0.8894117647058823,0.8325991189427313,0.9545454545454546,0.9128842256463752
SGD,0.719518187233419,0.7477860455084654,0.7050043763158517,0.787201625190452,0.784083089745207,"{'alpha': 0.001, 'penalty': 'elasticnet', 'loss': 'log_loss', 'class_weight': 'balanced'}","['mfcc_3', 'mfcc_5', 'wav_detail_lvl5_std', 'zcr_mean', 'spec_centroid']",0.5643939393939394,0.6772727272727272,0.4837662337662338,0.6917351328373659,0.6944444444444444,0.72,0.6706408345752608,0.7270269927471934,0.8997161778618732,0.8460854092526691,0.9606060606060606,0.9334871436510619
SGD,0.7194491926497916,0.7579688519786769,0.7012955471971866,0.7831386490604367,0.7726769616778725,"{'alpha': 0.0001, 'penalty': 'elasticnet', 'loss': 'log_loss', 'class_weight': 'balanced'}","['mfcc_6', 'mfcc_3', 'mfcc_5', 'wav_detail_lvl5_std', 'mfcc_8', 'mfcc_10', 'spec_centroid']",0.5836575875486382,0.7281553398058253,0.487012987012987,0.670513431004325,0.6848673946957878,0.7184942716857611,0.65424739195231,0.7049957299511104,0.8898225957049486,0.8272569444444444,0.9626262626262626,0.9425217240781819
SGD,0.719435841746102,0.7462764681172877,0.7050989993612945,0.7836465210766886,0.7738579248643539,"{'alpha': 0.001, 'penalty': 'elasticnet', 'loss': 'log_loss', 'class_weight': 'balanced'}","['mfcc_3', 'mfcc_5', 'mfcc_11', 'wav_detail_lvl5_std', 'mfcc_10', 'wav_detail_lvl3_std', 'spec_centroid']",0.5708884688090737,0.6832579185520362,0.4902597402597403,0.6868161083779426,0.6930091185410334,0.7069767441860465,0.6795827123695977,0.7120202173645152,0.8944099378881988,0.8485947416137806,0.9454545454545454,0.9227374488506037
SGD,0.719221410397881,0.7387170853349652,0.7097043818355293,0.7800914169629254,0.7813949072633717,"{'alpha': 0.0001, 'penalty': 'l2', 'loss': 'log_loss', 'class_weight': 'balanced'}","['mfcc_6', 'mfcc_3', 'mfcc_5', 'wav_detail_lvl5_std', 'mfcc_8', 'zcr_mean', 'spec_centroid']",0.5944055944055944,0.6439393939393939,0.551948051948052,0.6766082457554118,0.6715686274509803,0.7432188065099458,0.6125186289120715,0.7266356214218475,0.8916900093370682,0.8289930555555556,0.9646464646464646,0.9409408546128558
SGD,0.7191557686955159,0.7496584065692901,0.7033737058327222,0.7800914169629254,0.7759168575563135,"{'alpha': 0.0001, 'penalty': 'elasticnet', 'loss': 'log_loss', 'class_weight': 'balanced'}","['mfcc_6', 'mfcc_3', 'mfcc_5', 'mfcc_11', 'mfcc_8', 'mfcc_10', 'wav_detail_lvl3_std', 'spec_centroid']",0.591337099811676,0.7040358744394619,0.5097402597402597,0.6513138461824601,0.6781789638932496,0.7164179104477612,0.6438152011922503,0.7254602627521044,0.8879512423816222,0.8285214348206474,0.9565656565656566,0.9509764637343756
SGD,0.7190460137723692,0.7440583709503904,0.7056829024042139,0.7866937531742001,0.7648151386661061,"{'alpha': 0.001, 'penalty': 'l2', 'loss': 'log_loss', 'class_weight': 'balanced'}","['mfcc_6', 'mfcc_5', 'wav_detail_lvl3_std', 'spec_centroid']",0.5574387947269304,0.6636771300448431,0.4805194805194805,0.6419947848663441,0.7006079027355623,0.7147286821705426,0.6870342771982116,0.727315269570198,0.899091343854615,0.8537693006357856,0.9494949494949495,0.925135361561776
SGD,0.7190232198293302,0.7582682358079028,0.7012931816210505,0.7877094972067039,0.789557026478532,"{'alpha': 0.001, 'penalty': 'elasticnet', 'loss': 'log_loss', 'class_weight': 'balanced'}","['mfcc_6', 'mfcc_3', 'mfcc_5', 'wav_detail_lvl5_std', 'mfcc_10', 'wav_detail_lvl3_std', 'zcr_mean', 'spec_centroid']",0.5658153241650294,0.7164179104477612,0.4675324675324675,0.6821423595476681,0.6945736434108527,0.7237479806138933,0.6676602086438153,0.7450453976782494,0.8966806919121084,0.834638816362054,0.9686868686868687,0.9414833222096786
SGD,0.7190030961234056,0.7538245451248642,0.7024101278199639,0.7861858811579482,0.7727444354832066,"{'alpha': 0.0001, 'penalty': 'elasticnet', 'loss': 'log_loss', 'class_weight': 'balanced'}","['mfcc_6', 'mfcc_3', 'mfcc_5', 'wav_detail_lvl5_std', 'mfcc_10', 'wav_detail_lvl3_std', 'spec_centroid']",0.573076923076923,0.7028301886792453,0.4837662337662338,0.6665038572989166,0.6870588235294117,0.7251655629139073,0.6527570789865872,0.7118379968684891,0.8968735417638825,0.8334778837814397,0.9707070707070707,0.9398914522822137
SGD,0.7188999817545519,0.7337825453010911,0.7139411286952271,0.7811071609954292,0.7758890926509215,"{'alpha': 0.0001, 'penalty': 'l2', 'loss': 'log_loss', 'class_weight': 'balanced'}","['mfcc_6', 'mfcc_3', 'mfcc_5', 'wav_detail_lvl3_std', 'zcr_mean', 'spec_centroid']",0.5963149078726968,0.615916955017301,0.577922077922078,0.6592390868255039,0.6594504579517069,0.7471698113207547,0.5901639344262295,0.7291578956926886,0.9009345794392524,0.8382608695652174,0.9737373737373738,0.9392702954345723
SGD,0.7188816962015104,0.7499676122892494,0.7034758198692624,0.7861858811579482,0.7722249831164372,"{'alpha': 0.001, 'penalty': 'l2', 'loss': 'log_loss', 'class_weight': 'balanced'}","['mfcc_6', 'mfcc_3', 'mfcc_5', 'mfcc_11', 'wav_detail_lvl3_std', 'spec_centroid']",0.5703422053231939,0.6880733944954128,0.487012987012987,0.6652649116826783,0.6880375293197811,0.7236842105263158,0.6557377049180327,0.7126096488140878,0.8982653539615565,0.8381452318460193,0.9676767676767677,0.9388003888525455
SGD,0.7186204268276923,0.7385528937676042,0.7067856551463109,0.7800914169629254,0.7728236920344687,"{'alpha': 0.001, 'penalty': 'l2', 'loss': 'log_loss', 'class_weight': 'balanced'}","['mfcc_6', 'mfcc_5', 'mfcc_11', 'mfcc_8', 'wav_detail_lvl3_std', 'spec_centroid']",0.5792349726775956,0.6597510373443983,0.5162337662337663,0.6431137299397475,0.6846569005397071,0.7092651757188498,0.6616989567809239,0.7417308895202048,0.8919694072657743,0.8466424682395645,0.9424242424242424,0.9336264566434535
SGD,0.718617305778528,0.7448164993789375,0.7046152390414685,0.7821229050279329,0.7752129609336581,"{'alpha': 0.001, 'penalty': 'l2', 'loss': 'log_loss', 'class_weight': 'balanced'}","['mfcc_6', 'mfcc_3', 'mfcc_5', 'wav_detail_lvl5_std', 'mfcc_8']",0.5799256505576208,0.6782608695652174,0.5064935064935064,0.6833104847835731,0.682850430696946,0.7194719471947195,0.6497764530551415,0.7030896355152275,0.8930758360810175,0.8367166813768756,0.9575757575757575,0.9392387625021733
SGD,0.7186105286062682,0.7477526077450244,0.7036792594169642,0.7841543930929405,0.7809120711210152,"{'alpha': 0.001, 'penalty': 'l2', 'loss': 'log_loss', 'class_weight': 'balanced'}","['mfcc_3', 'mfcc_5', 'mfcc_11', 'wav_detail_lvl5_std', 'mfcc_10', 'wav_detail_lvl3_std', 'zcr_mean', 'spec_centroid']",0.5659655831739961,0.6883720930232559,0.4805194805194805,0.690599918253413,0.6949280847842544,0.7061538461538461,0.684053651266766,0.725243297118351,0.894937917860554,0.8487318840579711,0.9464646464646465,0.9268929979912819
SGD,0.7185125847664547,0.7347995482778091,0.7084707338805699,0.7795835449466735,0.7621137858866135,"{'alpha': 0.001, 'penalty': 'l2', 'loss': 'log_loss', 'class_weight': 'balanced'}","['mfcc_3', 'mfcc_5', 'mfcc_11', 'mfcc_10', 'wav_detail_lvl3_std', 'zcr_mean', 'spec_centroid']",0.5811051693404634,0.6442687747035574,0.5292207792207793,0.6638244267026197,0.6806526806526807,0.711038961038961,0.6527570789865872,0.6968065777501625,0.8937799043062201,0.8490909090909091,0.9434343434343434,0.9257103532070583
SGD,0.7185077910110048,0.7451751660206227,0.7045509742231054,0.7846622651091925,0.7674534021113678,"{'alpha': 0.001, 'penalty': 'l2', 'loss': 'log_loss', 'class_weight': 'balanced'}","['mfcc_6', 'mfcc_5', 'wav_detail_lvl5_std', 'mfcc_10', 'zcr_mean']",0.55893536121673,0.6743119266055045,0.4772727272727273,0.658324677396236,0.7022556390977444,0.708649468892261,0.6959761549925484,0.7211954229358937,0.8943323727185398,0.8525641025641025,0.9404040404040404,0.9228401060019739
SGD,0.7185052825445952,0.7340964626255602,0.7090727730071992,0.7800914169629254,0.7592454574254998,"{'alpha': 0.001, 'penalty': 'elasticnet', 'loss': 'log_loss', 'class_weight': 'balanced'}","['mfcc_3', 'mfcc_5', 'mfcc_11', 'wav_detail_lvl5_std', 'wav_detail_lvl3_std', 'zcr_mean']",0.5795053003533569,0.6356589147286822,0.5324675324675324,0.6864417477114637,0.6823529411764706,0.7201986754966887,0.6482861400894188,0.6642868094270937,0.8936576061039581,0.8464317976513098,0.9464646464646465,0.9270078151379422
SGD,0.7183403516991511,0.7429104830844491,0.7047796465829252,0.7821229050279329,0.7704839121760131,"{'alpha': 0.001, 'penalty': 'l2', 'loss': 'log_loss', 'class_weight': 'balanced'}","['mfcc_3', 'mfcc_5', 'mfcc_11', 'wav_detail_lvl5_std', 'mfcc_10', 'spec_centroid']",0.5719626168224299,0.6740088105726872,0.4967532467532468,0.6878241670142328,0.6890756302521008,0.7068965517241379,0.6721311475409836,0.7020272883694737,0.8939828080229226,0.8478260869565217,0.9454545454545454,0.9216002811443327
SGD,0.718271195451129,0.7384941562555362,0.7061504979537766,0.7785678009141697,0.7682024411441915,"{'alpha': 0.001, 'penalty': 'l2', 'loss': 'log_loss', 'class_weight': 'balanced'}","['mfcc_6', 'mfcc_5', 'wav_detail_lvl5_std', 'mfcc_8', 'zcr_mean']",0.5787545787545788,0.6638655462184874,0.512987012987013,0.6696981001203517,0.6880244088482075,0.7046875,0.6721311475409836,0.7032539086111823,0.8880345987506006,0.846929422548121,0.9333333333333333,0.9316553147010405
SGD,0.7182455189501497,0.7327571856138512,0.7090404434666729,0.7775520568816658,0.7671302353669208,"{'alpha': 0.001, 'penalty': 'elasticnet', 'loss': 'log_loss', 'class_weight': 'balanced'}","['mfcc_6', 'mfcc_5', 'mfcc_8', 'wav_detail_lvl3_std', 'zcr_mean']",0.5855379188712522,0.640926640926641,0.538961038961039,0.6507513524439704,0.6780715396578538,0.7089430894308943,0.6497764530551415,0.7169912000628366,0.891127098321343,0.8484018264840183,0.9383838383838384,0.9336481535939551
SGD,0.718237322172344,0.7406465599402791,0.7058646575040018,0.7856780091416963,0.7562541953760763,"{'alpha': 0.001, 'penalty': 'elasticnet', 'loss': 'log_loss', 'class_weight': 'balanced'}","['mfcc_5', 'mfcc_11', 'wav_detail_lvl5_std', 'mfcc_10', 'wav_detail_lvl3_std', 'zcr_mean', 'spec_centroid']",0.5495327102803739,0.6475770925110133,0.4772727272727273,0.6488505240035437,0.7114803625377644,0.7212863705972435,0.7019374068554396,0.7313403796024124,0.8936988936988937,0.8530762167125804,0.9383838383838384,0.8885716825222727
SGD,0.7182197416274992,0.7576310822714772,0.7000358779047304,0.7836465210766886,0.7875029145981607,"{'alpha': 0.0001, 'penalty': 'elasticnet', 'loss': 'log_loss', 'class_weight': 'balanced'}","['mfcc_6', 'mfcc_3', 'mfcc_5', 'mfcc_11', 'wav_detail_lvl5_std', 'mfcc_8', 'zcr_mean', 'spec_centroid']",0.5753424657534246,0.7241379310344828,0.4772727272727273,0.6798638183826682,0.6894941634241245,0.7214983713355049,0.6602086438152012,0.7335025237811419,0.8898225957049486,0.8272569444444444,0.9626262626262626,0.9491424016306722
SGD,0.7182184024964959,0.7470293061211114,0.7034600493616887,0.7841543930929405,0.7749179588920194,"{'alpha': 0.001, 'penalty': 'elasticnet', 'loss': 'log_loss', 'class_weight': 'balanced'}","['mfcc_6', 'mfcc_3', 'mfcc_5', 'wav_detail_lvl5_std', 'mfcc_10', 'wav_detail_lvl3_std', 'zcr_mean']",0.5725047080979284,0.6816143497757847,0.4935064935064935,0.671826832797712,0.6864738076622361,0.7220394736842105,0.65424739195231,0.7138435099090733,0.8956766917293233,0.8374340949033392,0.9626262626262626,0.939083533969273
SGD,0.718133849189492,0.7374907878213621,0.7064158367437057,0.7785678009141697,0.7679637743618491,"{'alpha': 0.001, 'penalty': 'l2', 'loss': 'log_loss', 'class_weight': 'balanced'}","['mfcc_6', 'mfcc_5', 'wav_detail_lvl5_std', 'mfcc_8', 'wav_detail_lvl3_std', 'zcr_mean']",0.5792349726775956,0.6597510373443983,0.5162337662337663,0.6689901039457747,0.6860643185298622,0.705511811023622,0.6676602086438153,0.7024133914423033,0.8891022563610178,0.8472095150960659,0.9353535353535354,0.9324878276974692
SGD,0.7180910326953307,0.7390786884694102,0.7060385273500027,0.7831386490604367,0.7626549507957745,"{'alpha': 0.001, 'penalty': 'l2', 'loss': 'log_loss', 'class_weight': 'balanced'}","['mfcc_6', 'mfcc_5', 'wav_detail_lvl3_std', 'zcr_mean']",0.5661764705882353,0.652542372881356,0.5,0.6439669091731148,0.6917755572636434,0.7142857142857143,0.6706408345752608,0.7188645181040265,0.8963210702341137,0.8504079782411604,0.9474747474747475,0.9251334251101823
SGD,0.7180825281732949,0.7440379473137431,0.7041019090199417,0.7811071609954292,0.7746754796706975,"{'alpha': 0.001, 'penalty': 'l2', 'loss': 'log_loss', 'class_weight': 'balanced'}","['mfcc_6', 'mfcc_3', 'mfcc_5', 'wav_detail_lvl5_std', 'mfcc_8', 'wav_detail_lvl3_std']",0.5799256505576208,0.6782608695652174,0.5064935064935064,0.6809078380159417,0.6828125,0.7175697865353038,0.6512667660208644,0.7039068834784535,0.8915094339622641,0.8362831858407079,0.9545454545454546,0.9392117175176968
SGD,0.7180624090026336,0.7405863397365947,0.7051222608599658,0.7795835449466735,0.7666985233818618,"{'alpha': 0.001, 'penalty': 'l2', 'loss': 'log_loss', 'class_weight': 'balanced'}","['mfcc_6', 'mfcc_5', 'mfcc_11', 'wav_detail_lvl5_std', 'mfcc_8']",0.5724907063197026,0.6695652173913044,0.5,0.6620413073924736,0.6938775510204082,0.7039877300613497,0.684053651266766,0.7080264261466644,0.8878189696677901,0.8482060717571297,0.9313131313131313,0.9300278366064478
SGD,0.7180030168601582,0.7432041675629896,0.7044733044733045,0.7795835449466735,0.7829468452937668,"{'alpha': 0.001, 'penalty': 'l2', 'loss': 'log_loss', 'class_weight': 'balanced'}","['mfcc_6', 'mfcc_3', 'mfcc_5', 'mfcc_11', 'mfcc_8', 'wav_detail_lvl3_std', 'zcr_mean', 'spec_centroid']",0.5882352941176471,0.6779661016949152,0.5194805194805194,0.6637854428027498,0.6756329113924051,0.7200674536256324,0.6363636363636364,0.7353861024176599,0.8901408450704226,0.8315789473684211,0.9575757575757575,0.9496689906608908
SGD,0.7179850983035082,0.7382725208602415,0.7073466909532483,0.7780599288979178,0.777578966595493,"{'alpha': 0.0001, 'penalty': 'l2', 'loss': 'log_loss', 'class_weight': 'balanced'}","['mfcc_6', 'mfcc_3', 'mfcc_5', 'wav_detail_lvl5_std', 'mfcc_8', 'spec_centroid']",0.5957446808510638,0.65625,0.5454545454545454,0.6731670121417038,0.6682808716707022,0.7288732394366197,0.61698956780924,0.7171992271018869,0.8899297423887588,0.8296943231441049,0.9595959595959596,0.9423706605428883
SGD,0.7179539864951027,0.743167910825885,0.7041941664892485,0.7821229050279329,0.7616094336709986,"{'alpha': 0.0001, 'penalty': 'l2', 'loss': 'log_loss', 'class_weight': 'balanced'}","['mfcc_6', 'mfcc_5', 'wav_detail_lvl5_std', 'mfcc_8', 'mfcc_10', 'wav_detail_lvl3_std', 'spec_centroid']",0.5692883895131086,0.672566371681416,0.4935064935064935,0.6501656592216407,0.69272030651341,0.7129337539432177,0.6736214605067065,0.7049035620752216,0.8918532634587899,0.8440036068530208,0.9454545454545454,0.9297590797161337
SGD,0.7177048072700246,0.7457433627598301,0.7031824884283902,0.7836465210766886,0.7829556522892419,"{'alpha': 0.001, 'penalty': 'l2', 'loss': 'log_loss', 'class_weight': 'balanced'}","['mfcc_3', 'mfcc_5', 'wav_detail_lvl5_std', 'mfcc_10', 'wav_detail_lvl3_std', 'zcr_mean', 'spec_centroid']",0.5638095238095238,0.6820276497695853,0.4805194805194805,0.6858878955579653,0.693939393939394,0.7057010785824345,0.6825633383010432,0.7308305286507368,0.8953655040611562,0.8495013599274706,0.9464646464646465,0.9321485326590233
SGD,0.7175835241860646,0.7372683852952518,0.7063196366475055,0.7851701371254444,0.7619251000890516,"{'alpha': 0.001, 'penalty': 'elasticnet', 'loss': 'log_loss', 'class_weight': 'balanced'}","['mfcc_6', 'mfcc_5', 'mfcc_10', 'wav_detail_lvl3_std', 'spec_centroid']",0.5583941605839416,0.6375,0.4967532467532468,0.632954934261699,0.6934984520123839,0.7214170692431562,0.6676602086438153,0.726866221075453,0.9008579599618685,0.8528880866425993,0.9545454545454546,0.9259541449300028
SGD,0.7174796249263989,0.7505803261764236,0.701505294947918,0.7846622651091925,0.7733939292589994,"{'alpha': 0.0001, 'penalty': 'elasticnet', 'loss': 'log_loss', 'class_weight': 'balanced'}","['mfcc_6', 'mfcc_3', 'mfcc_5', 'mfcc_11', 'wav_detail_lvl5_std', 'mfcc_10', 'zcr_mean']",0.5725190839694656,0.6944444444444444,0.487012987012987,0.6592956664822712,0.6834645669291338,0.7245409015025042,0.646795827123696,0.720836606503456,0.8964552238805971,0.8327556325823223,0.9707070707070707,0.9400495147912706
SGD,0.7174736385749926,0.7368891587420235,0.7075390911456485,0.7805992889791773,0.7765951072541135,"{'alpha': 0.0001, 'penalty': 'elasticnet', 'loss': 'log_loss', 'class_weight': 'balanced'}","['mfcc_3', 'mfcc_5', 'wav_detail_lvl5_std', 'mfcc_10', 'zcr_mean', 'spec_centroid']",0.5865724381625441,0.6434108527131783,0.538961038961039,0.6779708928721444,0.6693613581244947,0.7314487632508834,0.61698956780924,0.7219321528641437,0.8964871194379391,0.8358078602620087,0.9666666666666667,0.9298822760260523
SGD,0.7174667631065894,0.7563245931353909,0.6992579976186534,0.7811071609954292,0.7827540240343094,"{'alpha': 0.0001, 'penalty': 'l2', 'loss': 'log_loss', 'class_weight': 'balanced'}","['mfcc_6', 'mfcc_3', 'mfcc_5', 'mfcc_11', 'wav_detail_lvl5_std', 'mfcc_8', 'mfcc_10', 'spec_centroid']",0.5792563600782779,0.729064039408867,0.4805194805194805,0.6711645697970291,0.6857142857142857,0.7115384615384616,0.6616989567809239,0.7259297161933925,0.8874296435272045,0.8283712784588442,0.9555555555555556,0.9511677861125063
SGD,0.7174514684423695,0.7370607332004014,0.7069055110038717,0.7760284408329101,0.7825071582567765,"{'alpha': 0.0001, 'penalty': 'elasticnet', 'loss': 'log_loss', 'class_weight': 'balanced'}","['mfcc_6', 'mfcc_3', 'mfcc_5', 'mfcc_11', 'wav_detail_lvl5_std', 'mfcc_8', 'spec_centroid']",0.5982300884955752,0.6575875486381323,0.5487012987012987,0.6752834566726056,0.667739340305712,0.7255244755244755,0.6184798807749627,0.7250683906686739,0.8863849765258216,0.8280701754385965,0.9535353535353536,0.9471696274290503
SGD,0.7174119233662459,0.7352482299296742,0.7073825688579788,0.7821229050279329,0.7473762720580787,"{'alpha': 0.001, 'penalty': 'l2', 'loss': 'log_loss', 'class_weight': 'balanced'}","['mfcc_3', 'mfcc_5', 'mfcc_11', 'wav_detail_lvl5_std']",0.5729537366548043,0.6338582677165354,0.5227272727272727,0.6793317577502382,0.6814580031695721,0.727580372250423,0.6408345752608048,0.6465203526666025,0.8978240302743614,0.844306049822064,0.9585858585858585,0.9162767057573953
SGD,0.7172794098937265,0.7514211389512461,0.7011547954170906,0.7866937531742001,0.75682978690372,"{'alpha': 0.001, 'penalty': 'l2', 'loss': 'log_loss', 'class_weight': 'balanced'}","['mfcc_6', 'mfcc_11', 'wav_detail_lvl5_std', 'mfcc_10', 'wav_detail_lvl3_std', 'zcr_mean', 'spec_centroid']",0.5553398058252427,0.6908212560386473,0.4642857142857143,0.6424600661496108,0.7015384615384616,0.724960254372019,0.6795827123695977,0.7119288863042884,0.8949599623174753,0.8384819064430715,0.9595959595959596,0.916100408257261
SGD,0.717261316230282,0.7483144927467308,0.7018802387654847,0.7846622651091925,0.7747224851748027,"{'alpha': 0.001, 'penalty': 'elasticnet', 'loss': 'log_loss', 'class_weight': 'balanced'}","['mfcc_6', 'mfcc_3', 'mfcc_5', 'wav_detail_lvl5_std', 'mfcc_10', 'wav_detail_lvl3_std']",0.5676190476190476,0.6866359447004609,0.4837662337662338,0.6710020635089659,0.6874512860483243,0.7205882352941176,0.6572280178837556,0.7158430662784379,0.8967136150234741,0.8377192982456141,0.9646464646464646,0.9373223257370045
SGD,0.7172203227667328,0.7407012217389303,0.7046605792507431,0.7846622651091925,0.7548300254979559,"{'alpha': 0.001, 'penalty': 'l2', 'loss': 'log_loss', 'class_weight': 'balanced'}","['mfcc_5', 'mfcc_11', 'wav_detail_lvl5_std', 'mfcc_10', 'zcr_mean', 'spec_centroid']",0.5471698113207547,0.6531531531531531,0.4707792207792208,0.6525954606213816,0.7114093959731543,0.7119402985074627,0.7108792846497765,0.7250459492041155,0.8930817610062893,0.8570102135561746,0.9323232323232323,0.8868486666683701
SGD,0.71712914238918,0.7484030959749871,0.7017714222632255,0.7831386490604367,0.7727510808678123,"{'alpha': 0.0001, 'penalty': 'elasticnet', 'loss': 'log_loss', 'class_weight': 'balanced'}","['mfcc_6', 'mfcc_3', 'mfcc_5', 'mfcc_11', 'wav_detail_lvl5_std', 'mfcc_10', 'wav_detail_lvl3_std', 'zcr_mean']",0.5773584905660377,0.6891891891891891,0.4967532467532468,0.6594677090366191,0.6788263283108644,0.7254237288135593,0.6378539493293591,0.7186576182603829,0.8952026082906381,0.8305963699222126,0.9707070707070707,0.9401279153064347
SGD,0.7170703560455381,0.7604298593749789,0.6978713757402283,0.7826307770441848,0.7897842002831802,"{'alpha': 0.0001, 'penalty': 'elasticnet', 'loss': 'log_loss', 'class_weight': 'balanced'}","['mfcc_6', 'mfcc_3', 'mfcc_5', 'mfcc_11', 'wav_detail_lvl5_std', 'mfcc_8', 'mfcc_10', 'wav_detail_lvl3_std', 'zcr_mean', 'spec_centroid']",0.5753968253968254,0.7397959183673469,0.4707792207792208,0.6833681134798324,0.6868217054263566,0.715670436187399,0.6602086438152012,0.7334926753242972,0.8889925373134329,0.8258232235701907,0.9626262626262626,0.9524918120454108
SGD,0.7170615713083471,0.7478058304542573,0.7015486638437457,0.7826307770441848,0.756205931270823,"{'alpha': 0.001, 'penalty': 'elasticnet', 'loss': 'log_loss', 'class_weight': 'balanced'}","['mfcc_6', 'mfcc_11', 'wav_detail_lvl5_std', 'wav_detail_lvl3_std', 'spec_centroid']",0.5659655831739961,0.6883720930232559,0.4805194805194805,0.652230114690753,0.6953846153846154,0.7186009538950715,0.6736214605067065,0.7048952394187583,0.8898345153664302,0.8364444444444444,0.9505050505050505,0.9114924397029578
SGD,0.71694424737903,0.7586219336219336,0.6984726263414789,0.7846622651091925,0.779881567510631,"{'alpha': 0.0001, 'penalty': 'l2', 'loss': 'log_loss', 'class_weight': 'balanced'}","['mfcc_6', 'mfcc_3', 'mfcc_5', 'wav_detail_lvl5_std', 'mfcc_8', 'mfcc_10', 'wav_detail_lvl3_std', 'zcr_mean', 'spec_centroid']",0.5691699604743083,0.7272727272727273,0.4675324675324675,0.680479864785237,0.6884226884226884,0.7191558441558441,0.6602086438152012,0.7160776454580038,0.8932400932400932,0.8294372294372294,0.9676767676767677,0.9430871922886523
SGD,0.7169300432875939,0.7572731950034517,0.6983358171882763,0.7805992889791773,0.783399039659953,"{'alpha': 0.0001, 'penalty': 'elasticnet', 'loss': 'log_loss', 'class_weight': 'balanced'}","['mfcc_6', 'mfcc_3', 'mfcc_5', 'mfcc_11', 'wav_detail_lvl5_std', 'mfcc_8', 'mfcc_10', 'wav_detail_lvl3_std', 'spec_centroid']",0.5787401574803149,0.735,0.4772727272727273,0.6752854538594525,0.6851424172440339,0.7085987261146497,0.6631892697466468,0.7249456646394992,0.8869075551384327,0.8282208588957055,0.9545454545454546,0.9499660004809072
SGD,0.7168956097957159,0.7299941362876462,0.7086315930578225,0.7780599288979178,0.7615379525274206,"{'alpha': 0.001, 'penalty': 'elasticnet', 'loss': 'log_loss', 'class_weight': 'balanced'}","['mfcc_6', 'mfcc_5', 'mfcc_8', 'mfcc_10', 'wav_detail_lvl3_std']",0.5769230769230769,0.625,0.5357142857142857,0.6394511490534961,0.6807181889149102,0.7147540983606557,0.6497764530551415,0.7171781880495587,0.8930455635491606,0.8502283105022831,0.9404040404040404,0.9279845204792072
SGD,0.7168761165841456,0.7368597742127153,0.7050300033906591,0.7785678009141697,0.769683630136007,"{'alpha': 0.001, 'penalty': 'l2', 'loss': 'log_loss', 'class_weight': 'balanced'}","['mfcc_6', 'mfcc_5', 'mfcc_11', 'mfcc_8', 'mfcc_10', 'wav_detail_lvl3_std', 'spec_centroid']",0.5766423357664233,0.6583333333333333,0.512987012987013,0.6404873635613141,0.683076923076923,0.7058823529411765,0.6616989567809239,0.7363876416677638,0.8909090909090909,0.8463636363636363,0.9404040404040404,0.932175885178943
SGD,0.7165880133547574,0.7349661555659764,0.705756235264432,0.7750126968004063,0.7638478122829045,"{'alpha': 0.0001, 'penalty': 'l2', 'loss': 'log_loss', 'class_weight': 'balanced'}","['mfcc_6', 'mfcc_5', 'mfcc_11', 'mfcc_8', 'mfcc_10', 'wav_detail_lvl3_std', 'zcr_mean']",0.5928571428571429,0.6587301587301587,0.538961038961039,0.6411900877850959,0.6703383162863886,0.71,0.6348733233979136,0.7165722827379744,0.8865685809207404,0.8361683079677709,0.9434343434343434,0.9337810663256434
SGD,0.7165870743032654,0.7365692338186031,0.7046262783967702,0.7775520568816658,0.7674612668862016,"{'alpha': 0.001, 'penalty': 'l2', 'loss': 'log_loss', 'class_weight': 'balanced'}","['mfcc_6', 'mfcc_5', 'wav_detail_lvl5_std', 'mfcc_8', 'wav_detail_lvl3_std']",0.5724770642201835,0.6582278481012658,0.5064935064935064,0.6613332098981812,0.6909643128321944,0.7043343653250774,0.6780923994038748,0.713240578223687,0.8863198458574181,0.8471454880294659,0.9292929292929293,0.9278100125367366
SGD,0.7165849918991819,0.7294252267331184,0.7080685859374384,0.7755205688166582,0.7697258186455288,"{'alpha': 0.0001, 'penalty': 'l2', 'loss': 'log_loss', 'class_weight': 'balanced'}","['mfcc_5', 'wav_detail_lvl5_std', 'mfcc_8', 'mfcc_10', 'wav_detail_lvl3_std', 'zcr_mean', 'spec_centroid']",0.5789473684210527,0.6297709923664122,0.5357142857142857,0.6672008175666005,0.6841698841698842,0.7099358974358975,0.6602086438152012,0.7164121271327936,0.8866377231066088,0.8485687903970452,0.9282828282828283,0.9255645112371924
SGD,0.716570329681452,0.7459568604156207,0.702170021842153,0.7866937531742001,0.7645986547568167,"{'alpha': 0.001, 'penalty': 'l2', 'loss': 'log_loss', 'class_weight': 'balanced'}","['mfcc_6', 'mfcc_5', 'mfcc_11', 'mfcc_10', 'wav_detail_lvl3_std', 'spec_centroid']",0.5472061657032755,0.6729857819905213,0.461038961038961,0.6371986708561913,0.7038432554634514,0.711890243902439,0.6959761549925484,0.7352649022919793,0.8986615678776291,0.852994555353902,0.9494949494949495,0.9213323911222794
SGD,0.7164679946137881,0.7492314910182453,0.7001975256073617,0.7805992889791773,0.7901563563614126,"{'alpha': 0.001, 'penalty': 'elasticnet', 'loss': 'log_loss', 'class_weight': 'balanced'}","['mfcc_6', 'mfcc_3', 'mfcc_5', 'wav_detail_lvl5_std', 'mfcc_8', 'wav_detail_lvl3_std', 'zcr_mean', 'spec_centroid']",0.5774378585086042,0.7023255813953488,0.4902597402597403,0.6876754400920021,0.6822429906542056,0.7145187601957586,0.6527570789865872,0.7381372203463241,0.8897231346785547,0.8308501314636284,0.9575757575757575,0.9446564086459116
SGD,0.7164452553374104,0.7447134968965111,0.7020576569756898,0.7836465210766886,0.7738775397636543,"{'alpha': 0.001, 'penalty': 'elasticnet', 'loss': 'log_loss', 'class_weight': 'balanced'}","['mfcc_6', 'mfcc_3', 'mfcc_5', 'mfcc_11', 'wav_detail_lvl5_std', 'mfcc_10', 'wav_detail_lvl3_std']",0.5676691729323309,0.6741071428571429,0.4902597402597403,0.6718348213592452,0.6849529780564263,0.7223140495867768,0.6512667660208644,0.7182608306963553,0.8967136150234741,0.8377192982456141,0.9646464646464646,0.9315369672353623
SGD,0.7164012200619393,0.7534548150348339,0.6990423359275818,0.7826307770441848,0.7728217019064082,"{'alpha': 0.0001, 'penalty': 'elasticnet', 'loss': 'log_loss', 'class_weight': 'balanced'}","['mfcc_6', 'mfcc_3', 'mfcc_5', 'wav_detail_lvl5_std', 'mfcc_8', 'mfcc_10', 'wav_detail_lvl3_std', 'spec_centroid']",0.5719844357976653,0.7135922330097088,0.4772727272727273,0.6726982840835598,0.6853146853146853,0.7159090909090909,0.6572280178837556,0.7037570642715291,0.8919045390734675,0.8308631211857018,0.9626262626262626,0.9420097573641358
SGD,0.7163915927514669,0.7458567036910021,0.701507660524054,0.7800914169629254,0.7808862801718336,"{'alpha': 0.0001, 'penalty': 'elasticnet', 'loss': 'log_loss', 'class_weight': 'balanced'}","['mfcc_6', 'mfcc_3', 'mfcc_5', 'mfcc_11', 'mfcc_8', 'mfcc_10', 'wav_detail_lvl3_std', 'zcr_mean', 'spec_centroid']",0.5831775700934579,0.6872246696035242,0.5064935064935064,0.6596641386160363,0.6751389992057188,0.7227891156462585,0.6333830104321908,0.7306831798882978,0.8908582089552238,0.8275563258232236,0.9646464646464646,0.9523115220111665
SGD,0.7162885973638323,0.7283553513220794,0.7097102957758695,0.7770441848654139,0.7479723867687676,"{'alpha': 0.001, 'penalty': 'l2', 'loss': 'log_loss', 'class_weight': 'balanced'}","['mfcc_3', 'mfcc_5', 'mfcc_11', 'wav_detail_lvl3_std', 'zcr_mean']",0.5846153846153846,0.6173285198555957,0.5551948051948052,0.6578259950417987,0.6698641087130296,0.7224137931034482,0.624441132637854,0.6590767062375131,0.8943862987630827,0.8453237410071942,0.9494949494949495,0.9270144590269913
SGD,0.7159469120245446,0.747079630995232,0.7005499964516358,0.7831386490604367,0.7760686033466562,"{'alpha': 0.001, 'penalty': 'l2', 'loss': 'log_loss', 'class_weight': 'balanced'}","['mfcc_6', 'mfcc_3', 'mfcc_5', 'wav_detail_lvl5_std', 'mfcc_10']",0.5676190476190476,0.6866359447004609,0.4837662337662338,0.674534689766646,0.6848673946957878,0.7184942716857611,0.65424739195231,0.7164438465009458,0.8953542937587987,0.8361086765994742,0.9636363636363636,0.9372272737723768
SGD,0.7159392636317806,0.739724537699168,0.703098904738249,0.7826307770441848,0.7591891957382932,"{'alpha': 0.001, 'penalty': 'elasticnet', 'loss': 'log_loss', 'class_weight': 'balanced'}","['mfcc_5', 'wav_detail_lvl5_std', 'mfcc_10', 'zcr_mean', 'spec_centroid']",0.5499058380414312,0.6547085201793722,0.474025974025974,0.6433766656791042,0.7077385424492862,0.7136363636363636,0.7019374068554396,0.7336595676309856,0.8901734104046243,0.850828729281768,0.9333333333333333,0.9005313539047899
SGD,0.7159176866493939,0.740477846650243,0.7028229208557076,0.7780599288979178,0.7805279956098209,"{'alpha': 0.001, 'penalty': 'elasticnet', 'loss': 'log_loss', 'class_weight': 'balanced'}","['mfcc_6', 'mfcc_3', 'mfcc_5', 'mfcc_8', 'wav_detail_lvl3_std', 'zcr_mean', 'spec_centroid']",0.5860805860805861,0.6722689075630253,0.5194805194805194,0.66424673734244,0.6714285714285714,0.7181663837011885,0.6304023845007451,0.7311344468005008,0.8902439024390244,0.8309982486865148,0.9585858585858585,0.9462028026865215
SGD,0.7158380950549069,0.7269870041051042,0.7268603284996727,0.7714575926866429,0.7696729240116796,"{'alpha': 0.001, 'penalty': 'l2', 'loss': 'log_loss', 'class_weight': 'balanced'}","['mfcc_6', 'mfcc_3', 'mfcc_5', 'mfcc_11', 'mfcc_10', 'zcr_mean']",0.6322008862629247,0.5799457994579946,0.6948051948051948,0.6525038445621941,0.6193433895297249,0.7653508771929824,0.5201192250372578,0.7343948560898106,0.8959700093720713,0.8356643356643356,0.9656565656565657,0.9221200713830343
SGD,0.7156533821147976,0.7465677611813656,0.7004778463794857,0.7841543930929405,0.7764750055712276,"{'alpha': 0.001, 'penalty': 'l2', 'loss': 'log_loss', 'class_weight': 'balanced'}","['mfcc_6', 'mfcc_3', 'mfcc_5', 'mfcc_11', 'mfcc_10', 'wav_detail_lvl3_std', 'spec_centroid']",0.5638095238095238,0.6820276497695853,0.4805194805194805,0.6626145055204864,0.6854020296643247,0.719672131147541,0.65424739195231,0.7300964707494818,0.8977485928705441,0.8380035026269702,0.9666666666666667,0.936714040443715
SGD,0.7154718594758993,0.7462337321270708,0.7003012166946593,0.7836465210766886,0.7753913641075615,"{'alpha': 0.001, 'penalty': 'l2', 'loss': 'log_loss', 'class_weight': 'balanced'}","['mfcc_6', 'mfcc_3', 'mfcc_5', 'mfcc_11', 'wav_detail_lvl5_std', 'mfcc_10']",0.5638095238095238,0.6820276497695853,0.4805194805194805,0.6736368606724976,0.6858924395946999,0.7189542483660131,0.6557377049180327,0.7207498414732123,0.8967136150234741,0.8377192982456141,0.9646464646464646,0.9317873901769748
SGD,0.7154641545354629,0.7347002236521293,0.7042994346273034,0.7821229050279329,0.7612260468339261,"{'alpha': 0.001, 'penalty': 'elasticnet', 'loss': 'log_loss', 'class_weight': 'balanced'}","['mfcc_6', 'mfcc_5', 'mfcc_10', 'wav_detail_lvl3_std']",0.5583941605839416,0.6375,0.4967532467532468,0.6341526434391329,0.6902927580893683,0.7145135566188198,0.6676602086438153,0.7242918926141106,0.8977055449330784,0.852087114337568,0.9484848484848485,0.9252336044485348
SGD,0.7153013636945674,0.7331037239805719,0.704652299734267,0.776536312849162,0.7103734015142895,"{'alpha': 0.0001, 'penalty': 'l2', 'loss': 'log_loss', 'class_weight': 'balanced'}","['mfcc_5', 'wav_detail_lvl5_std']",0.5588235294117647,0.6440677966101694,0.4935064935064935,0.6421599599217357,0.7039764359351989,0.6957787481804949,0.7123695976154992,0.6655456941500358,0.8831041257367387,0.8594646271510517,0.908080808080808,0.8234145504710969
SGD,0.7151396795956998,0.7473123407154478,0.6990987154921582,0.7795835449466735,0.791332779702424,"{'alpha': 0.001, 'penalty': 'elasticnet', 'loss': 'log_loss', 'class_weight': 'balanced'}","['mfcc_6', 'mfcc_3', 'mfcc_5', 'mfcc_11', 'wav_detail_lvl5_std', 'mfcc_8', 'wav_detail_lvl3_std', 'zcr_mean', 'spec_centroid']",0.5736137667304015,0.6976744186046512,0.487012987012987,0.6877069750906508,0.6832298136645962,0.713128038897893,0.6557377049180327,0.7382174190975586,0.8885754583921015,0.8311345646437994,0.9545454545454546,0.9480739449190626
SGD,0.7151281601164688,0.7346145383297086,0.7033827738745773,0.770949720670391,0.7707148549317459,"{'alpha': 0.0001, 'penalty': 'l2', 'loss': 'log_loss', 'class_weight': 'balanced'}","['mfcc_3', 'mfcc_5', 'wav_detail_lvl5_std', 'mfcc_8', 'mfcc_10', 'spec_centroid']",0.5981981981981982,0.6720647773279352,0.538961038961039,0.6826119562981638,0.6671862821512081,0.6993464052287581,0.6378539493293591,0.6916781460959049,0.88,0.8324324324324325,0.9333333333333333,0.9378544624011689
SGD,0.7150772586864114,0.7311502386705491,0.7049897885963459,0.7755205688166582,0.7528751157985196,"{'alpha': 0.001, 'penalty': 'elasticnet', 'loss': 'log_loss', 'class_weight': 'balanced'}","['mfcc_5', 'mfcc_11', 'wav_detail_lvl5_std', 'spec_centroid']",0.56,0.6363636363636364,0.5,0.6534768214639106,0.7052709725315516,0.7026627218934911,0.7078986587183308,0.705776830946273,0.8799608035276825,0.8544243577545195,0.907070707070707,0.8993716949853754
SGD,0.7150744195672466,0.7369002343202972,0.7035136690874396,0.7780599288979178,0.7720809797009239,"{'alpha': 0.001, 'penalty': 'elasticnet', 'loss': 'log_loss', 'class_weight': 'balanced'}","['mfcc_6', 'mfcc_3', 'mfcc_5', 'mfcc_8', 'wav_detail_lvl3_std', 'spec_centroid']",0.5837837837837838,0.6558704453441295,0.525974025974026,0.6576978010544146,0.6688,0.7219343696027634,0.6229508196721312,0.7149479582416598,0.8926394749179559,0.8328958880139983,0.9616161616161616,0.9435971798066976
SGD,0.7150652662932192,0.7359669552051389,0.7033752828834796,0.7770441848654139,0.7798339602971134,"{'alpha': 0.001, 'penalty': 'l2', 'loss': 'log_loss', 'class_weight': 'balanced'}","['mfcc_6', 'mfcc_3', 'mfcc_5', 'mfcc_11', 'mfcc_8', 'wav_detail_lvl3_std', 'spec_centroid']",0.5822784810126582,0.6571428571428571,0.5227272727272727,0.6605577213617269,0.6724546172059984,0.714765100671141,0.6348733233979136,0.7305485569866301,0.890462700661001,0.8359929078014184,0.9525252525252526,0.9483956025429833
SGD,0.7150279112411964,0.7296400278975929,0.7059711084301248,0.7750126968004063,0.7624828325204619,"{'alpha': 0.001, 'penalty': 'elasticnet', 'loss': 'log_loss', 'class_weight': 'balanced'}","['mfcc_6', 'mfcc_5', 'mfcc_11', 'mfcc_8', 'mfcc_10', 'wav_detail_lvl3_std']",0.5809859154929577,0.6346153846153846,0.5357142857142857,0.6386648087219738,0.6755277560594214,0.7105263157894737,0.6438152011922503,0.7179067936350311,0.8885700621712099,0.8437783832879201,0.9383838383838384,0.930876895204381
SGD,0.7148444004310822,0.7441915670644699,0.6996510775199299,0.7785678009141697,0.785934762962052,"{'alpha': 0.001, 'penalty': 'l2', 'loss': 'log_loss', 'class_weight': 'balanced'}","['mfcc_6', 'mfcc_3', 'mfcc_5', 'mfcc_11', 'wav_detail_lvl5_std', 'mfcc_8', 'wav_detail_lvl3_std', 'spec_centroid']",0.573055028462998,0.6894977168949772,0.4902597402597403,0.6847113100978733,0.6831148804934464,0.707667731629393,0.6602086438152012,0.7268794367343723,0.8883632923368022,0.8354092526690391,0.9484848484848485,0.9462135420539103
SGD,0.714770112980005,0.7374961945675338,0.701520276930113,0.7724733367191468,0.7766179815969506,"{'alpha': 0.0001, 'penalty': 'l2', 'loss': 'log_loss', 'class_weight': 'balanced'}","['mfcc_3', 'mfcc_5', 'mfcc_11', 'wav_detail_lvl5_std', 'mfcc_8', 'mfcc_10', 'wav_detail_lvl3_std', 'spec_centroid']",0.5893186003683242,0.6808510638297872,0.5194805194805194,0.6865983072480267,0.6738461538461539,0.6963434022257552,0.6527570789865872,0.6977648843092346,0.881145584725537,0.8352941176470589,0.9323232323232323,0.9454907532335906
SGD,0.7147357507004912,0.7317741608030457,0.704420079010243,0.7775520568816658,0.7549766707305922,"{'alpha': 0.001, 'penalty': 'elasticnet', 'loss': 'log_loss', 'class_weight': 'balanced'}","['mfcc_5', 'mfcc_11', 'wav_detail_lvl5_std', 'mfcc_10', 'wav_detail_lvl3_std', 'spec_centroid']",0.5531135531135531,0.634453781512605,0.4902597402597403,0.6429524926802896,0.7066666666666667,0.7025036818851251,0.7108792846497765,0.7227513131994483,0.8844270323212536,0.8583650190114068,0.9121212121212121,0.8992262063120386
SGD,0.714729502177157,0.7243632385888995,0.7151866045308668,0.7755205688166582,0.7553963672601899,"{'alpha': 0.0001, 'penalty': 'elasticnet', 'loss': 'log_loss', 'class_weight': 'balanced'}","['mfcc_3', 'mfcc_5', 'wav_detail_lvl5_std', 'zcr_mean']",0.5964912280701754,0.5862068965517241,0.6071428571428571,0.6774576806272237,0.6476030277544155,0.7432432432432432,0.5737704918032787,0.6615232350992051,0.9000942507068803,0.8436395759717314,0.9646464646464646,0.9272081860541406
SGD,0.7144444820740468,0.7392059178743962,0.7010361223475977,0.7800914169629254,0.7713084649212236,"{'alpha': 0.001, 'penalty': 'l2', 'loss': 'log_loss', 'class_weight': 'balanced'}","['mfcc_3', 'mfcc_5', 'wav_detail_lvl5_std', 'mfcc_10', 'spec_centroid']",0.5628517823639775,0.6666666666666666,0.487012987012987,0.6817671790950174,0.6864988558352403,0.703125,0.6706408345752608,0.7028196771281136,0.8939828080229226,0.8478260869565217,0.9454545454545454,0.9293385385405399
SGD,0.7144136896942047,0.7391115585940685,0.7016835016835016,0.7821229050279329,0.7692258445118233,"{'alpha': 0.001, 'penalty': 'elasticnet', 'loss': 'log_loss', 'class_weight': 'balanced'}","['mfcc_6', 'mfcc_3', 'mfcc_5', 'mfcc_10', 'wav_detail_lvl3_std', 'spec_centroid']",0.567219152854512,0.6553191489361702,0.5,0.6529615832574172,0.6772402854877082,0.7237288135593221,0.6363636363636364,0.7149315322982284,0.8987816307403936,0.8382867132867133,0.9686868686868687,0.9397844179798245
SGD,0.7143506815929898,0.738623804013968,0.7018609198937068,0.7811071609954292,0.7709285254030998,"{'alpha': 0.001, 'penalty': 'elasticnet', 'loss': 'log_loss', 'class_weight': 'balanced'}","['mfcc_6', 'mfcc_3', 'mfcc_5', 'mfcc_10', 'wav_detail_lvl3_std']",0.5714285714285714,0.6554621848739496,0.5064935064935064,0.6547471160375473,0.6741035856573705,0.7243150684931506,0.6304023845007451,0.7144255249821899,0.8975198876930276,0.8360941586748039,0.9686868686868687,0.943612935189562
SGD,0.7142705775561482,0.7302566906118937,0.7041015147572525,0.7745048247841544,0.7556507557244886,"{'alpha': 0.001, 'penalty': 'l2', 'loss': 'log_loss', 'class_weight': 'balanced'}","['mfcc_5', 'mfcc_11', 'wav_detail_lvl5_std', 'wav_detail_lvl3_std', 'spec_centroid']",0.5615942028985508,0.6352459016393442,0.5032467532467533,0.6496160704142102,0.702621722846442,0.7063253012048193,0.698956780923994,0.7186052887824361,0.878595806923452,0.8491988689915174,0.9101010101010101,0.8987309079768194
SGD,0.714128295161449,0.7377117473526789,0.7011055125809224,0.7760284408329101,0.773339434012418,"{'alpha': 0.001, 'penalty': 'l2', 'loss': 'log_loss', 'class_weight': 'balanced'}","['mfcc_6', 'mfcc_3', 'mfcc_5', 'wav_detail_lvl5_std', 'mfcc_8', 'zcr_mean']",0.5808823529411765,0.6694915254237288,0.512987012987013,0.6808955220272296,0.6734534064212999,0.7095709570957096,0.6408345752608048,0.6963294189495381,0.8880491261218706,0.834072759538598,0.9494949494949495,0.9427933610604863
SGD,0.7140988848749087,0.7337604965123071,0.7034099780001419,0.7750126968004063,0.7731429480735827,"{'alpha': 0.001, 'penalty': 'elasticnet', 'loss': 'log_loss', 'class_weight': 'balanced'}","['mfcc_6', 'mfcc_3', 'mfcc_5', 'mfcc_11', 'mfcc_8', 'wav_detail_lvl3_std']",0.5882352941176471,0.6521739130434783,0.5357142857142857,0.6633973246849113,0.6650679456434853,0.7172413793103448,0.6199701937406855,0.7099802747097088,0.8889934148635936,0.8318661971830986,0.9545454545454546,0.946051244826128
SGD,0.714043528961405,0.7397068352445926,0.7007447622201721,0.7811071609954292,0.7743275801904649,"{'alpha': 0.001, 'penalty': 'l2', 'loss': 'log_loss', 'class_weight': 'balanced'}","['mfcc_6', 'mfcc_3', 'mfcc_5', 'mfcc_11', 'mfcc_10', 'wav_detail_lvl3_std', 'zcr_mean']",0.5677179962894249,0.6623376623376623,0.4967532467532468,0.6623727607781975,0.677698975571316,0.7190635451505016,0.6408345752608048,0.7256301574576636,0.8967136150234741,0.8377192982456141,0.9646464646464646,0.9349798223355335
SGD,0.7137561569832448,0.7395179813939184,0.6999172048352377,0.7770441848654139,0.7507367678735996,"{'alpha': 0.001, 'penalty': 'elasticnet', 'loss': 'log_loss', 'class_weight': 'balanced'}","['mfcc_6', 'mfcc_11', 'wav_detail_lvl5_std', 'wav_detail_lvl3_std']",0.5724907063197026,0.6695652173913044,0.5,0.6461218444093444,0.6833463643471462,0.71875,0.6512667660208644,0.7010187956771955,0.8854314002828855,0.830238726790451,0.9484848484848485,0.9050696635342586
SGD,0.7136272695514578,0.7309299956929728,0.7037991152745251,0.7800914169629254,0.767657252291734,"{'alpha': 0.001, 'penalty': 'l2', 'loss': 'log_loss', 'class_weight': 'balanced'}","['mfcc_3', 'mfcc_5', 'mfcc_11', 'wav_detail_lvl3_std', 'zcr_mean', 'spec_centroid']",0.5642857142857143,0.626984126984127,0.512987012987013,0.6615543745175914,0.6771653543307087,0.7178631051752922,0.6408345752608048,0.7109585247995956,0.8994307400379506,0.8479427549194991,0.9575757575757575,0.9304588575580152
SGD,0.7135776235119682,0.7294154311827749,0.7043530543530544,0.7760284408329101,0.7516942017490909,"{'alpha': 0.001, 'penalty': 'elasticnet', 'loss': 'log_loss', 'class_weight': 'balanced'}","['mfcc_3', 'mfcc_5', 'wav_detail_lvl5_std', 'wav_detail_lvl3_std']",0.5749559082892416,0.6293436293436293,0.5292207792207793,0.6819707303473695,0.674565560821485,0.7176470588235294,0.6363636363636364,0.6446815573336017,0.8912114014251782,0.841255605381166,0.9474747474747475,0.9284303175663013
SGD,0.7135589066496895,0.7362852984152978,0.7016842902088803,0.7805992889791773,0.7728930382098665,"{'alpha': 0.001, 'penalty': 'elasticnet', 'loss': 'log_loss', 'class_weight': 'balanced'}","['mfcc_6', 'mfcc_3', 'mfcc_5', 'mfcc_11', 'mfcc_10', 'wav_detail_lvl3_std']",0.5683060109289617,0.6473029045643154,0.5064935064935064,0.6569984850077892,0.6746221161495625,0.7235494880546075,0.6318926974664679,0.7261513955255006,0.8977485928705441,0.8380035026269702,0.9666666666666667,0.9355292340963095
SGD,0.713552429296588,0.735904110520047,0.7010175920011986,0.7750126968004063,0.7730299510792994,"{'alpha': 0.001, 'penalty': 'elasticnet', 'loss': 'log_loss', 'class_weight': 'balanced'}","['mfcc_6', 'mfcc_3', 'mfcc_5', 'wav_detail_lvl5_std', 'mfcc_8', 'wav_detail_lvl3_std', 'zcr_mean']",0.5813528336380256,0.6652719665271967,0.5162337662337663,0.6798322217150582,0.6718872357086922,0.7079207920792079,0.639344262295082,0.6964303287990339,0.8874172185430463,0.8345195729537367,0.9474747474747475,0.9428273027238061
SGD,0.7134162352283585,0.7382368784659669,0.699758711234121,0.7739969527679025,0.7740403051648824,"{'alpha': 0.001, 'penalty': 'l2', 'loss': 'log_loss', 'class_weight': 'balanced'}","['mfcc_6', 'mfcc_3', 'mfcc_5', 'mfcc_11', 'wav_detail_lvl5_std', 'mfcc_8', 'zcr_mean']",0.5841035120147874,0.6781115879828327,0.512987012987013,0.6816859693978037,0.671875,0.7060755336617406,0.6408345752608048,0.6948616600075087,0.8842701936702881,0.8305235137533274,0.9454545454545454,0.945573286089335
SGD,0.7134131409388246,0.7364815704339299,0.70134758987218,0.7800914169629254,0.7694092893462564,"{'alpha': 0.001, 'penalty': 'elasticnet', 'loss': 'log_loss', 'class_weight': 'balanced'}","['mfcc_6', 'mfcc_3', 'mfcc_5', 'mfcc_10', 'wav_detail_lvl3_std', 'zcr_mean']",0.5693430656934306,0.65,0.5064935064935064,0.6543584689913181,0.6740858505564388,0.7223168654173765,0.6318926974664679,0.7145436430920937,0.8968105065666041,0.8371278458844134,0.9656565656565657,0.9393257559553576
SGD,0.7133865615831798,0.7373362989853165,0.7002546936973166,0.7760284408329101,0.7540999741812384,"{'alpha': 0.001, 'penalty': 'l2', 'loss': 'log_loss', 'class_weight': 'balanced'}","['mfcc_6', 'mfcc_11', 'wav_detail_lvl5_std', 'wav_detail_lvl3_std', 'zcr_mean']",0.574585635359116,0.6638297872340425,0.5064935064935064,0.6509746040226226,0.6802507836990596,0.7173553719008264,0.646795827123696,0.7009113604312742,0.8853232656913639,0.8308237378210807,0.9474747474747475,0.9104139580898182
SGD,0.7133129278667409,0.7290112196497894,0.7036256396912135,0.7745048247841544,0.7102456334244202,"{'alpha': 0.0001, 'penalty': 'l2', 'loss': 'log_loss', 'class_weight': 'balanced'}","['mfcc_5', 'wav_detail_lvl5_std', 'wav_detail_lvl3_std']",0.5537340619307832,0.6307053941908713,0.4935064935064935,0.6306510980727553,0.7064017660044151,0.6976744186046512,0.7153502235469449,0.6735421891153122,0.8798029556650246,0.8586538461538461,0.902020202020202,0.826543613085193
SGD,0.7133094271973918,0.7452387347633117,0.6977633477633477,0.7795835449466735,0.7650287426749816,"{'alpha': 0.0001, 'penalty': 'l2', 'loss': 'log_loss', 'class_weight': 'balanced'}","['mfcc_6', 'mfcc_3', 'mfcc_5', 'wav_detail_lvl5_std', 'mfcc_8', 'mfcc_10', 'wav_detail_lvl3_std']",0.573055028462998,0.6894977168949772,0.4902597402597403,0.6601188440809074,0.674565560821485,0.7176470588235294,0.6363636363636364,0.695603743128214,0.8923076923076924,0.8285714285714286,0.9666666666666667,0.9393636408158234
SGD,0.7130525111798486,0.7220725917948153,0.7070931800439997,0.7719654647028948,0.7698122493727628,"{'alpha': 0.0001, 'penalty': 'elasticnet', 'loss': 'log_loss', 'class_weight': 'balanced'}","['mfcc_5', 'wav_detail_lvl5_std', 'mfcc_8', 'mfcc_10', 'zcr_mean', 'spec_centroid']",0.5767918088737202,0.6079136690647482,0.5487012987012987,0.6674744765139343,0.6749805144193297,0.7075163398692811,0.6453055141579732,0.7188519717136868,0.8873852102464959,0.8507877664504171,0.9272727272727272,0.9231102998906673
SGD,0.7128496317110056,0.7261916678583344,0.7039725908578367,0.770949720670391,0.7665580078025926,"{'alpha': 0.0001, 'penalty': 'elasticnet', 'loss': 'log_loss', 'class_weight': 'balanced'}","['mfcc_5', 'mfcc_11', 'wav_detail_lvl5_std', 'mfcc_8', 'mfcc_10', 'wav_detail_lvl3_std', 'zcr_mean', 'spec_centroid']",0.5784832451499118,0.6332046332046332,0.5324675324675324,0.6708958580399274,0.6779400461183704,0.7,0.6572280178837556,0.7001682004428537,0.8821256038647343,0.8453703703703703,0.9222222222222223,0.928609964924997
SGD,0.7127921580187047,0.727621937346524,0.7041050631214566,0.7750126968004063,0.7506261071621809,"{'alpha': 0.001, 'penalty': 'l2', 'loss': 'log_loss', 'class_weight': 'balanced'}","['mfcc_3', 'mfcc_5', 'wav_detail_lvl5_std']",0.5754385964912281,0.6259541984732825,0.5324675324675324,0.6842308968351467,0.6714060031595577,0.7142857142857143,0.6333830104321908,0.6434426396596513,0.8915318744053282,0.8426258992805755,0.9464646464646465,0.9242047849917445
SGD,0.7127598311306711,0.737718890077041,0.6991018695936728,0.7734890807516506,0.7735614729143815,"{'alpha': 0.001, 'penalty': 'elasticnet', 'loss': 'log_loss', 'class_weight': 'balanced'}","['mfcc_6', 'mfcc_3', 'mfcc_5', 'mfcc_11', 'wav_detail_lvl5_std', 'mfcc_8', 'wav_detail_lvl3_std', 'zcr_mean']",0.5841035120147874,0.6781115879828327,0.512987012987013,0.6799600820835257,0.6697965571205008,0.7051070840197694,0.6378539493293591,0.6952412367890518,0.8843794242567249,0.8299379982285208,0.9464646464646465,0.9454830998705672
SGD,0.7127338536825037,0.7407830966576373,0.6985333427956378,0.781615033011681,0.754514260955576,"{'alpha': 0.001, 'penalty': 'l2', 'loss': 'log_loss', 'class_weight': 'balanced'}","['mfcc_6', 'mfcc_11', 'wav_detail_lvl5_std', 'mfcc_10', 'wav_detail_lvl3_std', 'spec_centroid']",0.5485714285714286,0.663594470046083,0.4675324675324675,0.6365386785663533,0.6983154670750383,0.7181102362204724,0.6795827123695977,0.7112959508412318,0.8913146654010441,0.8406445837063563,0.9484848484848485,0.915708153459143
SGD,0.7126514585245033,0.7313128755740413,0.7023119564103171,0.7724733367191468,0.7731509460293201,"{'alpha': 0.001, 'penalty': 'l2', 'loss': 'log_loss', 'class_weight': 'balanced'}","['mfcc_6', 'mfcc_3', 'mfcc_5', 'mfcc_11', 'mfcc_8', 'wav_detail_lvl3_std', 'zcr_mean']",0.5896980461811723,0.6509803921568628,0.538961038961039,0.6612465326935796,0.6618819776714514,0.7118353344768439,0.6184798807749627,0.711053527530387,0.8863743517208864,0.8311229000884174,0.9494949494949495,0.9471527778639939
SGD,0.7126512583488562,0.7143329823329824,0.7118385257729519,0.7673946165566278,0.7499615862512341,"{'alpha': 0.0001, 'penalty': 'l2', 'loss': 'log_loss', 'class_weight': 'balanced'}","['mfcc_5', 'mfcc_11', 'wav_detail_lvl5_std', 'mfcc_8', 'mfcc_10', 'spec_centroid']",0.5811688311688312,0.5811688311688312,0.5811688311688312,0.654590667914478,0.6712962962962963,0.696,0.6482861400894188,0.6777516347754352,0.8854886475814413,0.8658301158301158,0.906060606060606,0.9175424560637888
SGD,0.7125352936036874,0.731505231239436,0.7015656171393876,0.7750126968004063,0.7554708776754193,"{'alpha': 0.001, 'penalty': 'l2', 'loss': 'log_loss', 'class_weight': 'balanced'}","['mfcc_5', 'wav_detail_lvl5_std', 'mfcc_10', 'wav_detail_lvl3_std', 'spec_centroid']",0.5518518518518518,0.6422413793103449,0.4837662337662338,0.63829192715256,0.7049300956585725,0.6962209302325582,0.713859910581222,0.7233134894428762,0.8808239333006376,0.8560533841754051,0.907070707070707,0.9048072164308216
SGD,0.7125236163232174,0.7346784784913657,0.7000859492662771,0.7770441848654139,0.7587104054120628,"{'alpha': 0.001, 'penalty': 'elasticnet', 'loss': 'log_loss', 'class_weight': 'balanced'}","['mfcc_5', 'mfcc_11', 'wav_detail_lvl5_std', 'wav_detail_lvl3_std', 'zcr_mean', 'spec_centroid']",0.5522388059701493,0.6491228070175439,0.4805194805194805,0.6523869938429102,0.702865761689291,0.7114503816793893,0.6944858420268256,0.728501331447114,0.882466281310212,0.8434622467771639,0.9252525252525252,0.8952428909461638
SGD,0.7124240373911374,0.7251382471903435,0.7043920863592995,0.7739969527679025,0.7629302641591987,"{'alpha': 0.001, 'penalty': 'elasticnet', 'loss': 'log_loss', 'class_weight': 'balanced'}","['mfcc_6', 'mfcc_5', 'mfcc_8', 'mfcc_10', 'wav_detail_lvl3_std', 'zcr_mean']",0.5734265734265734,0.6212121212121212,0.5324675324675324,0.6471412533644677,0.6718628215120811,0.704248366013072,0.6423248882265276,0.7090065383016291,0.8919827172347575,0.8499542543458372,0.9383838383838384,0.9326430008114992
SGD,0.7124143123995136,0.738047187755031,0.6984990419416649,0.7745048247841544,0.7735100446684235,"{'alpha': 0.001, 'penalty': 'elasticnet', 'loss': 'log_loss', 'class_weight': 'balanced'}","['mfcc_6', 'mfcc_3', 'mfcc_5', 'mfcc_11', 'wav_detail_lvl5_std', 'mfcc_8', 'wav_detail_lvl3_std']",0.5772811918063314,0.6768558951965066,0.5032467532467533,0.6783497922844127,0.6744366744366744,0.7045454545454546,0.646795827123696,0.6974745717808004,0.8855250709555346,0.8327402135231317,0.9454545454545454,0.9447057699400575
SGD,0.712387913008742,0.73365331316931,0.7005220038006922,0.7805992889791773,0.7619562080523149,"{'alpha': 0.001, 'penalty': 'l2', 'loss': 'log_loss', 'class_weight': 'balanced'}","['mfcc_6', 'mfcc_5', 'mfcc_10', 'wav_detail_lvl3_std', 'zcr_mean']",0.549165120593692,0.6406926406926406,0.4805194805194805,0.6396280120614984,0.6915460776846916,0.7071651090342679,0.676602086438152,0.7222891142936423,0.8964525407478428,0.8531021897810219,0.9444444444444444,0.9239514978018041
SGD,0.7121820041967452,0.7436636000452123,0.6968411673329706,0.7790756729304216,0.7700195935375472,"{'alpha': 0.0001, 'penalty': 'elasticnet', 'loss': 'log_loss', 'class_weight': 'balanced'}","['mfcc_6', 'mfcc_3', 'mfcc_5', 'wav_detail_lvl5_std', 'mfcc_8', 'mfcc_10']",0.5692599620493358,0.684931506849315,0.487012987012987,0.6671968245378243,0.6750788643533123,0.7169179229480737,0.6378539493293591,0.7033194583492303,0.8922071861875875,0.8291413703382481,0.9656565656565657,0.9395424977255871
SGD,0.7121216352274288,0.7337446300396766,0.6994618314290445,0.7699339766378872,0.7708592757392753,"{'alpha': 0.0001, 'penalty': 'l2', 'loss': 'log_loss', 'class_weight': 'balanced'}","['mfcc_3', 'mfcc_5', 'wav_detail_lvl5_std', 'mfcc_8', 'mfcc_10', 'wav_detail_lvl3_std', 'spec_centroid']",0.5886654478976234,0.6736401673640168,0.5227272727272727,0.6834422545576209,0.667699457784663,0.6951612903225807,0.6423248882265276,0.6914245825333584,0.88,0.8324324324324325,0.9333333333333333,0.9377109901268468
SGD,0.7117985927399854,0.7312967669987454,0.7004017536804422,0.7770441848654139,0.7639317846183448,"{'alpha': 0.001, 'penalty': 'elasticnet', 'loss': 'log_loss', 'class_weight': 'balanced'}","['mfcc_6', 'mfcc_5', 'wav_detail_lvl5_std', 'mfcc_8', 'mfcc_10']",0.5551470588235294,0.6398305084745762,0.4902597402597403,0.6576969152346572,0.6899696048632219,0.703875968992248,0.676602086438152,0.7085935021999822,0.890279114533205,0.8501838235294118,0.9343434343434344,0.9255049364203948
SGD,0.7117654544814004,0.7251085666946947,0.7044756700494407,0.7750126968004063,0.7463194092449981,"{'alpha': 0.001, 'penalty': 'l2', 'loss': 'log_loss', 'class_weight': 'balanced'}","['mfcc_3', 'mfcc_5', 'wav_detail_lvl3_std', 'zcr_mean']",0.5734024179620034,0.6125461254612546,0.538961038961039,0.6556735040706179,0.6677316293929713,0.7194492254733219,0.6229508196721312,0.6536631063927285,0.8941623160892264,0.8433303491495077,0.9515151515151515,0.9296216172716478
SGD,0.7116462794393993,0.7247211085367203,0.705447527578675,0.7770441848654139,0.7397272932385119,"{'alpha': 0.001, 'penalty': 'elasticnet', 'loss': 'log_loss', 'class_weight': 'balanced'}","['mfcc_3', 'mfcc_5', 'mfcc_11', 'wav_detail_lvl3_std']",0.5699658703071673,0.6007194244604317,0.5422077922077922,0.6585752972115042,0.665587044534413,0.7287234042553191,0.6125186289120715,0.6437238471769897,0.8993859234766178,0.84472049689441,0.9616161616161616,0.916882735327042
SGD,0.7116190370470031,0.7326305764353732,0.6991964926391155,0.7699339766378872,0.7752907768464544,"{'alpha': 0.0001, 'penalty': 'l2', 'loss': 'log_loss', 'class_weight': 'balanced'}","['mfcc_3', 'mfcc_5', 'mfcc_11', 'wav_detail_lvl5_std', 'mfcc_8', 'mfcc_10', 'spec_centroid']",0.5850091407678245,0.6694560669456067,0.5194805194805194,0.683980818405942,0.669236700077101,0.6932907348242812,0.646795827123696,0.6964384732083609,0.8806112702960841,0.8351449275362319,0.9313131313131313,0.9454530389250602
SGD,0.7116139542085921,0.7319863656407236,0.6997961661896088,0.7750126968004063,0.7842395799688792,"{'alpha': 0.001, 'penalty': 'l2', 'loss': 'log_loss', 'class_weight': 'balanced'}","['mfcc_3', 'mfcc_5', 'wav_detail_lvl5_std', 'mfcc_8', 'wav_detail_lvl3_std', 'zcr_mean', 'spec_centroid']",0.5677655677655677,0.6512605042016807,0.5032467532467533,0.6946751064142588,0.6774441878367975,0.7006369426751592,0.6557377049180327,0.7197581858409963,0.8896321070234113,0.844061650045331,0.9404040404040404,0.9382854476513829
SGD,0.7113077366167898,0.7176122382884281,0.7066728960171583,0.7704418486541391,0.7428865977920157,"{'alpha': 0.001, 'penalty': 'l2', 'loss': 'log_loss', 'class_weight': 'balanced'}","['mfcc_5', 'mfcc_11', 'wav_detail_lvl5_std', 'zcr_mean']",0.5641891891891891,0.5880281690140845,0.5422077922077922,0.6579371378394075,0.6856264411990777,0.707936507936508,0.6646795827123696,0.6764760471895147,0.8841075794621027,0.8568720379146919,0.9131313131313131,0.8942466083471248
SGD,0.7113069574732206,0.7364858414852696,0.6978753183671217,0.7750126968004063,0.772951553915849,"{'alpha': 0.001, 'penalty': 'elasticnet', 'loss': 'log_loss', 'class_weight': 'balanced'}","['mfcc_6', 'mfcc_3', 'mfcc_5', 'mfcc_11', 'wav_detail_lvl5_std', 'mfcc_8']",0.5740740740740741,0.6681034482758621,0.5032467532467533,0.6798129716753715,0.6718995290423861,0.7097844112769486,0.6378539493293591,0.6952404653860205,0.8879472693032016,0.8315696649029982,0.9525252525252526,0.9438012246861552
SGD,0.7112196540751888,0.7256382116687257,0.7034084009493845,0.7780599288979178,0.7478904858761884,"{'alpha': 0.001, 'penalty': 'elasticnet', 'loss': 'log_loss', 'class_weight': 'balanced'}","['mfcc_3', 'mfcc_5', 'mfcc_11', 'wav_detail_lvl5_std', 'wav_detail_lvl3_std']",0.5609756097560976,0.6052631578947368,0.5227272727272727,0.6787832147259434,0.6735833998403831,0.7250859106529209,0.6289120715350224,0.6476419040558712,0.8990999526290857,0.8465655664585192,0.9585858585858585,0.9172463388467506
SGD,0.7110643845356903,0.7316665388646065,0.700813363928118,0.7785678009141697,0.7612539363875307,"{'alpha': 0.001, 'penalty': 'elasticnet', 'loss': 'log_loss', 'class_weight': 'balanced'}","['mfcc_3', 'mfcc_5', 'wav_detail_lvl3_std', 'spec_centroid']",0.5678571428571428,0.6309523809523809,0.5162337662337663,0.6575704478956783,0.6672051696284329,0.7283950617283951,0.6154992548435171,0.6961722779781017,0.8981308411214953,0.8356521739130435,0.9707070707070707,0.9300190832888121
SGD,0.7109667021666507,0.7253941829107217,0.7097004392086359,0.770949720670391,0.7584192458041831,"{'alpha': 0.001, 'penalty': 'elasticnet', 'loss': 'log_loss', 'class_weight': 'balanced'}","['mfcc_6', 'mfcc_3', 'mfcc_11', 'mfcc_10', 'zcr_mean', 'spec_centroid']",0.6133768352365416,0.6163934426229508,0.6103896103896104,0.6559796739289473,0.6239316239316239,0.7314629258517034,0.5439642324888226,0.7035902612096003,0.8955916473317865,0.8283261802575107,0.9747474747474747,0.9156878022740016
SGD,0.7109592287715222,0.7224161195412756,0.722725301413826,0.7689182326053834,0.7657882344537975,"{'alpha': 0.001, 'penalty': 'elasticnet', 'loss': 'log_loss', 'class_weight': 'balanced'}","['mfcc_6', 'mfcc_3', 'mfcc_5', 'mfcc_11', 'zcr_mean']",0.6235294117647059,0.5698924731182796,0.6883116883116883,0.6576597913098756,0.6114081996434938,0.7605321507760532,0.511177347242921,0.7147607299262452,0.8979400749063671,0.8368237347294939,0.9686868686868687,0.9249441821252717
SGD,0.7109449550815493,0.7323284053550895,0.6985589698704452,0.7729812087353987,0.7653381523949646,"{'alpha': 0.001, 'penalty': 'elasticnet', 'loss': 'log_loss', 'class_weight': 'balanced'}","['mfcc_6', 'mfcc_5', 'mfcc_11', 'wav_detail_lvl5_std', 'mfcc_8', 'wav_detail_lvl3_std']",0.5656192236598891,0.6566523605150214,0.4967532467532468,0.6596630621645379,0.6844106463878327,0.6987577639751553,0.6706408345752608,0.7058151262721717,0.882804995196926,0.8415750915750916,0.9282828282828283,0.9305362687481842
SGD,0.7107048153704539,0.7285627269538398,0.701174902814247,0.7719654647028948,0.7715407879274992,"{'alpha': 0.001, 'penalty': 'l2', 'loss': 'log_loss', 'class_weight': 'balanced'}","['mfcc_6', 'mfcc_3', 'mfcc_5', 'mfcc_8', 'wav_detail_lvl3_std', 'zcr_mean']",0.5855379188712522,0.640926640926641,0.538961038961039,0.6614427795129293,0.6581059390048154,0.7130434782608696,0.6110283159463488,0.7084546221676108,0.8884705882352941,0.8317180616740089,0.9535353535353536,0.9447249621019578
SGD,0.7106224507415427,0.7401041810304637,0.6960617099961363,0.7795835449466735,0.7754411262554582,"{'alpha': 0.001, 'penalty': 'l2', 'loss': 'log_loss', 'class_weight': 'balanced'}","['mfcc_6', 'mfcc_3', 'mfcc_5', 'wav_detail_lvl5_std', 'mfcc_10', 'zcr_mean']",0.5578747628083491,0.6712328767123288,0.4772727272727273,0.6724402608086598,0.6791569086651054,0.7131147540983607,0.6482861400894188,0.7146356529972506,0.8948356807511737,0.8359649122807018,0.9626262626262626,0.9392474649604644
SGD,0.7105643608519469,0.7264363230048847,0.7008086327758459,0.7719654647028948,0.7594625266115905,"{'alpha': 0.001, 'penalty': 'l2', 'loss': 'log_loss', 'class_weight': 'balanced'}","['mfcc_3', 'mfcc_5', 'mfcc_11', 'wav_detail_lvl5_std', 'mfcc_10', 'zcr_mean']",0.5739750445632799,0.6363636363636364,0.5227272727272727,0.6788681268449577,0.6692546583850931,0.6985413290113452,0.6423248882265276,0.674484705046592,0.8884633796074677,0.8444040036396724,0.9373737373737374,0.9250347479432222
SGD,0.7105029753320182,0.7209863903266548,0.703125320338435,0.7724733367191468,0.7394455055839838,"{'alpha': 0.001, 'penalty': 'l2', 'loss': 'log_loss', 'class_weight': 'balanced'}","['mfcc_5', 'mfcc_11', 'mfcc_10', 'wav_detail_lvl3_std', 'spec_centroid']",0.5518453427065027,0.6015325670498084,0.5097402597402597,0.6207687031740207,0.6957831325301205,0.7031963470319634,0.6885245901639344,0.6979983588694486,0.8838804507594317,0.8582302568981922,0.9111111111111111,0.8995694547084822
SGD,0.7104714447843268,0.7274912239611258,0.6999830467043582,0.7724733367191468,0.7718330926201354,"{'alpha': 0.001, 'penalty': 'l2', 'loss': 'log_loss', 'class_weight': 'balanced'}","['mfcc_5', 'mfcc_11', 'wav_detail_lvl5_std', 'mfcc_8', 'zcr_mean', 'spec_centroid']",0.5583941605839416,0.6375,0.4967532467532468,0.6745988517152862,0.6885735623599701,0.6901197604790419,0.6870342771982116,0.7265338342675174,0.8844466114090688,0.8548539114043355,0.9161616161616162,0.9143665918776026
SGD,0.7104503552927732,0.7350448909724699,0.6967110606454868,0.7704418486541391,0.7783319656608017,"{'alpha': 0.0001, 'penalty': 'l2', 'loss': 'log_loss', 'class_weight': 'balanced'}","['mfcc_3', 'mfcc_5', 'mfcc_11', 'wav_detail_lvl5_std', 'mfcc_8', 'mfcc_10', 'zcr_mean', 'spec_centroid']",0.5799256505576208,0.6782608695652174,0.5064935064935064,0.6851875370165141,0.6707787201233616,0.694888178913738,0.6482861400894188,0.7042684556326829,0.8806466951973372,0.8319856244384546,0.9353535353535354,0.9455399043332078
SGD,0.710163593556867,0.7352423073587687,0.6968112033685805,0.7719654647028948,0.7684660513089275,"{'alpha': 0.0001, 'penalty': 'l2', 'loss': 'log_loss', 'class_weight': 'balanced'}","['mfcc_6', 'mfcc_3', 'mfcc_5', 'mfcc_11', 'mfcc_8', 'mfcc_10', 'wav_detail_lvl3_std', 'zcr_mean']",0.58195211786372,0.6723404255319149,0.512987012987013,0.6469236991507535,0.6640316205533597,0.7070707070707071,0.6259314456035767,0.7092891304221133,0.8845070422535212,0.8263157894736842,0.9515151515151515,0.9491853243539161
SGD,0.7101387540610156,0.7227041237474366,0.7020694848563701,0.7775520568816658,0.7412715270084669,"{'alpha': 0.001, 'penalty': 'elasticnet', 'loss': 'log_loss', 'class_weight': 'balanced'}","['mfcc_5', 'mfcc_11', 'mfcc_10', 'wav_detail_lvl3_std', 'zcr_mean', 'spec_centroid']",0.5406360424028268,0.5930232558139535,0.4967532467532468,0.6242090854951368,0.696923076923077,0.7201907790143084,0.6751117734724292,0.7069444869317061,0.8928571428571429,0.8548983364140481,0.9343434343434344,0.8926610085985578
SGD,0.7100640391507581,0.7292820032936552,0.6992244852900592,0.7734890807516506,0.7524604862475995,"{'alpha': 0.001, 'penalty': 'l2', 'loss': 'log_loss', 'class_weight': 'balanced'}","['mfcc_5', 'wav_detail_lvl5_std', 'mfcc_10', 'spec_centroid']",0.5464684014869888,0.6391304347826087,0.4772727272727273,0.6389391744750228,0.7022677395757132,0.6896551724137931,0.7153502235469449,0.7140100731872489,0.8814559763895721,0.8590604026845637,0.9050505050505051,0.9044322110805267
SGD,0.7100624397400681,0.7285635544585972,0.6997188907024974,0.7775520568816658,0.7557545224578245,"{'alpha': 0.001, 'penalty': 'elasticnet', 'loss': 'log_loss', 'class_weight': 'balanced'}","['mfcc_3', 'mfcc_5', 'mfcc_11', 'mfcc_10', 'wav_detail_lvl3_std', 'spec_centroid']",0.5585585585585585,0.6275303643724697,0.5032467532467533,0.6530043228045828,0.6739984289080911,0.7126245847176079,0.639344262295082,0.690335352727,0.8976303317535546,0.8455357142857143,0.9565656565656566,0.9239238918418905
SGD,0.7100406623068656,0.7314793368657537,0.6976872550643042,0.7724733367191468,0.784148794482047,"{'alpha': 0.001, 'penalty': 'l2', 'loss': 'log_loss', 'class_weight': 'balanced'}","['mfcc_3', 'mfcc_5', 'mfcc_11', 'wav_detail_lvl5_std', 'mfcc_8', 'wav_detail_lvl3_std', 'zcr_mean', 'spec_centroid']",0.5682656826568265,0.6581196581196581,0.5,0.6948007952948889,0.6758409785932722,0.6938775510204082,0.6587183308494784,0.717619437008933,0.8860153256704981,0.8424408014571949,0.9343434343434344,0.9400261511423189
SGD,0.7099848773406352,0.7260273241282659,0.6998072055449104,0.7704418486541391,0.7731093819798246,"{'alpha': 0.001, 'penalty': 'elasticnet', 'loss': 'log_loss', 'class_weight': 'balanced'}","['mfcc_5', 'mfcc_11', 'wav_detail_lvl5_std', 'mfcc_8', 'wav_detail_lvl3_std', 'zcr_mean', 'spec_centroid']",0.5615942028985508,0.6352459016393442,0.5032467532467533,0.6735133271900313,0.6886721680420105,0.6933534743202417,0.684053651266766,0.7277833734511595,0.8796882610813443,0.8494825964252116,0.9121212121212121,0.9180314452982833
SGD,0.7097921601907619,0.7454110074529114,0.69331606462754,0.7785678009141697,0.7574198986081738,"{'alpha': 0.001, 'penalty': 'elasticnet', 'loss': 'log_loss', 'class_weight': 'balanced'}","['mfcc_6', 'wav_detail_lvl5_std', 'wav_detail_lvl3_std', 'zcr_mean', 'spec_centroid']",0.55078125,0.6911764705882353,0.4577922077922078,0.6451722694132385,0.6928406466512702,0.7165605095541401,0.6706408345752608,0.7073816238103343,0.8857545839210155,0.8284960422163589,0.9515151515151515,0.9197058026009489
SGD,0.7097461624027276,0.742879829580411,0.6937387142305175,0.7755205688166582,0.7626657184625221,"{'alpha': 0.0001, 'penalty': 'l2', 'loss': 'log_loss', 'class_weight': 'balanced'}","['mfcc_6', 'mfcc_3', 'mfcc_5', 'wav_detail_lvl5_std', 'mfcc_8', 'mfcc_10', 'wav_detail_lvl3_std', 'zcr_mean']",0.5697896749521989,0.6930232558139535,0.4837662337662338,0.6601029241971854,0.6724273369992144,0.7109634551495017,0.6378539493293591,0.6865489976900283,0.8870214752567693,0.8246527777777778,0.9595959595959596,0.9413452335003524
SGD,0.7097461624027276,0.742879829580411,0.6937387142305175,0.7755205688166582,0.763514083609795,"{'alpha': 0.0001, 'penalty': 'l2', 'loss': 'log_loss', 'class_weight': 'balanced'}","['mfcc_6', 'mfcc_3', 'mfcc_5', 'wav_detail_lvl5_std', 'mfcc_8', 'mfcc_10', 'zcr_mean']",0.5697896749521989,0.6930232558139535,0.4837662337662338,0.6605827228116301,0.6724273369992144,0.7109634551495017,0.6378539493293591,0.6884471412481381,0.8870214752567693,0.8246527777777778,0.9595959595959596,0.9415123867696167
SGD,0.7097123768016003,0.7281258408761716,0.6986354568321781,0.7719654647028948,0.7574010168241075,"{'alpha': 0.001, 'penalty': 'l2', 'loss': 'log_loss', 'class_weight': 'balanced'}","['mfcc_5', 'wav_detail_lvl5_std', 'wav_detail_lvl3_std', 'spec_centroid']",0.5541284403669725,0.6371308016877637,0.4902597402597403,0.6454347188540296,0.6972201352366642,0.703030303030303,0.6915052160953801,0.7208475403429657,0.8777885548011639,0.8442164179104478,0.9141414141414141,0.9059207912753272
SGD,0.7096993134440073,0.7347812566511309,0.6964910620648325,0.7719654647028948,0.7681815542938709,"{'alpha': 0.0001, 'penalty': 'l2', 'loss': 'log_loss', 'class_weight': 'balanced'}","['mfcc_6', 'mfcc_3', 'mfcc_5', 'mfcc_11', 'mfcc_8', 'mfcc_10', 'wav_detail_lvl3_std']",0.5808823529411765,0.6694915254237288,0.512987012987013,0.6457543597826598,0.6634920634920635,0.7096774193548387,0.6229508196721312,0.7095304111398506,0.8847235238987816,0.8251748251748252,0.9535353535353536,0.9492598919591024
SGD,0.7096193411610113,0.7342129187437892,0.6958775893202122,0.7694261046216353,0.7807563941774576,"{'alpha': 0.0001, 'penalty': 'l2', 'loss': 'log_loss', 'class_weight': 'balanced'}","['mfcc_3', 'mfcc_5', 'mfcc_11', 'wav_detail_lvl5_std', 'mfcc_8', 'mfcc_10', 'wav_detail_lvl3_std', 'zcr_mean', 'spec_centroid']",0.5799256505576208,0.6782608695652174,0.5064935064935064,0.6900394711586099,0.669236700077101,0.6932907348242812,0.646795827123696,0.7063996765566293,0.879695672848312,0.8310871518418689,0.9343434343434344,0.9458300348171336
SGD,0.7096020559248851,0.7307177580898215,0.6980338119682382,0.7780599288979178,0.7643783309907614,"{'alpha': 0.001, 'penalty': 'l2', 'loss': 'log_loss', 'class_weight': 'balanced'}","['mfcc_3', 'mfcc_5', 'mfcc_10', 'wav_detail_lvl3_std', 'zcr_mean', 'spec_centroid']",0.5541284403669725,0.6371308016877637,0.4902597402597403,0.6519254531751838,0.677570093457944,0.7096247960848288,0.6482861400894188,0.7102359791990389,0.8971076339497392,0.8453976764968723,0.9555555555555556,0.9309735605980615
SGD,0.7095176631370982,0.717658750097701,0.7039028063618228,0.7673946165566278,0.7628189271945693,"{'alpha': 0.0001, 'penalty': 'l2', 'loss': 'log_loss', 'class_weight': 'balanced'}","['mfcc_5', 'mfcc_11', 'wav_detail_lvl5_std', 'mfcc_8', 'mfcc_10', 'zcr_mean', 'spec_centroid']",0.575809199318569,0.6057347670250897,0.5487012987012987,0.6684945409367882,0.6692486444616577,0.6967741935483871,0.6438152011922503,0.6952061862448833,0.883495145631068,0.8504672897196262,0.9191919191919192,0.9247560544020363
SGD,0.7094550037829507,0.715007806819699,0.7053260946703569,0.7684103605891316,0.7415513041983086,"{'alpha': 0.001, 'penalty': 'l2', 'loss': 'log_loss', 'class_weight': 'balanced'}","['mfcc_5', 'mfcc_11', 'wav_detail_lvl5_std', 'wav_detail_lvl3_std', 'zcr_mean']",0.561344537815126,0.5818815331010453,0.5422077922077922,0.6494787932005084,0.685099846390169,0.7068145800316957,0.6646795827123696,0.6810603259043573,0.8819206271435571,0.8563273073263559,0.9090909090909091,0.8941147934900601
SGD,0.7094041334520579,0.7255690399728371,0.6993096460309575,0.7714575926866429,0.7745760237604032,"{'alpha': 0.001, 'penalty': 'l2', 'loss': 'log_loss', 'class_weight': 'balanced'}","['mfcc_5', 'wav_detail_lvl5_std', 'mfcc_8', 'zcr_mean', 'spec_centroid']",0.5563636363636364,0.6322314049586777,0.4967532467532468,0.6716479260843485,0.6880597014925374,0.6890881913303438,0.6870342771982116,0.7323475836525823,0.8837890625,0.8553875236294896,0.9141414141414141,0.9197325615442787
SGD,0.7093034860567154,0.7411019275344639,0.6942484958878401,0.7750126968004063,0.7561439594654112,"{'alpha': 0.0001, 'penalty': 'l2', 'loss': 'log_loss', 'class_weight': 'balanced'}","['mfcc_6', 'mfcc_3', 'mfcc_11', 'mfcc_8', 'mfcc_10', 'wav_detail_lvl3_std', 'zcr_mean']",0.5789473684210527,0.6875,0.5,0.6420182934113838,0.6586345381526104,0.7142857142857143,0.6110283159463488,0.7069429689183613,0.8903285515964832,0.8215200683176772,0.9717171717171718,0.9194706160664884
SGD,0.709297857220507,0.7256339306012816,0.6992426213737689,0.770949720670391,0.7540630981625535,"{'alpha': 0.001, 'penalty': 'l2', 'loss': 'log_loss', 'class_weight': 'balanced'}","['mfcc_5', 'wav_detail_lvl5_std', 'spec_centroid']",0.551094890510949,0.6291666666666667,0.4902597402597403,0.6485961943818711,0.6997776130467013,0.696165191740413,0.7034277198211625,0.7076129058241639,0.8770210681038707,0.851569933396765,0.9040404040404041,0.9059801942816251
SGD,0.7092975304165919,0.7124273049772117,0.7071728211072473,0.7648552564753682,0.7546469714868276,"{'alpha': 0.0001, 'penalty': 'l2', 'loss': 'log_loss', 'class_weight': 'balanced'}","['mfcc_5', 'mfcc_11', 'wav_detail_lvl5_std', 'mfcc_8', 'mfcc_10', 'wav_detail_lvl3_std', 'spec_centroid']",0.5756578947368421,0.5833333333333334,0.5681818181818182,0.6579280115745099,0.6707787201233616,0.694888178913738,0.6482861400894188,0.6857321370754995,0.8814559763895721,0.8590604026845637,0.9050505050505051,0.9202807658104734
SGD,0.7091792492293746,0.7359717813685753,0.6953646535613749,0.7760284408329101,0.7627717448872419,"{'alpha': 0.001, 'penalty': 'elasticnet', 'loss': 'log_loss', 'class_weight': 'balanced'}","['mfcc_5', 'wav_detail_lvl5_std', 'wav_detail_lvl3_std', 'zcr_mean', 'spec_centroid']",0.5447619047619048,0.6589861751152074,0.4642857142857143,0.6465939322294184,0.7014361300075586,0.7116564417177914,0.6915052160953801,0.7358656720397112,0.8813397129186603,0.8372727272727273,0.9303030303030303,0.9058556303925958
SGD,0.7091708093320536,0.7232292454334847,0.7004892799974768,0.7704418486541391,0.7592476320030079,"{'alpha': 0.001, 'penalty': 'l2', 'loss': 'log_loss', 'class_weight': 'balanced'}","['mfcc_3', 'mfcc_5', 'mfcc_11', 'wav_detail_lvl5_std', 'mfcc_10', 'wav_detail_lvl3_std', 'zcr_mean']",0.573943661971831,0.6269230769230769,0.5292207792207793,0.6764784812891237,0.6651053864168618,0.6983606557377049,0.6348733233979136,0.6763254064046956,0.8884633796074677,0.8444040036396724,0.9373737373737374,0.9249390083152045
SGD,0.709087249860164,0.7284292133177376,0.697724710019792,0.7734890807516506,0.7631167572418089,"{'alpha': 0.001, 'penalty': 'elasticnet', 'loss': 'log_loss', 'class_weight': 'balanced'}","['mfcc_6', 'mfcc_5', 'wav_detail_lvl5_std', 'mfcc_8', 'mfcc_10', 'wav_detail_lvl3_std']",0.5551470588235294,0.6398305084745762,0.4902597402597403,0.6545248310525463,0.6853677028051555,0.6975308641975309,0.6736214605067065,0.7083708038622654,0.8867469879518072,0.847926267281106,0.9292929292929293,0.926454636810615
SGD,0.709075464857991,0.7099990856588057,0.7098522303440337,0.7638395124428644,0.7296532746530756,"{'alpha': 0.001, 'penalty': 'l2', 'loss': 'log_loss', 'class_weight': 'balanced'}","['mfcc_5', 'mfcc_11', 'mfcc_10', 'wav_detail_lvl3_std', 'zcr_mean']",0.5764331210191083,0.565625,0.5876623376623377,0.6228734591728308,0.6703210649960846,0.7062706270627063,0.6378539493293591,0.6747147416392081,0.8804722085587802,0.8581016299137104,0.9040404040404041,0.8913716231471878
SGD,0.7089266488601801,0.7259984023907563,0.6988329824395398,0.7729812087353987,0.752565856430644,"{'alpha': 0.001, 'penalty': 'l2', 'loss': 'log_loss', 'class_weight': 'balanced'}","['mfcc_5', 'mfcc_11', 'wav_detail_lvl5_std', 'mfcc_10', 'spec_centroid']",0.5441176470588235,0.6271186440677966,0.4805194805194805,0.6461630953190263,0.6995581737849779,0.6914119359534207,0.7078986587183308,0.7126227434286336,0.8831041257367387,0.8594646271510517,0.908080808080808,0.8989117305442723
SGD,0.7087919491487796,0.720730244594244,0.7006083473296588,0.7689182326053834,0.765110168229497,"{'alpha': 0.001, 'penalty': 'elasticnet', 'loss': 'log_loss', 'class_weight': 'balanced'}","['mfcc_5', 'mfcc_11', 'wav_detail_lvl5_std', 'mfcc_8', 'wav_detail_lvl3_std', 'spec_centroid']",0.5577264653641207,0.615686274509804,0.5097402597402597,0.6625874420073394,0.6880597014925374,0.6890881913303438,0.6870342771982116,0.7167016450642115,0.8805896805896806,0.8574162679425837,0.9050505050505051,0.9160414176169398
SGD,0.7087895916119673,0.7341217075560492,0.6951470205568566,0.7729812087353987,0.762392966324683,"{'alpha': 0.0001, 'penalty': 'elasticnet', 'loss': 'log_loss', 'class_weight': 'balanced'}","['mfcc_6', 'mfcc_5', 'mfcc_11', 'wav_detail_lvl5_std', 'mfcc_8', 'mfcc_10', 'zcr_mean']",0.5655430711610487,0.668141592920354,0.4902597402597403,0.6542453347465069,0.674364896073903,0.697452229299363,0.6527570789865872,0.7038924861718422,0.8864608076009501,0.8367713004484305,0.9424242424242424,0.9290410780556997
SGD,0.7087841942104314,0.7324533300341213,0.695715941617581,0.7724733367191468,0.7616301354121728,"{'alpha': 0.0001, 'penalty': 'l2', 'loss': 'log_loss', 'class_weight': 'balanced'}","['mfcc_6', 'mfcc_5', 'mfcc_11', 'wav_detail_lvl5_std', 'mfcc_8', 'mfcc_10']",0.5650557620817844,0.6608695652173913,0.4935064935064935,0.6452197353630594,0.6764252696456087,0.7001594896331739,0.65424739195231,0.7069971982922725,0.884871550903901,0.8363309352517986,0.9393939393939394,0.9326734725811866
SGD,0.7086706552624907,0.7306229768394338,0.6972665767747735,0.7790756729304216,0.7678836838346319,"{'alpha': 0.001, 'penalty': 'l2', 'loss': 'log_loss', 'class_weight': 'balanced'}","['mfcc_3', 'mfcc_5', 'wav_detail_lvl3_std', 'zcr_mean', 'spec_centroid']",0.5521023765996343,0.6317991631799164,0.4902597402597403,0.6544199017684306,0.6740506329113924,0.718381112984823,0.6348733233979136,0.7168146081244368,0.8998589562764457,0.841688654353562,0.9666666666666667,0.9324165416110284
SGD,0.7086400524139824,0.7246401851740124,0.6989114407147193,0.7755205688166582,0.7469590534313948,"{'alpha': 0.001, 'penalty': 'elasticnet', 'loss': 'log_loss', 'class_weight': 'balanced'}","['mfcc_5', 'mfcc_10', 'wav_detail_lvl3_std', 'zcr_mean', 'spec_centroid']",0.5441441441441441,0.611336032388664,0.4902597402597403,0.6180759551784021,0.6927803379416283,0.7147385103011094,0.6721311475409836,0.7200270291157408,0.888995675156175,0.847846012832264,0.9343434343434344,0.9027741760000418
SGD,0.7086253008849956,0.7299798551952202,0.697237401335762,0.7704418486541391,0.7551011769972428,"{'alpha': 0.001, 'penalty': 'l2', 'loss': 'log_loss', 'class_weight': 'balanced'}","['mfcc_6', 'mfcc_11', 'mfcc_8', 'mfcc_10', 'wav_detail_lvl3_std', 'zcr_mean', 'spec_centroid']",0.579136690647482,0.6491935483870968,0.5227272727272727,0.632233711515755,0.664,0.7167530224525043,0.6184798807749627,0.7140973345859178,0.8827392120075047,0.8239929947460596,0.9505050505050505,0.9189724848900555
SGD,0.7084623297216949,0.7231146187474833,0.7048955598135925,0.7689182326053834,0.7546587446800789,"{'alpha': 0.001, 'penalty': 'l2', 'loss': 'log_loss', 'class_weight': 'balanced'}","['mfcc_6', 'mfcc_3', 'mfcc_10', 'zcr_mean', 'spec_centroid']",0.6013289036544851,0.6156462585034014,0.5876623376623377,0.6469172176872626,0.632996632996633,0.7272727272727273,0.5603576751117735,0.6962557021662269,0.8910614525139665,0.8264248704663213,0.9666666666666667,0.9208033141867469
SGD,0.7083578965596712,0.7360044659213117,0.6942398221086746,0.7760284408329101,0.7561226644096424,"{'alpha': 0.001, 'penalty': 'l2', 'loss': 'log_loss', 'class_weight': 'balanced'}","['mfcc_6', 'wav_detail_lvl5_std', 'wav_detail_lvl3_std', 'spec_centroid']",0.5519848771266541,0.6606334841628959,0.474025974025974,0.6444711405363083,0.6868217054263566,0.715670436187399,0.6602086438152012,0.7040150439803834,0.8862671071260029,0.8317094774136404,0.9484848484848485,0.9198818087122355
SGD,0.7083042764718123,0.7387541841308112,0.6933653474637081,0.7724733367191468,0.755347883255182,"{'alpha': 0.001, 'penalty': 'l2', 'loss': 'log_loss', 'class_weight': 'balanced'}","['mfcc_6', 'mfcc_3', 'mfcc_11', 'wav_detail_lvl5_std', 'wav_detail_lvl3_std', 'zcr_mean']",0.5778611632270169,0.6844444444444444,0.5,0.663954342768846,0.6618819776714514,0.7118353344768439,0.6184798807749627,0.691905263892074,0.8851696885169689,0.8199827734711456,0.9616161616161616,0.9101840431046262
SGD,0.7082128344284083,0.7411880100914483,0.6926592229870918,0.7780599288979178,0.7548132183419778,"{'alpha': 0.001, 'penalty': 'l2', 'loss': 'log_loss', 'class_weight': 'balanced'}","['mfcc_6', 'mfcc_11', 'wav_detail_lvl5_std', 'mfcc_10', 'zcr_mean', 'spec_centroid']",0.5465116279069767,0.6778846153846154,0.4577922077922078,0.6394988639577568,0.6897613548883756,0.7133757961783439,0.6676602086438153,0.7100952877916701,0.8883655204898728,0.8323036187113857,0.9525252525252526,0.9148455032765063
SGD,0.7081759903313669,0.7324827134736728,0.6951391353030698,0.7724733367191468,0.7633683280860125,"{'alpha': 0.001, 'penalty': 'l2', 'loss': 'log_loss', 'class_weight': 'balanced'}","['mfcc_5', 'wav_detail_lvl5_std', 'zcr_mean', 'spec_centroid']",0.5482041587901701,0.6561085972850679,0.4707792207792208,0.6513990709953811,0.6990291262135923,0.7005988023952096,0.6974664679582713,0.7327807074312669,0.8772946859903382,0.8407407407407408,0.9171717171717172,0.9059252058313896
SGD,0.7081397200078504,0.714715669830806,0.7030563243677997,0.7673946165566278,0.7549764826045305,"{'alpha': 0.001, 'penalty': 'l2', 'loss': 'log_loss', 'class_weight': 'balanced'}","['mfcc_5', 'mfcc_11', 'mfcc_8', 'mfcc_10', 'wav_detail_lvl3_std', 'spec_centroid']",0.5597269624573379,0.5899280575539568,0.5324675324675324,0.6323382176507476,0.6818181818181818,0.6933744221879815,0.6706408345752608,0.7161349965701808,0.8828740157480315,0.8608445297504799,0.906060606060606,0.916456233592663
SGD,0.7081199922820813,0.7442666802132796,0.6913593389003224,0.7745048247841544,0.7584154778050644,"{'alpha': 0.001, 'penalty': 'elasticnet', 'loss': 'log_loss', 'class_weight': 'balanced'}","['mfcc_6', 'mfcc_3', 'mfcc_11', 'wav_detail_lvl5_std', 'wav_detail_lvl3_std', 'spec_centroid']",0.5703275529865125,0.7014218009478673,0.4805194805194805,0.6687974812710594,0.6677215189873418,0.7116357504215851,0.6289120715350224,0.6951141787010849,0.8863109048723898,0.8197424892703863,0.9646464646464646,0.9113347734430488
SGD,0.7080790986874806,0.7233148396733807,0.6987336282418249,0.7689182326053834,0.770814706591472,"{'alpha': 0.001, 'penalty': 'elasticnet', 'loss': 'log_loss', 'class_weight': 'balanced'}","['mfcc_3', 'mfcc_5', 'mfcc_11', 'mfcc_8', 'mfcc_10', 'wav_detail_lvl3_std', 'zcr_mean', 'spec_centroid']",0.574468085106383,0.6328125,0.525974025974026,0.664269739128832,0.6640685892439595,0.696078431372549,0.6348733233979136,0.7066459219339214,0.8857006217120995,0.8410535876475931,0.9353535353535354,0.9415284587116622
SGD,0.7079865186835361,0.7190848944700666,0.7003717897160521,0.7699339766378872,0.765125237265658,"{'alpha': 0.001, 'penalty': 'l2', 'loss': 'log_loss', 'class_weight': 'balanced'}","['mfcc_5', 'mfcc_11', 'mfcc_8', 'mfcc_10', 'wav_detail_lvl3_std', 'zcr_mean', 'spec_centroid']",0.5578947368421052,0.6068702290076335,0.5162337662337663,0.6467039290479049,0.6798780487804879,0.6957878315132605,0.6646795827123696,0.7270181444333792,0.8861867704280155,0.8545966228893058,0.9202020202020202,0.9216536383156897
SGD,0.7079500553184763,0.7255502471241174,0.6972973292645422,0.7689182326053834,0.7773315453389623,"{'alpha': 0.001, 'penalty': 'l2', 'loss': 'log_loss', 'class_weight': 'balanced'}","['mfcc_3', 'mfcc_5', 'mfcc_11', 'wav_detail_lvl5_std', 'mfcc_8', 'spec_centroid']",0.572972972972973,0.6437246963562753,0.5162337662337663,0.6937550964560801,0.6666666666666666,0.6929260450160771,0.6423248882265276,0.698826685595914,0.8842105263157894,0.84,0.9333333333333333,0.9394128539648927
SGD,0.7079287884714504,0.7332102652786627,0.6943648033811969,0.7704418486541391,0.7784813315445022,"{'alpha': 0.0001, 'penalty': 'l2', 'loss': 'log_loss', 'class_weight': 'balanced'}","['mfcc_3', 'mfcc_5', 'wav_detail_lvl5_std', 'mfcc_8', 'mfcc_10', 'wav_detail_lvl3_std', 'zcr_mean', 'spec_centroid']",0.575139146567718,0.670995670995671,0.5032467532467533,0.6889624600965149,0.6651017214397497,0.700164744645799,0.6333830104321908,0.7092475429627334,0.8835454974068836,0.8284703801945181,0.9464646464646465,0.9372339915742581
SGD,0.7079251021188959,0.7274554317869951,0.6962698806961102,0.7684103605891316,0.7769755284058896,"{'alpha': 0.001, 'penalty': 'l2', 'loss': 'log_loss', 'class_weight': 'balanced'}","['mfcc_3', 'mfcc_5', 'mfcc_11', 'wav_detail_lvl5_std', 'mfcc_8', 'wav_detail_lvl3_std', 'spec_centroid']",0.572992700729927,0.6541666666666667,0.5097402597402597,0.6939342582696378,0.6687116564417178,0.688783570300158,0.6497764530551415,0.69791585612854,0.8820709491850431,0.8394160583941606,0.9292929292929293,0.939076470819491
SGD,0.7077274590781929,0.7305479740824569,0.6952112853752199,0.7714575926866429,0.7587885103003668,"{'alpha': 0.001, 'penalty': 'l2', 'loss': 'log_loss', 'class_weight': 'balanced'}","['mfcc_5', 'mfcc_11', 'wav_detail_lvl5_std', 'zcr_mean', 'spec_centroid']",0.5488721804511278,0.6517857142857143,0.474025974025974,0.6580179688327871,0.6969471332836932,0.6964285714285714,0.6974664679582713,0.7234239665011897,0.8773630634997577,0.8434296365330848,0.9141414141414141,0.8949235955671236
SGD,0.7077175697865353,0.725038808138463,0.6972086201594397,0.7694261046216353,0.7834620357220409,"{'alpha': 0.001, 'penalty': 'l2', 'loss': 'log_loss', 'class_weight': 'balanced'}","['mfcc_3', 'mfcc_5', 'mfcc_11', 'wav_detail_lvl5_std', 'mfcc_8', 'zcr_mean', 'spec_centroid']",0.5693693693693693,0.6396761133603239,0.512987012987013,0.6940317162867754,0.6687258687258687,0.6939102564102564,0.6453055141579732,0.7159993502520343,0.8850574712643678,0.8415300546448088,0.9333333333333333,0.9403550406273129
SGD,0.7077081065609359,0.7315589593466534,0.6947902128229998,0.7704418486541391,0.7763288253515278,"{'alpha': 0.0001, 'penalty': 'elasticnet', 'loss': 'log_loss', 'class_weight': 'balanced'}","['mfcc_3', 'mfcc_5', 'wav_detail_lvl5_std', 'mfcc_8', 'mfcc_10', 'zcr_mean', 'spec_centroid']",0.574585635359116,0.6638297872340425,0.5064935064935064,0.685880254893018,0.6640502354788069,0.7014925373134329,0.6304023845007451,0.7061276343136959,0.8844884488448845,0.8293545534924845,0.9474747474747475,0.9369785868478694
SGD,0.7076006124268046,0.7198422581984226,0.7223188165811116,0.7648552564753682,0.7636855929142117,"{'alpha': 0.001, 'penalty': 'l2', 'loss': 'log_loss', 'class_weight': 'balanced'}","['mfcc_6', 'mfcc_3', 'mfcc_5', 'zcr_mean']",0.6262626262626263,0.5636363636363636,0.7045454545454546,0.635463150623879,0.6023444544634806,0.7625570776255708,0.4977645305514158,0.7223299460228532,0.8941947565543071,0.8333333333333334,0.9646464646464646,0.9332636820959027
SGD,0.7074105642983941,0.7278431343833077,0.6972299103446643,0.776536312849162,0.7592123359755817,"{'alpha': 0.001, 'penalty': 'l2', 'loss': 'log_loss', 'class_weight': 'balanced'}","['mfcc_3', 'mfcc_5', 'mfcc_11', 'wav_detail_lvl3_std', 'spec_centroid']",0.5591397849462365,0.624,0.5064935064935064,0.6588628812884302,0.6650563607085346,0.723292469352014,0.6154992548435171,0.6934750424824945,0.8980355472404116,0.8362369337979094,0.9696969696969697,0.9252990841558206
SGD,0.7074025524690839,0.7305830838695145,0.6941105039465695,0.765871000507872,0.767930324763455,"{'alpha': 0.0001, 'penalty': 'elasticnet', 'loss': 'log_loss', 'class_weight': 'balanced'}","['mfcc_3', 'mfcc_5', 'mfcc_8', 'wav_detail_lvl3_std', 'spec_centroid']",0.5746268656716418,0.6754385964912281,0.5,0.6645334996181663,0.6716754320060105,0.6772727272727272,0.6661698956780924,0.6981515071290423,0.8759053597295993,0.8390379278445883,0.9161616161616162,0.9411059675431563
SGD,0.7073792547122664,0.7366158233188372,0.6936097903311018,0.7719654647028948,0.755095107860459,"{'alpha': 0.0001, 'penalty': 'l2', 'loss': 'log_loss', 'class_weight': 'balanced'}","['mfcc_6', 'mfcc_3', 'mfcc_11', 'mfcc_8', 'mfcc_10', 'wav_detail_lvl3_std']",0.5841035120147874,0.6781115879828327,0.512987012987013,0.642892728744204,0.6493506493506493,0.7130124777183601,0.5961251862891207,0.7038542848712026,0.8886836027713626,0.8187234042553192,0.9717171717171718,0.9185383099659701
SGD,0.7073510975280509,0.716603658868233,0.7006091358550375,0.7673946165566278,0.7640759260511315,"{'alpha': 0.001, 'penalty': 'l2', 'loss': 'log_loss', 'class_weight': 'balanced'}","['mfcc_5', 'mfcc_11', 'wav_detail_lvl5_std', 'mfcc_8', 'spec_centroid']",0.5559440559440559,0.6022727272727273,0.5162337662337663,0.6640955705937454,0.6835820895522388,0.6846038863976084,0.6825633383010432,0.7141547947963431,0.8825271470878578,0.862934362934363,0.9030303030303031,0.913977412763306
SGD,0.7073480139487373,0.7362890295511278,0.6935053107184256,0.7704418486541391,0.7596395255447467,"{'alpha': 0.001, 'penalty': 'l2', 'loss': 'log_loss', 'class_weight': 'balanced'}","['mfcc_6', 'mfcc_3', 'mfcc_11', 'mfcc_8', 'mfcc_10', 'wav_detail_lvl3_std', 'zcr_mean', 'spec_centroid']",0.5867158671586716,0.6794871794871795,0.5162337662337663,0.6448185512421543,0.6504460665044607,0.7135231316725978,0.5976154992548435,0.7143779663301103,0.8848821081830791,0.8158567774936062,0.9666666666666667,0.9197220590619755
SGD,0.7073088773074162,0.7293444274738364,0.6949171654089685,0.7694261046216353,0.7349252354125412,"{'alpha': 0.001, 'penalty': 'l2', 'loss': 'log_loss', 'class_weight': 'balanced'}","['mfcc_3', 'mfcc_11', 'mfcc_10', 'wav_detail_lvl3_std', 'zcr_mean', 'spec_centroid']",0.5724770642201835,0.6582278481012658,0.5064935064935064,0.6496007180345886,0.666147859922179,0.6970684039087948,0.6378539493293591,0.6468113778049355,0.8833017077798861,0.832737030411449,0.9404040404040404,0.9083636103980999
SGD,0.7072506003540487,0.7247127951938133,0.6966239285911416,0.7679024885728797,0.7769557084756977,"{'alpha': 0.001, 'penalty': 'l2', 'loss': 'log_loss', 'class_weight': 'balanced'}","['mfcc_3', 'mfcc_5', 'wav_detail_lvl5_std', 'mfcc_8', 'wav_detail_lvl3_std', 'spec_centroid']",0.572972972972973,0.6437246963562753,0.5162337662337663,0.6928344082374607,0.6656370656370656,0.6907051282051282,0.6423248882265276,0.6991396239399464,0.8831417624521073,0.8397085610200364,0.9313131313131313,0.9388930932496857
SGD,0.7072329449139608,0.7233038742455302,0.697145932391834,0.7689182326053834,0.7756624916939612,"{'alpha': 0.001, 'penalty': 'l2', 'loss': 'log_loss', 'class_weight': 'balanced'}","['mfcc_5', 'wav_detail_lvl5_std', 'mfcc_8', 'wav_detail_lvl3_std', 'zcr_mean', 'spec_centroid']",0.5553539019963702,0.6296296296296297,0.4967532467532468,0.6707492666843772,0.6866566716641679,0.6907993966817496,0.6825633383010432,0.7339487263980138,0.8796882610813443,0.8494825964252116,0.9121212121212121,0.9222894819994926
SGD,0.7071674718512383,0.7256538443997003,0.6964066898493128,0.7724733367191468,0.7835679371374962,"{'alpha': 0.001, 'penalty': 'l2', 'loss': 'log_loss', 'class_weight': 'balanced'}","['mfcc_3', 'mfcc_5', 'wav_detail_lvl5_std', 'mfcc_8', 'zcr_mean', 'spec_centroid']",0.558983666061706,0.6337448559670782,0.5,0.6945259349229239,0.6718266253869969,0.6988727858293076,0.646795827123696,0.7176675778715409,0.890692124105012,0.8443438914027149,0.9424242424242424,0.9385102986180237
SGD,0.7070578960911051,0.7485492975938124,0.6888573478737413,0.7745048247841544,0.7630029293623335,"{'alpha': 0.001, 'penalty': 'elasticnet', 'loss': 'log_loss', 'class_weight': 'balanced'}","['mfcc_6', 'mfcc_3', 'mfcc_11', 'wav_detail_lvl5_std', 'wav_detail_lvl3_std', 'zcr_mean', 'spec_centroid']",0.5669291338582677,0.72,0.4675324675324675,0.6715203599611784,0.6682389937106918,0.7071547420965059,0.6333830104321908,0.7046828893586896,0.8860055607043559,0.8184931506849316,0.9656565656565657,0.9128055387671323
SGD,0.7070299472802155,0.7325910259048766,0.6933200072544334,0.770949720670391,0.7626713433110384,"{'alpha': 0.0001, 'penalty': 'l2', 'loss': 'log_loss', 'class_weight': 'balanced'}","['mfcc_6', 'mfcc_5', 'mfcc_11', 'wav_detail_lvl5_std', 'mfcc_8', 'mfcc_10', 'wav_detail_lvl3_std', 'zcr_mean']",0.5655430711610487,0.668141592920354,0.4902597402597403,0.6517663006221652,0.6712962962962963,0.696,0.6482861400894188,0.7020857564056695,0.8842504743833017,0.8336314847942755,0.9414141414141414,0.9341619729052801
SGD,0.7070258086126273,0.7409791870499375,0.6907076226748359,0.7724733367191468,0.7698308066567342,"{'alpha': 0.0001, 'penalty': 'l2', 'loss': 'log_loss', 'class_weight': 'balanced'}","['mfcc_6', 'mfcc_3', 'mfcc_5', 'mfcc_11', 'wav_detail_lvl5_std', 'mfcc_8', 'mfcc_10', 'wav_detail_lvl3_std', 'zcr_mean']",0.5664739884393064,0.6966824644549763,0.4772727272727273,0.6601516609685807,0.670817120622568,0.7019543973941368,0.6423248882265276,0.7006615246813935,0.8837863167760075,0.8243006993006993,0.9525252525252526,0.9486792343202283
SGD,0.7070133912067643,0.7304544273799211,0.6940489989670318,0.7704418486541391,0.7577336320556854,"{'alpha': 0.0001, 'penalty': 'l2', 'loss': 'log_loss', 'class_weight': 'balanced'}","['mfcc_6', 'mfcc_5', 'mfcc_11', 'wav_detail_lvl5_std', 'mfcc_8', 'mfcc_10', 'wav_detail_lvl3_std']",0.5640074211502782,0.658008658008658,0.4935064935064935,0.6399183011135492,0.6749034749034749,0.7003205128205128,0.6512667660208644,0.6992600145758965,0.8821292775665399,0.8330341113105925,0.9373737373737374,0.9340225804776108
SGD,0.7069460266843915,0.7417661304272617,0.6903874813710879,0.7724733367191468,0.7702873606515771,"{'alpha': 0.0001, 'penalty': 'l2', 'loss': 'log_loss', 'class_weight': 'balanced'}","['mfcc_6', 'mfcc_3', 'mfcc_5', 'mfcc_11', 'wav_detail_lvl5_std', 'mfcc_8', 'mfcc_10']",0.5675675675675675,0.7,0.4772727272727273,0.6601331307898932,0.6692667706708268,0.7021276595744681,0.639344262295082,0.7019124117953304,0.8840037418147801,0.823170731707317,0.9545454545454546,0.9488165393695075
SGD,0.7067895900859247,0.7310277719335158,0.6950843327892509,0.7714575926866429,0.7582991565828611,"{'alpha': 0.001, 'penalty': 'l2', 'loss': 'log_loss', 'class_weight': 'balanced'}","['mfcc_6', 'mfcc_3', 'mfcc_11', 'mfcc_8', 'mfcc_10', 'wav_detail_lvl3_std', 'spec_centroid']",0.5786618444846293,0.6530612244897959,0.5194805194805194,0.6421218624293219,0.6531275385865151,0.7178571428571429,0.5991058122205664,0.7137425616955577,0.8885793871866295,0.8221649484536082,0.9666666666666667,0.9190330456237036
SGD,0.7066292652230167,0.7387580658156021,0.6915872227347637,0.7734890807516506,0.757785698188377,"{'alpha': 0.001, 'penalty': 'l2', 'loss': 'log_loss', 'class_weight': 'balanced'}","['mfcc_6', 'mfcc_3', 'mfcc_11', 'mfcc_10', 'wav_detail_lvl3_std', 'spec_centroid']",0.5735849056603773,0.6846846846846847,0.4935064935064935,0.6476004860040544,0.6559743384121892,0.7100694444444444,0.6095380029806259,0.7069195539470154,0.8903285515964832,0.8215200683176772,0.9717171717171718,0.9188370546140612
SGD,0.7066284605115495,0.7235112819773684,0.6963924963924963,0.7673946165566278,0.7776505425872348,"{'alpha': 0.001, 'penalty': 'l2', 'loss': 'log_loss', 'class_weight': 'balanced'}","['mfcc_3', 'mfcc_5', 'wav_detail_lvl5_std', 'mfcc_8', 'spec_centroid']",0.5734767025089605,0.64,0.5194805194805194,0.6942868136264511,0.6630434782608695,0.6920583468395461,0.6363636363636364,0.6990781620094516,0.8833652007648184,0.838475499092559,0.9333333333333333,0.9395866521258014
SGD,0.7064483342119576,0.7161161414540146,0.6998202162136589,0.7694261046216353,0.7681972124916103,"{'alpha': 0.001, 'penalty': 'elasticnet', 'loss': 'log_loss', 'class_weight': 'balanced'}","['mfcc_5', 'mfcc_8', 'mfcc_10', 'wav_detail_lvl3_std', 'zcr_mean', 'spec_centroid']",0.5545927209705372,0.5947955390334573,0.5194805194805194,0.646869249211704,0.676402767102229,0.6984126984126984,0.6557377049180327,0.7311116666507607,0.8883495145631068,0.8551401869158879,0.9242424242424242,0.9266107216123664
SGD,0.7064350488136856,0.7258904682355362,0.6956055480645644,0.7739969527679025,0.7533697648194778,"{'alpha': 0.001, 'penalty': 'l2', 'loss': 'log_loss', 'class_weight': 'balanced'}","['mfcc_6', 'mfcc_11', 'wav_detail_lvl5_std', 'mfcc_10', 'wav_detail_lvl3_std', 'zcr_mean']",0.5517241379310345,0.6255144032921811,0.4935064935064935,0.6384075144977768,0.6765857478465153,0.7128712871287128,0.6438152011922503,0.7094075544172173,0.8909952606635071,0.8392857142857143,0.9494949494949495,0.9122942255434399
SGD,0.7061826703373048,0.7055167986407928,0.7104897531127038,0.760792280345353,0.7224410512029583,"{'alpha': 0.0001, 'penalty': 'l2', 'loss': 'log_loss', 'class_weight': 'balanced'}","['mfcc_5', 'mfcc_11', 'wav_detail_lvl5_std', 'mfcc_8', 'mfcc_10']",0.5784615384615385,0.5497076023391813,0.6103896103896104,0.6519398333048028,0.6570972886762361,0.7066895368782161,0.6140089418777943,0.599962898822253,0.8829891838741396,0.8601532567049809,0.907070707070707,0.9154204214818192
SGD,0.7061746202383846,0.7094847257930231,0.7038547063137227,0.7628237684103606,0.7389794207287085,"{'alpha': 0.001, 'penalty': 'elasticnet', 'loss': 'log_loss', 'class_weight': 'balanced'}","['mfcc_5', 'mfcc_11', 'wav_detail_lvl5_std', 'mfcc_8', 'zcr_mean']",0.570957095709571,0.5805369127516778,0.5616883116883117,0.6739287036450039,0.6651270207852193,0.6878980891719745,0.6438152011922503,0.6330785820883589,0.882439744220364,0.8600191754554171,0.906060606060606,0.9099309764527629
SGD,0.7061223623824318,0.7233593424594469,0.6964729259811228,0.7745048247841544,0.7557112705239394,"{'alpha': 0.001, 'penalty': 'l2', 'loss': 'log_loss', 'class_weight': 'balanced'}","['mfcc_3', 'mfcc_5', 'mfcc_10', 'wav_detail_lvl3_std', 'spec_centroid']",0.5519713261648745,0.616,0.5,0.6503520329114263,0.6698113207547169,0.7088186356073212,0.6348733233979136,0.6880236210881195,0.896584440227704,0.8452593917710197,0.9545454545454546,0.9287581575722725
SGD,0.7060000465288946,0.7174888946706469,0.7000768812244221,0.7694261046216353,0.7435022666385313,"{'alpha': 0.001, 'penalty': 'l2', 'loss': 'log_loss', 'class_weight': 'balanced'}","['mfcc_3', 'mfcc_5', 'wav_detail_lvl3_std']",0.5699658703071673,0.6007194244604317,0.5422077922077922,0.6599828938448529,0.655448717948718,0.708838821490468,0.6095380029806259,0.643825911494655,0.8925855513307985,0.8429084380610413,0.9484848484848485,0.9266979945760859
SGD,0.7059506809931464,0.7321377388168212,0.6922369676468038,0.7719654647028948,0.7629673337550184,"{'alpha': 0.001, 'penalty': 'l2', 'loss': 'log_loss', 'class_weight': 'balanced'}","['mfcc_6', 'mfcc_11', 'wav_detail_lvl5_std', 'mfcc_8', 'wav_detail_lvl3_std', 'spec_centroid']",0.5553470919324578,0.6577777777777778,0.4805194805194805,0.6483810355381361,0.6801242236024845,0.7098865478119936,0.6527570789865872,0.7270774285491789,0.8823807274444969,0.8287488908606921,0.9434343434343434,0.9134435371777401
SGD,0.7059371717569043,0.7278667011119581,0.6936417256089387,0.7679024885728797,0.7497711208237634,"{'alpha': 0.001, 'penalty': 'l2', 'loss': 'log_loss', 'class_weight': 'balanced'}","['mfcc_6', 'mfcc_11', 'wav_detail_lvl5_std']",0.56672760511883,0.6485355648535565,0.5032467532467533,0.6456709221860902,0.6750195771339076,0.7112211221122112,0.6423248882265276,0.6989600158401248,0.8760643330179754,0.8238434163701067,0.9353535353535354,0.9046824244450755
SGD,0.7057845944301446,0.7174078185539998,0.6979297266182513,0.7684103605891316,0.7058260083855797,"{'alpha': 0.0001, 'penalty': 'l2', 'loss': 'log_loss', 'class_weight': 'balanced'}","['mfcc_5', 'wav_detail_lvl3_std']",0.5444839857651246,0.6023622047244095,0.4967532467532468,0.6134705864941618,0.6919642857142857,0.6909361069836553,0.6929955290611028,0.6789520882585218,0.8809055118110236,0.8589251439539347,0.9040404040404041,0.8250553504040552
SGD,0.7057209441354274,0.7299762106902703,0.6927684337520402,0.7704418486541391,0.7543729576858538,"{'alpha': 0.001, 'penalty': 'l2', 'loss': 'log_loss', 'class_weight': 'balanced'}","['mfcc_6', 'wav_detail_lvl5_std', 'wav_detail_lvl3_std', 'zcr_mean']",0.5619223659889094,0.6523605150214592,0.4935064935064935,0.6416368583177159,0.673469387755102,0.7114427860696517,0.639344262295082,0.7027273393303964,0.8817710786622703,0.8261253309796999,0.9454545454545454,0.9187546754094492
SGD,0.7057001700324802,0.721725671476602,0.695948162341605,0.7714575926866429,0.7635697247271876,"{'alpha': 0.001, 'penalty': 'l2', 'loss': 'log_loss', 'class_weight': 'balanced'}","['mfcc_6', 'mfcc_5', 'wav_detail_lvl5_std', 'mfcc_8', 'mfcc_10', 'zcr_mean']",0.5513513513513514,0.6194331983805668,0.4967532467532468,0.6620154252806835,0.6753645433614736,0.6962025316455697,0.6557377049180327,0.6981117705090215,0.8903846153846153,0.8495412844036697,0.9353535353535354,0.9305819783918579
SGD,0.7054838610056106,0.7255730300820904,0.6945579920989758,0.7714575926866429,0.7505062864355548,"{'alpha': 0.001, 'penalty': 'l2', 'loss': 'log_loss', 'class_weight': 'balanced'}","['mfcc_6', 'mfcc_11', 'mfcc_10', 'wav_detail_lvl3_std', 'zcr_mean']",0.5605786618444847,0.6326530612244898,0.5032467532467533,0.6268606942823524,0.6671936758893281,0.7104377104377104,0.6289120715350224,0.7103032736059631,0.8886792452830189,0.8336283185840708,0.9515151515151515,0.9143548914183489
SGD,0.7054386623287652,0.7151657110027911,0.715205134877266,0.7638395124428644,0.7674886510150265,"{'alpha': 0.001, 'penalty': 'l2', 'loss': 'log_loss', 'class_weight': 'balanced'}","['mfcc_6', 'mfcc_3', 'mfcc_5', 'mfcc_11', 'mfcc_8']",0.6149253731343284,0.569060773480663,0.6688311688311688,0.6414281986142907,0.6073943661971831,0.7419354838709677,0.5141579731743666,0.724371970498184,0.8939962476547842,0.8345008756567426,0.9626262626262626,0.9366657839326047
SGD,0.7053582302399232,0.7065279939136149,0.7065506745834614,0.7623158963941087,0.73154978598264,"{'alpha': 0.001, 'penalty': 'l2', 'loss': 'log_loss', 'class_weight': 'balanced'}","['mfcc_5', 'mfcc_11', 'wav_detail_lvl3_std', 'zcr_mean']",0.5664556962025317,0.5524691358024691,0.5811688311688312,0.6213733100983947,0.6682464454976303,0.7109243697478992,0.6304023845007451,0.6766741980025974,0.8813725490196078,0.8561904761904762,0.908080808080808,0.8966018498469278
SGD,0.705332783613648,0.7105097151834986,0.7014232883085342,0.7648552564753682,0.7430241965038217,"{'alpha': 0.001, 'penalty': 'l2', 'loss': 'log_loss', 'class_weight': 'balanced'}","['mfcc_5', 'mfcc_11', 'wav_detail_lvl5_std', 'mfcc_10', 'zcr_mean']",0.5579831932773109,0.578397212543554,0.538961038961039,0.6513082704320824,0.6753445635528331,0.694488188976378,0.6572280178837556,0.6893613501979083,0.8826705940108002,0.8586437440305635,0.908080808080808,0.8884029688814743
SGD,0.7052680423424879,0.7208877702134494,0.6957001711100071,0.7704418486541391,0.7629620902761726,"{'alpha': 0.001, 'penalty': 'l2', 'loss': 'log_loss', 'class_weight': 'balanced'}","['mfcc_6', 'mfcc_5', 'wav_detail_lvl5_std', 'mfcc_8', 'mfcc_10', 'wav_detail_lvl3_std', 'zcr_mean']",0.5529622980251346,0.6184738955823293,0.5,0.6616901851420487,0.6738461538461539,0.6963434022257552,0.6527570789865872,0.6957418663347612,0.888995675156175,0.847846012832264,0.9343434343434344,0.9314542193517075
SGD,0.705257509795485,0.7191260346998051,0.6967457557621491,0.7684103605891316,0.7595970609937307,"{'alpha': 0.001, 'penalty': 'l2', 'loss': 'log_loss', 'class_weight': 'balanced'}","['mfcc_3', 'mfcc_5', 'wav_detail_lvl5_std', 'mfcc_10', 'zcr_mean']",0.564373897707231,0.6177606177606177,0.5194805194805194,0.6752801878205068,0.6625097427903351,0.6944444444444444,0.6333830104321908,0.6726153419644475,0.8888888888888888,0.8451730418943534,0.9373737373737374,0.9308956531962375
SGD,0.7051181135154878,0.7399021183124641,0.6886318296154362,0.770949720670391,0.770565401553776,"{'alpha': 0.0001, 'penalty': 'l2', 'loss': 'log_loss', 'class_weight': 'balanced'}","['mfcc_6', 'mfcc_3', 'mfcc_5', 'mfcc_11', 'wav_detail_lvl5_std', 'mfcc_8', 'mfcc_10', 'zcr_mean']",0.5647969052224371,0.6985645933014354,0.474025974025974,0.6598967513217019,0.6671850699844479,0.697560975609756,0.639344262295082,0.7028412807309451,0.8833723653395784,0.8235807860262009,0.9525252525252526,0.9489581726086808
SGD,0.7051037012737988,0.7090992942149191,0.702434177844014,0.7648552564753682,0.7246470654714462,"{'alpha': 0.001, 'penalty': 'l2', 'loss': 'log_loss', 'class_weight': 'balanced'}","['mfcc_5', 'mfcc_11', 'wav_detail_lvl5_std', 'wav_detail_lvl3_std']",0.5553719008264463,0.5656565656565656,0.5454545454545454,0.6375929321810876,0.6780185758513931,0.7053140096618358,0.6527570789865872,0.6676710085853891,0.8819206271435571,0.8563273073263559,0.9090909090909091,0.8686772556478619
SGD,0.7051019920894254,0.7186145073252476,0.6968344648672518,0.7679024885728797,0.7596154489567329,"{'alpha': 0.001, 'penalty': 'l2', 'loss': 'log_loss', 'class_weight': 'balanced'}","['mfcc_3', 'mfcc_5', 'wav_detail_lvl5_std', 'mfcc_10', 'wav_detail_lvl3_std', 'zcr_mean']",0.5659050966608085,0.6168582375478927,0.5227272727272727,0.6739410032518068,0.6609375,0.6945812807881774,0.6304023845007451,0.6740177775738811,0.8884633796074677,0.8444040036396724,0.9373737373737374,0.9308875660445111
SGD,0.7050981039203869,0.7317228758274309,0.6926162483539532,0.770949720670391,0.7571496826151017,"{'alpha': 0.0001, 'penalty': 'l2', 'loss': 'log_loss', 'class_weight': 'balanced'}","['mfcc_6', 'mfcc_3', 'mfcc_11', 'mfcc_10', 'wav_detail_lvl3_std', 'zcr_mean']",0.5776965265082267,0.6610878661087866,0.512987012987013,0.6445520639176311,0.6476810414971521,0.7132616487455197,0.5931445603576752,0.705952446182897,0.8899167437557817,0.8208191126279863,0.9717171717171718,0.920944537744777
SGD,0.7050203817178832,0.7069177694155296,0.7039095088275417,0.7628237684103606,0.710013513958164,"{'alpha': 0.001, 'penalty': 'l2', 'loss': 'log_loss', 'class_weight': 'balanced'}","['mfcc_5', 'wav_detail_lvl5_std', 'mfcc_10', 'wav_detail_lvl3_std']",0.5602605863192183,0.5620915032679739,0.5584415584415584,0.6276441722089892,0.6728252501924558,0.695859872611465,0.6512667660208644,0.6713447713822025,0.8819753086419753,0.8628019323671497,0.902020202020202,0.8310515982833003
SGD,0.7050152087478594,0.7313394555261903,0.6918576869396542,0.7719654647028948,0.7658397660139192,"{'alpha': 0.001, 'penalty': 'l2', 'loss': 'log_loss', 'class_weight': 'balanced'}","['mfcc_6', 'mfcc_3', 'mfcc_11', 'wav_detail_lvl5_std', 'mfcc_8', 'wav_detail_lvl3_std', 'spec_centroid']",0.562962962962963,0.6551724137931034,0.4935064935064935,0.6626269377244495,0.6645418326693228,0.714041095890411,0.6214605067064084,0.7206056074955591,0.8875408306112926,0.8248048568950563,0.9606060606060606,0.9142867528217491
SGD,0.7050126586377953,0.7069698845228999,0.7040147769655967,0.7628237684103606,0.7100048290711634,"{'alpha': 0.001, 'penalty': 'l2', 'loss': 'log_loss', 'class_weight': 'balanced'}","['mfcc_5', 'wav_detail_lvl5_std', 'mfcc_10']",0.5626016260162602,0.5635179153094463,0.5616883116883117,0.639550348539028,0.6692426584234931,0.695024077046549,0.6453055141579732,0.6649061467681033,0.8831936914736324,0.8623676612127045,0.9050505050505051,0.8255579919063586
SGD,0.7049573667520014,0.7295211961261897,0.6936279264148117,0.7694261046216353,0.7557533844598051,"{'alpha': 0.001, 'penalty': 'elasticnet', 'loss': 'log_loss', 'class_weight': 'balanced'}","['mfcc_6', 'mfcc_3', 'mfcc_11', 'mfcc_10', 'wav_detail_lvl3_std']",0.5837837837837838,0.6558704453441295,0.525974025974026,0.6451304266388794,0.6420966420966421,0.7127272727272728,0.5842026825633383,0.7070640789958034,0.8889916743755781,0.8199658703071673,0.9707070707070707,0.9150656477447323
SGD,0.704955772289953,0.7041597258644794,0.7196449270219762,0.7562214321990859,0.7451264206816443,"{'alpha': 0.0001, 'penalty': 'l2', 'loss': 'log_loss', 'class_weight': 'balanced'}","['mfcc_5', 'wav_detail_lvl5_std', 'zcr_mean']",0.5952045133991537,0.5261845386533666,0.685064935064935,0.6540851097011358,0.6376569037656904,0.7270992366412213,0.5678092399403875,0.6748786069948285,0.8820058997050148,0.8591954022988506,0.906060606060606,0.9064155453489686
SGD,0.7048824614633836,0.7431270888842961,0.687826350941105,0.7724733367191468,0.7608980338531737,"{'alpha': 0.001, 'penalty': 'l2', 'loss': 'log_loss', 'class_weight': 'balanced'}","['mfcc_6', 'mfcc_3', 'mfcc_11', 'mfcc_10', 'wav_detail_lvl3_std', 'zcr_mean', 'spec_centroid']",0.5697674418604651,0.7067307692307693,0.4772727272727273,0.6518392854975297,0.6571201272871917,0.7047781569965871,0.6154992548435171,0.7109829290220975,0.8877598152424943,0.8178723404255319,0.9707070707070707,0.919871887039894
SGD,0.7048284230369902,0.703820783885042,0.7109506461965478,0.7572371762315896,0.7324860589442754,"{'alpha': 0.0001, 'penalty': 'l2', 'loss': 'log_loss', 'class_weight': 'balanced'}","['mfcc_5', 'mfcc_11', 'wav_detail_lvl5_std', 'mfcc_8', 'mfcc_10', 'zcr_mean']",0.5927051671732523,0.5571428571428572,0.6331168831168831,0.6664532201248423,0.6408393866020985,0.698943661971831,0.5916542473919523,0.618676828503491,0.8809407153356198,0.8553758325404377,0.908080808080808,0.9123281282044927
SGD,0.7047439660878344,0.7089672362556286,0.7014954383806843,0.7638395124428644,0.7458852253161422,"{'alpha': 0.001, 'penalty': 'l2', 'loss': 'log_loss', 'class_weight': 'balanced'}","['mfcc_5', 'wav_detail_lvl5_std', 'mfcc_10', 'zcr_mean']",0.5575959933222037,0.5738831615120275,0.5422077922077922,0.6423758322421677,0.6743119266055045,0.6923076923076923,0.6572280178837556,0.6935727436140859,0.8823239783357951,0.8607108549471661,0.9050505050505051,0.9017071000921733
SGD,0.7047072025935348,0.7337274490953677,0.6901410671902476,0.7684103605891316,0.7545148335633708,"{'alpha': 0.001, 'penalty': 'elasticnet', 'loss': 'log_loss', 'class_weight': 'balanced'}","['mfcc_6', 'wav_detail_lvl5_std', 'wav_detail_lvl3_std']",0.5682242990654206,0.6696035242290749,0.4935064935064935,0.636288343288672,0.669848846459825,0.7184300341296929,0.6274217585692996,0.7056906306889178,0.8760484622553588,0.8131487889273357,0.9494949494949495,0.9215655267125227
SGD,0.7045012190838742,0.7134382831770748,0.7138583335304647,0.7618080243778568,0.7662574945454668,"{'alpha': 0.001, 'penalty': 'l2', 'loss': 'log_loss', 'class_weight': 'balanced'}","['mfcc_6', 'mfcc_3', 'mfcc_5', 'mfcc_11', 'mfcc_8', 'zcr_mean']",0.6176911544227887,0.5738161559888579,0.6688311688311688,0.6381786779160411,0.6047326906222612,0.7340425531914894,0.5141579731743666,0.7225695464713607,0.8910798122065727,0.8324561403508772,0.9585858585858585,0.9380242592489983
SGD,0.704481196673049,0.7031728697917811,0.710597386826895,0.7562214321990859,0.7337358791196978,"{'alpha': 0.0001, 'penalty': 'elasticnet', 'loss': 'log_loss', 'class_weight': 'balanced'}","['mfcc_5', 'mfcc_11', 'wav_detail_lvl5_std', 'mfcc_8', 'mfcc_10', 'wav_detail_lvl3_std', 'zcr_mean']",0.5927051671732523,0.5571428571428572,0.6331168831168831,0.6628754386552461,0.6419951729686243,0.6975524475524476,0.5946348733233979,0.6215041191344414,0.8787432498772705,0.8548233046800382,0.9040404040404041,0.9168280795694059
SGD,0.7044718015880743,0.717139179923214,0.6969397330053066,0.7679024885728797,0.7455755956972344,"{'alpha': 0.001, 'penalty': 'l2', 'loss': 'log_loss', 'class_weight': 'balanced'}","['mfcc_3', 'mfcc_5', 'mfcc_10', 'wav_detail_lvl3_std', 'zcr_mean']",0.5644599303135889,0.6090225563909775,0.525974025974026,0.6499514136665961,0.6593233674272226,0.6983333333333334,0.624441132637854,0.6566395071108221,0.8896321070234113,0.844061650045331,0.9404040404040404,0.9301358663142851
SGD,0.7044294969993476,0.7408468254936476,0.6880743421727029,0.7734890807516506,0.7556515204850939,"{'alpha': 0.0001, 'penalty': 'l2', 'loss': 'log_loss', 'class_weight': 'balanced'}","['mfcc_6', 'mfcc_3', 'mfcc_11', 'wav_detail_lvl5_std', 'mfcc_8', 'mfcc_10', 'zcr_mean']",0.5637065637065637,0.6952380952380952,0.474025974025974,0.6487787214796292,0.659253375694996,0.70578231292517,0.6184798807749627,0.6988365146570633,0.8903285515964832,0.8215200683176772,0.9717171717171718,0.9193393253185889
SGD,0.7043484037944946,0.731224972522751,0.6903594887201444,0.7699339766378872,0.748878215401586,"{'alpha': 0.001, 'penalty': 'l2', 'loss': 'log_loss', 'class_weight': 'balanced'}","['mfcc_3', 'mfcc_11', 'wav_detail_lvl5_std', 'mfcc_10', 'wav_detail_lvl3_std', 'zcr_mean', 'spec_centroid']",0.5540796963946869,0.6666666666666666,0.474025974025974,0.6659830597387507,0.6757990867579908,0.6905132192846034,0.6616989567809239,0.6724598026414879,0.8831664282308059,0.8364950316169828,0.9353535353535354,0.9081917838245195
SGD,0.7043096568236233,0.7327273849735724,0.6901915328144836,0.7684103605891316,0.7518483128089146,"{'alpha': 0.001, 'penalty': 'l2', 'loss': 'log_loss', 'class_weight': 'balanced'}","['mfcc_6', 'mfcc_3', 'mfcc_11', 'wav_detail_lvl5_std', 'zcr_mean']",0.5735567970204841,0.6724890829694323,0.5,0.6590316704596129,0.6576217079010375,0.7079037800687286,0.6140089418777943,0.6890597621462187,0.8817504655493482,0.8177892918825561,0.9565656565656566,0.9074535058209126
SGD,0.704285696290723,0.726323355559707,0.6923792964776571,0.7653631284916201,0.7524869541296265,"{'alpha': 0.001, 'penalty': 'elasticnet', 'loss': 'log_loss', 'class_weight': 'balanced'}","['mfcc_6', 'mfcc_11', 'wav_detail_lvl3_std', 'zcr_mean']",0.5760869565217391,0.6516393442622951,0.5162337662337663,0.6344470300437576,0.6603023070803501,0.7081911262798635,0.6184798807749627,0.7115807387923333,0.8764678252700798,0.8191395961369623,0.9424242424242424,0.9114330935527883
SGD,0.7042419978917259,0.7340226308721262,0.6897818938802546,0.7704418486541391,0.753108673908994,"{'alpha': 0.001, 'penalty': 'l2', 'loss': 'log_loss', 'class_weight': 'balanced'}","['mfcc_6', 'mfcc_3', 'wav_detail_lvl5_std', 'wav_detail_lvl3_std', 'zcr_mean']",0.5666041275797373,0.6711111111111111,0.4902597402597403,0.6547552922302909,0.6618819776714514,0.7118353344768439,0.6184798807749627,0.690739328331691,0.8842398884239888,0.8191214470284238,0.9606060606060606,0.9138314011650001
SGD,0.7042248471746659,0.7136215272481478,0.6974510917133868,0.7653631284916201,0.763313576876922,"{'alpha': 0.001, 'penalty': 'l2', 'loss': 'log_loss', 'class_weight': 'balanced'}","['mfcc_5', 'wav_detail_lvl5_std', 'mfcc_8', 'spec_centroid']",0.5499124343257443,0.596958174904943,0.5097402597402597,0.6623357680507387,0.6811053024645257,0.6826347305389222,0.6795827123695977,0.7105692338688927,0.8816568047337278,0.861271676300578,0.9030303030303031,0.9170357287111346
SGD,0.7042110708933548,0.7235683269486368,0.6930570340406407,0.766378872524124,0.7527067990234757,"{'alpha': 0.001, 'penalty': 'elasticnet', 'loss': 'log_loss', 'class_weight': 'balanced'}","['mfcc_6', 'mfcc_11', 'wav_detail_lvl5_std', 'zcr_mean']",0.5641952983725136,0.636734693877551,0.5064935064935064,0.6505013946204041,0.6713615023474179,0.7067545304777595,0.639344262295082,0.6988945456886148,0.8770764119601329,0.8272157564905999,0.9333333333333333,0.9087244567614083
SGD,0.7041702600416793,0.7311141775849251,0.6906875152776792,0.7704418486541391,0.7634220139438576,"{'alpha': 0.001, 'penalty': 'l2', 'loss': 'log_loss', 'class_weight': 'balanced'}","['mfcc_6', 'mfcc_3', 'mfcc_11', 'wav_detail_lvl5_std', 'mfcc_8', 'spec_centroid']",0.5650557620817844,0.6608695652173913,0.4935064935064935,0.6573573688431644,0.6613672496025437,0.7086882453151618,0.6199701937406855,0.7208062025704225,0.8860877684407096,0.8237847222222222,0.9585858585858585,0.9121024704179856
SGD,0.7041078691357457,0.7227328232665134,0.693884591425575,0.7704418486541391,0.747313427922267,"{'alpha': 0.001, 'penalty': 'l2', 'loss': 'log_loss', 'class_weight': 'balanced'}","['mfcc_6', 'mfcc_11', 'mfcc_10', 'wav_detail_lvl3_std']",0.5565529622980251,0.6224899598393574,0.5032467532467533,0.6219929423558439,0.6677215189873418,0.7116357504215851,0.6289120715350224,0.7084860211133754,0.8880491261218706,0.834072759538598,0.9494949494949495,0.9114613202975814
SGD,0.7039845630335876,0.7312871576257067,0.6904245420638864,0.765871000507872,0.7553569053089788,"{'alpha': 0.0001, 'penalty': 'elasticnet', 'loss': 'log_loss', 'class_weight': 'balanced'}","['mfcc_6', 'mfcc_11', 'mfcc_8', 'wav_detail_lvl3_std', 'zcr_mean']",0.5761467889908257,0.6624472573839663,0.5097402597402597,0.6311882491577984,0.6628940986257074,0.7243816254416962,0.6110283159463488,0.7242868161961451,0.87291280148423,0.807032590051458,0.9505050505050505,0.9105956505729931
SGD,0.7038688353675516,0.7136586895020764,0.69700399782367,0.766378872524124,0.7404714237283808,"{'alpha': 0.001, 'penalty': 'l2', 'loss': 'log_loss', 'class_weight': 'balanced'}","['mfcc_5', 'mfcc_11', 'wav_detail_lvl3_std', 'spec_centroid']",0.5470383275261324,0.5902255639097744,0.5097402597402597,0.6207267795234966,0.6844512195121951,0.7004680187207488,0.669150521609538,0.7005370469638361,0.8801169590643275,0.8502824858757062,0.9121212121212121,0.9001504446978096
SGD,0.7038227448350175,0.7329621132665979,0.6892721122229318,0.770949720670391,0.7638138713644823,"{'alpha': 0.001, 'penalty': 'l2', 'loss': 'log_loss', 'class_weight': 'balanced'}","['mfcc_6', 'mfcc_11', 'wav_detail_lvl5_std', 'mfcc_8', 'wav_detail_lvl3_std', 'zcr_mean', 'spec_centroid']",0.5540796963946869,0.6666666666666666,0.474025974025974,0.6510511393447383,0.6744548286604362,0.7063621533442088,0.6453055141579732,0.7263840366171095,0.8829337094499294,0.8258575197889182,0.9484848484848485,0.9140064381315989
SGD,0.703796453102053,0.7084075582079938,0.7005176669111095,0.7648552564753682,0.7261138952876512,"{'alpha': 0.001, 'penalty': 'l2', 'loss': 'log_loss', 'class_weight': 'balanced'}","['mfcc_5', 'mfcc_11', 'wav_detail_lvl5_std']",0.55,0.565068493150685,0.5357142857142857,0.6484313626098236,0.6784888203546646,0.7028753993610224,0.6557377049180327,0.6585538321539177,0.8829005389514943,0.857278782112274,0.9101010101010101,0.8713564910992126
SGD,0.7037329025165157,0.7362555900264055,0.6883089284728628,0.7679024885728797,0.7537830753656157,"{'alpha': 0.001, 'penalty': 'l2', 'loss': 'log_loss', 'class_weight': 'balanced'}","['mfcc_6', 'mfcc_3', 'mfcc_11', 'wav_detail_lvl5_std', 'wav_detail_lvl3_std']",0.5773584905660377,0.6891891891891891,0.4967532467532468,0.6620783273614048,0.652766639935846,0.7065972222222222,0.6065573770491803,0.6918237861898899,0.8810735770476631,0.8129803586678053,0.9616161616161616,0.9074471125455522
SGD,0.7036986266701404,0.7256493155804415,0.6920591551739093,0.7653631284916201,0.750144531038905,"{'alpha': 0.001, 'penalty': 'l2', 'loss': 'log_loss', 'class_weight': 'balanced'}","['mfcc_6', 'mfcc_11', 'wav_detail_lvl3_std']",0.5740072202166066,0.6463414634146342,0.5162337662337663,0.6319152630873213,0.6608,0.7132987910189983,0.6154992548435171,0.7109533473756364,0.8762886597938144,0.8173076923076923,0.9444444444444444,0.9075649826537572
SGD,0.703658763654419,0.7313791364151948,0.6898020012774112,0.7724733367191468,0.7511226482144139,"{'alpha': 0.001, 'penalty': 'l2', 'loss': 'log_loss', 'class_weight': 'balanced'}","['mfcc_6', 'mfcc_10', 'wav_detail_lvl3_std', 'zcr_mean', 'spec_centroid']",0.5509433962264151,0.6576576576576577,0.474025974025974,0.6234325387038684,0.671875,0.7060755336617406,0.6408345752608048,0.705233693707887,0.8881578947368421,0.8304042179261862,0.9545454545454546,0.9247017122314862
SGD,0.7036207836676575,0.7173939499211631,0.6950630426040262,0.7643473844591163,0.7680002610972348,"{'alpha': 0.001, 'penalty': 'l2', 'loss': 'log_loss', 'class_weight': 'balanced'}","['mfcc_3', 'mfcc_5', 'mfcc_11', 'mfcc_8', 'mfcc_10', 'wav_detail_lvl3_std', 'spec_centroid']",0.5704225352112676,0.6230769230769231,0.525974025974026,0.6622302545323376,0.6578332034294622,0.6895424836601307,0.6289120715350224,0.6998886476873317,0.8826066123622425,0.8395624430264357,0.9303030303030303,0.9418818810720351
SGD,0.7036115441380372,0.7162228926976616,0.7180229303180123,0.7638395124428644,0.7631390175359843,"{'alpha': 0.001, 'penalty': 'l2', 'loss': 'log_loss', 'class_weight': 'balanced'}","['mfcc_6', 'mfcc_3', 'mfcc_5', 'mfcc_11']",0.6164978292329957,0.556135770234987,0.6915584415584416,0.6519642453807285,0.5962059620596206,0.7568807339449541,0.4918032786885246,0.7129569728864159,0.8981308411214953,0.8356521739130435,0.9707070707070707,0.9244958343408086
SGD,0.7035664154007722,0.7409647410652959,0.687046105078892,0.7745048247841544,0.7632156326947147,"{'alpha': 0.001, 'penalty': 'l2', 'loss': 'log_loss', 'class_weight': 'balanced'}","['mfcc_6', 'mfcc_3', 'mfcc_11', 'wav_detail_lvl5_std', 'mfcc_10', 'wav_detail_lvl3_std', 'spec_centroid']",0.5536062378167641,0.6926829268292682,0.461038961038961,0.6575453859041559,0.6661417322834645,0.7061769616026711,0.6304023845007451,0.713088006285513,0.8909512761020881,0.8240343347639485,0.9696969696969697,0.9190135058944755
SGD,0.7035648511793572,0.7492198181087071,0.6849789857986579,0.7729812087353987,0.765855589184475,"{'alpha': 0.0001, 'penalty': 'l2', 'loss': 'log_loss', 'class_weight': 'balanced'}","['mfcc_6', 'mfcc_3', 'mfcc_5', 'mfcc_11', 'wav_detail_lvl5_std', 'mfcc_8', 'mfcc_10', 'wav_detail_lvl3_std']",0.5476673427991886,0.7297297297297297,0.4383116883116883,0.6595093439518415,0.6797880393641181,0.6907692307692308,0.669150521609538,0.6910008203115184,0.8832391713747646,0.8271604938271605,0.9474747474747475,0.947056603290065
SGD,0.7035290724475267,0.7074599233277242,0.7003635101995758,0.7618080243778568,0.7458403450854668,"{'alpha': 0.001, 'penalty': 'l2', 'loss': 'log_loss', 'class_weight': 'balanced'}","['mfcc_5', 'wav_detail_lvl5_std', 'wav_detail_lvl3_std', 'zcr_mean']",0.5542570951585977,0.570446735395189,0.538961038961039,0.6460482440024443,0.6798479087452471,0.6940993788819876,0.6661698956780924,0.6871928580494482,0.8764822134387352,0.8578336557059961,0.895959595959596,0.9042799332045082
SGD,0.7034801099927149,0.7052498707987089,0.703551912568306,0.7618080243778568,0.7150359899344881,"{'alpha': 0.001, 'penalty': 'l2', 'loss': 'log_loss', 'class_weight': 'balanced'}","['mfcc_5', 'mfcc_11', 'mfcc_10', 'wav_detail_lvl3_std']",0.5608974358974359,0.5537974683544303,0.5681818181818182,0.6180964301059804,0.6671899529042387,0.7048092868988391,0.6333830104321908,0.6629537059170295,0.8823529411764706,0.8571428571428571,0.9090909090909091,0.864057833780455
SGD,0.7033974140484842,0.7388697836615462,0.6868552819372491,0.7689182326053834,0.7557012233590387,"{'alpha': 0.001, 'penalty': 'elasticnet', 'loss': 'log_loss', 'class_weight': 'balanced'}","['mfcc_6', 'mfcc_3', 'mfcc_11', 'wav_detail_lvl5_std', 'spec_centroid']",0.5692307692307692,0.6981132075471698,0.4805194805194805,0.6635877423412948,0.6598101265822784,0.7032040472175379,0.6214605067064084,0.6945136627838819,0.8811513463324049,0.8152920962199313,0.9585858585858585,0.9090022649519391
SGD,0.7032957776004068,0.7231484145701984,0.6926280762346336,0.7648552564753682,0.7537267343661592,"{'alpha': 0.001, 'penalty': 'elasticnet', 'loss': 'log_loss', 'class_weight': 'balanced'}","['mfcc_6', 'mfcc_11', 'mfcc_8', 'wav_detail_lvl3_std']",0.5714285714285714,0.6349206349206349,0.5194805194805194,0.6295365326778418,0.6629303442754203,0.7162629757785467,0.61698956780924,0.7228253984220987,0.8755284170972287,0.8182616330114135,0.9414141414141414,0.9088182719985372
SGD,0.7032337836989813,0.7133221319131948,0.696066046885719,0.7638395124428644,0.7645147725419128,"{'alpha': 0.001, 'penalty': 'elasticnet', 'loss': 'log_loss', 'class_weight': 'balanced'}","['mfcc_5', 'wav_detail_lvl5_std', 'mfcc_8', 'wav_detail_lvl3_std', 'spec_centroid']",0.553415061295972,0.6007604562737643,0.512987012987013,0.6608665934566715,0.6777358490566038,0.6865443425076453,0.669150521609538,0.7144362052891927,0.8785504407443683,0.8526615969581749,0.906060606060606,0.9182415188798742
SGD,0.7031471005213277,0.7159764192266626,0.6956840063397439,0.760792280345353,0.7560382164734983,"{'alpha': 0.0001, 'penalty': 'l2', 'loss': 'log_loss', 'class_weight': 'balanced'}","['mfcc_3', 'mfcc_5', 'wav_detail_lvl5_std', 'mfcc_8', 'mfcc_10', 'zcr_mean']",0.5847750865051903,0.6259259259259259,0.5487012987012987,0.6721543411098757,0.6471054718477399,0.6915254237288135,0.6080476900149031,0.6602800339580643,0.8775607432110529,0.830477908025248,0.9303030303030303,0.9356802743525549
SGD,0.7031196302087039,0.7266635586818998,0.6942354852190918,0.7592686642965972,0.7521773144201885,"{'alpha': 0.0001, 'penalty': 'l2', 'loss': 'log_loss', 'class_weight': 'balanced'}","['mfcc_6', 'mfcc_3', 'mfcc_11', 'wav_detail_lvl3_std']",0.6156521739130435,0.6629213483146067,0.5746753246753247,0.6480403158595127,0.6221470836855453,0.71875,0.5484351713859911,0.6974500938889132,0.8715596330275229,0.7983193277310925,0.9595959595959596,0.9110415335121395
SGD,0.7030911846945064,0.7044277828654608,0.702403425354245,0.7592686642965972,0.7306158896127833,"{'alpha': 0.001, 'penalty': 'l2', 'loss': 'log_loss', 'class_weight': 'balanced'}","['mfcc_5', 'wav_detail_lvl5_std', 'mfcc_8']",0.564935064935065,0.564935064935065,0.564935064935065,0.6629863271054407,0.6651305683563749,0.6862123613312203,0.6453055141579732,0.6116797394428346,0.8792079207920792,0.8621359223300971,0.896969696969697,0.9171816022900751
SGD,0.7030533936576423,0.7018770051490558,0.7077405593799037,0.7582529202640934,0.7017135806002921,"{'alpha': 0.001, 'penalty': 'l2', 'loss': 'log_loss', 'class_weight': 'balanced'}","['mfcc_5', 'mfcc_10', 'wav_detail_lvl3_std']",0.5736196319018405,0.5436046511627907,0.6071428571428571,0.6137031526992175,0.6523468575974543,0.6996587030716723,0.6110283159463488,0.6663618795383847,0.8831936914736324,0.8623676612127045,0.9050505050505051,0.8250757095632743
SGD,0.7028371764855583,0.7056400705758604,0.7011942216860249,0.7597765363128491,0.7394608740882971,"{'alpha': 0.001, 'penalty': 'elasticnet', 'loss': 'log_loss', 'class_weight': 'balanced'}","['mfcc_5', 'mfcc_11', 'wav_detail_lvl5_std', 'mfcc_8', 'wav_detail_lvl3_std', 'zcr_mean']",0.5662847790507365,0.570957095709571,0.5616883116883117,0.6671026848647934,0.6630518977536793,0.6903225806451613,0.6378539493293591,0.6391381661509197,0.8791748526522594,0.8556405353728489,0.9040404040404041,0.912141771249178
SGD,0.7027509907294757,0.7150215477912608,0.7189293402408157,0.7623158963941087,0.7674166132642753,"{'alpha': 0.001, 'penalty': 'l2', 'loss': 'log_loss', 'class_weight': 'balanced'}","['mfcc_6', 'mfcc_3', 'mfcc_5', 'mfcc_11', 'mfcc_10']",0.6171428571428571,0.5510204081632653,0.7012987012987013,0.6500962464002997,0.5942028985507246,0.7575057736720554,0.488822652757079,0.7318227330583198,0.8969072164948454,0.8365384615384616,0.9666666666666667,0.9203308603342067
SGD,0.7026262398636948,0.7047976574382852,0.7015474810556778,0.760792280345353,0.7422639071925863,"{'alpha': 0.001, 'penalty': 'l2', 'loss': 'log_loss', 'class_weight': 'balanced'}","['mfcc_5', 'wav_detail_lvl5_std', 'mfcc_8', 'zcr_mean']",0.5635179153094463,0.565359477124183,0.5616883116883117,0.6718303619183944,0.6599535243996901,0.6870967741935484,0.6348733233979136,0.6393798248552738,0.8844072798819479,0.8619367209971237,0.908080808080808,0.915581534804091
SGD,0.7026074697439867,0.7144332504061127,0.6946455184160102,0.765871000507872,0.7616468303889218,"{'alpha': 0.001, 'penalty': 'l2', 'loss': 'log_loss', 'class_weight': 'balanced'}","['mfcc_5', 'wav_detail_lvl5_std', 'mfcc_8', 'mfcc_10', 'spec_centroid']",0.5444839857651246,0.6023622047244095,0.4967532467532468,0.6524821151396153,0.680119581464873,0.6821589205397302,0.6780923994038748,0.7167328252611016,0.8832188420019627,0.8587786259541985,0.9090909090909091,0.9157255507660486
SGD,0.7025383418382513,0.7427215556055454,0.6850937162412573,0.7704418486541391,0.7628786181073389,"{'alpha': 0.0001, 'penalty': 'l2', 'loss': 'log_loss', 'class_weight': 'balanced'}","['mfcc_6', 'mfcc_3', 'mfcc_11', 'wav_detail_lvl5_std', 'mfcc_10', 'spec_centroid']",0.5680933852140078,0.7087378640776699,0.474025974025974,0.6554252233067003,0.6549239391513211,0.7076124567474048,0.6095380029806259,0.7104426687662486,0.8845977011494253,0.8118143459915612,0.9717171717171718,0.9227679622490681
SGD,0.7024827176473156,0.7074846908699833,0.6986740945757338,0.7623158963941087,0.7572310211244971,"{'alpha': 0.001, 'penalty': 'l2', 'loss': 'log_loss', 'class_weight': 'balanced'}","['mfcc_5', 'mfcc_8', 'mfcc_10', 'wav_detail_lvl3_std', 'spec_centroid']",0.5546218487394958,0.5749128919860628,0.5357142857142857,0.6327591019740554,0.6712538226299695,0.6891679748822606,0.65424739195231,0.720451432970862,0.8815724815724816,0.8583732057416268,0.906060606060606,0.918482528428574
SGD,0.7024278968972029,0.7038747482153439,0.7025426000835836,0.7587607922803453,0.7326830935479989,"{'alpha': 0.001, 'penalty': 'l2', 'loss': 'log_loss', 'class_weight': 'balanced'}","['mfcc_5', 'wav_detail_lvl5_std', 'mfcc_8', 'wav_detail_lvl3_std']",0.5682182985553772,0.5619047619047619,0.5746753246753247,0.6549305127283391,0.6598905394839718,0.694078947368421,0.6289120715350224,0.6251918497070752,0.8791748526522594,0.8556405353728489,0.9040404040404041,0.9179269182085824
SGD,0.7023643596068613,0.7184457307823022,0.7003232954052626,0.7567293042153377,0.7556914083484584,"{'alpha': 0.001, 'penalty': 'elasticnet', 'loss': 'log_loss', 'class_weight': 'balanced'}","['mfcc_6', 'mfcc_3', 'mfcc_11', 'zcr_mean', 'spec_centroid']",0.6229508196721312,0.6291390728476821,0.6168831168831169,0.6552097482412204,0.6116838487972509,0.7221095334685599,0.5305514157973175,0.7035705395722446,0.8724584103512015,0.8040885860306644,0.9535353535353536,0.9082939372319103
SGD,0.7022571748662222,0.7354475742326209,0.6870989362792641,0.7699339766378872,0.7534257688330412,"{'alpha': 0.0001, 'penalty': 'l2', 'loss': 'log_loss', 'class_weight': 'balanced'}","['mfcc_6', 'mfcc_3', 'mfcc_11', 'wav_detail_lvl5_std', 'mfcc_10', 'wav_detail_lvl3_std']",0.5681818181818182,0.6818181818181818,0.487012987012987,0.6489143221579468,0.6516492357200322,0.708041958041958,0.6035767511177347,0.6963026502673908,0.8869404706968159,0.816482582837723,0.9707070707070707,0.9150603340737861
SGD,0.7022237548553338,0.7287305595545087,0.6881965636063997,0.765871000507872,0.7552084630835313,"{'alpha': 0.001, 'penalty': 'l2', 'loss': 'log_loss', 'class_weight': 'balanced'}","['mfcc_6', 'mfcc_11', 'wav_detail_lvl5_std', 'spec_centroid']",0.5574387947269304,0.6636771300448431,0.4805194805194805,0.6509360609000593,0.674884437596302,0.6985645933014354,0.6527570789865872,0.7051464238016852,0.8743480322427691,0.8239499553172476,0.9313131313131313,0.9095429045488495
SGD,0.7022200875251626,0.7124527763799066,0.7126325708292921,0.7618080243778568,0.7622498962445826,"{'alpha': 0.001, 'penalty': 'l2', 'loss': 'log_loss', 'class_weight': 'balanced'}","['mfcc_6', 'mfcc_3', 'mfcc_5', 'mfcc_10', 'zcr_mean']",0.6083086053412463,0.5601092896174863,0.6655844155844156,0.6298262188977598,0.6047745358090185,0.7434782608695653,0.5096870342771982,0.7247440409644199,0.8935771214252227,0.8337707786526685,0.9626262626262626,0.9321794288715679
SGD,0.7021656384885749,0.7449169175487086,0.6842247612739416,0.7729812087353987,0.7655199681493204,"{'alpha': 0.001, 'penalty': 'l2', 'loss': 'log_loss', 'class_weight': 'balanced'}","['mfcc_6', 'mfcc_3', 'mfcc_11', 'wav_detail_lvl5_std', 'mfcc_10', 'zcr_mean', 'spec_centroid']",0.5555555555555556,0.7142857142857143,0.45454545454545453,0.6585983427216134,0.6619496855345912,0.7004991680532446,0.6274217585692996,0.7182407804836362,0.8889916743755781,0.8199658703071673,0.9707070707070707,0.9197207812427118
SGD,0.702153278882519,0.7138341080135149,0.6948150513724284,0.7633316404266125,0.7491567720049463,"{'alpha': 0.001, 'penalty': 'l2', 'loss': 'log_loss', 'class_weight': 'balanced'}","['mfcc_3', 'mfcc_5', 'wav_detail_lvl5_std', 'mfcc_10']",0.5669565217391305,0.6104868913857678,0.5292207792207793,0.6740901118078063,0.6557377049180327,0.6885245901639344,0.6259314456035767,0.6528947633280895,0.8837656099903939,0.8424908424908425,0.9292929292929293,0.9204854408789435
SGD,0.7021345248252322,0.7101765672316409,0.696451635795898,0.7673946165566278,0.7436856281857643,"{'alpha': 0.001, 'penalty': 'l2', 'loss': 'log_loss', 'class_weight': 'balanced'}","['mfcc_5', 'mfcc_10', 'wav_detail_lvl3_std', 'spec_centroid']",0.5370051635111877,0.5714285714285714,0.5064935064935064,0.6154547805117253,0.6830015313935681,0.7023622047244095,0.6646795827123696,0.7078329143951962,0.886396879570941,0.8567389255419415,0.9181818181818182,0.9077691896503716
SGD,0.702125575862728,0.7237316001219306,0.6901643286889189,0.7643473844591163,0.7583525865657587,"{'alpha': 0.001, 'penalty': 'l2', 'loss': 'log_loss', 'class_weight': 'balanced'}","['mfcc_6', 'mfcc_11', 'mfcc_8', 'wav_detail_lvl3_std', 'spec_centroid']",0.5646630236794171,0.6431535269709544,0.5032467532467533,0.6293584527864134,0.6677165354330709,0.7078464106844741,0.6318926974664679,0.7327539302556629,0.8739971684756961,0.8201948627103631,0.9353535353535354,0.9129453766551994
SGD,0.7020496814957639,0.7295501877924382,0.6885403606715083,0.7684103605891316,0.7558619930417182,"{'alpha': 0.001, 'penalty': 'elasticnet', 'loss': 'log_loss', 'class_weight': 'balanced'}","['mfcc_6', 'mfcc_3', 'mfcc_11', 'wav_detail_lvl5_std', 'mfcc_8', 'zcr_mean']",0.5650557620817844,0.6608695652173913,0.4935064935064935,0.6554193564091769,0.6565495207667732,0.7074010327022375,0.6125186289120715,0.7038527504509887,0.8845437616387337,0.8203799654576857,0.9595959595959596,0.9083138722649893
SGD,0.7020304949846276,0.712536152413297,0.6963010274485685,0.7648552564753682,0.7461641344873492,"{'alpha': 0.001, 'penalty': 'elasticnet', 'loss': 'log_loss', 'class_weight': 'balanced'}","['mfcc_3', 'mfcc_5', 'mfcc_11', 'mfcc_10', 'wav_detail_lvl3_std', 'zcr_mean']",0.5665529010238908,0.5971223021582733,0.538961038961039,0.6514284193318514,0.6507557677008751,0.6979522184300341,0.6095380029806259,0.6617722404942025,0.8887828162291169,0.8425339366515837,0.9404040404040404,0.925291743635994
SGD,0.7018330364746924,0.7041306286790071,0.7007140097304032,0.7597765363128491,0.7387671933232225,"{'alpha': 0.001, 'penalty': 'l2', 'loss': 'log_loss', 'class_weight': 'balanced'}","['mfcc_5', 'wav_detail_lvl5_std', 'mfcc_8', 'mfcc_10', 'zcr_mean']",0.5635179153094463,0.565359477124183,0.5616883116883117,0.6626990243587592,0.6594259115593484,0.6877022653721683,0.6333830104321908,0.639159722595505,0.8825552825552826,0.8593301435406698,0.907070707070707,0.9144428330154032
SGD,0.7018238081314007,0.7332721235852264,0.687346927510862,0.770949720670391,0.7569690445984972,"{'alpha': 0.0001, 'penalty': 'l2', 'loss': 'log_loss', 'class_weight': 'balanced'}","['mfcc_6', 'mfcc_3', 'mfcc_11', 'wav_detail_lvl5_std', 'mfcc_10', 'wav_detail_lvl3_std', 'zcr_mean']",0.5622641509433962,0.6711711711711712,0.4837662337662338,0.6499560293130848,0.6532905296950241,0.7078260869565217,0.6065573770491803,0.7006598400138293,0.8899167437557817,0.8208191126279863,0.9717171717171718,0.9202912644685777
SGD,0.7018215022605659,0.7125687698131302,0.69438096815146,0.7643473844591163,0.7610447567907896,"{'alpha': 0.001, 'penalty': 'l2', 'loss': 'log_loss', 'class_weight': 'balanced'}","['mfcc_5', 'wav_detail_lvl5_std', 'mfcc_8', 'mfcc_10', 'wav_detail_lvl3_std', 'spec_centroid']",0.5441696113074205,0.5968992248062015,0.5,0.6518951053006489,0.6811377245508982,0.6842105263157895,0.6780923994038748,0.7150441220654269,0.8801571709233792,0.8565965583173997,0.9050505050505051,0.9161950430062934
SGD,0.7017966366907697,0.7234746742447529,0.6898433988597924,0.765871000507872,0.7556252534891525,"{'alpha': 0.001, 'penalty': 'l2', 'loss': 'log_loss', 'class_weight': 'balanced'}","['mfcc_6', 'mfcc_11', 'wav_detail_lvl5_std', 'mfcc_8', 'wav_detail_lvl3_std']",0.5604395604395604,0.6428571428571429,0.4967532467532468,0.6467625261620646,0.6651017214397497,0.700164744645799,0.6333830104321908,0.7106519675583853,0.879848628192999,0.8274021352313167,0.9393939393939394,0.9094612667470077
SGD,0.7017832838715664,0.7261904170040294,0.6889902144000505,0.7704418486541391,0.7533180607422137,"{'alpha': 0.001, 'penalty': 'l2', 'loss': 'log_loss', 'class_weight': 'balanced'}","['mfcc_6', 'mfcc_11', 'wav_detail_lvl5_std', 'mfcc_10', 'spec_centroid']",0.5430711610486891,0.6415929203539823,0.4707792207792208,0.6350425755182839,0.6769706336939721,0.7030497592295345,0.6527570789865872,0.7086974516686814,0.885308056872038,0.8339285714285715,0.9434343434343434,0.916214155039676
SGD,0.7016569541582696,0.7396517853755818,0.6847440052358085,0.770949720670391,0.7558215506704666,"{'alpha': 0.0001, 'penalty': 'l2', 'loss': 'log_loss', 'class_weight': 'balanced'}","['mfcc_6', 'mfcc_11', 'wav_detail_lvl5_std', 'mfcc_8', 'mfcc_10', 'wav_detail_lvl3_std', 'zcr_mean', 'spec_centroid']",0.5518590998043053,0.6945812807881774,0.4577922077922078,0.64213594535758,0.6703210649960846,0.7062706270627063,0.6378539493293591,0.7018056864093267,0.8827906976744186,0.8181034482758621,0.9585858585858585,0.9235230202444931
SGD,0.7016469088231028,0.7320630649820439,0.6870500477057854,0.7668867445403759,0.7533841867511164,"{'alpha': 0.001, 'penalty': 'l2', 'loss': 'log_loss', 'class_weight': 'balanced'}","['mfcc_6', 'mfcc_3', 'mfcc_11', 'wav_detail_lvl5_std', 'mfcc_8']",0.5703564727954972,0.6755555555555556,0.4935064935064935,0.6568829756615763,0.6533226581265013,0.7058823529411765,0.6080476900149031,0.6977420075346119,0.8812615955473099,0.8147512864493996,0.9595959595959596,0.9055275770571611
SGD,0.701630999255182,0.7288284123581219,0.689161324407226,0.7648552564753682,0.7528659203292464,"{'alpha': 0.0001, 'penalty': 'elasticnet', 'loss': 'log_loss', 'class_weight': 'balanced'}","['mfcc_6', 'mfcc_11', 'wav_detail_lvl3_std', 'spec_centroid']",0.5760869565217391,0.6516393442622951,0.5162337662337663,0.6326515905763379,0.6540362438220758,0.7311233885819521,0.5916542473919523,0.7131603730451075,0.8747697974217311,0.8037225042301185,0.9595959595959596,0.9127857973662936
SGD,0.7016121198263322,0.704076595462631,0.7001998911834978,0.760284408329101,0.7336354184503379,"{'alpha': 0.001, 'penalty': 'elasticnet', 'loss': 'log_loss', 'class_weight': 'balanced'}","['mfcc_5', 'wav_detail_lvl5_std', 'mfcc_8', 'mfcc_10']",0.5588235294117647,0.5625,0.5551948051948052,0.6570024738904074,0.6635730858468677,0.6897106109324759,0.639344262295082,0.6268570906211741,0.882439744220364,0.8600191754554171,0.906060606060606,0.917046690839432
SGD,0.7015562990253369,0.7038701627392155,0.7002720412556478,0.7592686642965972,0.7319546197154069,"{'alpha': 0.001, 'penalty': 'l2', 'loss': 'log_loss', 'class_weight': 'balanced'}","['mfcc_5', 'wav_detail_lvl5_std', 'mfcc_8', 'mfcc_10', 'wav_detail_lvl3_std']",0.5611745513866232,0.5639344262295082,0.5584415584415584,0.6495880980970233,0.6635730858468677,0.6897106109324759,0.639344262295082,0.6279681114264991,0.8799212598425197,0.8579654510556622,0.9030303030303031,0.9183076496226981
SGD,0.7015216567892454,0.7051932725442286,0.698746244647884,0.7613001523616049,0.7467213720580584,"{'alpha': 0.001, 'penalty': 'l2', 'loss': 'log_loss', 'class_weight': 'balanced'}","['mfcc_5', 'wav_detail_lvl5_std', 'mfcc_10', 'wav_detail_lvl3_std', 'zcr_mean']",0.5514950166112956,0.564625850340136,0.538961038961039,0.6388292347894668,0.6722817764165391,0.6913385826771653,0.65424739195231,0.6989831488029027,0.8807881773399014,0.8596153846153847,0.9030303030303031,0.9023517325818058
SGD,0.7015088480317573,0.7355973539220195,0.6859993376386818,0.7704418486541391,0.7576059097403176,"{'alpha': 0.001, 'penalty': 'l2', 'loss': 'log_loss', 'class_weight': 'balanced'}","['mfcc_6', 'mfcc_3', 'mfcc_10', 'wav_detail_lvl3_std', 'zcr_mean', 'spec_centroid']",0.5621414913957935,0.6837209302325581,0.4772727272727273,0.6432666211559457,0.6539074960127592,0.7032590051457976,0.6110283159463488,0.7059406798131282,0.8884775566867191,0.8198121263877028,0.9696969696969697,0.9236104282518788
SGD,0.7012885571164533,0.727782418737648,0.688116922543152,0.7729812087353987,0.7503097661999818,"{'alpha': 0.001, 'penalty': 'l2', 'loss': 'log_loss', 'class_weight': 'balanced'}","['mfcc_6', 'wav_detail_lvl5_std', 'mfcc_10', 'wav_detail_lvl3_std', 'zcr_mean', 'spec_centroid']",0.5358490566037736,0.6396396396396397,0.461038961038961,0.6307718175754655,0.6791277258566978,0.7112561174551386,0.6497764530551415,0.6954173841905247,0.8888888888888888,0.8324514991181657,0.9535353535353536,0.9247400968339551
SGD,0.7011875077247204,0.722377321277361,0.6896990987154922,0.7679024885728797,0.7533179886532336,"{'alpha': 0.001, 'penalty': 'l2', 'loss': 'log_loss', 'class_weight': 'balanced'}","['mfcc_6', 'mfcc_11', 'wav_detail_lvl5_std', 'mfcc_10', 'zcr_mean']",0.5521023765996343,0.6317991631799164,0.4902597402597403,0.6402011301822766,0.6671899529042387,0.7048092868988391,0.6333830104321908,0.70774691983444,0.8842701936702881,0.8305235137533274,0.9454545454545454,0.9120059159429843
SGD,0.7011485802611276,0.7030949599689706,0.7004660184988053,0.7587607922803453,0.7402741305257433,"{'alpha': 0.001, 'penalty': 'l2', 'loss': 'log_loss', 'class_weight': 'balanced'}","['mfcc_5', 'wav_detail_lvl5_std', 'mfcc_8', 'mfcc_10', 'wav_detail_lvl3_std', 'zcr_mean']",0.5640194489465153,0.5631067961165048,0.564935064935065,0.6596960949701554,0.6578538102643857,0.6878048780487804,0.6304023845007451,0.6444167664520946,0.8815724815724816,0.8583732057416268,0.906060606060606,0.9167095301549798
SGD,0.7011212601545308,0.7120665846533057,0.6952345468738912,0.766378872524124,0.7719257556011186,"{'alpha': 0.001, 'penalty': 'l2', 'loss': 'log_loss', 'class_weight': 'balanced'}","['mfcc_3', 'mfcc_5', 'mfcc_8', 'wav_detail_lvl3_std', 'zcr_mean', 'spec_centroid']",0.5582191780821918,0.5905797101449275,0.5292207792207793,0.6660866004122964,0.6528662420382165,0.7008547008547008,0.6110283159463488,0.7101953126772222,0.892278360343184,0.8447653429602888,0.9454545454545454,0.9394953537138372
SGD,0.7011146621699663,0.7191329036190526,0.6912059707141675,0.7699339766378872,0.745079316623524,"{'alpha': 0.001, 'penalty': 'l2', 'loss': 'log_loss', 'class_weight': 'balanced'}","['mfcc_6', 'mfcc_11', 'wav_detail_lvl5_std', 'mfcc_10', 'wav_detail_lvl3_std']",0.5431654676258992,0.6088709677419355,0.4902597402597403,0.6304439637620953,0.6713947990543735,0.7123745819397993,0.6348733233979136,0.6970643163405501,0.8887837198296261,0.8361531611754229,0.9484848484848485,0.9077296697679269
SGD,0.7010117729517623,0.7119298105840884,0.7151684684471569,0.7613001523616049,0.7688321816778677,"{'alpha': 0.001, 'penalty': 'l2', 'loss': 'log_loss', 'class_weight': 'balanced'}","['mfcc_6', 'mfcc_3', 'mfcc_5', 'mfcc_8']",0.6107091172214182,0.5509138381201044,0.685064935064935,0.6258919637402838,0.5955156950672645,0.7477477477477478,0.4947839046199702,0.7360725198115932,0.8968105065666041,0.8371278458844134,0.9656565656565657,0.9445320614817261
SGD,0.7010042269567505,0.7104970332376644,0.7149760682547567,0.7587607922803453,0.758925870684282,"{'alpha': 0.001, 'penalty': 'l2', 'loss': 'log_loss', 'class_weight': 'balanced'}","['mfcc_6', 'mfcc_3', 'mfcc_5', 'mfcc_8', 'mfcc_10', 'zcr_mean']",0.6191860465116279,0.5605263157894737,0.6915584415584416,0.6203274922727487,0.592328278322926,0.7377777777777778,0.4947839046199702,0.7152133963029603,0.8914983560356975,0.8331870061457419,0.9585858585858585,0.9412367234771367
SGD,0.7009476385621354,0.7339093157017685,0.6850038243480867,0.765871000507872,0.7548943417066273,"{'alpha': 0.001, 'penalty': 'l2', 'loss': 'log_loss', 'class_weight': 'balanced'}","['mfcc_6', 'mfcc_11', 'wav_detail_lvl5_std', 'zcr_mean', 'spec_centroid']",0.5503875968992248,0.6826923076923077,0.461038961038961,0.6481161523093962,0.6824789594491201,0.7012578616352201,0.6646795827123696,0.706337371990005,0.8699763593380615,0.8177777777777778,0.9292929292929293,0.910229500820481
SGD,0.7005594012051004,0.7061864561800494,0.7108796789124657,0.7633316404266125,0.7579191826415091,"{'alpha': 0.001, 'penalty': 'l2', 'loss': 'log_loss', 'class_weight': 'balanced'}","['mfcc_3', 'mfcc_5', 'mfcc_10', 'zcr_mean', 'spec_centroid']",0.5760233918128655,0.523936170212766,0.6396103896103896,0.6464102469045575,0.6236003445305771,0.7387755102040816,0.5394932935916542,0.7017175286256537,0.9020544672718586,0.8558476881233001,0.9535353535353536,0.925629772394316
SGD,0.7005183317323086,0.7119026253097278,0.693396099953477,0.7623158963941087,0.7506637212786477,"{'alpha': 0.001, 'penalty': 'elasticnet', 'loss': 'log_loss', 'class_weight': 'balanced'}","['mfcc_3', 'mfcc_5', 'wav_detail_lvl5_std', 'mfcc_10', 'wav_detail_lvl3_std']",0.5625,0.6044776119402985,0.525974025974026,0.6712496619462995,0.65625,0.6896551724137931,0.6259314456035767,0.6548892186473366,0.882804995196926,0.8415750915750916,0.9282828282828283,0.9258522832423067
SGD,0.7004996269751391,0.7141990162933959,0.6923485439878881,0.7597765363128491,0.7534002438116142,"{'alpha': 0.001, 'penalty': 'l2', 'loss': 'log_loss', 'class_weight': 'balanced'}","['mfcc_3', 'mfcc_5', 'wav_detail_lvl5_std', 'mfcc_8']",0.5769230769230769,0.625,0.5357142857142857,0.6894961193236048,0.6461780929866037,0.68561872909699,0.6110283159463488,0.635170145668431,0.8783977110157367,0.8319783197831978,0.9303030303030303,0.9355344664428067
SGD,0.7004869068257688,0.7040707035636041,0.6979293323555619,0.760792280345353,0.7426158737470642,"{'alpha': 0.001, 'penalty': 'elasticnet', 'loss': 'log_loss', 'class_weight': 'balanced'}","['mfcc_5', 'mfcc_11', 'wav_detail_lvl5_std', 'mfcc_10', 'wav_detail_lvl3_std', 'zcr_mean']",0.5496688741721855,0.5608108108108109,0.538961038961039,0.6454372928123749,0.6707692307692308,0.6931637519872814,0.6497764530551415,0.6936408892046905,0.8810226155358899,0.8582375478927203,0.9050505050505051,0.8887694392241271
SGD,0.7003706097142928,0.7101253854217663,0.7107176369471452,0.7587607922803453,0.7635687784963086,"{'alpha': 0.001, 'penalty': 'l2', 'loss': 'log_loss', 'class_weight': 'balanced'}","['mfcc_6', 'mfcc_3', 'mfcc_5', 'mfcc_8', 'zcr_mean']",0.6140089418777943,0.5674931129476584,0.6688311688311688,0.62334553591589,0.5971731448763251,0.7331887201735358,0.503725782414307,0.7257888613705157,0.8899297423887588,0.8296943231441049,0.9595959595959596,0.9415719382025198
SGD,0.7003405120709486,0.7182756802431647,0.6902861558599263,0.7648552564753682,0.7587649796337038,"{'alpha': 0.001, 'penalty': 'l2', 'loss': 'log_loss', 'class_weight': 'balanced'}","['mfcc_6', 'mfcc_11', 'wav_detail_lvl5_std', 'mfcc_8', 'wav_detail_lvl3_std', 'zcr_mean']",0.5591397849462365,0.624,0.5064935064935064,0.6499275801142098,0.6593059936908517,0.7001675041876047,0.6229508196721312,0.7148816992227414,0.8825757575757576,0.8306595365418895,0.9414141414141414,0.9114856595641606
SGD,0.7002915512204005,0.7251720778414265,0.6868714467075123,0.7628237684103606,0.757596198421158,"{'alpha': 0.0001, 'penalty': 'elasticnet', 'loss': 'log_loss', 'class_weight': 'balanced'}","['mfcc_3', 'mfcc_5', 'mfcc_8', 'wav_detail_lvl3_std']",0.555765595463138,0.665158371040724,0.4772727272727273,0.6679675742745232,0.668661181750187,0.6711711711711712,0.6661698956780924,0.6677018797022233,0.8764478764478765,0.8391866913123844,0.9171717171717172,0.9371191412867271
SGD,0.7002575113411941,0.7098634782557051,0.6936787863017372,0.7623158963941087,0.7267004835453138,"{'alpha': 0.0001, 'penalty': 'l2', 'loss': 'log_loss', 'class_weight': 'balanced'}","['mfcc_5', 'wav_detail_lvl3_std', 'zcr_mean']",0.5335689045936396,0.5852713178294574,0.4902597402597403,0.6147105498785662,0.6945668135095447,0.6845151953690304,0.7049180327868853,0.6601632408014828,0.872636815920398,0.8598039215686275,0.8858585858585859,0.9052276599558924
SGD,0.700242138521916,0.7126522448945507,0.6929490060637601,0.7633316404266125,0.7717348095856797,"{'alpha': 0.001, 'penalty': 'elasticnet', 'loss': 'log_loss', 'class_weight': 'balanced'}","['mfcc_3', 'mfcc_5', 'mfcc_8', 'mfcc_10', 'wav_detail_lvl3_std', 'zcr_mean', 'spec_centroid']",0.5634782608695652,0.6067415730337079,0.525974025974026,0.665309957797105,0.6509062253743105,0.6906354515050167,0.6154992548435171,0.709083644697012,0.8863419293218721,0.8405797101449275,0.9373737373737374,0.940810826262922
SGD,0.7000565530597083,0.7023531713900134,0.6986922306594439,0.7597765363128491,0.7295397295907797,"{'alpha': 0.001, 'penalty': 'l2', 'loss': 'log_loss', 'class_weight': 'balanced'}","['mfcc_5', 'mfcc_11', 'wav_detail_lvl5_std', 'mfcc_8']",0.5522875816993464,0.555921052631579,0.5487012987012987,0.6568198511107936,0.6651234567901234,0.6896,0.6423248882265276,0.6201845402938453,0.8827586206896552,0.8615384615384616,0.9050505050505051,0.9116147973677007
SGD,0.7000413129350785,0.7285637400699536,0.6860931721587459,0.7684103605891316,0.7669170156685027,"{'alpha': 0.001, 'penalty': 'l2', 'loss': 'log_loss', 'class_weight': 'balanced'}","['mfcc_6', 'mfcc_3', 'mfcc_11', 'wav_detail_lvl5_std', 'mfcc_8', 'zcr_mean', 'spec_centroid']",0.5536723163841808,0.6591928251121076,0.4772727272727273,0.6594323541942188,0.6614048934490924,0.7030201342281879,0.624441132637854,0.7285790299079714,0.8850467289719626,0.8234782608695652,0.9565656565656566,0.912739662903318
SGD,0.7000237494548914,0.7283563150067024,0.6861471861471862,0.7699339766378872,0.7533514700620527,"{'alpha': 0.001, 'penalty': 'elasticnet', 'loss': 'log_loss', 'class_weight': 'balanced'}","['mfcc_6', 'mfcc_11', 'mfcc_10', 'wav_detail_lvl3_std', 'zcr_mean', 'spec_centroid']",0.5454545454545454,0.6545454545454545,0.4675324675324675,0.6297914997492136,0.6677091477716967,0.7023026315789473,0.6363636363636364,0.711216639162508,0.8869075551384327,0.8282208588957055,0.9545454545454546,0.9190462712744365
SGD,0.7000123315741954,0.740952858940091,0.6826630867614475,0.770949720670391,0.7663488985554846,"{'alpha': 0.001, 'penalty': 'elasticnet', 'loss': 'log_loss', 'class_weight': 'balanced'}","['mfcc_6', 'mfcc_3', 'mfcc_11', 'wav_detail_lvl5_std', 'mfcc_10', 'wav_detail_lvl3_std', 'zcr_mean', 'spec_centroid']",0.5551181102362205,0.705,0.4577922077922078,0.6614250999907831,0.6566455696202531,0.6998313659359191,0.6184798807749627,0.7175201763565247,0.8882733148661126,0.8180272108843537,0.9717171717171718,0.9201014193191462
SGD,0.6997191975040642,0.7293348259979459,0.6855597347400626,0.7653631284916201,0.7510176824124425,"{'alpha': 0.001, 'penalty': 'l2', 'loss': 'log_loss', 'class_weight': 'balanced'}","['mfcc_6', 'mfcc_3', 'mfcc_11', 'wav_detail_lvl5_std']",0.5682242990654206,0.6696035242290749,0.4935064935064935,0.6585966054010837,0.6500802568218299,0.7043478260869566,0.6035767511177347,0.6887867822875422,0.8808530366249421,0.8140531276778064,0.9595959595959596,0.9056696595487013
SGD,0.6996530066410633,0.7349893955584452,0.6836077401651172,0.7689182326053834,0.7608359912988366,"{'alpha': 0.001, 'penalty': 'l2', 'loss': 'log_loss', 'class_weight': 'balanced'}","['mfcc_6', 'mfcc_3', 'wav_detail_lvl5_std', 'wav_detail_lvl3_std', 'zcr_mean', 'spec_centroid']",0.5531914893617021,0.6842105263157895,0.4642857142857143,0.660849619461241,0.6619385342789598,0.7023411371237458,0.6259314456035767,0.705499432815474,0.8838289962825279,0.8184165232358004,0.9606060606060606,0.9161589216197952
SGD,0.6995938373651431,0.7215445221469317,0.6891621129326048,0.7633316404266125,0.7561647705991423,"{'alpha': 0.001, 'penalty': 'elasticnet', 'loss': 'log_loss', 'class_weight': 'balanced'}","['mfcc_6', 'mfcc_3', 'mfcc_11', 'mfcc_8', 'wav_detail_lvl3_std', 'zcr_mean']",0.575,0.6388888888888888,0.5227272727272727,0.64064856015327,0.6427406199021207,0.7099099099099099,0.587183308494784,0.7174976274546715,0.8810408921933085,0.8158347676419966,0.9575757575757575,0.9103481241894856
SGD,0.6995917851139614,0.7015037332374794,0.6984990419416649,0.7587607922803453,0.7345452202419499,"{'alpha': 0.001, 'penalty': 'l2', 'loss': 'log_loss', 'class_weight': 'balanced'}","['mfcc_5', 'mfcc_10', 'wav_detail_lvl3_std', 'zcr_mean']",0.5504885993485342,0.5522875816993464,0.5487012987012987,0.6185862441128485,0.6687211093990755,0.6921850079744817,0.646795827123696,0.6804156680001474,0.8795656465942744,0.86003861003861,0.9,0.9046337486128541
SGD,0.6995588183730113,0.726004759066215,0.6855873331283168,0.7613001523616049,0.7537398624020663,"{'alpha': 0.0001, 'penalty': 'elasticnet', 'loss': 'log_loss', 'class_weight': 'balanced'}","['mfcc_6', 'mfcc_8', 'wav_detail_lvl3_std']",0.5671641791044776,0.6666666666666666,0.4935064935064935,0.6226177699084527,0.6609240407204385,0.6963696369636964,0.6289120715350224,0.7196333236724433,0.8705882352941177,0.8149779735682819,0.9343434343434344,0.9189684936253029
SGD,0.6995187238653932,0.7040875871207911,0.6960128214226575,0.760792280345353,0.7584503386420636,"{'alpha': 0.001, 'penalty': 'l2', 'loss': 'log_loss', 'class_weight': 'balanced'}","['mfcc_5', 'mfcc_11', 'mfcc_8', 'wav_detail_lvl3_std', 'spec_centroid']",0.5469798657718121,0.5659722222222222,0.5292207792207793,0.6392115616156208,0.6687022900763359,0.6854460093896714,0.6527570789865872,0.7190237368076178,0.8828740157480315,0.8608445297504799,0.906060606060606,0.9171157175029518
SGD,0.6994869932526706,0.72743499636115,0.6857221709680726,0.760792280345353,0.7527470634723651,"{'alpha': 0.001, 'penalty': 'l2', 'loss': 'log_loss', 'class_weight': 'balanced'}","['mfcc_6', 'mfcc_3', 'mfcc_11', 'wav_detail_lvl3_std', 'zcr_mean']",0.5841035120147874,0.6781115879828327,0.512987012987013,0.6479251607421317,0.6387771520514883,0.6940559440559441,0.5916542473919523,0.7013225552409896,0.8755803156917363,0.8101374570446735,0.9525252525252526,0.9089934744339742
SGD,0.699481678071309,0.7379625324261,0.6828405049716526,0.7699339766378872,0.7553913103935815,"{'alpha': 0.0001, 'penalty': 'l2', 'loss': 'log_loss', 'class_weight': 'balanced'}","['mfcc_6', 'mfcc_3', 'wav_detail_lvl5_std', 'mfcc_10', 'wav_detail_lvl3_std', 'zcr_mean', 'spec_centroid']",0.556420233463035,0.6941747572815534,0.4642857142857143,0.6478230380030897,0.6549800796812749,0.7037671232876712,0.6125186289120715,0.6953991222282089,0.8870447210696173,0.8159457167090755,0.9717171717171718,0.922951770949446
SGD,0.6994271391219069,0.7107177666279173,0.6924928441321884,0.7577450482478415,0.7603763592180982,"{'alpha': 0.001, 'penalty': 'l2', 'loss': 'log_loss', 'class_weight': 'balanced'}","['mfcc_3', 'mfcc_5', 'mfcc_11', 'wav_detail_lvl5_std', 'mfcc_8', 'zcr_mean']",0.5768566493955095,0.6162361623616236,0.5422077922077922,0.690046942516625,0.6441476826394344,0.6810631229235881,0.6110283159463488,0.6538964741635547,0.8772770853307766,0.8348540145985401,0.9242424242424242,0.9371856609741148
SGD,0.6993951914192689,0.711334483893685,0.6923635259700834,0.7633316404266125,0.7728036333287888,"{'alpha': 0.001, 'penalty': 'l2', 'loss': 'log_loss', 'class_weight': 'balanced'}","['mfcc_3', 'mfcc_5', 'mfcc_11', 'mfcc_8', 'wav_detail_lvl3_std', 'zcr_mean', 'spec_centroid']",0.5590277777777778,0.6007462686567164,0.5227272727272727,0.6650078473651002,0.6519685039370079,0.6911519198664441,0.61698956780924,0.7122941551006303,0.887189292543021,0.8421052631578947,0.9373737373737374,0.9411088975206356
SGD,0.6993847867153878,0.7010056907889726,0.6991357761849565,0.7572371762315896,0.7424997528492772,"{'alpha': 0.001, 'penalty': 'l2', 'loss': 'log_loss', 'class_weight': 'balanced'}","['mfcc_5', 'wav_detail_lvl5_std', 'mfcc_8', 'wav_detail_lvl3_std', 'zcr_mean']",0.5612903225806452,0.5576923076923077,0.564935064935065,0.6667893745943114,0.6562743569758379,0.6879084967320261,0.6274217585692996,0.6428024301416253,0.8805896805896806,0.8574162679425837,0.9050505050505051,0.9179074538118948
SGD,0.699365892816996,0.7015203978570751,0.6983728778810746,0.7582529202640934,0.7291636009561803,"{'alpha': 0.001, 'penalty': 'l2', 'loss': 'log_loss', 'class_weight': 'balanced'}","['mfcc_5', 'mfcc_11', 'wav_detail_lvl5_std', 'mfcc_8', 'wav_detail_lvl3_std']",0.5560975609756098,0.5570032573289903,0.5551948051948052,0.6504451637881069,0.660977501939488,0.6893203883495146,0.6348733233979136,0.6243945625256911,0.8810226155358899,0.8582375478927203,0.9050505050505051,0.9126510765547426
SGD,0.6993369567441627,0.7215902991436387,0.6889456627161546,0.766378872524124,0.751603871526398,"{'alpha': 0.001, 'penalty': 'l2', 'loss': 'log_loss', 'class_weight': 'balanced'}","['mfcc_6', 'mfcc_3', 'mfcc_10', 'wav_detail_lvl3_std', 'zcr_mean']",0.5673249551166966,0.6345381526104418,0.512987012987013,0.6368164355302434,0.6416938110749185,0.7073608617594255,0.587183308494784,0.6974637737448084,0.8889921040408733,0.822871883061049,0.9666666666666667,0.9205314053041422
SGD,0.6993334575467088,0.7203876082557924,0.6883298243953981,0.7684103605891316,0.7504631296022869,"{'alpha': 0.001, 'penalty': 'l2', 'loss': 'log_loss', 'class_weight': 'balanced'}","['mfcc_6', 'mfcc_11', 'mfcc_10', 'wav_detail_lvl3_std', 'spec_centroid']",0.546448087431694,0.6224066390041494,0.487012987012987,0.6216617636032075,0.6634996041171813,0.7077702702702703,0.624441132637854,0.7118164436312232,0.8880526810912511,0.8309859154929577,0.9535353535353536,0.9179111815724298
SGD,0.6992988607326707,0.7109317678771445,0.6920674346903856,0.7577450482478415,0.7598153125529331,"{'alpha': 0.001, 'penalty': 'elasticnet', 'loss': 'log_loss', 'class_weight': 'balanced'}","['mfcc_3', 'mfcc_5', 'mfcc_11', 'wav_detail_lvl5_std', 'mfcc_8', 'wav_detail_lvl3_std', 'zcr_mean']",0.5753899480069324,0.6171003717472119,0.538961038961039,0.6872832687168176,0.64576802507837,0.6809917355371901,0.6140089418777943,0.654803211663858,0.8767386091127098,0.8347031963470319,0.9232323232323232,0.9373594572781236
SGD,0.6992948568366214,0.7183599662060226,0.6891656612968088,0.7648552564753682,0.7467415341406367,"{'alpha': 0.001, 'penalty': 'l2', 'loss': 'log_loss', 'class_weight': 'balanced'}","['mfcc_6', 'mfcc_10', 'wav_detail_lvl3_std']",0.5591397849462365,0.624,0.5064935064935064,0.6155124611010838,0.6549800796812749,0.7037671232876712,0.6125186289120715,0.7032050704649182,0.8837647058823529,0.8273127753303965,0.9484848484848485,0.9215070708559083
SGD,0.6992937463083454,0.7143908193908194,0.6903441124752602,0.7587607922803453,0.7572940148009876,"{'alpha': 0.0001, 'penalty': 'elasticnet', 'loss': 'log_loss', 'class_weight': 'balanced'}","['mfcc_3', 'mfcc_5', 'mfcc_11', 'wav_detail_lvl5_std', 'mfcc_8', 'mfcc_10', 'wav_detail_lvl3_std', 'zcr_mean']",0.5749559082892416,0.6293436293436293,0.5292207792207793,0.6702642224090679,0.6467348544453186,0.685,0.6125186289120715,0.661926440045021,0.8761904761904762,0.8288288288288288,0.9292929292929293,0.939691381948874
SGD,0.6991776412448885,0.7125491155912114,0.6913550020107397,0.7587607922803453,0.7553119416946491,"{'alpha': 0.0001, 'penalty': 'elasticnet', 'loss': 'log_loss', 'class_weight': 'balanced'}","['mfcc_3', 'mfcc_5', 'wav_detail_lvl5_std', 'mfcc_8', 'mfcc_10', 'wav_detail_lvl3_std', 'zcr_mean']",0.5749128919860628,0.6203007518796992,0.5357142857142857,0.6713344418435226,0.6450592885375495,0.6868686868686869,0.6080476900149031,0.658960244605806,0.8775607432110529,0.830477908025248,0.9303030303030303,0.9356411386346184
SGD,0.6991501959576035,0.7242425855697845,0.6873500816123768,0.7648552564753682,0.7532787015867702,"{'alpha': 0.001, 'penalty': 'l2', 'loss': 'log_loss', 'class_weight': 'balanced'}","['mfcc_6', 'mfcc_3', 'mfcc_8', 'mfcc_10', 'wav_detail_lvl3_std', 'zcr_mean', 'spec_centroid']",0.5709090909090909,0.6487603305785123,0.5097402597402597,0.6369433166450599,0.6427990235964198,0.7078853046594982,0.5886736214605067,0.698563615355638,0.8837424733672997,0.8160821214713431,0.9636363636363636,0.9243291727596126
SGD,0.6991315361820164,0.7076523642033571,0.7097067474116655,0.7587607922803453,0.7709403511698608,"{'alpha': 0.001, 'penalty': 'l2', 'loss': 'log_loss', 'class_weight': 'balanced'}","['mfcc_6', 'mfcc_3', 'mfcc_5', 'mfcc_11', 'mfcc_8', 'mfcc_10']",0.6053412462908012,0.5573770491803278,0.6623376623376623,0.6405204582962709,0.5992970123022847,0.7301927194860813,0.5081967213114754,0.7400388361303629,0.8927563499529633,0.835387323943662,0.9585858585858585,0.9322617590829486
SGD,0.6991001351751492,0.7177744651843688,0.6891656612968088,0.7648552564753682,0.7474392205113877,"{'alpha': 0.001, 'penalty': 'l2', 'loss': 'log_loss', 'class_weight': 'balanced'}","['mfcc_6', 'mfcc_10', 'wav_detail_lvl3_std', 'zcr_mean']",0.5581395348837209,0.6215139442231076,0.5064935064935064,0.617209195952423,0.6549800796812749,0.7037671232876712,0.6125186289120715,0.7029760964274896,0.884180790960452,0.828042328042328,0.9484848484848485,0.9221323691542502
SGD,0.6990903790587315,0.7235107754334855,0.6879686797719584,0.765871000507872,0.7517949644692722,"{'alpha': 0.001, 'penalty': 'l2', 'loss': 'log_loss', 'class_weight': 'balanced'}","['mfcc_6', 'mfcc_3', 'mfcc_10', 'wav_detail_lvl3_std']",0.5714285714285714,0.6448979591836734,0.512987012987013,0.6349541836065287,0.6377759607522485,0.7065217391304348,0.5812220566318927,0.6964764217762397,0.8880666049953746,0.8191126279863481,0.9696969696969697,0.9239542880250479
SGD,0.6989943514872449,0.7118634626816404,0.6908255072189498,0.7648552564753682,0.743961553462453,"{'alpha': 0.001, 'penalty': 'l2', 'loss': 'log_loss', 'class_weight': 'balanced'}","['mfcc_5', 'mfcc_11', 'wav_detail_lvl3_std', 'zcr_mean', 'spec_centroid']",0.5380530973451327,0.5914396887159533,0.4935064935064935,0.6222470926512603,0.6779661016949152,0.7017543859649122,0.6557377049180327,0.7116776817567059,0.8809638554216868,0.8423963133640553,0.9232323232323232,0.8979598859793929
SGD,0.6988660397359553,0.7215990174143755,0.6876363163248409,0.7653631284916201,0.759213538282975,"{'alpha': 0.001, 'penalty': 'elasticnet', 'loss': 'log_loss', 'class_weight': 'balanced'}","['mfcc_6', 'mfcc_3', 'mfcc_11', 'wav_detail_lvl5_std', 'mfcc_8', 'wav_detail_lvl3_std', 'zcr_mean']",0.5615942028985508,0.6352459016393442,0.5032467532467533,0.6576049789337873,0.6510878323932313,0.7087719298245614,0.6020864381520119,0.7095196480046418,0.8839160839160839,0.8207792207792208,0.9575757575757575,0.9105159879104957
SGD,0.698790899946457,0.7227645930018739,0.6860293016030722,0.7618080243778568,0.7581597771159664,"{'alpha': 0.001, 'penalty': 'l2', 'loss': 'log_loss', 'class_weight': 'balanced'}","['mfcc_6', 'mfcc_11', 'mfcc_8', 'wav_detail_lvl3_std', 'zcr_mean', 'spec_centroid']",0.56353591160221,0.6510638297872341,0.4967532467532468,0.6322644785959363,0.6593059936908517,0.7001675041876047,0.6229508196721312,0.7287753241349252,0.8735307945463093,0.8170624450307827,0.9383838383838384,0.9134395286170378
SGD,0.6987445999009917,0.71757751456083,0.6878614403204567,0.7623158963941087,0.7527934507948263,"{'alpha': 0.001, 'penalty': 'elasticnet', 'loss': 'log_loss', 'class_weight': 'balanced'}","['mfcc_6', 'mfcc_11', 'wav_detail_lvl5_std', 'mfcc_8']",0.5507246376811594,0.6229508196721312,0.4935064935064935,0.6433911835127979,0.6734216679657054,0.7058823529411765,0.6438152011922503,0.708243319832964,0.8720874940561103,0.8238993710691824,0.9262626262626262,0.9067458490387168
SGD,0.6987175208369489,0.7106683333603092,0.6915127070864776,0.7633316404266125,0.7441126599640399,"{'alpha': 0.001, 'penalty': 'elasticnet', 'loss': 'log_loss', 'class_weight': 'balanced'}","['mfcc_3', 'mfcc_5', 'mfcc_11', 'wav_detail_lvl5_std', 'mfcc_10']",0.554006968641115,0.5977443609022557,0.5162337662337663,0.6734631946000288,0.6551724137931034,0.6909090909090909,0.6229508196721312,0.6518777782459713,0.8869731800766284,0.843351548269581,0.9353535353535354,0.90699700704612
SGD,0.6987163805799484,0.7127474888533126,0.6904328215803627,0.7582529202640934,0.7577306734684542,"{'alpha': 0.0001, 'penalty': 'elasticnet', 'loss': 'log_loss', 'class_weight': 'balanced'}","['mfcc_3', 'mfcc_5', 'mfcc_11', 'wav_detail_lvl5_std', 'mfcc_8', 'mfcc_10', 'zcr_mean']",0.574430823117338,0.623574144486692,0.5324675324675324,0.6708613081841681,0.6451104100946372,0.6850921273031826,0.6095380029806259,0.6624922879535418,0.8766079085278704,0.8295761947700632,0.9292929292929293,0.9398384242676528
SGD,0.6986734000050211,0.707778556260557,0.6973414866857489,0.7643473844591163,0.7470096768558437,"{'alpha': 0.0001, 'penalty': 'l2', 'loss': 'log_loss', 'class_weight': 'balanced'}","['mfcc_3', 'mfcc_5', 'mfcc_11', 'wav_detail_lvl5_std', 'mfcc_10', 'wav_detail_lvl3_std']",0.5635179153094463,0.565359477124183,0.5616883116883117,0.6660165934027309,0.6374172185430463,0.7169459962756052,0.5737704918032787,0.6582306004489645,0.8950850661625709,0.8410301953818827,0.9565656565656566,0.9167818367158361
SGD,0.6986719329832228,0.7034703165485485,0.6953003887430117,0.7618080243778568,0.7257192465613191,"{'alpha': 0.001, 'penalty': 'l2', 'loss': 'log_loss', 'class_weight': 'balanced'}","['mfcc_5', 'mfcc_11', 'wav_detail_lvl5_std', 'mfcc_10']",0.5418060200668896,0.5586206896551724,0.525974025974026,0.6427949538900118,0.669236700077101,0.6932907348242812,0.646795827123696,0.6696574552609762,0.8849730788056779,0.8584995251661919,0.9131313131313131,0.8647053305329692
SGD,0.6986715081094167,0.6988869537452286,0.7022571538964981,0.7567293042153377,0.7197271808881052,"{'alpha': 0.001, 'penalty': 'l2', 'loss': 'log_loss', 'class_weight': 'balanced'}","['mfcc_5', 'mfcc_11', 'wav_detail_lvl3_std']",0.558641975308642,0.5323529411764706,0.5876623376623377,0.6180125912664434,0.656,0.7081174438687392,0.6110283159463488,0.6689960042286017,0.8813725490196078,0.8561904761904762,0.908080808080808,0.8721729471692707
SGD,0.6986306130733851,0.7304053069910778,0.6837851583753224,0.7679024885728797,0.7674401576267439,"{'alpha': 0.001, 'penalty': 'elasticnet', 'loss': 'log_loss', 'class_weight': 'balanced'}","['mfcc_6', 'mfcc_3', 'mfcc_11', 'wav_detail_lvl5_std', 'mfcc_8', 'wav_detail_lvl3_std', 'zcr_mean', 'spec_centroid']",0.5523809523809524,0.6682027649769585,0.4707792207792208,0.6646128231438,0.659270998415214,0.7038917089678511,0.6199701937406855,0.7238513237594528,0.8842398884239888,0.8191214470284238,0.9606060606060606,0.9138563259769789
SGD,0.6985921094779212,0.7186864605006834,0.6878697198369329,0.7704418486541391,0.7466222280052534,"{'alpha': 0.001, 'penalty': 'l2', 'loss': 'log_loss', 'class_weight': 'balanced'}","['mfcc_6', 'wav_detail_lvl5_std', 'mfcc_10', 'wav_detail_lvl3_std', 'spec_centroid']",0.5311355311355311,0.6092436974789915,0.4707792207792208,0.6260643986936945,0.6739640344018765,0.7088815789473685,0.6423248882265276,0.6915913323727408,0.8906767628963559,0.8379341050756901,0.9505050505050505,0.9222109529493251
SGD,0.6985358521122483,0.7213212594037337,0.6876552409339295,0.7613001523616049,0.7533269160368289,"{'alpha': 0.0001, 'penalty': 'elasticnet', 'loss': 'log_loss', 'class_weight': 'balanced'}","['mfcc_6', 'mfcc_3', 'mfcc_8', 'wav_detail_lvl3_std']",0.5770609318996416,0.644,0.5227272727272727,0.6303663628341,0.6411092985318108,0.7081081081081081,0.5856929955290611,0.7108598545623763,0.8774373259052924,0.8118556701030928,0.9545454545454546,0.9187545307140104
SGD,0.6984098507427667,0.7101434051881622,0.6916187637499114,0.7618080243778568,0.7693856398201956,"{'alpha': 0.001, 'penalty': 'l2', 'loss': 'log_loss', 'class_weight': 'balanced'}","['mfcc_3', 'mfcc_5', 'mfcc_11', 'mfcc_8', 'wav_detail_lvl3_std', 'spec_centroid']",0.5605536332179931,0.6,0.525974025974026,0.6661312728610943,0.6492890995260664,0.6907563025210084,0.6125186289120715,0.7017326102522685,0.8853868194842407,0.8396739130434783,0.9363636363636364,0.940293036347224
SGD,0.6983599370790795,0.7262950638610685,0.6847984134869382,0.7633316404266125,0.7566160676698678,"{'alpha': 0.001, 'penalty': 'l2', 'loss': 'log_loss', 'class_weight': 'balanced'}","['mfcc_6', 'mfcc_3', 'mfcc_11', 'wav_detail_lvl5_std', 'mfcc_8', 'wav_detail_lvl3_std']",0.5677179962894249,0.6623376623376623,0.4967532467532468,0.6584774344962248,0.648995983935743,0.7038327526132404,0.6020864381520119,0.7032585136223126,0.8783658310120706,0.8127147766323024,0.9555555555555556,0.908112254891066
SGD,0.6982121414342503,0.7009115276304931,0.6964398079152178,0.7577450482478415,0.7252964610052164,"{'alpha': 0.001, 'penalty': 'l2', 'loss': 'log_loss', 'class_weight': 'balanced'}","['mfcc_5', 'mfcc_11', 'wav_detail_lvl5_std', 'mfcc_8', 'mfcc_10', 'wav_detail_lvl3_std']",0.5517241379310345,0.5581395348837209,0.5454545454545454,0.6440876591183456,0.662557781201849,0.6858054226475279,0.6408345752608048,0.6189695501548953,0.880354505169867,0.8587896253602305,0.9030303030303031,0.9128321737424085
SGD,0.698208760655715,0.7045624248956933,0.6933002941199663,0.760792280345353,0.7472298198669143,"{'alpha': 0.0001, 'penalty': 'l2', 'loss': 'log_loss', 'class_weight': 'balanced'}","['mfcc_5', 'mfcc_8', 'wav_detail_lvl3_std']",0.5385934819897084,0.5709090909090909,0.5097402597402597,0.6391054321264567,0.6741741741741741,0.6792738275340393,0.669150521609538,0.683986554458584,0.8818586258032625,0.8635043562439496,0.901010101010101,0.9185974730157022
SGD,0.698177893063967,0.7125493920366942,0.6948781334027235,0.7546978161503302,0.7513288327478967,"{'alpha': 0.001, 'penalty': 'elasticnet', 'loss': 'log_loss', 'class_weight': 'balanced'}","['mfcc_6', 'mfcc_3', 'zcr_mean', 'spec_centroid']",0.6079734219269103,0.6224489795918368,0.5941558441558441,0.6481268104026161,0.612141652613828,0.7048543689320388,0.5409836065573771,0.6928245744521125,0.8744186046511628,0.8103448275862069,0.9494949494949495,0.9130351133889618
SGD,0.6981631282078924,0.7196842688308044,0.686280841198874,0.7643473844591163,0.761271681091949,"{'alpha': 0.001, 'penalty': 'l2', 'loss': 'log_loss', 'class_weight': 'balanced'}","['mfcc_6', 'mfcc_11', 'wav_detail_lvl5_std', 'mfcc_8', 'spec_centroid']",0.5424354243542435,0.6282051282051282,0.4772727272727273,0.6433069691387169,0.6769945778466305,0.7048387096774194,0.6512667660208644,0.7298543901678504,0.8750593824228029,0.8260089686098655,0.9303030303030303,0.9106536839692799
SGD,0.697963878019236,0.7311042368860933,0.6827029072930713,0.7673946165566278,0.7542857931572252,"{'alpha': 0.001, 'penalty': 'l2', 'loss': 'log_loss', 'class_weight': 'balanced'}","['mfcc_6', 'mfcc_3', 'wav_detail_lvl5_std', 'wav_detail_lvl3_std', 'spec_centroid']",0.5517241379310345,0.6728971962616822,0.4675324675324675,0.6569387913543434,0.6587490102929533,0.7027027027027027,0.6199701937406855,0.6882432929115356,0.8834184858337204,0.8177128116938951,0.9606060606060606,0.9176752952057969
SGD,0.6979480773972133,0.708802317259197,0.7137668645865367,0.7592686642965972,0.7629737411309699,"{'alpha': 0.001, 'penalty': 'l2', 'loss': 'log_loss', 'class_weight': 'balanced'}","['mfcc_6', 'mfcc_3', 'mfcc_5', 'mfcc_8', 'mfcc_10']",0.6065808297567954,0.5421994884910486,0.6883116883116883,0.6225125474846515,0.5891891891891892,0.744874715261959,0.4873323397913562,0.7223692404896682,0.8980742132456553,0.839332748024583,0.9656565656565657,0.9440394354185901
SGD,0.697939823099689,0.7074257113363469,0.692598900795622,0.7562214321990859,0.7548491984452719,"{'alpha': 0.001, 'penalty': 'l2', 'loss': 'log_loss', 'class_weight': 'balanced'}","['mfcc_3', 'mfcc_5', 'wav_detail_lvl5_std', 'mfcc_8', 'wav_detail_lvl3_std']",0.5772495755517827,0.604982206405694,0.551948051948052,0.6881889656105292,0.6391752577319587,0.6830508474576271,0.6005961251862891,0.6393936255382138,0.8773946360153256,0.8342440801457195,0.9252525252525252,0.936965004187073
SGD,0.6979325255530912,0.7069664610406513,0.6970919184033937,0.766378872524124,0.7712639224198389,"{'alpha': 0.001, 'penalty': 'l2', 'loss': 'log_loss', 'class_weight': 'balanced'}","['mfcc_6', 'mfcc_3', 'mfcc_5', 'mfcc_8', 'mfcc_10', 'zcr_mean', 'spec_centroid']",0.5492730210016155,0.5466237942122186,0.551948051948052,0.6379016643131081,0.6461794019933554,0.7298311444652908,0.5797317436661699,0.7319592896502315,0.8983451536643026,0.8444444444444444,0.9595959595959596,0.9439308132961768
SGD,0.69785810529374,0.7245194969277402,0.6847984134869382,0.7633316404266125,0.7593430606069006,"{'alpha': 0.001, 'penalty': 'l2', 'loss': 'log_loss', 'class_weight': 'balanced'}","['mfcc_6', 'mfcc_3', 'mfcc_11', 'mfcc_8', 'wav_detail_lvl3_std', 'spec_centroid']",0.5656192236598891,0.6566523605150214,0.4967532467532468,0.6415455598924523,0.6479550922213312,0.7013888888888888,0.6020864381520119,0.7239671412568807,0.88,0.8155172413793104,0.9555555555555556,0.9125164806713686
SGD,0.6977184466683127,0.7185410020262286,0.6867342432916205,0.7668867445403759,0.7473279408131072,"{'alpha': 0.001, 'penalty': 'l2', 'loss': 'log_loss', 'class_weight': 'balanced'}","['mfcc_6', 'mfcc_10', 'wav_detail_lvl3_std', 'spec_centroid']",0.5437956204379562,0.6208333333333333,0.4837662337662338,0.6158576366867785,0.6624605678233438,0.7035175879396985,0.6259314456035767,0.7035133011300281,0.8868991517436381,0.8312720848056537,0.9505050505050505,0.9226128846225148
SGD,0.6976786912318729,0.7364377001041086,0.6805932076423881,0.766378872524124,0.7593302297583541,"{'alpha': 0.001, 'penalty': 'elasticnet', 'loss': 'log_loss', 'class_weight': 'balanced'}","['mfcc_6', 'mfcc_3', 'mfcc_11', 'wav_detail_lvl5_std', 'zcr_mean', 'spec_centroid']",0.5529411764705883,0.698019801980198,0.4577922077922078,0.6632763226551307,0.6603921568627451,0.6970198675496688,0.6274217585692996,0.704800617739891,0.8797027403622851,0.8142734307824592,0.9565656565656566,0.9099137488800405
SGD,0.6975937303910354,0.7177629188553527,0.6868951024688731,0.7653631284916201,0.744731464746828,"{'alpha': 0.001, 'penalty': 'elasticnet', 'loss': 'log_loss', 'class_weight': 'balanced'}","['mfcc_6', 'wav_detail_lvl5_std', 'mfcc_10', 'wav_detail_lvl3_std']",0.5471014492753623,0.6188524590163934,0.4902597402597403,0.6189764068037631,0.6624405705229794,0.7072758037225042,0.6229508196721312,0.6951756961936763,0.8832391713747646,0.8271604938271605,0.9474747474747475,0.9200422912430446
SGD,0.6974246093887357,0.7083684913918886,0.6909303810943155,0.7572371762315896,0.7590068191221894,"{'alpha': 0.001, 'penalty': 'l2', 'loss': 'log_loss', 'class_weight': 'balanced'}","['mfcc_3', 'mfcc_5', 'wav_detail_lvl5_std', 'mfcc_8', 'zcr_mean']",0.5714285714285714,0.608058608058608,0.538961038961039,0.6893354332257162,0.6419558359621451,0.6817420435510888,0.6065573770491803,0.6515643572573753,0.8788894207754907,0.835304822565969,0.9272727272727272,0.9361206668834763
SGD,0.6973819663211375,0.721843800295971,0.6860356098061017,0.7653631284916201,0.7505015637091409,"{'alpha': 0.001, 'penalty': 'elasticnet', 'loss': 'log_loss', 'class_weight': 'balanced'}","['mfcc_6', 'mfcc_3', 'mfcc_10', 'wav_detail_lvl3_std', 'spec_centroid']",0.5636363636363636,0.640495867768595,0.5032467532467533,0.6355283212326525,0.640650406504065,0.7048300536672629,0.587183308494784,0.6944418747344222,0.8878591288229842,0.8202054794520548,0.9676767676767677,0.9215344951603478
SGD,0.6973489726812642,0.7334492579990166,0.6805415592300837,0.760284408329101,0.7573427490825364,"{'alpha': 0.001, 'penalty': 'l2', 'loss': 'log_loss', 'class_weight': 'balanced'}","['mfcc_6', 'mfcc_3', 'mfcc_11', 'wav_detail_lvl3_std', 'zcr_mean', 'spec_centroid']",0.5769230769230769,0.7075471698113207,0.487012987012987,0.6502332572623714,0.640761300555115,0.6847457627118644,0.6020864381520119,0.7120067404679107,0.8743625405656004,0.8080548414738646,0.9525252525252526,0.9097882495173271
SGD,0.6973454206438738,0.7073178555982927,0.7083749280470591,0.760284408329101,0.7624060689781927,"{'alpha': 0.001, 'penalty': 'l2', 'loss': 'log_loss', 'class_weight': 'balanced'}","['mfcc_6', 'mfcc_3', 'mfcc_5', 'mfcc_8', 'spec_centroid']",0.5856515373352855,0.5333333333333333,0.6493506493506493,0.6101216314416721,0.6095406360424028,0.7483731019522777,0.5141579731743666,0.7321770469300692,0.8968440885539332,0.8402471315092674,0.9616161616161616,0.9449195285628365
SGD,0.6973335370628564,0.7135064261342059,0.6878405443979214,0.7618080243778568,0.7469111634316358,"{'alpha': 0.001, 'penalty': 'l2', 'loss': 'log_loss', 'class_weight': 'balanced'}","['mfcc_3', 'mfcc_11', 'wav_detail_lvl5_std', 'mfcc_10', 'wav_detail_lvl3_std', 'spec_centroid']",0.554561717352415,0.6175298804780877,0.5032467532467533,0.6606734651985634,0.6552262090483619,0.6873977086743044,0.6259314456035767,0.6733910747689391,0.8822126847877921,0.8355916892502259,0.9343434343434344,0.9066689503274051
SGD,0.6973284102818557,0.7290561729197046,0.6826670293883409,0.7633316404266125,0.7536715437779778,"{'alpha': 0.001, 'penalty': 'elasticnet', 'loss': 'log_loss', 'class_weight': 'balanced'}","['mfcc_6', 'mfcc_3', 'wav_detail_lvl5_std', 'wav_detail_lvl3_std']",0.5676691729323309,0.6741071428571429,0.4902597402597403,0.6485491923904463,0.645682001614205,0.704225352112676,0.5961251862891207,0.6911379436105407,0.8786340562990309,0.8088360237892949,0.9616161616161616,0.9213274953329464
SGD,0.6973101975409911,0.7000323328687434,0.6959040049203984,0.7592686642965972,0.7587405016158558,"{'alpha': 0.001, 'penalty': 'l2', 'loss': 'log_loss', 'class_weight': 'balanced'}","['mfcc_5', 'mfcc_8', 'wav_detail_lvl3_std', 'spec_centroid']",0.545751633986928,0.5493421052631579,0.5422077922077922,0.6386239721254586,0.6604506604506605,0.689935064935065,0.6333830104321908,0.7179979290932608,0.885728298185385,0.8608198284080076,0.9121212121212121,0.919599603628848
SGD,0.6970433706080813,0.7088457839031336,0.6916700178995261,0.760284408329101,0.7471942337675831,"{'alpha': 0.001, 'penalty': 'l2', 'loss': 'log_loss', 'class_weight': 'balanced'}","['mfcc_6', 'mfcc_11', 'mfcc_8', 'mfcc_10', 'wav_detail_lvl3_std']",0.5627118644067797,0.5886524822695035,0.538961038961039,0.6241040655671966,0.646677471636953,0.7087033747779752,0.5946348733233979,0.7037467437774207,0.8817407757805109,0.8291814946619217,0.9414141414141414,0.9137318919581321
SGD,0.6969845198888631,0.7267350320453705,0.6827411507739377,0.7668867445403759,0.7529901369898638,"{'alpha': 0.0001, 'penalty': 'l2', 'loss': 'log_loss', 'class_weight': 'balanced'}","['mfcc_6', 'mfcc_11', 'wav_detail_lvl5_std', 'mfcc_8', 'mfcc_10', 'wav_detail_lvl3_std', 'spec_centroid']",0.5437262357414449,0.6559633027522935,0.4642857142857143,0.63324160812132,0.6645718774548312,0.7026578073089701,0.6304023845007451,0.7053435385247977,0.8826554464703132,0.8215839860748477,0.9535353535353536,0.920385264323474
SGD,0.6968034292133876,0.717369225221698,0.6872471790504577,0.760284408329101,0.7526645577823836,"{'alpha': 0.001, 'penalty': 'l2', 'loss': 'log_loss', 'class_weight': 'balanced'}","['mfcc_6', 'mfcc_3', 'mfcc_8', 'wav_detail_lvl3_std', 'zcr_mean']",0.5734513274336284,0.6303501945525292,0.525974025974026,0.6325687123141809,0.6382978723404256,0.7078039927404719,0.5812220566318927,0.7117437331233115,0.8786610878661087,0.813953488372093,0.9545454545454546,0.9136812279096584
SGD,0.6967706692208896,0.7008544217687075,0.6939535873962104,0.7597765363128491,0.7252171437520776,"{'alpha': 0.001, 'penalty': 'l2', 'loss': 'log_loss', 'class_weight': 'balanced'}","['mfcc_5', 'mfcc_11', 'wav_detail_lvl5_std', 'mfcc_10', 'wav_detail_lvl3_std']",0.5382059800664452,0.5510204081632653,0.525974025974026,0.6342191481530378,0.6697530864197531,0.6944,0.646795827123696,0.6777133153200899,0.8823529411764706,0.8571428571428571,0.9090909090909091,0.863718967783105
SGD,0.6966226437702429,0.6962869789171884,0.6996680308155718,0.7541899441340782,0.7353001239953222,"{'alpha': 0.001, 'penalty': 'l2', 'loss': 'log_loss', 'class_weight': 'balanced'}","['mfcc_5', 'mfcc_11', 'mfcc_8', 'mfcc_10', 'wav_detail_lvl3_std']",0.5607476635514018,0.5389221556886228,0.5844155844155844,0.6356097530907481,0.6476642913697546,0.6908783783783784,0.6095380029806259,0.6559553526392642,0.8814559763895721,0.8590604026845637,0.9050505050505051,0.9143352662559545
SGD,0.6965458328678754,0.7140089679689873,0.7167080642490479,0.7567293042153377,0.7486959330013172,"{'alpha': 0.001, 'penalty': 'l2', 'loss': 'log_loss', 'class_weight': 'balanced'}","['mfcc_6', 'mfcc_3', 'mfcc_11', 'mfcc_10', 'zcr_mean']",0.6354609929078014,0.5642317380352645,0.7272727272727273,0.6268026441070996,0.5617977528089888,0.7556675062972292,0.44709388971684055,0.7076282415018682,0.892378752886836,0.8221276595744681,0.9757575757575757,0.9116569133949839
SGD,0.6965094723444226,0.7146102855600721,0.6916124555468818,0.7572371762315896,0.7516342054447794,"{'alpha': 0.0001, 'penalty': 'l2', 'loss': 'log_loss', 'class_weight': 'balanced'}","['mfcc_6', 'wav_detail_lvl3_std', 'spec_centroid']",0.5819397993311036,0.6,0.564935064935065,0.6257684358212526,0.6360544217687075,0.7405940594059406,0.5573770491803278,0.7102725876793929,0.8715341959334566,0.803236797274276,0.9525252525252526,0.9188615928336925
SGD,0.6963619735886485,0.7047706409768538,0.690634684077307,0.7592686642965972,0.7446631623347867,"{'alpha': 0.001, 'penalty': 'elasticnet', 'loss': 'log_loss', 'class_weight': 'balanced'}","['mfcc_5', 'wav_detail_lvl3_std', 'spec_centroid']",0.5420240137221269,0.5745454545454546,0.512987012987013,0.6206791298216926,0.6707882534775889,0.6966292134831461,0.646795827123696,0.7051772058990264,0.87627365356623,0.8431372549019608,0.9121212121212121,0.9081331512836411
SGD,0.6963488869884445,0.7028370823095825,0.6919109124027156,0.7592686642965972,0.7631740978051155,"{'alpha': 0.001, 'penalty': 'l2', 'loss': 'log_loss', 'class_weight': 'balanced'}","['mfcc_5', 'mfcc_11', 'mfcc_8', 'wav_detail_lvl3_std', 'zcr_mean', 'spec_centroid']",0.544839255499154,0.568904593639576,0.5227272727272727,0.649784328098804,0.6620262954369683,0.6881028938906752,0.6378539493293591,0.7210554038262678,0.8821811100292113,0.8515037593984962,0.9151515151515152,0.9186825614902746
SGD,0.6962934979621354,0.7201645357017243,0.684021715988929,0.7668867445403759,0.7483919110659892,"{'alpha': 0.001, 'penalty': 'elasticnet', 'loss': 'log_loss', 'class_weight': 'balanced'}","['mfcc_6', 'wav_detail_lvl5_std', 'mfcc_10', 'zcr_mean', 'spec_centroid']",0.5335820895522388,0.6271929824561403,0.4642857142857143,0.6279795494749507,0.6718628215120811,0.704248366013072,0.6423248882265276,0.6935632540685813,0.8834355828220859,0.829052258635961,0.9454545454545454,0.9236329296544354
SGD,0.6962851568809114,0.7077549949194316,0.6902352959730008,0.7572371762315896,0.7539832022505558,"{'alpha': 0.0001, 'penalty': 'l2', 'loss': 'log_loss', 'class_weight': 'balanced'}","['mfcc_3', 'mfcc_5', 'wav_detail_lvl5_std', 'mfcc_8', 'mfcc_10']",0.571917808219178,0.605072463768116,0.5422077922077922,0.6799200105233071,0.636290967226219,0.6862068965517242,0.5931445603576752,0.6446899004527559,0.8806466951973372,0.8319856244384546,0.9353535353535354,0.9373396957756045
SGD,0.6962599686430546,0.7239689854401331,0.6828819025540337,0.7633316404266125,0.74896656111728,"{'alpha': 0.001, 'penalty': 'l2', 'loss': 'log_loss', 'class_weight': 'balanced'}","['mfcc_6', 'mfcc_3', 'wav_detail_lvl5_std', 'zcr_mean']",0.5586592178770949,0.6550218340611353,0.487012987012987,0.6482770783565794,0.6496,0.7012089810017271,0.6050670640834576,0.6874036460151911,0.8805206880520688,0.8156761412575366,0.9565656565656566,0.9112189589800692
SGD,0.6962487183642557,0.7264034566680563,0.6812914468652173,0.760284408329101,0.7538776956996968,"{'alpha': 0.001, 'penalty': 'l2', 'loss': 'log_loss', 'class_weight': 'balanced'}","['mfcc_6', 'mfcc_11', 'wav_detail_lvl3_std', 'zcr_mean', 'spec_centroid']",0.5606060606060606,0.6727272727272727,0.4805194805194805,0.6345885589016819,0.6572327044025157,0.6955074875207987,0.6229508196721312,0.7137273886574541,0.8709073900841908,0.8109756097560976,0.9404040404040404,0.9133171395399543
SGD,0.6962172795802374,0.7059740670864296,0.6902554033701573,0.7592686642965972,0.7418179360436176,"{'alpha': 0.001, 'penalty': 'elasticnet', 'loss': 'log_loss', 'class_weight': 'balanced'}","['mfcc_3', 'mfcc_5', 'mfcc_10', 'wav_detail_lvl3_std']",0.5567010309278351,0.5912408759124088,0.525974025974026,0.6543681292665734,0.6473354231974922,0.6826446280991736,0.6154992548435171,0.6478001989795348,0.8846153846153846,0.8440366972477065,0.9292929292929293,0.9232854798847445
SGD,0.6961499093316098,0.7080150660355438,0.6895453362666477,0.755713560182834,0.7476579882819268,"{'alpha': 0.0001, 'penalty': 'l2', 'loss': 'log_loss', 'class_weight': 'balanced'}","['mfcc_3', 'mfcc_5', 'mfcc_11', 'wav_detail_lvl5_std', 'mfcc_8', 'mfcc_10']",0.5748709122203098,0.6117216117216118,0.5422077922077922,0.6731539582985337,0.6364359586316627,0.6825938566552902,0.5961251862891207,0.6277795588374934,0.8771428571428571,0.8297297297297297,0.9303030303030303,0.9420404477097533
SGD,0.6961215766004339,0.7147280840378456,0.6861187992335532,0.7597765363128491,0.7552264792395359,"{'alpha': 0.001, 'penalty': 'elasticnet', 'loss': 'log_loss', 'class_weight': 'balanced'}","['mfcc_6', 'mfcc_8', 'wav_detail_lvl3_std', 'spec_centroid']",0.5561497326203209,0.616600790513834,0.5064935064935064,0.6228943793340702,0.6597444089456869,0.7108433734939759,0.6154992548435171,0.7233474365010626,0.8724705882352941,0.8167400881057268,0.9363636363636364,0.9194376218834748
SGD,0.6960741059065082,0.7068123540563899,0.6904982691867937,0.7618080243778568,0.7370046755843598,"{'alpha': 0.001, 'penalty': 'l2', 'loss': 'log_loss', 'class_weight': 'balanced'}","['mfcc_3', 'mfcc_5', 'mfcc_11', 'mfcc_10', 'wav_detail_lvl3_std']",0.5538461538461539,0.5848375451263538,0.525974025974026,0.6531252463648691,0.644852354349561,0.6941580756013745,0.6020864381520119,0.6473838841867166,0.8895238095238095,0.8414414414414414,0.9434343434343434,0.9105048962014938
SGD,0.6960199284342793,0.7248798190971769,0.6821371403338617,0.7618080243778568,0.7607109114638209,"{'alpha': 0.001, 'penalty': 'elasticnet', 'loss': 'log_loss', 'class_weight': 'balanced'}","['mfcc_6', 'mfcc_3', 'mfcc_11', 'mfcc_8', 'wav_detail_lvl3_std', 'zcr_mean', 'spec_centroid']",0.5644859813084112,0.6651982378854625,0.4902597402597403,0.6434870213436846,0.6448,0.696027633851468,0.6005961251862891,0.7262535934917866,0.8787738039944264,0.8134135855546002,0.9555555555555556,0.9123921195559915
SGD,0.6960127075676065,0.7291576593431705,0.6803988361365411,0.7592686642965972,0.7542909324305068,"{'alpha': 0.001, 'penalty': 'elasticnet', 'loss': 'log_loss', 'class_weight': 'balanced'}","['mfcc_6', 'mfcc_3', 'mfcc_11', 'wav_detail_lvl3_std', 'spec_centroid']",0.5768500948766604,0.6940639269406392,0.4935064935064935,0.6478932163286558,0.6357827476038339,0.685025817555938,0.5931445603576752,0.7049961576165757,0.8754052802223251,0.8083832335329342,0.9545454545454546,0.9099834233462893
SGD,0.6959064823778675,0.7183104350569415,0.6852427475378295,0.7592686642965972,0.7541959986214893,"{'alpha': 0.001, 'penalty': 'elasticnet', 'loss': 'log_loss', 'class_weight': 'balanced'}","['mfcc_6', 'mfcc_3', 'mfcc_11', 'mfcc_8', 'wav_detail_lvl3_std']",0.5734767025089605,0.64,0.5194805194805194,0.6413020061937722,0.6373268133659332,0.7032374100719424,0.5827123695976155,0.7133580279395176,0.8769159312587088,0.8116938950988822,0.9535353535353536,0.907927961731178
SGD,0.6958487246012443,0.7362022920466669,0.6788150829134435,0.7673946165566278,0.7534584788101265,"{'alpha': 0.0001, 'penalty': 'l2', 'loss': 'log_loss', 'class_weight': 'balanced'}","['mfcc_6', 'mfcc_3', 'wav_detail_lvl5_std', 'mfcc_8', 'mfcc_10', 'wav_detail_lvl3_std', 'zcr_mean', 'spec_centroid']",0.547244094488189,0.695,0.4512987012987013,0.6466972757097615,0.6566455696202531,0.6998313659359191,0.6184798807749627,0.690519749765199,0.8836565096952909,0.8137755102040817,0.9666666666666667,0.9231584109554187
SGD,0.6958115310109804,0.7041702458446871,0.6969499838352297,0.7638395124428644,0.7688434454732985,"{'alpha': 0.001, 'penalty': 'l2', 'loss': 'log_loss', 'class_weight': 'balanced'}","['mfcc_6', 'mfcc_3', 'mfcc_5', 'mfcc_8', 'zcr_mean', 'spec_centroid']",0.5515055467511886,0.5386996904024768,0.564935064935065,0.6336465061748661,0.6375838926174496,0.7293666026871402,0.5663189269746647,0.729487962981534,0.8983451536643026,0.8444444444444444,0.9595959595959596,0.9433958672634954
SGD,0.695735127302127,0.7194250441065547,0.6834567375550983,0.7597765363128491,0.7517248836048749,"{'alpha': 0.001, 'penalty': 'l2', 'loss': 'log_loss', 'class_weight': 'balanced'}","['mfcc_6', 'wav_detail_lvl5_std']",0.5557586837294333,0.6359832635983264,0.4935064935064935,0.6346993859128645,0.6624102154828412,0.7130584192439863,0.6184798807749627,0.7028373911527445,0.8690364826941066,0.8092334494773519,0.9383838383838384,0.9176378737490156
SGD,0.6956304080011203,0.7215345882031171,0.6828834796047912,0.760284408329101,0.7572117056749823,"{'alpha': 0.001, 'penalty': 'l2', 'loss': 'log_loss', 'class_weight': 'balanced'}","['mfcc_6', 'mfcc_3', 'mfcc_8', 'wav_detail_lvl3_std', 'zcr_mean', 'spec_centroid']",0.567219152854512,0.6553191489361702,0.5,0.6356135584178482,0.6420545746388443,0.6956521739130435,0.5961251862891207,0.719029280511648,0.8776174965100046,0.813632441760138,0.9525252525252526,0.9169922780954505
SGD,0.6956154538654028,0.6943113513257023,0.7022934260639179,0.7516505840528187,0.7405139991699033,"{'alpha': 0.001, 'penalty': 'elasticnet', 'loss': 'log_loss', 'class_weight': 'balanced'}","['mfcc_5', 'mfcc_8', 'mfcc_10', 'wav_detail_lvl3_std']",0.5692771084337349,0.5308988764044944,0.6136363636363636,0.6399382413362528,0.6359967715899919,0.6936619718309859,0.587183308494784,0.6623374727641316,0.8815724815724816,0.8583732057416268,0.906060606060606,0.9192662834093256
SGD,0.6955632180935151,0.7198393383173706,0.6825215464559727,0.760284408329101,0.7469924388049126,"{'alpha': 0.001, 'penalty': 'elasticnet', 'loss': 'log_loss', 'class_weight': 'balanced'}","['mfcc_3', 'wav_detail_lvl5_std', 'mfcc_10', 'wav_detail_lvl3_std', 'zcr_mean', 'spec_centroid']",0.5488721804511278,0.6517857142857143,0.474025974025974,0.6520922885760876,0.6621004566210046,0.6765163297045101,0.6482861400894188,0.676175342513235,0.875717017208413,0.8312159709618875,0.9252525252525252,0.9127096853254153
SGD,0.6955574068023981,0.7028306272700892,0.6947937611872038,0.7552056881665821,0.7532735935034488,"{'alpha': 0.0001, 'penalty': 'elasticnet', 'loss': 'log_loss', 'class_weight': 'balanced'}","['mfcc_3', 'mfcc_5', 'mfcc_8', 'mfcc_10', 'wav_detail_lvl3_std']",0.5811688311688312,0.5811688311688312,0.5811688311688312,0.6620594777273279,0.6228430566967954,0.6941391941391941,0.5648286140089419,0.6600225807740809,0.8826603325415677,0.8331838565022421,0.9383838383838384,0.9377387220089376
SGD,0.6955446716506394,0.7247950722436318,0.6807615578107381,0.7587607922803453,0.7530736911520188,"{'alpha': 0.001, 'penalty': 'l2', 'loss': 'log_loss', 'class_weight': 'balanced'}","['mfcc_6', 'wav_detail_lvl3_std', 'zcr_mean', 'spec_centroid']",0.5595463137996219,0.669683257918552,0.4805194805194805,0.6279572762515727,0.6593578700078309,0.6947194719471947,0.6274217585692996,0.712758080485685,0.8677298311444653,0.8099824868651488,0.9343434343434344,0.9185057167187984
SGD,0.6953002837590986,0.7087695925439502,0.6870106214368509,0.7623158963941087,0.7478529899540532,"{'alpha': 0.001, 'penalty': 'l2', 'loss': 'log_loss', 'class_weight': 'balanced'}","['mfcc_5', 'wav_detail_lvl3_std', 'zcr_mean', 'spec_centroid']",0.5319148936170213,0.5859375,0.487012987012987,0.618425629351063,0.675445391169636,0.7032258064516129,0.6497764530551415,0.7177073992608926,0.8785405664906385,0.8371454711802379,0.9242424242424242,0.9074259412502039
SGD,0.6952885041116748,0.7340326136028361,0.6787437213666722,0.7668867445403759,0.7528288558769721,"{'alpha': 0.0001, 'penalty': 'l2', 'loss': 'log_loss', 'class_weight': 'balanced'}","['mfcc_6', 'mfcc_3', 'wav_detail_lvl5_std', 'mfcc_8', 'mfcc_10', 'zcr_mean', 'spec_centroid']",0.547945205479452,0.6896551724137931,0.45454545454545453,0.6420171548490742,0.652931854199683,0.6971235194585449,0.6140089418777943,0.6939939271296949,0.8849884526558891,0.8153191489361702,0.9676767676767677,0.9224754856521473
SGD,0.6952713542400453,0.70634413309878,0.6886779583500896,0.7552056881665821,0.7584258102953577,"{'alpha': 0.001, 'penalty': 'l2', 'loss': 'log_loss', 'class_weight': 'balanced'}","['mfcc_3', 'mfcc_5', 'wav_detail_lvl5_std', 'mfcc_8', 'wav_detail_lvl3_std', 'zcr_mean']",0.5689655172413793,0.6066176470588235,0.5357142857142857,0.6864355525265421,0.6398739164696612,0.6789297658862876,0.6050670640834576,0.6531466846006706,0.8769746290090953,0.8334849863512284,0.9252525252525252,0.9356951937588605
SGD,0.6952634349038527,0.717162393162393,0.6835978835978835,0.7638395124428644,0.7609834794103127,"{'alpha': 0.001, 'penalty': 'elasticnet', 'loss': 'log_loss', 'class_weight': 'balanced'}","['mfcc_6', 'wav_detail_lvl5_std', 'mfcc_8', 'wav_detail_lvl3_std', 'spec_centroid']",0.5387453874538746,0.6239316239316239,0.474025974025974,0.6413577768490941,0.6666666666666666,0.7,0.6363636363636364,0.7216946696558109,0.8803782505910166,0.8275555555555556,0.9404040404040404,0.9198979917260334
SGD,0.6952622620774506,0.7206479656617676,0.6828819025540337,0.7633316404266125,0.7514635513004504,"{'alpha': 0.001, 'penalty': 'l2', 'loss': 'log_loss', 'class_weight': 'balanced'}","['mfcc_6', 'mfcc_3', 'wav_detail_lvl5_std', 'mfcc_8', 'zcr_mean']",0.5535055350553506,0.6410256410256411,0.487012987012987,0.6422829372719722,0.6501200960768615,0.7024221453287197,0.6050670640834576,0.7004372447582954,0.8821611551001397,0.8184961106309421,0.9565656565656566,0.9116704718710835
SGD,0.6951664188632901,0.7299810262332947,0.6793516744336418,0.7643473844591163,0.7573384632049839,"{'alpha': 0.001, 'penalty': 'elasticnet', 'loss': 'log_loss', 'class_weight': 'balanced'}","['mfcc_6', 'mfcc_3', 'wav_detail_lvl5_std', 'zcr_mean', 'spec_centroid']",0.5493230174081238,0.6794258373205742,0.461038961038961,0.65236095912003,0.6561762391817466,0.695,0.6214605067064084,0.7064019771111769,0.88,0.8155172413793104,0.9555555555555556,0.9132524533837448
SGD,0.6951317581380533,0.7057781466064594,0.6941444105378531,0.7643473844591163,0.7676193542304096,"{'alpha': 0.0001, 'penalty': 'elasticnet', 'loss': 'log_loss', 'class_weight': 'balanced'}","['mfcc_6', 'mfcc_3', 'mfcc_5', 'mfcc_11', 'mfcc_8', 'mfcc_10', 'zcr_mean', 'spec_centroid']",0.551948051948052,0.551948051948052,0.551948051948052,0.6314955982433181,0.6353730092204526,0.7260536398467433,0.5648286140089419,0.7327655655963934,0.8980742132456553,0.839332748024583,0.9656565656565657,0.9385968988515172
SGD,0.6951209896328389,0.7242463652127519,0.6816537742767251,0.7679024885728797,0.7601051971485894,"{'alpha': 0.001, 'penalty': 'l2', 'loss': 'log_loss', 'class_weight': 'balanced'}","['mfcc_6', 'mfcc_3', 'mfcc_11', 'wav_detail_lvl5_std', 'mfcc_8', 'mfcc_10', 'wav_detail_lvl3_std', 'spec_centroid']",0.5406427221172023,0.6470588235294118,0.4642857142857143,0.6530431691775538,0.6544876886417792,0.7006802721088435,0.6140089418777943,0.7083650488741581,0.8902325581395348,0.825,0.9666666666666667,0.9189073733940564
SGD,0.6950876604937418,0.7117682903399755,0.6858684424258193,0.7633316404266125,0.7464264178127827,"{'alpha': 0.001, 'penalty': 'l2', 'loss': 'log_loss', 'class_weight': 'balanced'}","['mfcc_6', 'mfcc_11', 'wav_detail_lvl5_std', 'mfcc_10']",0.5392857142857143,0.5992063492063492,0.4902597402597403,0.6330799420312591,0.6629834254143646,0.7046979865771812,0.6259314456035767,0.6972954444623773,0.8829938417811464,0.8314005352363961,0.9414141414141414,0.9089038669447121
SGD,0.6950269860044279,0.71221935974178,0.688645234546874,0.760792280345353,0.7501155499203463,"{'alpha': 0.001, 'penalty': 'l2', 'loss': 'log_loss', 'class_weight': 'balanced'}","['mfcc_6', 'mfcc_3', 'mfcc_8', 'mfcc_10', 'wav_detail_lvl3_std']",0.570446735395189,0.6058394160583942,0.538961038961039,0.636745089659521,0.628428927680798,0.7105263157894737,0.563338301043219,0.6932619028343953,0.8862052949372968,0.820292347377472,0.9636363636363636,0.9203396572671225
SGD,0.6950005625995584,0.7188744151505384,0.6834531891908942,0.7582529202640934,0.7529402740219892,"{'alpha': 0.001, 'penalty': 'elasticnet', 'loss': 'log_loss', 'class_weight': 'balanced'}","['mfcc_6', 'wav_detail_lvl3_std']",0.5667870036101083,0.6382113821138211,0.5097402597402597,0.6270352993214179,0.6476810414971521,0.7132616487455197,0.5931445603576752,0.7115360410606373,0.8705336426914153,0.8051502145922746,0.9474747474747475,0.9202494816839121
SGD,0.6949597644522042,0.7050670741262354,0.7055535842421089,0.7587607922803453,0.7610424156331189,"{'alpha': 0.001, 'penalty': 'elasticnet', 'loss': 'log_loss', 'class_weight': 'balanced'}","['mfcc_6', 'mfcc_3', 'mfcc_5', 'mfcc_8', 'mfcc_10', 'spec_centroid']",0.5823529411764706,0.532258064516129,0.6428571428571429,0.6146060505843053,0.6060070671378092,0.7440347071583514,0.511177347242921,0.7228839111184814,0.896519285042333,0.8389084507042254,0.9626262626262626,0.9456372851965701
SGD,0.6949572859697554,0.7064168867185462,0.688992974238876,0.7567293042153377,0.7527849287224314,"{'alpha': 0.0001, 'penalty': 'l2', 'loss': 'log_loss', 'class_weight': 'balanced'}","['mfcc_3', 'mfcc_5', 'wav_detail_lvl5_std', 'mfcc_8', 'mfcc_10', 'wav_detail_lvl3_std']",0.5684931506849316,0.6014492753623188,0.538961038961039,0.6755269569521952,0.6352,0.6856649395509499,0.5916542473919523,0.6457406385225278,0.8811787072243346,0.8321364452423698,0.9363636363636364,0.9370871906925712
SGD,0.6948977286425285,0.7057232650787283,0.688606596803318,0.7546978161503302,0.7504454543103348,"{'alpha': 0.001, 'penalty': 'l2', 'loss': 'log_loss', 'class_weight': 'balanced'}","['mfcc_3', 'mfcc_5', 'mfcc_11', 'wav_detail_lvl5_std', 'mfcc_8']",0.570446735395189,0.6058394160583942,0.538961038961039,0.6829402171424169,0.6371541501976284,0.6784511784511784,0.6005961251862891,0.6320002993215613,0.877092300334768,0.8328792007266121,0.9262626262626262,0.9363958464670261
SGD,0.6948750283574222,0.735636897340629,0.6769277474195508,0.760284408329101,0.7469510773786906,"{'alpha': 0.0001, 'penalty': 'elasticnet', 'loss': 'log_loss', 'class_weight': 'balanced'}","['mfcc_6', 'mfcc_3', 'wav_detail_lvl3_std']",0.5566600397614314,0.717948717948718,0.45454545454545453,0.6356916894589372,0.654434250764526,0.6718995290423861,0.6378539493293591,0.6844206932098862,0.8735307945463093,0.8170624450307827,0.9383838383838384,0.9207408494672484
SGD,0.6948102606500856,0.7215488326838284,0.6818185760808712,0.7587607922803453,0.7517930288948267,"{'alpha': 0.001, 'penalty': 'l2', 'loss': 'log_loss', 'class_weight': 'balanced'}","['mfcc_6', 'mfcc_3', 'wav_detail_lvl3_std', 'zcr_mean']",0.5719557195571956,0.6623931623931624,0.5032467532467533,0.6411832757354866,0.6355591311343524,0.6905594405594405,0.5886736214605067,0.7016617805059668,0.8769159312587088,0.8116938950988822,0.9535353535353536,0.9125340304430266
SGD,0.6945395055546415,0.7089389822291962,0.6862457518195223,0.7587607922803453,0.7570294798845403,"{'alpha': 0.001, 'penalty': 'l2', 'loss': 'log_loss', 'class_weight': 'balanced'}","['mfcc_6', 'mfcc_11', 'wav_detail_lvl5_std', 'mfcc_8', 'zcr_mean']",0.5483304042179262,0.5977011494252874,0.5064935064935064,0.645144163427037,0.660347551342812,0.7025210084033613,0.6229508196721312,0.7170753342088021,0.874940561103186,0.8265947888589398,0.9292929292929293,0.9088689420177818
SGD,0.6943421746015099,0.7147948822824503,0.6830884962032503,0.7552056881665821,0.7528950476014028,"{'alpha': 0.001, 'penalty': 'l2', 'loss': 'log_loss', 'class_weight': 'balanced'}","['mfcc_6', 'mfcc_8', 'wav_detail_lvl3_std', 'zcr_mean', 'spec_centroid']",0.5631768953068592,0.6341463414634146,0.5064935064935064,0.6231090862005617,0.655035685963521,0.7,0.6154992548435171,0.7176769931640956,0.8648139425341498,0.8102383053839365,0.9272727272727272,0.9178990634395512
SGD,0.6942205663246463,0.7262547895230912,0.6793690219919727,0.7633316404266125,0.7502617926280305,"{'alpha': 0.001, 'penalty': 'l2', 'loss': 'log_loss', 'class_weight': 'balanced'}","['mfcc_6', 'mfcc_3', 'wav_detail_lvl5_std', 'spec_centroid']",0.549618320610687,0.6666666666666666,0.4675324675324675,0.6476045792371802,0.652931854199683,0.6971235194585449,0.6140089418777943,0.68745918702912,0.8801115241635687,0.814974182444062,0.9565656565656566,0.9157216116177913
SGD,0.6941964391024706,0.7055794106223994,0.6879812961780175,0.7582529202640934,0.7623289339645763,"{'alpha': 0.001, 'penalty': 'elasticnet', 'loss': 'log_loss', 'class_weight': 'balanced'}","['mfcc_3', 'mfcc_5', 'mfcc_8', 'mfcc_10', 'wav_detail_lvl3_std', 'spec_centroid']",0.5576592082616179,0.5934065934065934,0.525974025974026,0.6565903196648991,0.6406995230524642,0.686541737649063,0.6005961251862891,0.6924722880247649,0.8842305859933302,0.8367899008115419,0.9373737373737374,0.9379241942040648
SGD,0.6940762266889703,0.7150931064964222,0.6823421569323208,0.7567293042153377,0.7328561617290211,"{'alpha': 0.001, 'penalty': 'l2', 'loss': 'log_loss', 'class_weight': 'balanced'}","['mfcc_3', 'mfcc_10', 'wav_detail_lvl3_std', 'zcr_mean', 'spec_centroid']",0.5604395604395604,0.6428571428571429,0.4967532467532468,0.6386886313402943,0.6479750778816199,0.6786296900489397,0.6199701937406855,0.6480341968498535,0.8738140417457305,0.8237924865831843,0.9303030303030303,0.9118456569969157
SGD,0.6939564485748243,0.7236015328033419,0.6801666154125171,0.760284408329101,0.7493488525394169,"{'alpha': 0.001, 'penalty': 'l2', 'loss': 'log_loss', 'class_weight': 'balanced'}","['mfcc_6', 'mfcc_3', 'wav_detail_lvl5_std']",0.5634328358208955,0.6622807017543859,0.4902597402597403,0.6434930228841685,0.6413570274636511,0.7001763668430335,0.5916542473919523,0.6878910361319599,0.8770794824399261,0.8083475298126065,0.9585858585858585,0.9166624986021222
SGD,0.6938753648128383,0.7222052788832274,0.6804867567162649,0.760284408329101,0.7503860373616688,"{'alpha': 0.001, 'penalty': 'l2', 'loss': 'log_loss', 'class_weight': 'balanced'}","['mfcc_6', 'mfcc_3', 'wav_detail_lvl5_std', 'mfcc_8']",0.5613382899628253,0.6565217391304348,0.4902597402597403,0.6443666085782556,0.6430298146655923,0.7,0.5946348733233979,0.6945167522575099,0.8772579898100973,0.8100940975192472,0.9565656565656566,0.9122747512492408
SGD,0.6938498319744782,0.7169619261514688,0.6814558544066741,0.760284408329101,0.7531453823610805,"{'alpha': 0.001, 'penalty': 'l2', 'loss': 'log_loss', 'class_weight': 'balanced'}","['mfcc_6', 'wav_detail_lvl5_std', 'spec_centroid']",0.5390334572490706,0.6304347826086957,0.4707792207792208,0.6380800635039912,0.6718386346004654,0.7006472491909385,0.6453055141579732,0.703143329508698,0.8706774040738986,0.8198037466547725,0.9282828282828283,0.9182127540705527
SGD,0.6937874208250094,0.7209491351767774,0.6803503418257516,0.7638395124428644,0.7608323023042215,"{'alpha': 0.001, 'penalty': 'elasticnet', 'loss': 'log_loss', 'class_weight': 'balanced'}","['mfcc_6', 'wav_detail_lvl5_std', 'mfcc_8', 'wav_detail_lvl3_std', 'zcr_mean', 'spec_centroid']",0.5340909090909091,0.6409090909090909,0.4577922077922078,0.6428997820739105,0.6687402799377916,0.6991869918699187,0.6408345752608048,0.7199441641891411,0.8785310734463276,0.8227513227513228,0.9424242424242424,0.919652960649613
SGD,0.6937660036885714,0.7196961882306709,0.6807572209211553,0.7587607922803453,0.7454971469168507,"{'alpha': 0.0001, 'penalty': 'l2', 'loss': 'log_loss', 'class_weight': 'balanced'}","['mfcc_6', 'mfcc_11', 'wav_detail_lvl5_std', 'mfcc_8', 'mfcc_10', 'wav_detail_lvl3_std']",0.5592592592592592,0.6508620689655172,0.4902597402597403,0.6289906350664249,0.6480891719745223,0.6957264957264957,0.6065573770491803,0.6925360801159075,0.8739495798319328,0.8125,0.9454545454545454,0.9149647255682197
SGD,0.6935549781908379,0.7211101108037038,0.6803799115274525,0.7633316404266125,0.7566556126436405,"{'alpha': 0.001, 'penalty': 'elasticnet', 'loss': 'log_loss', 'class_weight': 'balanced'}","['mfcc_6', 'mfcc_3', 'wav_detail_lvl5_std', 'mfcc_8', 'spec_centroid']",0.5468164794007491,0.6460176991150443,0.474025974025974,0.641091080358312,0.6507557677008751,0.6979522184300341,0.6095380029806259,0.7115694321591579,0.8830926874708896,0.8193604148660328,0.9575757575757575,0.9173063254134513
SGD,0.6935514848071089,0.6913458179435144,0.7027255379714396,0.7470797359065515,0.7011811937316885,"{'alpha': 0.001, 'penalty': 'l2', 'loss': 'log_loss', 'class_weight': 'balanced'}","['mfcc_11', 'mfcc_10', 'wav_detail_lvl3_std']",0.5659824046920822,0.516042780748663,0.6266233766233766,0.6008764282487025,0.6423948220064725,0.7026548672566372,0.5916542473919523,0.6347626530309733,0.8722772277227723,0.8553398058252427,0.8898989898989899,0.8679044999153896
SGD,0.6935289791227253,0.7132607667494444,0.6886483886483887,0.7546978161503302,0.752221781831074,"{'alpha': 0.0001, 'penalty': 'elasticnet', 'loss': 'log_loss', 'class_weight': 'balanced'}","['mfcc_6', 'wav_detail_lvl3_std', 'zcr_mean']",0.5829145728643216,0.6020761245674741,0.564935064935065,0.629466780411131,0.62778730703259,0.7393939393939394,0.5454545454545454,0.7095879457801378,0.8698850574712643,0.7983122362869198,0.9555555555555556,0.9176106193019531
SGD,0.6935259259259259,0.7242039767946503,0.6796666903224281,0.765871000507872,0.750971048723359,"{'alpha': 0.0001, 'penalty': 'l2', 'loss': 'log_loss', 'class_weight': 'balanced'}","['mfcc_6', 'mfcc_3', 'wav_detail_lvl5_std', 'mfcc_8', 'mfcc_10', 'wav_detail_lvl3_std', 'spec_centroid']",0.5416666666666666,0.65,0.4642857142857143,0.6427133291630516,0.6528,0.7046632124352331,0.6080476900149031,0.6866524680274033,0.8861111111111111,0.8179487179487179,0.9666666666666667,0.9235473489796221
SGD,0.6934767275195393,0.7203553211974875,0.6806279027590504,0.7643473844591163,0.7668537453365266,"{'alpha': 0.001, 'penalty': 'l2', 'loss': 'log_loss', 'class_weight': 'balanced'}","['mfcc_6', 'mfcc_3', 'wav_detail_lvl5_std', 'mfcc_8', 'wav_detail_lvl3_std', 'zcr_mean', 'spec_centroid']",0.5420560747663551,0.6387665198237885,0.4707792207792208,0.6571421691988344,0.6539379474940334,0.7013651877133106,0.6125186289120715,0.7236119409559074,0.8844361602982292,0.8209342560553633,0.9585858585858585,0.9198071258548379
SGD,0.6933945616601821,0.7211206315774822,0.6804153951694936,0.7597765363128491,0.7562019746909489,"{'alpha': 0.001, 'penalty': 'elasticnet', 'loss': 'log_loss', 'class_weight': 'balanced'}","['mfcc_6', 'mfcc_3', 'wav_detail_lvl5_std', 'mfcc_8', 'wav_detail_lvl3_std']",0.5619223659889094,0.6523605150214592,0.4935064935064935,0.6497733913459007,0.6412955465587045,0.7021276595744681,0.5901639344262295,0.7029381897803988,0.8769657724329325,0.8088737201365188,0.9575757575757575,0.9158943429465471
SGD,0.6932939520784126,0.7160823139359342,0.6822250609135855,0.7628237684103606,0.7565172376703431,"{'alpha': 0.001, 'penalty': 'elasticnet', 'loss': 'log_loss', 'class_weight': 'balanced'}","['mfcc_6', 'mfcc_3', 'wav_detail_lvl5_std', 'mfcc_8', 'wav_detail_lvl3_std', 'zcr_mean']",0.546448087431694,0.6224066390041494,0.487012987012987,0.6476132913001007,0.6495176848874598,0.7050610820244329,0.6020864381520119,0.7073884948807514,0.8839160839160839,0.8207792207792208,0.9575757575757575,0.9145499268301772
SGD,0.6932866757244988,0.7197696408773538,0.6811037778250894,0.7643473844591163,0.7477197020482368,"{'alpha': 0.0001, 'penalty': 'l2', 'loss': 'log_loss', 'class_weight': 'balanced'}","['mfcc_6', 'mfcc_3', 'wav_detail_lvl5_std', 'mfcc_8', 'mfcc_10', 'wav_detail_lvl3_std', 'zcr_mean']",0.5471349353049908,0.6351931330472103,0.4805194805194805,0.6403196083499585,0.6462035541195477,0.7054673721340388,0.5961251862891207,0.6830563944485794,0.8865215377489578,0.8186484174508126,0.9666666666666667,0.9197831033461723
SGD,0.6932558333051434,0.7037730812817733,0.701609380297905,0.7618080243778568,0.7622107205857791,"{'alpha': 0.001, 'penalty': 'l2', 'loss': 'log_loss', 'class_weight': 'balanced'}","['mfcc_6', 'mfcc_3', 'mfcc_5', 'mfcc_11', 'spec_centroid']",0.5705705705705706,0.5307262569832403,0.6168831168831169,0.650859845853197,0.6033421284080914,0.7360515021459227,0.511177347242921,0.7074107077036251,0.9058548009367682,0.8445414847161572,0.9767676767676767,0.9283616082005153
SGD,0.6932250580990958,0.7287663316815326,0.6779094615160188,0.7673946165566278,0.764431544118363,"{'alpha': 0.0001, 'penalty': 'elasticnet', 'loss': 'log_loss', 'class_weight': 'balanced'}","['mfcc_6', 'mfcc_3', 'mfcc_11', 'wav_detail_lvl5_std', 'mfcc_8', 'mfcc_10', 'wav_detail_lvl3_std', 'zcr_mean', 'spec_centroid']",0.5369649805447471,0.6699029126213593,0.44805194805194803,0.6609461623953585,0.6535122336227308,0.6946308724832215,0.61698956780924,0.709983619237019,0.8891979601298099,0.8217652099400171,0.9686868686868687,0.9223648507227117
SGD,0.6932100613066444,0.7122824437060044,0.6824856685512423,0.7562214321990859,0.7520757351148039,"{'alpha': 0.001, 'penalty': 'l2', 'loss': 'log_loss', 'class_weight': 'balanced'}","['mfcc_6', 'wav_detail_lvl5_std', 'zcr_mean']",0.5523465703971119,0.6219512195121951,0.4967532467532468,0.6382520817430997,0.6593233674272226,0.6983333333333334,0.624441132637854,0.7010329034481745,0.8679602460955986,0.8165627782724845,0.9262626262626262,0.9169422201531376
SGD,0.693093275711432,0.7113095563575387,0.6839499601794684,0.7587607922803453,0.7496513269249911,"{'alpha': 0.001, 'penalty': 'l2', 'loss': 'log_loss', 'class_weight': 'balanced'}","['mfcc_6', 'mfcc_8', 'mfcc_10', 'wav_detail_lvl3_std', 'zcr_mean', 'spec_centroid']",0.5567375886524822,0.61328125,0.5097402597402597,0.6258787570185991,0.6430298146655923,0.7,0.5946348733233979,0.6979772578192966,0.8795124238162213,0.820647419072616,0.9474747474747475,0.9250979659370776
SGD,0.6930352028100454,0.701381548083395,0.7047224784929703,0.7531742001015744,0.7682835768775038,"{'alpha': 0.001, 'penalty': 'l2', 'loss': 'log_loss', 'class_weight': 'balanced'}","['mfcc_6', 'mfcc_3', 'mfcc_5', 'mfcc_11', 'mfcc_8', 'mfcc_10', 'zcr_mean']",0.6017699115044248,0.5513513513513514,0.6623376623376623,0.6349827660632597,0.587819947043248,0.7207792207792207,0.496274217585693,0.7374846908118357,0.8895157498824635,0.832014072119613,0.9555555555555556,0.932383273757416
SGD,0.693035023686306,0.7198350445188372,0.6810663228696017,0.7633316404266125,0.7551737035132507,"{'alpha': 0.001, 'penalty': 'l2', 'loss': 'log_loss', 'class_weight': 'balanced'}","['mfcc_6', 'mfcc_3', 'mfcc_11', 'wav_detail_lvl5_std', 'mfcc_10']",0.5561694290976059,0.6425531914893617,0.4902597402597403,0.6530981053248418,0.6346623270951993,0.6989247311827957,0.5812220566318927,0.7000653699045071,0.8882733148661126,0.8180272108843537,0.9717171717171718,0.9123576353104033
SGD,0.693034038667252,0.700074217007571,0.6903090230959084,0.7531742001015744,0.7566760835025971,"{'alpha': 0.001, 'penalty': 'l2', 'loss': 'log_loss', 'class_weight': 'balanced'}","['mfcc_3', 'mfcc_5', 'mfcc_11', 'mfcc_8', 'wav_detail_lvl3_std', 'zcr_mean']",0.5695364238410596,0.581081081081081,0.5584415584415584,0.6655105098490841,0.629718875502008,0.6829268292682927,0.5842026825633383,0.6665525580447174,0.8798468166586884,0.8362147406733395,0.9282828282828283,0.9379651826139899
SGD,0.6929631664409399,0.7045722482957224,0.6866360718819736,0.7531742001015744,0.7464354022884109,"{'alpha': 0.0001, 'penalty': 'l2', 'loss': 'log_loss', 'class_weight': 'balanced'}","['mfcc_3', 'mfcc_5', 'mfcc_11', 'wav_detail_lvl5_std', 'mfcc_8', 'mfcc_10', 'wav_detail_lvl3_std']",0.570446735395189,0.6058394160583942,0.538961038961039,0.6699757712256545,0.6326693227091633,0.6797945205479452,0.5916542473919523,0.6277160614348507,0.8757734412184673,0.828082808280828,0.9292929292929293,0.9416143742047272
SGD,0.6928279972252253,0.7047221913832349,0.6878559206428059,0.7562214321990859,0.7470385460963861,"{'alpha': 0.001, 'penalty': 'l2', 'loss': 'log_loss', 'class_weight': 'balanced'}","['mfcc_6', 'mfcc_8', 'mfcc_10', 'wav_detail_lvl3_std']",0.5608108108108109,0.5845070422535211,0.538961038961039,0.6202659133316359,0.6389568052159739,0.7050359712230215,0.5842026825633383,0.6995273197082736,0.8787163756488909,0.8246235606731621,0.9404040404040404,0.9213224052492488
SGD,0.6924708677484467,0.7212967769439503,0.6781917536015897,0.7597765363128491,0.7535982942410563,"{'alpha': 0.001, 'penalty': 'l2', 'loss': 'log_loss', 'class_weight': 'balanced'}","['mfcc_6', 'wav_detail_lvl5_std', 'zcr_mean', 'spec_centroid']",0.5353728489483748,0.6511627906976745,0.45454545454545453,0.6357969758278749,0.674364896073903,0.697452229299363,0.6527570789865872,0.7074598421328508,0.8676748582230623,0.8152753108348135,0.9272727272727272,0.9175380647624436
SGD,0.692451914375534,0.7133583930766597,0.6809425243851474,0.7592686642965972,0.7611435143776127,"{'alpha': 0.001, 'penalty': 'l2', 'loss': 'log_loss', 'class_weight': 'balanced'}","['mfcc_6', 'mfcc_11', 'wav_detail_lvl5_std', 'mfcc_8', 'zcr_mean', 'spec_centroid']",0.5340699815837937,0.6170212765957447,0.4707792207792208,0.6410162326826837,0.6733902249806051,0.7022653721682848,0.646795827123696,0.731131965683053,0.8698955365622032,0.8207885304659498,0.9252525252525252,0.9112823447671013
SGD,0.692380839644128,0.7159882987637903,0.6811759278972392,0.7633316404266125,0.7561612964253812,"{'alpha': 0.001, 'penalty': 'l2', 'loss': 'log_loss', 'class_weight': 'balanced'}","['mfcc_6', 'mfcc_3', 'mfcc_11', 'wav_detail_lvl5_std', 'mfcc_8', 'mfcc_10', 'wav_detail_lvl3_std', 'zcr_mean']",0.5457875457875457,0.6260504201680672,0.4837662337662338,0.6506155548823586,0.6430868167202572,0.6980802792321117,0.5961251862891207,0.7018078129911463,0.888268156424581,0.8238341968911918,0.9636363636363636,0.9160605214026387
SGD,0.6923611573015704,0.7193724437698105,0.6794577310970754,0.7628237684103606,0.76083110196572,"{'alpha': 0.001, 'penalty': 'l2', 'loss': 'log_loss', 'class_weight': 'balanced'}","['mfcc_6', 'mfcc_3', 'wav_detail_lvl5_std', 'mfcc_8', 'wav_detail_lvl3_std', 'spec_centroid']",0.5420560747663551,0.6387665198237885,0.4707792207792208,0.6506732608388673,0.6528662420382165,0.7008547008547008,0.6110283159463488,0.7132715303900946,0.8821611551001397,0.8184961106309421,0.9565656565656566,0.9185485146681981
SGD,0.6921641287602385,0.7088300332539964,0.7105910786238656,0.7506348400203149,0.7496857906509269,"{'alpha': 0.0001, 'penalty': 'l2', 'loss': 'log_loss', 'class_weight': 'balanced'}","['mfcc_6', 'mfcc_3', 'mfcc_11', 'mfcc_8', 'zcr_mean']",0.6332378223495702,0.5666666666666667,0.7175324675324676,0.616066103251548,0.5605214152700186,0.7468982630272953,0.4485842026825633,0.7271764875883211,0.8827331486611265,0.8129251700680272,0.9656565656565657,0.9058147811129116
SGD,0.692154448269882,0.7084711320208722,0.6868347802774032,0.7592686642965972,0.7487927954247321,"{'alpha': 0.001, 'penalty': 'elasticnet', 'loss': 'log_loss', 'class_weight': 'balanced'}","['mfcc_6', 'mfcc_3', 'mfcc_8', 'mfcc_10', 'wav_detail_lvl3_std', 'zcr_mean']",0.565587734241908,0.5949820788530465,0.538961038961039,0.634869108452605,0.6232247284878863,0.7091254752851711,0.555886736214605,0.6920529235596347,0.8876508820798514,0.8213058419243986,0.9656565656565657,0.9194563542619565
SGD,0.6921330830015281,0.6979236264061554,0.6883448063775933,0.7562214321990859,0.7651371219865991,"{'alpha': 0.001, 'penalty': 'l2', 'loss': 'log_loss', 'class_weight': 'balanced'}","['mfcc_5', 'mfcc_8', 'wav_detail_lvl3_std', 'zcr_mean', 'spec_centroid']",0.5378151260504201,0.5574912891986062,0.5194805194805194,0.6498683624570891,0.656832298136646,0.6855753646677472,0.6304023845007451,0.7222723468932789,0.8817518248175182,0.8507042253521127,0.9151515151515152,0.9232706566094291
SGD,0.6920772648152639,0.7179756193806434,0.6804808427759248,0.7633316404266125,0.758038543053619,"{'alpha': 0.001, 'penalty': 'l2', 'loss': 'log_loss', 'class_weight': 'balanced'}","['mfcc_6', 'mfcc_3', 'mfcc_11', 'wav_detail_lvl5_std', 'mfcc_10', 'zcr_mean']",0.5514705882352942,0.635593220338983,0.487012987012987,0.6542595278966321,0.6352558895207149,0.6982142857142857,0.5827123695976155,0.7028298388253312,0.8895053166897827,0.8201193520886616,0.9717171717171718,0.9170262624388935
SGD,0.692026538665922,0.7164281231689203,0.6810497638366492,0.7628237684103606,0.7487147079069348,"{'alpha': 0.0001, 'penalty': 'l2', 'loss': 'log_loss', 'class_weight': 'balanced'}","['mfcc_6', 'mfcc_3', 'wav_detail_lvl5_std', 'mfcc_10', 'wav_detail_lvl3_std', 'zcr_mean']",0.5500910746812386,0.6265560165975104,0.4902597402597403,0.641273653831612,0.6384364820846905,0.703770197486535,0.5842026825633383,0.6846336258476127,0.8875520592318371,0.8189581554227157,0.9686868686868687,0.9202368440415799
SGD,0.6919909695127585,0.6992274440340291,0.6899183087707678,0.7511427120365668,0.7509591095628675,"{'alpha': 0.0001, 'penalty': 'elasticnet', 'loss': 'log_loss', 'class_weight': 'balanced'}","['mfcc_3', 'mfcc_5', 'mfcc_8', 'mfcc_10', 'wav_detail_lvl3_std', 'zcr_mean']",0.5756578947368421,0.5833333333333334,0.5681818181818182,0.6523182517266386,0.6228710462287105,0.6832740213523132,0.5722801788375559,0.6643715701216996,0.8774439675727229,0.8310749774164409,0.9292929292929293,0.9361875068402644
SGD,0.6919783282327946,0.7138143381735166,0.6805648207287551,0.7562214321990859,0.7546764557550363,"{'alpha': 0.001, 'penalty': 'elasticnet', 'loss': 'log_loss', 'class_weight': 'balanced'}","['mfcc_6', 'wav_detail_lvl5_std', 'mfcc_8', 'wav_detail_lvl3_std']",0.5563636363636364,0.6322314049586777,0.4967532467532468,0.6393395330983184,0.6480891719745223,0.6957264957264957,0.6065573770491803,0.7071267990101605,0.8714821763602252,0.8134851138353766,0.9383838383838384,0.9175630351566297
SGD,0.69194406637091,0.7071258577673577,0.6842701014832162,0.7587607922803453,0.7512147018522457,"{'alpha': 0.001, 'penalty': 'elasticnet', 'loss': 'log_loss', 'class_weight': 'balanced'}","['mfcc_6', 'mfcc_11', 'mfcc_8', 'mfcc_10', 'wav_detail_lvl3_std', 'spec_centroid']",0.548951048951049,0.5946969696969697,0.5097402597402597,0.6229414560626083,0.6446945337620579,0.699825479930192,0.5976154992548435,0.7127895025770998,0.882186616399623,0.8268551236749117,0.9454545454545454,0.917913146917029
SGD,0.6919424939197242,0.722999346282625,0.6776125817109424,0.7633316404266125,0.7604868392972189,"{'alpha': 0.001, 'penalty': 'elasticnet', 'loss': 'log_loss', 'class_weight': 'balanced'}","['mfcc_6', 'mfcc_3', 'wav_detail_lvl5_std', 'mfcc_8', 'zcr_mean', 'spec_centroid']",0.5391969407265774,0.6558139534883721,0.4577922077922078,0.6462195532390541,0.6540583136327817,0.6939799331103679,0.6184798807749627,0.7205328484924527,0.8825722273998136,0.8192041522491349,0.9565656565656566,0.9147081161601502
SGD,0.6918995135358368,0.6912597714357195,0.696898729685615,0.7496190959878111,0.7393173215984653,"{'alpha': 0.001, 'penalty': 'l2', 'loss': 'log_loss', 'class_weight': 'balanced'}","['mfcc_5', 'mfcc_11', 'mfcc_8', 'mfcc_10', 'wav_detail_lvl3_std', 'zcr_mean']",0.5635528330781011,0.5333333333333333,0.5974025974025974,0.6448195717269134,0.6302250803858521,0.6841186736474695,0.5842026825633383,0.6608799722665607,0.8819206271435571,0.8563273073263559,0.9090909090909091,0.9122524208019217
SGD,0.6918907246030433,0.7220272229833121,0.6776342661588562,0.7623158963941087,0.7521846677340388,"{'alpha': 0.0001, 'penalty': 'l2', 'loss': 'log_loss', 'class_weight': 'balanced'}","['mfcc_6', 'mfcc_11', 'wav_detail_lvl5_std', 'mfcc_8', 'mfcc_10', 'zcr_mean', 'spec_centroid']",0.5343511450381679,0.6481481481481481,0.45454545454545453,0.63218303522026,0.6656200941915228,0.703150912106136,0.6318926974664679,0.7038935015851229,0.8757009345794392,0.8147826086956522,0.9464646464646465,0.9204774663967337
SGD,0.691885850049347,0.7023957032924034,0.6876079294112082,0.7552056881665821,0.7503489337727407,"{'alpha': 0.001, 'penalty': 'l2', 'loss': 'log_loss', 'class_weight': 'balanced'}","['mfcc_6', 'mfcc_11', 'mfcc_8', 'mfcc_10', 'wav_detail_lvl3_std', 'zcr_mean']",0.561344537815126,0.5818815331010453,0.5422077922077922,0.6310304366112447,0.6336311941510967,0.6964285714285714,0.5812220566318927,0.7064700875562354,0.8806818181818182,0.8288770053475936,0.9393939393939394,0.9135462771507419
SGD,0.6916624426556339,0.715060017687066,0.6803117040821959,0.7567293042153377,0.7547428712901332,"{'alpha': 0.001, 'penalty': 'l2', 'loss': 'log_loss', 'class_weight': 'balanced'}","['mfcc_6', 'mfcc_3', 'mfcc_8', 'wav_detail_lvl3_std', 'spec_centroid']",0.5626134301270418,0.6378600823045267,0.5032467532467533,0.6316556365043533,0.6370250606305577,0.696113074204947,0.587183308494784,0.7145179213755203,0.8753488372093023,0.8112068965517242,0.9505050505050505,0.9180550559905257
SGD,0.6915904280981718,0.7017834603623164,0.6855920642805889,0.7521584560690706,0.7494538057734443,"{'alpha': 0.001, 'penalty': 'l2', 'loss': 'log_loss', 'class_weight': 'balanced'}","['mfcc_3', 'mfcc_5', 'mfcc_11', 'wav_detail_lvl5_std', 'mfcc_8', 'wav_detail_lvl3_std']",0.5626072041166381,0.5963636363636363,0.5324675324675324,0.6796270086313182,0.637223974763407,0.6767169179229481,0.6020864381520119,0.6328836628094552,0.8749401054144705,0.8322698268003647,0.9222222222222223,0.9358507458795596
SGD,0.6915808318502608,0.7011396943560454,0.6907044685733209,0.7618080243778568,0.7728919544970362,"{'alpha': 0.001, 'penalty': 'l2', 'loss': 'log_loss', 'class_weight': 'balanced'}","['mfcc_6', 'mfcc_3', 'mfcc_5', 'mfcc_11', 'mfcc_8', 'zcr_mean', 'spec_centroid']",0.5413290113452188,0.540453074433657,0.5422077922077922,0.6367945848303782,0.6366666666666667,0.722117202268431,0.5692995529061102,0.7381186390896716,0.8967468175388967,0.8408488063660478,0.9606060606060606,0.9437626395710585
SGD,0.6915049855599823,0.7175120931202358,0.6798961512076266,0.7618080243778568,0.7496319691948264,"{'alpha': 0.001, 'penalty': 'l2', 'loss': 'log_loss', 'class_weight': 'balanced'}","['mfcc_6', 'mfcc_3', 'wav_detail_lvl5_std', 'mfcc_10', 'wav_detail_lvl3_std']",0.5541284403669725,0.6371308016877637,0.4902597402597403,0.637326631027479,0.6335504885993485,0.6983842010771992,0.5797317436661699,0.6891942197307909,0.8868360277136259,0.8170212765957446,0.9696969696969697,0.9223750568262093
SGD,0.6914948503049524,0.7094132262533498,0.6817890063791703,0.7592686642965972,0.7452982160300352,"{'alpha': 0.001, 'penalty': 'l2', 'loss': 'log_loss', 'class_weight': 'balanced'}","['mfcc_6', 'wav_detail_lvl5_std', 'mfcc_10']",0.5385996409335727,0.6024096385542169,0.487012987012987,0.622492417721048,0.6582278481012658,0.7015177065767285,0.6199701937406855,0.6940221549471447,0.8776570618800189,0.8243123336291038,0.9383838383838384,0.9193800754219131
SGD,0.6911543071277951,0.7129150128807783,0.6796095222324731,0.7546978161503302,0.7528012622748496,"{'alpha': 0.001, 'penalty': 'elasticnet', 'loss': 'log_loss', 'class_weight': 'balanced'}","['mfcc_6', 'wav_detail_lvl5_std', 'mfcc_8']",0.5527272727272727,0.628099173553719,0.4935064935064935,0.6356571271391079,0.6550079491255962,0.7018739352640545,0.6140089418777943,0.7074221227815721,0.8657276995305164,0.8087719298245614,0.9313131313131313,0.9153245369038685
SGD,0.6911178835069137,0.717446333978601,0.6791151168200349,0.7653631284916201,0.752086870048145,"{'alpha': 0.001, 'penalty': 'l2', 'loss': 'log_loss', 'class_weight': 'balanced'}","['mfcc_6', 'mfcc_3', 'wav_detail_lvl5_std', 'mfcc_10', 'wav_detail_lvl3_std', 'spec_centroid']",0.5363128491620112,0.62882096069869,0.4675324675324675,0.6449110269600625,0.644747393744988,0.6979166666666666,0.5991058122205664,0.6886054987538229,0.8922934076137419,0.8256013745704467,0.9707070707070707,0.9227440844305496
SGD,0.6909869502710482,0.6900571193530647,0.6967221000007885,0.7491112239715592,0.7430218236124014,"{'alpha': 0.001, 'penalty': 'l2', 'loss': 'log_loss', 'class_weight': 'balanced'}","['mfcc_5', 'mfcc_11', 'mfcc_8', 'wav_detail_lvl3_std', 'zcr_mean']",0.5584218512898331,0.5242165242165242,0.5974025974025974,0.6481842849368803,0.6328502415458938,0.6882661996497373,0.5856929955290611,0.6680298701149556,0.8816887579774177,0.8576886341929322,0.907070707070707,0.9128513157853686
SGD,0.6908586123054602,0.7085962058549778,0.7069189159353093,0.7491112239715592,0.7458261268904872,"{'alpha': 0.001, 'penalty': 'l2', 'loss': 'log_loss', 'class_weight': 'balanced'}","['mfcc_6', 'mfcc_3', 'mfcc_11', 'mfcc_8']",0.6308139534883721,0.5710526315789474,0.7045454545454546,0.6113976531343998,0.5631970260223048,0.7481481481481481,0.45156482861400893,0.7240838102912451,0.8785648574057038,0.8065878378378378,0.9646464646464646,0.9019969172458169
SGD,0.6906485770252005,0.70002192526945,0.6864211987162806,0.7531742001015744,0.7543999547431773,"{'alpha': 0.001, 'penalty': 'l2', 'loss': 'log_loss', 'class_weight': 'balanced'}","['mfcc_3', 'mfcc_5', 'mfcc_8', 'wav_detail_lvl3_std', 'zcr_mean']",0.5622895622895623,0.583916083916084,0.5422077922077922,0.6630553552184938,0.6291230893000804,0.6835664335664335,0.5827123695976155,0.6657426825882676,0.880533079485959,0.8325832583258326,0.9343434343434344,0.9344018264227707
SGD,0.690515473987955,0.7208735238881842,0.6768461350428563,0.7628237684103606,0.759792601769699,"{'alpha': 0.001, 'penalty': 'l2', 'loss': 'log_loss', 'class_weight': 'balanced'}","['mfcc_6', 'mfcc_3', 'mfcc_11', 'wav_detail_lvl5_std', 'mfcc_8', 'mfcc_10', 'zcr_mean', 'spec_centroid']",0.5416666666666666,0.65,0.4642857142857143,0.6500539582327104,0.6442845723421263,0.6948275862068966,0.6005961251862891,0.7099760155893444,0.8855951829550718,0.8177929854576561,0.9656565656565657,0.9193478314870418
SGD,0.6904276403237093,0.6896546726330239,0.6949656597197581,0.7491112239715592,0.7419300237723622,"{'alpha': 0.001, 'penalty': 'l2', 'loss': 'log_loss', 'class_weight': 'balanced'}","['mfcc_5', 'mfcc_8', 'mfcc_10', 'wav_detail_lvl3_std', 'zcr_mean']",0.5560675883256528,0.5276967930029155,0.5876623376623377,0.6445047092628672,0.6330935251798561,0.6827586206896552,0.5901639344262295,0.6633042833205505,0.8821218074656189,0.858508604206501,0.907070707070707,0.9179810787336689
SGD,0.690422178541489,0.6965079914494288,0.690273145191178,0.7491112239715592,0.7474990546876833,"{'alpha': 0.0001, 'penalty': 'l2', 'loss': 'log_loss', 'class_weight': 'balanced'}","['mfcc_3', 'mfcc_5', 'mfcc_11', 'mfcc_8', 'mfcc_10', 'wav_detail_lvl3_std']",0.5783521809369951,0.5755627009646302,0.5811688311688312,0.6579663250372372,0.6158886158886159,0.6836363636363636,0.5603576751117735,0.6416430486180245,0.877025738798856,0.8303249097472925,0.9292929292929293,0.9428877904077885
SGD,0.6903588046018699,0.7096170122811204,0.6796966542868182,0.7572371762315896,0.7477032118784844,"{'alpha': 0.001, 'penalty': 'l2', 'loss': 'log_loss', 'class_weight': 'balanced'}","['mfcc_3', 'mfcc_11', 'wav_detail_lvl5_std', 'mfcc_10', 'zcr_mean', 'spec_centroid']",0.5437956204379562,0.6208333333333333,0.4837662337662338,0.6642183545257753,0.6474708171206226,0.6775244299674267,0.6199701937406855,0.6704561237778985,0.8798099762470308,0.8304932735426009,0.9353535353535354,0.9084351573317794
SGD,0.6903499197695419,0.7110154756700613,0.6789727879891814,0.7562214321990859,0.7565575862330252,"{'alpha': 0.001, 'penalty': 'l2', 'loss': 'log_loss', 'class_weight': 'balanced'}","['mfcc_6', 'wav_detail_lvl5_std', 'mfcc_8', 'spec_centroid']",0.5394495412844037,0.620253164556962,0.4772727272727273,0.6313649353995396,0.661993769470405,0.6933115823817292,0.6333830104321908,0.7205760545519375,0.869606448553817,0.8194816800714924,0.9262626262626262,0.9177317687475984
SGD,0.6901862418365368,0.6987165100992847,0.6865820578935332,0.7516505840528187,0.7491496667868901,"{'alpha': 0.001, 'penalty': 'l2', 'loss': 'log_loss', 'class_weight': 'balanced'}","['mfcc_3', 'mfcc_5', 'mfcc_11', 'mfcc_8', 'wav_detail_lvl3_std']",0.5652173913043478,0.5827586206896552,0.5487012987012987,0.6657418528576751,0.6264090177133655,0.681260945709282,0.5797317436661699,0.6466714899268436,0.8789323164918971,0.8321299638989169,0.9313131313131313,0.9350356575761515
SGD,0.6901794181175909,0.6887306554636582,0.6970595888628676,0.7480954799390553,0.737504090133284,"{'alpha': 0.001, 'penalty': 'l2', 'loss': 'log_loss', 'class_weight': 'balanced'}","['mfcc_5', 'mfcc_11', 'mfcc_8', 'wav_detail_lvl3_std']",0.5585585585585585,0.5195530726256983,0.6038961038961039,0.6387767651953513,0.6295399515738499,0.6866197183098591,0.5812220566318927,0.6603729562597523,0.882439744220364,0.8600191754554171,0.906060606060606,0.9133625489447483
SGD,0.6897786623647809,0.715088891081057,0.6785659088937778,0.760284408329101,0.750217625601123,"{'alpha': 0.001, 'penalty': 'l2', 'loss': 'log_loss', 'class_weight': 'balanced'}","['mfcc_6', 'mfcc_3', 'wav_detail_lvl5_std', 'mfcc_10']",0.5521023765996343,0.6317991631799164,0.4902597402597403,0.6394194547860653,0.6313213703099511,0.6972972972972973,0.5767511177347243,0.6894589010487183,0.8859122401847576,0.8161702127659575,0.9686868686868687,0.9217745209685856
SGD,0.6897262094630516,0.6972460077137078,0.686477578280857,0.750126968004063,0.757264038772385,"{'alpha': 0.001, 'penalty': 'l2', 'loss': 'log_loss', 'class_weight': 'balanced'}","['mfcc_3', 'mfcc_5', 'mfcc_11', 'mfcc_8', 'mfcc_10', 'wav_detail_lvl3_std', 'zcr_mean']",0.5666666666666667,0.5821917808219178,0.551948051948052,0.6617190996313509,0.625,0.6759098786828422,0.5812220566318927,0.6708050574855553,0.877511961722488,0.8336363636363636,0.9262626262626262,0.939267959200249
SGD,0.6893923179101341,0.7061768272456864,0.6801031391195327,0.7613001523616049,0.7523717760181775,"{'alpha': 0.001, 'penalty': 'l2', 'loss': 'log_loss', 'class_weight': 'balanced'}","['mfcc_6', 'mfcc_11', 'wav_detail_lvl5_std', 'mfcc_8', 'mfcc_10', 'spec_centroid']",0.5207956600361664,0.5877551020408164,0.4675324675324675,0.6302610266875406,0.6625097427903351,0.6944444444444444,0.6333830104321908,0.7107480992323765,0.884871550903901,0.8363309352517986,0.9393939393939394,0.9161062021346158
SGD,0.6892500343883552,0.6855441327158395,0.6999282441905392,0.7399695276790249,0.7121668319387512,"{'alpha': 0.001, 'penalty': 'elasticnet', 'loss': 'log_loss', 'class_weight': 'balanced'}","['mfcc_11', 'mfcc_10', 'wav_detail_lvl3_std', 'zcr_mean']",0.5689404934687954,0.5144356955380578,0.6363636363636364,0.6018302228229705,0.6345381526104418,0.6881533101045296,0.5886736214605067,0.6450260008826271,0.8642714570858283,0.854043392504931,0.8747474747474747,0.8896442721106563
SGD,0.6891540766931729,0.7077302833142055,0.679109597142384,0.760284408329101,0.74637670787423,"{'alpha': 0.001, 'penalty': 'l2', 'loss': 'log_loss', 'class_weight': 'balanced'}","['mfcc_6', 'wav_detail_lvl5_std', 'mfcc_10', 'spec_centroid']",0.5245901639344263,0.5975103734439834,0.4675324675324675,0.6258564409044592,0.6609375,0.6945812807881774,0.6304023845007451,0.6912081662876752,0.8819345661450925,0.8310991957104558,0.9393939393939394,0.9220655164305553
SGD,0.6891391999040725,0.7064601324481034,0.6798027109502519,0.755713560182834,0.7560634568445869,"{'alpha': 0.001, 'penalty': 'elasticnet', 'loss': 'log_loss', 'class_weight': 'balanced'}","['mfcc_6', 'wav_detail_lvl5_std', 'mfcc_8', 'wav_detail_lvl3_std', 'zcr_mean']",0.5428571428571428,0.6031746031746031,0.4935064935064935,0.6401835556369848,0.6492063492063492,0.6943972835314092,0.6095380029806259,0.7104134992131074,0.8753541076487252,0.8218085106382979,0.9363636363636364,0.9175933156836689
SGD,0.6891106768455592,0.708362548568734,0.680979979340635,0.7592686642965972,0.7491334591128492,"{'alpha': 0.001, 'penalty': 'elasticnet', 'loss': 'log_loss', 'class_weight': 'balanced'}","['mfcc_6', 'mfcc_3', 'mfcc_8', 'mfcc_10', 'wav_detail_lvl3_std', 'spec_centroid']",0.5502645502645502,0.6023166023166023,0.5064935064935064,0.6340797788420222,0.6294165981922761,0.7014652014652014,0.5707898658718331,0.6915970726792467,0.8876508820798514,0.8213058419243986,0.9656565656565657,0.9217235258172789
SGD,0.688901492012091,0.7070492260493655,0.6840895291714965,0.7491112239715592,0.7513568076235355,"{'alpha': 0.0001, 'penalty': 'l2', 'loss': 'log_loss', 'class_weight': 'balanced'}","['mfcc_6', 'mfcc_3', 'wav_detail_lvl3_std', 'spec_centroid']",0.5912162162162162,0.6161971830985915,0.5681818181818182,0.640861692148487,0.6054421768707483,0.7049504950495049,0.5305514157973175,0.6961459834308822,0.8700460829493087,0.8,0.9535353535353536,0.9170627472912376
SGD,0.6888821310380728,0.703156722614661,0.6825010447961267,0.7506348400203149,0.7523565401197536,"{'alpha': 0.001, 'penalty': 'l2', 'loss': 'log_loss', 'class_weight': 'balanced'}","['mfcc_6', 'mfcc_8', 'wav_detail_lvl3_std', 'zcr_mean']",0.5606837606837607,0.592057761732852,0.5324675324675324,0.6230188685934287,0.6388888888888888,0.7070524412296564,0.5827123695976155,0.7176265002047648,0.8670737435415689,0.810359964881475,0.9323232323232323,0.9164242515610673
SGD,0.688821123287524,0.7046479178842345,0.6806850708490053,0.7597765363128491,0.7474606679627421,"{'alpha': 0.001, 'penalty': 'elasticnet', 'loss': 'log_loss', 'class_weight': 'balanced'}","['mfcc_6', 'wav_detail_lvl5_std', 'mfcc_10', 'wav_detail_lvl3_std', 'zcr_mean']",0.5309734513274337,0.5836575875486382,0.487012987012987,0.626199597852676,0.6496408619313647,0.6993127147766323,0.6065573770491803,0.694525315119818,0.8858490566037736,0.8309734513274336,0.9484848484848485,0.9216570909157324
SGD,0.6887251468356922,0.7014449628663154,0.6826918679377695,0.7562214321990859,0.7474564587580851,"{'alpha': 0.001, 'penalty': 'elasticnet', 'loss': 'log_loss', 'class_weight': 'balanced'}","['mfcc_6', 'mfcc_8', 'mfcc_10', 'wav_detail_lvl3_std', 'spec_centroid']",0.5429553264604811,0.5766423357664233,0.512987012987013,0.6183808412748172,0.6408393866020985,0.698943661971831,0.5916542473919523,0.7017814311873343,0.8823807274444969,0.8287488908606921,0.9434343434343434,0.9222071038121041
SGD,0.6883433428306787,0.7109401965933192,0.6770310442441589,0.755713560182834,0.7506164623550579,"{'alpha': 0.0001, 'penalty': 'l2', 'loss': 'log_loss', 'class_weight': 'balanced'}","['mfcc_6', 'mfcc_11', 'wav_detail_lvl5_std', 'mfcc_8', 'mfcc_10', 'wav_detail_lvl3_std', 'zcr_mean']",0.5484460694698354,0.6276150627615062,0.487012987012987,0.6366985718761238,0.6400638467677574,0.6890034364261168,0.5976154992548435,0.6986789049006024,0.8765201122544434,0.8162020905923345,0.9464646464646465,0.9164719102884475
SGD,0.6879674874216603,0.719890539711395,0.6730560878101862,0.7531742001015744,0.7554669108518673,"{'alpha': 0.001, 'penalty': 'l2', 'loss': 'log_loss', 'class_weight': 'balanced'}","['mfcc_6', 'mfcc_3', 'wav_detail_lvl3_std', 'zcr_mean', 'spec_centroid']",0.5616698292220114,0.6757990867579908,0.4805194805194805,0.6433016954853613,0.631578947368421,0.6792452830188679,0.5901639344262295,0.7100612069333001,0.8706536856745479,0.8046272493573264,0.9484848484848485,0.9130378301369404
SGD,0.6879350681558084,0.7079152688859464,0.6790469093747783,0.7587607922803453,0.7533065425681027,"{'alpha': 0.001, 'penalty': 'l2', 'loss': 'log_loss', 'class_weight': 'balanced'}","['mfcc_6', 'mfcc_3', 'mfcc_11', 'wav_detail_lvl5_std', 'mfcc_8', 'mfcc_10', 'wav_detail_lvl3_std']",0.5454545454545454,0.6047430830039525,0.4967532467532468,0.6520996538971827,0.6313213703099511,0.6972972972972973,0.5767511177347243,0.6944023278521294,0.8870292887029289,0.8217054263565892,0.9636363636363636,0.9134176459549961
SGD,0.6877373021575441,0.6976283122098987,0.6958622130753279,0.7572371762315896,0.7663793416838706,"{'alpha': 0.001, 'penalty': 'l2', 'loss': 'log_loss', 'class_weight': 'balanced'}","['mfcc_6', 'mfcc_3', 'mfcc_5', 'mfcc_11', 'mfcc_10', 'spec_centroid']",0.5632530120481928,0.5252808988764045,0.6071428571428571,0.6501595165364513,0.5964912280701754,0.7249466950959488,0.5067064083457526,0.7208799468833784,0.9034676663542643,0.8426573426573427,0.9737373737373738,0.9280985616317818
SGD,0.6877325868514301,0.6971085275989782,0.6863478658560626,0.7480954799390553,0.7184836987311263,"{'alpha': 0.001, 'penalty': 'l2', 'loss': 'log_loss', 'class_weight': 'balanced'}","['mfcc_3', 'mfcc_11', 'mfcc_10', 'wav_detail_lvl3_std']",0.580327868852459,0.5860927152317881,0.5746753246753247,0.6426056961619072,0.6058091286307054,0.6835205992509363,0.5439642324888226,0.6264559438922427,0.8770607630711258,0.8217122683142101,0.9404040404040404,0.8863894561392291
SGD,0.6876809147937438,0.7115023951627774,0.6752998367752466,0.7562214321990859,0.7552026013113448,"{'alpha': 0.001, 'penalty': 'l2', 'loss': 'log_loss', 'class_weight': 'balanced'}","['mfcc_6', 'wav_detail_lvl5_std', 'mfcc_8', 'zcr_mean', 'spec_centroid']",0.5280898876404494,0.6238938053097345,0.4577922077922078,0.6285667764692832,0.6656346749226006,0.6924315619967794,0.6408345752608048,0.7202376007716613,0.8693181818181818,0.8181818181818182,0.9272727272727272,0.9168034266930893
SGD,0.6875482737067751,0.7003023795769425,0.6813632026746781,0.7516505840528187,0.7327333789089071,"{'alpha': 0.001, 'penalty': 'l2', 'loss': 'log_loss', 'class_weight': 'balanced'}","['mfcc_3', 'mfcc_11', 'mfcc_10', 'wav_detail_lvl3_std', 'spec_centroid']",0.5576592082616179,0.5934065934065934,0.525974025974026,0.6414524893446093,0.6269137792103142,0.6824561403508772,0.5797317436661699,0.6495348617088935,0.8780718336483931,0.8250444049733571,0.9383838383838384,0.9072127856732188
SGD,0.6875141820203513,0.7074707986098514,0.6785335793532514,0.7577450482478415,0.7512918997590945,"{'alpha': 0.001, 'penalty': 'l2', 'loss': 'log_loss', 'class_weight': 'balanced'}","['mfcc_6', 'mfcc_3', 'wav_detail_lvl5_std', 'mfcc_8', 'mfcc_10', 'wav_detail_lvl3_std']",0.5454545454545454,0.6047430830039525,0.4967532467532468,0.6445681663365485,0.632436837815811,0.697841726618705,0.5782414307004471,0.6887033617668701,0.8846511627906977,0.8198275862068966,0.9606060606060606,0.920604171173865
SGD,0.687487042303287,0.6994331862520676,0.6854016354016355,0.7531742001015744,0.7571242307077645,"{'alpha': 0.001, 'penalty': 'l2', 'loss': 'log_loss', 'class_weight': 'balanced'}","['mfcc_6', 'mfcc_3', 'mfcc_11', 'mfcc_8', 'zcr_mean', 'spec_centroid']",0.5643564356435643,0.5738255033557047,0.5551948051948052,0.6296033082348026,0.6135792120704108,0.7011494252873564,0.5454545454545454,0.7296938855627798,0.884525479195886,0.8233246301131418,0.9555555555555556,0.9120754983257109
SGD,0.6874679900762048,0.7100634123562731,0.6754058934386803,0.7546978161503302,0.7488854942313269,"{'alpha': 0.001, 'penalty': 'l2', 'loss': 'log_loss', 'class_weight': 'balanced'}","['mfcc_3', 'mfcc_11', 'wav_detail_lvl5_std', 'mfcc_8', 'mfcc_10', 'wav_detail_lvl3_std', 'zcr_mean', 'spec_centroid']",0.5373134328358209,0.631578947368421,0.4675324675324675,0.6620474358563331,0.6502690238278247,0.6714285714285714,0.6304023845007451,0.6744673153778152,0.8748215135649691,0.8271827182718272,0.9282828282828283,0.9101417314598319
SGD,0.6874035017997772,0.695036084983871,0.6817894006418596,0.7511427120365668,0.7411594771137832,"{'alpha': 0.001, 'penalty': 'elasticnet', 'loss': 'log_loss', 'class_weight': 'balanced'}","['mfcc_11', 'wav_detail_lvl5_std', 'mfcc_8', 'mfcc_10', 'wav_detail_lvl3_std', 'zcr_mean', 'spec_centroid']",0.5243055555555556,0.5634328358208955,0.4902597402597403,0.6365184759203271,0.6666666666666666,0.6701807228915663,0.6631892697466468,0.6808316206048289,0.871238283177109,0.8514946962391514,0.8919191919191919,0.9061283348161933
SGD,0.6871774244775706,0.703651380300306,0.7069685930341668,0.7506348400203149,0.7524474590755007,"{'alpha': 0.001, 'penalty': 'elasticnet', 'loss': 'log_loss', 'class_weight': 'balanced'}","['mfcc_6', 'mfcc_3', 'mfcc_11', 'mfcc_8', 'mfcc_10', 'zcr_mean']",0.6147308781869688,0.5452261306532663,0.7045454545454546,0.6116964152009007,0.5546218487394958,0.7425,0.4426229508196721,0.7334768968711729,0.8921795465062471,0.8232280102476516,0.9737373737373738,0.9121690651544285
SGD,0.6870787108904226,0.7052282412680727,0.6770535172174516,0.7531742001015744,0.7456734752882959,"{'alpha': 0.001, 'penalty': 'l2', 'loss': 'log_loss', 'class_weight': 'balanced'}","['mfcc_3', 'mfcc_11', 'wav_detail_lvl5_std', 'mfcc_10', 'spec_centroid']",0.546112115732369,0.6163265306122448,0.4902597402597403,0.6607934477201133,0.6379310344827587,0.6727272727272727,0.6065573770491803,0.6688969975940863,0.8771929824561403,0.8266309204647007,0.9343434343434344,0.9073299805506879
SGD,0.6870116017397804,0.7045526878827642,0.6776358432096137,0.7592686642965972,0.7484075975727152,"{'alpha': 0.001, 'penalty': 'elasticnet', 'loss': 'log_loss', 'class_weight': 'balanced'}","['mfcc_6', 'wav_detail_lvl5_std', 'mfcc_8', 'mfcc_10', 'wav_detail_lvl3_std', 'spec_centroid']",0.5207956600361664,0.5877551020408164,0.4675324675324675,0.6295235623646409,0.6567164179104478,0.6943521594684385,0.6229508196721312,0.6937251780627156,0.8835227272727273,0.8315508021390374,0.9424242424242424,0.9219740522907892
SGD,0.6868173445488436,0.709084324347863,0.6757524503426143,0.760284408329101,0.7506582082160164,"{'alpha': 0.001, 'penalty': 'elasticnet', 'loss': 'log_loss', 'class_weight': 'balanced'}","['mfcc_6', 'wav_detail_lvl5_std', 'mfcc_8', 'mfcc_10', 'wav_detail_lvl3_std', 'zcr_mean', 'spec_centroid']",0.5212569316081331,0.6051502145922747,0.4577922077922078,0.6353908498306547,0.6561514195583596,0.6968174204355109,0.6199701937406855,0.691277008757898,0.8830436824800376,0.8252853380158033,0.9494949494949495,0.9253067660594962
SGD,0.6865166408443976,0.7087329730280904,0.6761900819277868,0.760792280345353,0.7623857318708889,"{'alpha': 0.001, 'penalty': 'l2', 'loss': 'log_loss', 'class_weight': 'balanced'}","['mfcc_6', 'mfcc_3', 'mfcc_11', 'wav_detail_lvl5_std', 'mfcc_8', 'mfcc_10', 'spec_centroid']",0.5301645338208409,0.606694560669456,0.4707792207792208,0.6524114011972413,0.6393574297188755,0.6933797909407665,0.5931445603576752,0.7153300216531895,0.8900279589934762,0.8261245674740484,0.9646464646464646,0.9194157727622357
SGD,0.6861233208050805,0.7082406706834828,0.6764014067292755,0.7592686642965972,0.7508018135071977,"{'alpha': 0.001, 'penalty': 'l2', 'loss': 'log_loss', 'class_weight': 'balanced'}","['mfcc_6', 'mfcc_3', 'wav_detail_lvl5_std', 'mfcc_10', 'zcr_mean']",0.538878842676311,0.6081632653061224,0.4837662337662338,0.6420237394554978,0.6302931596091205,0.6947935368043088,0.5767511177347243,0.6901150115202881,0.8891979601298099,0.8217652099400171,0.9686868686868687,0.9202666895458067
SGD,0.6861072277123338,0.7129508165591826,0.6741308479013397,0.7597765363128491,0.7505577275730403,"{'alpha': 0.001, 'penalty': 'l2', 'loss': 'log_loss', 'class_weight': 'balanced'}","['mfcc_6', 'mfcc_3', 'wav_detail_lvl5_std', 'mfcc_10', 'spec_centroid']",0.5363128491620112,0.62882096069869,0.4675324675324675,0.6425404273068619,0.6349717969379532,0.6912280701754386,0.587183308494784,0.6878391050759749,0.8870370370370371,0.8188034188034188,0.9676767676767677,0.9212936503362843
SGD,0.6860766723034949,0.6846385936306177,0.6928192936389657,0.7455561198577958,0.7451294594457009,"{'alpha': 0.001, 'penalty': 'l2', 'loss': 'log_loss', 'class_weight': 'balanced'}","['mfcc_5', 'mfcc_8', 'wav_detail_lvl3_std', 'zcr_mean']",0.5495495495495496,0.5111731843575419,0.5941558441558441,0.6481216450428944,0.6258064516129033,0.6818980667838312,0.5782414307004471,0.6688350075638705,0.8828740157480315,0.8608445297504799,0.906060606060606,0.9184317257303378
SGD,0.6857081196307586,0.7042387484795243,0.6753029908767614,0.750126968004063,0.7448554406658526,"{'alpha': 0.0001, 'penalty': 'elasticnet', 'loss': 'log_loss', 'class_weight': 'balanced'}","['mfcc_6', 'wav_detail_lvl5_std', 'mfcc_8', 'zcr_mean']",0.538878842676311,0.6081632653061224,0.4837662337662338,0.617005582873094,0.6556862745098039,0.6920529801324503,0.6229508196721312,0.7041136838099149,0.8625592417061612,0.8125,0.9191919191919192,0.9134470553145491
SGD,0.6855700288179237,0.6916207963944853,0.6971112372751717,0.7531742001015744,0.7544443533369485,"{'alpha': 0.001, 'penalty': 'l2', 'loss': 'log_loss', 'class_weight': 'balanced'}","['mfcc_3', 'mfcc_5', 'mfcc_11', 'mfcc_10', 'zcr_mean', 'spec_centroid']",0.552821997105644,0.49869451697127937,0.6201298701298701,0.6475096334325076,0.6012163336229366,0.7208333333333333,0.5156482861400894,0.6961106203040038,0.9026717557251909,0.8553345388788427,0.9555555555555556,0.919712806274334
SGD,0.6853412696326794,0.7024124771936764,0.7060637601621208,0.7491112239715592,0.7518729481852988,"{'alpha': 0.001, 'penalty': 'l2', 'loss': 'log_loss', 'class_weight': 'balanced'}","['mfcc_6', 'mfcc_3', 'mfcc_11', 'mfcc_8', 'mfcc_10']",0.614950634696756,0.543640897755611,0.7077922077922078,0.6151836746829719,0.549718574108818,0.7417721518987341,0.4366616989567809,0.7324778125934468,0.8913546000924641,0.8218243819266837,0.9737373737373738,0.9079573572794779
SGD,0.6852522273670628,0.7065839994359493,0.6761542040230565,0.7567293042153377,0.7498138885928837,"{'alpha': 0.001, 'penalty': 'elasticnet', 'loss': 'log_loss', 'class_weight': 'balanced'}","['mfcc_6', 'mfcc_3', 'wav_detail_lvl5_std', 'mfcc_8', 'mfcc_10']",0.5438282647584973,0.6055776892430279,0.4935064935064935,0.6436291455110768,0.6267432321575062,0.6970802919708029,0.5692995529061102,0.6866029019920001,0.8851851851851852,0.8170940170940171,0.9656565656565657,0.919209618275574
SGD,0.6852129403883124,0.7012827032870476,0.677298748610224,0.7511427120365668,0.7353225683123371,"{'alpha': 0.001, 'penalty': 'l2', 'loss': 'log_loss', 'class_weight': 'balanced'}","['mfcc_3', 'mfcc_10', 'wav_detail_lvl3_std', 'spec_centroid']",0.5518453427065027,0.6015325670498084,0.5097402597402597,0.6314820630825686,0.6269137792103142,0.6824561403508772,0.5797317436661699,0.6634331980891653,0.8768796992481203,0.819859402460457,0.9424242424242424,0.9110524437652772
SGD,0.6851801786137877,0.7067512827170442,0.6760828424762851,0.7562214321990859,0.7534842826950273,"{'alpha': 0.001, 'penalty': 'l2', 'loss': 'log_loss', 'class_weight': 'balanced'}","['mfcc_6', 'mfcc_3', 'mfcc_11', 'wav_detail_lvl5_std', 'mfcc_8', 'mfcc_10']",0.5474060822898033,0.6095617529880478,0.4967532467532468,0.6520627771282681,0.6228430566967954,0.6941391941391941,0.5648286140089419,0.6948334645005778,0.8852913968547641,0.8165529010238908,0.9666666666666667,0.9135566064562364
SGD,0.6851213458412042,0.7181361844836603,0.6710260292227505,0.760792280345353,0.7549104496008026,"{'alpha': 0.001, 'penalty': 'l2', 'loss': 'log_loss', 'class_weight': 'balanced'}","['mfcc_6', 'mfcc_3', 'wav_detail_lvl5_std', 'mfcc_10', 'zcr_mean', 'spec_centroid']",0.5279383429672447,0.6492890995260664,0.4448051948051948,0.6458773796229741,0.6412092283214001,0.6877133105802048,0.6005961251862891,0.6961964698615869,0.8862164662349676,0.8174061433447098,0.9676767676767677,0.9226574993178467
SGD,0.6849364684059273,0.7000317295196364,0.6760990072465481,0.750126968004063,0.7487454174934648,"{'alpha': 0.001, 'penalty': 'l2', 'loss': 'log_loss', 'class_weight': 'balanced'}","['mfcc_3', 'mfcc_11', 'wav_detail_lvl5_std', 'mfcc_8', 'mfcc_10', 'zcr_mean', 'spec_centroid']",0.5428571428571428,0.6031746031746031,0.4935064935064935,0.6622170418190909,0.6370716510903427,0.66721044045677,0.6095380029806259,0.6743580377433072,0.874880611270296,0.8297101449275363,0.9252525252525252,0.9096611729179963
SGD,0.6849061206665713,0.6935768841514155,0.6828034442788541,0.7440325038090401,0.726176823985881,"{'alpha': 0.001, 'penalty': 'l2', 'loss': 'log_loss', 'class_weight': 'balanced'}","['mfcc_3', 'mfcc_11', 'mfcc_10', 'wav_detail_lvl3_std', 'zcr_mean']",0.5775577557755776,0.587248322147651,0.5681818181818182,0.6375599833428085,0.605414273995078,0.6733576642335767,0.5499254843517138,0.6346607930964294,0.8717463322290582,0.8201246660730187,0.9303030303030303,0.9063096955184052
SGD,0.6846386978008119,0.7064711822187922,0.6729393860541402,0.7511427120365668,0.7476711102302369,"{'alpha': 0.001, 'penalty': 'elasticnet', 'loss': 'log_loss', 'class_weight': 'balanced'}","['mfcc_3', 'mfcc_11', 'wav_detail_lvl5_std', 'mfcc_8', 'mfcc_10', 'spec_centroid']",0.5407407407407407,0.6293103448275862,0.474025974025974,0.6578663669771935,0.6403100775193798,0.6672051696284329,0.6154992548435171,0.6760286897373637,0.872865275142315,0.8228980322003577,0.9292929292929293,0.9091182739761539
SGD,0.6844890909327285,0.7041382590772157,0.673597016219967,0.750126968004063,0.7463066677224536,"{'alpha': 0.001, 'penalty': 'elasticnet', 'loss': 'log_loss', 'class_weight': 'balanced'}","['mfcc_3', 'wav_detail_lvl5_std', 'mfcc_10', 'zcr_mean', 'spec_centroid']",0.5421245421245421,0.6218487394957983,0.4805194805194805,0.651893578198074,0.6392552366175329,0.6666666666666666,0.6140089418777943,0.6746886763966468,0.8720874940561103,0.8238993710691824,0.9262626262626262,0.9123377485726398
SGD,0.6843957634670249,0.688692586505351,0.6810249252872204,0.739461655662773,0.7076812028457021,"{'alpha': 0.0001, 'penalty': 'l2', 'loss': 'log_loss', 'class_weight': 'balanced'}","['mfcc_10', 'wav_detail_lvl3_std', 'zcr_mean']",0.5365025466893039,0.5622775800711743,0.512987012987013,0.5865805768543797,0.6661796932067202,0.6532951289398281,0.6795827123695977,0.6391805409766036,0.8505050505050505,0.8505050505050505,0.8505050505050505,0.8972824907061232
SGD,0.684355334248929,0.6935955084040569,0.6817180390950882,0.7496190959878111,0.7479945142073539,"{'alpha': 0.001, 'penalty': 'elasticnet', 'loss': 'log_loss', 'class_weight': 'balanced'}","['mfcc_6', 'mfcc_8', 'mfcc_10', 'wav_detail_lvl3_std', 'zcr_mean']",0.5496688741721855,0.5608108108108109,0.538961038961039,0.624298697065923,0.6240786240786241,0.6927272727272727,0.5678092399403875,0.6994017724761659,0.8793185044959773,0.8272484416740873,0.9383838383838384,0.9202830730799727
SGD,0.6841440857404057,0.6992771921484359,0.6763410845378058,0.7541899441340782,0.747254011416063,"{'alpha': 0.001, 'penalty': 'l2', 'loss': 'log_loss', 'class_weight': 'balanced'}","['mfcc_6', 'wav_detail_lvl5_std', 'mfcc_10', 'zcr_mean']",0.5291005291005291,0.5791505791505791,0.487012987012987,0.6273377048267528,0.6432561851556265,0.6924398625429553,0.6005961251862891,0.6929716106627271,0.8800755429650614,0.8262411347517731,0.9414141414141414,0.9214527187587087
SGD,0.6841036015219165,0.6960249338934812,0.6967019926036319,0.7460639918740477,0.7439329909405653,"{'alpha': 0.001, 'penalty': 'elasticnet', 'loss': 'log_loss', 'class_weight': 'balanced'}","['mfcc_6', 'mfcc_3', 'mfcc_8', 'zcr_mean']",0.5979381443298969,0.5471698113207547,0.6590909090909091,0.5932946017787495,0.5711711711711712,0.7220956719817767,0.47242921013412814,0.7259818703810399,0.8832014890646812,0.818809318377912,0.9585858585858585,0.9125225006619068
SGD,0.6838046124603624,0.6997456270838516,0.7034978985798658,0.7425088877602845,0.7377337570502779,"{'alpha': 0.001, 'penalty': 'l2', 'loss': 'log_loss', 'class_weight': 'balanced'}","['mfcc_6', 'mfcc_3', 'zcr_mean']",0.625,0.5555555555555556,0.7142857142857143,0.5989298515424963,0.5503731343283582,0.7356608478802993,0.4396423248882265,0.7039326605968866,0.876040703052729,0.8080204778156996,0.9565656565656566,0.9103387590114506
SGD,0.6836954345645158,0.6909660852956754,0.6972058603206145,0.7496190959878111,0.7256483498867046,"{'alpha': 0.001, 'penalty': 'l2', 'loss': 'log_loss', 'class_weight': 'balanced'}","['mfcc_6', 'mfcc_5', 'mfcc_8', 'mfcc_10']",0.5406162464985994,0.4753694581280788,0.6266233766233766,0.5380740307782337,0.6148471615720524,0.7426160337552743,0.5245901639344263,0.7078781543899013,0.8956228956228957,0.8549127640036731,0.9404040404040404,0.9309928644919788
SGD,0.6833925623794079,0.6856476755106892,0.6815098683951143,0.7460639918740477,0.7387723248585738,"{'alpha': 0.001, 'penalty': 'l2', 'loss': 'log_loss', 'class_weight': 'balanced'}","['mfcc_11', 'wav_detail_lvl5_std', 'mfcc_10', 'wav_detail_lvl3_std', 'spec_centroid']",0.515702479338843,0.5252525252525253,0.5064935064935064,0.6162233717762058,0.6676760030280091,0.6784615384615384,0.6572280178837556,0.7045222491306915,0.8667992047713717,0.8532289628180039,0.8808080808080808,0.8955713536688241
SGD,0.6832510435329601,0.6997430963138003,0.6771658820839148,0.7552056881665821,0.748020077531252,"{'alpha': 0.001, 'penalty': 'elasticnet', 'loss': 'log_loss', 'class_weight': 'balanced'}","['mfcc_6', 'mfcc_3', 'wav_detail_lvl5_std', 'mfcc_8', 'mfcc_10', 'zcr_mean']",0.5397923875432526,0.5777777777777777,0.5064935064935064,0.6377072277649286,0.6220016542597188,0.6988847583643123,0.5603576751117735,0.6876447044567842,0.8879590887959089,0.8225667527993109,0.9646464646464646,0.9187083003720435
SGD,0.6832053319850173,0.6939427227495516,0.6842984883968489,0.7521584560690706,0.7584516665501314,"{'alpha': 0.001, 'penalty': 'l2', 'loss': 'log_loss', 'class_weight': 'balanced'}","['mfcc_6', 'mfcc_3', 'mfcc_11', 'mfcc_8', 'mfcc_10', 'zcr_mean', 'spec_centroid']",0.5553772070626003,0.5492063492063493,0.5616883116883117,0.6334463164137558,0.6030664395229983,0.7037773359840954,0.5275707898658718,0.725831668591234,0.8911723493694536,0.8288444830582102,0.9636363636363636,0.9160770146454043
SGD,0.6830337609047237,0.6997693176339413,0.7073624614608222,0.7465718638902996,0.7420910955298788,"{'alpha': 0.001, 'penalty': 'l2', 'loss': 'log_loss', 'class_weight': 'balanced'}","['mfcc_6', 'mfcc_3', 'mfcc_8', 'mfcc_10', 'zcr_mean']",0.6065573770491803,0.5235849056603774,0.7207792207792207,0.5923090000034951,0.5512699905926622,0.7474489795918368,0.4366616989567809,0.7132563070112171,0.8912739150723286,0.8282740676496098,0.9646464646464646,0.9207079795749242
SGD,0.6830257134126639,0.685432484426174,0.6808920587609112,0.7435246317927883,0.7360872774126362,"{'alpha': 0.001, 'penalty': 'l2', 'loss': 'log_loss', 'class_weight': 'balanced'}","['mfcc_11', 'wav_detail_lvl5_std', 'mfcc_8', 'mfcc_10', 'wav_detail_lvl3_std', 'spec_centroid']",0.5224625623960066,0.5358361774744027,0.5097402597402597,0.6263537468270227,0.6621823617339312,0.664167916041979,0.6602086438152012,0.6786407575793976,0.864432216108054,0.8562933597621407,0.8727272727272727,0.9032673278314881
SGD,0.6828596965418465,0.6891394571466773,0.692644635267586,0.7486033519553073,0.7627687690817883,"{'alpha': 0.001, 'penalty': 'elasticnet', 'loss': 'log_loss', 'class_weight': 'balanced'}","['mfcc_3', 'mfcc_5', 'mfcc_8', 'mfcc_10', 'zcr_mean', 'spec_centroid']",0.5505124450951684,0.5013333333333333,0.6103896103896104,0.6392337414133811,0.6067415730337079,0.7222222222222222,0.5230998509687034,0.7103516878796001,0.8913250714966635,0.8438628158844765,0.9444444444444444,0.9387208779523835
SGD,0.6827565647262523,0.7034668515753312,0.6714159550225124,0.7486033519553073,0.7478140861714362,"{'alpha': 0.001, 'penalty': 'elasticnet', 'loss': 'log_loss', 'class_weight': 'balanced'}","['mfcc_3', 'mfcc_11', 'wav_detail_lvl5_std', 'mfcc_8', 'mfcc_10', 'wav_detail_lvl3_std', 'spec_centroid']",0.5387453874538746,0.6239316239316239,0.474025974025974,0.6577497965020203,0.6398763523956723,0.6645264847512039,0.61698956780924,0.675880107396512,0.8696479543292103,0.8219424460431655,0.9232323232323232,0.9098123546157764
SGD,0.6826115222355548,0.6935406783265986,0.677425701196193,0.750126968004063,0.7497657190865491,"{'alpha': 0.001, 'penalty': 'l2', 'loss': 'log_loss', 'class_weight': 'balanced'}","['mfcc_6', 'wav_detail_lvl5_std', 'mfcc_8', 'mfcc_10', 'wav_detail_lvl3_std', 'zcr_mean']",0.5358361774744027,0.564748201438849,0.5097402597402597,0.6323427242262579,0.6334405144694534,0.68760907504363,0.587183308494784,0.6957163778061238,0.8785578747628083,0.8282647584973166,0.9353535353535354,0.9212380552272655
SGD,0.6826065070839032,0.6918836294150416,0.6895678092399405,0.7521584560690706,0.7666337305680923,"{'alpha': 0.001, 'penalty': 'elasticnet', 'loss': 'log_loss', 'class_weight': 'balanced'}","['mfcc_6', 'mfcc_3', 'mfcc_5', 'mfcc_11', 'mfcc_8', 'spec_centroid']",0.5506807866868382,0.5155807365439093,0.5909090909090909,0.6254226658338166,0.6005221932114883,0.7217573221757322,0.5141579731743666,0.7326871919459395,0.8966165413533834,0.8383128295254832,0.9636363636363636,0.9417913339245207
SGD,0.6822945890827364,0.6883371159115229,0.6817618022536056,0.7384459116302692,0.7102727858097039,"{'alpha': 0.001, 'penalty': 'l2', 'loss': 'log_loss', 'class_weight': 'balanced'}","['mfcc_3', 'mfcc_10', 'wav_detail_lvl3_std']",0.5821138211382114,0.5830618892508144,0.5811688311688312,0.6287520273448038,0.5991836734693877,0.6624548736462094,0.5469448584202683,0.6243498691373407,0.86558627264061,0.8194945848375451,0.9171717171717172,0.8777164609469674
SGD,0.6814993042731178,0.69573977047668,0.6740736798113848,0.7486033519553073,0.7463964855986999,"{'alpha': 0.001, 'penalty': 'elasticnet', 'loss': 'log_loss', 'class_weight': 'balanced'}","['mfcc_6', 'wav_detail_lvl5_std', 'mfcc_8', 'mfcc_10', 'wav_detail_lvl3_std']",0.5359019264448336,0.5817490494296578,0.4967532467532468,0.6287392889077117,0.6357827476038339,0.685025817555938,0.5931445603576752,0.689861272667228,0.8728132387706856,0.8204444444444444,0.9323232323232323,0.92058889522116
SGD,0.6813609473789818,0.6954796100447919,0.6731010337567714,0.7480954799390553,0.7426406115910088,"{'alpha': 0.001, 'penalty': 'l2', 'loss': 'log_loss', 'class_weight': 'balanced'}","['mfcc_3', 'wav_detail_lvl5_std', 'mfcc_10', 'wav_detail_lvl3_std', 'spec_centroid']",0.5338078291814946,0.5905511811023622,0.487012987012987,0.6462098720259127,0.6355140186915887,0.6655791190864601,0.6080476900149031,0.6693206894521901,0.8747609942638623,0.8303085299455535,0.9242424242424242,0.9123912732949234
SGD,0.6811699061043672,0.6923629746992606,0.6820310836704279,0.7465718638902996,0.7465018381980563,"{'alpha': 0.001, 'penalty': 'elasticnet', 'loss': 'log_loss', 'class_weight': 'balanced'}","['mfcc_6', 'mfcc_3', 'mfcc_8', 'zcr_mean', 'spec_centroid']",0.5668276972624798,0.5623003194888179,0.5714285714285714,0.6132393924629892,0.5955631399317406,0.6966067864271457,0.5201192250372578,0.7092356825241214,0.8811188811188811,0.8181818181818182,0.9545454545454546,0.9170304396070583
SGD,0.6811520017148394,0.7026558523780637,0.7077121724662708,0.7460639918740477,0.7448523985076206,"{'alpha': 0.001, 'penalty': 'elasticnet', 'loss': 'log_loss', 'class_weight': 'balanced'}","['mfcc_6', 'mfcc_3', 'mfcc_11', 'mfcc_10']",0.624484181568088,0.5417661097852029,0.737012987012987,0.6189229011802996,0.5284474445515911,0.7486338797814208,0.4083457526080477,0.7074680518311168,0.890524379024839,0.8175675675675675,0.9777777777777777,0.9081662425114457
SGD,0.6807949051688497,0.6793132656144815,0.6833581718827619,0.739461655662773,0.7229716656310989,"{'alpha': 0.001, 'penalty': 'l2', 'loss': 'log_loss', 'class_weight': 'balanced'}","['mfcc_11', 'wav_detail_lvl5_std', 'mfcc_10', 'wav_detail_lvl3_std', 'zcr_mean']",0.525,0.5060240963855421,0.5454545454545454,0.6169133429311956,0.653816499614495,0.6773162939297125,0.6318926974664679,0.663562746684485,0.863568215892054,0.8545994065281899,0.8727272727272727,0.8884389072776164
SGD,0.6806947097039663,0.6930684256184945,0.6742495209708325,0.7506348400203149,0.7498633884702283,"{'alpha': 0.001, 'penalty': 'l2', 'loss': 'log_loss', 'class_weight': 'balanced'}","['mfcc_6', 'mfcc_11', 'wav_detail_lvl5_std', 'mfcc_8', 'mfcc_10', 'zcr_mean']",0.5252173913043479,0.5655430711610487,0.4902597402597403,0.6360385362561248,0.6369426751592356,0.6837606837606838,0.5961251862891207,0.7016546612572836,0.8799240626483151,0.8299015219337511,0.9363636363636364,0.9118969678972764
SGD,0.6805447841578959,0.6937797856364324,0.6735792743989465,0.7435246317927883,0.7400515402314699,"{'alpha': 0.001, 'penalty': 'elasticnet', 'loss': 'log_loss', 'class_weight': 'balanced'}","['mfcc_3', 'mfcc_11', 'wav_detail_lvl5_std', 'mfcc_8', 'mfcc_10', 'wav_detail_lvl3_std', 'zcr_mean']",0.5530434782608695,0.5955056179775281,0.5162337662337663,0.6527971614922636,0.6198083067092651,0.6678141135972461,0.5782414307004471,0.6607513270012696,0.8687825675035529,0.8180196253345228,0.9262626262626262,0.9066061322008765
SGD,0.6799754795261174,0.691043928367768,0.6742164029049275,0.7496190959878111,0.7453643786038328,"{'alpha': 0.001, 'penalty': 'l2', 'loss': 'log_loss', 'class_weight': 'balanced'}","['mfcc_6', 'mfcc_11', 'wav_detail_lvl5_std', 'mfcc_8', 'mfcc_10']",0.5197934595524957,0.5531135531135531,0.4902597402597403,0.6318857273437982,0.6438247011952192,0.6917808219178082,0.6020864381520119,0.692346918478697,0.8763082778306375,0.8282374100719424,0.9303030303030303,0.9118604899890033
SGD,0.6799639271931702,0.7011182995534982,0.67072560105347,0.7552056881665821,0.7500592515100957,"{'alpha': 0.001, 'penalty': 'l2', 'loss': 'log_loss', 'class_weight': 'balanced'}","['mfcc_6', 'mfcc_3', 'wav_detail_lvl5_std', 'mfcc_8', 'mfcc_10', 'spec_centroid']",0.5244122965641953,0.5918367346938775,0.4707792207792208,0.6393566981834702,0.628757108042242,0.6910714285714286,0.5767511177347243,0.6886102442094156,0.8867223769730733,0.820446735395189,0.9646464646464646,0.9222108121374011
SGD,0.6799293612927926,0.6887892742240017,0.6765090404434666,0.7389537836465211,0.7233092694191373,"{'alpha': 0.001, 'penalty': 'l2', 'loss': 'log_loss', 'class_weight': 'balanced'}","['mfcc_3', 'mfcc_10', 'wav_detail_lvl3_std', 'zcr_mean']",0.568561872909699,0.5862068965517241,0.551948051948052,0.6294650552145049,0.605668016194332,0.6631205673758865,0.5573770491803278,0.6325092635818302,0.8655581947743468,0.8170403587443946,0.9202020202020202,0.9079534894610769
SGD,0.6797556704290608,0.691584695978897,0.6733663725467004,0.7480954799390553,0.7452568760362057,"{'alpha': 0.001, 'penalty': 'l2', 'loss': 'log_loss', 'class_weight': 'balanced'}","['mfcc_6', 'wav_detail_lvl5_std', 'mfcc_8', 'mfcc_10']",0.5233968804159446,0.5613382899628253,0.4902597402597403,0.6259134934807697,0.6433677521842732,0.6887755102040817,0.6035767511177347,0.6897248560924638,0.8725023786869648,0.8246402877697842,0.9262626262626262,0.9201322785353834
SGD,0.6797355387012343,0.6913648044142064,0.6739341108193567,0.7414931437277806,0.7364578295518642,"{'alpha': 0.001, 'penalty': 'l2', 'loss': 'log_loss', 'class_weight': 'balanced'}","['mfcc_3', 'mfcc_11', 'wav_detail_lvl5_std', 'mfcc_10', 'zcr_mean']",0.5601374570446735,0.5948905109489051,0.5292207792207793,0.6562841049149183,0.6094627105052125,0.6597222222222222,0.5663189269746647,0.6469379215020697,0.869606448553817,0.8194816800714924,0.9262626262626262,0.9061514622386048
SGD,0.6797209735852121,0.698119866638077,0.6704149220542663,0.7536820721178263,0.7473910303058133,"{'alpha': 0.001, 'penalty': 'l2', 'loss': 'log_loss', 'class_weight': 'balanced'}","['mfcc_6', 'wav_detail_lvl5_std', 'mfcc_8', 'mfcc_10', 'zcr_mean', 'spec_centroid']",0.5108695652173914,0.5778688524590164,0.4577922077922078,0.6235554725178543,0.6497622820919176,0.6937394247038917,0.6110283159463488,0.6945099467430217,0.8785310734463276,0.8227513227513228,0.9424242424242424,0.924107671656564
SGD,0.6794146409144735,0.694024888130696,0.6994350215661691,0.7389537836465211,0.7426333582767084,"{'alpha': 0.001, 'penalty': 'l2', 'loss': 'log_loss', 'class_weight': 'balanced'}","['mfcc_6', 'mfcc_3', 'mfcc_11', 'zcr_mean']",0.6239316239316239,0.5558375634517766,0.711038961038961,0.6242767684641447,0.5386766076421249,0.7189054726368159,0.4307004470938897,0.6989713364250769,0.8756356911696718,0.8073316283034954,0.9565656565656566,0.9046519699409036
SGD,0.6794118831541818,0.6966257033292836,0.6695723826871367,0.7460639918740477,0.7462681770561567,"{'alpha': 0.001, 'penalty': 'l2', 'loss': 'log_loss', 'class_weight': 'balanced'}","['mfcc_3', 'wav_detail_lvl5_std', 'mfcc_8', 'mfcc_10', 'wav_detail_lvl3_std', 'zcr_mean', 'spec_centroid']",0.5309090909090909,0.6033057851239669,0.474025974025974,0.6499803573254985,0.6373456790123457,0.6608,0.6154992548435171,0.675204712252512,0.869980879541109,0.8257713248638838,0.9191919191919192,0.9136194615904596
SGD,0.6791819583082391,0.6862384747819789,0.6740882675308905,0.7455561198577958,0.7410993842168403,"{'alpha': 0.001, 'penalty': 'l2', 'loss': 'log_loss', 'class_weight': 'balanced'}","['mfcc_11', 'wav_detail_lvl5_std', 'mfcc_10', 'wav_detail_lvl3_std', 'zcr_mean', 'spec_centroid']",0.5103448275862069,0.5441176470588235,0.4805194805194805,0.6218540374693515,0.6585735963581184,0.6707882534775889,0.646795827123696,0.7103883997251685,0.8686274509803922,0.8438095238095238,0.8949494949494949,0.8910557154560007
SGD,0.6791023720534314,0.6881529020235769,0.6848133954691331,0.750126968004063,0.7689052531395298,"{'alpha': 0.001, 'penalty': 'l2', 'loss': 'log_loss', 'class_weight': 'balanced'}","['mfcc_6', 'mfcc_3', 'mfcc_5', 'mfcc_11', 'mfcc_8', 'mfcc_10', 'spec_centroid']",0.5412844036697247,0.5115606936416185,0.5746753246753247,0.6248310290345951,0.6003460207612457,0.7154639175257732,0.5171385991058122,0.7392937227767629,0.8956766917293233,0.8374340949033392,0.9626262626262626,0.9425910076072314
SGD,0.6787813592858952,0.6878397951318185,0.6849916022047169,0.7475876079228034,0.7456145829161267,"{'alpha': 0.001, 'penalty': 'elasticnet', 'loss': 'log_loss', 'class_weight': 'balanced'}","['mfcc_6', 'mfcc_3', 'mfcc_8', 'mfcc_10', 'zcr_mean', 'spec_centroid']",0.554364471669219,0.5246376811594203,0.5876623376623377,0.6139304923821155,0.5902777777777778,0.7068607068607069,0.5067064083457526,0.6999009758922028,0.8917018284106891,0.8320209973753281,0.9606060606060606,0.9230122804740619
SGD,0.6786107638773502,0.6879838274194604,0.6742550406484833,0.7399695276790249,0.7368653265656558,"{'alpha': 0.001, 'penalty': 'elasticnet', 'loss': 'log_loss', 'class_weight': 'balanced'}","['mfcc_3', 'mfcc_11', 'wav_detail_lvl5_std', 'mfcc_10', 'wav_detail_lvl3_std', 'zcr_mean']",0.5583756345177665,0.5830388692579506,0.5357142857142857,0.6526437928785589,0.608346709470305,0.6591304347826087,0.5648286140089419,0.6518660040544931,0.8691099476439791,0.8217821782178217,0.9222222222222223,0.9060861827639157
SGD,0.67773152445817,0.68896931636562,0.6727075595928055,0.7430167597765364,0.7421036582018359,"{'alpha': 0.001, 'penalty': 'l2', 'loss': 'log_loss', 'class_weight': 'balanced'}","['mfcc_3', 'mfcc_11', 'mfcc_8', 'mfcc_10', 'wav_detail_lvl3_std', 'zcr_mean', 'spec_centroid']",0.5460750853242321,0.5755395683453237,0.5194805194805194,0.6375627395206421,0.6138933764135702,0.6701940035273368,0.5663189269746647,0.6806624545562693,0.8732261116367077,0.8211743772241993,0.9323232323232323,0.9080857805285963
SGD,0.6777048863939812,0.6884567978173862,0.6737523557195688,0.7425088877602845,0.7213222216811874,"{'alpha': 0.001, 'penalty': 'l2', 'loss': 'log_loss', 'class_weight': 'balanced'}","['mfcc_3', 'mfcc_11', 'wav_detail_lvl5_std', 'mfcc_10']",0.5540540540540541,0.5774647887323944,0.5324675324675324,0.6568202703075012,0.6035889070146819,0.6666666666666666,0.5514157973174366,0.6250126007362807,0.8754716981132076,0.8212389380530973,0.9373737373737374,0.8821337939997801
SGD,0.6776813752294507,0.6929670312023254,0.6694966842507827,0.7455561198577958,0.7425303915690641,"{'alpha': 0.001, 'penalty': 'l2', 'loss': 'log_loss', 'class_weight': 'balanced'}","['mfcc_3', 'wav_detail_lvl5_std', 'mfcc_10', 'spec_centroid']",0.5328596802841918,0.5882352941176471,0.487012987012987,0.6466727839602753,0.6270783847980997,0.668918918918919,0.5901639344262295,0.6693598424357409,0.8731060606060606,0.82174688057041,0.9313131313131313,0.9115585483111758
SGD,0.6776143718361961,0.6876751852849349,0.6742491267081432,0.7430167597765364,0.7204607285720043,"{'alpha': 0.001, 'penalty': 'elasticnet', 'loss': 'log_loss', 'class_weight': 'balanced'}","['mfcc_3', 'mfcc_11', 'wav_detail_lvl5_std', 'mfcc_10', 'wav_detail_lvl3_std']",0.5503355704697986,0.5694444444444444,0.5324675324675324,0.6508700233525403,0.6062091503267973,0.6708860759493671,0.5529061102831595,0.6284740206545301,0.8762983947119924,0.8226950354609929,0.9373737373737374,0.8820381417089425
SGD,0.6774066127411954,0.6877761183141381,0.672691000559853,0.7425088877602845,0.7414226192073944,"{'alpha': 0.001, 'penalty': 'l2', 'loss': 'log_loss', 'class_weight': 'balanced'}","['mfcc_3', 'mfcc_11', 'mfcc_8', 'mfcc_10', 'wav_detail_lvl3_std', 'spec_centroid']",0.54421768707483,0.5714285714285714,0.5194805194805194,0.6355738857155481,0.6151368760064412,0.6690017513134852,0.5692995529061102,0.6807459741055528,0.872865275142315,0.8228980322003577,0.9292929292929293,0.9079479978010822
SGD,0.6773635101668175,0.6800128102873689,0.6750254299434627,0.733875063484002,0.7192448789258118,"{'alpha': 0.001, 'penalty': 'l2', 'loss': 'log_loss', 'class_weight': 'balanced'}","['mfcc_10', 'wav_detail_lvl3_std', 'spec_centroid']",0.5308848080133556,0.5463917525773195,0.5162337662337663,0.5880017981252822,0.6483679525222552,0.6454948301329394,0.6512667660208644,0.6688034659685094,0.8528377699648418,0.8481518481518482,0.8575757575757575,0.9009293726836437
SGD,0.6770520447065177,0.6975323535975045,0.69788832903587,0.7404773996952768,0.7446645019956932,"{'alpha': 0.0001, 'penalty': 'l2', 'loss': 'log_loss', 'class_weight': 'balanced'}","['mfcc_6', 'mfcc_3', 'mfcc_8']",0.6075949367088608,0.5359801488833746,0.7012987012987013,0.5922013308982348,0.5445920303605313,0.7493472584856397,0.4277198211624441,0.7229302959853042,0.878969167050161,0.8072696534234995,0.9646464646464646,0.9188618791035406
SGD,0.677020231251045,0.6758039481597208,0.6807639233868742,0.7384459116302692,0.7100447768725928,"{'alpha': 0.001, 'penalty': 'elasticnet', 'loss': 'log_loss', 'class_weight': 'balanced'}","['mfcc_11', 'wav_detail_lvl5_std', 'mfcc_10', 'wav_detail_lvl3_std']",0.5153374233128835,0.4883720930232558,0.5454545454545454,0.6103296149497414,0.6477987421383647,0.6855241264559068,0.6140089418777943,0.6546798274276668,0.8679245283018868,0.853515625,0.8828282828282829,0.8651248882403701
SGD,0.6768369071111068,0.6825175829700716,0.6829576009903878,0.7470797359065515,0.7273506568189393,"{'alpha': 0.001, 'penalty': 'elasticnet', 'loss': 'log_loss', 'class_weight': 'balanced'}","['mfcc_6', 'mfcc_5', 'mfcc_11', 'mfcc_8', 'mfcc_10']",0.5233082706766917,0.48739495798319327,0.564935064935065,0.5489702189306116,0.6146010186757216,0.7140039447731755,0.5394932935916542,0.7169077768056709,0.8926014319809069,0.8461538461538461,0.9444444444444444,0.9161739747205355
SGD,0.6768264261394479,0.6899470033862828,0.669903169083497,0.7496190959878111,0.7463569323001638,"{'alpha': 0.001, 'penalty': 'elasticnet', 'loss': 'log_loss', 'class_weight': 'balanced'}","['mfcc_6', 'wav_detail_lvl5_std', 'mfcc_8', 'mfcc_10', 'spec_centroid']",0.5096660808435852,0.5555555555555556,0.4707792207792208,0.6239320540139327,0.6418383518225039,0.6852791878172588,0.6035767511177347,0.6937003530014197,0.8789748457522544,0.8290062667860341,0.9353535353535354,0.9214383898851388
SGD,0.6768141881065678,0.6864797918951182,0.6709097217293939,0.733875063484002,0.7129778639605998,"{'alpha': 0.0001, 'penalty': 'l2', 'loss': 'log_loss', 'class_weight': 'balanced'}","['mfcc_3', 'wav_detail_lvl5_std', 'mfcc_10']",0.563573883161512,0.5985401459854015,0.5324675324675324,0.6408523931809784,0.6086274509803922,0.6423841059602649,0.5782414307004471,0.624455775753841,0.8582412301777992,0.8185151237396884,0.902020202020202,0.8736254229469795
SGD,0.6764937743619727,0.6758991317200053,0.6772419747829584,0.7318435754189944,0.7160984345404976,"{'alpha': 0.001, 'penalty': 'l2', 'loss': 'log_loss', 'class_weight': 'balanced'}","['mfcc_11', 'mfcc_10', 'wav_detail_lvl3_std', 'spec_centroid']",0.536115569823435,0.5301587301587302,0.5422077922077922,0.5989662061970025,0.6379440665154951,0.647239263803681,0.6289120715350224,0.6538010530409465,0.8554216867469879,0.8502994011976048,0.8606060606060606,0.8955280443835439
SGD,0.67628512330747,0.6815640212948922,0.6884067056198204,0.7414931437277806,0.7627104465490709,"{'alpha': 0.001, 'penalty': 'elasticnet', 'loss': 'log_loss', 'class_weight': 'balanced'}","['mfcc_3', 'mfcc_5', 'mfcc_11', 'mfcc_8', 'mfcc_10', 'zcr_mean', 'spec_centroid']",0.5504322766570605,0.4948186528497409,0.6201298701298701,0.6423036106310197,0.5902777777777778,0.7068607068607069,0.5067064083457526,0.7075310970588151,0.8881453154875717,0.8430127041742287,0.9383838383838384,0.9382966319573783
SGD,0.6759030584496064,0.6808174321925303,0.6719501809665744,0.7343829355002539,0.7203920865893058,"{'alpha': 0.001, 'penalty': 'l2', 'loss': 'log_loss', 'class_weight': 'balanced'}","['mfcc_11', 'mfcc_10', 'wav_detail_lvl3_std', 'zcr_mean', 'spec_centroid']",0.5322033898305085,0.5567375886524822,0.5097402597402597,0.6038857669611571,0.6400602409638554,0.6468797564687976,0.6333830104321908,0.6665458114266828,0.8554455445544554,0.8388349514563107,0.8727272727272727,0.8907446813800773
SGD,0.675886416186997,0.6792880616383533,0.6731014280194608,0.7399695276790249,0.7384614675334262,"{'alpha': 0.001, 'penalty': 'elasticnet', 'loss': 'log_loss', 'class_weight': 'balanced'}","['wav_detail_lvl5_std', 'mfcc_10', 'wav_detail_lvl3_std', 'spec_centroid']",0.5058626465661642,0.5224913494809689,0.4902597402597403,0.6032004045454104,0.6601208459214502,0.669218989280245,0.6512667660208644,0.7105170396917959,0.8616757560733763,0.8461538461538461,0.8777777777777778,0.9016669583630725
SGD,0.6758645090217085,0.697297673055064,0.7061887414346432,0.7435246317927883,0.7534972363856309,"{'alpha': 0.001, 'penalty': 'elasticnet', 'loss': 'log_loss', 'class_weight': 'balanced'}","['mfcc_6', 'mfcc_3', 'mfcc_5', 'mfcc_10']",0.5997357992073976,0.5055679287305123,0.737012987012987,0.595822486643963,0.5308880308880309,0.7534246575342466,0.4098360655737705,0.7216029499864759,0.896969696969697,0.8329004329004329,0.9717171717171718,0.9430662725264538
SGD,0.6756746309403813,0.683693218185499,0.673456264439871,0.7369222955815135,0.7356790621752899,"{'alpha': 0.001, 'penalty': 'elasticnet', 'loss': 'log_loss', 'class_weight': 'balanced'}","['mfcc_3', 'mfcc_11', 'wav_detail_lvl5_std', 'mfcc_8', 'mfcc_10', 'zcr_mean']",0.5596026490066225,0.5709459459459459,0.5487012987012987,0.6512183238550131,0.5998370008149959,0.6618705035971223,0.5484351713859911,0.6507936823576053,0.8675842429995254,0.8182632050134289,0.9232323232323232,0.9050251803132512
SGD,0.6756709452496582,0.6766119002395646,0.6855715626207429,0.7267648552564754,0.6821484238717256,"{'alpha': 0.001, 'penalty': 'elasticnet', 'loss': 'log_loss', 'class_weight': 'balanced'}","['mfcc_10', 'wav_detail_lvl3_std']",0.5756240822320118,0.5254691689008043,0.6363636363636364,0.5829599490169706,0.6035205364626991,0.6896551724137931,0.5365126676602087,0.6180400540528264,0.8478682170542635,0.8147113594040968,0.8838383838383839,0.8454452685453799
SGD,0.6755730529514669,0.6927315706151739,0.6990036981840261,0.7420010157440325,0.7382167742709447,"{'alpha': 0.001, 'penalty': 'l2', 'loss': 'log_loss', 'class_weight': 'balanced'}","['mfcc_6', 'mfcc_3', 'mfcc_10', 'zcr_mean']",0.6011080332409973,0.5241545893719807,0.7045454545454546,0.5904836137564418,0.5349716446124764,0.7312661498708011,0.4217585692995529,0.7060727028051368,0.8906394810009268,0.8227739726027398,0.9707070707070707,0.9180940062512556
SGD,0.675146672895662,0.6902476009546032,0.6665203952089198,0.7425088877602845,0.7445702495432482,"{'alpha': 0.001, 'penalty': 'elasticnet', 'loss': 'log_loss', 'class_weight': 'balanced'}","['mfcc_3', 'wav_detail_lvl5_std', 'mfcc_8', 'mfcc_10', 'wav_detail_lvl3_std', 'spec_centroid']",0.5268817204301075,0.588,0.4772727272727273,0.6484229646630075,0.6292834890965732,0.6590538336052202,0.6020864381520119,0.6710188864532883,0.8692748091603053,0.8236889692585895,0.9202020202020202,0.9142688975134488
SGD,0.6748465056762813,0.6789720248817929,0.6715117608560232,0.7353986795327577,0.7324941990106245,"{'alpha': 0.001, 'penalty': 'l2', 'loss': 'log_loss', 'class_weight': 'balanced'}","['mfcc_11', 'wav_detail_lvl5_std', 'mfcc_8', 'mfcc_10', 'zcr_mean', 'spec_centroid']",0.5127334465195246,0.5373665480427047,0.4902597402597403,0.6224549422808333,0.6578171091445427,0.6510948905109489,0.6646795827123696,0.6757044479980122,0.8539889613647768,0.8484546360917248,0.8595959595959596,0.899323206753028
SGD,0.6746709639904126,0.684451494029083,0.6706159960258321,0.739461655662773,0.7408089083651386,"{'alpha': 0.001, 'penalty': 'l2', 'loss': 'log_loss', 'class_weight': 'balanced'}","['mfcc_3', 'mfcc_8', 'mfcc_10', 'wav_detail_lvl3_std', 'zcr_mean', 'spec_centroid']",0.543918918918919,0.5669014084507042,0.5227272727272727,0.6317100225985737,0.6095392077607114,0.666077738515901,0.5618479880774963,0.679536160946439,0.8705547652916074,0.8203753351206434,0.9272727272727272,0.911180541550403
SGD,0.6745335746074845,0.6884425991900659,0.6956327521901292,0.744540375825292,0.7540627314175339,"{'alpha': 0.001, 'penalty': 'elasticnet', 'loss': 'log_loss', 'class_weight': 'balanced'}","['mfcc_6', 'mfcc_3', 'mfcc_5', 'spec_centroid']",0.5702479338842975,0.49521531100478466,0.672077922077922,0.6050298931430733,0.5518518518518518,0.7286063569682152,0.44411326378539495,0.7185582315894126,0.9015009380863039,0.841506129597198,0.9707070707070707,0.9386000695201157
SGD,0.674404857210388,0.6847456247456248,0.685454860864697,0.739461655662773,0.7483207476529189,"{'alpha': 0.001, 'penalty': 'l2', 'loss': 'log_loss', 'class_weight': 'balanced'}","['mfcc_6', 'mfcc_3', 'mfcc_11', 'mfcc_8', 'spec_centroid']",0.5773809523809523,0.532967032967033,0.6298701298701299,0.6154968314746969,0.5637823371989296,0.7022222222222222,0.47093889716840537,0.7212952710179461,0.882051282051282,0.819047619047619,0.9555555555555556,0.9081701404661137
SGD,0.6743258055941511,0.6851447414422474,0.6903563346186297,0.7425088877602845,0.718898562804065,"{'alpha': 0.001, 'penalty': 'elasticnet', 'loss': 'log_loss', 'class_weight': 'balanced'}","['mfcc_6', 'mfcc_5', 'mfcc_8']",0.532235939643347,0.46080760095011875,0.6298701298701299,0.5216576378608924,0.5969615728328865,0.7455357142857143,0.4977645305514158,0.703798844828341,0.8937799043062201,0.8490909090909091,0.9434343434343434,0.931239205722962
SGD,0.6743174772550536,0.6906117536783171,0.6650699027748209,0.7374301675977654,0.7428167211595419,"{'alpha': 0.001, 'penalty': 'elasticnet', 'loss': 'log_loss', 'class_weight': 'balanced'}","['mfcc_3', 'mfcc_11', 'wav_detail_lvl5_std', 'wav_detail_lvl3_std', 'zcr_mean', 'spec_centroid']",0.5366726296958855,0.5976095617529881,0.487012987012987,0.6614452322151513,0.631578947368421,0.6677740863787376,0.5991058122205664,0.6742742192070328,0.8547008547008547,0.8064516129032258,0.9090909090909091,0.8927307120564418
SGD,0.6743147732078932,0.6751209048113145,0.6737614237614237,0.7343829355002539,0.738241855543909,"{'alpha': 0.001, 'penalty': 'elasticnet', 'loss': 'log_loss', 'class_weight': 'balanced'}","['wav_detail_lvl5_std', 'mfcc_8', 'mfcc_10', 'wav_detail_lvl3_std', 'spec_centroid']",0.5170731707317073,0.5179153094462541,0.5162337662337663,0.6170938122150345,0.6484434320425209,0.6609907120743034,0.6363636363636364,0.690040338883929,0.8574277168494516,0.8464566929133859,0.8686868686868687,0.9075914155327632
SGD,0.6742506573178236,0.6839678796046721,0.6697628115660903,0.7440325038090401,0.7448833219221086,"{'alpha': 0.001, 'penalty': 'l2', 'loss': 'log_loss', 'class_weight': 'balanced'}","['mfcc_6', 'wav_detail_lvl5_std', 'mfcc_8', 'mfcc_10', 'zcr_mean']",0.5204081632653061,0.5464285714285714,0.4967532467532468,0.6265837533130273,0.6255012028869287,0.6770833333333334,0.5812220566318927,0.6886479473159776,0.8768426058012363,0.8283917340521114,0.9313131313131313,0.919418265137321
SGD,0.6740626960446341,0.6917002113447546,0.6643724520773701,0.7420010157440325,0.7432622520364663,"{'alpha': 0.001, 'penalty': 'elasticnet', 'loss': 'log_loss', 'class_weight': 'balanced'}","['mfcc_3', 'wav_detail_lvl5_std', 'mfcc_8', 'mfcc_10', 'spec_centroid']",0.5272727272727272,0.5991735537190083,0.4707792207792208,0.6454023874616992,0.6256809338521401,0.6547231270358306,0.5991058122205664,0.6706029405322523,0.8692344270090347,0.821203953279425,0.9232323232323232,0.913781428115447
SGD,0.6735808233080798,0.6816879126560039,0.6880368872172151,0.7399695276790249,0.716082136826599,"{'alpha': 0.001, 'penalty': 'elasticnet', 'loss': 'log_loss', 'class_weight': 'balanced'}","['mfcc_6', 'mfcc_5', 'mfcc_8', 'mfcc_10', 'zcr_mean']",0.5283540802213001,0.4602409638554217,0.6201298701298701,0.5186761880006109,0.6045694200351494,0.7366167023554604,0.5126676602086438,0.6958385849451142,0.8878189696677901,0.8482060717571297,0.9313131313131313,0.933731637534072
SGD,0.6730983862941636,0.693180368075887,0.6980846718551637,0.7353986795327577,0.7374309581329807,"{'alpha': 0.001, 'penalty': 'elasticnet', 'loss': 'log_loss', 'class_weight': 'balanced'}","['mfcc_6', 'mfcc_3', 'mfcc_11']",0.6222222222222222,0.5436893203883495,0.7272727272727273,0.6168550041957385,0.5220729366602687,0.7331536388140162,0.40536512667660207,0.6942153221145171,0.875,0.8026981450252951,0.9616161616161616,0.9012225480886862
SGD,0.6722421307008668,0.6770024195382591,0.6684589848524274,0.7333671914677501,0.7353688407946041,"{'alpha': 0.001, 'penalty': 'l2', 'loss': 'log_loss', 'class_weight': 'balanced'}","['mfcc_11', 'wav_detail_lvl5_std', 'mfcc_10', 'zcr_mean', 'spec_centroid']",0.5119453924914675,0.539568345323741,0.487012987012987,0.6169973172035254,0.6499261447562777,0.6442166910688141,0.6557377049180327,0.700097549475097,0.8548548548548549,0.8472222222222222,0.8626262626262626,0.8890116557051903
SGD,0.6722137308030316,0.6734857325087696,0.6712235548301123,0.7303199593702387,0.7333976101677676,"{'alpha': 0.001, 'penalty': 'l2', 'loss': 'log_loss', 'class_weight': 'balanced'}","['mfcc_11', 'mfcc_8', 'mfcc_10', 'wav_detail_lvl3_std', 'zcr_mean', 'spec_centroid']",0.530278232405892,0.5346534653465347,0.525974025974026,0.6154258275487143,0.6282245827010622,0.6398763523956723,0.61698956780924,0.6819762416212813,0.8581383773021404,0.845927379784102,0.8707070707070707,0.9027907613333073
SGD,0.6718069344883598,0.6747717707505996,0.6696579376907246,0.7359065515490096,0.743980171895967,"{'alpha': 0.001, 'penalty': 'elasticnet', 'loss': 'log_loss', 'class_weight': 'balanced'}","['wav_detail_lvl5_std', 'mfcc_8', 'mfcc_10', 'wav_detail_lvl3_std', 'zcr_mean', 'spec_centroid']",0.5066225165562914,0.5168918918918919,0.4967532467532468,0.6252473493781723,0.6482758620689655,0.667192429022082,0.6304023845007451,0.6949682063214522,0.8605224248398226,0.8402309913378249,0.8818181818181818,0.9117249599882766
SGD,0.6716918255034092,0.6783951796346882,0.6683545052397513,0.7308278313864907,0.7123671746206566,"{'alpha': 0.001, 'penalty': 'elasticnet', 'loss': 'log_loss', 'class_weight': 'balanced'}","['mfcc_3', 'wav_detail_lvl5_std', 'mfcc_10', 'wav_detail_lvl3_std']",0.5527638190954773,0.5709342560553633,0.5357142857142857,0.6364628905713569,0.6026962727993656,0.6440677966101694,0.5663189269746647,0.6247184825364505,0.8596153846153847,0.8201834862385321,0.9030303030303031,0.8759201507541623
SGD,0.671619048036353,0.689110602780846,0.6617178813900125,0.7359065515490096,0.7410460332846921,"{'alpha': 0.001, 'penalty': 'l2', 'loss': 'log_loss', 'class_weight': 'balanced'}","['mfcc_3', 'wav_detail_lvl5_std', 'wav_detail_lvl3_std', 'zcr_mean', 'spec_centroid']",0.5289855072463768,0.5983606557377049,0.474025974025974,0.6507578568801587,0.632398753894081,0.6623164763458401,0.6050670640834576,0.6742217530251505,0.8534728829686014,0.8066546762589928,0.906060606060606,0.8981584899487669
SGD,0.6715494066508579,0.682314674469335,0.6652157799698782,0.7323514474352463,0.7466872389191233,"{'alpha': 0.001, 'penalty': 'l2', 'loss': 'log_loss', 'class_weight': 'balanced'}","['mfcc_3', 'mfcc_11', 'wav_detail_lvl5_std', 'mfcc_8', 'wav_detail_lvl3_std', 'zcr_mean', 'spec_centroid']",0.538860103626943,0.5756457564575646,0.5064935064935064,0.659078512027337,0.624113475177305,0.6622073578595318,0.5901639344262295,0.6873225646230081,0.8516746411483254,0.8090909090909091,0.898989898989899,0.8936606401070248
SGD,0.6715234058094365,0.6843359305757862,0.66439058816108,0.739461655662773,0.7427465105500975,"{'alpha': 0.001, 'penalty': 'l2', 'loss': 'log_loss', 'class_weight': 'balanced'}","['mfcc_3', 'wav_detail_lvl5_std', 'mfcc_8', 'mfcc_10', 'zcr_mean', 'spec_centroid']",0.5246478873239436,0.573076923076923,0.4837662337662338,0.6456382395674811,0.6199842643587726,0.6566666666666666,0.587183308494784,0.6708884722407671,0.8699380657455932,0.8232642019837692,0.9222222222222223,0.9117128198420443
SGD,0.6711098636504337,0.6685325965010057,0.6749895520387325,0.7298120873539868,0.721906061304714,"{'alpha': 0.001, 'penalty': 'l2', 'loss': 'log_loss', 'class_weight': 'balanced'}","['wav_detail_lvl5_std', 'mfcc_10', 'wav_detail_lvl3_std', 'zcr_mean']",0.5107692307692308,0.4853801169590643,0.538961038961039,0.6012467047120043,0.6457055214723927,0.665086887835703,0.6274217585692996,0.6671177608000557,0.8568548387096774,0.8551307847082495,0.8585858585858586,0.8973537184020821
SGD,0.6711084614310421,0.6797943805019612,0.6681321410829607,0.7369222955815135,0.7389307175109859,"{'alpha': 0.001, 'penalty': 'l2', 'loss': 'log_loss', 'class_weight': 'balanced'}","['mfcc_3', 'mfcc_8', 'mfcc_10', 'wav_detail_lvl3_std', 'spec_centroid']",0.5384615384615384,0.5551724137931034,0.5227272727272727,0.6288921253173795,0.6038961038961039,0.6631016042780749,0.5543964232488823,0.6760170900199288,0.8709677419354839,0.8211091234347049,0.9272727272727272,0.9118829371956494
SGD,0.6709724316914785,0.6761603359182796,0.6719675285249056,0.7323514474352463,0.7206769245143829,"{'alpha': 0.001, 'penalty': 'l2', 'loss': 'log_loss', 'class_weight': 'balanced'}","['mfcc_3', 'mfcc_8', 'mfcc_10', 'wav_detail_lvl3_std']",0.5553772070626003,0.5492063492063493,0.5616883116883117,0.6359798999366482,0.5904605263157895,0.6587155963302752,0.5350223546944859,0.6239024185894031,0.8670795616960457,0.8205590622182146,0.9191919191919192,0.9021484550170975
SGD,0.6709390411109125,0.6806838015014872,0.6659254528106987,0.7282884713052311,0.7304228286023191,"{'alpha': 0.001, 'penalty': 'elasticnet', 'loss': 'log_loss', 'class_weight': 'balanced'}","['mfcc_3', 'mfcc_11', 'wav_detail_lvl5_std', 'wav_detail_lvl3_std', 'zcr_mean']",0.5568760611205433,0.5836298932384342,0.5324675324675324,0.6525523484932446,0.6075139888089528,0.6551724137931034,0.5663189269746647,0.6477136137760987,0.8484270734032412,0.8032490974729242,0.898989898989899,0.8910025235376141
SGD,0.6708790832008836,0.6807097541950623,0.6659893233663725,0.7348908075165058,0.7365299003404067,"{'alpha': 0.001, 'penalty': 'elasticnet', 'loss': 'log_loss', 'class_weight': 'balanced'}","['mfcc_3', 'wav_detail_lvl5_std', 'mfcc_8', 'mfcc_10', 'wav_detail_lvl3_std', 'zcr_mean']",0.5392491467576792,0.5683453237410072,0.512987012987013,0.6420661469991233,0.6086261980830671,0.6557659208261618,0.5678092399403875,0.6582258980023838,0.8647619047619047,0.818018018018018,0.9171717171717172,0.9092976560197129
SGD,0.6708517060478355,0.6803711924864969,0.6661667415765776,0.733875063484002,0.7339551331846157,"{'alpha': 0.001, 'penalty': 'l2', 'loss': 'log_loss', 'class_weight': 'balanced'}","['mfcc_3', 'wav_detail_lvl5_std', 'mfcc_10', 'zcr_mean']",0.545144804088586,0.5734767025089605,0.5194805194805194,0.6442548236544817,0.6022364217252396,0.648881239242685,0.5618479880774963,0.6493423242205323,0.8651738923296808,0.8187556357078449,0.9171717171717172,0.9082682516788331
SGD,0.6707616657276928,0.6831476147159895,0.6799308463242889,0.7272727272727273,0.7338258258564911,"{'alpha': 0.0001, 'penalty': 'l2', 'loss': 'log_loss', 'class_weight': 'balanced'}","['mfcc_3', 'mfcc_11', 'wav_detail_lvl5_std', 'wav_detail_lvl3_std', 'spec_centroid']",0.5924812030075188,0.5518207282913166,0.6396103896103896,0.6498054073474223,0.5683646112600537,0.7098214285714286,0.47391952309985097,0.6656343826130242,0.851439182915506,0.7878006872852233,0.9262626262626262,0.886037687609027
SGD,0.6706422574395314,0.6780900630843417,0.668453859437466,0.733875063484002,0.7211511357021051,"{'alpha': 0.001, 'penalty': 'l2', 'loss': 'log_loss', 'class_weight': 'balanced'}","['mfcc_3', 'mfcc_11', 'wav_detail_lvl5_std', 'mfcc_8', 'mfcc_10', 'wav_detail_lvl3_std']",0.5472636815920398,0.559322033898305,0.5357142857142857,0.6511117400704434,0.5969180859691808,0.6548042704626335,0.5484351713859911,0.6139082446019318,0.8677450047573739,0.8201438848920863,0.9212121212121213,0.8984334224339401
SGD,0.6704431301524734,0.6770006330339059,0.6792495603971013,0.7414931437277806,0.7280616503024161,"{'alpha': 0.001, 'penalty': 'elasticnet', 'loss': 'log_loss', 'class_weight': 'balanced'}","['mfcc_6', 'mfcc_5', 'mfcc_11', 'mfcc_8']",0.5190615835777126,0.4732620320855615,0.5746753246753247,0.54387086779167,0.6005176876617774,0.7131147540983607,0.518628912071535,0.7197996481088194,0.8917501192179303,0.8446251129177959,0.9444444444444444,0.9205144350067589
SGD,0.670418671700529,0.6763822901075848,0.668918300885514,0.7318435754189944,0.7202942921660304,"{'alpha': 0.001, 'penalty': 'l2', 'loss': 'log_loss', 'class_weight': 'balanced'}","['mfcc_3', 'wav_detail_lvl5_std', 'mfcc_8', 'mfcc_10', 'wav_detail_lvl3_std']",0.5493421052631579,0.5566666666666666,0.5422077922077922,0.6494819777012597,0.5972558514931396,0.6514084507042254,0.5514157973174366,0.6062085786581661,0.8646580583452893,0.821071752951862,0.9131313131313131,0.9051923201386652
SGD,0.6700978856271805,0.6761063774956805,0.670741765823733,0.7323514474352463,0.723631555285475,"{'alpha': 0.001, 'penalty': 'l2', 'loss': 'log_loss', 'class_weight': 'balanced'}","['mfcc_3', 'mfcc_11', 'mfcc_8', 'mfcc_10', 'wav_detail_lvl3_std']",0.5548387096774193,0.5512820512820513,0.5584415584415584,0.640759194765848,0.5874587458745875,0.6580406654343808,0.5305514157973175,0.6323304985774519,0.8679962013295347,0.8189964157706093,0.9232323232323232,0.8978049725131252
SGD,0.6700671243439019,0.6886840503420201,0.6994306846765864,0.7389537836465211,0.7595683838000328,"{'alpha': 0.001, 'penalty': 'l2', 'loss': 'log_loss', 'class_weight': 'balanced'}","['mfcc_6', 'mfcc_3', 'mfcc_5']",0.5873015873015873,0.4955357142857143,0.7207792207792207,0.6149449717565806,0.5263157894736842,0.7352941176470589,0.4098360655737705,0.7199603564378263,0.8965839962564343,0.8352223190932868,0.9676767676767677,0.9437998232056917
SGD,0.6698875950719474,0.6759081668319782,0.6687747892665926,0.7323514474352463,0.7174454901639358,"{'alpha': 0.001, 'penalty': 'l2', 'loss': 'log_loss', 'class_weight': 'balanced'}","['mfcc_3', 'wav_detail_lvl5_std', 'mfcc_8', 'mfcc_10']",0.5475409836065573,0.5529801324503312,0.5422077922077922,0.6509629665320817,0.5952960259529603,0.6530249110320284,0.5469448584202683,0.5994013452283351,0.8668257756563246,0.8217194570135746,0.9171717171717172,0.9019721587313902
SGD,0.6697319645172927,0.6695491625895519,0.6699201223791387,0.7262569832402235,0.7292682191900677,"{'alpha': 0.001, 'penalty': 'elasticnet', 'loss': 'log_loss', 'class_weight': 'balanced'}","['mfcc_11', 'wav_detail_lvl5_std', 'mfcc_10', 'spec_centroid']",0.5186385737439222,0.517799352750809,0.5194805194805194,0.609030814810226,0.6423791821561339,0.6409495548961425,0.6438152011922503,0.6851138348521648,0.8481781376518218,0.8498985801217038,0.8464646464646465,0.8936600079078123
SGD,0.669110017877616,0.6665731923716308,0.6730198156427664,0.7267648552564754,0.7044933130638666,"{'alpha': 0.001, 'penalty': 'l2', 'loss': 'log_loss', 'class_weight': 'balanced'}","['mfcc_11', 'wav_detail_lvl5_std', 'mfcc_10']",0.5177195685670262,0.49266862170087977,0.5454545454545454,0.6087019024504177,0.634334103156274,0.6560509554140127,0.6140089418777943,0.6393138788710342,0.8552763819095477,0.851,0.8595959595959596,0.8654641578701479
SGD,0.669042374552023,0.6769469898304309,0.6665546960628927,0.7328593194514982,0.7218452709563722,"{'alpha': 0.001, 'penalty': 'l2', 'loss': 'log_loss', 'class_weight': 'balanced'}","['mfcc_3', 'mfcc_11', 'wav_detail_lvl5_std', 'mfcc_8', 'mfcc_10']",0.5466666666666666,0.5616438356164384,0.5324675324675324,0.6552447753984748,0.592051905920519,0.6494661921708185,0.5439642324888226,0.6127716510737147,0.8684085510688836,0.8197309417040358,0.9232323232323232,0.8975193863969274
SGD,0.6688314373726025,0.6774761737924454,0.6646598695779024,0.7318435754189944,0.7347379207193446,"{'alpha': 0.001, 'penalty': 'elasticnet', 'loss': 'log_loss', 'class_weight': 'balanced'}","['mfcc_3', 'wav_detail_lvl5_std', 'mfcc_10', 'wav_detail_lvl3_std', 'zcr_mean']",0.5423728813559322,0.5673758865248227,0.5194805194805194,0.6410265395007815,0.6001596169193935,0.6460481099656358,0.5603576751117735,0.6541465788445461,0.863961813842482,0.8190045248868778,0.9141414141414141,0.9090406438127062
SGD,0.6688178482154039,0.6733792406043208,0.6652981808719515,0.7282884713052311,0.692095902617298,"{'alpha': 0.0001, 'penalty': 'l2', 'loss': 'log_loss', 'class_weight': 'balanced'}","['wav_detail_lvl5_std', 'mfcc_10', 'wav_detail_lvl3_std']",0.5218855218855218,0.541958041958042,0.5032467532467533,0.5869232577309782,0.6367098248286367,0.6510903426791277,0.6229508196721312,0.6413481381568699,0.8478581979320532,0.8270893371757925,0.8696969696969697,0.8480163119640463
SGD,0.6687840678608857,0.665594409934006,0.6742104889645874,0.7211782630777044,0.7213383423747448,"{'alpha': 0.001, 'penalty': 'elasticnet', 'loss': 'log_loss', 'class_weight': 'balanced'}","['mfcc_11', 'wav_detail_lvl5_std', 'mfcc_8', 'mfcc_10', 'wav_detail_lvl3_std', 'zcr_mean']",0.5426829268292683,0.5114942528735632,0.577922077922078,0.6316215272976429,0.616822429906542,0.6460032626427407,0.5901639344262295,0.6345196655827466,0.8468468468468469,0.8392857142857143,0.8545454545454545,0.897873834243845
SGD,0.6686346075378363,0.6835893905029341,0.6881090372893652,0.7379380396140173,0.7443026052353904,"{'alpha': 0.001, 'penalty': 'l2', 'loss': 'log_loss', 'class_weight': 'balanced'}","['mfcc_6', 'mfcc_3', 'mfcc_11', 'mfcc_10', 'spec_centroid']",0.5868945868945868,0.5228426395939086,0.6688311688311688,0.6252124938134922,0.5284780578898226,0.7075,0.4217585692995529,0.6932657144157668,0.8905311778290993,0.8204255319148936,0.9737373737373738,0.914429607476912
SGD,0.66847783436502,0.6747549756668239,0.6667695692285855,0.7328593194514982,0.7320833761615714,"{'alpha': 0.001, 'penalty': 'elasticnet', 'loss': 'log_loss', 'class_weight': 'balanced'}","['mfcc_3', 'wav_detail_lvl5_std', 'mfcc_8', 'mfcc_10', 'zcr_mean']",0.5379537953795379,0.5469798657718121,0.5292207792207793,0.6406846676055343,0.5988700564971752,0.653169014084507,0.5529061102831595,0.6492074631389085,0.8686096512183469,0.8241160471441523,0.9181818181818182,0.9063579977402711
SGD,0.6684739689034042,0.6804080925765031,0.6808553923308022,0.7389537836465211,0.7549733648908091,"{'alpha': 0.001, 'penalty': 'l2', 'loss': 'log_loss', 'class_weight': 'balanced'}","['mfcc_6', 'mfcc_3', 'mfcc_11', 'mfcc_8', 'mfcc_10', 'spec_centroid']",0.5596465390279823,0.5121293800539084,0.6168831168831169,0.6188787276317735,0.555956678700361,0.7048054919908466,0.45901639344262296,0.7295048411532122,0.8898186889818689,0.8242894056847545,0.9666666666666667,0.9165365258874412
SGD,0.6682456204951182,0.6741474973175864,0.6653604743768678,0.7536820721178263,0.7084370272532023,"{'alpha': 0.001, 'penalty': 'l2', 'loss': 'log_loss', 'class_weight': 'balanced'}","['mfcc_6', 'mfcc_5', 'mfcc_11', 'mfcc_8', 'mfcc_10', 'zcr_mean', 'spec_centroid']",0.4395973154362416,0.4548611111111111,0.4253246753246753,0.49916685296024776,0.6698187549251379,0.7107023411371237,0.6333830104321908,0.7007295066359566,0.8953207911239749,0.8568790397045245,0.9373737373737374,0.9254147221634028
SGD,0.6681186787468106,0.6951177504129834,0.7081415245349673,0.7384459116302692,0.7526366327467767,"{'alpha': 0.001, 'penalty': 'l2', 'loss': 'log_loss', 'class_weight': 'balanced'}","['mfcc_6', 'mfcc_3', 'mfcc_5', 'mfcc_10', 'spec_centroid']",0.5927770859277709,0.4808080808080808,0.7727272727272727,0.5999316192547833,0.5094152626362736,0.7603550295857988,0.3830104321907601,0.7228720887982261,0.9021636876763875,0.8441901408450704,0.9686868686868687,0.9351061901873209
SGD,0.6671367768325026,0.6855758526898242,0.6900472326701835,0.7369222955815135,0.7317562388134854,"{'alpha': 0.001, 'penalty': 'l2', 'loss': 'log_loss', 'class_weight': 'balanced'}","['mfcc_6', 'mfcc_3', 'mfcc_8', 'mfcc_10', 'spec_centroid']",0.5636856368563685,0.48372093023255813,0.6753246753246753,0.5743387625337204,0.5466540999057493,0.7435897435897436,0.43219076005961254,0.6909018686426763,0.8910705937353903,0.8294168842471714,0.9626262626262626,0.9300280852640593
SGD,0.666757260486924,0.678438327252323,0.6851189490533752,0.7374301675977654,0.743449742742238,"{'alpha': 0.001, 'penalty': 'elasticnet', 'loss': 'log_loss', 'class_weight': 'balanced'}","['mfcc_3', 'mfcc_5', 'mfcc_8', 'zcr_mean', 'spec_centroid']",0.5362517099863201,0.46335697399527187,0.6363636363636364,0.5910959884904361,0.5680580762250453,0.7262180974477959,0.46646795827123694,0.703860814245274,0.8959619952494062,0.8457399103139014,0.9525252525252526,0.9353924254910039
SGD,0.6662661535069073,0.6723515299465466,0.6615223270960976,0.7237176231589639,0.725632827035232,"{'alpha': 0.001, 'penalty': 'elasticnet', 'loss': 'log_loss', 'class_weight': 'balanced'}","['mfcc_10', 'wav_detail_lvl3_std', 'zcr_mean', 'spec_centroid']",0.5273972602739726,0.5579710144927537,0.5,0.588738709693252,0.628099173553719,0.6333333333333333,0.6229508196721312,0.6879843315889081,0.8433020266930301,0.8257502420135527,0.8616161616161616,0.9001754398235358
SGD,0.6658920378871832,0.6723580987822384,0.6612479202643137,0.7328593194514982,0.7412997074472137,"{'alpha': 0.001, 'penalty': 'l2', 'loss': 'log_loss', 'class_weight': 'balanced'}","['wav_detail_lvl5_std', 'mfcc_10', 'wav_detail_lvl3_std', 'zcr_mean', 'spec_centroid']",0.4948453608247423,0.5255474452554745,0.4675324675324675,0.6042490431594061,0.6463878326996197,0.6599378881987578,0.6333830104321908,0.7183312770416713,0.8564429201371877,0.8315889628924833,0.8828282828282829,0.9013188021405638
SGD,0.6658080332627284,0.6709964702796368,0.666981682555453,0.7298120873539868,0.7319209069662723,"{'alpha': 0.001, 'penalty': 'l2', 'loss': 'log_loss', 'class_weight': 'balanced'}","['mfcc_3', 'mfcc_8', 'mfcc_10', 'wav_detail_lvl3_std', 'zcr_mean']",0.5416666666666666,0.5348101265822784,0.5487012987012987,0.628720544715012,0.5881383855024712,0.6574585635359116,0.5320417287630402,0.661570310709454,0.8676190476190476,0.8207207207207208,0.9202020202020202,0.9054718654743508
SGD,0.6655591952814683,0.6892292817108229,0.6967875476072197,0.7348908075165058,0.7358897703751422,"{'alpha': 0.001, 'penalty': 'l2', 'loss': 'log_loss', 'class_weight': 'balanced'}","['mfcc_6', 'mfcc_3', 'mfcc_8', 'mfcc_10']",0.5879265091863517,0.4933920704845815,0.7272727272727273,0.5883354772438327,0.5185185185185185,0.7492957746478873,0.39642324888226527,0.6948881524856776,0.8902325581395348,0.825,0.9666666666666667,0.9244456813959168
SGD,0.6652058602499845,0.6713167320611141,0.6664301090530599,0.7293042153377349,0.7336746840823892,"{'alpha': 0.001, 'penalty': 'l2', 'loss': 'log_loss', 'class_weight': 'balanced'}","['mfcc_3', 'mfcc_11', 'mfcc_8', 'mfcc_10', 'wav_detail_lvl3_std', 'zcr_mean']",0.5457463884430177,0.5396825396825397,0.551948051948052,0.6339250983514123,0.5825726141078839,0.6573033707865169,0.5230998509687034,0.6626948176119517,0.8672985781990521,0.8169642857142857,0.9242424242424242,0.904404136283804
SGD,0.6650621248082206,0.6631609654630087,0.6675379872101184,0.7221940071102082,0.7288781735839764,"{'alpha': 0.001, 'penalty': 'elasticnet', 'loss': 'log_loss', 'class_weight': 'balanced'}","['mfcc_11', 'mfcc_8', 'mfcc_10', 'wav_detail_lvl3_std', 'spec_centroid']",0.5220125786163522,0.5060975609756098,0.538961038961039,0.6042149697409073,0.6189024390243902,0.6333853354134166,0.6050670640834576,0.6812797099442743,0.8542713567839196,0.85,0.8585858585858586,0.9011398410667479
SGD,0.6647312095187684,0.6610639314887394,0.6699745306302684,0.718638902996445,0.7185402315037965,"{'alpha': 0.001, 'penalty': 'l2', 'loss': 'log_loss', 'class_weight': 'balanced'}","['mfcc_11', 'wav_detail_lvl5_std', 'mfcc_10', 'zcr_mean']",0.524390243902439,0.4942528735632184,0.5584415584415584,0.6131605629982412,0.6233766233766234,0.6394984326018809,0.6080476900149031,0.6550361313714202,0.8464267612772428,0.8494404883011191,0.8434343434343434,0.8874240001417284
SGD,0.6645274554275575,0.6598976316305608,0.6711782146208375,0.713052310817674,0.7229722655402955,"{'alpha': 0.001, 'penalty': 'elasticnet', 'loss': 'log_loss', 'class_weight': 'balanced'}","['mfcc_11', 'wav_detail_lvl5_std', 'wav_detail_lvl3_std', 'zcr_mean']",0.521870286576169,0.48732394366197185,0.5616883116883117,0.6025606777886005,0.6492146596858639,0.6516516516516516,0.646795827123696,0.6880276080689992,0.8224974200206399,0.8407172995780591,0.805050505050505,0.8783285107632867
SGD,0.6644927498266701,0.6746832136623572,0.6807619520734275,0.7328593194514982,0.7138096061621159,"{'alpha': 0.001, 'penalty': 'elasticnet', 'loss': 'log_loss', 'class_weight': 'balanced'}","['mfcc_6', 'mfcc_5', 'mfcc_8', 'zcr_mean']",0.5218579234972678,0.45047169811320753,0.6201298701298701,0.510837904835551,0.5857142857142857,0.7305122494432071,0.488822652757079,0.696711206488775,0.8859060402684564,0.843065693430657,0.9333333333333333,0.9338797071620215
SGD,0.6642442065149575,0.6882781631932317,0.6967666516846845,0.7343829355002539,0.7257554205683059,"{'alpha': 0.001, 'penalty': 'elasticnet', 'loss': 'log_loss', 'class_weight': 'balanced'}","['mfcc_6', 'mfcc_3', 'mfcc_10', 'spec_centroid']",0.602921646746348,0.5101123595505618,0.737012987012987,0.5631212488637809,0.5,0.736231884057971,0.37853949329359166,0.6909418297665963,0.8898109727985246,0.818490245971162,0.9747474747474747,0.9232031830745402
SGD,0.6642186726998257,0.6683739297467751,0.6674721453409979,0.7425088877602845,0.7094179837610488,"{'alpha': 0.001, 'penalty': 'elasticnet', 'loss': 'log_loss', 'class_weight': 'balanced'}","['mfcc_6', 'mfcc_5', 'mfcc_11', 'mfcc_8', 'mfcc_10', 'spec_centroid']",0.46646341463414637,0.4396551724137931,0.4967532467532468,0.4965583479583765,0.631404958677686,0.7087198515769945,0.5692995529061102,0.7079089288007373,0.8947876447876448,0.8567467652495379,0.9363636363636364,0.9237866745240325
SGD,0.6640730408031148,0.6796757681682107,0.6548060621831114,0.7201625190452006,0.7198645347202971,"{'alpha': 0.0001, 'penalty': 'elasticnet', 'loss': 'log_loss', 'class_weight': 'balanced'}","['mfcc_3', 'wav_detail_lvl5_std', 'mfcc_8', 'wav_detail_lvl3_std', 'zcr_mean']",0.5238095238095238,0.6008403361344538,0.4642857142857143,0.6238933049100438,0.638728323699422,0.6199158485273493,0.6587183308494784,0.6384989843220695,0.8296812749003984,0.8182711198428291,0.8414141414141414,0.8972013149287776
SGD,0.6640127205387358,0.6682697916161189,0.6684065479147446,0.7435246317927883,0.6718012496546916,"{'alpha': 0.001, 'penalty': 'l2', 'loss': 'log_loss', 'class_weight': 'balanced'}","['mfcc_6', 'mfcc_5', 'mfcc_11', 'mfcc_10', 'spec_centroid']",0.47865853658536583,0.4511494252873563,0.5097402597402597,0.48255650443284853,0.6093489148580968,0.6925996204933587,0.5439642324888226,0.6210321390152279,0.9040307101727447,0.8610603290676416,0.9515151515151515,0.9118151055159984
SGD,0.6636488699352162,0.6726117149888485,0.6589552827257745,0.7120365667851701,0.7349620549728441,"{'alpha': 0.0001, 'penalty': 'elasticnet', 'loss': 'log_loss', 'class_weight': 'balanced'}","['mfcc_8', 'mfcc_10', 'wav_detail_lvl3_std', 'spec_centroid']",0.5340314136125655,0.5773584905660377,0.4967532467532468,0.5950012487233883,0.6332637439109255,0.5939947780678851,0.6780923994038748,0.7048410833758602,0.8236514522821576,0.8464818763326226,0.802020202020202,0.905043832819284
SGD,0.6633436808557348,0.6611046412736336,0.6678395981674671,0.7171152869476892,0.7059113978999904,"{'alpha': 0.001, 'penalty': 'elasticnet', 'loss': 'log_loss', 'class_weight': 'balanced'}","['mfcc_11', 'wav_detail_lvl5_std', 'mfcc_8', 'mfcc_10', 'wav_detail_lvl3_std']",0.5384615384615384,0.5116959064327485,0.5681818181818182,0.6196509878431614,0.6070588235294118,0.640728476821192,0.5767511177347243,0.6030315881016342,0.8445106805762543,0.83088954056696,0.8585858585858586,0.8950516177551757
SGD,0.6632623199730414,0.672318669564628,0.6848409938573873,0.7293042153377349,0.7307962692265355,"{'alpha': 0.001, 'penalty': 'l2', 'loss': 'log_loss', 'class_weight': 'balanced'}","['mfcc_3', 'mfcc_11', 'mfcc_8', 'mfcc_10', 'zcr_mean', 'spec_centroid']",0.5548037889039242,0.4756380510440835,0.6655844155844156,0.6193240128614697,0.5499092558983666,0.703016241299304,0.45156482861400893,0.6681317983838163,0.8850739151168335,0.8383017163504969,0.9373737373737374,0.9049329964343205
SGD,0.6631385847568861,0.6771777573808951,0.6796509198148541,0.7303199593702387,0.7386517372804505,"{'alpha': 0.001, 'penalty': 'elasticnet', 'loss': 'log_loss', 'class_weight': 'balanced'}","['mfcc_6', 'mfcc_3', 'mfcc_11', 'spec_centroid']",0.5843023255813954,0.5289473684210526,0.6525974025974026,0.630275344299868,0.5272895467160037,0.6951219512195121,0.4247391952309985,0.6815816693658816,0.8778238819732596,0.8074639525021204,0.9616161616161616,0.9040981981756018
SGD,0.6625448985324819,0.670054883978885,0.6794691647150665,0.7166074149314373,0.7284509457207351,"{'alpha': 0.0001, 'penalty': 'l2', 'loss': 'log_loss', 'class_weight': 'balanced'}","['mfcc_11', 'wav_detail_lvl5_std', 'wav_detail_lvl3_std', 'spec_centroid']",0.5526675786593708,0.47754137115839246,0.6558441558441559,0.6071894441019114,0.5931156222418358,0.7272727272727273,0.5007451564828614,0.7001312036640149,0.8418514946962391,0.8053505535055351,0.8818181818181818,0.878032189396279
SGD,0.6623933194902173,0.669625001078102,0.6810229539737737,0.7328593194514982,0.7539813807512735,"{'alpha': 0.0001, 'penalty': 'elasticnet', 'loss': 'log_loss', 'class_weight': 'balanced'}","['mfcc_3', 'mfcc_5', 'zcr_mean', 'spec_centroid']",0.5342465753424658,0.46208530805687204,0.6331168831168831,0.636839867326813,0.5558534405719392,0.6941964285714286,0.46348733233979134,0.6956431006604722,0.897079942556247,0.8525932666060054,0.9464646464646465,0.9294611742665354
SGD,0.6621250486779909,0.6675010207523387,0.6610866668243718,0.7425088877602845,0.6887307671893691,"{'alpha': 0.001, 'penalty': 'l2', 'loss': 'log_loss', 'class_weight': 'balanced'}","['mfcc_6', 'mfcc_11', 'mfcc_8', 'mfcc_10', 'zcr_mean', 'spec_centroid']",0.4577922077922078,0.4577922077922078,0.4577922077922078,0.4848345137352968,0.6419354838709678,0.6994727592267135,0.5931445603576752,0.67327681675083,0.8866474543707973,0.8452380952380952,0.9323232323232323,0.9080809710819805
SGD,0.662036763929082,0.6797954989455066,0.6539583974010204,0.728796343321483,0.7357108606664079,"{'alpha': 0.001, 'penalty': 'elasticnet', 'loss': 'log_loss', 'class_weight': 'balanced'}","['mfcc_3', 'wav_detail_lvl5_std', 'wav_detail_lvl3_std', 'spec_centroid']",0.5274336283185841,0.5797665369649806,0.4837662337662338,0.6446197494243416,0.6069975589910497,0.6684587813620072,0.555886736214605,0.67820750208784,0.851679104477612,0.791161178509532,0.9222222222222223,0.8843053304870422
SGD,0.6619788690083674,0.6754449528934007,0.6550315804414165,0.7227018791264601,0.7424998613150035,"{'alpha': 0.001, 'penalty': 'elasticnet', 'loss': 'log_loss', 'class_weight': 'balanced'}","['mfcc_3', 'mfcc_11', 'wav_detail_lvl5_std', 'mfcc_8', 'wav_detail_lvl3_std', 'spec_centroid']",0.5391304347826087,0.5805243445692884,0.5032467532467533,0.6557514556059528,0.6046511627906976,0.6545138888888888,0.5618479880774963,0.6843918016499029,0.8421550094517959,0.7912966252220248,0.9,0.8873563266891549
SGD,0.6619485899526123,0.6707067533997294,0.6801563645825941,0.7308278313864907,0.7491813905197557,"{'alpha': 0.001, 'penalty': 'l2', 'loss': 'log_loss', 'class_weight': 'balanced'}","['mfcc_3', 'mfcc_5', 'mfcc_11', 'mfcc_8', 'zcr_mean', 'spec_centroid']",0.533515731874145,0.46099290780141844,0.6331168831168831,0.603251987154281,0.5632286995515695,0.7072072072072072,0.46795827123695977,0.7071716863891363,0.8891013384321224,0.8439201451905626,0.9393939393939394,0.93712049801585
SGD,0.6616191301841671,0.6658799430812802,0.6619027905913152,0.744540375825292,0.7049761115666863,"{'alpha': 0.001, 'penalty': 'l2', 'loss': 'log_loss', 'class_weight': 'balanced'}","['mfcc_6', 'mfcc_5', 'mfcc_8', 'mfcc_10', 'zcr_mean', 'spec_centroid']",0.4384858044164038,0.4263803680981595,0.4512987012987013,0.4884833373469772,0.6537216828478964,0.7150442477876107,0.6020864381520119,0.695234657225528,0.8926499032882012,0.8562152133580705,0.9323232323232323,0.9312103401275535
SGD,0.661531244005381,0.6685742066648989,0.67980389373832,0.7282884713052311,0.7275495920542735,"{'alpha': 0.001, 'penalty': 'l2', 'loss': 'log_loss', 'class_weight': 'balanced'}","['mfcc_3', 'mfcc_8', 'mfcc_10', 'zcr_mean', 'spec_centroid']",0.5419532324621733,0.4701670644391408,0.6396103896103896,0.6019518395142259,0.5584299732381802,0.6955555555555556,0.46646795827123694,0.6689260321832246,0.8842105263157894,0.84,0.9333333333333333,0.9117709044653703
SGD,0.661047328392191,0.6630371298089979,0.6595281464133923,0.7196546470289487,0.7305378832124148,"{'alpha': 0.001, 'penalty': 'elasticnet', 'loss': 'log_loss', 'class_weight': 'balanced'}","['wav_detail_lvl5_std', 'mfcc_10', 'spec_centroid']",0.5,0.5136986301369864,0.487012987012987,0.5901867604477126,0.6428571428571429,0.6291012838801712,0.6572280178837556,0.7039286921139292,0.8402848423194303,0.8463114754098361,0.8343434343434344,0.8974981970756027
SGD,0.6609827347812539,0.6613764204267637,0.6607180312098344,0.7155916708989335,0.729068867267423,"{'alpha': 0.001, 'penalty': 'l2', 'loss': 'log_loss', 'class_weight': 'balanced'}","['mfcc_11', 'wav_detail_lvl5_std', 'mfcc_8', 'mfcc_10', 'spec_centroid']",0.5163398692810458,0.5197368421052632,0.512987012987013,0.6145112591047467,0.6289493019838354,0.6202898550724638,0.6378539493293591,0.6749824475159945,0.8376590330788805,0.8441025641025641,0.8313131313131313,0.8977128951815281
SGD,0.6608130609686476,0.666673592124709,0.670858467579779,0.7343829355002539,0.723849025666594,"{'alpha': 0.001, 'penalty': 'elasticnet', 'loss': 'log_loss', 'class_weight': 'balanced'}","['mfcc_6', 'mfcc_5', 'mfcc_11', 'mfcc_8', 'zcr_mean']",0.5036179450072359,0.45430809399477806,0.564935064935065,0.5334042447526097,0.5859982713915298,0.6975308641975309,0.5052160953800298,0.7155610989468887,0.8928229665071771,0.8481818181818181,0.9424242424242424,0.9225817333002837
SGD,0.6603032915676161,0.6651305683563749,0.6645080784425047,0.7399695276790249,0.7070648007807634,"{'alpha': 0.001, 'penalty': 'elasticnet', 'loss': 'log_loss', 'class_weight': 'balanced'}","['mfcc_6', 'mfcc_5', 'mfcc_11', 'mfcc_8', 'spec_centroid']",0.46015037593984964,0.42857142857142855,0.4967532467532468,0.4888145884531723,0.6243739565943238,0.7096774193548387,0.5573770491803278,0.7066729205768632,0.8963855421686747,0.8571428571428571,0.9393939393939394,0.925706893312255
SGD,0.6600604069095539,0.6715783768854218,0.679121030760375,0.728796343321483,0.7358202686612926,"{'alpha': 0.001, 'penalty': 'l2', 'loss': 'log_loss', 'class_weight': 'balanced'}","['mfcc_6', 'mfcc_3', 'mfcc_8', 'spec_centroid']",0.5669957686882934,0.5012468827930174,0.6525974025974026,0.5676701350069835,0.5298988040478381,0.6923076923076923,0.42921013412816694,0.7163242115871312,0.8832866479925303,0.8211805555555556,0.9555555555555556,0.9234664593897629
SGD,0.6593001103861691,0.6649762221367901,0.6696882959178042,0.7328593194514982,0.720436457488144,"{'alpha': 0.001, 'penalty': 'elasticnet', 'loss': 'log_loss', 'class_weight': 'balanced'}","['mfcc_6', 'mfcc_5', 'mfcc_11', 'mfcc_8', 'mfcc_10', 'zcr_mean']",0.5014409221902018,0.45077720207253885,0.564935064935065,0.5271106265654812,0.5842696629213483,0.6954732510288066,0.503725782414307,0.7148760152843794,0.8921897460469573,0.8486782133090246,0.9404040404040404,0.9193227306145715
SGD,0.6591372846349447,0.6642676881028619,0.6751243898784883,0.712544438801422,0.7299631849441672,"{'alpha': 0.0001, 'penalty': 'elasticnet', 'loss': 'log_loss', 'class_weight': 'balanced'}","['mfcc_11', 'wav_detail_lvl5_std', 'mfcc_8', 'wav_detail_lvl3_std', 'spec_centroid']",0.554016620498615,0.4830917874396135,0.6493506493506493,0.615696931287273,0.5851528384279476,0.7067510548523207,0.4992548435171386,0.6880084945274934,0.8382423949782714,0.8029602220166513,0.8767676767676768,0.886184129017735
SGD,0.6589532465451716,0.6691161778528473,0.6536847790946152,0.7206703910614525,0.7303603612409785,"{'alpha': 0.001, 'penalty': 'elasticnet', 'loss': 'log_loss', 'class_weight': 'balanced'}","['mfcc_3', 'wav_detail_lvl5_std', 'wav_detail_lvl3_std', 'zcr_mean']",0.5308219178082192,0.5615942028985508,0.5032467532467533,0.6421570953446201,0.6012759170653907,0.6466552315608919,0.5618479880774963,0.652799317375849,0.8447619047619047,0.7990990990990992,0.895959595959596,0.8961246710024665
SGD,0.6589466908223494,0.663853629185941,0.6551210780718978,0.7216861350939563,0.7355501504806113,"{'alpha': 0.001, 'penalty': 'l2', 'loss': 'log_loss', 'class_weight': 'balanced'}","['wav_detail_lvl5_std', 'mfcc_10', 'zcr_mean', 'spec_centroid']",0.4931506849315068,0.5217391304347826,0.4675324675324675,0.595493281838685,0.6405325443786982,0.6358296622613803,0.6453055141579732,0.7132898342407337,0.8431568431568431,0.83399209486166,0.8525252525252526,0.8978673353624154
SGD,0.6588054093982758,0.6723682375966303,0.6512533610894268,0.7227018791264601,0.7403300792564962,"{'alpha': 0.001, 'penalty': 'l2', 'loss': 'log_loss', 'class_weight': 'balanced'}","['mfcc_3', 'wav_detail_lvl5_std', 'mfcc_8', 'wav_detail_lvl3_std', 'zcr_mean', 'spec_centroid']",0.5220458553791887,0.5714285714285714,0.4805194805194805,0.6453167826127175,0.6093133385951065,0.6476510067114094,0.5752608047690015,0.6777727591304977,0.8450570342205324,0.7980251346499102,0.897979797979798,0.8979006960262734
SGD,0.6584673674740745,0.6594602362438898,0.6580804138181188,0.7166074149314373,0.7362318963447181,"{'alpha': 0.001, 'penalty': 'l2', 'loss': 'log_loss', 'class_weight': 'balanced'}","['mfcc_8', 'mfcc_10', 'wav_detail_lvl3_std', 'zcr_mean', 'spec_centroid']",0.5194805194805194,0.5194805194805194,0.5194805194805194,0.6056021457915451,0.6113671274961597,0.6307448494453248,0.5931445603576752,0.6942632363459813,0.8445544554455445,0.8281553398058252,0.8616161616161616,0.9088303068966277
SGD,0.6584232795696464,0.6984232285919137,0.7057609664167042,0.7313357034027425,0.7270941689424788,"{'alpha': 0.001, 'penalty': 'l2', 'loss': 'log_loss', 'class_weight': 'balanced'}","['mfcc_6', 'mfcc_3', 'mfcc_10']",0.6169154228855721,0.5,0.8051948051948052,0.5593632391383089,0.46875,0.7785467128027682,0.3353204172876304,0.6972523340406556,0.889604415823367,0.816722972972973,0.9767676767676767,0.9246669336484721
SGD,0.6583245340941107,0.6665323529166874,0.6742187684810635,0.712544438801422,0.7253486571822515,"{'alpha': 0.0001, 'penalty': 'l2', 'loss': 'log_loss', 'class_weight': 'balanced'}","['mfcc_11', 'wav_detail_lvl5_std', 'wav_detail_lvl3_std', 'zcr_mean', 'spec_centroid']",0.5482093663911846,0.47607655502392343,0.6461038961038961,0.6014370202171114,0.5906277630415562,0.7260869565217392,0.4977645305514158,0.6966792533662971,0.8361364728495916,0.7974335472043996,0.8787878787878788,0.8779296979633456
SGD,0.6582475979436926,0.666224652254064,0.6546806866478998,0.7171152869476892,0.7323772374843681,"{'alpha': 0.001, 'penalty': 'elasticnet', 'loss': 'log_loss', 'class_weight': 'balanced'}","['mfcc_3', 'mfcc_11', 'wav_detail_lvl5_std', 'mfcc_8', 'wav_detail_lvl3_std', 'zcr_mean']",0.540268456375839,0.5590277777777778,0.5227272727272727,0.6493397778365617,0.5934242181234964,0.6423611111111112,0.5514157973174366,0.6567917008547343,0.8410501193317422,0.7972850678733032,0.8898989898989899,0.8910002337618081
SGD,0.6577753337115158,0.6821240252714889,0.6447977038140973,0.712544438801422,0.6964448911134568,"{'alpha': 0.0001, 'penalty': 'l2', 'loss': 'log_loss', 'class_weight': 'balanced'}","['mfcc_3', 'mfcc_11', 'wav_detail_lvl5_std', 'wav_detail_lvl3_std']",0.532319391634981,0.6422018348623854,0.45454545454545453,0.6384244763014882,0.61863173216885,0.604551920341394,0.6333830104321908,0.5927364454400544,0.8223748773307163,0.799618320610687,0.8464646464646465,0.8581737515988273
SGD,0.6577100390820763,0.660760917007727,0.655954155134483,0.7150837988826816,0.6796548993044484,"{'alpha': 0.0001, 'penalty': 'elasticnet', 'loss': 'log_loss', 'class_weight': 'balanced'}","['wav_detail_lvl5_std', 'mfcc_10']",0.5147540983606558,0.5198675496688742,0.5097402597402597,0.5794446263174893,0.6293706293706294,0.6574675324675324,0.6035767511177347,0.6189292117036249,0.8290053895149436,0.8049476688867745,0.8545454545454545,0.8405908598922311
SGD,0.6576113444706028,0.6672004572946483,0.6787902443640149,0.7252412392077197,0.7303403660451614,"{'alpha': 0.001, 'penalty': 'elasticnet', 'loss': 'log_loss', 'class_weight': 'balanced'}","['mfcc_3', 'mfcc_10', 'zcr_mean', 'spec_centroid']",0.5504087193460491,0.47417840375586856,0.6558441558441559,0.634334334225227,0.5396536007292616,0.6948356807511737,0.44113263785394935,0.6459788518296715,0.8827717133364974,0.8325872873769025,0.9393939393939394,0.9107079120805857
SGD,0.6575982655278754,0.6763600693967099,0.6958354032124524,0.7272727272727273,0.7223761452703644,"{'alpha': 0.001, 'penalty': 'l2', 'loss': 'log_loss', 'class_weight': 'balanced'}","['mfcc_3', 'mfcc_5', 'mfcc_11', 'zcr_mean']",0.5746268656716418,0.4657258064516129,0.75,0.5784598482004768,0.5014520813165537,0.7154696132596685,0.3859910581222057,0.6644007459622837,0.8967158495954307,0.8478847884788479,0.9515151515151515,0.9242678416483326
SGD,0.6574348033145144,0.6653222996272848,0.6792538972866842,0.7247333671914677,0.7535864863736411,"{'alpha': 0.001, 'penalty': 'l2', 'loss': 'log_loss', 'class_weight': 'balanced'}","['mfcc_3', 'mfcc_5', 'mfcc_11', 'mfcc_8', 'mfcc_10', 'spec_centroid']",0.543010752688172,0.463302752293578,0.6558441558441559,0.6174552460021646,0.5438121047877146,0.6903669724770642,0.4485842026825633,0.7047329546945983,0.8854815524676569,0.8422971741112124,0.9333333333333333,0.9385712584241604
SGD,0.657226160464309,0.6727536331511154,0.6486807970414529,0.7206703910614525,0.7333038332543759,"{'alpha': 0.001, 'penalty': 'l2', 'loss': 'log_loss', 'class_weight': 'balanced'}","['mfcc_3', 'wav_detail_lvl5_std', 'mfcc_8', 'zcr_mean', 'spec_centroid']",0.525,0.5833333333333334,0.4772727272727273,0.6394306869397572,0.6036249014972419,0.6404682274247492,0.5707898658718331,0.6710023617376712,0.8430535798956852,0.7944593386952636,0.897979797979798,0.8894784510856991
SGD,0.656494879482813,0.666130546686577,0.679944645518416,0.7247333671914677,0.754018952679286,"{'alpha': 0.001, 'penalty': 'elasticnet', 'loss': 'log_loss', 'class_weight': 'balanced'}","['mfcc_3', 'mfcc_5', 'mfcc_8', 'mfcc_10', 'spec_centroid']",0.5418326693227091,0.4584269662921348,0.6623376623376623,0.6025644679525876,0.5401459854014599,0.6964705882352941,0.44113263785394935,0.7196848224516624,0.88750598372427,0.8434940855323021,0.9363636363636364,0.9398075676336077
SGD,0.656420044171422,0.654786773550298,0.6607665255206239,0.7110208227526663,0.7023622931648329,"{'alpha': 0.001, 'penalty': 'elasticnet', 'loss': 'log_loss', 'class_weight': 'balanced'}","['mfcc_11', 'wav_detail_lvl5_std', 'wav_detail_lvl3_std']",0.516030534351145,0.48703170028818443,0.5487012987012987,0.5909598690691888,0.6236220472440945,0.66110183639399,0.5901639344262295,0.6666950691121805,0.8296075509190264,0.8162267839687195,0.8434343434343434,0.8494319413131294
SGD,0.6560620573029207,0.6669120792771431,0.667313257477192,0.7318435754189944,0.704786969793583,"{'alpha': 0.001, 'penalty': 'l2', 'loss': 'log_loss', 'class_weight': 'balanced'}","['mfcc_6', 'mfcc_5', 'mfcc_8', 'spec_centroid']",0.4676753782668501,0.40572792362768495,0.551948051948052,0.4763644956170344,0.6080843585237259,0.7408993576017131,0.5156482861400894,0.7000550820793949,0.8924264351181862,0.8541089566020313,0.9343434343434344,0.9379413316843197
SGD,0.6559982194290072,0.6667052035201063,0.6808120234349743,0.7252412392077197,0.7440062939689769,"{'alpha': 0.001, 'penalty': 'l2', 'loss': 'log_loss', 'class_weight': 'balanced'}","['mfcc_3', 'mfcc_5', 'mfcc_11', 'mfcc_8', 'spec_centroid']",0.5442536327608983,0.45879732739420936,0.6688311688311688,0.5871240296137955,0.5335786568537259,0.6971153846153846,0.43219076005961254,0.7086640408063871,0.8901623686723973,0.8442028985507246,0.9414141414141414,0.9362308114867484
SGD,0.6557561525422422,0.6726867725988775,0.6462533216631577,0.7150837988826816,0.7405760135003693,"{'alpha': 0.001, 'penalty': 'l2', 'loss': 'log_loss', 'class_weight': 'balanced'}","['mfcc_3', 'mfcc_11', 'wav_detail_lvl5_std', 'mfcc_8', 'zcr_mean', 'spec_centroid']",0.539568345323741,0.6048387096774194,0.487012987012987,0.6577697449718479,0.5918367346938775,0.6252072968490879,0.5618479880774963,0.6770149914624515,0.8358633776091081,0.7880143112701252,0.8898989898989899,0.8869433040668089
SGD,0.6556654345286672,0.6680405532146136,0.668910415631727,0.7303199593702387,0.7080316542895337,"{'alpha': 0.001, 'penalty': 'elasticnet', 'loss': 'log_loss', 'class_weight': 'balanced'}","['mfcc_6', 'mfcc_5', 'mfcc_8', 'mfcc_10', 'spec_centroid']",0.47297297297297297,0.4050925925925926,0.5681818181818182,0.48938011524437014,0.6021314387211367,0.7450549450549451,0.5052160953800298,0.6981413971584022,0.8918918918918919,0.8539741219963032,0.9333333333333333,0.9365734504658292
SGD,0.6553666780165787,0.6748605489612246,0.6446742995923324,0.7140680548501778,0.7399909607172637,"{'alpha': 0.001, 'penalty': 'l2', 'loss': 'log_loss', 'class_weight': 'balanced'}","['mfcc_3', 'mfcc_11', 'wav_detail_lvl5_std', 'zcr_mean', 'spec_centroid']",0.5428051001821493,0.6182572614107884,0.4837662337662338,0.6632835434122907,0.5898039215686275,0.6225165562913907,0.5603576751117735,0.6698570520014788,0.8334910122989593,0.7838078291814946,0.8898989898989899,0.8868322867380216
SGD,0.6550305058608711,0.6614476514329388,0.6670274170274171,0.723209751142712,0.7051362834622571,"{'alpha': 0.001, 'penalty': 'l2', 'loss': 'log_loss', 'class_weight': 'balanced'}","['mfcc_5', 'mfcc_8', 'mfcc_10', 'spec_centroid']",0.46567967698519513,0.39770114942528734,0.5616883116883117,0.45744601266349927,0.6240409207161125,0.7290836653386454,0.5454545454545454,0.7382699406062894,0.8753709198813057,0.8575581395348837,0.8939393939393939,0.9196928971169822
SGD,0.6545603568669266,0.6578298753565428,0.6753771122623582,0.7201625190452006,0.7065648155736759,"{'alpha': 0.0001, 'penalty': 'l2', 'loss': 'log_loss', 'class_weight': 'balanced'}","['mfcc_5', 'mfcc_8', 'mfcc_10']",0.5204755614266843,0.43875278396436523,0.6396103896103896,0.4903098096483165,0.5567190226876091,0.671578947368421,0.47540983606557374,0.7124768521231031,0.8864864864864865,0.8631578947368421,0.9111111111111111,0.916907784949608
SGD,0.6544366845701922,0.659013819665953,0.6545375692916676,0.7409852717115287,0.7023400064500344,"{'alpha': 0.001, 'penalty': 'l2', 'loss': 'log_loss', 'class_weight': 'balanced'}","['mfcc_6', 'mfcc_5', 'mfcc_11', 'mfcc_8', 'zcr_mean', 'spec_centroid']",0.4260731319554849,0.4174454828660436,0.43506493506493504,0.4819957328494606,0.6418152350081038,0.7033747779751333,0.5901639344262295,0.6987255589033843,0.895421686746988,0.8562211981566821,0.9383838383838384,0.9262987275972581
SGD,0.6542266091446957,0.6658419119547138,0.6776863088338497,0.7257491112239716,0.7289234728039705,"{'alpha': 0.001, 'penalty': 'l2', 'loss': 'log_loss', 'class_weight': 'balanced'}","['mfcc_3', 'mfcc_11', 'mfcc_10', 'zcr_mean', 'spec_centroid']",0.5408299866131191,0.4601366742596811,0.6558441558441559,0.6432524481935035,0.5300092336103417,0.6966019417475728,0.4277198211624441,0.6391561282378286,0.8918406072106262,0.8407871198568873,0.9494949494949495,0.9043618419805793
SGD,0.6541650677868511,0.6672911783354648,0.6758892594958169,0.7308278313864907,0.7528194539181436,"{'alpha': 0.001, 'penalty': 'l2', 'loss': 'log_loss', 'class_weight': 'balanced'}","['mfcc_3', 'mfcc_5', 'mfcc_11', 'zcr_mean', 'spec_centroid']",0.5187165775401069,0.4409090909090909,0.6298701298701299,0.641583467139162,0.5387453874538746,0.7070217917675545,0.43517138599105815,0.6952845962060041,0.9050332383665717,0.8539426523297491,0.9626262626262626,0.921590298409265
SGD,0.6537805530106294,0.6854129564337824,0.6974597654925523,0.7298120873539868,0.7199144452857471,"{'alpha': 0.001, 'penalty': 'l2', 'loss': 'log_loss', 'class_weight': 'balanced'}","['mfcc_3', 'mfcc_5', 'mfcc_11']",0.5710814094775213,0.4563106796116505,0.762987012987013,0.5879592753174726,0.48484848484848486,0.7523510971786834,0.35767511177347244,0.6558666155661184,0.9054117647058824,0.8475770925110132,0.9717171717171718,0.9159174449736501
SGD,0.6537361537683214,0.6548876661691606,0.6553698578288742,0.7044184865413916,0.7091548539889548,"{'alpha': 0.0001, 'penalty': 'elasticnet', 'loss': 'log_loss', 'class_weight': 'balanced'}","['mfcc_8', 'mfcc_10', 'wav_detail_lvl3_std']",0.5483359746434231,0.5356037151702786,0.5616883116883117,0.6019186219662814,0.5912350597609561,0.6352739726027398,0.5529061102831595,0.625245631102118,0.8216374269005848,0.7937853107344632,0.8515151515151516,0.900300308898465
SGD,0.6536433368294757,0.6507223844506171,0.6591689731033993,0.7049263585576435,0.7174733095436622,"{'alpha': 0.001, 'penalty': 'elasticnet', 'loss': 'log_loss', 'class_weight': 'balanced'}","['mfcc_11', 'wav_detail_lvl5_std', 'mfcc_8', 'mfcc_10', 'zcr_mean']",0.5404580152671755,0.5100864553314121,0.5746753246753247,0.6266335501510415,0.5880503144654088,0.6222961730449251,0.5573770491803278,0.6337988155334554,0.8324216807558429,0.8197845249755142,0.8454545454545455,0.8919875629464895
SGD,0.6531847402354676,0.6531886642006836,0.6532317712645582,0.7100050787201625,0.7296357944218784,"{'alpha': 0.001, 'penalty': 'l2', 'loss': 'log_loss', 'class_weight': 'balanced'}","['wav_detail_lvl5_std', 'mfcc_8', 'mfcc_10', 'spec_centroid']",0.5008130081300813,0.501628664495114,0.5,0.6023730103393415,0.6248153618906942,0.6193265007320644,0.6304023845007451,0.6858981706251102,0.8339258506856272,0.8386108273748724,0.8292929292929293,0.9006362023011834
SGD,0.652930689434193,0.6478385220092705,0.6608355214912592,0.7003555104113763,0.712246970952705,"{'alpha': 0.001, 'penalty': 'l2', 'loss': 'log_loss', 'class_weight': 'balanced'}","['mfcc_11', 'wav_detail_lvl5_std', 'mfcc_8', 'wav_detail_lvl3_std', 'zcr_mean']",0.5230312035661219,0.4821917808219178,0.5714285714285714,0.6094034166587431,0.6191198786039454,0.6306027820710973,0.6080476900149031,0.6463978348370303,0.8166409861325116,0.8307210031347962,0.803030303030303,0.8809396613623415
SGD,0.6528825962145154,0.6614312951474187,0.648582625631806,0.706957846622651,0.7260613170605389,"{'alpha': 0.001, 'penalty': 'l2', 'loss': 'log_loss', 'class_weight': 'balanced'}","['mfcc_3', 'mfcc_11', 'wav_detail_lvl5_std', 'zcr_mean']",0.5549915397631133,0.5795053003533569,0.5324675324675324,0.6579893963085046,0.5746209098164405,0.6185567010309279,0.5365126676602087,0.6365045104887685,0.8290353390639924,0.7862318840579711,0.8767676767676768,0.8836900443843436
SGD,0.6520584522351437,0.6485716551623661,0.666296454001372,0.7034027425088878,0.7177125171705608,"{'alpha': 0.001, 'penalty': 'elasticnet', 'loss': 'log_loss', 'class_weight': 'balanced'}","['mfcc_11', 'mfcc_8', 'mfcc_10', 'wav_detail_lvl3_std', 'zcr_mean']",0.5531914893617021,0.491183879093199,0.6331168831168831,0.6129591614297316,0.5636363636363636,0.6326530612244898,0.5081967213114754,0.6449226849056668,0.8393475037073653,0.8218780251694094,0.8575757575757575,0.8952557051762842
SGD,0.651770203545985,0.6616121936086944,0.6767649169288514,0.7237176231589639,0.747366726727822,"{'alpha': 0.001, 'penalty': 'l2', 'loss': 'log_loss', 'class_weight': 'balanced'}","['mfcc_3', 'mfcc_5', 'mfcc_11', 'mfcc_10', 'spec_centroid']",0.5356200527704486,0.45111111111111113,0.6590909090909091,0.636256912396041,0.5238970588235294,0.6834532374100719,0.4247391952309985,0.689007396566181,0.8957934990439771,0.8502722323049002,0.9464646464646465,0.9168358712212442
SGD,0.6514880602802685,0.6470736354805381,0.6579838194592292,0.7008633824276282,0.7206100357855262,"{'alpha': 0.001, 'penalty': 'elasticnet', 'loss': 'log_loss', 'class_weight': 'balanced'}","['wav_detail_lvl5_std', 'wav_detail_lvl3_std', 'zcr_mean']",0.5030120481927711,0.4691011235955056,0.5422077922077922,0.5919584661208583,0.6413124533929903,0.6417910447761194,0.6408345752608048,0.6884285197628415,0.8101396792550439,0.8303287380699894,0.7909090909090909,0.8814431214728785
SGD,0.651378018822833,0.6556205541431493,0.6716004699611258,0.7171152869476892,0.6961292427400837,"{'alpha': 0.0001, 'penalty': 'elasticnet', 'loss': 'log_loss', 'class_weight': 'balanced'}","['mfcc_5', 'mfcc_8', 'mfcc_10', 'zcr_mean']",0.5098554533508541,0.4282560706401766,0.6298701298701299,0.4544181917389883,0.5619546247818499,0.6778947368421052,0.4798807749627422,0.717266090119284,0.8823239783357951,0.8607108549471661,0.9050505050505051,0.9167034463619792
SGD,0.6513490014867723,0.6663527720403546,0.6781846568731814,0.723209751142712,0.7377009699965839,"{'alpha': 0.001, 'penalty': 'l2', 'loss': 'log_loss', 'class_weight': 'balanced'}","['mfcc_3', 'mfcc_5', 'mfcc_8', 'spec_centroid']",0.533678756476684,0.44396551724137934,0.6688311688311688,0.5630988086770552,0.5280898876404494,0.7103274559193955,0.4202682563338301,0.7126379651568034,0.892278360343184,0.8447653429602888,0.9454545454545454,0.937366136155893
SGD,0.6511878776358421,0.666507803568105,0.6428457092391519,0.7150837988826816,0.7359669649999349,"{'alpha': 0.001, 'penalty': 'l2', 'loss': 'log_loss', 'class_weight': 'balanced'}","['mfcc_3', 'wav_detail_lvl5_std', 'zcr_mean', 'spec_centroid']",0.5178571428571429,0.5753968253968254,0.4707792207792208,0.6464010988054549,0.5977917981072555,0.6348408710217756,0.5648286140089419,0.6721808847449712,0.837914691943128,0.7892857142857143,0.8929292929292929,0.8893189114493785
SGD,0.650897384612493,0.6594154629543704,0.6473450350499531,0.7455561198577958,0.6704353316785531,"{'alpha': 0.001, 'penalty': 'l2', 'loss': 'log_loss', 'class_weight': 'balanced'}","['mfcc_6', 'mfcc_5', 'mfcc_11', 'mfcc_10', 'zcr_mean', 'spec_centroid']",0.41535776614310643,0.4490566037735849,0.38636363636363635,0.478529106800676,0.6345698500394633,0.674496644295302,0.5991058122205664,0.6175922316924309,0.9027645376549094,0.8546931407942239,0.9565656565656566,0.9151846565425525
SGD,0.6508573841437667,0.6634495834214682,0.6451659451659452,0.7160995429151854,0.7371493294108872,"{'alpha': 0.001, 'penalty': 'elasticnet', 'loss': 'log_loss', 'class_weight': 'balanced'}","['mfcc_3', 'wav_detail_lvl5_std', 'mfcc_8', 'wav_detail_lvl3_std', 'spec_centroid']",0.5181347150259067,0.5535055350553506,0.487012987012987,0.6410257655199558,0.5922330097087378,0.647787610619469,0.5454545454545454,0.6796475451934496,0.8422044276966557,0.7890556045895851,0.9030303030303031,0.890774677519256
SGD,0.6507975709404404,0.6477660155157622,0.6643085815216963,0.7028948704926359,0.7111717280547869,"{'alpha': 0.001, 'penalty': 'l2', 'loss': 'log_loss', 'class_weight': 'balanced'}","['mfcc_11', 'mfcc_8', 'mfcc_10', 'wav_detail_lvl3_std']",0.550641940085592,0.4910941475826972,0.6266233766233766,0.6100719198740048,0.5629139072847682,0.633147113594041,0.5067064083457526,0.6292055440469366,0.838836865450961,0.8190567853705486,0.8595959595959596,0.8942377202434192
SGD,0.6507409635211566,0.6565267697324572,0.667130319589336,0.7267648552564754,0.6939076109526795,"{'alpha': 0.001, 'penalty': 'l2', 'loss': 'log_loss', 'class_weight': 'balanced'}","['mfcc_6', 'mfcc_5', 'mfcc_11', 'mfcc_10']",0.5020689655172413,0.4364508393285372,0.5909090909090909,0.5414553069103993,0.5477031802120141,0.6724511930585684,0.46199701937406856,0.634394195365297,0.9024507448342143,0.8606782768102658,0.9484848484848485,0.9058733305823425
SGD,0.6505691903220971,0.6480040621709581,0.6540467122434336,0.7059421025901473,0.7107637343058034,"{'alpha': 0.001, 'penalty': 'elasticnet', 'loss': 'log_loss', 'class_weight': 'balanced'}","['wav_detail_lvl5_std', 'mfcc_10', 'zcr_mean']",0.5054263565891473,0.4836795252225519,0.5292207792207793,0.5889466578185282,0.6147978642257819,0.6296875,0.6005961251862891,0.6510035026102101,0.8314833501513622,0.8306451612903226,0.8323232323232324,0.8923410424886724
SGD,0.6503632664127791,0.6499377047532559,0.6509915706637018,0.7084814626714068,0.7341922007944633,"{'alpha': 0.001, 'penalty': 'elasticnet', 'loss': 'log_loss', 'class_weight': 'balanced'}","['wav_detail_lvl5_std', 'mfcc_8', 'mfcc_10', 'zcr_mean', 'spec_centroid']",0.5008025682182986,0.49523809523809526,0.5064935064935064,0.6090545415540217,0.6156178923426838,0.6265432098765432,0.6050670640834576,0.6894263222229812,0.8346693386773547,0.8280318091451292,0.8414141414141414,0.9040957386063871
SGD,0.6498966050853663,0.6510135808449764,0.6511831823307234,0.7282884713052311,0.6980142943402784,"{'alpha': 0.001, 'penalty': 'l2', 'loss': 'log_loss', 'class_weight': 'balanced'}","['mfcc_5', 'mfcc_11', 'mfcc_8', 'mfcc_10', 'zcr_mean', 'spec_centroid']",0.42923794712286156,0.41194029850746267,0.44805194805194803,0.4560654088168822,0.6461295418641391,0.6873949579831933,0.6095380029806259,0.7259026882866724,0.8743223262690981,0.8537054860442733,0.895959595959596,0.9120747859172804
SGD,0.6496396447700447,0.6508523542436234,0.6510605666343371,0.7293042153377349,0.6985528699554052,"{'alpha': 0.001, 'penalty': 'l2', 'loss': 'log_loss', 'class_weight': 'balanced'}","['mfcc_5', 'mfcc_8', 'mfcc_10', 'zcr_mean', 'spec_centroid']",0.4147465437788018,0.3935860058309038,0.4383116883116883,0.4411125189227461,0.660347551342812,0.7025210084033613,0.6229508196721312,0.731616520681341,0.8738248391885205,0.8564500484966052,0.8919191919191919,0.9229295702621283
SGD,0.6490356491339768,0.6510979761852648,0.6588444949100687,0.7206703910614525,0.6991213010446738,"{'alpha': 0.001, 'penalty': 'elasticnet', 'loss': 'log_loss', 'class_weight': 'balanced'}","['mfcc_5', 'mfcc_11', 'mfcc_8', 'mfcc_10', 'spec_centroid']",0.4676056338028169,0.4129353233830846,0.538961038961039,0.4622056611664556,0.5981620718462823,0.6806083650190115,0.533532041728763,0.7266134732808922,0.8813392417528311,0.8597502401536984,0.9040404040404041,0.9085447686866738
SGD,0.649015350628835,0.6562518986984037,0.6678719277079933,0.7028948704926359,0.7307003863571216,"{'alpha': 0.0001, 'penalty': 'l2', 'loss': 'log_loss', 'class_weight': 'balanced'}","['mfcc_11', 'wav_detail_lvl5_std', 'mfcc_8', 'wav_detail_lvl3_std', 'zcr_mean', 'spec_centroid']",0.5403225806451613,0.4610091743119266,0.6525974025974026,0.6076717979776525,0.5757307351638619,0.7096069868995634,0.4843517138599106,0.6991308968193397,0.8309927360774818,0.7981395348837209,0.8666666666666667,0.8852984642743731
SGD,0.6489808613596478,0.6569866514981886,0.6447330447330447,0.7064499746063991,0.7275123483606022,"{'alpha': 0.001, 'penalty': 'l2', 'loss': 'log_loss', 'class_weight': 'balanced'}","['mfcc_3', 'mfcc_11', 'wav_detail_lvl5_std', 'mfcc_8', 'zcr_mean']",0.535593220338983,0.5602836879432624,0.512987012987013,0.6538671055319527,0.5804916732751785,0.6203389830508474,0.5454545454545454,0.6450281264738473,0.830857690464782,0.7903372835004557,0.8757575757575757,0.8836418130760069
SGD,0.6489171933551034,0.6461171551043066,0.655105307564324,0.7028948704926359,0.7158712633610378,"{'alpha': 0.001, 'penalty': 'l2', 'loss': 'log_loss', 'class_weight': 'balanced'}","['wav_detail_lvl5_std', 'mfcc_8', 'mfcc_10', 'wav_detail_lvl3_std', 'zcr_mean']",0.525679758308157,0.4915254237288136,0.564935064935065,0.619123853724559,0.5874901029295329,0.6266891891891891,0.5529061102831595,0.627699986495754,0.8335817188276204,0.820136852394917,0.8474747474747475,0.9007899498628005
SGD,0.6487129517948423,0.6545805939136512,0.6476466460073018,0.7404773996952768,0.6596713878675214,"{'alpha': 0.001, 'penalty': 'l2', 'loss': 'log_loss', 'class_weight': 'balanced'}","['mfcc_6', 'mfcc_5', 'mfcc_11', 'zcr_mean', 'spec_centroid']",0.423841059602649,0.43243243243243246,0.4155844155844156,0.43944114594698325,0.6182405165456013,0.6742957746478874,0.5707898658718331,0.6217267192630291,0.9040572792362769,0.8570135746606334,0.9565656565656566,0.9178462983925518
SGD,0.6484345869484761,0.6632377320018635,0.6855668314684707,0.718131030980193,0.7333045239231065,"{'alpha': 0.001, 'penalty': 'l2', 'loss': 'log_loss', 'class_weight': 'balanced'}","['mfcc_3', 'mfcc_5', 'mfcc_11', 'mfcc_10', 'zcr_mean']",0.5642946317103621,0.45841784989858014,0.7337662337662337,0.6167292778426565,0.4904214559386973,0.6863270777479893,0.38152011922503726,0.6618491291591084,0.8905876731963689,0.8449682683590208,0.9414141414141414,0.9213351647675543
SGD,0.6484136517826722,0.6608230751981384,0.6415742120660154,0.7059421025901473,0.7327222734494603,"{'alpha': 0.001, 'penalty': 'l2', 'loss': 'log_loss', 'class_weight': 'balanced'}","['mfcc_3', 'mfcc_11', 'wav_detail_lvl5_std', 'spec_centroid']",0.5365853658536586,0.5789473684210527,0.5,0.6583206132744933,0.5830023828435266,0.6241496598639455,0.5469448584202683,0.6666162227326144,0.8256532066508313,0.7793721973094171,0.8777777777777778,0.873229984341273
SGD,0.6482233244134195,0.6519438722082249,0.6616788493837674,0.7054342305738954,0.7315710074833307,"{'alpha': 0.0001, 'penalty': 'elasticnet', 'loss': 'log_loss', 'class_weight': 'balanced'}","['wav_detail_lvl5_std', 'mfcc_8', 'wav_detail_lvl3_std', 'spec_centroid']",0.5216178521617852,0.4572127139364303,0.6071428571428571,0.6063991114611973,0.5859106529209622,0.691683569979716,0.5081967213114754,0.6984546113818727,0.8371414681575109,0.8069353327085286,0.8696969696969697,0.8898592996069226
SGD,0.647501014050151,0.6756463624757814,0.6908625679117483,0.7237176231589639,0.7278968704974252,"{'alpha': 0.001, 'penalty': 'l2', 'loss': 'log_loss', 'class_weight': 'balanced'}","['mfcc_3', 'mfcc_5', 'zcr_mean']",0.5624242424242424,0.44874274661508706,0.7532467532467533,0.5847201867422295,0.477432296890672,0.7300613496932515,0.35469448584202684,0.6685416876254773,0.9026465028355387,0.8481349911190054,0.9646464646464646,0.9304287371245691
SGD,0.6473941424339948,0.6594789814497778,0.6406520316356382,0.7054342305738954,0.7351828158494369,"{'alpha': 0.001, 'penalty': 'l2', 'loss': 'log_loss', 'class_weight': 'balanced'}","['mfcc_3', 'mfcc_11', 'wav_detail_lvl5_std', 'mfcc_8', 'spec_centroid']",0.5331010452961672,0.575187969924812,0.4967532467532468,0.6549725777116148,0.5832012678288431,0.622673434856176,0.5484351713859911,0.6767185449376533,0.8258801141769743,0.7805755395683454,0.8767676767676768,0.8738573248990429
SGD,0.6466945366628291,0.6588255873433245,0.6768410096278948,0.7150837988826816,0.7221923647293956,"{'alpha': 0.001, 'penalty': 'l2', 'loss': 'log_loss', 'class_weight': 'balanced'}","['mfcc_3', 'mfcc_11', 'mfcc_8', 'mfcc_10', 'spec_centroid']",0.552258064516129,0.4582441113490364,0.6948051948051948,0.5863330310396847,0.5065666041275797,0.6835443037974683,0.40238450074515647,0.6736312042822258,0.8812589413447782,0.8346883468834688,0.9333333333333333,0.9066128588662763
SGD,0.6466360330201101,0.6490171716093815,0.6724804642837429,0.6942610462163534,0.7089142716195748,"{'alpha': 0.0001, 'penalty': 'elasticnet', 'loss': 'log_loss', 'class_weight': 'balanced'}","['wav_detail_lvl5_std', 'mfcc_8', 'wav_detail_lvl3_std', 'zcr_mean']",0.5452229299363057,0.44863731656184486,0.6948051948051948,0.6052856554705979,0.5706851691240243,0.6825726141078838,0.4903129657228018,0.6313320950907613,0.824,0.8158415841584158,0.8323232323232324,0.8901250642973649
SGD,0.6465158950624652,0.6487364092520659,0.65765855274052,0.7171152869476892,0.6981898701289196,"{'alpha': 0.001, 'penalty': 'l2', 'loss': 'log_loss', 'class_weight': 'balanced'}","['mfcc_5', 'mfcc_11', 'mfcc_8', 'spec_centroid']",0.46408839779005523,0.40384615384615385,0.5454545454545454,0.4497329476366083,0.59581589958159,0.6793893129770993,0.5305514157973175,0.7357222943154921,0.8796433878157504,0.8629737609329446,0.896969696969697,0.9091143684346586
SGD,0.6463432168937079,0.6514378700696205,0.667377522295555,0.7135601828339259,0.688462664720785,"{'alpha': 0.0001, 'penalty': 'elasticnet', 'loss': 'log_loss', 'class_weight': 'balanced'}","['mfcc_5', 'mfcc_8', 'zcr_mean']",0.5026041666666666,0.41956521739130437,0.6266233766233766,0.4540187932324752,0.553116769095698,0.6730769230769231,0.46944858420268254,0.6927174277886713,0.8833087149187593,0.861671469740634,0.906060606060606,0.9186517731412085
SGD,0.6461421769754283,0.6569625076569404,0.6419239230714641,0.7054342305738954,0.7229767201010079,"{'alpha': 0.001, 'penalty': 'l2', 'loss': 'log_loss', 'class_weight': 'balanced'}","['mfcc_3', 'mfcc_11', 'mfcc_8', 'wav_detail_lvl3_std', 'zcr_mean', 'spec_centroid']",0.5398981324278438,0.5658362989323843,0.5162337662337663,0.6286412676229299,0.5672371638141809,0.6258992805755396,0.518628912071535,0.6574542143108599,0.8312912346842601,0.7791519434628975,0.8909090909090909,0.8828346783692338
SGD,0.646133983742774,0.6645871416809385,0.6356512036839906,0.7003555104113763,0.7086816913938608,"{'alpha': 0.0001, 'penalty': 'l2', 'loss': 'log_loss', 'class_weight': 'balanced'}","['mfcc_3', 'wav_detail_lvl5_std', 'zcr_mean']",0.516728624535316,0.6043478260869565,0.4512987012987013,0.6348977894936908,0.6099495313626532,0.590782122905028,0.6304023845007451,0.6074044278430949,0.8117237953303527,0.7986314760508308,0.8252525252525252,0.883742856844797
SGD,0.6454154893206214,0.6537117805687199,0.6761952073427482,0.7100050787201625,0.6966736884669372,"{'alpha': 0.001, 'penalty': 'l2', 'loss': 'log_loss', 'class_weight': 'balanced'}","['mfcc_5', 'mfcc_11', 'mfcc_8', 'mfcc_10', 'zcr_mean']",0.5323383084577115,0.4314516129032258,0.6948051948051948,0.5007333214724803,0.5227686703096539,0.6721311475409836,0.4277198211624441,0.6810454356531743,0.881139489194499,0.8575525812619503,0.906060606060606,0.9082423082751571
SGD,0.6451734099076187,0.6520419188197376,0.6426966779425796,0.7420010157440325,0.6597330292250055,"{'alpha': 0.001, 'penalty': 'l2', 'loss': 'log_loss', 'class_weight': 'balanced'}","['mfcc_6', 'mfcc_5', 'mfcc_10', 'zcr_mean', 'spec_centroid']",0.4013722126929674,0.4254545454545455,0.37987012987012986,0.45718838669898487,0.6296590007930214,0.6728813559322034,0.5916542473919523,0.5971855078788906,0.9044890162368673,0.8577898550724637,0.9565656565656566,0.9248251930971411
SGD,0.6450637362563268,0.6478486700316443,0.650292937178183,0.7227018791264601,0.6928707166466559,"{'alpha': 0.001, 'penalty': 'l2', 'loss': 'log_loss', 'class_weight': 'balanced'}","['mfcc_5', 'mfcc_11', 'mfcc_8', 'zcr_mean', 'spec_centroid']",0.43023255813953487,0.3894736842105263,0.4805194805194805,0.4399179999146911,0.6244864420706656,0.6959706959706959,0.5663189269746647,0.7248506813993646,0.8804722085587802,0.8581016299137104,0.9040404040404041,0.9138434686259123
SGD,0.6450277495046174,0.6620503551676978,0.6758632381583202,0.7160995429151854,0.7177723427434589,"{'alpha': 0.001, 'penalty': 'l2', 'loss': 'log_loss', 'class_weight': 'balanced'}","['mfcc_3', 'mfcc_8', 'mfcc_10', 'spec_centroid']",0.5380710659898477,0.44166666666666665,0.6883116883116883,0.5593485997020885,0.5114068441064639,0.7060367454068242,0.4008941877794337,0.6767421666252567,0.8856053384175405,0.8384476534296029,0.9383838383838384,0.9172262619030317
SGD,0.6446975767229893,0.6570908888436836,0.6773054510759429,0.713052310817674,0.7410624663706291,"{'alpha': 0.0001, 'penalty': 'elasticnet', 'loss': 'log_loss', 'class_weight': 'balanced'}","['mfcc_3', 'mfcc_5', 'spec_centroid']",0.5393258426966292,0.4381338742393509,0.7012987012987013,0.5805404020185153,0.5088868101028999,0.6834170854271356,0.40536512667660207,0.711016411074367,0.8858800773694391,0.849721706864564,0.9252525252525252,0.9316305860190052
SGD,0.6441002701259082,0.6503369744446935,0.6608315788643657,0.7216861350939563,0.6897732514024778,"{'alpha': 0.001, 'penalty': 'l2', 'loss': 'log_loss', 'class_weight': 'balanced'}","['mfcc_6', 'mfcc_5', 'mfcc_11', 'mfcc_10', 'zcr_mean']",0.4972375690607735,0.4326923076923077,0.5844155844155844,0.5287756393971369,0.5351111111111111,0.6629955947136564,0.4485842026825633,0.6304600223467347,0.8999521302058401,0.8553230209281165,0.9494949494949495,0.9100840924635621
SGD,0.6440410194049772,0.6484984719087169,0.6664013278767377,0.7115286947689182,0.6952542163171639,"{'alpha': 0.0001, 'penalty': 'l2', 'loss': 'log_loss', 'class_weight': 'balanced'}","['mfcc_5', 'mfcc_8']",0.5051813471502591,0.4202586206896552,0.6331168831168831,0.4598673141713313,0.5417766051011433,0.6609442060085837,0.45901639344262296,0.7089759838195474,0.8851651059635288,0.8642925890279115,0.907070707070707,0.9169193509606126
SGD,0.6438046809139915,0.6650464209649106,0.6762768197194426,0.7221940071102082,0.7474502857712547,"{'alpha': 0.001, 'penalty': 'l2', 'loss': 'log_loss', 'class_weight': 'balanced'}","['mfcc_3', 'mfcc_5', 'mfcc_11', 'spec_centroid']",0.5424164524421594,0.44893617021276594,0.685064935064935,0.6315347966329242,0.48927875243664715,0.7070422535211267,0.3740685543964232,0.6910310871519852,0.8997188378631678,0.8391608391608392,0.9696969696969697,0.9197849735288548
SGD,0.6436892857969615,0.6650625248563027,0.6868943139434943,0.7166074149314373,0.723055365154531,"{'alpha': 0.001, 'penalty': 'l2', 'loss': 'log_loss', 'class_weight': 'balanced'}","['mfcc_3', 'mfcc_5', 'mfcc_11', 'mfcc_10']",0.5676004872107187,0.45419103313840153,0.7564935064935064,0.6188304686399958,0.47035573122529645,0.6979472140762464,0.35469448584202684,0.6440358830421535,0.8931116389548693,0.8430493273542601,0.9494949494949495,0.9062997437814433
SGD,0.6436853488809479,0.658689222438186,0.6838127567635764,0.7135601828339259,0.7383909397779305,"{'alpha': 0.0001, 'penalty': 'elasticnet', 'loss': 'log_loss', 'class_weight': 'balanced'}","['mfcc_3', 'mfcc_5', 'mfcc_10', 'zcr_mean']",0.5599022004889975,0.44901960784313727,0.7435064935064936,0.6108296174910175,0.4807692307692308,0.6775067750677507,0.37257824143070045,0.677832580260404,0.8903846153846153,0.8495412844036697,0.9353535353535354,0.9265106215823701
SGD,0.6435000308024136,0.6454202368333876,0.6528154298646102,0.6998476383951244,0.7275985675123765,"{'alpha': 0.0001, 'penalty': 'elasticnet', 'loss': 'log_loss', 'class_weight': 'balanced'}","['wav_detail_lvl5_std', 'wav_detail_lvl3_std', 'spec_centroid']",0.5050215208034433,0.4524421593830334,0.5714285714285714,0.5956342976000059,0.6020066889632107,0.6857142857142857,0.5365126676602087,0.707033041171311,0.8234718826405868,0.7981042654028436,0.8505050505050505,0.8801283637658127
SGD,0.6431698778557601,0.6487793295420028,0.6461654010834339,0.7298120873539868,0.6964491420055919,"{'alpha': 0.001, 'penalty': 'l2', 'loss': 'log_loss', 'class_weight': 'balanced'}","['mfcc_6', 'mfcc_5', 'mfcc_8', 'zcr_mean', 'spec_centroid']",0.4101796407185629,0.38055555555555554,0.4448051948051948,0.46811135797565984,0.6261448792672772,0.7094339622641509,0.5603576751117735,0.688109639444047,0.8931851135814403,0.8563484708063022,0.9333333333333333,0.9331264285970688
SGD,0.6426242216092076,0.6692144904201357,0.6810004810004809,0.718638902996445,0.7388684115864977,"{'alpha': 0.001, 'penalty': 'elasticnet', 'loss': 'log_loss', 'class_weight': 'balanced'}","['mfcc_3', 'mfcc_5', 'mfcc_10', 'spec_centroid']",0.5488257107540173,0.4431137724550898,0.7207792207792207,0.5869812934788657,0.4846077457795432,0.7261904761904762,0.36363636363636365,0.7048595767895424,0.8944392082940622,0.838339222614841,0.9585858585858585,0.9247643644910852
SGD,0.6414545918317688,0.6504181951003057,0.6794348638610934,0.7084814626714068,0.7355629584933915,"{'alpha': 0.0001, 'penalty': 'l2', 'loss': 'log_loss', 'class_weight': 'balanced'}","['mfcc_3', 'mfcc_5', 'mfcc_8']",0.5646766169154229,0.4576612903225806,0.737012987012987,0.5892959772864934,0.47690857681432614,0.6487179487179487,0.3770491803278688,0.6743021927870345,0.8827785817655571,0.8448753462603878,0.9242424242424242,0.9430907054066464
SGD,0.6414085732601412,0.6632538722336109,0.6768496834070605,0.7140680548501778,0.7279578206166781,"{'alpha': 0.001, 'penalty': 'elasticnet', 'loss': 'log_loss', 'class_weight': 'balanced'}","['mfcc_6', 'mfcc_3', 'spec_centroid']",0.578125,0.4826086956521739,0.7207792207792207,0.5817822463906989,0.4688427299703264,0.6970588235294117,0.353204172876304,0.6840423314615398,0.8772579898100973,0.8100940975192472,0.9565656565656566,0.9180488839977956
SGD,0.6413577050873084,0.6444478196963362,0.6387986027330289,0.6988318943626206,0.7242591500258854,"{'alpha': 0.001, 'penalty': 'elasticnet', 'loss': 'log_loss', 'class_weight': 'balanced'}","['wav_detail_lvl5_std', 'wav_detail_lvl3_std', 'zcr_mean', 'spec_centroid']",0.47892074198988194,0.4982456140350877,0.461038961038961,0.5806161206611646,0.6425406203840472,0.636896046852123,0.6482861400894188,0.7136595182418735,0.802611752887996,0.7982017982017982,0.807070707070707,0.8785018111746179
SGD,0.6413408521303259,0.6553863968498114,0.6789313904068002,0.712544438801422,0.7127120833522791,"{'alpha': 0.001, 'penalty': 'l2', 'loss': 'log_loss', 'class_weight': 'balanced'}","['mfcc_3', 'mfcc_5', 'mfcc_11', 'mfcc_8', 'zcr_mean']",0.5614035087719298,0.45714285714285713,0.7272727272727273,0.54542098493791,0.475,0.6693766937669376,0.368107302533532,0.6571691613000293,0.8876190476190476,0.8396396396396396,0.9414141414141414,0.935546103818898
SGD,0.6412517027573306,0.6541643001483907,0.6589552827257745,0.7100050787201625,0.6903658724264466,"{'alpha': 0.001, 'penalty': 'l2', 'loss': 'log_loss', 'class_weight': 'balanced'}","['mfcc_5', 'mfcc_8', 'spec_centroid']",0.45764854614412137,0.3747412008281574,0.5876623376623377,0.42877933525411027,0.5904255319148937,0.7286652078774617,0.496274217585693,0.7221722099594882,0.8756810302129767,0.859086491739553,0.8929292929292929,0.9201460720657417
SGD,0.6408711765985511,0.6407823644445944,0.6460364771840181,0.6947689182326053,0.7022002639965478,"{'alpha': 0.001, 'penalty': 'elasticnet', 'loss': 'log_loss', 'class_weight': 'balanced'}","['wav_detail_lvl5_std', 'mfcc_8', 'mfcc_10', 'wav_detail_lvl3_std']",0.5337423312883436,0.5058139534883721,0.564935064935065,0.6133273527247604,0.5663140764849471,0.6236559139784946,0.518628912071535,0.594178950564188,0.8225571220223626,0.7928772258669166,0.8545454545454545,0.899094488700695
SGD,0.6406154506265279,0.6513069169844631,0.6741209913341062,0.7054342305738954,0.6922144644186178,"{'alpha': 0.001, 'penalty': 'l2', 'loss': 'log_loss', 'class_weight': 'balanced'}","['mfcc_5', 'mfcc_11', 'mfcc_8', 'zcr_mean']",0.5286236297198539,0.42300194931773877,0.7045454545454546,0.4728565956694794,0.5142857142857142,0.6739130434782609,0.4157973174366617,0.6941015165957944,0.8789370078740157,0.8570057581573897,0.902020202020202,0.9096852809905797
SGD,0.6402186056951987,0.6461212385025791,0.6759783628636088,0.7054342305738954,0.7244717739571622,"{'alpha': 0.0001, 'penalty': 'elasticnet', 'loss': 'log_loss', 'class_weight': 'balanced'}","['mfcc_3', 'mfcc_5', 'mfcc_11', 'mfcc_8']",0.5635220125786163,0.459958932238193,0.7272727272727273,0.5893184264634236,0.479108635097493,0.6354679802955665,0.38450074515648286,0.6406501031921196,0.8780251694094869,0.8429368029739777,0.9161616161616162,0.9434467922159435
SGD,0.640081867491096,0.6449565931442052,0.6526849289144371,0.6993397663788725,0.7275484154694345,"{'alpha': 0.0001, 'penalty': 'l2', 'loss': 'log_loss', 'class_weight': 'balanced'}","['wav_detail_lvl5_std', 'mfcc_8', 'wav_detail_lvl3_std', 'zcr_mean', 'spec_centroid']",0.504881450488145,0.44254278728606355,0.5876623376623377,0.5975417358214979,0.5827586206896552,0.6912065439672802,0.503725782414307,0.6961806813145746,0.8326055312954876,0.8011204481792717,0.8666666666666667,0.888922829272231
SGD,0.6399031437065319,0.6459146190873081,0.6376721942295713,0.7008633824276282,0.7217938881238198,"{'alpha': 0.001, 'penalty': 'elasticnet', 'loss': 'log_loss', 'class_weight': 'balanced'}","['mfcc_3', 'wav_detail_lvl5_std', 'mfcc_8', 'zcr_mean']",0.5149501661129569,0.5272108843537415,0.5032467532467533,0.6375222603042832,0.5748598879103283,0.6211072664359861,0.5350223546944859,0.6423004729814201,0.8298993770963105,0.7894257064721969,0.8747474747474747,0.8855589310857562
SGD,0.6397835008972076,0.645916894878046,0.6404198109116143,0.7221940071102082,0.6925428632537441,"{'alpha': 0.001, 'penalty': 'l2', 'loss': 'log_loss', 'class_weight': 'balanced'}","['mfcc_6', 'mfcc_11', 'mfcc_8', 'zcr_mean', 'spec_centroid']",0.4394904458598726,0.43125,0.44805194805194803,0.4975249867427928,0.6061106523534269,0.6796296296296296,0.5469448584202683,0.6693421589639729,0.873749404478323,0.8268710550045085,0.9262626262626262,0.9107614440544667
SGD,0.6397195579611993,0.6562826362644315,0.6798709183955086,0.7120365667851701,0.7146456540677052,"{'alpha': 0.001, 'penalty': 'l2', 'loss': 'log_loss', 'class_weight': 'balanced'}","['mfcc_3', 'mfcc_5', 'mfcc_8', 'zcr_mean']",0.5611866501854141,0.4530938123752495,0.737012987012987,0.5429779731774504,0.4688715953307393,0.6750700280112045,0.3591654247391952,0.6634726087533951,0.8891004283674441,0.8406840684068407,0.9434343434343434,0.9374863802722699
SGD,0.6396878340417489,0.6559489651099241,0.6782804627066922,0.7089893346876587,0.7267748041320438,"{'alpha': 0.0001, 'penalty': 'l2', 'loss': 'log_loss', 'class_weight': 'balanced'}","['mfcc_3', 'mfcc_5']",0.5494505494505495,0.44031311154598823,0.7305194805194806,0.5910437016791485,0.4860710854947166,0.6837837837837838,0.3770491803278688,0.6660036679673823,0.8835418671799807,0.84375,0.9272727272727272,0.9232770427496004
SGD,0.6396863267947923,0.6400527564979678,0.6466195917015589,0.7150837988826816,0.6470380407871786,"{'alpha': 0.001, 'penalty': 'l2', 'loss': 'log_loss', 'class_weight': 'balanced'}","['mfcc_5', 'mfcc_11', 'mfcc_10', 'spec_centroid']",0.4538799414348463,0.41333333333333333,0.5032467532467533,0.4033939399924815,0.5836065573770491,0.6484517304189436,0.5305514157973175,0.6459649023110053,0.8815724815724816,0.8583732057416268,0.906060606060606,0.8917552800580493
SGD,0.6392220550464954,0.6348669168372293,0.6465998785670917,0.6891823260538344,0.7016541397381464,"{'alpha': 0.001, 'penalty': 'l2', 'loss': 'log_loss', 'class_weight': 'balanced'}","['mfcc_11', 'wav_detail_lvl5_std', 'mfcc_8', 'mfcc_10']",0.523168908819133,0.48476454293628807,0.5681818181818182,0.6161662198336567,0.5767731878409976,0.6045751633986928,0.5514157973174366,0.5986902040328749,0.8177240684793555,0.8152610441767069,0.8202020202020202,0.8901059953479077
SGD,0.6390051067669821,0.6508204762154098,0.6576427822329461,0.7140680548501778,0.6962800455911163,"{'alpha': 0.001, 'penalty': 'elasticnet', 'loss': 'log_loss', 'class_weight': 'balanced'}","['mfcc_6', 'mfcc_11', 'mfcc_8', 'mfcc_10', 'zcr_mean']",0.4979702300405954,0.42691415313225056,0.5974025974025974,0.49648419985482445,0.5364963503649635,0.691764705882353,0.43815201192250375,0.684311786111418,0.8825487398953875,0.8337825696316262,0.9373737373737374,0.9080441508071064
SGD,0.6387800410077639,0.649776485608092,0.6341746899123949,0.6952767902488572,0.7268453539555645,"{'alpha': 0.001, 'penalty': 'l2', 'loss': 'log_loss', 'class_weight': 'balanced'}","['mfcc_3', 'mfcc_11', 'wav_detail_lvl3_std', 'zcr_mean', 'spec_centroid']",0.5470085470085471,0.5776173285198556,0.5194805194805194,0.6397527420723083,0.547077922077922,0.6007130124777184,0.5022354694485842,0.6588912649933497,0.8222536539368223,0.770999115826702,0.8808080808080808,0.8818920548010356
SGD,0.637974583404994,0.6356026157567508,0.6527444625805282,0.6901980700863383,0.7155019578963994,"{'alpha': 0.001, 'penalty': 'elasticnet', 'loss': 'log_loss', 'class_weight': 'balanced'}","['mfcc_8', 'mfcc_10', 'wav_detail_lvl3_std', 'zcr_mean']",0.5423728813559322,0.48,0.6233766233766234,0.6031857656805898,0.5448449287510477,0.6226053639846744,0.4843517138599106,0.6457726715286796,0.8267059401080019,0.8042024832855779,0.8505050505050505,0.8975474364799291
SGD,0.6379684962391211,0.6538467175206027,0.6789388813978978,0.7064499746063991,0.7381520911237752,"{'alpha': 0.0001, 'penalty': 'elasticnet', 'loss': 'log_loss', 'class_weight': 'balanced'}","['mfcc_3', 'mfcc_5', 'mfcc_10']",0.5524728588661038,0.43953934740882916,0.7435064935064936,0.6200127138637597,0.4793070259865255,0.6766304347826086,0.3710879284649776,0.6778547282581237,0.8821256038647343,0.8453703703703703,0.9222222222222223,0.9165888312494427
SGD,0.6376545386202218,0.6684393433805766,0.6220617573076589,0.686135093956323,0.6953012802755825,"{'alpha': 0.0001, 'penalty': 'elasticnet', 'loss': 'log_loss', 'class_weight': 'balanced'}","['mfcc_3', 'mfcc_11', 'wav_detail_lvl5_std']",0.5398058252427185,0.6714975845410628,0.4512987012987013,0.6609315202350418,0.5745296671490593,0.5583684950773559,0.5916542473919523,0.5717594006379362,0.7986281234688878,0.7754519505233112,0.8232323232323232,0.8532129199537694
SGD,0.6374465806351087,0.6433236650346553,0.6464898792767645,0.713052310817674,0.6941016249118,"{'alpha': 0.001, 'penalty': 'elasticnet', 'loss': 'log_loss', 'class_weight': 'balanced'}","['mfcc_6', 'mfcc_11', 'mfcc_8', 'spec_centroid']",0.4682080924855491,0.421875,0.525974025974026,0.499165852641807,0.5706896551724138,0.6768916155419223,0.4932935916542474,0.676724305765693,0.8734419942473634,0.8312043795620438,0.9202020202020202,0.9064147163279004
SGD,0.6372964437243543,0.6460162754563352,0.634566192762914,0.6957846622651092,0.7207555887183715,"{'alpha': 0.001, 'penalty': 'elasticnet', 'loss': 'log_loss', 'class_weight': 'balanced'}","['mfcc_3', 'mfcc_11', 'mfcc_8', 'wav_detail_lvl3_std', 'spec_centroid']",0.5317725752508361,0.5482758620689655,0.5162337662337663,0.6267899066552761,0.5583673469387755,0.6173285198555957,0.5096870342771982,0.6652438148701785,0.8217494089834515,0.7724444444444445,0.8777777777777778,0.8702330446296602
SGD,0.6370846982582313,0.6544157384559509,0.6597540589343868,0.7120365667851701,0.6947925974870269,"{'alpha': 0.001, 'penalty': 'elasticnet', 'loss': 'log_loss', 'class_weight': 'balanced'}","['mfcc_6', 'mfcc_11', 'mfcc_8', 'mfcc_10']",0.5,0.41885964912280704,0.6201298701298701,0.4970138021757967,0.5299625468164794,0.7128463476070529,0.4217585692995529,0.679907116201165,0.8812915479582146,0.8315412186379928,0.9373737373737374,0.9074568740841192
SGD,0.6369752399111188,0.6434173934173933,0.6473730277008966,0.7155916708989335,0.6835097998206202,"{'alpha': 0.001, 'penalty': 'l2', 'loss': 'log_loss', 'class_weight': 'balanced'}","['mfcc_6', 'mfcc_11', 'mfcc_8', 'mfcc_10', 'spec_centroid']",0.4602272727272727,0.4090909090909091,0.525974025974026,0.46625502393615587,0.5659722222222222,0.6777546777546778,0.4858420268256334,0.6743000894416424,0.8847262247838616,0.8434065934065934,0.9303030303030303,0.9099742860840623
SGD,0.636707934921508,0.6481949954187941,0.6741619946537979,0.706957846622651,0.7348966633039153,"{'alpha': 0.001, 'penalty': 'elasticnet', 'loss': 'log_loss', 'class_weight': 'balanced'}","['mfcc_3', 'mfcc_5', 'mfcc_11', 'mfcc_8', 'mfcc_10', 'zcr_mean']",0.5595984943538268,0.4560327198364008,0.724025974025974,0.6117530664314957,0.4680038204393505,0.651595744680851,0.3651266766020864,0.6562891185125046,0.8825214899713467,0.8369565217391305,0.9333333333333333,0.9366478049677456
SGD,0.6365402210007679,0.6450426439494923,0.6471956094906913,0.7166074149314373,0.6692916522555316,"{'alpha': 0.001, 'penalty': 'elasticnet', 'loss': 'log_loss', 'class_weight': 'balanced'}","['mfcc_6', 'mfcc_8', 'mfcc_10', 'zcr_mean', 'spec_centroid']",0.44506258692628653,0.38929440389294406,0.5194805194805194,0.42737590485221444,0.5764192139737991,0.6962025316455697,0.4918032786885246,0.6603014863115141,0.8881388621022179,0.8496309963099631,0.9303030303030303,0.920197565602866
SGD,0.6364215122618636,0.6432782109035037,0.6362836010376994,0.6978161503301168,0.7161248444021533,"{'alpha': 0.001, 'penalty': 'l2', 'loss': 'log_loss', 'class_weight': 'balanced'}","['mfcc_3', 'mfcc_8', 'wav_detail_lvl3_std', 'zcr_mean', 'spec_centroid']",0.5252854812398042,0.5278688524590164,0.5227272727272727,0.6146030922000124,0.5537190082644629,0.62152133580705,0.4992548435171386,0.6493607939401249,0.8302600472813239,0.7804444444444445,0.8868686868686869,0.8844106470663229
SGD,0.6361950963239349,0.6598585784504376,0.6789999921147462,0.7100050787201625,0.7141952243330739,"{'alpha': 0.001, 'penalty': 'elasticnet', 'loss': 'log_loss', 'class_weight': 'balanced'}","['mfcc_3', 'mfcc_10', 'spec_centroid']",0.5658056580565806,0.45544554455445546,0.7467532467532467,0.5745650145826563,0.4595404595404595,0.696969696969697,0.34277198211624443,0.6547545704687178,0.8832391713747646,0.8271604938271605,0.9474747474747475,0.9132660879478476
SGD,0.6361088086256123,0.6530988918269411,0.6822873544185019,0.7064499746063991,0.7437441622879938,"{'alpha': 0.001, 'penalty': 'elasticnet', 'loss': 'log_loss', 'class_weight': 'balanced'}","['mfcc_3', 'mfcc_5', 'mfcc_11', 'mfcc_8', 'mfcc_10']",0.5776699029126213,0.46124031007751937,0.7727272727272727,0.6465597212483906,0.44970414201183434,0.6647230320699709,0.33979135618479883,0.6482011443831559,0.8809523809523809,0.8333333333333334,0.9343434343434344,0.9364716212324347
SGD,0.6360645484570718,0.6488020867582911,0.6307142462880169,0.6998476383951244,0.7211203877649638,"{'alpha': 0.001, 'penalty': 'l2', 'loss': 'log_loss', 'class_weight': 'balanced'}","['mfcc_3', 'wav_detail_lvl5_std', 'spec_centroid']",0.5051546391752577,0.5364963503649635,0.4772727272727273,0.6302492936198654,0.5823817292006526,0.6432432432432432,0.5320417287630402,0.6672310635875587,0.8206572769953052,0.7666666666666667,0.8828282828282829,0.8658808060874676
SGD,0.635824371058029,0.6481622962485646,0.6738418533500501,0.706957846622651,0.7385247263201831,"{'alpha': 0.001, 'penalty': 'l2', 'loss': 'log_loss', 'class_weight': 'balanced'}","['mfcc_3', 'mfcc_5', 'mfcc_8', 'mfcc_10', 'zcr_mean']",0.5575,0.4532520325203252,0.724025974025974,0.6121516343874304,0.46596356663470756,0.6532258064516129,0.3621460506706408,0.6626348039590548,0.8840095465393795,0.8380090497737557,0.9353535353535354,0.9407877406140641
SGD,0.63548015888772,0.6420214058656847,0.6357734251176874,0.6907059421025902,0.7143070376593353,"{'alpha': 0.001, 'penalty': 'l2', 'loss': 'log_loss', 'class_weight': 'balanced'}","['mfcc_3', 'wav_detail_lvl3_std', 'zcr_mean']",0.5504885993485342,0.5522875816993464,0.5487012987012987,0.6236704231187662,0.5368682684341343,0.6044776119402985,0.4828614008941878,0.6367850406844456,0.8190836088804913,0.769299023957409,0.8757575757575757,0.8824656491747944
SGD,0.6351955149662469,0.6452724382020258,0.6719647686860801,0.696800406297613,0.6861003398351206,"{'alpha': 0.0001, 'penalty': 'elasticnet', 'loss': 'log_loss', 'class_weight': 'balanced'}","['mfcc_5', 'mfcc_11', 'mfcc_8']",0.5235849056603774,0.4111111111111111,0.7207792207792207,0.4796605595362976,0.5086916742909423,0.6587677725118484,0.4143070044709389,0.6679788621539843,0.8733099649474211,0.8659384309831182,0.8808080808080808,0.9106615978150803
SGD,0.6347699250171732,0.6423901243827443,0.6340343323949881,0.6896901980700864,0.7214742483190532,"{'alpha': 0.001, 'penalty': 'elasticnet', 'loss': 'log_loss', 'class_weight': 'balanced'}","['mfcc_3', 'mfcc_11', 'wav_detail_lvl3_std', 'spec_centroid']",0.5535420098846787,0.5618729096989966,0.5454545454545454,0.6360220478287136,0.532671629445823,0.5985130111524164,0.4798807749627422,0.6583417841072663,0.8180961357210179,0.7667844522968198,0.8767676767676768,0.8700589130211797
SGD,0.6342068844690155,0.6553812568394562,0.6594918742459727,0.7059421025901473,0.6909789011763813,"{'alpha': 0.001, 'penalty': 'l2', 'loss': 'log_loss', 'class_weight': 'balanced'}","['mfcc_6', 'mfcc_8', 'zcr_mean']",0.5129533678756477,0.4267241379310345,0.6428571428571429,0.4770165787594852,0.5224022878932316,0.7248677248677249,0.4083457526080477,0.6781534961048656,0.8672649976381672,0.8145519077196096,0.9272727272727272,0.917766628664793
SGD,0.6341410773248044,0.6509062599147918,0.655712866368604,0.707465718638903,0.6887781214213174,"{'alpha': 0.001, 'penalty': 'l2', 'loss': 'log_loss', 'class_weight': 'balanced'}","['mfcc_6', 'mfcc_8', 'spec_centroid']",0.4967148488830486,0.41721854304635764,0.6136363636363636,0.45752843532087917,0.5330848089468779,0.7114427860696517,0.4262295081967213,0.6859345349761361,0.8726235741444867,0.8240574506283662,0.9272727272727272,0.9228713939669371
SGD,0.6339690362405416,0.6487220482762631,0.6250549996451635,0.6815642458100558,0.6853998191310224,"{'alpha': 0.0001, 'penalty': 'elasticnet', 'loss': 'log_loss', 'class_weight': 'balanced'}","['mfcc_3', 'wav_detail_lvl5_std', 'mfcc_8', 'wav_detail_lvl3_std']",0.52,0.5909090909090909,0.4642857142857143,0.6217405706589587,0.5925925925925926,0.567530695770805,0.6199701937406855,0.5712390907825238,0.7893145161290323,0.7877263581488934,0.7909090909090909,0.8632197959515849
SGD,0.6334360399003334,0.638324460122068,0.635364574708837,0.6912138141188421,0.713747483755414,"{'alpha': 0.001, 'penalty': 'l2', 'loss': 'log_loss', 'class_weight': 'balanced'}","['mfcc_3', 'mfcc_11', 'mfcc_8', 'wav_detail_lvl3_std', 'zcr_mean']",0.5384615384615384,0.5316455696202531,0.5454545454545454,0.623305335687393,0.537759336099585,0.6067415730337079,0.4828614008941878,0.6376669339933936,0.8240872451398767,0.7765862377122431,0.8777777777777778,0.8802701815854553
SGD,0.633178398561843,0.6643044777957137,0.6611943005385629,0.7044184865413916,0.6900285513147741,"{'alpha': 0.0001, 'penalty': 'l2', 'loss': 'log_loss', 'class_weight': 'balanced'}","['mfcc_6', 'mfcc_8']",0.5224071702944942,0.4312896405919662,0.6623376623376623,0.4872228942613779,0.5177165354330708,0.7623188405797101,0.3919523099850969,0.6660847547621174,0.8594114899579636,0.7993049522154648,0.9292929292929293,0.9167780049208274
SGD,0.6330381818884321,0.6375534223349136,0.6375661375661376,0.6856272219400711,0.7163114200338411,"{'alpha': 0.001, 'penalty': 'l2', 'loss': 'log_loss', 'class_weight': 'balanced'}","['mfcc_3', 'mfcc_11', 'wav_detail_lvl3_std', 'zcr_mean']",0.5678233438485805,0.5521472392638037,0.5844155844155844,0.6341129817896576,0.5156382079459002,0.595703125,0.45454545454545453,0.6349232037214166,0.8156529938708157,0.7648099027409372,0.8737373737373737,0.8798980745904489
SGD,0.6327868973135117,0.6425158670190848,0.6689939993218682,0.6988318943626206,0.7000028095601442,"{'alpha': 0.001, 'penalty': 'l2', 'loss': 'log_loss', 'class_weight': 'balanced'}","['mfcc_5', 'mfcc_11', 'mfcc_8', 'mfcc_10']",0.5283474065138721,0.42034548944337813,0.711038961038961,0.5209735435617414,0.4911955514365153,0.6495098039215687,0.3949329359165425,0.6707053331027053,0.8788177339901477,0.8576923076923076,0.901010101010101,0.9083295520159856
SGD,0.6321927392522255,0.6382363593712549,0.6339160535881847,0.7221940071102082,0.6495273088853412,"{'alpha': 0.001, 'penalty': 'l2', 'loss': 'log_loss', 'class_weight': 'balanced'}","['mfcc_6', 'mfcc_11', 'mfcc_10', 'zcr_mean', 'spec_centroid']",0.42948717948717946,0.4240506329113924,0.43506493506493504,0.4420342985491765,0.5745212323064113,0.6509433962264151,0.5141579731743666,0.5924712997786599,0.8925698059630857,0.8397150489759573,0.9525252525252526,0.9140763283281872
SGD,0.63199189059815,0.6386209548013237,0.6360399466956844,0.712544438801422,0.6746223825860219,"{'alpha': 0.001, 'penalty': 'elasticnet', 'loss': 'log_loss', 'class_weight': 'balanced'}","['mfcc_6', 'mfcc_8', 'zcr_mean', 'spec_centroid']",0.4393939393939394,0.4119318181818182,0.4707792207792208,0.44695885313761574,0.588135593220339,0.6817288801571709,0.5171385991058122,0.6582693042025197,0.8684461391801716,0.822202166064982,0.9202020202020202,0.9186389904179304
SGD,0.6316429917079415,0.6371408673630896,0.6345468738911362,0.6922295581513459,0.7095462042032774,"{'alpha': 0.001, 'penalty': 'elasticnet', 'loss': 'log_loss', 'class_weight': 'balanced'}","['mfcc_3', 'mfcc_8', 'wav_detail_lvl3_std', 'zcr_mean']",0.5253164556962026,0.5123456790123457,0.538961038961039,0.612865949633612,0.5440806045340051,0.6230769230769231,0.4828614008941878,0.6332212699192963,0.825531914893617,0.776,0.8818181818181818,0.882551393056924
SGD,0.6310279113505083,0.6441876517583639,0.6501963428192936,0.7049263585576435,0.6974012682695436,"{'alpha': 0.001, 'penalty': 'l2', 'loss': 'log_loss', 'class_weight': 'balanced'}","['mfcc_6', 'mfcc_11', 'mfcc_8', 'zcr_mean']",0.4899598393574297,0.4168564920273349,0.5941558441558441,0.4977133876428924,0.5321100917431193,0.6921241050119332,0.43219076005961254,0.6860054679321388,0.8710138029509757,0.8235823582358236,0.9242424242424242,0.9084849492335999
SGD,0.6307657296154635,0.6417164792836992,0.6261743114202131,0.6901980700863383,0.7222361066460962,"{'alpha': 0.001, 'penalty': 'l2', 'loss': 'log_loss', 'class_weight': 'balanced'}","['mfcc_3', 'wav_detail_lvl3_std', 'zcr_mean', 'spec_centroid']",0.5283018867924528,0.56,0.5,0.6271597215629814,0.5445705024311183,0.5968028419182948,0.5007451564828614,0.6561432471084607,0.8194247996228194,0.7683465959328029,0.8777777777777778,0.8834053512668464
SGD,0.6306477034002322,0.6440821695552624,0.6262638090506943,0.6881665820213306,0.7152756333310132,"{'alpha': 0.001, 'penalty': 'l2', 'loss': 'log_loss', 'class_weight': 'balanced'}","['mfcc_3', 'wav_detail_lvl3_std', 'spec_centroid']",0.5340136054421769,0.5607142857142857,0.5097402597402597,0.6213832070090084,0.5502909393183707,0.6221804511278195,0.4932935916542474,0.657939402169735,0.807638565440149,0.749351771823682,0.8757575757575757,0.8665042908142963
SGD,0.630524725887511,0.6579278257187194,0.6694146776113988,0.706957846622651,0.7333750102950134,"{'alpha': 0.001, 'penalty': 'l2', 'loss': 'log_loss', 'class_weight': 'balanced'}","['mfcc_6', 'mfcc_3']",0.5721649484536082,0.47435897435897434,0.7207792207792207,0.5813471457667172,0.4462474645030426,0.6984126984126984,0.32786885245901637,0.6965802423992968,0.8731617647058824,0.8010118043844857,0.9595959595959596,0.922197642719026
SGD,0.6302783994882714,0.6599697124113342,0.6637459686640015,0.7059421025901473,0.6935281534182497,"{'alpha': 0.001, 'penalty': 'elasticnet', 'loss': 'log_loss', 'class_weight': 'balanced'}","['mfcc_6', 'mfcc_8', 'mfcc_10']",0.508557457212714,0.40784313725490196,0.6753246753246753,0.4860136401408385,0.5009861932938856,0.7405247813411079,0.37853949329359166,0.6720350244613847,0.8812915479582146,0.8315412186379928,0.9373737373737374,0.922535795652526
SGD,0.6301536775517744,0.6397049646417006,0.6535921273626192,0.7110208227526663,0.6957232722303682,"{'alpha': 0.001, 'penalty': 'l2', 'loss': 'log_loss', 'class_weight': 'balanced'}","['mfcc_6', 'mfcc_5', 'mfcc_11']",0.4881889763779528,0.40969162995594716,0.6038961038961039,0.5433548638017375,0.4995408631772268,0.6507177033492823,0.40536512667660207,0.6349875914292558,0.9027311931001437,0.8587055606198724,0.9515151515151515,0.9088273614601118
SGD,0.6299587674965162,0.6477790711998029,0.6677512833250537,0.7064499746063991,0.7163703525248463,"{'alpha': 0.001, 'penalty': 'l2', 'loss': 'log_loss', 'class_weight': 'balanced'}","['mfcc_3', 'mfcc_11', 'mfcc_10', 'spec_centroid']",0.5425,0.4410569105691057,0.7045454545454546,0.6176364938821036,0.45943304007820135,0.6676136363636364,0.3502235469448584,0.6273003903068648,0.8879432624113475,0.8346666666666667,0.9484848484848485,0.9041741733855706
SGD,0.6298606658540263,0.6347088671153784,0.6350219604317965,0.7105129507364144,0.6840848105566387,"{'alpha': 0.001, 'penalty': 'l2', 'loss': 'log_loss', 'class_weight': 'balanced'}","['mfcc_5', 'mfcc_8', 'zcr_mean', 'spec_centroid']",0.3904494382022472,0.34405940594059403,0.4512987012987013,0.4158164247017,0.6231404958677685,0.699443413729128,0.5618479880774963,0.714063157492832,0.8759920634920635,0.8606237816764133,0.8919191919191919,0.9223748494753842
SGD,0.6295894212907954,0.6477544458058188,0.6501423288308534,0.7034027425088878,0.6956424131066018,"{'alpha': 0.001, 'penalty': 'elasticnet', 'loss': 'log_loss', 'class_weight': 'balanced'}","['mfcc_6', 'mfcc_11', 'mfcc_8']",0.4946808510638298,0.4189189189189189,0.6038961038961039,0.5050968468887489,0.528584817244611,0.7121212121212122,0.4202682563338301,0.6776483724922265,0.8655025955639453,0.812223206377325,0.9262626262626262,0.9041820199388301
SGD,0.629224868332798,0.6504092444722481,0.6773519740732855,0.7039106145251397,0.7491540250120673,"{'alpha': 0.001, 'penalty': 'l2', 'loss': 'log_loss', 'class_weight': 'balanced'}","['mfcc_3', 'mfcc_5', 'mfcc_8', 'mfcc_10']",0.5679903730445247,0.45124282982791586,0.7662337662337663,0.6500749041266873,0.4357429718875502,0.6676923076923077,0.323397913561848,0.6544934581321513,0.8839412600663192,0.8322925958965209,0.9424242424242424,0.942893712777363
SGD,0.6292170447317966,0.6250343587469236,0.6350444334050892,0.6764855256475368,0.6895997930088963,"{'alpha': 0.001, 'penalty': 'elasticnet', 'loss': 'log_loss', 'class_weight': 'balanced'}","['mfcc_11', 'wav_detail_lvl5_std', 'mfcc_8', 'wav_detail_lvl3_std']",0.5098634294385432,0.47863247863247865,0.5454545454545454,0.6003883112369749,0.5820668693009119,0.5937984496124031,0.5707898658718331,0.6010115787691259,0.7957208354559347,0.802672147995889,0.7888888888888889,0.8673994890205883
SGD,0.6287237530645434,0.6323679940203506,0.64816510144379,0.6907059421025902,0.6972910426041583,"{'alpha': 0.001, 'penalty': 'elasticnet', 'loss': 'log_loss', 'class_weight': 'balanced'}","['mfcc_3', 'mfcc_8', 'zcr_mean', 'spec_centroid']",0.556497175141243,0.4925,0.6396103896103896,0.577422011063231,0.48697214734950584,0.6131221719457014,0.4038748137108793,0.6244445867192285,0.8427019367028814,0.7914818101153505,0.901010101010101,0.8900065300300157
SGD,0.6284984406036725,0.6341358350633274,0.628458669442276,0.6576942610462163,0.6831873815077846,"{'alpha': 0.0001, 'penalty': 'l2', 'loss': 'log_loss', 'class_weight': 'balanced'}","['mfcc_11', 'wav_detail_lvl3_std', 'zcr_mean']",0.5514950166112956,0.564625850340136,0.538961038961039,0.5926992163623315,0.5809072444143534,0.532258064516129,0.639344262295082,0.595112237995402,0.7530930607853685,0.8055235903337169,0.7070707070707071,0.8617506901656199
SGD,0.6279644025653579,0.6669024558561919,0.669104787137574,0.7039106145251397,0.6836031675134672,"{'alpha': 0.001, 'penalty': 'l2', 'loss': 'log_loss', 'class_weight': 'balanced'}","['mfcc_6', 'mfcc_8', 'mfcc_10', 'zcr_mean']",0.5122235157159488,0.3992740471869328,0.7142857142857143,0.46182201649090043,0.486815415821501,0.7619047619047619,0.35767511177347244,0.6681211797803854,0.884854276158624,0.8395285584768812,0.9353535353535354,0.9208663062691156
SGD,0.6277294230139808,0.6305766211107855,0.6274639446770595,0.681056373793804,0.7074920521445399,"{'alpha': 0.001, 'penalty': 'elasticnet', 'loss': 'log_loss', 'class_weight': 'balanced'}","['mfcc_3', 'mfcc_11', 'wav_detail_lvl5_std', 'mfcc_8', 'wav_detail_lvl3_std']",0.531810766721044,0.5344262295081967,0.5292207792207793,0.6515147079133043,0.5405405405405406,0.5792163543441227,0.5067064083457526,0.5995286712234786,0.810836961780358,0.7780872794800371,0.8464646464646465,0.8714327772968368
SGD,0.6277031884175283,0.6333507975614205,0.6496901095261751,0.6901980700863383,0.7051367799804013,"{'alpha': 0.001, 'penalty': 'l2', 'loss': 'log_loss', 'class_weight': 'balanced'}","['mfcc_3', 'mfcc_11', 'mfcc_8', 'zcr_mean', 'spec_centroid']",0.5591098748261474,0.48905109489051096,0.6525974025974026,0.5924455585972865,0.4821917808219178,0.6226415094339622,0.39344262295081966,0.637849697250875,0.8418079096045198,0.7883597883597884,0.9030303030303031,0.8851150840930423
SGD,0.6274153345376834,0.6373550890855081,0.6242404529289775,0.6912138141188421,0.7199241893380357,"{'alpha': 0.001, 'penalty': 'l2', 'loss': 'log_loss', 'class_weight': 'balanced'}","['mfcc_3', 'wav_detail_lvl5_std', 'mfcc_8', 'spec_centroid']",0.5016835016835017,0.5209790209790209,0.4837662337662338,0.6239302264790021,0.5622950819672131,0.6247723132969034,0.511177347242921,0.6687960720925655,0.8182674199623352,0.7663139329805997,0.8777777777777778,0.8670462694425396
SGD,0.6272949862292126,0.6322794918790938,0.6341455144733833,0.718131030980193,0.6611802525898378,"{'alpha': 0.001, 'penalty': 'l2', 'loss': 'log_loss', 'class_weight': 'balanced'}","['mfcc_6', 'mfcc_5', 'mfcc_11', 'spec_centroid']",0.42074074074074075,0.3869209809264305,0.461038961038961,0.44811720640654185,0.5563139931740614,0.6506986027944112,0.4858420268256334,0.6209968947491789,0.9048302247728359,0.8592188919164396,0.9555555555555556,0.914426656613793
SGD,0.6270759062652139,0.635751746672903,0.648677642939938,0.7089893346876587,0.6912557688212163,"{'alpha': 0.001, 'penalty': 'l2', 'loss': 'log_loss', 'class_weight': 'balanced'}","['mfcc_6', 'mfcc_5', 'mfcc_11', 'zcr_mean']",0.48202396804260983,0.40857787810383744,0.5876623376623377,0.5322855211701649,0.4986301369863014,0.6438679245283019,0.4068554396423249,0.6289723285100253,0.9005736137667304,0.8548094373865699,0.9515151515151515,0.9125094567834586
SGD,0.6264392026044893,0.6276857708292596,0.6419838510002444,0.7028948704926359,0.5905428412433852,"{'alpha': 0.001, 'penalty': 'l2', 'loss': 'log_loss', 'class_weight': 'balanced'}","['mfcc_5', 'mfcc_10', 'zcr_mean']",0.46785225718194257,0.40425531914893614,0.5551948051948052,0.2674397738926876,0.520618556701031,0.6146044624746451,0.45156482861400893,0.6047146468866267,0.8908467939304944,0.8641975308641975,0.9191919191919192,0.8994741029508411
SGD,0.6254155242684961,0.6431856878976921,0.6141678297416002,0.6703910614525139,0.6880344543566862,"{'alpha': 0.0001, 'penalty': 'l2', 'loss': 'log_loss', 'class_weight': 'balanced'}","['mfcc_3', 'mfcc_11', 'wav_detail_lvl3_std']",0.551094890510949,0.6291666666666667,0.4902597402597403,0.6376733748433585,0.536036036036036,0.540090771558245,0.5320417287630402,0.5717033452645044,0.7891156462585034,0.7602996254681648,0.8202020202020202,0.854726642962196
SGD,0.6246727098999827,0.6308774014656368,0.6247423493325134,0.7216861350939563,0.6350438151301151,"{'alpha': 0.001, 'penalty': 'elasticnet', 'loss': 'log_loss', 'class_weight': 'balanced'}","['mfcc_6', 'mfcc_10', 'zcr_mean', 'spec_centroid']",0.39669421487603307,0.40404040404040403,0.38961038961038963,0.3999159230846747,0.5814905814905815,0.6454545454545455,0.5290611028315947,0.5829361709472434,0.8958333333333334,0.8431372549019608,0.9555555555555556,0.9222793513584271
SGD,0.624542009150124,0.6244766414970431,0.6286956213185722,0.6780091416962926,0.6969936226428884,"{'alpha': 0.0001, 'penalty': 'l2', 'loss': 'log_loss', 'class_weight': 'balanced'}","['wav_detail_lvl5_std', 'mfcc_8', 'mfcc_10']",0.5076923076923077,0.4824561403508772,0.5357142857142857,0.6045320629502005,0.5661290322580645,0.616871704745167,0.5230998509687034,0.5932691662602229,0.7998046875,0.774102079395085,0.8272727272727273,0.8931796387182422
SGD,0.624537198118834,0.6265528755654968,0.6240661888202871,0.718638902996445,0.6375695419412762,"{'alpha': 0.001, 'penalty': 'elasticnet', 'loss': 'log_loss', 'class_weight': 'balanced'}","['mfcc_5', 'mfcc_11', 'mfcc_10', 'zcr_mean', 'spec_centroid']",0.369281045751634,0.3717105263157895,0.36688311688311687,0.38202272657503966,0.6182669789227166,0.6491803278688525,0.5901639344262295,0.6428103070899431,0.8860635696821516,0.8587677725118483,0.9151515151515152,0.8878755921588459
SGD,0.6235462663139765,0.6212042309721225,0.6308285824679268,0.6749619095987811,0.7081384538654332,"{'alpha': 0.001, 'penalty': 'l2', 'loss': 'log_loss', 'class_weight': 'balanced'}","['wav_detail_lvl5_std', 'mfcc_8', 'mfcc_10', 'zcr_mean']",0.5096870342771982,0.47107438016528924,0.5551948051948052,0.608565961999088,0.5615446500402252,0.6101398601398601,0.5201192250372578,0.6246785415113492,0.799407114624506,0.7823984526112185,0.8171717171717172,0.8911708580858623
SGD,0.6226305061526799,0.6190098234717657,0.6342673416443908,0.6576942610462163,0.6980374122941231,"{'alpha': 0.001, 'penalty': 'l2', 'loss': 'log_loss', 'class_weight': 'balanced'}","['mfcc_11', 'wav_detail_lvl5_std', 'zcr_mean']",0.504424778761062,0.46216216216216216,0.5551948051948052,0.5833685048520809,0.6168876482903001,0.5800524934383202,0.6587183308494784,0.6574496961269735,0.7465790914066777,0.8148148148148148,0.6888888888888889,0.853294035903315
SGD,0.6222994899686393,0.6293506192000264,0.6232350830711487,0.6805485017775521,0.7089235047656338,"{'alpha': 0.001, 'penalty': 'l2', 'loss': 'log_loss', 'class_weight': 'balanced'}","['mfcc_3', 'mfcc_8', 'wav_detail_lvl3_std', 'spec_centroid']",0.5176848874598071,0.5127388535031847,0.5227272727272727,0.6070839035078663,0.5439330543933054,0.6202290076335878,0.4843517138599106,0.6527025425062661,0.8052805280528053,0.7550839964633068,0.8626262626262626,0.8669840682827692
SGD,0.6221786647122283,0.6298658908488943,0.6193685488767456,0.6582021330624682,0.6700892390405002,"{'alpha': 0.0001, 'penalty': 'l2', 'loss': 'log_loss', 'class_weight': 'balanced'}","['mfcc_11', 'wav_detail_lvl3_std']",0.5264957264957265,0.555956678700361,0.5,0.5855619085130487,0.5819672131147541,0.5372005044136192,0.6348733233979136,0.5816662052577852,0.7580730545262043,0.796440489432703,0.7232323232323232,0.8430396033506669
SGD,0.6221499127875831,0.6312978740232871,0.6381736963704178,0.706957846622651,0.6463457816614239,"{'alpha': 0.001, 'penalty': 'l2', 'loss': 'log_loss', 'class_weight': 'balanced'}","['mfcc_6', 'mfcc_11', 'mfcc_10', 'spec_centroid']",0.46518105849582175,0.4073170731707317,0.5422077922077922,0.4338232509171208,0.5085972850678733,0.6474654377880185,0.4187779433681073,0.5927422270756877,0.8926713947990543,0.8391111111111111,0.9535353535353536,0.9124718669914631
SGD,0.6220683213335502,0.6229189070821559,0.6236340769127654,0.707465718638903,0.6439119289812232,"{'alpha': 0.001, 'penalty': 'elasticnet', 'loss': 'log_loss', 'class_weight': 'balanced'}","['mfcc_5', 'mfcc_11', 'zcr_mean', 'spec_centroid']",0.3767228177641654,0.3565217391304348,0.39935064935064934,0.3674640721144907,0.6198738170347003,0.6582914572864321,0.5856929955290611,0.6665910513895288,0.8696083292017849,0.8539435248296008,0.8858585858585859,0.89768066343965
SGD,0.6219647716858039,0.6421775677327488,0.6102390020422807,0.6688674454037582,0.6924802417714494,"{'alpha': 0.0001, 'penalty': 'l2', 'loss': 'log_loss', 'class_weight': 'balanced'}","['mfcc_3', 'mfcc_11', 'wav_detail_lvl5_std', 'mfcc_8']",0.5223880597014925,0.6140350877192983,0.45454545454545453,0.6561552177273933,0.5623648161499639,0.5446927374301676,0.5812220566318927,0.5621509870388164,0.7811414392059554,0.7678048780487805,0.794949494949495,0.8591345205481389
SGD,0.6211483338497396,0.6164307759094767,0.6310075777288892,0.6561706449974607,0.6807533370273388,"{'alpha': 0.001, 'penalty': 'l2', 'loss': 'log_loss', 'class_weight': 'balanced'}","['wav_detail_lvl3_std', 'zcr_mean']",0.5244444444444445,0.4822888283378747,0.5746753246753247,0.5780079073004886,0.5730659025787965,0.5517241379310345,0.5961251862891207,0.6005790273557017,0.7659346545259775,0.8152793614595211,0.7222222222222222,0.8636730764258261
SGD,0.6200018550202274,0.6432547143115014,0.6733245807016299,0.696800406297613,0.6987843777218359,"{'alpha': 0.001, 'penalty': 'elasticnet', 'loss': 'log_loss', 'class_weight': 'balanced'}","['mfcc_3', 'mfcc_11', 'mfcc_8', 'mfcc_10', 'zcr_mean']",0.5765550239234449,0.4564393939393939,0.7824675324675324,0.5551275694053455,0.406570841889117,0.6534653465346535,0.29508196721311475,0.6364498405699242,0.8768796992481203,0.819859402460457,0.9424242424242424,0.904775723190238
SGD,0.6199881064108608,0.6234568611736642,0.6177942579581924,0.6637887252412392,0.6750029348865659,"{'alpha': 0.0001, 'penalty': 'elasticnet', 'loss': 'log_loss', 'class_weight': 'balanced'}","['wav_detail_lvl5_std', 'mfcc_8', 'wav_detail_lvl3_std']",0.507563025210084,0.5261324041811847,0.4902597402597403,0.5952851791727272,0.5814285714285714,0.5582990397805213,0.6065573770491803,0.569066764018537,0.7709727225939269,0.7859391395592865,0.7565656565656566,0.8606568614684337
SGD,0.6185013193070357,0.643039269533188,0.6481524850377309,0.6983240223463687,0.6730231906034921,"{'alpha': 0.001, 'penalty': 'l2', 'loss': 'log_loss', 'class_weight': 'balanced'}","['mfcc_6', 'mfcc_8', 'mfcc_10', 'spec_centroid']",0.46731234866828086,0.37258687258687256,0.6266233766233766,0.42351396705423267,0.49758919961427195,0.7049180327868853,0.38450074515648286,0.6703028801576878,0.8906024096385542,0.8516129032258064,0.9333333333333333,0.9252527245985556
SGD,0.6183128878163336,0.6185450542044278,0.6294884835868443,0.6841036058913154,0.6579724411309412,"{'alpha': 0.001, 'penalty': 'l2', 'loss': 'log_loss', 'class_weight': 'balanced'}","['mfcc_11', 'mfcc_8', 'mfcc_10', 'zcr_mean', 'spec_centroid']",0.43360433604336046,0.37209302325581395,0.5194805194805194,0.4191181379255709,0.5760781122864117,0.6344086021505376,0.5275707898658718,0.6618523630968509,0.8452562151192288,0.8491335372069317,0.8414141414141414,0.892946822370402
SGD,0.6170365356611377,0.6378353384243691,0.6753148187574417,0.6927374301675978,0.7103610074175828,"{'alpha': 0.0001, 'penalty': 'elasticnet', 'loss': 'log_loss', 'class_weight': 'balanced'}","['mfcc_3', 'mfcc_11', 'mfcc_8', 'mfcc_10']",0.5858823529411765,0.45940959409594095,0.8084415584415584,0.6174850860440568,0.3913491246138002,0.6333333333333333,0.28315946348733234,0.623002289163626,0.8738781294284365,0.8207630878438332,0.9343434343434344,0.8905956470450658
SGD,0.6160470284649706,0.6245920665756661,0.6161371718748767,0.6521076688674454,0.6813151153214226,"{'alpha': 0.0001, 'penalty': 'l2', 'loss': 'log_loss', 'class_weight': 'balanced'}","['mfcc_11', 'wav_detail_lvl5_std']",0.5051194539249146,0.5323741007194245,0.4805194805194805,0.5847260565564678,0.6083499005964215,0.5477326968973747,0.684053651266766,0.624983039271415,0.7346717308735757,0.7936694021101993,0.6838383838383838,0.8342362501363854
SGD,0.6157147868003706,0.6345310663452549,0.6665168468447157,0.6907059421025902,0.7056803775251436,"{'alpha': 0.0001, 'penalty': 'elasticnet', 'loss': 'log_loss', 'class_weight': 'balanced'}","['mfcc_3', 'mfcc_10', 'zcr_mean']",0.5625744934445769,0.4444444444444444,0.7662337662337663,0.5770729875995596,0.4112903225806452,0.6355140186915887,0.30402384500745155,0.6281169977269215,0.8732795443758898,0.8236347358997315,0.9292929292929293,0.9118511472489496
SGD,0.6151235735096258,0.6362961876317401,0.6686821375345966,0.6901980700863383,0.7030736218472672,"{'alpha': 0.001, 'penalty': 'elasticnet', 'loss': 'log_loss', 'class_weight': 'balanced'}","['mfcc_3', 'mfcc_8', 'mfcc_10', 'zcr_mean']",0.5633802816901409,0.4411764705882353,0.7792207792207793,0.5474784193712695,0.40853658536585363,0.6421725239616614,0.2995529061102832,0.651805832336439,0.873453853472883,0.8255395683453237,0.9272727272727272,0.9099366138340927
SGD,0.6140812249030948,0.6199207646428504,0.638832903587002,0.6871508379888268,0.6570382751632334,"{'alpha': 0.001, 'penalty': 'l2', 'loss': 'log_loss', 'class_weight': 'balanced'}","['mfcc_5', 'mfcc_11', 'mfcc_10', 'zcr_mean']",0.47281921618204803,0.38716356107660455,0.6071428571428571,0.4539237111903482,0.4910394265232975,0.6157303370786517,0.4083457526080477,0.6289871466288344,0.8783850320039389,0.8568683957732949,0.901010101010101,0.8882039676705176
SGD,0.6139809335999452,0.6253977998561296,0.6431780726862694,0.6978161503301168,0.6846902931084443,"{'alpha': 0.001, 'penalty': 'l2', 'loss': 'log_loss', 'class_weight': 'balanced'}","['mfcc_6', 'mfcc_5', 'mfcc_10', 'zcr_mean']",0.4846938775510204,0.39915966386554624,0.6168831168831169,0.5117378170026533,0.45849056603773586,0.6246786632390745,0.3621460506706408,0.6182335001769479,0.8987583572110793,0.8523550724637681,0.9505050505050505,0.9240995621457315
SGD,0.6112040137303404,0.6286213064712218,0.6674745109171338,0.6876587100050787,0.6930914079607291,"{'alpha': 0.0001, 'penalty': 'elasticnet', 'loss': 'log_loss', 'class_weight': 'balanced'}","['mfcc_3', 'mfcc_11', 'mfcc_10']",0.5724381625441696,0.4491682070240296,0.788961038961039,0.5864097265916087,0.3873598369011213,0.6129032258064516,0.28315946348733234,0.610287748866113,0.8738140417457305,0.8237924865831843,0.9303030303030303,0.8825767484244657
SGD,0.6106501121905361,0.611303300067236,0.6100197919870051,0.6531234128999492,0.6852854834117879,"{'alpha': 0.001, 'penalty': 'elasticnet', 'loss': 'log_loss', 'class_weight': 'balanced'}","['wav_detail_lvl3_std', 'spec_centroid']",0.5163398692810458,0.5197368421052632,0.512987012987013,0.5799424136063566,0.5526512322628827,0.5538922155688623,0.5514157973174366,0.6152828569228532,0.7629592350276799,0.7602808425275828,0.7656565656565657,0.8606311797061535
SGD,0.6105812697457959,0.6126531020448983,0.6090124508157295,0.654647028948705,0.684857778055637,"{'alpha': 0.001, 'penalty': 'l2', 'loss': 'log_loss', 'class_weight': 'balanced'}","['wav_detail_lvl3_std', 'zcr_mean', 'spec_centroid']",0.5016611295681063,0.5136054421768708,0.4902597402597403,0.5720062809691151,0.5660377358490566,0.5516265912305516,0.5812220566318927,0.6205517221611592,0.7640449438202247,0.7727272727272727,0.7555555555555555,0.8620153310366367
SGD,0.6102282325789431,0.6163051062315853,0.6156632681222844,0.7008633824276282,0.6409728616935126,"{'alpha': 0.001, 'penalty': 'l2', 'loss': 'log_loss', 'class_weight': 'balanced'}","['mfcc_6', 'mfcc_11', 'zcr_mean', 'spec_centroid']",0.41910631741140214,0.39882697947214074,0.44155844155844154,0.42484202419188416,0.5312767780634104,0.625,0.46199701937406856,0.5834842166942036,0.8803016022620169,0.8250883392226148,0.9434343434343434,0.91459234419445
SGD,0.610166341735224,0.6074035424511662,0.6133757559987068,0.6470289487049263,0.6874392340766659,"{'alpha': 0.001, 'penalty': 'elasticnet', 'loss': 'log_loss', 'class_weight': 'balanced'}","['mfcc_11', 'wav_detail_lvl3_std', 'zcr_mean', 'spec_centroid']",0.5408805031446541,0.524390243902439,0.5584415584415584,0.5876303577205113,0.5314155942467828,0.54,0.5230998509687034,0.6120534031394025,0.7582029278142353,0.7578203834510595,0.7585858585858586,0.8626339413700838
SGD,0.6101608316322457,0.6327938459828529,0.658612668448734,0.6947689182326053,0.6543033078315076,"{'alpha': 0.001, 'penalty': 'l2', 'loss': 'log_loss', 'class_weight': 'balanced'}","['mfcc_6', 'mfcc_5', 'mfcc_10']",0.519298245614035,0.40585009140767825,0.7207792207792207,0.42662168215790724,0.41051567239635994,0.6383647798742138,0.3025335320417288,0.6088645323325277,0.9006685768863419,0.8541666666666666,0.9525252525252526,0.927423709004088
SGD,0.609485709975358,0.6337127225268263,0.6655355270109369,0.6901980700863383,0.7057598463484537,"{'alpha': 0.001, 'penalty': 'elasticnet', 'loss': 'log_loss', 'class_weight': 'balanced'}","['mfcc_3', 'mfcc_11', 'mfcc_10', 'zcr_mean']",0.564344746162928,0.44341372912801486,0.775974025974026,0.5918677438894825,0.3862928348909657,0.636986301369863,0.27719821162444114,0.6192053265020954,0.8778195488721805,0.820738137082601,0.9434343434343434,0.9062064686537834
SGD,0.6094118618224588,0.606271538253747,0.6131277647671091,0.6460132046724225,0.6863848040307369,"{'alpha': 0.001, 'penalty': 'l2', 'loss': 'log_loss', 'class_weight': 'balanced'}","['mfcc_11', 'wav_detail_lvl3_std', 'spec_centroid']",0.5414710485133021,0.5226586102719033,0.5616883116883117,0.5900319543288237,0.5291887793783169,0.5385802469135802,0.5201192250372578,0.6071090682942333,0.7575757575757576,0.7575757575757576,0.7575757575757576,0.8620133894691534
SGD,0.6092413612654755,0.6305132669090002,0.59962702749588,0.6627729812087354,0.6257154511949653,"{'alpha': 0.0001, 'penalty': 'elasticnet', 'loss': 'log_loss', 'class_weight': 'balanced'}","['mfcc_3', 'wav_detail_lvl5_std', 'wav_detail_lvl3_std']",0.5270758122743683,0.5934959349593496,0.474025974025974,0.5921006920979974,0.5257985257985258,0.5836363636363636,0.4783904619970194,0.5367114350737587,0.7748497457235322,0.7144075021312873,0.8464646464646465,0.7483342264131398
SGD,0.6092227707766473,0.6177594127032329,0.6027704839180249,0.6531234128999492,0.685563505333682,"{'alpha': 0.0001, 'penalty': 'l2', 'loss': 'log_loss', 'class_weight': 'balanced'}","['mfcc_3', 'mfcc_11', 'mfcc_8', 'wav_detail_lvl3_std']",0.5321739130434783,0.5730337078651685,0.4967532467532468,0.6318740720610928,0.5205684367988033,0.5225225225225225,0.518628912071535,0.5696274709650184,0.7749259624876604,0.7577220077220077,0.7929292929292929,0.8551889729749351
SGD,0.608846652418026,0.6083146293025224,0.6098179294900606,0.6531234128999492,0.7090794639784401,"{'alpha': 0.001, 'penalty': 'elasticnet', 'loss': 'log_loss', 'class_weight': 'balanced'}","['mfcc_11', 'wav_detail_lvl5_std', 'zcr_mean', 'spec_centroid']",0.4854368932038835,0.4838709677419355,0.487012987012987,0.575598403324383,0.5896877269426289,0.5750708215297451,0.6050670640834576,0.6955954526777367,0.7514153371075656,0.7660020986358866,0.7373737373737373,0.8560445359332006
SGD,0.6087385992070157,0.6070818332738557,0.6112053398938645,0.6500761808024378,0.7090669955787429,"{'alpha': 0.001, 'penalty': 'elasticnet', 'loss': 'log_loss', 'class_weight': 'balanced'}","['mfcc_11', 'wav_detail_lvl5_std', 'spec_centroid']",0.49363057324840764,0.484375,0.5032467532467533,0.5806466000952012,0.5846599131693199,0.5682137834036568,0.6020864381520119,0.6906496071217649,0.7479253112033195,0.7686567164179104,0.7282828282828283,0.8559047795192622
SGD,0.6079945644324002,0.6052697261269806,0.6202020202020201,0.6434738445911631,0.6866204216717738,"{'alpha': 0.001, 'penalty': 'elasticnet', 'loss': 'log_loss', 'class_weight': 'balanced'}","['mfcc_11', 'wav_detail_lvl5_std', 'mfcc_8', 'zcr_mean']",0.4883720930232558,0.4421052631578947,0.5454545454545454,0.589755059303791,0.5947075208913649,0.5581699346405229,0.6363636363636364,0.6174368396337659,0.74090407938258,0.8155339805825242,0.6787878787878788,0.8526693660777642
SGD,0.6078965424158319,0.6259907639825433,0.6014678399924301,0.6622651091924835,0.6277574978485022,"{'alpha': 0.0001, 'penalty': 'l2', 'loss': 'log_loss', 'class_weight': 'balanced'}","['mfcc_3', 'wav_detail_lvl3_std']",0.5368421052631579,0.583969465648855,0.4967532467532468,0.5981502569109035,0.5054393305439331,0.5763358778625954,0.45007451564828616,0.5484714595666325,0.781408191440405,0.7176669484361792,0.8575757575757575,0.7366507770679707
SGD,0.6077161053005782,0.6316551416843725,0.5963652922669316,0.6576942610462163,0.6206272851869156,"{'alpha': 0.0001, 'penalty': 'l2', 'loss': 'log_loss', 'class_weight': 'balanced'}","['mfcc_3', 'wav_detail_lvl5_std']",0.5394495412844037,0.620253164556962,0.4772727272727273,0.6191191505596477,0.5146103896103896,0.5650623885918004,0.47242921013412814,0.5133402279072983,0.7690883850069412,0.7096498719043552,0.8393939393939394,0.7294224770938004
SGD,0.606628684846675,0.620432915973713,0.6370646354252912,0.6775012696800407,0.6570711887937573,"{'alpha': 0.001, 'penalty': 'l2', 'loss': 'log_loss', 'class_weight': 'balanced'}","['mfcc_5', 'mfcc_11', 'zcr_mean']",0.4694610778443114,0.3719165085388994,0.6363636363636364,0.44262328696041886,0.48467966573816157,0.6428571428571429,0.3889716840536513,0.6345587507085293,0.8657453109575518,0.8465250965250966,0.8858585858585859,0.8940315287123238
SGD,0.6061698094085025,0.6312594593913476,0.6658249158249158,0.6846114779075673,0.7148570211696241,"{'alpha': 0.001, 'penalty': 'l2', 'loss': 'log_loss', 'class_weight': 'balanced'}","['mfcc_3', 'mfcc_8', 'mfcc_10']",0.5664739884393064,0.4398563734290844,0.7954545454545454,0.6139845695538927,0.3816475495307612,0.6354166666666666,0.2727272727272727,0.6213238698715118,0.8703878902554399,0.8185053380782918,0.9292929292929293,0.9092626240834679
SGD,0.6059464076593989,0.6066815286647632,0.6244391613244072,0.6658202133062469,0.6600562402643422,"{'alpha': 0.001, 'penalty': 'l2', 'loss': 'log_loss', 'class_weight': 'balanced'}","['mfcc_11', 'mfcc_8', 'mfcc_10', 'spec_centroid']",0.4532650448143406,0.37420718816067655,0.5746753246753247,0.4256638464262295,0.5316666666666666,0.6030245746691871,0.47540983606557374,0.6591584177354142,0.8329075114971896,0.8428128231644261,0.8232323232323232,0.8953464566313829
SGD,0.6053922553262966,0.6248807306408094,0.6583977952830412,0.6790248857287964,0.6906845778186689,"{'alpha': 0.001, 'penalty': 'l2', 'loss': 'log_loss', 'class_weight': 'balanced'}","['mfcc_3', 'mfcc_10']",0.5569917743830788,0.43646408839779005,0.7694805194805194,0.5739101457294987,0.3995943204868154,0.6253968253968254,0.293591654247392,0.6143810125309607,0.8595906711089957,0.8127812781278128,0.9121212121212121,0.883762575195547
SGD,0.6051346652976205,0.6195487301509083,0.6384930491487869,0.691721686135094,0.6826698140287503,"{'alpha': 0.001, 'penalty': 'l2', 'loss': 'log_loss', 'class_weight': 'balanced'}","['mfcc_6', 'mfcc_5', 'zcr_mean']",0.48370927318295737,0.39387755102040817,0.6266233766233766,0.4983749344774335,0.43478260869565216,0.6181318681318682,0.3353204172876304,0.6243151645528622,0.8969121140142517,0.8466367713004485,0.9535353535353536,0.9253193430559552
SGD,0.605022231955232,0.631818033489529,0.6136947145143866,0.6714068054850177,0.6434429658707526,"{'alpha': 0.0001, 'penalty': 'l2', 'loss': 'log_loss', 'class_weight': 'balanced'}","['wav_detail_lvl5_std', 'wav_detail_lvl3_std']",0.5128983308042488,0.48148148148148145,0.5487012987012987,0.5919682753127726,0.5052231718898386,0.6963350785340314,0.39642324888226527,0.5838491986758274,0.7969451931716083,0.7176375404530745,0.895959595959596,0.7545114236236578
SGD,0.6045740651887797,0.6051898856740842,0.6147067868379343,0.6323006602336211,0.6838316703387672,"{'alpha': 0.0001, 'penalty': 'l2', 'loss': 'log_loss', 'class_weight': 'balanced'}","['mfcc_8', 'wav_detail_lvl3_std', 'zcr_mean']",0.5209580838323353,0.48333333333333334,0.564935064935065,0.5854998322620025,0.5561569688768606,0.5092936802973977,0.6125186289120715,0.6086238224122483,0.7366071428571429,0.8229426433915212,0.6666666666666666,0.8573713563420507
SGD,0.6038724197120006,0.6126894655526631,0.6377226598538074,0.6673438293550026,0.6872731275280527,"{'alpha': 0.001, 'penalty': 'l2', 'loss': 'log_loss', 'class_weight': 'balanced'}","['mfcc_3', 'mfcc_11', 'mfcc_8', 'spec_centroid']",0.5525291828793775,0.46004319654427644,0.6915584415584416,0.5636212181722609,0.4351145038167939,0.6047745358090185,0.33979135618479883,0.6279041266602468,0.8239735724398302,0.7732506643046945,0.8818181818181818,0.8702940377516502
SGD,0.6032279978213239,0.6201730185470022,0.6325660981398686,0.6927374301675978,0.6374863700491962,"{'alpha': 0.001, 'penalty': 'l2', 'loss': 'log_loss', 'class_weight': 'balanced'}","['mfcc_6', 'mfcc_5', 'mfcc_10', 'spec_centroid']",0.455,0.3699186991869919,0.5909090909090909,0.3834923564017458,0.4514889529298751,0.6351351351351351,0.3502235469448584,0.6028812363623697,0.9031950405340964,0.8554652213188798,0.9565656565656566,0.9260855173834731
SGD,0.6021079223415553,0.6016645422902603,0.6042193993013666,0.6465210766886744,0.6982413747685715,"{'alpha': 0.001, 'penalty': 'l2', 'loss': 'log_loss', 'class_weight': 'balanced'}","['wav_detail_lvl5_std', 'spec_centroid']",0.47020933977455714,0.46645367412140576,0.474025974025974,0.548864804475278,0.5914893617021276,0.564276048714479,0.6214605067064084,0.6964593294793223,0.7446250655479811,0.7742639040348964,0.7171717171717171,0.8493999903511141
SGD,0.6014861843151834,0.6026729981969587,0.60362169706432,0.6460132046724225,0.6966898219733687,"{'alpha': 0.001, 'penalty': 'l2', 'loss': 'log_loss', 'class_weight': 'balanced'}","['wav_detail_lvl5_std', 'zcr_mean', 'spec_centroid']",0.4632952691680261,0.46557377049180326,0.461038961038961,0.5403520156750158,0.6015246015246015,0.5621761658031088,0.646795827123696,0.699862918693761,0.7396386822529224,0.7802690582959642,0.703030303030303,0.8498545315513294
SGD,0.6010729851781116,0.6186843783405909,0.5904888068822495,0.6439817166074149,0.6679045453263526,"{'alpha': 0.0001, 'penalty': 'l2', 'loss': 'log_loss', 'class_weight': 'balanced'}","['mfcc_3', 'wav_detail_lvl5_std', 'mfcc_8']",0.5092250922509225,0.5897435897435898,0.44805194805194803,0.6276104890226629,0.5433691756272402,0.5234806629834254,0.5648286140089419,0.5414679513746181,0.750624687656172,0.7428288822947576,0.7585858585858586,0.8346351955817765
SGD,0.6009642514137387,0.604765161878705,0.6009631837500691,0.6307770441848655,0.654479401862447,"{'alpha': 0.0001, 'penalty': 'l2', 'loss': 'log_loss', 'class_weight': 'balanced'}","['mfcc_11', 'mfcc_8', 'wav_detail_lvl3_std']",0.5287356321839081,0.5348837209302325,0.5227272727272727,0.5969695044238679,0.5388316151202749,0.5,0.5842026825633383,0.5207380172503502,0.7353255069370331,0.7794117647058824,0.695959595959596,0.8457306839131231
SGD,0.6002549824963025,0.6126592443610939,0.6083918813427011,0.6353478923311325,0.6808215294154504,"{'alpha': 0.0001, 'penalty': 'l2', 'loss': 'log_loss', 'class_weight': 'balanced'}","['wav_detail_lvl5_std', 'zcr_mean']",0.4746317512274959,0.47854785478547857,0.4707792207792208,0.5486453692213772,0.6194357366771159,0.5346320346320347,0.736214605067064,0.6476504131569383,0.7066974595842956,0.8247978436657682,0.6181818181818182,0.8461688058680357
SGD,0.5998844722811575,0.6124779276365054,0.6333175628257596,0.6739461655662773,0.6355203111532943,"{'alpha': 0.0001, 'penalty': 'l2', 'loss': 'log_loss', 'class_weight': 'balanced'}","['mfcc_5', 'mfcc_11']",0.47255369928400953,0.37358490566037733,0.6428571428571429,0.44512004974997166,0.45590994371482174,0.6151898734177215,0.3621460506706408,0.6108380228815963,0.8711897738446411,0.8486590038314177,0.8949494949494949,0.850602860828315
SGD,0.5996576176863306,0.5991269762900058,0.6123278057704287,0.6389029964448959,0.660558051734377,"{'alpha': 0.001, 'penalty': 'l2', 'loss': 'log_loss', 'class_weight': 'balanced'}","['wav_detail_lvl5_std', 'mfcc_8', 'zcr_mean']",0.4584527220630373,0.41025641025641024,0.5194805194805194,0.5580823780215233,0.5986206896551725,0.5571245186136072,0.646795827123696,0.5822636764978666,0.7418994413407821,0.83,0.6707070707070707,0.841328100683741
SGD,0.5992689427339305,0.6011838871464158,0.6079779055188891,0.6668359573387507,0.6477450330345932,"{'alpha': 0.001, 'penalty': 'elasticnet', 'loss': 'log_loss', 'class_weight': 'balanced'}","['mfcc_8', 'mfcc_10', 'zcr_mean', 'spec_centroid']",0.38926174496644295,0.3318077803203661,0.4707792207792208,0.35660447995618044,0.580852775543041,0.6311188811188811,0.5380029806259314,0.6860109717607394,0.8276923076923077,0.840625,0.8151515151515152,0.9006196473868597
SGD,0.598791285841043,0.6058148483314856,0.6146015186998793,0.6775012696800407,0.6507099420867279,"{'alpha': 0.001, 'penalty': 'l2', 'loss': 'log_loss', 'class_weight': 'balanced'}","['mfcc_5', 'mfcc_11', 'spec_centroid']",0.4108527131782946,0.34120171673819744,0.5162337662337663,0.3929521634627085,0.5126859142607174,0.6207627118644068,0.4366616989567809,0.662538045559331,0.8728352300841168,0.8554801163918526,0.8909090909090909,0.8966396172381443
SGD,0.5982820158504455,0.5958560405728591,0.6014978039568204,0.6389029964448959,0.6824861459955893,"{'alpha': 0.001, 'penalty': 'l2', 'loss': 'log_loss', 'class_weight': 'balanced'}","['mfcc_8', 'wav_detail_lvl3_std', 'zcr_mean', 'spec_centroid']",0.49921507064364207,0.48328267477203646,0.5162337662337663,0.5731978699100568,0.5423976608187134,0.5322812051649928,0.5529061102831595,0.6151722647916585,0.7532333160889808,0.7720042417815483,0.7353535353535353,0.8590883032850525
SGD,0.5947697748706137,0.5934604286865374,0.5993289649027354,0.6389029964448959,0.6931104525812647,"{'alpha': 0.001, 'penalty': 'l2', 'loss': 'log_loss', 'class_weight': 'balanced'}","['wav_detail_lvl5_std', 'mfcc_8', 'zcr_mean', 'spec_centroid']",0.4569640062597809,0.44108761329305135,0.474025974025974,0.5427070713369285,0.5870786516853933,0.5551128818061088,0.6229508196721312,0.6878556836880096,0.7402666666666666,0.784180790960452,0.701010101010101,0.8487686027188559
SGD,0.5946156473039139,0.5937004858903787,0.5956532538499751,0.6348400203148806,0.6908429170209042,"{'alpha': 0.001, 'penalty': 'elasticnet', 'loss': 'log_loss', 'class_weight': 'balanced'}","['mfcc_11', 'mfcc_8', 'wav_detail_lvl3_std', 'zcr_mean', 'spec_centroid']",0.5168539325842697,0.5111111111111111,0.5227272727272727,0.5894869863300789,0.5166163141993958,0.5237366003062787,0.5096870342771982,0.6220753638017964,0.7503766951280764,0.7462537462537463,0.7545454545454545,0.8609664009308372
SGD,0.5940489510503276,0.6047469898042597,0.6148463558299624,0.6835957338750634,0.6444891680790521,"{'alpha': 0.001, 'penalty': 'l2', 'loss': 'log_loss', 'class_weight': 'balanced'}","['mfcc_6', 'mfcc_11', 'spec_centroid']",0.4414535666218035,0.37701149425287356,0.5324675324675324,0.43877818766603544,0.4576744186046512,0.6089108910891089,0.36661698956780925,0.5847163587851891,0.8830188679245283,0.8283185840707965,0.9454545454545454,0.9099729577859318
SGD,0.5938947633931453,0.6147432629670772,0.6308648546353465,0.6835957338750634,0.6521113390969429,"{'alpha': 0.001, 'penalty': 'l2', 'loss': 'log_loss', 'class_weight': 'balanced'}","['mfcc_6', 'mfcc_11', 'mfcc_10']",0.4684466019417476,0.374031007751938,0.6266233766233766,0.4515762031067603,0.41865079365079366,0.6261127596439169,0.3144560357675112,0.5969301531579594,0.8945868945868946,0.8440860215053764,0.9515151515151515,0.9078276610261089
SGD,0.5938540650898262,0.586320335440938,0.6090980058193173,0.627729812087354,0.6852794599665458,"{'alpha': 0.001, 'penalty': 'l2', 'loss': 'log_loss', 'class_weight': 'balanced'}","['mfcc_11', 'mfcc_8', 'wav_detail_lvl3_std', 'zcr_mean']",0.5210084033613446,0.458128078817734,0.6038961038961039,0.5954895404795882,0.510158013544018,0.5151975683890577,0.5052160953800298,0.6014131953659817,0.7503957783641161,0.7856353591160221,0.7181818181818181,0.8589356440540679
SGD,0.5931999321364451,0.5906208493459034,0.5961350428563543,0.6317927882173692,0.690158452215901,"{'alpha': 0.001, 'penalty': 'l2', 'loss': 'log_loss', 'class_weight': 'balanced'}","['mfcc_11', 'mfcc_8', 'wav_detail_lvl3_std', 'spec_centroid']",0.5196850393700787,0.5045871559633027,0.5357142857142857,0.5908510601303006,0.5109269027882442,0.5167682926829268,0.5052160953800298,0.6186441142746618,0.7489878542510121,0.7505070993914807,0.7474747474747475,0.8609801822427405
SGD,0.5927365980178996,0.6053548172538188,0.6397759799399144,0.6556627729812088,0.6564238159066763,"{'alpha': 0.001, 'penalty': 'elasticnet', 'loss': 'log_loss', 'class_weight': 'balanced'}","['mfcc_11', 'mfcc_8', 'mfcc_10', 'zcr_mean']",0.5124153498871332,0.39273356401384085,0.737012987012987,0.44276095786787717,0.4278892072588348,0.5957446808510638,0.33383010432190763,0.6340744040667553,0.8379052369077307,0.8275862068965517,0.8484848484848485,0.8924360857853963
SGD,0.5923396339940755,0.5973953917940024,0.5881827644122726,0.6312849162011173,0.6649433659598553,"{'alpha': 0.0001, 'penalty': 'l2', 'loss': 'log_loss', 'class_weight': 'balanced'}","['mfcc_3', 'mfcc_8', 'wav_detail_lvl3_std']",0.5254237288135594,0.549645390070922,0.5032467532467533,0.61126848716134,0.508653122648608,0.513677811550152,0.503725782414307,0.557415584289602,0.7429420505200595,0.7288629737609329,0.7575757575757576,0.8261460264286239
SGD,0.5920508046691012,0.5888389631810685,0.5973399096349916,0.6323006602336211,0.7064591098621246,"{'alpha': 0.001, 'penalty': 'l2', 'loss': 'log_loss', 'class_weight': 'balanced'}","['mfcc_11', 'wav_detail_lvl5_std', 'mfcc_8', 'spec_centroid']",0.47692307692307695,0.45321637426900585,0.5032467532467533,0.5804226084657526,0.5642135642135642,0.5468531468531469,0.5827123695976155,0.6827816423511097,0.7350157728706624,0.7664473684210527,0.706060606060606,0.8561730787695114
SGD,0.5919292043836246,0.5881946398974263,0.59656478918774,0.6317927882173692,0.6828591709717099,"{'alpha': 0.001, 'penalty': 'l2', 'loss': 'log_loss', 'class_weight': 'balanced'}","['mfcc_8', 'wav_detail_lvl3_std', 'spec_centroid']",0.5030864197530864,0.47941176470588237,0.5292207792207793,0.578088672866164,0.5274229902329076,0.5318181818181819,0.5230998509687034,0.6119992442798995,0.74527820316488,0.7533539731682146,0.7373737373737373,0.8584895957690664
SGD,0.5917671084959762,0.6120741839058714,0.6288056206088993,0.6825799898425596,0.6541366900990404,"{'alpha': 0.001, 'penalty': 'l2', 'loss': 'log_loss', 'class_weight': 'balanced'}","['mfcc_6', 'mfcc_11', 'mfcc_10', 'zcr_mean']",0.47058823529411764,0.3779527559055118,0.6233766233766234,0.4563148194519018,0.41194029850746267,0.6197604790419161,0.30849478390462,0.5943609169924267,0.8927727916863486,0.8385093167701864,0.9545454545454546,0.9117343338527927
SGD,0.591530795486196,0.5928964945788646,0.6429095797948258,0.6556627729812088,0.6572006917201993,"{'alpha': 0.0001, 'penalty': 'l2', 'loss': 'log_loss', 'class_weight': 'balanced'}","['mfcc_3', 'mfcc_8', 'zcr_mean']",0.5602836879432624,0.44052044609665425,0.7694805194805194,0.5082287818004977,0.3773946360153257,0.5281501340482574,0.293591654247392,0.576095728180237,0.8369140625,0.8100189035916824,0.8656565656565657,0.8872775651798634
SGD,0.5914334275209789,0.6015358496302424,0.6173116804264345,0.6505840528186897,0.6563935858914108,"{'alpha': 0.001, 'penalty': 'l2', 'loss': 'log_loss', 'class_weight': 'balanced'}","['mfcc_8', 'mfcc_10', 'spec_centroid']",0.4364060676779463,0.3406193078324226,0.6071428571428571,0.37171335509880044,0.5096322241681261,0.6178343949044586,0.4336810730253353,0.6959921949062289,0.8282619907168643,0.8461538461538461,0.8111111111111111,0.9014752076692031
SGD,0.5910726527875819,0.6100022325543484,0.6353870476821296,0.6708989334687658,0.6418429015667845,"{'alpha': 0.001, 'penalty': 'elasticnet', 'loss': 'log_loss', 'class_weight': 'balanced'}","['mfcc_5', 'mfcc_11', 'mfcc_10']",0.4833906071019473,0.3734513274336283,0.685064935064935,0.44614283859869575,0.41025641025641024,0.6064139941690962,0.30998509687034276,0.6222817972584976,0.8795709410043882,0.8501413760603205,0.9111111111111111,0.8571040688431599
SGD,0.5907583774250441,0.5883025363780628,0.5957427514804564,0.6338242762823768,0.6940980194794456,"{'alpha': 0.001, 'penalty': 'elasticnet', 'loss': 'log_loss', 'class_weight': 'balanced'}","['wav_detail_lvl5_std', 'mfcc_8', 'spec_centroid']",0.46296296296296297,0.4411764705882353,0.487012987012987,0.550108156232673,0.5685714285714286,0.5459533607681756,0.5931445603576752,0.6833728857694317,0.7407407407407407,0.7777777777777778,0.7070707070707071,0.8488130164362323
SGD,0.59051561853801,0.5945226341506296,0.5954454774126905,0.6231589639410868,0.6475169971686943,"{'alpha': 0.0001, 'penalty': 'l2', 'loss': 'log_loss', 'class_weight': 'balanced'}","['mfcc_11', 'wav_detail_lvl5_std', 'mfcc_8']",0.4864,0.4794952681388013,0.4935064935064935,0.5870754355205132,0.5727574750830565,0.5167865707434053,0.6423248882265276,0.5168653853839076,0.7123893805309734,0.7872860635696821,0.6505050505050505,0.8386101706016619
SGD,0.589454183892902,0.5870900184335737,0.5929553142667897,0.6317927882173692,0.7066360352916332,"{'alpha': 0.001, 'penalty': 'l2', 'loss': 'log_loss', 'class_weight': 'balanced'}","['mfcc_11', 'wav_detail_lvl5_std', 'mfcc_8', 'zcr_mean', 'spec_centroid']",0.4702194357366771,0.45454545454545453,0.487012987012987,0.5764241829393746,0.563768115942029,0.5486600846262342,0.5797317436661699,0.6869819608476785,0.734375,0.7580645161290323,0.7121212121212122,0.8565019620878462
SGD,0.5874135491481928,0.58801311616232,0.5947267365300152,0.6658202133062469,0.607340337577822,"{'alpha': 0.001, 'penalty': 'l2', 'loss': 'log_loss', 'class_weight': 'balanced'}","['mfcc_11', 'mfcc_10', 'zcr_mean', 'spec_centroid']",0.37604456824512533,0.32926829268292684,0.4383116883116883,0.3459486736600839,0.5332252836304701,0.5843694493783304,0.4903129657228018,0.5882766304199826,0.8529707955689829,0.8504016064257028,0.8555555555555555,0.8877957086533994
SGD,0.5845386018671488,0.5885798905478932,0.6155674622887738,0.6500761808024378,0.6637093604941766,"{'alpha': 0.001, 'penalty': 'l2', 'loss': 'log_loss', 'class_weight': 'balanced'}","['mfcc_3', 'mfcc_8', 'spec_centroid']",0.5317460317460317,0.4486607142857143,0.6525974025974026,0.5135062965235375,0.4082784571966134,0.5535714285714286,0.323397913561848,0.6110440294399295,0.8135913166588014,0.7635075287865367,0.8707070707070707,0.8665777555190627
SGD,0.5843215292729518,0.5957087186975932,0.6260371080043211,0.6607414931437278,0.7036314091638793,"{'alpha': 0.001, 'penalty': 'elasticnet', 'loss': 'log_loss', 'class_weight': 'balanced'}","['mfcc_3', 'mfcc_11', 'zcr_mean', 'spec_centroid']",0.5421994884910486,0.4472573839662447,0.6883116883116883,0.62826707487849,0.37325349301397204,0.5649546827794562,0.2786885245901639,0.5978140136051817,0.8375116063138347,0.7749140893470791,0.9111111111111111,0.8848131390079664
SGD,0.5826522590020242,0.6062516838618679,0.6376650975011631,0.6485525647536821,0.6565613998137944,"{'alpha': 0.001, 'penalty': 'l2', 'loss': 'log_loss', 'class_weight': 'balanced'}","['mfcc_11', 'mfcc_8', 'mfcc_10']",0.5092091007583965,0.3821138211382114,0.762987012987013,0.45448733801586727,0.4064064064064064,0.6189024390243902,0.3025335320417288,0.6247384279007693,0.8323412698412699,0.817738791423002,0.8474747474747475,0.8904584335247464
SGD,0.5821335498356812,0.6081222110831163,0.6240622461933938,0.6444895886236668,0.6565044937316153,"{'alpha': 0.001, 'penalty': 'l2', 'loss': 'log_loss', 'class_weight': 'balanced'}","['mfcc_8', 'mfcc_10', 'zcr_mean']",0.4880817253121453,0.37521815008726006,0.698051948051948,0.4044522849869647,0.44970414201183434,0.6647230320699709,0.33979135618479883,0.671991917566183,0.8086147821830642,0.7844254510921178,0.8343434343434344,0.8930692786416983
SGD,0.5819910846279878,0.5844614743311837,0.638843154416925,0.6505840528186897,0.6514568909779958,"{'alpha': 0.0001, 'penalty': 'elasticnet', 'loss': 'log_loss', 'class_weight': 'balanced'}","['mfcc_3', 'mfcc_11', 'mfcc_8', 'zcr_mean']",0.5690672963400236,0.44712430426716143,0.7824675324675324,0.5057103770281507,0.34421364985163205,0.5117647058823529,0.2593144560357675,0.5653823339651322,0.8326923076923077,0.7944954128440367,0.8747474747474747,0.8832779619407043
SGD,0.5803404026833409,0.5904264183013307,0.591099125525355,0.6348400203148806,0.6346625242783189,"{'alpha': 0.0001, 'penalty': 'l2', 'loss': 'log_loss', 'class_weight': 'balanced'}",['wav_detail_lvl3_std'],0.5240963855421686,0.4887640449438202,0.564935064935065,0.5776285437957581,0.4587488667271079,0.5856481481481481,0.3770491803278688,0.5219801621716106,0.7581759557807461,0.6968670618120237,0.8313131313131313,0.8043788668675882
SGD,0.5794375890388866,0.5824449077187701,0.5989729456942571,0.6485525647536821,0.6160006616600718,"{'alpha': 0.001, 'penalty': 'l2', 'loss': 'log_loss', 'class_weight': 'balanced'}","['mfcc_11', 'mfcc_10', 'spec_centroid']",0.41802252816020025,0.34012219959266804,0.5422077922077922,0.37630673870365333,0.4756201881950385,0.5582329317269076,0.4143070044709389,0.5792609517230296,0.8446700507614213,0.8489795918367347,0.8404040404040404,0.8924342945535327
SGD,0.5790179267430253,0.6343511323368481,0.6426071803120984,0.6769933976637887,0.6249087106915557,"{'alpha': 0.001, 'penalty': 'l2', 'loss': 'log_loss', 'class_weight': 'balanced'}","['mfcc_6', 'mfcc_5', 'spec_centroid']",0.4834224598930481,0.36044657097288674,0.7337662337662337,0.32135200902677047,0.3511111111111111,0.6899563318777293,0.23546944858420268,0.6262008216681733,0.9025202092249168,0.8526504941599281,0.9585858585858585,0.9271733013797236
SGD,0.5787926849802902,0.5942743434727659,0.6217321536993669,0.6531234128999492,0.7000828681988986,"{'alpha': 0.001, 'penalty': 'elasticnet', 'loss': 'log_loss', 'class_weight': 'balanced'}","['mfcc_3', 'zcr_mean', 'spec_centroid']",0.535175879396985,0.4364754098360656,0.6915584415584416,0.6203875362975442,0.37701612903225806,0.5825545171339563,0.2786885245901639,0.5920372358247461,0.8241860465116279,0.7637931034482759,0.8949494949494949,0.8878238324744057
SGD,0.5770615301451373,0.6062338769911368,0.6337717534438846,0.6739461655662773,0.6354661567618083,"{'alpha': 0.001, 'penalty': 'l2', 'loss': 'log_loss', 'class_weight': 'balanced'}","['mfcc_6', 'mfcc_5']",0.488135593220339,0.37435008665511266,0.7012987012987013,0.34963016542988695,0.34394904458598724,0.5977859778597786,0.2414307004470939,0.6271140650507188,0.8990999526290857,0.8465655664585192,0.9585858585858585,0.9296542398048191
SGD,0.5769187650176425,0.5782891727561027,0.5770854524952885,0.691721686135094,0.6085684784805794,"{'alpha': 0.001, 'penalty': 'l2', 'loss': 'log_loss', 'class_weight': 'balanced'}","['mfcc_5', 'mfcc_10', 'zcr_mean', 'spec_centroid']",0.2524271844660194,0.25161290322580643,0.2532467532467532,0.2661484568061285,0.5899843505477308,0.6210873146622735,0.5618479880774963,0.6563398104537074,0.8883447600391773,0.8621673003802282,0.9161616161616162,0.9032171681819023
SGD,0.5763394469667936,0.6033908821713699,0.6195609490691458,0.6724225495175216,0.645698145881726,"{'alpha': 0.0001, 'penalty': 'elasticnet', 'loss': 'log_loss', 'class_weight': 'balanced'}","['mfcc_6', 'mfcc_11']",0.4657863145258103,0.36952380952380953,0.6298701298701299,0.43107709968508795,0.3764219234746639,0.6148648648648649,0.27123695976154993,0.5982974803314004,0.8868101028999065,0.8257839721254355,0.9575757575757575,0.9077198576286896
SGD,0.5722228396941077,0.573830857356171,0.5739664403598831,0.7034027425088878,0.6262459683142961,"{'alpha': 0.001, 'penalty': 'l2', 'loss': 'log_loss', 'class_weight': 'balanced'}","['mfcc_6', 'mfcc_5', 'zcr_mean', 'spec_centroid']",0.2198952879581152,0.23773584905660378,0.20454545454545456,0.3257460585958402,0.5926505082095387,0.6233552631578947,0.5648286140089419,0.6269184812502746,0.9041227229146692,0.8604014598540146,0.9525252525252526,0.9260733650967735
SGD,0.5709591328832365,0.5809546847282697,0.6204216245199852,0.6460132046724225,0.680191373666411,"{'alpha': 0.001, 'penalty': 'elasticnet', 'loss': 'log_loss', 'class_weight': 'balanced'}","['mfcc_3', 'mfcc_11', 'spec_centroid']",0.5423312883435583,0.4358974358974359,0.7175324675324676,0.608141813727062,0.34580384226491406,0.5377358490566038,0.2548435171385991,0.5632833619794865,0.8247422680412371,0.7692307692307693,0.8888888888888888,0.8691489452926844
SGD,0.569526103269563,0.5717306910802874,0.5691256830601094,0.6815642458100558,0.607856218054846,"{'alpha': 0.001, 'penalty': 'l2', 'loss': 'log_loss', 'class_weight': 'balanced'}","['mfcc_5', 'zcr_mean', 'spec_centroid']",0.23875968992248062,0.228486646884273,0.25,0.2660846275403541,0.5885129819040126,0.6233333333333333,0.5573770491803278,0.6510098025059532,0.8813056379821959,0.8633720930232558,0.9,0.9064742241182309
SGD,0.5692113259468731,0.5954285209130662,0.6146322711896482,0.665312341289995,0.6517251259616896,"{'alpha': 0.001, 'penalty': 'l2', 'loss': 'log_loss', 'class_weight': 'balanced'}","['mfcc_6', 'mfcc_11', 'zcr_mean']",0.45614035087719296,0.35648994515539306,0.6331168831168831,0.44969743810579293,0.36438923395445133,0.5966101694915255,0.26229508196721313,0.5939867914482273,0.8871043930089749,0.8331854480922803,0.9484848484848485,0.9114911483310486
SGD,0.5686879219662796,0.6020329749595905,0.6175285249055741,0.6373793803961402,0.6548660727530597,"{'alpha': 0.001, 'penalty': 'l2', 'loss': 'log_loss', 'class_weight': 'balanced'}","['mfcc_8', 'mfcc_10']",0.4893854748603352,0.3730834752981261,0.711038961038961,0.4241128006441809,0.4074074074074074,0.6578073089700996,0.29508196721311475,0.6482540758148969,0.8092708836310961,0.7752081406105458,0.8464646464646465,0.8922313418001013
SGD,0.5664233364794081,0.5547397938380577,0.6141788690969019,0.6155408836973083,0.6474805685813105,"{'alpha': 0.0001, 'penalty': 'l2', 'loss': 'log_loss', 'class_weight': 'balanced'}","['mfcc_3', 'zcr_mean']",0.5635491606714629,0.4467680608365019,0.762987012987013,0.5385245535962659,0.3421985815602837,0.4223194748358862,0.28763040238450077,0.5178261420895469,0.7935222672064778,0.795131845841785,0.7919191919191919,0.8860910100581187
SGD,0.5655945783257571,0.5702310153631001,0.5676728250498743,0.6800406297613002,0.5999188834910626,"{'alpha': 0.001, 'penalty': 'elasticnet', 'loss': 'log_loss', 'class_weight': 'balanced'}","['mfcc_6', 'zcr_mean', 'spec_centroid']",0.29042904290429045,0.2953020134228188,0.2857142857142857,0.3152298856641838,0.528052805280528,0.5914972273567468,0.47690014903129657,0.5653114683103649,0.8783018867924528,0.8238938053097346,0.9404040404040404,0.9192152964986389
SGD,0.5654387611117446,0.5678449269977451,0.5909051482821974,0.6048755713560183,0.6078348366919628,"{'alpha': 0.001, 'penalty': 'l2', 'loss': 'log_loss', 'class_weight': 'balanced'}","['mfcc_8', 'spec_centroid']",0.4412811387900356,0.34766355140186916,0.6038961038961039,0.3711162287618673,0.5220228384991843,0.5765765765765766,0.47690014903129657,0.6018063666484691,0.7330123060460139,0.7792946530147895,0.6919191919191919,0.850581914665552
SGD,0.5600038488274607,0.607191870140838,0.6430511201003004,0.665312341289995,0.6494436834798701,"{'alpha': 0.001, 'penalty': 'l2', 'loss': 'log_loss', 'class_weight': 'balanced'}","['mfcc_6', 'mfcc_10', 'zcr_mean']",0.5222929936305732,0.38801261829652994,0.7987012987012987,0.4285467353276067,0.2688296639629201,0.6041666666666666,0.17287630402384502,0.5969627997282215,0.8888888888888888,0.8293963254593176,0.9575757575757575,0.9228215153837821
SGD,0.5595214084969499,0.5610017659148429,0.5585172568779126,0.5825292026409344,0.6191942925020965,"{'alpha': 0.0001, 'penalty': 'l2', 'loss': 'log_loss', 'class_weight': 'balanced'}","['mfcc_8', 'wav_detail_lvl3_std']",0.5311475409836065,0.5364238410596026,0.525974025974026,0.5855235707457198,0.4653179190751445,0.45161290322580644,0.4798807749627422,0.44704899418932564,0.6820987654320988,0.6949685534591195,0.6696969696969697,0.8250103125712437
SGD,0.5576234959166646,0.5680106241523678,0.6133315985775002,0.6317927882173692,0.6576198651020976,"{'alpha': 0.001, 'penalty': 'elasticnet', 'loss': 'log_loss', 'class_weight': 'balanced'}","['mfcc_3', 'spec_centroid']",0.5513905683192262,0.4393063583815029,0.7402597402597403,0.5476807898643778,0.3164426059979317,0.5168918918918919,0.22801788375558868,0.5588678798150772,0.8050373134328358,0.7478336221837089,0.8717171717171717,0.8663109256268375
SGD,0.5562541919642624,0.5595746278983432,0.5698661083906985,0.6043676993397664,0.6025305628915888,"{'alpha': 0.001, 'penalty': 'l2', 'loss': 'log_loss', 'class_weight': 'balanced'}","['mfcc_8', 'zcr_mean', 'spec_centroid']",0.3739021329987453,0.3047034764826176,0.4837662337662338,0.35268739524271886,0.555895865237366,0.5716535433070866,0.5409836065573771,0.6043283955092659,0.7389645776566758,0.8023668639053254,0.6848484848484848,0.8505758979227818
SGD,0.5552078628052336,0.6053215994600731,0.6262850992359189,0.6607414931437278,0.6278000278627559,"{'alpha': 0.001, 'penalty': 'l2', 'loss': 'log_loss', 'class_weight': 'balanced'}","['mfcc_6', 'mfcc_10', 'spec_centroid']",0.4849137931034483,0.3629032258064516,0.7305194805194806,0.3601721996642587,0.2922374429223744,0.624390243902439,0.19076005961251863,0.5981845835246168,0.8884723523898782,0.8286713286713286,0.9575757575757575,0.9250433003993923
SGD,0.5515856487290439,0.5574466701844256,0.5517237164778148,0.5825292026409344,0.6104926826958851,"{'alpha': 0.0001, 'penalty': 'l2', 'loss': 'log_loss', 'class_weight': 'balanced'}","['wav_detail_lvl5_std', 'mfcc_8']",0.46050420168067224,0.47735191637630664,0.4448051948051948,0.5604091937497324,0.5315436241610738,0.4835164835164835,0.5901639344262295,0.4620446981916464,0.6627091203453859,0.7114716106604867,0.6202020202020202,0.8090241561462763
SGD,0.5514571765403312,0.5802289285442382,0.610851291998833,0.6307770441848655,0.6188721016925749,"{'alpha': 0.001, 'penalty': 'l2', 'loss': 'log_loss', 'class_weight': 'balanced'}","['mfcc_11', 'mfcc_10']",0.4560327198364008,0.3328358208955224,0.724025974025974,0.39725696054609283,0.3409090909090909,0.5555555555555556,0.2459016393442623,0.597626908785282,0.857429718875502,0.8522954091816367,0.8626262626262626,0.86173243574635
SGD,0.5511095247508746,0.5506599336982981,0.5673037951726476,0.5982732351447435,0.6309803664781984,"{'alpha': 0.001, 'penalty': 'elasticnet', 'loss': 'log_loss', 'class_weight': 'balanced'}","['mfcc_11', 'mfcc_8', 'zcr_mean', 'spec_centroid']",0.4071246819338422,0.33472803347280333,0.5194805194805194,0.4319170233711827,0.5035294117647059,0.5314569536423841,0.4783904619970194,0.6013107946850293,0.7426744805540757,0.7857948139797069,0.704040404040404,0.8597132813783832
SGD,0.550155626882655,0.5708112098676504,0.6056781712519418,0.6241747079735906,0.6242855420040977,"{'alpha': 0.001, 'penalty': 'elasticnet', 'loss': 'log_loss', 'class_weight': 'balanced'}","['mfcc_11', 'mfcc_10', 'zcr_mean']",0.45595854922279794,0.334855403348554,0.7142857142857143,0.3920117506509442,0.34765234765234765,0.5272727272727272,0.2593144560357675,0.5920729458756104,0.8468559837728195,0.8503054989816701,0.8434343434343434,0.8887719294857386
SGD,0.5474722152490562,0.5484406712711142,0.5817117308920587,0.5774504824784155,0.6208657842245999,"{'alpha': 0.0001, 'penalty': 'elasticnet', 'loss': 'log_loss', 'class_weight': 'balanced'}","['mfcc_11', 'mfcc_8', 'zcr_mean']",0.47685185185185186,0.37050359712230213,0.6688311688311688,0.4459113335931982,0.43706563706563706,0.453525641025641,0.4217585692995529,0.5584781877874037,0.7284991568296796,0.8212927756653993,0.6545454545454545,0.858207831293198
SGD,0.547412998824027,0.5703438716631462,0.5927893296745755,0.5855764347384459,0.6150792270032279,"{'alpha': 0.001, 'penalty': 'l2', 'loss': 'log_loss', 'class_weight': 'balanced'}","['mfcc_8', 'zcr_mean']",0.43538767395626243,0.3137535816618911,0.711038961038961,0.40311976875489813,0.46112600536193027,0.5758928571428571,0.38450074515648286,0.5962338190258916,0.7457253171538886,0.8213851761846902,0.6828282828282828,0.8458840932288941
SGD,0.5459135142047606,0.5567595405514968,0.6235331456642932,0.6394108684611478,0.6626100264325362,"{'alpha': 0.001, 'penalty': 'l2', 'loss': 'log_loss', 'class_weight': 'balanced'}","['mfcc_3', 'mfcc_11', 'zcr_mean']",0.5664739884393064,0.4398563734290844,0.7954545454545454,0.5483617096160484,0.23555555555555555,0.462882096069869,0.15797317436661698,0.5579090203201318,0.8357109986194201,0.7675401521555367,0.9171717171717172,0.8815593493614282
SGD,0.5416771918641055,0.5449871309668737,0.5402017836444065,0.6404266124936516,0.5886541756823215,"{'alpha': 0.001, 'penalty': 'elasticnet', 'loss': 'log_loss', 'class_weight': 'balanced'}","['mfcc_10', 'zcr_mean', 'spec_centroid']",0.21994134897360704,0.20053475935828877,0.2435064935064935,0.2491815491960152,0.5725249424405219,0.5901898734177216,0.555886736214605,0.6212080308235132,0.8325652841781874,0.8442367601246106,0.8212121212121212,0.8955729470274362
SGD,0.5415050569752801,0.5414623906326835,0.5653178940064185,0.5855764347384459,0.6264624801641202,"{'alpha': 0.001, 'penalty': 'elasticnet', 'loss': 'log_loss', 'class_weight': 'balanced'}","['mfcc_11', 'mfcc_8', 'spec_centroid']",0.4280532043530834,0.34104046242774566,0.5746753246753247,0.4363307489150392,0.45816409423233145,0.5035714285714286,0.4202682563338301,0.5864056436605853,0.7382978723404255,0.7797752808988764,0.701010101010101,0.8566510479167363
SGD,0.5412959180784727,0.5307552898684184,0.6095967481213383,0.6130015236160488,0.619725932004974,"{'alpha': 0.0001, 'penalty': 'elasticnet', 'loss': 'log_loss', 'class_weight': 'balanced'}","['mfcc_3', 'mfcc_11', 'mfcc_8']",0.5846153846153846,0.45996275605214154,0.801948051948052,0.5150929733196222,0.24211597151576805,0.3814102564102564,0.17734724292101342,0.4856045607458653,0.7971563981042654,0.7508928571428571,0.8494949494949495,0.8584802619494342
SGD,0.5394167530357142,0.5669751836764966,0.6045537340619308,0.6465210766886744,0.6046604210527406,"{'alpha': 0.0001, 'penalty': 'elasticnet', 'loss': 'log_loss', 'class_weight': 'balanced'}","['mfcc_6', 'spec_centroid']",0.47297297297297297,0.3620689655172414,0.6818181818181818,0.3223008182009805,0.2685904550499445,0.5260869565217391,0.18032786885245902,0.5678060311975619,0.8766868310842252,0.8127696289905091,0.9515151515151515,0.9238744137596795
SGD,0.5387857602187102,0.5447463436893726,0.5531765744880499,0.6942610462163534,0.6189236555588354,"{'alpha': 0.0001, 'penalty': 'l2', 'loss': 'log_loss', 'class_weight': 'balanced'}","['mfcc_5', 'spec_centroid']",0.1275626423690205,0.21374045801526717,0.09090909090909091,0.30156262993165467,0.6072874493927125,0.5548705302096177,0.6706408345752608,0.6515338413938705,0.8815071888943976,0.8656280428432327,0.897979797979798,0.9036744953509811
SGD,0.5386352264302279,0.7654459266834216,0.5840225045143078,0.7425088877602845,0.5702699156666017,"{'alpha': 0.0001, 'penalty': 'l2', 'loss': 'log_loss', 'class_weight': 'balanced'}","['mfcc_5', 'mfcc_10']",0.03184713375796178,0.8333333333333334,0.016233766233766232,0.24269317892095815,0.7060333761232349,0.6200676437429538,0.819672131147541,0.6580727140448689,0.8780251694094869,0.8429368029739777,0.9161616161616162,0.8100438540339778
SGD,0.537128520347782,0.544665967292835,0.6173463755430969,0.6297613001523616,0.6378097794040015,"{'alpha': 0.001, 'penalty': 'l2', 'loss': 'log_loss', 'class_weight': 'balanced'}","['mfcc_3', 'mfcc_11']",0.5697808535178778,0.4418604651162791,0.801948051948052,0.528782508866188,0.21899441340782122,0.4375,0.14605067064083457,0.5248325444820895,0.8226102941176471,0.7546374367622259,0.9040404040404041,0.8598142848637271
SGD,0.5358786101142016,0.6027072077605619,0.6378334476695132,0.654647028948705,0.6474496730713298,"{'alpha': 0.001, 'penalty': 'elasticnet', 'loss': 'log_loss', 'class_weight': 'balanced'}","['mfcc_6', 'mfcc_10']",0.5213849287169042,0.3798219584569733,0.8311688311688312,0.39343741700844814,0.20149253731343283,0.6090225563909775,0.12071535022354694,0.6241846273468419,0.8847583643122676,0.8192771084337349,0.9616161616161616,0.9247269748586998
SGD,0.5353351728682229,0.5357103389383275,0.5500843722155198,0.5901472828847131,0.5789737808606448,"{'alpha': 0.001, 'penalty': 'l2', 'loss': 'log_loss', 'class_weight': 'balanced'}","['mfcc_11', 'zcr_mean', 'spec_centroid']",0.38373570520965694,0.31524008350730687,0.4902597402597403,0.3571483735604246,0.4594594594594595,0.49233390119250425,0.4307004470938897,0.5138767331361143,0.7628103539355521,0.7995570321151716,0.7292929292929293,0.8658962358853954
SGD,0.5342339885074816,0.5725798051894702,0.6111324012963357,0.6475368207211782,0.6174128730763466,"{'alpha': 0.0001, 'penalty': 'l2', 'loss': 'log_loss', 'class_weight': 'balanced'}",['mfcc_6'],0.4895259095920617,0.37061769616026713,0.7207792207792207,0.33123562000288875,0.23748544819557627,0.5425531914893617,0.15201192250372578,0.5969942495848564,0.8756906077348067,0.8045685279187818,0.9606060606060606,0.9240087496412948
SGD,0.5273515808711581,0.5507649317356383,0.5907714932305096,0.6231589639410868,0.5830979909146441,"{'alpha': 0.0001, 'penalty': 'l2', 'loss': 'log_loss', 'class_weight': 'balanced'}","['mfcc_5', 'zcr_mean']",0.4279918864097363,0.3112094395280236,0.685064935064935,0.26737786713847334,0.26992561105207225,0.4703703703703704,0.18926974664679583,0.5835696708101585,0.8841372451516658,0.8707149853085211,0.897979797979798,0.8983464347953005
SGD,0.5251366697597099,0.5273588911348498,0.5498596424825933,0.6983240223463687,0.5795395872900487,"{'alpha': 0.0001, 'penalty': 'l2', 'loss': 'log_loss', 'class_weight': 'balanced'}",['mfcc_5'],0.07556675062972293,0.16853932584269662,0.048701298701298704,0.28657343439638033,0.6348993288590604,0.5775335775335775,0.7049180327868853,0.6340598440946555,0.8649439297903462,0.8360037700282752,0.895959595959596,0.8179854833791104
SGD,0.5231837629601116,0.5530959583571798,0.5558315394380968,0.6241747079735906,0.6334948618175186,"{'alpha': 0.001, 'penalty': 'l2', 'loss': 'log_loss', 'class_weight': 'balanced'}","['mfcc_5', 'mfcc_10', 'spec_centroid']",0.33771929824561403,0.25496688741721857,0.5,0.28062765356126884,0.34587995930824006,0.5448717948717948,0.2533532041728763,0.7153449932115655,0.8859520313264807,0.8594491927825261,0.9141414141414141,0.9045119386797215
SGD,0.5193323632928978,0.517256600415711,0.597987683233585,0.6053834433722702,0.625137884794741,"{'alpha': 0.0001, 'penalty': 'l2', 'loss': 'log_loss', 'class_weight': 'balanced'}","['mfcc_3', 'mfcc_8']",0.5641618497109827,0.4380610412926391,0.7922077922077922,0.5305745641539064,0.20197585071350166,0.38333333333333336,0.13710879284649777,0.5209957467119928,0.7918593894542091,0.7303754266211604,0.8646464646464647,0.8238433435183236
SGD,0.5183132992808074,0.5619158173638165,0.5897625750084766,0.5804977145759269,0.6206780606648006,"{'alpha': 0.001, 'penalty': 'l2', 'loss': 'log_loss', 'class_weight': 'balanced'}","['mfcc_11', 'mfcc_8']",0.46808510638297873,0.3333333333333333,0.7857142857142857,0.43703519611380637,0.3293864370290635,0.5930232558139535,0.22801788375558868,0.5801894755354458,0.7574683544303797,0.7593908629441625,0.7555555555555555,0.8448095103451497
SGD,0.5108498066100178,0.5115414894419422,0.5369711951679165,0.5667851701371255,0.5753981442168181,"{'alpha': 0.001, 'penalty': 'elasticnet', 'loss': 'log_loss', 'class_weight': 'balanced'}","['mfcc_11', 'spec_centroid']",0.4,0.31471135940409684,0.5487012987012987,0.38340591502589844,0.37446808510638296,0.4365079365079365,0.32786885245901637,0.48139226422355696,0.7580813347236705,0.7834051724137931,0.7343434343434343,0.8613962534009989
SGD,0.5073661150331144,0.5095671435501735,0.5343150474298015,0.6780091416962926,0.5445939434294933,"{'alpha': 0.0001, 'penalty': 'l2', 'loss': 'log_loss', 'class_weight': 'balanced'}",['mfcc_10'],0.06266318537859007,0.16,0.03896103896103896,0.23022344297053943,0.6462167689161554,0.5954773869346733,0.706408345752608,0.5938037914930339,0.8132183908045977,0.773224043715847,0.8575757575757575,0.8097545958249066
SGD,0.4997928432622421,0.5001741669631211,0.5022737129294507,0.5972574911122397,0.5668430538476933,"{'alpha': 0.001, 'penalty': 'l2', 'loss': 'log_loss', 'class_weight': 'balanced'}",['spec_centroid'],0.19230769230769232,0.20833333333333334,0.17857142857142858,0.27114306957586,0.5670604586518415,0.53125,0.6080476900149031,0.5722644751363449,0.7400103788271926,0.7609391675560299,0.7202020202020202,0.8571216168308748
SGD,0.49963097748973,0.5082071977437037,0.49911093763552783,0.5718638902996445,0.5455707037681202,"{'alpha': 0.001, 'penalty': 'elasticnet', 'loss': 'log_loss', 'class_weight': 'balanced'}","['zcr_mean', 'spec_centroid']",0.22192513368983957,0.18863636363636363,0.2694805194805195,0.23003609102209446,0.5346097201767305,0.5283842794759825,0.5409836065573771,0.5471281348083936,0.74235807860262,0.8076009501187649,0.6868686868686869,0.8595478854738725
SGD,0.49549823502665785,0.6376375282022796,0.6379430526971511,0.6378872524123921,0.6276912653726181,"{'alpha': 0.001, 'penalty': 'l2', 'loss': 'log_loss', 'class_weight': 'balanced'}","['mfcc_6', 'zcr_mean']",0.5236768802228412,0.36671001300390116,0.9155844155844156,0.3470922930677943,0.08426966292134831,0.7317073170731707,0.044709388971684055,0.6166466032468407,0.8785481619357841,0.814495254529767,0.9535353535353536,0.9193348998032191
SGD,0.49436689108981824,0.5104074701990632,0.5420205174303535,0.5830370746571863,0.6084688369055126,"{'alpha': 0.001, 'penalty': 'l2', 'loss': 'log_loss', 'class_weight': 'balanced'}","['mfcc_10', 'spec_centroid']",0.3753910323253389,0.2764976958525346,0.5844155844155844,0.26822802850038424,0.2697768762677485,0.4222222222222222,0.19821162444113263,0.6597318013565785,0.8379327646763672,0.8325024925224327,0.8434343434343434,0.8974466808595749
SGD,0.49318252552635355,0.5095410977590117,0.585538444554838,0.601320467242255,0.5791098113336585,"{'alpha': 0.0001, 'penalty': 'l2', 'loss': 'log_loss', 'class_weight': 'balanced'}",['mfcc_3'],0.5464982778415615,0.4227353463587922,0.7727272727272727,0.5322467502510637,0.14425427872860636,0.4013605442176871,0.08792846497764531,0.46385530141285275,0.7887950200088928,0.704527402700556,0.895959595959596,0.7412273823370588
SGD,0.492768767691455,0.5483349548986869,0.6027618101388593,0.5860843067546978,0.5770846586476611,"{'alpha': 0.001, 'penalty': 'l2', 'loss': 'log_loss', 'class_weight': 'balanced'}","['mfcc_10', 'zcr_mean']",0.4672413793103448,0.318075117370892,0.8798701298701299,0.2461888207637701,0.1837968561064087,0.48717948717948717,0.11326378539493294,0.5935140440715866,0.8272680676576115,0.8397502601456815,0.8151515151515152,0.8915511111076266
SGD,0.4906574142413212,0.5004777628582365,0.5506489563866613,0.5403758252920264,0.572820059812118,"{'alpha': 0.0001, 'penalty': 'l2', 'loss': 'log_loss', 'class_weight': 'balanced'}","['mfcc_11', 'zcr_mean']",0.44031311154598823,0.31512605042016806,0.7305194805194806,0.40836976020654514,0.2846580406654344,0.3746958637469586,0.22950819672131148,0.44576080195320467,0.7470010905125409,0.8116113744075829,0.6919191919191919,0.8643296172766044
SGD,0.48929605197072085,0.5011700577632815,0.506849919964674,0.5505332656170645,0.6182706105231169,"{'alpha': 0.0001, 'penalty': 'l2', 'loss': 'log_loss', 'class_weight': 'balanced'}",['wav_detail_lvl5_std'],0.4597014925373134,0.425414364640884,0.5,0.540415285657403,0.32720232333010646,0.46685082872928174,0.2518628912071535,0.5257985741032196,0.6809843400447427,0.6112449799196787,0.7686868686868686,0.7885979718087284
SGD,0.4859775490783728,0.49958411984875517,0.5519811700139569,0.5611985779583545,0.5843451256636006,"{'alpha': 0.0001, 'penalty': 'l2', 'loss': 'log_loss', 'class_weight': 'balanced'}",['mfcc_11'],0.43156843156843155,0.3116883116883117,0.7012987012987013,0.3996646134350844,0.24481327800829875,0.40273037542662116,0.17585692995529062,0.5133934306239208,0.7815509376583882,0.7843336724313327,0.7787878787878788,0.8399773329317968
SGD,0.4833156299400227,0.4942422152209442,0.4904651511208888,0.5358049771457593,0.5475767161794066,"{'alpha': 0.0001, 'penalty': 'l2', 'loss': 'log_loss', 'class_weight': 'balanced'}",['zcr_mean'],0.297029702970297,0.24,0.38961038961038963,0.2321214710908977,0.4237037037037037,0.4212076583210604,0.4262295081967213,0.5577314709555875,0.7292134831460674,0.8215189873417722,0.6555555555555556,0.8528772064917345
SGD,0.38827245858645804,0.44405160513817926,0.49708876430187904,0.48044692737430167,0.5409219810760494,"{'alpha': 0.001, 'penalty': 'l2', 'loss': 'log_loss', 'class_weight': 'balanced'}",['mfcc_8'],0.406660823838738,0.2785114045618247,0.7532467532467533,0.3964910190374259,0.09247027741083223,0.4069767441860465,0.05216095380029806,0.4171856513413382,0.6656862745098039,0.6466666666666666,0.6858585858585858,0.8090892728493839
