Algorithm,F1_Macro_Global,Precision_Macro,Recall_Macro,Accuracy,PR_AUC_Macro,Best_Hyperparameters,Features_List,Heavy_F1,Heavy_Precision,Heavy_Recall,Heavy_PR_AUC,Moderate_F1,Moderate_Precision,Moderate_Recall,Moderate_PR_AUC,No Rain_F1,No Rain_Precision,No Rain_Recall,No Rain_PR_AUC
XGB,0.7489492359631905,0.7704421752072838,0.7360710934481426,0.7988826815642458,0.7830924102327047,"{'max_depth': 3, 'learning_rate': 0.1, 'n_estimators': 100}","['mfcc_6', 'mfcc_3', 'zcr_mean']",0.6488413547237076,0.7193675889328063,0.5909090909090909,0.6527397649356517,0.7010309278350515,0.7491525423728813,0.6587183308494784,0.7624023526486049,0.8969754253308129,0.8428063943161634,0.9585858585858585,0.9341351131138578
XGB,0.7457498161797527,0.7671724398617145,0.7335158769584998,0.7958354494667343,0.7860990802248375,"{'max_depth': 3, 'learning_rate': 0.1, 'n_estimators': 50}","['mfcc_6', 'mfcc_3', 'mfcc_11', 'zcr_mean']",0.6466431095406361,0.7093023255813954,0.5941558441558441,0.6626223006531982,0.6977491961414791,0.7574171029668412,0.646795827123696,0.7423286649067411,0.8928571428571429,0.8347978910369068,0.9595959595959596,0.9533462751145734
XGB,0.7428856131445554,0.747901374683342,0.7405865840292071,0.7907567293042154,0.7894278663749779,"{'max_depth': 5, 'learning_rate': 0.1, 'n_estimators': 50}","['mfcc_3', 'mfcc_5', 'spec_centroid']",0.6437908496732027,0.6480263157894737,0.6396103896103896,0.6776732816929122,0.6867088607594937,0.7318718381112985,0.646795827123696,0.7364330443619239,0.8981571290009699,0.8638059701492538,0.9353535353535354,0.9541772730700975
XGB,0.7414596941591759,0.7585600656329325,0.7316151365331693,0.797866937531742,0.7671512504226666,"{'max_depth': 3, 'learning_rate': 0.1, 'n_estimators': 50}","['mfcc_6', 'mfcc_3', 'mfcc_10', 'zcr_mean', 'spec_centroid']",0.6212914485165794,0.6716981132075471,0.577922077922078,0.6378290043846351,0.6986410871302957,0.753448275862069,0.6512667660208644,0.7216522745157956,0.9044465468306528,0.8505338078291815,0.9656565656565657,0.941972472367569
XGB,0.7410051515683437,0.7608054826430276,0.7294506343686672,0.7968511934992382,0.7735208327625317,"{'max_depth': 3, 'learning_rate': 0.1, 'n_estimators': 50}","['mfcc_6', 'mfcc_3', 'mfcc_11', 'mfcc_10', 'zcr_mean', 'spec_centroid']",0.6252220248667851,0.6901960784313725,0.5714285714285714,0.6452986714274576,0.6942017474185862,0.7431972789115646,0.6512667660208644,0.7203475605350214,0.9035916824196597,0.8490230905861457,0.9656565656565657,0.9549162663251162
XGB,0.7383830048201242,0.7469832414176393,0.7350416735662636,0.7938039614017267,0.7959334230511889,"{'max_depth': 3, 'learning_rate': 0.1, 'n_estimators': 100}","['mfcc_3', 'mfcc_5', 'mfcc_11', 'mfcc_10', 'wav_detail_lvl3_std', 'spec_centroid']",0.6217105263157895,0.63,0.6136363636363636,0.6710506843013984,0.686084142394822,0.7504424778761062,0.6318926974664679,0.7496835720322227,0.9073543457497613,0.8605072463768116,0.9595959595959596,0.9670660128199456
XGB,0.7373661839591857,0.7466617134806257,0.7317428776445171,0.7953275774504824,0.7875081825309156,"{'max_depth': 3, 'learning_rate': 0.1, 'n_estimators': 50}","['mfcc_3', 'mfcc_5', 'mfcc_11', 'spec_centroid']",0.6081081081081081,0.6338028169014085,0.5844155844155844,0.6738308530781195,0.6929755327545383,0.7365771812080537,0.65424739195231,0.7280007786012569,0.911014911014911,0.869605142332415,0.9565656565656566,0.9606929159133701
XGB,0.7372813881378061,0.7631285921973907,0.7229035081494097,0.7998984255967496,0.7687795335084407,"{'max_depth': 5, 'learning_rate': 0.01, 'n_estimators': 100}","['mfcc_6', 'mfcc_3', 'mfcc_5', 'spec_centroid']",0.595903165735568,0.6986899563318777,0.5194805194805194,0.6208324557672104,0.7062451811873555,0.731629392971246,0.6825633383010432,0.72904500092445,0.9096958174904943,0.8590664272890485,0.9666666666666667,0.9564611438336619
XGB,0.737206917988984,0.7483236714026474,0.7295961173010355,0.8009141696292534,0.8026940201148424,"{'max_depth': 5, 'learning_rate': 0.1, 'n_estimators': 50}","['mfcc_3', 'mfcc_5', 'mfcc_11', 'wav_detail_lvl5_std', 'wav_detail_lvl3_std', 'spec_centroid']",0.5818815331010453,0.6278195488721805,0.5422077922077922,0.6641325976338474,0.7112135176651305,0.7337559429477021,0.6900149031296572,0.7674805657271125,0.918525703200776,0.8833955223880597,0.9565656565656566,0.9764688969835669
XGB,0.736482728481676,0.7466997936883685,0.7327510073411713,0.7922803453529711,0.7973624940388827,"{'max_depth': 3, 'learning_rate': 0.1, 'n_estimators': 100}","['mfcc_6', 'mfcc_3', 'mfcc_5', 'mfcc_11', 'mfcc_10', 'wav_detail_lvl3_std', 'spec_centroid']",0.6237623762376238,0.6342281879194631,0.6136363636363636,0.6696725962598375,0.6791836734693878,0.7509025270758123,0.6199701937406855,0.7535715443670072,0.9065021357380162,0.8549686660698299,0.9646464646464646,0.9688433414898032
XGB,0.7359243633405139,0.7429122693138889,0.731209834488523,0.7998984255967496,0.7905555570318126,"{'max_depth': 5, 'learning_rate': 0.1, 'n_estimators': 50}","['mfcc_3', 'mfcc_5', 'mfcc_11', 'wav_detail_lvl5_std', 'mfcc_10', 'wav_detail_lvl3_std', 'zcr_mean']",0.5801011804384486,0.6035087719298246,0.5584415584415584,0.6441149129908635,0.7049689440993789,0.7358184764991896,0.676602086438152,0.7501715047018918,0.9227029654837141,0.8894095595126523,0.9585858585858585,0.9773802534026825
XGB,0.7354713994913854,0.7580054790839837,0.7226925776106103,0.7922803453529711,0.7747186184461965,"{'max_depth': 3, 'learning_rate': 0.1, 'n_estimators': 50}","['mfcc_6', 'mfcc_3', 'mfcc_11', 'zcr_mean', 'spec_centroid']",0.6151079136690647,0.6895161290322581,0.5551948051948052,0.6602478725820791,0.6953062848050915,0.7457337883959044,0.6512667660208644,0.708508663610212,0.896,0.8387665198237886,0.9616161616161616,0.9553993191462985
XGB,0.7350087771767342,0.7476784313695668,0.7280490305080468,0.7948197054342305,0.7989554078732505,"{'max_depth': 3, 'learning_rate': 0.1, 'n_estimators': 100}","['mfcc_3', 'mfcc_5', 'mfcc_11', 'wav_detail_lvl3_std', 'spec_centroid']",0.6040955631399317,0.6366906474820144,0.5746753246753247,0.6711693951792934,0.6917534027221778,0.7474048442906575,0.6438152011922503,0.7575284109943281,0.9091773656680932,0.8589398023360287,0.9656565656565657,0.9681684174461298
XGB,0.7346896984166555,0.7404239427049669,0.7314933093621617,0.7973590655154901,0.7848501425561123,"{'max_depth': 5, 'learning_rate': 0.1, 'n_estimators': 50}","['mfcc_3', 'mfcc_5', 'mfcc_11', 'wav_detail_lvl5_std', 'mfcc_10', 'wav_detail_lvl3_std']",0.5860927152317881,0.597972972972973,0.5746753246753247,0.6366709187285838,0.6965408805031447,0.7371048252911814,0.6602086438152012,0.7426524956573461,0.9214354995150339,0.8861940298507462,0.9595959595959596,0.975227013282407
XGB,0.7345381520708067,0.7476641809223743,0.7259397251200529,0.8014220416455053,0.8023870179602882,"{'max_depth': 5, 'learning_rate': 0.1, 'n_estimators': 50}","['mfcc_3', 'mfcc_5', 'mfcc_11', 'wav_detail_lvl5_std', 'spec_centroid']",0.5699115044247788,0.6264591439688716,0.5227272727272727,0.6639981354246277,0.7130833970925784,0.7327044025157232,0.6944858420268256,0.7674711264085995,0.920619554695063,0.8838289962825279,0.9606060606060606,0.9756917920476373
XGB,0.7344090877438326,0.7450809858418554,0.7305143551045191,0.7922803453529711,0.7839095159381317,"{'max_depth': 3, 'learning_rate': 0.1, 'n_estimators': 100}","['mfcc_6', 'mfcc_3', 'mfcc_5', 'mfcc_10', 'wav_detail_lvl3_std', 'spec_centroid']",0.6148760330578512,0.6262626262626263,0.6038961038961039,0.6626581198058205,0.6802943581357318,0.7536231884057971,0.6199701937406855,0.7343831253092418,0.9080568720379147,0.8553571428571428,0.9676767676767677,0.954687302699333
XGB,0.7341851914475748,0.7509978713649259,0.7242881587143882,0.7938039614017267,0.7853260896935187,"{'max_depth': 3, 'learning_rate': 0.1, 'n_estimators': 100}","['mfcc_6', 'mfcc_3', 'mfcc_5', 'zcr_mean', 'spec_centroid']",0.6056338028169014,0.6615384615384615,0.5584415584415584,0.6651381439833086,0.6904196357878069,0.7364864864864865,0.6497764530551415,0.7397857077665914,0.9065021357380162,0.8549686660698299,0.9646464646464646,0.951054417330656
XGB,0.7333472473378654,0.7395041935942329,0.7305884764901158,0.7958354494667343,0.7824482343330584,"{'max_depth': 5, 'learning_rate': 0.1, 'n_estimators': 100}","['mfcc_6', 'mfcc_3', 'mfcc_11', 'wav_detail_lvl5_std', 'mfcc_10', 'wav_detail_lvl3_std', 'spec_centroid']",0.5845648604269293,0.5913621262458472,0.577922077922078,0.6273748979522037,0.6984884645982498,0.7491467576791809,0.65424739195231,0.7488841154909733,0.916988416988417,0.878003696857671,0.9595959595959596,0.9710856895559985
XGB,0.733335268396054,0.7466596928659079,0.7252651416585842,0.7943118334179786,0.7881562833243366,"{'max_depth': 3, 'learning_rate': 0.1, 'n_estimators': 50}","['mfcc_3', 'mfcc_5', 'mfcc_11', 'wav_detail_lvl3_std']",0.5961871750433275,0.6394052044609665,0.5584415584415584,0.6652476665887863,0.6945540647198106,0.738255033557047,0.6557377049180327,0.7479590758929295,0.9092645654250239,0.8623188405797102,0.9616161616161616,0.9512621074912937
XGB,0.7333076927626611,0.7482550349203146,0.7239684116733297,0.8014220416455053,0.79432582414424,"{'max_depth': 3, 'learning_rate': 0.1, 'n_estimators': 100}","['mfcc_3', 'mfcc_5', 'mfcc_11', 'wav_detail_lvl5_std', 'mfcc_10']",0.5668449197860963,0.6284584980237155,0.5162337662337663,0.6480115406280227,0.7134052388289677,0.7384370015948963,0.6900149031296572,0.7624733861994564,0.9196729196729196,0.8778696051423324,0.9656565656565657,0.9724925456052409
XGB,0.7333023635633941,0.7457228345564092,0.7276764522666163,0.7902488572879635,0.7697738087885587,"{'max_depth': 3, 'learning_rate': 0.1, 'n_estimators': 100}","['mfcc_6', 'mfcc_3', 'mfcc_5', 'mfcc_10', 'wav_detail_lvl3_std']",0.6184873949579832,0.6411149825783972,0.5974025974025974,0.6500266629230359,0.6769731489015459,0.7455197132616488,0.6199701937406855,0.7158519705358708,0.9044465468306528,0.8505338078291815,0.9656565656565657,0.9434427929067697
XGB,0.7331128811373612,0.7424678047319557,0.7299288750108422,0.7922803453529711,0.7870039453808203,"{'max_depth': 3, 'learning_rate': 0.1, 'n_estimators': 100}","['mfcc_6', 'mfcc_3', 'mfcc_5', 'mfcc_11', 'mfcc_10', 'wav_detail_lvl3_std']",0.6085526315789473,0.6166666666666667,0.6006493506493507,0.6588100845110008,0.6797066014669927,0.75,0.6214605067064084,0.7358720027932971,0.9110794103661436,0.8607367475292004,0.9676767676767677,0.9663297488381629
XGB,0.7330016448790619,0.753597546447466,0.721451044401864,0.7902488572879635,0.7764096860262649,"{'max_depth': 3, 'learning_rate': 0.1, 'n_estimators': 50}","['mfcc_6', 'mfcc_3', 'zcr_mean', 'spec_centroid']",0.61101243339254,0.6745098039215687,0.5584415584415584,0.6577605070661059,0.6933546837469976,0.7491349480968859,0.6453055141579732,0.7284738116770137,0.8946378174976481,0.8371478873239436,0.9606060606060606,0.9429947393356752
XGB,0.7329698163139854,0.7488003824174868,0.727215164920083,0.7861858811579482,0.745474443260588,"{'max_depth': 3, 'learning_rate': 0.01, 'n_estimators': 100}","['mfcc_6', 'mfcc_3', 'mfcc_10', 'zcr_mean']",0.6354515050167224,0.6551724137931034,0.6168831168831169,0.5886987625197582,0.67,0.7599243856332704,0.5991058122205664,0.7239063201034415,0.8934579439252337,0.831304347826087,0.9656565656565657,0.9238182471585641
XGB,0.7328226748752793,0.7403002487562603,0.7277143014847933,0.7988826815642458,0.7967893021571982,"{'max_depth': 5, 'learning_rate': 0.1, 'n_estimators': 50}","['mfcc_3', 'mfcc_5', 'mfcc_11', 'wav_detail_lvl5_std', 'mfcc_10', 'spec_centroid']",0.5704584040747029,0.597864768683274,0.5454545454545454,0.6503783572614396,0.7043343653250774,0.7326892109500805,0.6780923994038748,0.7639622839384537,0.9236752552260573,0.8903467666354264,0.9595959595959596,0.9760272652717012
XGB,0.7325568503230512,0.750212976503191,0.7222994977093338,0.7948197054342305,0.7940790415778739,"{'max_depth': 5, 'learning_rate': 0.01, 'n_estimators': 100}","['mfcc_6', 'mfcc_3', 'mfcc_5', 'wav_detail_lvl3_std', 'zcr_mean', 'spec_centroid']",0.5957446808510638,0.65625,0.5454545454545454,0.6763528669705116,0.6924901185770751,0.7373737373737373,0.6527570789865872,0.7484103167880748,0.9094357515410147,0.8570151921358355,0.9686868686868687,0.9574739409750355
XGB,0.7323849716437469,0.7479016765562819,0.7225368438483192,0.7922803453529711,0.7922544222416487,"{'max_depth': 3, 'learning_rate': 0.1, 'n_estimators': 100}","['mfcc_3', 'mfcc_5', 'wav_detail_lvl5_std', 'spec_centroid']",0.5946902654867257,0.6536964980544747,0.5454545454545454,0.6665234093683832,0.6993006993006993,0.7305194805194806,0.6706408345752608,0.7461731830931901,0.9031639501438159,0.8594890510948905,0.9515151515151515,0.9640666742633727
XGB,0.7323242078936834,0.7589839869927779,0.7183407060456242,0.8019299136617573,0.7522526406982749,"{'max_depth': 3, 'learning_rate': 0.01, 'n_estimators': 100}","['mfcc_3', 'mfcc_5', 'mfcc_11', 'wav_detail_lvl5_std']",0.5655430711610487,0.668141592920354,0.4902597402597403,0.6221547942246802,0.7206225680933852,0.754071661237785,0.6900149031296572,0.6895955470431933,0.9108069844266163,0.8547387068201948,0.9747474747474747,0.9450075808269511
XGB,0.7323099525620785,0.7415115393471369,0.7290066945804651,0.7917724733367192,0.7960940422728121,"{'max_depth': 3, 'learning_rate': 0.1, 'n_estimators': 100}","['mfcc_6', 'mfcc_3', 'mfcc_5', 'wav_detail_lvl3_std', 'spec_centroid']",0.6062602965403624,0.6153846153846154,0.5974025974025974,0.6735962653818135,0.6796747967479675,0.7477638640429338,0.6229508196721312,0.7587617701014854,0.9109947643979057,0.8613861386138614,0.9666666666666667,0.9559240913351377
XGB,0.7322659950485182,0.7513454624325635,0.7213962418880451,0.7902488572879635,0.7714209220937361,"{'max_depth': 3, 'learning_rate': 0.1, 'n_estimators': 100}","['mfcc_6', 'mfcc_3', 'mfcc_5', 'mfcc_10', 'zcr_mean']",0.6134751773049646,0.67578125,0.5616883116883117,0.6407881941105271,0.6815286624203821,0.7316239316239316,0.6378539493293591,0.7272792629680109,0.9017941454202077,0.8466312056737588,0.9646464646464646,0.9461953092026707
XGB,0.7307810650334244,0.7340052105595246,0.7297069051167412,0.7902488572879635,0.7977151600601043,"{'max_depth': 5, 'learning_rate': 0.1, 'n_estimators': 100}","['mfcc_6', 'mfcc_3', 'mfcc_5', 'mfcc_11', 'wav_detail_lvl5_std', 'spec_centroid']",0.5899513776337115,0.5889967637540453,0.5909090909090909,0.6552943546533061,0.6892210857592447,0.73,0.6527570789865872,0.7624004817351562,0.9131707317073171,0.8830188679245283,0.9454545454545454,0.9754506437918504
XGB,0.7306762928132965,0.7519962633831159,0.7185571562620744,0.7988826815642458,0.7940078453944855,"{'max_depth': 5, 'learning_rate': 0.01, 'n_estimators': 100}","['mfcc_3', 'mfcc_5', 'mfcc_11', 'wav_detail_lvl5_std', 'wav_detail_lvl3_std']",0.5682656826568265,0.6581196581196581,0.5,0.6627000542389548,0.7084927314460597,0.7279874213836478,0.6900149031296572,0.747035912678296,0.9152704643370033,0.8698817106460418,0.9656565656565657,0.9722875692662057
XGB,0.7306310052083589,0.7423332378672983,0.7250857521349325,0.7907567293042154,0.7852988342373778,"{'max_depth': 3, 'learning_rate': 0.1, 'n_estimators': 100}","['mfcc_6', 'mfcc_3', 'mfcc_5', 'mfcc_10', 'wav_detail_lvl3_std', 'zcr_mean']",0.6026936026936027,0.6258741258741258,0.5811688311688312,0.660405201703744,0.6812297734627831,0.7451327433628319,0.6274217585692996,0.7393221182758695,0.9079696394686907,0.8559928443649374,0.9666666666666667,0.9561691827325199
XGB,0.7305211562048403,0.7551984683643284,0.7171409646819482,0.7841543930929405,0.7572844273803807,"{'max_depth': 3, 'learning_rate': 0.1, 'n_estimators': 50}","['mfcc_6', 'mfcc_3', 'spec_centroid']",0.6258992805755396,0.7016129032258065,0.564935064935065,0.6242778268765308,0.6800966962127317,0.7403508771929824,0.6289120715350224,0.714341816391502,0.8855674918262494,0.8236316246741964,0.9575757575757575,0.9332336388731095
XGB,0.7301964207501896,0.7442074624053046,0.7229212499704304,0.7897409852717115,0.7813393586675019,"{'max_depth': 5, 'learning_rate': 0.01, 'n_estimators': 100}","['mfcc_6', 'mfcc_3', 'mfcc_5', 'mfcc_11', 'wav_detail_lvl3_std']",0.6061643835616438,0.6413043478260869,0.5746753246753247,0.6542094838958025,0.6790322580645162,0.7398945518453427,0.6274217585692996,0.7283907650581182,0.9053926206244087,0.8514234875444839,0.9666666666666667,0.9614178270485854
XGB,0.7301427461393191,0.741183753942294,0.7256006592072165,0.7887252412392077,0.7941225757205284,"{'max_depth': 3, 'learning_rate': 0.1, 'n_estimators': 100}","['mfcc_6', 'mfcc_3', 'mfcc_5', 'mfcc_11', 'mfcc_10', 'wav_detail_lvl3_std', 'zcr_mean', 'spec_centroid']",0.61,0.6267123287671232,0.5941558441558441,0.6688272285747778,0.6742671009771987,0.7432675044883303,0.61698956780924,0.7467200014399786,0.9061611374407583,0.8535714285714285,0.9656565656565657,0.9668204971468287
XGB,0.7298118992629464,0.7439949933405757,0.7227611793185563,0.7897409852717115,0.7685619912426233,"{'max_depth': 3, 'learning_rate': 0.1, 'n_estimators': 50}","['mfcc_6', 'mfcc_3', 'mfcc_10', 'wav_detail_lvl3_std', 'zcr_mean']",0.6040955631399317,0.6366906474820144,0.5746753246753247,0.6453998615493269,0.6807131280388979,0.7460035523978685,0.6259314456035767,0.72145170904042,0.9046270066100094,0.849290780141844,0.9676767676767677,0.9388344031381228
XGB,0.7297359000733872,0.7451484889672219,0.7207047051309345,0.7917724733367192,0.7934552363941497,"{'max_depth': 3, 'learning_rate': 0.1, 'n_estimators': 50}","['mfcc_3', 'mfcc_11', 'wav_detail_lvl5_std', 'mfcc_10', 'zcr_mean']",0.5919439579684763,0.6425855513307985,0.5487012987012987,0.6799418890580439,0.6904196357878069,0.7364864864864865,0.6497764530551415,0.7414467452570316,0.9068441064638784,0.8563734290843806,0.9636363636363636,0.9589770748673737
XGB,0.7296918776337917,0.7471137112259033,0.7196398016070148,0.7902488572879635,0.7792430378615216,"{'max_depth': 5, 'learning_rate': 0.01, 'n_estimators': 100}","['mfcc_6', 'mfcc_3', 'mfcc_5', 'mfcc_11', 'spec_centroid']",0.6007067137809188,0.6589147286821705,0.551948051948052,0.6385975808630324,0.6835844567803331,0.7305084745762712,0.6423248882265276,0.7328702107045416,0.9047844623401232,0.8519179304192686,0.9646464646464646,0.9662613220169906
XGB,0.7296716938221559,0.7408229881989197,0.7253692270085713,0.7882173692229558,0.7789566063312326,"{'max_depth': 3, 'learning_rate': 0.1, 'n_estimators': 100}","['mfcc_6', 'mfcc_3', 'mfcc_11', 'mfcc_10', 'zcr_mean']",0.6123128119800333,0.6279863481228669,0.5974025974025974,0.6379299102673802,0.6699346405228758,0.7414104882459313,0.6110283159463488,0.7382965828657796,0.9067676289635589,0.8530721282279609,0.9676767676767677,0.9606433258605379
XGB,0.7293943309780978,0.7398708535951135,0.7233509963018161,0.7897409852717115,0.7909714401765973,"{'max_depth': 5, 'learning_rate': 0.1, 'n_estimators': 50}","['mfcc_6', 'mfcc_3', 'mfcc_5', 'mfcc_11', 'wav_detail_lvl5_std', 'wav_detail_lvl3_std']",0.5942275042444821,0.6227758007117438,0.5681818181818182,0.6506750343412597,0.6873015873015873,0.735144312393888,0.6453055141579732,0.750803585846168,0.906653901388224,0.8616924476797089,0.9565656565656566,0.9714357003423642
XGB,0.7293676662365055,0.745206704435274,0.7228861605910787,0.7841543930929405,0.7519878784569615,"{'max_depth': 3, 'learning_rate': 0.1, 'n_estimators': 50}","['mfcc_6', 'mfcc_3', 'mfcc_11', 'mfcc_10']",0.6283783783783784,0.6549295774647887,0.6038961038961039,0.6123604798123962,0.6650124069478908,0.7472118959107806,0.5991058122205664,0.6971830059797479,0.8947122133832476,0.8334786399302528,0.9656565656565657,0.9464201495787402
XGB,0.7292358835804174,0.7355247563998691,0.726951008918222,0.7922803453529711,0.7884605061520231,"{'max_depth': 5, 'learning_rate': 0.1, 'n_estimators': 100}","['mfcc_6', 'mfcc_3', 'mfcc_11', 'wav_detail_lvl5_std', 'mfcc_10', 'wav_detail_lvl3_std', 'zcr_mean']",0.5816993464052288,0.5855263157894737,0.577922077922078,0.6295914137502486,0.6907051282051282,0.7469670710571924,0.6423248882265276,0.7655322304408917,0.9153031761308951,0.8740808823529411,0.9606060606060606,0.9702578742649288
XGB,0.7292070056791845,0.7417822552804193,0.723436945568093,0.7861858811579482,0.7788600182922796,"{'max_depth': 3, 'learning_rate': 0.1, 'n_estimators': 100}","['mfcc_6', 'mfcc_3', 'mfcc_5', 'mfcc_10', 'zcr_mean', 'spec_centroid']",0.6172006745362564,0.6421052631578947,0.5941558441558441,0.6548680890735887,0.6682926829268293,0.7352415026833632,0.6125186289120715,0.7306973823264995,0.902127659574468,0.848,0.9636363636363636,0.9510145834767505
XGB,0.7291941948582643,0.7343147229921927,0.7277123301713465,0.7943118334179786,0.7879326776840364,"{'max_depth': 5, 'learning_rate': 0.1, 'n_estimators': 50}","['mfcc_3', 'mfcc_5', 'mfcc_11', 'wav_detail_lvl5_std', 'mfcc_8', 'wav_detail_lvl3_std', 'spec_centroid']",0.5746753246753247,0.5746753246753247,0.5746753246753247,0.6380353604915432,0.6906474820143885,0.7448275862068966,0.6438152011922503,0.7454357337911348,0.9222597778850796,0.883441258094357,0.9646464646464646,0.9803269387694312
XGB,0.7291712941548364,0.7498769773800417,0.717474510917134,0.7907567293042154,0.7653343329503713,"{'max_depth': 3, 'learning_rate': 0.1, 'n_estimators': 50}","['mfcc_6', 'mfcc_3', 'mfcc_5', 'mfcc_10']",0.5971223021582733,0.6693548387096774,0.538961038961039,0.6362813317212159,0.6867088607594937,0.7318718381112985,0.646795827123696,0.7183286846052006,0.9036827195467422,0.848404255319149,0.9666666666666667,0.9413929825246973
XGB,0.7285400773683927,0.739163503202775,0.7249438175667683,0.7882173692229558,0.7966396103429183,"{'max_depth': 3, 'learning_rate': 0.1, 'n_estimators': 100}","['mfcc_6', 'mfcc_5', 'mfcc_11', 'mfcc_10', 'wav_detail_lvl3_std', 'spec_centroid']",0.6039603960396039,0.6140939597315436,0.5941558441558441,0.6700761758931261,0.6754098360655738,0.7504553734061931,0.6140089418777943,0.7467302900944528,0.90625,0.8529411764705882,0.9666666666666667,0.9731123650411759
XGB,0.7285352874135752,0.7573755626367976,0.7135886578509529,0.7953275774504824,0.7683358203535834,"{'max_depth': 3, 'learning_rate': 0.01, 'n_estimators': 100}","['mfcc_6', 'mfcc_3', 'mfcc_5', 'wav_detail_lvl5_std', 'wav_detail_lvl3_std', 'zcr_mean']",0.5746691871455577,0.6877828054298643,0.4935064935064935,0.6406976567723458,0.7058823529411765,0.7342995169082126,0.6795827123695977,0.7182157409028402,0.9050543221539915,0.8500443655723159,0.9676767676767677,0.9460940633855645
XGB,0.7283947981517441,0.7381276501791397,0.7235441850195948,0.7907567293042154,0.7924514558842665,"{'max_depth': 3, 'learning_rate': 0.1, 'n_estimators': 100}","['mfcc_6', 'mfcc_5', 'wav_detail_lvl5_std', 'mfcc_10', 'zcr_mean', 'spec_centroid']",0.5862646566164154,0.6055363321799307,0.5681818181818182,0.6572327198119596,0.6896551724137931,0.7465277777777778,0.6408345752608048,0.7641640591836916,0.9092645654250239,0.8623188405797102,0.9616161616161616,0.9559575886571481
XGB,0.7283179515063574,0.735706407099442,0.7239483042761732,0.7993905535804977,0.7832287906027409,"{'max_depth': 5, 'learning_rate': 0.1, 'n_estimators': 50}","['mfcc_3', 'mfcc_11', 'wav_detail_lvl5_std', 'mfcc_8', 'mfcc_10', 'zcr_mean']",0.5521885521885522,0.5734265734265734,0.5324675324675324,0.6419593564124826,0.7032967032967034,0.7429519071310116,0.6676602086438153,0.7303593878490569,0.9294685990338164,0.8907407407407407,0.9717171717171718,0.9773676275466834
XGB,0.7282530232840388,0.7484242671732685,0.716623692033528,0.7907567293042154,0.7826269353909998,"{'max_depth': 5, 'learning_rate': 0.01, 'n_estimators': 100}","['mfcc_6', 'mfcc_3', 'mfcc_5', 'mfcc_11', 'zcr_mean', 'spec_centroid']",0.592057761732852,0.6666666666666666,0.5324675324675324,0.6491174101924034,0.6870588235294117,0.7251655629139073,0.6527570789865872,0.732451314335225,0.905642484589853,0.8534405719392315,0.9646464646464646,0.966312081645371
XGB,0.7281450807515379,0.7598891685750315,0.7124003501052681,0.7963433214829863,0.7449003928137873,"{'max_depth': 3, 'learning_rate': 0.01, 'n_estimators': 100}","['mfcc_5', 'mfcc_11', 'wav_detail_lvl5_std', 'mfcc_8', 'mfcc_10', 'zcr_mean']",0.5681381957773513,0.6948356807511737,0.4805194805194805,0.6063483613333757,0.7117601844734819,0.734920634920635,0.6900149031296572,0.69182447709167,0.9045368620037807,0.849911190053286,0.9666666666666667,0.9365283400163162
XGB,0.7281174928428044,0.7371605747560069,0.7256728092793666,0.7877094972067039,0.7965132142736296,"{'max_depth': 3, 'learning_rate': 0.1, 'n_estimators': 100}","['mfcc_6', 'mfcc_5', 'wav_detail_lvl3_std', 'spec_centroid']",0.600326264274062,0.6032786885245902,0.5974025974025974,0.6750549957698224,0.6781326781326781,0.7527272727272727,0.61698956780924,0.7589280333219943,0.905893536121673,0.855475763016158,0.9626262626262626,0.9555566137290723
XGB,0.7280790516796762,0.7392380485353982,0.7217877447385644,0.7907567293042154,0.8055571820220252,"{'max_depth': 3, 'learning_rate': 0.1, 'n_estimators': 100}","['mfcc_6', 'mfcc_3', 'mfcc_5', 'mfcc_11', 'wav_detail_lvl5_std', 'mfcc_10', 'wav_detail_lvl3_std', 'spec_centroid']",0.58603066439523,0.6164874551971327,0.5584415584415584,0.6720175946079742,0.6889419252187748,0.7389078498293515,0.6453055141579732,0.7705021945371123,0.9092645654250239,0.8623188405797102,0.9616161616161616,0.974151756920989
XGB,0.7280587105960333,0.7569815177712146,0.7130918868623786,0.7948197054342305,0.7655349110034559,"{'max_depth': 3, 'learning_rate': 0.01, 'n_estimators': 100}","['mfcc_6', 'mfcc_3', 'mfcc_5', 'wav_detail_lvl5_std', 'mfcc_10', 'wav_detail_lvl3_std', 'zcr_mean']",0.5746691871455577,0.6877828054298643,0.4935064935064935,0.6347744072804438,0.7048799380325329,0.7338709677419355,0.6780923994038748,0.7157850135079307,0.9046270066100094,0.849290780141844,0.9676767676767677,0.9460453122219935
XGB,0.7280428397499432,0.7371530722007092,0.7237381622627524,0.7902488572879635,0.801728474399281,"{'max_depth': 3, 'learning_rate': 0.1, 'n_estimators': 100}","['mfcc_6', 'mfcc_3', 'mfcc_5', 'mfcc_11', 'wav_detail_lvl3_std', 'spec_centroid']",0.5909849749582637,0.6082474226804123,0.5746753246753247,0.6671545402830149,0.680577849117175,0.7373913043478261,0.6318926974664679,0.7677274880559188,0.9125656951743908,0.8658204895738894,0.9646464646464646,0.9703033948589092
XGB,0.7280361734426858,0.7596171508674397,0.712186265464954,0.7948197054342305,0.7582118135347174,"{'max_depth': 3, 'learning_rate': 0.01, 'n_estimators': 100}","['mfcc_6', 'mfcc_5', 'wav_detail_lvl5_std', 'mfcc_10', 'wav_detail_lvl3_std', 'zcr_mean']",0.5752380952380952,0.695852534562212,0.4902597402597403,0.6412595694782468,0.7066147859922179,0.739413680781759,0.676602086438152,0.6999126439903869,0.9022556390977443,0.843585237258348,0.9696969696969697,0.9334632271355187
XGB,0.7275564439354606,0.7527944139449106,0.714370086501234,0.7993905535804977,0.7854257127567369,"{'max_depth': 3, 'learning_rate': 0.1, 'n_estimators': 50}","['mfcc_6', 'mfcc_3', 'mfcc_5', 'mfcc_11', 'wav_detail_lvl5_std', 'mfcc_8', 'zcr_mean']",0.5509433962264151,0.6576576576576577,0.474025974025974,0.6518915726733923,0.7195121951219512,0.7363494539781591,0.7034277198211625,0.7272933620529645,0.9122137404580153,0.864376130198915,0.9656565656565657,0.9770922035438538
XGB,0.7274792354120624,0.7594474235722624,0.7115294238245058,0.7943118334179786,0.7661723460647348,"{'max_depth': 3, 'learning_rate': 0.01, 'n_estimators': 100}","['mfcc_6', 'mfcc_5', 'wav_detail_lvl5_std', 'wav_detail_lvl3_std', 'zcr_mean']",0.5752380952380952,0.695852534562212,0.4902597402597403,0.6501275772190523,0.7056986729117877,0.740983606557377,0.6736214605067065,0.7110604104544341,0.9015009380863039,0.841506129597198,0.9707070707070707,0.937329050520718
XGB,0.727383480000053,0.7359213710515521,0.7218078521357211,0.792788217369223,0.7921872419911976,"{'max_depth': 5, 'learning_rate': 0.1, 'n_estimators': 100}","['mfcc_3', 'mfcc_5', 'mfcc_11', 'wav_detail_lvl5_std', 'wav_detail_lvl3_std', 'zcr_mean', 'spec_centroid']",0.5689948892674617,0.5985663082437276,0.5422077922077922,0.6549261179088646,0.6978193146417445,0.7308319738988581,0.6676602086438153,0.7467768095390466,0.915336236090953,0.8783658310120706,0.9555555555555556,0.9748587985256817
XGB,0.7273659268359336,0.7434952625306251,0.7180599910108106,0.7907567293042154,0.7895307804623247,"{'max_depth': 5, 'learning_rate': 0.01, 'n_estimators': 100}","['mfcc_6', 'mfcc_3', 'mfcc_5', 'wav_detail_lvl3_std', 'zcr_mean']",0.5880281690140845,0.6423076923076924,0.5422077922077922,0.6696811628362359,0.6856690419635788,0.731418918918919,0.6453055141579732,0.7408991129221988,0.9084005695301376,0.8567591763652641,0.9666666666666667,0.9580120656285395
XGB,0.7272647242678603,0.7595121988706889,0.7111927234878056,0.7938039614017267,0.7551816235282051,"{'max_depth': 3, 'learning_rate': 0.01, 'n_estimators': 100}","['mfcc_6', 'mfcc_5', 'wav_detail_lvl5_std', 'mfcc_10', 'wav_detail_lvl3_std']",0.5763358778625954,0.6990740740740741,0.4902597402597403,0.6392005780735465,0.7040498442367601,0.7373572593800979,0.6736214605067065,0.6953265069383536,0.9014084507042254,0.8421052631578947,0.9696969696969697,0.931017785572715
XGB,0.7272015405945634,0.7592941511860488,0.7114399261940245,0.7963433214829863,0.749866993937944,"{'max_depth': 3, 'learning_rate': 0.01, 'n_estimators': 100}","['mfcc_5', 'mfcc_11', 'wav_detail_lvl5_std', 'mfcc_8', 'zcr_mean']",0.5659655831739961,0.6883720930232559,0.4805194805194805,0.6213104709197607,0.7118380062305296,0.7455138662316476,0.6810730253353204,0.6922208025318122,0.9038010323791648,0.8439964943032428,0.9727272727272728,0.9360697083622592
XGB,0.7271964855724721,0.7546673664152636,0.7130362958231812,0.7963433214829863,0.7516806343682366,"{'max_depth': 3, 'learning_rate': 0.01, 'n_estimators': 100}","['mfcc_3', 'mfcc_5', 'mfcc_11', 'wav_detail_lvl5_std', 'zcr_mean']",0.5655430711610487,0.668141592920354,0.4902597402597403,0.6224031669019164,0.7100313479623824,0.7487603305785124,0.6751117734724292,0.6873156675284466,0.9060150375939849,0.8471001757469244,0.9737373737373738,0.9453230686743468
XGB,0.7271521781417709,0.7453822806763983,0.7166252690842855,0.7877094972067039,0.7878631990708018,"{'max_depth': 3, 'learning_rate': 0.1, 'n_estimators': 50}","['mfcc_3', 'mfcc_11', 'wav_detail_lvl5_std', 'mfcc_10']",0.5968028419182948,0.6588235294117647,0.5454545454545454,0.6807984635344416,0.684085510688836,0.7297297297297297,0.6438152011922503,0.7261065449815322,0.9005681818181818,0.8475935828877005,0.9606060606060606,0.9566845886964317
XGB,0.7271293497834054,0.7461775014322786,0.716073301319203,0.7963433214829863,0.7787129805971276,"{'max_depth': 3, 'learning_rate': 0.1, 'n_estimators': 50}","['mfcc_3', 'mfcc_5', 'mfcc_11', 'wav_detail_lvl5_std', 'mfcc_8', 'mfcc_10']",0.5620437956204379,0.6416666666666667,0.5,0.6509476625378126,0.7040737893927748,0.726984126984127,0.6825633383010432,0.710645124816035,0.9152704643370033,0.8698817106460418,0.9656565656565657,0.9745461544375351
XGB,0.7270201420798533,0.7361928591104053,0.7208557077409536,0.7851701371254444,0.7915614043162229,"{'max_depth': 3, 'learning_rate': 0.1, 'n_estimators': 50}","['mfcc_3', 'mfcc_5', 'wav_detail_lvl3_std', 'spec_centroid']",0.5938566552901023,0.6258992805755396,0.564935064935065,0.6758113882891008,0.6863813229571984,0.7182410423452769,0.6572280178837556,0.743255144746397,0.9008224479922593,0.8644382544103992,0.9404040404040404,0.9556176799131708
XGB,0.727017829542918,0.7460803160244773,0.7161269210449538,0.7902488572879635,0.7817109577885512,"{'max_depth': 5, 'learning_rate': 0.01, 'n_estimators': 100}","['mfcc_6', 'mfcc_5', 'wav_detail_lvl3_std', 'zcr_mean']",0.5867620751341681,0.6533864541832669,0.5324675324675324,0.6663605361031375,0.6903633491311216,0.7344537815126051,0.6512667660208644,0.7310085202599083,0.9039280643634643,0.8504007123775601,0.9646464646464646,0.9477638170026078
XGB,0.7267876290259858,0.7401038836686161,0.7186829260599752,0.7917724733367192,0.8104103913036358,"{'max_depth': 3, 'learning_rate': 0.1, 'n_estimators': 100}","['mfcc_6', 'mfcc_3', 'mfcc_5', 'mfcc_11', 'wav_detail_lvl5_std', 'wav_detail_lvl3_std', 'spec_centroid']",0.5759162303664922,0.6226415094339622,0.5357142857142857,0.6775032086153926,0.6938775510204082,0.7330016583747927,0.6587183308494784,0.7784866733624691,0.9105691056910569,0.8646684831970936,0.9616161616161616,0.9752412919330457
XGB,0.7267838084335088,0.7545131255084163,0.7126274454143307,0.7968511934992382,0.7532148051471254,"{'max_depth': 3, 'learning_rate': 0.01, 'n_estimators': 100}","['mfcc_3', 'mfcc_5', 'mfcc_11', 'wav_detail_lvl5_std', 'mfcc_10', 'zcr_mean', 'spec_centroid']",0.5628517823639775,0.6666666666666666,0.487012987012987,0.6153911920394702,0.7100313479623824,0.7487603305785124,0.6751117734724292,0.6950772013076454,0.9074682949741663,0.8481123792800702,0.9757575757575757,0.9491760220942609
XGB,0.7267098351198956,0.7451438462473093,0.7162321891830089,0.7902488572879635,0.7958562797702028,"{'max_depth': 5, 'learning_rate': 0.01, 'n_estimators': 100}","['mfcc_6', 'mfcc_3', 'mfcc_5', 'mfcc_11', 'wav_detail_lvl3_std', 'zcr_mean', 'spec_centroid']",0.5882352941176471,0.6521739130434783,0.5357142857142857,0.6740665116961712,0.685126582278481,0.730185497470489,0.6453055141579732,0.7483213710518892,0.9067676289635589,0.8530721282279609,0.9676767676767677,0.9651809565625481
XGB,0.7265945358234465,0.7543534569393863,0.712379454182733,0.7958354494667343,0.761231682688679,"{'max_depth': 3, 'learning_rate': 0.01, 'n_estimators': 100}","['mfcc_3', 'mfcc_5', 'mfcc_11', 'wav_detail_lvl5_std', 'zcr_mean', 'spec_centroid']",0.5655430711610487,0.668141592920354,0.4902597402597403,0.6364914503522935,0.7085624509033779,0.7491694352159468,0.6721311475409836,0.6999636771624149,0.9056780854059128,0.845749342681858,0.9747474747474747,0.9472399205513289
XGB,0.7265848820953749,0.7518502537877924,0.7132172623975902,0.7968511934992382,0.7864027127959815,"{'max_depth': 3, 'learning_rate': 0.1, 'n_estimators': 50}","['mfcc_6', 'mfcc_5', 'mfcc_11', 'wav_detail_lvl5_std', 'mfcc_8', 'spec_centroid']",0.5553470919324578,0.6577777777777778,0.4805194805194805,0.6577189245624167,0.7174749807544265,0.7420382165605095,0.6944858420268256,0.726868154825602,0.9069325735992403,0.8557347670250897,0.9646464646464646,0.9746210589999257
XGB,0.726451734311197,0.7442747924973155,0.715880112601424,0.7953275774504824,0.7857060241279253,"{'max_depth': 3, 'learning_rate': 0.1, 'n_estimators': 50}","['mfcc_5', 'mfcc_11', 'wav_detail_lvl5_std', 'mfcc_8', 'mfcc_10', 'wav_detail_lvl3_std', 'spec_centroid']",0.558983666061706,0.6337448559670782,0.5,0.6373153989579988,0.7081413210445469,0.7305863708399366,0.6870342771982116,0.7457264685477354,0.9122302158273381,0.8684931506849315,0.9606060606060606,0.9740762048780416
XGB,0.7263878714448393,0.7407931127355719,0.7177780931879293,0.7902488572879635,0.8056630202176042,"{'max_depth': 3, 'learning_rate': 0.1, 'n_estimators': 100}","['mfcc_6', 'mfcc_3', 'mfcc_5', 'mfcc_11', 'wav_detail_lvl5_std', 'mfcc_10', 'wav_detail_lvl3_std', 'zcr_mean']",0.5814360770577933,0.6311787072243346,0.538961038961039,0.6709811324114539,0.6897637795275591,0.7312186978297162,0.6527570789865872,0.7720282698209423,0.9079637577491655,0.8599819331526649,0.9616161616161616,0.9739796584204166
XGB,0.7262196529901414,0.743305411061308,0.716304339255159,0.7892331132554596,0.7941579995767976,"{'max_depth': 5, 'learning_rate': 0.01, 'n_estimators': 100}","['mfcc_6', 'mfcc_3', 'mfcc_5', 'mfcc_11', 'wav_detail_lvl3_std', 'zcr_mean']",0.5886524822695035,0.6484375,0.538961038961039,0.6725505801675437,0.6835043409629045,0.7265100671140939,0.6453055141579732,0.7460768345715133,0.9065021357380162,0.8549686660698299,0.9646464646464646,0.9638465839913356
XGB,0.7260831141581244,0.7587106582518501,0.7101644863939945,0.7948197054342305,0.7662373704004454,"{'max_depth': 3, 'learning_rate': 0.01, 'n_estimators': 100}","['mfcc_6', 'mfcc_3', 'mfcc_5', 'wav_detail_lvl5_std', 'mfcc_8', 'wav_detail_lvl3_std', 'zcr_mean']",0.5664739884393064,0.6966824644549763,0.4772727272727273,0.6350397002191435,0.7071483474250576,0.7301587301587301,0.6855439642324889,0.7178783209465494,0.9046270066100094,0.849290780141844,0.9676767676767677,0.9457940900356435
XGB,0.7260759173238259,0.7401190758323098,0.7176901726082056,0.7892331132554596,0.8032397767151007,"{'max_depth': 3, 'learning_rate': 0.1, 'n_estimators': 100}","['mfcc_6', 'mfcc_3', 'mfcc_5', 'mfcc_11', 'wav_detail_lvl5_std', 'mfcc_10', 'wav_detail_lvl3_std', 'zcr_mean', 'spec_centroid']",0.5828970331588132,0.630188679245283,0.5422077922077922,0.666205565906432,0.6892744479495269,0.7319932998324958,0.6512667660208644,0.7681157897826892,0.9060562708631378,0.8581752484191508,0.9595959595959596,0.9753979744561809
XGB,0.7260247114098148,0.7282225547919429,0.7345985223034402,0.787201625190452,0.7891308712726114,"{'max_depth': 5, 'learning_rate': 0.1, 'n_estimators': 100}","['mfcc_6', 'mfcc_3', 'mfcc_5', 'mfcc_11', 'mfcc_8', 'zcr_mean']",0.5861561119293078,0.5363881401617251,0.6461038961038961,0.6274526380383884,0.6705587989991659,0.7613636363636364,0.5991058122205664,0.7612957245616782,0.9213592233009709,0.8869158878504673,0.9585858585858585,0.9786442512177677
XGB,0.7259832385989872,0.7371195424962936,0.7203869294033228,0.787201625190452,0.8011402230014921,"{'max_depth': 5, 'learning_rate': 0.1, 'n_estimators': 50}","['mfcc_6', 'mfcc_5', 'wav_detail_lvl5_std', 'wav_detail_lvl3_std', 'spec_centroid']",0.5902192242833052,0.6140350877192983,0.5681818181818182,0.6846470399350548,0.6838294448913917,0.743006993006993,0.6333830104321908,0.7615953193086735,0.9039010466222646,0.85431654676259,0.9595959595959596,0.957178309760748
XGB,0.7259521101011824,0.7334034041421632,0.7209751693358251,0.7902488572879635,0.7915696514223645,"{'max_depth': 5, 'learning_rate': 0.1, 'n_estimators': 50}","['mfcc_3', 'mfcc_5', 'mfcc_11', 'wav_detail_lvl5_std', 'mfcc_10', 'wav_detail_lvl3_std', 'zcr_mean', 'spec_centroid']",0.5728813559322034,0.599290780141844,0.5487012987012987,0.6507473384537674,0.6894409937888198,0.7196110210696921,0.6616989567809239,0.7482259652332419,0.9155339805825242,0.8813084112149533,0.9525252525252526,0.9757356505800842
XGB,0.7258334489677539,0.7428324508132326,0.7182768354899501,0.7785678009141697,0.761032262994276,"{'max_depth': 3, 'learning_rate': 0.1, 'n_estimators': 100}","['mfcc_6', 'mfcc_3', 'mfcc_11']",0.6303236797274276,0.6630824372759857,0.6006493506493507,0.6291766634632492,0.6617161716171617,0.7412199630314233,0.5976154992548435,0.7043937790899557,0.8854604955586722,0.824194952132289,0.9565656565656566,0.9495263464296231
XGB,0.7258222981658191,0.757705586008495,0.7099338427207279,0.792788217369223,0.7699429576063407,"{'max_depth': 3, 'learning_rate': 0.01, 'n_estimators': 100}","['mfcc_6', 'mfcc_3', 'mfcc_5', 'wav_detail_lvl5_std', 'wav_detail_lvl3_std', 'zcr_mean', 'spec_centroid']",0.5736137667304015,0.6976744186046512,0.487012987012987,0.6428740598158333,0.7017815646785438,0.7306451612903225,0.6751117734724292,0.7233463347815926,0.9020715630885122,0.8447971781305115,0.9676767676767677,0.9436084782215961
XGB,0.7258180509499104,0.7524359696701438,0.7120427538460326,0.7953275774504824,0.746767640455079,"{'max_depth': 3, 'learning_rate': 0.01, 'n_estimators': 100}","['mfcc_3', 'mfcc_5', 'mfcc_11', 'wav_detail_lvl5_std', 'mfcc_10', 'zcr_mean']",0.5634328358208955,0.6622807017543859,0.4902597402597403,0.6099552876366929,0.7080062794348508,0.7479270315091211,0.6721311475409836,0.6846236186844645,0.9060150375939849,0.8471001757469244,0.9737373737373738,0.9457240150440797
XGB,0.725780315535309,0.7574767333029159,0.7100765658142706,0.7938039614017267,0.7666126775543317,"{'max_depth': 3, 'learning_rate': 0.01, 'n_estimators': 100}","['mfcc_6', 'mfcc_3', 'mfcc_5', 'mfcc_11', 'wav_detail_lvl5_std', 'mfcc_8', 'mfcc_10', 'wav_detail_lvl3_std', 'zcr_mean']",0.5681381957773513,0.6948356807511737,0.4805194805194805,0.6300067406557862,0.7056110684089162,0.7285714285714285,0.684053651266766,0.7211638740344702,0.9035916824196597,0.8490230905861457,0.9656565656565657,0.9486674179727386
XGB,0.7257802104600456,0.7416103178650112,0.7169950874868908,0.7892331132554596,0.7747727744136969,"{'max_depth': 3, 'learning_rate': 0.01, 'n_estimators': 100}","['mfcc_6', 'mfcc_3', 'mfcc_5', 'mfcc_10', 'wav_detail_lvl3_std', 'zcr_mean', 'spec_centroid']",0.5874125874125874,0.6363636363636364,0.5454545454545454,0.6617901977994515,0.6831604150039904,0.7353951890034365,0.6378539493293591,0.7210938457562935,0.9067676289635589,0.8530721282279609,0.9676767676767677,0.9414342796853458
XGB,0.7257733070370792,0.7315607551279881,0.7229851205261042,0.7805992889791773,0.7745425815215006,"{'max_depth': 3, 'learning_rate': 0.1, 'n_estimators': 100}","['mfcc_3', 'mfcc_5', 'mfcc_10', 'spec_centroid']",0.6095551894563427,0.6187290969899666,0.6006493506493507,0.6374476902231403,0.6687797147385103,0.7140439932318104,0.6289120715350224,0.730546014611836,0.8989850169163848,0.8619091751621872,0.9393939393939394,0.9556340397295254
XGB,0.7257207658198159,0.7518345936825424,0.7122942934418344,0.797866937531742,0.781097532086619,"{'max_depth': 3, 'learning_rate': 0.1, 'n_estimators': 50}","['mfcc_6', 'mfcc_3', 'mfcc_5', 'mfcc_11', 'wav_detail_lvl5_std', 'mfcc_8', 'mfcc_10', 'zcr_mean']",0.5492424242424242,0.6590909090909091,0.4707792207792208,0.6444075840986806,0.7170099160945843,0.734375,0.7004470938897168,0.7228512723792282,0.9109099571224393,0.8620378719567178,0.9656565656565657,0.9760337397819484
XGB,0.7256951851603176,0.7277991966419091,0.7259649579321711,0.7851701371254444,0.7770677827456957,"{'max_depth': 5, 'learning_rate': 0.1, 'n_estimators': 100}","['mfcc_6', 'mfcc_3', 'mfcc_5', 'mfcc_11', 'wav_detail_lvl5_std', 'mfcc_10', 'spec_centroid']",0.5856,0.5772870662460567,0.5941558441558441,0.621830345815796,0.6808846761453397,0.7243697478991596,0.6423248882265276,0.7348317479124081,0.9106008793356131,0.8817407757805109,0.9414141414141414,0.9745412545088828
XGB,0.7256946561116449,0.756256163139884,0.710413266150971,0.7943118334179786,0.7724570587877406,"{'max_depth': 3, 'learning_rate': 0.01, 'n_estimators': 100}","['mfcc_6', 'mfcc_3', 'mfcc_5', 'mfcc_11', 'wav_detail_lvl5_std', 'mfcc_8', 'wav_detail_lvl3_std', 'zcr_mean', 'spec_centroid']",0.5659655831739961,0.6883720930232559,0.4805194805194805,0.6415165016681786,0.7061538461538461,0.7297297297297297,0.684053651266766,0.7245313690400735,0.9049645390070922,0.8506666666666667,0.9666666666666667,0.9513233056549696
XGB,0.7254134657180692,0.7373636156848563,0.7185228554081013,0.7917724733367192,0.8017268120464549,"{'max_depth': 3, 'learning_rate': 0.1, 'n_estimators': 100}","['mfcc_6', 'mfcc_5', 'mfcc_11', 'wav_detail_lvl5_std', 'mfcc_8', 'mfcc_10', 'wav_detail_lvl3_std', 'zcr_mean']",0.5670103092783505,0.6021897810218978,0.5357142857142857,0.6583722155915885,0.6994448850118953,0.747457627118644,0.6572280178837556,0.7692156987089936,0.9097852028639618,0.8624434389140272,0.9626262626262626,0.9775925218387824
XGB,0.7253527921792147,0.7394713695125709,0.7164845173041895,0.7912646013204673,0.802840638781093,"{'max_depth': 5, 'learning_rate': 0.1, 'n_estimators': 50}","['mfcc_3', 'mfcc_5', 'wav_detail_lvl5_std', 'wav_detail_lvl3_std', 'spec_centroid']",0.5699115044247788,0.6264591439688716,0.5227272727272727,0.679083676336231,0.695046439628483,0.7230273752012882,0.669150521609538,0.7632436721451855,0.9111004324843825,0.8689275893675527,0.9575757575757575,0.9661945678618625
XGB,0.7253491967903761,0.7368847681963459,0.7183320322664586,0.7861858811579482,0.776672786539161,"{'max_depth': 3, 'learning_rate': 0.1, 'n_estimators': 50}","['mfcc_5', 'mfcc_11', 'wav_detail_lvl3_std']",0.5876288659793815,0.6240875912408759,0.5551948051948052,0.6456433277650544,0.6861198738170347,0.7286432160804021,0.6482861400894188,0.7360710757398413,0.9022988505747126,0.8579234972677595,0.9515151515151515,0.9483039561125873
XGB,0.7252405415318659,0.755979834695323,0.7098451336156254,0.7932960893854749,0.7646916335582542,"{'max_depth': 3, 'learning_rate': 0.01, 'n_estimators': 100}","['mfcc_6', 'mfcc_3', 'mfcc_5', 'wav_detail_lvl5_std', 'mfcc_8', 'mfcc_10', 'wav_detail_lvl3_std', 'zcr_mean']",0.5687022900763359,0.6898148148148148,0.4837662337662338,0.6310913342057712,0.7032457496136012,0.7303370786516854,0.6780923994038748,0.7171813946259016,0.9037735849056604,0.8477876106194691,0.9676767676767677,0.9458021718430896
XGB,0.7251678047896087,0.7362870171257897,0.7185220668827226,0.7932960893854749,0.7933216932741298,"{'max_depth': 3, 'learning_rate': 0.1, 'n_estimators': 100}","['mfcc_6', 'mfcc_3', 'mfcc_5', 'mfcc_11', 'wav_detail_lvl5_std', 'mfcc_8', 'mfcc_10', 'spec_centroid']",0.5611015490533563,0.5970695970695971,0.5292207792207793,0.6463182320119647,0.6992125984251969,0.7412353923205343,0.6616989567809239,0.7555422195996274,0.9151892668902731,0.8705560619872379,0.9646464646464646,0.9781046282107972
XGB,0.7251053309079292,0.7372486843489243,0.7173006410711329,0.7932960893854749,0.7797135608749368,"{'max_depth': 3, 'learning_rate': 0.1, 'n_estimators': 50}","['mfcc_5', 'mfcc_11', 'wav_detail_lvl5_std', 'mfcc_8', 'wav_detail_lvl3_std', 'zcr_mean']",0.5578947368421052,0.6068702290076335,0.5162337662337663,0.6444118810428077,0.7032457496136012,0.7303370786516854,0.6780923994038748,0.7229831435615657,0.914175506268081,0.8745387453874539,0.9575757575757575,0.9717456580204372
XGB,0.7250461444657427,0.7329470410048975,0.7207039166055559,0.7932960893854749,0.7668655843969675,"{'max_depth': 5, 'learning_rate': 0.01, 'n_estimators': 100}","['mfcc_3', 'mfcc_5', 'mfcc_11', 'wav_detail_lvl5_std', 'mfcc_8', 'wav_detail_lvl3_std']",0.5604026845637584,0.5798611111111112,0.5422077922077922,0.6299334269913789,0.694620253164557,0.7403035413153457,0.65424739195231,0.6988566095612168,0.9201154956689124,0.8786764705882353,0.9656565656565657,0.971806716638307
XGB,0.7250027399297027,0.733057352032501,0.719555429391495,0.7907567293042154,0.791815616159321,"{'max_depth': 5, 'learning_rate': 0.1, 'n_estimators': 50}","['mfcc_3', 'mfcc_5', 'mfcc_11', 'wav_detail_lvl5_std', 'mfcc_10', 'wav_detail_lvl3_std', 'spec_centroid']",0.5665529010238908,0.5971223021582733,0.538961038961039,0.6435796870893546,0.6919504643962848,0.7198067632850241,0.6661698956780924,0.7568952898275025,0.916504854368932,0.8822429906542056,0.9535353535353536,0.9749718715611053
XGB,0.7248989706029487,0.7545658478618874,0.7097911196271852,0.7917724733367192,0.7675230730353336,"{'max_depth': 3, 'learning_rate': 0.01, 'n_estimators': 100}","['mfcc_6', 'mfcc_3', 'mfcc_5', 'wav_detail_lvl5_std', 'wav_detail_lvl3_std']",0.5746691871455577,0.6877828054298643,0.4935064935064935,0.6391836331346473,0.6973478939157566,0.7315875613747954,0.6661698956780924,0.7166007586184618,0.9026798307475318,0.8443271767810027,0.9696969696969697,0.9467848273528918
XGB,0.7248709572272185,0.7311576294732665,0.7220207539879672,0.7882173692229558,0.784110031585768,"{'max_depth': 5, 'learning_rate': 0.1, 'n_estimators': 100}","['mfcc_6', 'mfcc_3', 'mfcc_11', 'wav_detail_lvl5_std', 'mfcc_10', 'spec_centroid']",0.5766062602965404,0.5852842809364549,0.5681818181818182,0.6275775111378642,0.6857597454256166,0.735494880546075,0.6423248882265276,0.7522584145500127,0.9122468659594986,0.8726937269372693,0.9555555555555556,0.9724941690694272
XGB,0.7248634972832434,0.7314076482174379,0.7230513566579141,0.7826307770441848,0.7914123119449759,"{'max_depth': 3, 'learning_rate': 0.1, 'n_estimators': 100}","['mfcc_3', 'mfcc_5', 'wav_detail_lvl5_std', 'mfcc_10', 'wav_detail_lvl3_std', 'spec_centroid']",0.6026058631921825,0.6045751633986928,0.6006493506493507,0.658601880503042,0.6688206785137318,0.7301587301587301,0.61698956780924,0.7556162072113751,0.9031639501438159,0.8594890510948905,0.9515151515151515,0.9600188481205107
XGB,0.7248415352520641,0.7333252798963503,0.7202658907576941,0.7851701371254444,0.7867832998335982,"{'max_depth': 3, 'learning_rate': 0.1, 'n_estimators': 100}","['mfcc_3', 'mfcc_5', 'wav_detail_lvl5_std', 'mfcc_10', 'spec_centroid']",0.5896147403685092,0.6089965397923875,0.5714285714285714,0.6520845094857133,0.6804451510333863,0.7291311754684838,0.6378539493293591,0.7469783572053701,0.9044647143542967,0.8618481244281794,0.9515151515151515,0.9612870328097111
XGB,0.7248321739776146,0.7478378655778419,0.7125395248346068,0.7958354494667343,0.7500025216775924,"{'max_depth': 3, 'learning_rate': 0.01, 'n_estimators': 100}","['mfcc_3', 'mfcc_5', 'mfcc_11', 'wav_detail_lvl5_std', 'mfcc_8']",0.5561694290976059,0.6425531914893617,0.4902597402597403,0.6181829570662295,0.7084639498432602,0.7471074380165289,0.6736214605067065,0.6827567590765156,0.9098631429919773,0.853852967227635,0.9737373737373738,0.9490678488900322
XGB,0.7248314818791771,0.7579547101669708,0.7085487978930601,0.7912646013204673,0.7597502970283602,"{'max_depth': 3, 'learning_rate': 0.01, 'n_estimators': 100}","['mfcc_6', 'mfcc_5', 'wav_detail_lvl5_std', 'wav_detail_lvl3_std']",0.5763358778625954,0.6990740740740741,0.4902597402597403,0.6488792342325332,0.6996078431372549,0.7384105960264901,0.6646795827123696,0.6999372422026146,0.8985507246376812,0.8363794604003482,0.9707070707070707,0.9304344146499329
XGB,0.724811900204438,0.754899029765237,0.7094378602575325,0.7907567293042154,0.7695399116745247,"{'max_depth': 3, 'learning_rate': 0.01, 'n_estimators': 100}","['mfcc_6', 'mfcc_3', 'mfcc_5', 'mfcc_11', 'wav_detail_lvl5_std', 'wav_detail_lvl3_std', 'zcr_mean']",0.5768500948766604,0.6940639269406392,0.4935064935064935,0.6461036098731713,0.6961240310077519,0.7253634894991923,0.669150521609538,0.7180008261943389,0.9014615747289014,0.8452696728558797,0.9656565656565657,0.944515298956064
XGB,0.7247483255681019,0.740697429418856,0.7150821249181906,0.7907567293042154,0.778634636271863,"{'max_depth': 3, 'learning_rate': 0.1, 'n_estimators': 50}","['mfcc_3', 'mfcc_11', 'wav_detail_lvl5_std', 'mfcc_8', 'mfcc_10']",0.5704099821746881,0.6324110671936759,0.5194805194805194,0.6657776822441449,0.6951788491446346,0.7268292682926829,0.6661698956780924,0.7067027606960894,0.9086561453849833,0.8628519527702089,0.9595959595959596,0.9634234658753548
XGB,0.7247474148777666,0.7502052830989787,0.7112475260016243,0.7938039614017267,0.7970330911760252,"{'max_depth': 3, 'learning_rate': 0.1, 'n_estimators': 50}","['mfcc_6', 'mfcc_3', 'mfcc_5', 'mfcc_11', 'wav_detail_lvl5_std', 'wav_detail_lvl3_std', 'zcr_mean', 'spec_centroid']",0.5628517823639775,0.6666666666666666,0.487012987012987,0.678179160374538,0.703076923076923,0.7265500794912559,0.6810730253353204,0.7427755480692001,0.9083135391923991,0.8573991031390135,0.9656565656565657,0.9701445650843374
XGB,0.7247235894524322,0.7432370819926462,0.7140345689526018,0.7882173692229558,0.7833150020189786,"{'max_depth': 5, 'learning_rate': 0.01, 'n_estimators': 100}","['mfcc_6', 'mfcc_5', 'wav_detail_lvl3_std', 'zcr_mean', 'spec_centroid']",0.5831842576028623,0.649402390438247,0.5292207792207793,0.6691816496617795,0.6881889763779527,0.7295492487479132,0.6512667660208644,0.7325673421108148,0.9027975343764817,0.8507596067917784,0.9616161616161616,0.9481960142843414
XGB,0.7246723745700571,0.7338632033681701,0.7196240310994408,0.7882173692229558,0.778531279356967,"{'max_depth': 5, 'learning_rate': 0.1, 'n_estimators': 50}","['mfcc_6', 'mfcc_3', 'mfcc_5', 'mfcc_11', 'wav_detail_lvl5_std', 'mfcc_10', 'wav_detail_lvl3_std']",0.5801011804384486,0.6035087719298246,0.5584415584415584,0.6340988074456219,0.6830818109610802,0.7312925170068028,0.6408345752608048,0.7300852496798265,0.9108341323106424,0.8667883211678832,0.9595959595959596,0.9714097809454529
XGB,0.724572980273107,0.743635905608213,0.7135894463763316,0.7938039614017267,0.7757268767446939,"{'max_depth': 3, 'learning_rate': 0.1, 'n_estimators': 50}","['mfcc_3', 'mfcc_5', 'mfcc_11', 'wav_detail_lvl5_std', 'mfcc_8', 'mfcc_10', 'zcr_mean']",0.5610200364298725,0.6390041493775933,0.5,0.6464714887619732,0.6996138996138996,0.7259615384615384,0.6751117734724292,0.7070141666670979,0.9130850047755492,0.8659420289855072,0.9656565656565657,0.9736949748050105
XGB,0.7245501290409467,0.7358463329880852,0.7186643957135761,0.7866937531742001,0.7892018375233844,"{'max_depth': 3, 'learning_rate': 0.1, 'n_estimators': 100}","['mfcc_6', 'mfcc_3', 'mfcc_5', 'mfcc_11', 'zcr_mean']",0.5908319185059423,0.6192170818505338,0.564935064935065,0.6605021937470275,0.6746794871794872,0.729636048526863,0.6274217585692996,0.7397508259017009,0.9081389814374108,0.8586858685868587,0.9636363636363636,0.9673524929214249
XGB,0.7245376967352865,0.7367867535724105,0.7173692427790789,0.7907567293042154,0.7951243817497123,"{'max_depth': 3, 'learning_rate': 0.1, 'n_estimators': 100}","['mfcc_6', 'mfcc_3', 'mfcc_5', 'mfcc_11', 'wav_detail_lvl5_std', 'mfcc_10']",0.5699481865284974,0.6088560885608856,0.5357142857142857,0.6510210664330854,0.6924901185770751,0.7373737373737373,0.6527570789865872,0.7589436484074187,0.9111747851002865,0.8641304347826086,0.9636363636363636,0.975408430408633
XGB,0.724537186686269,0.7391102555878942,0.7170132235706007,0.7866937531742001,0.7676232720405493,"{'max_depth': 3, 'learning_rate': 0.1, 'n_estimators': 50}","['mfcc_6', 'mfcc_3', 'mfcc_10', 'wav_detail_lvl3_std', 'zcr_mean', 'spec_centroid']",0.5920826161790017,0.63003663003663,0.5584415584415584,0.6366842375450592,0.6774193548387096,0.7381370826010545,0.6259314456035767,0.721932598370112,0.9041095890410958,0.8491570541259982,0.9666666666666667,0.9442529802064765
XGB,0.7245004811640054,0.7366348045341993,0.7173692427790789,0.7907567293042154,0.7980962579816904,"{'max_depth': 3, 'learning_rate': 0.1, 'n_estimators': 100}","['mfcc_6', 'mfcc_3', 'mfcc_5', 'mfcc_11', 'wav_detail_lvl5_std', 'mfcc_10', 'zcr_mean']",0.5699481865284974,0.6088560885608856,0.5357142857142857,0.6562276939354241,0.6919431279620853,0.7361344537815127,0.6527570789865872,0.7645506684447672,0.9116101290014333,0.8649138712601995,0.9636363636363636,0.9735104115648796
XGB,0.7244824747191986,0.7569343864572263,0.708531450334729,0.7922803453529711,0.7672575861602201,"{'max_depth': 3, 'learning_rate': 0.01, 'n_estimators': 100}","['mfcc_6', 'mfcc_3', 'mfcc_5', 'wav_detail_lvl5_std', 'mfcc_10', 'wav_detail_lvl3_std', 'zcr_mean', 'spec_centroid']",0.5708812260536399,0.6962616822429907,0.4837662337662338,0.6361953675456162,0.7003105590062112,0.7309562398703403,0.6721311475409836,0.7219977359340557,0.9022556390977443,0.843585237258348,0.9696969696969697,0.9435796550009883
XGB,0.724462487045925,0.7557784738601239,0.7089943147320197,0.7932960893854749,0.7670930331701301,"{'max_depth': 3, 'learning_rate': 0.01, 'n_estimators': 100}","['mfcc_6', 'mfcc_3', 'mfcc_5', 'mfcc_11', 'wav_detail_lvl5_std', 'mfcc_8', 'wav_detail_lvl3_std', 'zcr_mean']",0.564299424184261,0.6901408450704225,0.4772727272727273,0.6309258965348394,0.7050691244239631,0.7274167987321711,0.684053651266766,0.7214268131457044,0.9040189125295508,0.8497777777777777,0.9656565656565657,0.9489263898298466
XGB,0.724448900407332,0.7534228373686553,0.7098782516815304,0.7943118334179786,0.7486453920482509,"{'max_depth': 3, 'learning_rate': 0.01, 'n_estimators': 100}","['mfcc_3', 'mfcc_5', 'mfcc_11', 'wav_detail_lvl5_std', 'mfcc_8', 'mfcc_10', 'zcr_mean', 'spec_centroid']",0.5622641509433962,0.6711711711711712,0.4837662337662338,0.6082585264122293,0.706342991386061,0.7442244224422442,0.6721311475409836,0.6851066986583069,0.9047395588925388,0.8448729184925504,0.9737373737373738,0.9525709510742163
XGB,0.724448900407332,0.7534228373686553,0.7098782516815304,0.7943118334179786,0.7486453920482509,"{'max_depth': 3, 'learning_rate': 0.01, 'n_estimators': 100}","['mfcc_3', 'mfcc_5', 'mfcc_11', 'wav_detail_lvl5_std', 'mfcc_8', 'mfcc_10', 'spec_centroid']",0.5622641509433962,0.6711711711711712,0.4837662337662338,0.6082585264122293,0.706342991386061,0.7442244224422442,0.6721311475409836,0.6851066986583069,0.9047395588925388,0.8448729184925504,0.9737373737373738,0.9525709510742163
XGB,0.7243845372773287,0.7477033693209645,0.711568455830751,0.7922803453529711,0.7928476645798502,"{'max_depth': 3, 'learning_rate': 0.1, 'n_estimators': 50}","['mfcc_3', 'mfcc_5', 'mfcc_11', 'wav_detail_lvl5_std', 'wav_detail_lvl3_std', 'zcr_mean']",0.5650557620817844,0.6608695652173913,0.4935064935064935,0.6671908626760704,0.7009992313604919,0.7238095238095238,0.6795827123695977,0.7437879503202025,0.9070986183897094,0.8584310189359784,0.9616161616161616,0.9675641807432773
XGB,0.7243504972568361,0.7348846120202156,0.7188063302817401,0.7892331132554596,0.793932709843519,"{'max_depth': 3, 'learning_rate': 0.1, 'n_estimators': 100}","['mfcc_6', 'mfcc_5', 'wav_detail_lvl5_std', 'mfcc_10', 'wav_detail_lvl3_std', 'spec_centroid']",0.5752961082910322,0.6007067137809188,0.551948051948052,0.6637103607564573,0.6874500399680256,0.7413793103448276,0.6408345752608048,0.7620381175304745,0.9103053435114504,0.8625678119349005,0.9636363636363636,0.9560496512436253
XGB,0.7243238791278169,0.7389039119721682,0.7163398228971999,0.7856780091416963,0.7817463768457614,"{'max_depth': 3, 'learning_rate': 0.1, 'n_estimators': 100}","['mfcc_6', 'mfcc_3', 'mfcc_5', 'mfcc_11', 'mfcc_10', 'zcr_mean']",0.5961871750433275,0.6394052044609665,0.5584415584415584,0.649255026693697,0.672,0.7253886010362695,0.6259314456035767,0.7315576985257408,0.9047844623401232,0.8519179304192686,0.9646464646464646,0.9644264053178465
XGB,0.7242804612287855,0.7528296329748915,0.7098782516815304,0.7943118334179786,0.752370788200407,"{'max_depth': 3, 'learning_rate': 0.01, 'n_estimators': 100}","['mfcc_3', 'mfcc_5', 'mfcc_11', 'wav_detail_lvl5_std', 'mfcc_8', 'zcr_mean', 'spec_centroid']",0.5612052730696798,0.6681614349775785,0.4837662337662338,0.617804731567836,0.7068965517241379,0.7454545454545455,0.6721311475409836,0.687114570131971,0.9047395588925388,0.8448729184925504,0.9737373737373738,0.952193062901414
XGB,0.7242804612287855,0.7528296329748915,0.7098782516815304,0.7943118334179786,0.752370788200407,"{'max_depth': 3, 'learning_rate': 0.01, 'n_estimators': 100}","['mfcc_3', 'mfcc_5', 'mfcc_11', 'wav_detail_lvl5_std', 'mfcc_8', 'spec_centroid']",0.5612052730696798,0.6681614349775785,0.4837662337662338,0.617804731567836,0.7068965517241379,0.7454545454545455,0.6721311475409836,0.687114570131971,0.9047395588925388,0.8448729184925504,0.9737373737373738,0.952193062901414
XGB,0.7242110436265965,0.7351491176027839,0.7182035026297321,0.7902488572879635,0.7916838309583344,"{'max_depth': 3, 'learning_rate': 0.1, 'n_estimators': 100}","['mfcc_6', 'mfcc_5', 'mfcc_11', 'wav_detail_lvl5_std', 'mfcc_8', 'mfcc_10', 'spec_centroid']",0.5680272108843537,0.5964285714285714,0.5422077922077922,0.642359733422787,0.6948207171314741,0.7465753424657534,0.6497764530551415,0.7563023239075448,0.9097852028639618,0.8624434389140272,0.9626262626262626,0.976389435544671
XGB,0.7241998696729391,0.7338136717209736,0.718628912071535,0.7902488572879635,0.7747407886759538,"{'max_depth': 5, 'learning_rate': 0.1, 'n_estimators': 100}","['mfcc_3', 'mfcc_5', 'mfcc_11', 'wav_detail_lvl3_std', 'zcr_mean', 'spec_centroid']",0.5714285714285714,0.6,0.5454545454545454,0.638469770672299,0.6856240126382307,0.7294117647058823,0.646795827123696,0.7140636069956752,0.9155470249520153,0.8720292504570384,0.9636363636363636,0.9716889883598867
XGB,0.7241886440805466,0.7557313377385028,0.7087455349750432,0.7938039614017267,0.7713281925713179,"{'max_depth': 3, 'learning_rate': 0.01, 'n_estimators': 100}","['mfcc_6', 'mfcc_3', 'mfcc_5', 'mfcc_11', 'wav_detail_lvl5_std', 'mfcc_8', 'mfcc_10', 'wav_detail_lvl3_std', 'zcr_mean', 'spec_centroid']",0.5615384615384615,0.6886792452830188,0.474025974025974,0.6378615408031529,0.7060629316960859,0.7278481012658228,0.6855439642324889,0.7248099528962126,0.9049645390070922,0.8506666666666667,0.9666666666666667,0.9513130840145879
XGB,0.724151511179519,0.7445047936598814,0.7130035720199656,0.7861858811579482,0.7748397412379872,"{'max_depth': 3, 'learning_rate': 0.1, 'n_estimators': 50}","['mfcc_6', 'mfcc_3', 'mfcc_5', 'mfcc_10', 'spec_centroid']",0.59391771019678,0.6613545816733067,0.538961038961039,0.6446324737516368,0.6778309409888357,0.7289879931389366,0.6333830104321908,0.7319292261410238,0.9007058823529411,0.8431718061674008,0.9666666666666667,0.9479575238213012
XGB,0.7240516392264024,0.7502199346260904,0.7105350933219786,0.7948197054342305,0.7508431316366865,"{'max_depth': 3, 'learning_rate': 0.01, 'n_estimators': 100}","['mfcc_5', 'mfcc_11', 'wav_detail_lvl5_std', 'mfcc_8']",0.5570093457943925,0.6563876651982379,0.4837662337662338,0.6229428071533413,0.7083659108678655,0.7450657894736842,0.6751117734724292,0.6938944901243415,0.9067796610169492,0.8492063492063492,0.9727272727272728,0.9356920976323767
XGB,0.7240386169359562,0.7294908293334749,0.720859650367847,0.7775520568816658,0.7764448357907243,"{'max_depth': 5, 'learning_rate': 0.1, 'n_estimators': 100}","['mfcc_3', 'mfcc_5', 'zcr_mean', 'spec_centroid']",0.609271523178808,0.6216216216216216,0.5974025974025974,0.6632636161138324,0.668235294117647,0.7052980132450332,0.6348733233979136,0.7089021895063374,0.8946090335114133,0.8615528531337698,0.9303030303030303,0.9571687017520027
XGB,0.724028424858885,0.7363492709025264,0.7166942650549207,0.792788217369223,0.7939941250766146,"{'max_depth': 3, 'learning_rate': 0.1, 'n_estimators': 100}","['mfcc_6', 'mfcc_3', 'mfcc_5', 'mfcc_11', 'wav_detail_lvl5_std', 'mfcc_8', 'mfcc_10', 'zcr_mean', 'spec_centroid']",0.5590277777777778,0.6007462686567164,0.5227272727272727,0.6472319399042156,0.6986624704956726,0.74,0.6616989567809239,0.7560316684213688,0.9143950263032042,0.8683015440508629,0.9656565656565657,0.9787187669042594
XGB,0.7239946221030191,0.734332054283243,0.7186462596298662,0.7892331132554596,0.7989843089901577,"{'max_depth': 3, 'learning_rate': 0.1, 'n_estimators': 100}","['mfcc_6', 'mfcc_5', 'mfcc_11', 'wav_detail_lvl5_std', 'mfcc_10', 'spec_centroid']",0.5743243243243243,0.5985915492957746,0.551948051948052,0.6598140952057939,0.6864,0.7409326424870466,0.639344262295082,0.7650575134821863,0.9112595419847328,0.8634719710669078,0.9646464646464646,0.9720813182824929
XGB,0.7239849526789482,0.7503499882896834,0.71039591859264,0.7953275774504824,0.7893964344185926,"{'max_depth': 3, 'learning_rate': 0.1, 'n_estimators': 50}","['mfcc_6', 'mfcc_3', 'mfcc_5', 'mfcc_11', 'wav_detail_lvl5_std', 'mfcc_8', 'zcr_mean', 'spec_centroid']",0.5519848771266541,0.6606334841628959,0.474025974025974,0.6588440780682513,0.7116564417177914,0.7330173775671406,0.6915052160953801,0.7326680100541629,0.9083135391923991,0.8573991031390135,0.9656565656565657,0.9766772151333634
XGB,0.7239779251524298,0.753931987774867,0.7087975776500367,0.7907567293042154,0.7664181006080186,"{'max_depth': 3, 'learning_rate': 0.01, 'n_estimators': 100}","['mfcc_6', 'mfcc_3', 'mfcc_5', 'wav_detail_lvl5_std', 'mfcc_10', 'wav_detail_lvl3_std']",0.5746691871455577,0.6877828054298643,0.4935064935064935,0.6363744934772815,0.6958561376075059,0.7319078947368421,0.6631892697466468,0.7161640191384977,0.9014084507042254,0.8421052631578947,0.9696969696969697,0.9467157892082766
XGB,0.7238972385015653,0.7393052615606598,0.7157535542781445,0.787201625190452,0.7628564872002466,"{'max_depth': 3, 'learning_rate': 0.01, 'n_estimators': 100}","['mfcc_6', 'mfcc_5', 'mfcc_10', 'wav_detail_lvl3_std', 'zcr_mean']",0.58578856152513,0.6282527881040892,0.5487012987012987,0.6513529356105272,0.6822204344328238,0.7412587412587412,0.6318926974664679,0.7001786652383726,0.9036827195467422,0.848404255319149,0.9666666666666667,0.9370378607518397
XGB,0.7238605652056599,0.7474847083243582,0.7111588168965218,0.7943118334179786,0.7923274354933213,"{'max_depth': 3, 'learning_rate': 0.1, 'n_estimators': 50}","['mfcc_6', 'mfcc_5', 'wav_detail_lvl5_std', 'zcr_mean']",0.5549348230912476,0.6506550218340611,0.4837662337662338,0.6729706644529172,0.7083333333333334,0.7344,0.684053651266766,0.7477651030880592,0.9083135391923991,0.8573991031390135,0.9656565656565657,0.9562465389389878
XGB,0.7238103421906924,0.7301767503246027,0.7202469661486055,0.7892331132554596,0.7836372361310788,"{'max_depth': 5, 'learning_rate': 0.1, 'n_estimators': 100}","['mfcc_6', 'mfcc_3', 'mfcc_11', 'wav_detail_lvl5_std', 'mfcc_10', 'zcr_mean', 'spec_centroid']",0.5657237936772047,0.5802047781569966,0.551948051948052,0.6245442163608923,0.6913385826771653,0.7328881469115192,0.65424739195231,0.7512139212964124,0.9143686502177069,0.8774373259052924,0.9545454545454546,0.9751535707359318
XGB,0.7237474551526528,0.7418911001623855,0.7137136391234752,0.7897409852717115,0.7880394803445263,"{'max_depth': 3, 'learning_rate': 0.1, 'n_estimators': 50}","['mfcc_6', 'mfcc_11', 'wav_detail_lvl5_std', 'mfcc_8', 'mfcc_10', 'wav_detail_lvl3_std', 'zcr_mean']",0.5709219858156028,0.62890625,0.5227272727272727,0.6586686787169177,0.69800796812749,0.75,0.6527570789865872,0.7412645700939096,0.9023124115148655,0.8467670504871567,0.9656565656565657,0.9641851922227518
XGB,0.7236099588702692,0.7569104236190398,0.707449199252478,0.7917724733367192,0.7637909454634988,"{'max_depth': 3, 'learning_rate': 0.01, 'n_estimators': 100}","['mfcc_6', 'mfcc_3', 'mfcc_5', 'wav_detail_lvl5_std', 'mfcc_8', 'mfcc_10', 'wav_detail_lvl3_std']",0.5692307692307692,0.6981132075471698,0.4805194805194805,0.6287955299351203,0.6997672614429791,0.7297734627831716,0.6721311475409836,0.715863994464244,0.9018318459370597,0.8428446005267779,0.9696969696969697,0.9467133119911317
XGB,0.7235348828336114,0.73824810417509,0.7177055488530898,0.7836465210766886,0.7641804336112958,"{'max_depth': 3, 'learning_rate': 0.1, 'n_estimators': 50}","['mfcc_6', 'mfcc_10', 'wav_detail_lvl3_std', 'zcr_mean']",0.5983193277310924,0.6202090592334495,0.577922077922078,0.6383253073063415,0.6754748142031379,0.7574074074074074,0.6095380029806259,0.7203512219182678,0.8968105065666041,0.8371278458844134,0.9656565656565657,0.9338647716092779
XGB,0.7235019287372674,0.7399103409259548,0.7139434942713633,0.7932960893854749,0.7876377281365087,"{'max_depth': 3, 'learning_rate': 0.1, 'n_estimators': 100}","['mfcc_6', 'mfcc_3', 'mfcc_11', 'wav_detail_lvl5_std', 'mfcc_8', 'mfcc_10', 'zcr_mean', 'spec_centroid']",0.5571428571428572,0.6190476190476191,0.5064935064935064,0.650246153061172,0.7005473025801408,0.7368421052631579,0.6676602086438153,0.7401147549413316,0.9128156264888042,0.8638412984670875,0.9676767676767677,0.9725522764070224
XGB,0.7234613915982996,0.742014014014014,0.713056797483027,0.7892331132554596,0.7870467661558384,"{'max_depth': 3, 'learning_rate': 0.1, 'n_estimators': 50}","['mfcc_6', 'mfcc_3', 'mfcc_11', 'wav_detail_lvl5_std', 'mfcc_8', 'mfcc_10', 'wav_detail_lvl3_std', 'zcr_mean']",0.575,0.6388888888888888,0.5227272727272727,0.6654939856165847,0.6904196357878069,0.7364864864864865,0.6497764530551415,0.7317106818102477,0.9049645390070922,0.8506666666666667,0.9666666666666667,0.9639356310406826
XGB,0.7234380391652201,0.7321791490517007,0.7197450697450698,0.7902488572879635,0.781546262415514,"{'max_depth': 5, 'learning_rate': 0.1, 'n_estimators': 100}","['mfcc_6', 'mfcc_11', 'wav_detail_lvl5_std', 'mfcc_10', 'zcr_mean', 'spec_centroid']",0.5671641791044776,0.5796610169491525,0.5551948051948052,0.6234280313922995,0.6881547139403706,0.7491228070175439,0.6363636363636364,0.7464608362597264,0.9149952244508118,0.8677536231884058,0.9676767676767677,0.9747499195945161
XGB,0.7234369083062419,0.7277087451399377,0.7259389365946743,0.7861858811579482,0.7977714296170441,"{'max_depth': 5, 'learning_rate': 0.1, 'n_estimators': 50}","['mfcc_6', 'mfcc_3', 'mfcc_5', 'mfcc_11', 'mfcc_8', 'wav_detail_lvl3_std', 'spec_centroid']",0.5834633385335414,0.5615615615615616,0.6071428571428571,0.6564810815084344,0.6705012325390304,0.7472527472527473,0.6080476900149031,0.7602922283967634,0.9163461538461538,0.8743119266055046,0.9626262626262626,0.9765409789459344
XGB,0.7233657423059183,0.7561850555424653,0.707306476158935,0.7907567293042154,0.7693926477575923,"{'max_depth': 3, 'learning_rate': 0.01, 'n_estimators': 100}","['mfcc_6', 'mfcc_3', 'mfcc_5', 'wav_detail_lvl5_std', 'wav_detail_lvl3_std', 'spec_centroid']",0.5736137667304015,0.6976744186046512,0.487012987012987,0.6418755049619863,0.6953125,0.7307060755336617,0.6631892697466468,0.7222652224515956,0.9011709601873537,0.840174672489083,0.9717171717171718,0.944037215859195
XGB,0.723344761000548,0.7327961162621217,0.7189837484919451,0.7882173692229558,0.7898205118338485,"{'max_depth': 3, 'learning_rate': 0.1, 'n_estimators': 100}","['mfcc_6', 'mfcc_5', 'wav_detail_lvl5_std', 'mfcc_10', 'spec_centroid']",0.5742904841402338,0.5910652920962199,0.5584415584415584,0.6539620030671429,0.6854384553499597,0.7447552447552448,0.6348733233979136,0.7608313983857565,0.9103053435114504,0.8625678119349005,0.9636363636363636,0.9546681340486465
XGB,0.7233343485173133,0.7365722925323267,0.7168539414441053,0.7851701371254444,0.7583105546208159,"{'max_depth': 5, 'learning_rate': 0.01, 'n_estimators': 100}","['mfcc_6', 'mfcc_5', 'wav_detail_lvl3_std']",0.5928449744463373,0.6236559139784946,0.564935064935065,0.6406864564935241,0.6731391585760518,0.736283185840708,0.6199701937406855,0.7082660786248378,0.9040189125295508,0.8497777777777777,0.9656565656565657,0.925979128744086
XGB,0.7233324369822993,0.7291222675902244,0.7198937067789527,0.7882173692229558,0.7867982345903722,"{'max_depth': 5, 'learning_rate': 0.1, 'n_estimators': 100}","['mfcc_6', 'mfcc_3', 'mfcc_11', 'wav_detail_lvl5_std', 'mfcc_10', 'zcr_mean']",0.5657237936772047,0.5802047781569966,0.551948051948052,0.632535570392847,0.6906812842599843,0.7277227722772277,0.6572280178837556,0.7567505556176786,0.9135922330097087,0.8794392523364486,0.9505050505050505,0.9711085777605911
XGB,0.723320990582613,0.7267585270647884,0.7216170289940781,0.787201625190452,0.7962937235451264,"{'max_depth': 5, 'learning_rate': 0.1, 'n_estimators': 100}","['mfcc_6', 'mfcc_3', 'mfcc_5', 'mfcc_11', 'wav_detail_lvl5_std', 'zcr_mean']",0.565359477124183,0.569078947368421,0.5616883116883117,0.6478387063927286,0.690625,0.7257799671592775,0.6587183308494784,0.764459667133216,0.9139784946236559,0.8854166666666666,0.9444444444444444,0.9765827971094347
XGB,0.7232819417026187,0.7326031337128397,0.7171587065029689,0.7907567293042154,0.7690357317518965,"{'max_depth': 5, 'learning_rate': 0.1, 'n_estimators': 50}","['mfcc_3', 'mfcc_5', 'mfcc_11', 'mfcc_10', 'wav_detail_lvl3_std']",0.5611015490533563,0.5970695970695971,0.5292207792207793,0.6272199013559246,0.6914728682170542,0.7205169628432956,0.6646795827123696,0.7127059872599847,0.9172714078374455,0.8802228412256268,0.9575757575757575,0.9671813066397802
XGB,0.7231496359471036,0.7339836476688095,0.7172994582830649,0.787201625190452,0.8026674293393846,"{'max_depth': 3, 'learning_rate': 0.1, 'n_estimators': 100}","['mfcc_6', 'mfcc_5', 'mfcc_11', 'wav_detail_lvl5_std', 'mfcc_10', 'wav_detail_lvl3_std', 'spec_centroid']",0.5772495755517827,0.604982206405694,0.551948051948052,0.6651766499723402,0.684756584197925,0.7371134020618557,0.639344262295082,0.7714562287744405,0.9074427480916031,0.8598553345388789,0.9606060606060606,0.9713694092713733
XGB,0.7231191989844831,0.7322376149320231,0.7196926328073868,0.7856780091416963,0.7726923611656349,"{'max_depth': 3, 'learning_rate': 0.1, 'n_estimators': 100}","['mfcc_6', 'mfcc_3', 'mfcc_5', 'wav_detail_lvl3_std']",0.5894039735099338,0.6013513513513513,0.577922077922078,0.6450891193132331,0.6699107866991079,0.7348754448398577,0.6154992548435171,0.7283037834205239,0.9100428367444074,0.8604860486048604,0.9656565656565657,0.9446841807631478
XGB,0.723092093475671,0.7354082782544458,0.7157752387260583,0.7861858811579482,0.8049740800891655,"{'max_depth': 3, 'learning_rate': 0.1, 'n_estimators': 100}","['mfcc_6', 'mfcc_5', 'mfcc_11', 'wav_detail_lvl5_std', 'spec_centroid']",0.5803108808290155,0.6199261992619927,0.5454545454545454,0.6704193306770223,0.684044233807267,0.7277310924369748,0.6453055141579732,0.771939577292456,0.904921165790731,0.8585675430643699,0.9565656565656566,0.9725633322980183
XGB,0.7230884308038483,0.7283099817673179,0.7212460278034047,0.7795835449466735,0.7631517174223642,"{'max_depth': 3, 'learning_rate': 0.1, 'n_estimators': 100}","['mfcc_3', 'mfcc_5', 'mfcc_10', 'wav_detail_lvl3_std']",0.600326264274062,0.6032786885245902,0.5974025974025974,0.6391145759144349,0.6698564593301436,0.7204116638078902,0.6259314456035767,0.7095810223623609,0.8990825688073395,0.8612395929694727,0.9404040404040404,0.9407595539902964
XGB,0.7230164311057826,0.7329170492806857,0.7169438333372758,0.7907567293042154,0.7753202918482768,"{'max_depth': 5, 'learning_rate': 0.1, 'n_estimators': 50}","['mfcc_3', 'mfcc_5', 'mfcc_11', 'mfcc_10', 'wav_detail_lvl3_std', 'zcr_mean']",0.5626072041166381,0.5963636363636363,0.5324675324675324,0.6307445269123678,0.6896551724137931,0.7272727272727273,0.6557377049180327,0.7224253869461938,0.9167869167869168,0.8751147842056933,0.9626262626262626,0.9727909616862687
XGB,0.7229966772254,0.7550119809417101,0.7074318516941468,0.792788217369223,0.7710733853977979,"{'max_depth': 3, 'learning_rate': 0.01, 'n_estimators': 100}","['mfcc_6', 'mfcc_3', 'mfcc_5', 'mfcc_11', 'wav_detail_lvl5_std', 'mfcc_8', 'mfcc_10', 'wav_detail_lvl3_std', 'spec_centroid']",0.5615384615384615,0.6886792452830188,0.474025974025974,0.6375737655083118,0.7031611410948342,0.7284345047923323,0.6795827123695977,0.7227258431095718,0.9042904290429042,0.847922192749779,0.9686868686868687,0.9529205475755098
XGB,0.7229688275508441,0.7372503965105454,0.7140538878243796,0.7917724733367192,0.7924964051167849,"{'max_depth': 3, 'learning_rate': 0.1, 'n_estimators': 50}","['mfcc_3', 'mfcc_11', 'wav_detail_lvl5_std', 'mfcc_8', 'mfcc_10', 'spec_centroid']",0.5561497326203209,0.616600790513834,0.5064935064935064,0.6724045437729667,0.6994619523443505,0.7222222222222222,0.6780923994038748,0.7363977672203738,0.9132947976878613,0.8729281767955801,0.9575757575757575,0.968686904357014
XGB,0.7229685231114118,0.7328652280212243,0.7189313115542624,0.7836465210766886,0.7850834201167793,"{'max_depth': 5, 'learning_rate': 0.1, 'n_estimators': 50}","['mfcc_6', 'mfcc_3', 'mfcc_5', 'mfcc_11', 'mfcc_10', 'wav_detail_lvl3_std', 'zcr_mean']",0.5956738768718802,0.6109215017064846,0.5811688311688312,0.6515060673855863,0.6682887266828873,0.7330960854092526,0.6140089418777943,0.7346805858095289,0.9049429657794676,0.8545780969479354,0.9616161616161616,0.9690636071552228
XGB,0.7229478791592138,0.7259521358723623,0.7321304378681428,0.7866937531742001,0.7768698008530781,"{'max_depth': 5, 'learning_rate': 0.1, 'n_estimators': 100}","['mfcc_6', 'mfcc_5', 'mfcc_11', 'mfcc_8', 'wav_detail_lvl3_std']",0.5751824817518248,0.5225464190981433,0.6396103896103896,0.604341973162479,0.6683459277917716,0.7653846153846153,0.5931445603576752,0.7558207393555643,0.9253152279340446,0.8899253731343284,0.9636363636363636,0.9704466900411913
XGB,0.7229309953145409,0.731891325942463,0.7212018703821982,0.7831386490604367,0.7881110488764583,"{'max_depth': 3, 'learning_rate': 0.1, 'n_estimators': 100}","['mfcc_6', 'mfcc_5', 'mfcc_10', 'wav_detail_lvl3_std', 'spec_centroid']",0.5974025974025974,0.5974025974025974,0.5974025974025974,0.672788677367419,0.6672158154859967,0.7458563535911602,0.6035767511177347,0.7378647599452066,0.9041745730550285,0.8524150268336315,0.9626262626262626,0.9536797093167494
XGB,0.7229252138618948,0.7545896799188911,0.7073439311144228,0.7917724733367192,0.7556864187782767,"{'max_depth': 3, 'learning_rate': 0.01, 'n_estimators': 100}","['mfcc_6', 'mfcc_5', 'wav_detail_lvl5_std', 'mfcc_8', 'mfcc_10', 'wav_detail_lvl3_std']",0.5621414913957935,0.6837209302325581,0.4772727272727273,0.6366123480995663,0.7076205287713841,0.7398373983739838,0.6780923994038748,0.7020526118588037,0.8990136214185064,0.8402107111501317,0.9666666666666667,0.9283942963764598
XGB,0.7228888470563827,0.754712135459262,0.7072891286006041,0.7917724733367192,0.7734468328753189,"{'max_depth': 3, 'learning_rate': 0.01, 'n_estimators': 100}","['mfcc_6', 'mfcc_5', 'wav_detail_lvl5_std', 'wav_detail_lvl3_std', 'zcr_mean', 'spec_centroid']",0.5648854961832062,0.6851851851851852,0.4805194805194805,0.6574856443028256,0.703125,0.7389162561576355,0.6706408345752608,0.7160048201427401,0.9006560449859419,0.840034965034965,0.9707070707070707,0.946850034180391
XGB,0.7228067942353658,0.7308499000633212,0.7179050457738981,0.7892331132554596,0.7796452945902573,"{'max_depth': 3, 'learning_rate': 0.1, 'n_estimators': 100}","['mfcc_5', 'mfcc_11', 'wav_detail_lvl5_std', 'mfcc_8', 'spec_centroid']",0.5608108108108109,0.5845070422535211,0.538961038961039,0.6319540600791219,0.695447409733124,0.7346600331674958,0.6602086438152012,0.7331273614516637,0.9121621621621622,0.8733826247689463,0.9545454545454546,0.9738544622399863
XGB,0.7227796399095369,0.73579277539403,0.7157369952451921,0.7866937531742001,0.7957214281812485,"{'max_depth': 3, 'learning_rate': 0.1, 'n_estimators': 100}","['mfcc_6', 'mfcc_3', 'mfcc_5', 'wav_detail_lvl5_std', 'mfcc_10', 'wav_detail_lvl3_std', 'spec_centroid']",0.5807560137457045,0.6167883211678832,0.5487012987012987,0.6677065361244221,0.6816,0.7357512953367875,0.6348733233979136,0.7582327365925158,0.905982905982906,0.8548387096774194,0.9636363636363636,0.9612250118268074
XGB,0.722732249238855,0.7365391082875536,0.7146200490462785,0.7882173692229558,0.7998744182024197,"{'max_depth': 3, 'learning_rate': 0.1, 'n_estimators': 100}","['mfcc_6', 'mfcc_3', 'mfcc_5', 'mfcc_11', 'wav_detail_lvl5_std', 'mfcc_10', 'zcr_mean', 'spec_centroid']",0.5724258289703316,0.6188679245283019,0.5324675324675324,0.6656974354655836,0.6882399368587214,0.7315436241610739,0.6497764530551415,0.7595449508761583,0.9075309818875119,0.8592057761732852,0.9616161616161616,0.9743808682655172
XGB,0.7226911279346471,0.7490226950326324,0.7091334894613582,0.792788217369223,0.7491936485297956,"{'max_depth': 3, 'learning_rate': 0.01, 'n_estimators': 100}","['mfcc_3', 'mfcc_5', 'mfcc_11', 'wav_detail_lvl5_std', 'mfcc_8', 'zcr_mean']",0.5597014925373134,0.6578947368421053,0.487012987012987,0.6169900621148741,0.7032967032967034,0.7429519071310116,0.6676602086438153,0.6815767210212478,0.9050751879699248,0.8462214411247804,0.9727272727272728,0.949014162453265
XGB,0.7226710433712862,0.7327308925570045,0.7174776650186486,0.7846622651091925,0.7851170155916153,"{'max_depth': 3, 'learning_rate': 0.1, 'n_estimators': 100}","['mfcc_3', 'mfcc_5', 'wav_detail_lvl5_std', 'mfcc_10', 'wav_detail_lvl3_std', 'zcr_mean']",0.5868465430016864,0.6105263157894737,0.564935064935065,0.6510223126366821,0.6752,0.7288428324697754,0.6289120715350224,0.7458850774800346,0.9059665871121718,0.8588235294117647,0.9585858585858585,0.9584436566581294
XGB,0.7226598836335297,0.7357071643693432,0.7167652323390028,0.7856780091416963,0.7627544068903885,"{'max_depth': 3, 'learning_rate': 0.01, 'n_estimators': 100}","['mfcc_6', 'mfcc_5', 'mfcc_8', 'wav_detail_lvl3_std', 'zcr_mean']",0.5844594594594594,0.6091549295774648,0.5616883116883117,0.6552268506011015,0.6807817589576547,0.7504488330341114,0.6229508196721312,0.7082671064830877,0.902738432483475,0.8475177304964538,0.9656565656565657,0.9247692635869764
XGB,0.7226544675226633,0.7358420678338716,0.7146764286108548,0.7851701371254444,0.7929035011235747,"{'max_depth': 5, 'learning_rate': 0.1, 'n_estimators': 50}","['mfcc_5', 'wav_detail_lvl5_std', 'wav_detail_lvl3_std', 'zcr_mean']",0.5808695652173913,0.6254681647940075,0.5422077922077922,0.6727964166653333,0.6850393700787402,0.7262103505843072,0.6482861400894188,0.7472463107449315,0.9020544672718586,0.8558476881233001,0.9535353535353536,0.9586677759604593
XGB,0.7226122740432244,0.7353122168831246,0.7155595770349868,0.7877094972067039,0.8017057091195577,"{'max_depth': 3, 'learning_rate': 0.1, 'n_estimators': 100}","['mfcc_6', 'mfcc_5', 'mfcc_11', 'wav_detail_lvl5_std', 'mfcc_10', 'wav_detail_lvl3_std', 'zcr_mean']",0.5748709122203098,0.6117216117216118,0.5422077922077922,0.6673735221967917,0.6852589641434262,0.7363013698630136,0.6408345752608048,0.7665001599243901,0.9077069457659372,0.8579136690647482,0.9636363636363636,0.9712434452374912
XGB,0.7225907286841236,0.7457707832142043,0.710005992792878,0.7917724733367192,0.7914450505398282,"{'max_depth': 3, 'learning_rate': 0.1, 'n_estimators': 50}","['mfcc_6', 'mfcc_5', 'wav_detail_lvl5_std', 'zcr_mean', 'spec_centroid']",0.5592592592592592,0.6508620689655172,0.4902597402597403,0.67212779061197,0.7028704422032583,0.7330097087378641,0.6751117734724292,0.744962439887243,0.905642484589853,0.8534405719392315,0.9646464646464646,0.9572449211202716
XGB,0.7225720068834686,0.7438825245548374,0.7103659546282497,0.7882173692229558,0.7997788315109203,"{'max_depth': 3, 'learning_rate': 0.1, 'n_estimators': 50}","['mfcc_5', 'mfcc_11', 'wav_detail_lvl5_std', 'wav_detail_lvl3_std', 'zcr_mean']",0.567219152854512,0.6553191489361702,0.5,0.6679328009200631,0.6999232540291634,0.7215189873417721,0.6795827123695977,0.765008846704545,0.9005736137667304,0.8548094373865699,0.9515151515151515,0.9663948469081528
XGB,0.7225369126595124,0.755106736774699,0.7066870894739748,0.7912646013204673,0.7671084337619664,"{'max_depth': 3, 'learning_rate': 0.01, 'n_estimators': 100}","['mfcc_6', 'mfcc_3', 'mfcc_5', 'wav_detail_lvl5_std', 'mfcc_8', 'wav_detail_lvl3_std', 'zcr_mean', 'spec_centroid']",0.5653846153846154,0.6933962264150944,0.4772727272727273,0.6319885918844329,0.7001545595054096,0.7271268057784912,0.6751117734724292,0.7229094073345873,0.9020715630885122,0.8447971781305115,0.9676767676767677,0.946427302066879
XGB,0.7225268273250594,0.7337043944873507,0.7162172072008137,0.7866937531742001,0.8099767671498995,"{'max_depth': 3, 'learning_rate': 0.1, 'n_estimators': 100}","['mfcc_6', 'mfcc_5', 'mfcc_11', 'wav_detail_lvl5_std', 'wav_detail_lvl3_std', 'spec_centroid']",0.5777777777777777,0.6101083032490975,0.5487012987012987,0.680193638889931,0.6814932486100079,0.7295918367346939,0.639344262295082,0.7761082117076927,0.9083094555873925,0.8614130434782609,0.9606060606060606,0.9736284508520747
XGB,0.7225102135259721,0.756040524083848,0.7063669481702268,0.7912646013204673,0.765615830174836,"{'max_depth': 3, 'learning_rate': 0.01, 'n_estimators': 100}","['mfcc_6', 'mfcc_3', 'mfcc_5', 'wav_detail_lvl5_std', 'mfcc_8', 'wav_detail_lvl3_std']",0.5664739884393064,0.6966824644549763,0.4772727272727273,0.6333257667591587,0.6992248062015504,0.72859450726979,0.6721311475409836,0.7178390761956641,0.9018318459370597,0.8428446005267779,0.9696969696969697,0.9456826475696853
XGB,0.7223245283497294,0.7387692071283892,0.7135890521136422,0.7861858811579482,0.7695833763796722,"{'max_depth': 3, 'learning_rate': 0.01, 'n_estimators': 100}","['mfcc_6', 'mfcc_5', 'mfcc_10', 'wav_detail_lvl3_std', 'zcr_mean', 'spec_centroid']",0.5828970331588132,0.630188679245283,0.5422077922077922,0.6554483532922384,0.6816720257234726,0.7399650959860384,0.6318926974664679,0.7151422764984696,0.9024045261669024,0.8461538461538461,0.9666666666666667,0.9381594993483089
XGB,0.7221475091531028,0.7454068435222881,0.7095439169209662,0.7892331132554596,0.7758486959910199,"{'max_depth': 3, 'learning_rate': 0.1, 'n_estimators': 50}","['mfcc_6', 'mfcc_3', 'wav_detail_lvl5_std', 'mfcc_8', 'mfcc_10', 'zcr_mean']",0.5698529411764706,0.6567796610169492,0.5032467532467533,0.6536922547488334,0.6933333333333334,0.7317880794701986,0.6587183308494784,0.724534335586653,0.9032562529495045,0.8476527900797166,0.9666666666666667,0.9493194976375736
XGB,0.7221378316913771,0.7322392554551048,0.7174212854540724,0.7877094972067039,0.7862437237221772,"{'max_depth': 5, 'learning_rate': 0.1, 'n_estimators': 50}","['mfcc_6', 'mfcc_3', 'mfcc_11', 'wav_detail_lvl5_std', 'mfcc_8', 'mfcc_10', 'spec_centroid']",0.5738255033557047,0.59375,0.5551948051948052,0.6301140237394193,0.6811594202898551,0.7408056042031523,0.6304023845007451,0.7556271761691202,0.9114285714285715,0.8621621621621621,0.9666666666666667,0.9729899712579922
XGB,0.7220456355927091,0.7373320047922376,0.7128462612069169,0.7892331132554596,0.8008270339334036,"{'max_depth': 3, 'learning_rate': 0.1, 'n_estimators': 50}","['mfcc_3', 'mfcc_11', 'wav_detail_lvl5_std', 'mfcc_10', 'zcr_mean', 'spec_centroid']",0.5648312611012434,0.6235294117647059,0.5162337662337663,0.6853030389926564,0.6921278254091972,0.7254901960784313,0.6616989567809239,0.7549222828054528,0.9091778202676865,0.8629764065335753,0.9606060606060606,0.9622557800021015
XGB,0.7220307250985657,0.7355271205027627,0.7157003288150828,0.7841543930929405,0.7752787259637177,"{'max_depth': 3, 'learning_rate': 0.1, 'n_estimators': 50}","['mfcc_6', 'mfcc_3', 'mfcc_11', 'mfcc_10', 'wav_detail_lvl3_std', 'zcr_mean']",0.5918367346938775,0.6214285714285714,0.564935064935065,0.646937676300457,0.6709991876523151,0.7375,0.6154992548435171,0.727183716306951,0.9032562529495045,0.8476527900797166,0.9666666666666667,0.9517147852837451
XGB,0.722028375735721,0.7536341429021715,0.7065983803688721,0.7917724733367192,0.7669298853837415,"{'max_depth': 3, 'learning_rate': 0.01, 'n_estimators': 100}","['mfcc_6', 'mfcc_3', 'mfcc_5', 'wav_detail_lvl5_std', 'mfcc_8', 'mfcc_10', 'wav_detail_lvl3_std', 'zcr_mean', 'spec_centroid']",0.5604606525911708,0.6854460093896714,0.474025974025974,0.6298835293565316,0.7027027027027027,0.7291666666666666,0.6780923994038748,0.7243918887748055,0.9029217719132894,0.8462897526501767,0.9676767676767677,0.9465142380198875
XGB,0.7220280970625798,0.7303966957734168,0.7180607795361893,0.7892331132554596,0.7975699400069827,"{'max_depth': 3, 'learning_rate': 0.1, 'n_estimators': 100}","['mfcc_6', 'mfcc_3', 'mfcc_5', 'mfcc_11', 'wav_detail_lvl5_std', 'mfcc_8', 'spec_centroid']",0.5633333333333334,0.5787671232876712,0.5487012987012987,0.6519354985347418,0.688,0.7426597582037997,0.6408345752608048,0.7627740056940924,0.9147509578544061,0.8697632058287796,0.9646464646464646,0.9780003157921139
XGB,0.7219492931682755,0.7552463662171096,0.7057822566019287,0.7897409852717115,0.767795447106085,"{'max_depth': 3, 'learning_rate': 0.01, 'n_estimators': 100}","['mfcc_6', 'mfcc_3', 'mfcc_5', 'mfcc_11', 'wav_detail_lvl5_std', 'mfcc_8', 'mfcc_10', 'wav_detail_lvl3_std']",0.5692307692307692,0.6981132075471698,0.4805194805194805,0.6341476751257209,0.6966640806826998,0.7265372168284789,0.669150521609538,0.7183553866184823,0.8999530295913575,0.8410886742756805,0.9676767676767677,0.950883279574052
XGB,0.7219444953848034,0.7306617888013237,0.7190034616264125,0.7826307770441848,0.7678871343652557,"{'max_depth': 3, 'learning_rate': 0.1, 'n_estimators': 100}","['mfcc_5', 'mfcc_11', 'mfcc_10', 'wav_detail_lvl3_std']",0.5921052631578947,0.6,0.5844155844155844,0.6225005965245848,0.6699186991869919,0.7370304114490162,0.6140089418777943,0.7235562202627501,0.9038095238095238,0.854954954954955,0.9585858585858585,0.957604586308432
XGB,0.7219222107984793,0.7536489974190986,0.7062250136020628,0.7887252412392077,0.7756500166703987,"{'max_depth': 3, 'learning_rate': 0.01, 'n_estimators': 100}","['mfcc_6', 'mfcc_5', 'mfcc_11', 'wav_detail_lvl5_std', 'mfcc_10', 'wav_detail_lvl3_std', 'zcr_mean', 'spec_centroid']",0.573055028462998,0.6894977168949772,0.4902597402597403,0.6492387540466324,0.6955153422501967,0.7366666666666667,0.6587183308494784,0.7205494585097278,0.897196261682243,0.8347826086956521,0.9696969696969697,0.9571618374548361
XGB,0.7219113093548438,0.7376985894154758,0.7137664703238474,0.7851701371254444,0.753402359297945,"{'max_depth': 3, 'learning_rate': 0.01, 'n_estimators': 100}","['mfcc_6', 'mfcc_5', 'mfcc_10', 'wav_detail_lvl3_std']",0.58578856152513,0.6282527881040892,0.5487012987012987,0.6528452242335969,0.6779661016949152,0.7394366197183099,0.6259314456035767,0.6907266454607115,0.9019792648444863,0.8454063604240283,0.9666666666666667,0.9166352081995264
XGB,0.7219091271945777,0.7536145401313941,0.7065061228995656,0.7907567293042154,0.752945939850156,"{'max_depth': 3, 'learning_rate': 0.01, 'n_estimators': 100}","['mfcc_5', 'mfcc_11', 'wav_detail_lvl5_std', 'mfcc_10']",0.5681818181818182,0.6818181818181818,0.487012987012987,0.6126555151043569,0.6967537608867775,0.7432432432432432,0.6557377049180327,0.6967790091207748,0.9007918025151374,0.8357821953327571,0.9767676767676767,0.9494032953253362
XGB,0.7218663926247931,0.7444474699442692,0.7104664916140325,0.7805992889791773,0.7602200722141194,"{'max_depth': 3, 'learning_rate': 0.01, 'n_estimators': 100}","['mfcc_3', 'mfcc_11', 'wav_detail_lvl5_std', 'mfcc_8', 'mfcc_10', 'wav_detail_lvl3_std', 'zcr_mean']",0.608540925266904,0.6732283464566929,0.5551948051948052,0.6725060783644584,0.6655817737998373,0.7329749103942652,0.6095380029806259,0.6823280300487756,0.8914764788076386,0.8271391529818496,0.9666666666666667,0.925826108229124
XGB,0.7218263322718975,0.7253879649749663,0.7237405278388884,0.7856780091416963,0.7929020333576776,"{'max_depth': 5, 'learning_rate': 0.1, 'n_estimators': 100}","['mfcc_6', 'mfcc_3', 'mfcc_5', 'mfcc_11', 'mfcc_8', 'wav_detail_lvl3_std', 'zcr_mean']",0.5736677115987461,0.5545454545454546,0.5941558441558441,0.6365516622178993,0.6753458096013019,0.7437275985663082,0.6184798807749627,0.7648641032021146,0.9164654756156446,0.877890841813136,0.9585858585858585,0.9772903346530188
XGB,0.7218164678143454,0.7439179908076111,0.7097406540029492,0.7917724733367192,0.7826281269106552,"{'max_depth': 3, 'learning_rate': 0.1, 'n_estimators': 50}","['mfcc_6', 'mfcc_11', 'wav_detail_lvl5_std', 'mfcc_8', 'mfcc_10', 'zcr_mean']",0.5514705882352942,0.635593220338983,0.487012987012987,0.6483105211421827,0.711943793911007,0.7475409836065574,0.6795827123695977,0.7361830276921619,0.9020350212967345,0.8486197684772929,0.9626262626262626,0.9633908318976212
XGB,0.7217924686003666,0.7454678978389784,0.7092257469306649,0.7938039614017267,0.7862983499474404,"{'max_depth': 3, 'learning_rate': 0.1, 'n_estimators': 50}","['mfcc_6', 'mfcc_5', 'mfcc_11', 'wav_detail_lvl5_std', 'mfcc_8', 'mfcc_10', 'zcr_mean', 'spec_centroid']",0.5457943925233645,0.6431718061674009,0.474025974025974,0.6529716287303754,0.7123076923076923,0.7360890302066773,0.6900149031296572,0.7311419530299695,0.9072753209700428,0.8571428571428571,0.9636363636363636,0.9747814680819764
XGB,0.7217886192384766,0.7371803628968859,0.7125966929245617,0.7912646013204673,0.8014519093502169,"{'max_depth': 3, 'learning_rate': 0.1, 'n_estimators': 100}","['mfcc_6', 'mfcc_3', 'mfcc_5', 'mfcc_11', 'wav_detail_lvl5_std', 'zcr_mean', 'spec_centroid']",0.5561497326203209,0.616600790513834,0.5064935064935064,0.6685046051551368,0.6967340590979783,0.7284552845528456,0.6676602086438153,0.7600872585167555,0.9124820659971306,0.8664850136239782,0.9636363636363636,0.9757638643787587
XGB,0.7217245612918616,0.7487838170268795,0.7076648609435495,0.7902488572879635,0.746975296034261,"{'max_depth': 3, 'learning_rate': 0.01, 'n_estimators': 100}","['mfcc_3', 'mfcc_5', 'wav_detail_lvl5_std', 'mfcc_8', 'zcr_mean']",0.5612052730696798,0.6681614349775785,0.4837662337662338,0.6171932937578912,0.7027863777089783,0.7310789049919485,0.676602086438152,0.6742423331833032,0.9011820330969267,0.8471111111111111,0.9626262626262626,0.9494902611615885
XGB,0.7216630487795128,0.7456414644672792,0.7088728818237016,0.7836465210766886,0.7700158156128181,"{'max_depth': 3, 'learning_rate': 0.01, 'n_estimators': 100}","['mfcc_6', 'wav_detail_lvl5_std', 'wav_detail_lvl3_std', 'zcr_mean', 'spec_centroid']",0.5833333333333334,0.6598360655737705,0.5227272727272727,0.6628724431694111,0.6939102564102564,0.7504332755632582,0.6453055141579732,0.7163884645817153,0.8877455565949486,0.8266550522648084,0.9585858585858585,0.9307865390873276
XGB,0.7216495379044455,0.7385186132209896,0.7119406398094923,0.7892331132554596,0.7774253561030435,"{'max_depth': 3, 'learning_rate': 0.1, 'n_estimators': 50}","['mfcc_6', 'mfcc_5', 'wav_detail_lvl5_std', 'mfcc_8', 'spec_centroid']",0.5622775800711743,0.6220472440944882,0.512987012987013,0.6586298481711272,0.6976377952755906,0.7395659432387313,0.6602086438152012,0.7157108507407683,0.9050332383665717,0.8539426523297491,0.9626262626262626,0.9579353693972349
XGB,0.721597065779676,0.7487474729709337,0.7078233545446659,0.7932960893854749,0.7790985001118371,"{'max_depth': 3, 'learning_rate': 0.1, 'n_estimators': 50}","['mfcc_6', 'mfcc_3', 'mfcc_5', 'wav_detail_lvl5_std', 'mfcc_8', 'zcr_mean', 'spec_centroid']",0.5502846299810247,0.6621004566210046,0.4707792207792208,0.6527243698959023,0.7070552147239264,0.7282780410742496,0.6870342771982116,0.7178107463561657,0.9074513526340768,0.855863921217547,0.9656565656565657,0.9667603840834434
XGB,0.7215546127433351,0.735334243495231,0.7129897728258383,0.7887252412392077,0.7722148687138793,"{'max_depth': 3, 'learning_rate': 0.1, 'n_estimators': 50}","['mfcc_5', 'wav_detail_lvl5_std', 'mfcc_8', 'wav_detail_lvl3_std', 'zcr_mean']",0.5618374558303887,0.6162790697674418,0.5162337662337663,0.6440737035581569,0.6935608999224204,0.7233009708737864,0.6661698956780924,0.7107687046631895,0.9092654824771963,0.8664226898444648,0.9565656565656566,0.9618021979202915
XGB,0.7214892414413384,0.7365136495364976,0.712791458693098,0.7892331132554596,0.7965654007784643,"{'max_depth': 3, 'learning_rate': 0.1, 'n_estimators': 100}","['mfcc_6', 'mfcc_3', 'mfcc_5', 'wav_detail_lvl5_std', 'zcr_mean', 'spec_centroid']",0.5633802816901409,0.6153846153846154,0.5194805194805194,0.6650683988359342,0.692429022082019,0.7353433835845896,0.65424739195231,0.7597788799244485,0.9086584205518554,0.8588129496402878,0.9646464646464646,0.9648489235750101
XGB,0.7214714802224229,0.7351620982971644,0.713466436417256,0.787201625190452,0.7886173422131733,"{'max_depth': 3, 'learning_rate': 0.1, 'n_estimators': 50}","['mfcc_3', 'mfcc_5', 'mfcc_11', 'wav_detail_lvl3_std', 'zcr_mean']",0.5724258289703316,0.6188679245283019,0.5324675324675324,0.6663727735035637,0.6835043409629045,0.7265100671140939,0.6453055141579732,0.7416886703778204,0.9084842707340324,0.8601083032490975,0.9626262626262626,0.9577905827581358
XGB,0.7214556299147122,0.7465317910229966,0.7079857907726761,0.7887252412392077,0.745063459096002,"{'max_depth': 3, 'learning_rate': 0.01, 'n_estimators': 100}","['mfcc_3', 'mfcc_5', 'wav_detail_lvl5_std', 'mfcc_10', 'zcr_mean']",0.5644859813084112,0.6651982378854625,0.4902597402597403,0.6042629329724515,0.6990740740740741,0.7248,0.6751117734724292,0.6825875715856902,0.9008068343616517,0.8495971351835273,0.9585858585858585,0.9483398727298642
XGB,0.7214372031725723,0.7259967168042194,0.7211928023403432,0.776536312849162,0.7688863908082272,"{'max_depth': 5, 'learning_rate': 0.1, 'n_estimators': 100}","['mfcc_3', 'mfcc_5', 'zcr_mean']",0.6077170418006431,0.6019108280254777,0.6136363636363636,0.6325114572840642,0.6596774193548387,0.718804920913884,0.6095380029806259,0.7144794846178448,0.896917148362235,0.8572744014732965,0.9404040404040404,0.9596682305227723
XGB,0.7213701236065545,0.7483466869743474,0.7073281606068491,0.7897409852717115,0.754606802320619,"{'max_depth': 3, 'learning_rate': 0.01, 'n_estimators': 100}","['mfcc_3', 'mfcc_5', 'wav_detail_lvl5_std', 'mfcc_8', 'zcr_mean', 'spec_centroid']",0.5612052730696798,0.6681614349775785,0.4837662337662338,0.6289324836911779,0.7022428460943542,0.729903536977492,0.676602086438152,0.6815816715229724,0.9006622516556292,0.8469750889679716,0.9616161616161616,0.9533062517477069
XGB,0.7213701236065545,0.7483466869743474,0.7073281606068491,0.7897409852717115,0.754606802320619,"{'max_depth': 3, 'learning_rate': 0.01, 'n_estimators': 100}","['mfcc_3', 'mfcc_5', 'wav_detail_lvl5_std', 'mfcc_8', 'spec_centroid']",0.5612052730696798,0.6681614349775785,0.4837662337662338,0.6289324836911779,0.7022428460943542,0.729903536977492,0.676602086438152,0.6815816715229724,0.9006622516556292,0.8469750889679716,0.9616161616161616,0.9533062517477069
XGB,0.7213086651369083,0.7514554223998285,0.706279027590503,0.7902488572879635,0.7772897959897564,"{'max_depth': 3, 'learning_rate': 0.01, 'n_estimators': 100}","['mfcc_3', 'mfcc_5', 'wav_detail_lvl5_std', 'mfcc_8', 'wav_detail_lvl3_std', 'spec_centroid']",0.5627376425855514,0.6788990825688074,0.4805194805194805,0.6534883094962762,0.7003891050583657,0.7328990228013029,0.6706408345752608,0.7262843291623144,0.9007992477668078,0.8425681618293756,0.9676767676767677,0.9520967493106787
XGB,0.7212997881987687,0.7517287653583905,0.7061737594524479,0.7902488572879635,0.7705460830630374,"{'max_depth': 5, 'learning_rate': 0.01, 'n_estimators': 100}","['mfcc_6', 'mfcc_5', 'mfcc_11', 'wav_detail_lvl5_std', 'mfcc_8', 'zcr_mean', 'spec_centroid']",0.5621414913957935,0.6837209302325581,0.4772727272727273,0.6359116926749813,0.699537750385208,0.7240829346092504,0.676602086438152,0.7024928728678081,0.9022201228153047,0.8473824312333629,0.9646464646464646,0.973233683646323
XGB,0.7212853537764422,0.7529139913977057,0.7057988156348812,0.7902488572879635,0.7698505265719454,"{'max_depth': 3, 'learning_rate': 0.01, 'n_estimators': 100}","['mfcc_6', 'mfcc_5', 'wav_detail_lvl5_std', 'mfcc_10', 'wav_detail_lvl3_std', 'zcr_mean', 'spec_centroid']",0.5648854961832062,0.6851851851851852,0.4805194805194805,0.6465308568790236,0.6978922716627635,0.7327868852459016,0.6661698956780924,0.715227626539361,0.9010782934833568,0.8407699037620298,0.9707070707070707,0.9477930962974517
XGB,0.7212791555788712,0.7398741699845691,0.7127370504419686,0.7800914169629254,0.7652831204189314,"{'max_depth': 3, 'learning_rate': 0.01, 'n_estimators': 100}","['mfcc_3', 'mfcc_11', 'wav_detail_lvl5_std', 'mfcc_10', 'wav_detail_lvl3_std', 'zcr_mean']",0.6089965397923875,0.6518518518518519,0.5714285714285714,0.6727874327790859,0.6611842105263158,0.7376146788990826,0.5991058122205664,0.6847133582532574,0.8936567164179104,0.830155979202773,0.9676767676767677,0.938348570224451
XGB,0.7212474607034173,0.7312335165641496,0.71641197296935,0.7846622651091925,0.7724453855194705,"{'max_depth': 5, 'learning_rate': 0.1, 'n_estimators': 100}","['mfcc_6', 'mfcc_3', 'wav_detail_lvl5_std', 'mfcc_10', 'zcr_mean']",0.5815126050420169,0.6027874564459931,0.5616883116883117,0.6240773803216157,0.6746987951807228,0.7317073170731707,0.6259314456035767,0.7362859147508872,0.9075309818875119,0.8592057761732852,0.9616161616161616,0.9569728614859089
XGB,0.721206844031208,0.745517153359114,0.7081789794904548,0.7897409852717115,0.773317937747953,"{'max_depth': 3, 'learning_rate': 0.1, 'n_estimators': 50}","['mfcc_6', 'mfcc_5', 'wav_detail_lvl5_std']",0.5613382899628253,0.6565217391304348,0.4902597402597403,0.6559770668118933,0.6993006993006993,0.7305194805194806,0.6706408345752608,0.7148647394673493,0.9029815428300993,0.8495102404274265,0.9636363636363636,0.9491120069646163
XGB,0.7211916921381777,0.7359957837595944,0.7131794131794131,0.7882173692229558,0.7745339116191076,"{'max_depth': 3, 'learning_rate': 0.1, 'n_estimators': 50}","['mfcc_3', 'mfcc_11', 'mfcc_10', 'zcr_mean', 'spec_centroid']",0.5714285714285714,0.6165413533834586,0.5324675324675324,0.6525329649943988,0.6821086261980831,0.7349397590361446,0.6363636363636364,0.720349451112515,0.9100378787878788,0.85650623885918,0.9707070707070707,0.9507193187504088
XGB,0.72116180517407,0.7309127409062169,0.7148041697222025,0.7826307770441848,0.7833611371690353,"{'max_depth': 3, 'learning_rate': 0.1, 'n_estimators': 50}","['mfcc_3', 'mfcc_5', 'wav_detail_lvl3_std']",0.5797598627787307,0.6145454545454545,0.5487012987012987,0.669816586033276,0.6812159002338269,0.7140522875816994,0.6512667660208644,0.7368084138001398,0.9025096525096525,0.8641404805914972,0.9444444444444444,0.9434584116736899
XGB,0.7211470392771148,0.7508794763352968,0.7059273452716076,0.7861858811579482,0.748020245498811,"{'max_depth': 3, 'learning_rate': 0.01, 'n_estimators': 100}","['mfcc_6', 'wav_detail_lvl5_std', 'mfcc_8', 'mfcc_10', 'zcr_mean', 'spec_centroid']",0.5714285714285714,0.6785714285714286,0.4935064935064935,0.6247868897887637,0.7029156816390859,0.745819397993311,0.6646795827123696,0.6827463936761851,0.8890968647636874,0.8282476024411508,0.9595959595959596,0.9365274530314841
XGB,0.7210105441901796,0.7415850400224592,0.7096326260260687,0.7887252412392077,0.7807935492916336,"{'max_depth': 3, 'learning_rate': 0.1, 'n_estimators': 50}","['mfcc_6', 'mfcc_3', 'mfcc_11', 'wav_detail_lvl5_std', 'mfcc_8', 'mfcc_10', 'zcr_mean']",0.5662431941923775,0.6419753086419753,0.5064935064935064,0.6554810715798602,0.6918238993710691,0.7321131447587355,0.6557377049180327,0.7220982486153659,0.9049645390070922,0.8506666666666667,0.9666666666666667,0.9648013276796746
XGB,0.7209857511855989,0.7335125756459235,0.7150253510909249,0.7861858811579482,0.7731820211179463,"{'max_depth': 3, 'learning_rate': 0.01, 'n_estimators': 100}","['mfcc_6', 'mfcc_3', 'mfcc_5', 'mfcc_8', 'wav_detail_lvl3_std', 'spec_centroid']",0.5772495755517827,0.604982206405694,0.551948051948052,0.6597328411334492,0.6779935275080906,0.7415929203539823,0.624441132637854,0.7135339596926347,0.9077141504969238,0.8539626001780944,0.9686868686868687,0.9462792625277553
XGB,0.720932272351369,0.7310151126843584,0.7154566744730678,0.7831386490604367,0.7799829184994019,"{'max_depth': 5, 'learning_rate': 0.1, 'n_estimators': 50}","['mfcc_6', 'mfcc_3', 'mfcc_5', 'mfcc_11', 'wav_detail_lvl5_std']",0.5820642978003384,0.607773851590106,0.5584415584415584,0.6353812999797702,0.6772908366533864,0.7277397260273972,0.6333830104321908,0.733068065616731,0.9034416826003824,0.8575317604355717,0.9545454545454546,0.9714993899017048
XGB,0.7209313703575083,0.7493244437512997,0.7067375550982108,0.7912646013204673,0.7460561964863354,"{'max_depth': 3, 'learning_rate': 0.01, 'n_estimators': 100}","['mfcc_5', 'mfcc_11', 'wav_detail_lvl5_std', 'mfcc_8', 'mfcc_10']",0.5601503759398496,0.6651785714285714,0.4837662337662338,0.6064142220530039,0.6986624704956726,0.74,0.6616989567809239,0.6958331702742765,0.9039812646370023,0.8427947598253275,0.9747474747474747,0.9359211971317256
XGB,0.7209258870830082,0.7347713520735599,0.713164431197218,0.7846622651091925,0.7810306816178647,"{'max_depth': 3, 'learning_rate': 0.1, 'n_estimators': 100}","['mfcc_6', 'mfcc_3', 'mfcc_5', 'mfcc_11', 'mfcc_10', 'zcr_mean', 'spec_centroid']",0.5833333333333334,0.6268656716417911,0.5454545454545454,0.6541547280437575,0.6730310262529833,0.7218430034129693,0.6304023845007451,0.7248188837533744,0.9064133016627078,0.8556053811659193,0.9636363636363636,0.9641184330564622
XGB,0.7208843439173179,0.7321144305647064,0.7151523036768938,0.7851701371254444,0.794649868976264,"{'max_depth': 3, 'learning_rate': 0.1, 'n_estimators': 100}","['mfcc_6', 'mfcc_5', 'wav_detail_lvl5_std', 'spec_centroid']",0.576271186440678,0.6028368794326241,0.551948051948052,0.670180726554268,0.680577849117175,0.7373913043478261,0.6318926974664679,0.7540209179517798,0.9058039961941009,0.8561151079136691,0.9616161616161616,0.9597479624227444
XGB,0.7208814032475835,0.7395945547079789,0.7105753081162917,0.7821229050279329,0.7891950321076475,"{'max_depth': 5, 'learning_rate': 0.01, 'n_estimators': 100}","['mfcc_6', 'mfcc_5', 'mfcc_11', 'wav_detail_lvl3_std', 'zcr_mean']",0.5921985815602837,0.65234375,0.5422077922077922,0.6637137374960789,0.6741214057507987,0.7263339070567987,0.6289120715350224,0.7351356800878992,0.8963242224316682,0.8401060070671378,0.9606060606060606,0.9687356787389644
XGB,0.7208412312288303,0.7405355035238896,0.7097580015612802,0.7907567293042154,0.7748649404077638,"{'max_depth': 3, 'learning_rate': 0.1, 'n_estimators': 50}","['mfcc_6', 'mfcc_5', 'wav_detail_lvl5_std', 'mfcc_10']",0.5537340619307832,0.6307053941908713,0.4935064935064935,0.655382730068255,0.7019455252918287,0.7345276872964169,0.6721311475409836,0.727988697377862,0.9068441064638784,0.8563734290843806,0.9636363636363636,0.9412233937771743
XGB,0.7208229788533776,0.7310787899033878,0.714531339941176,0.7887252412392077,0.785970101778544,"{'max_depth': 5, 'learning_rate': 0.1, 'n_estimators': 50}","['mfcc_3', 'mfcc_11', 'wav_detail_lvl5_std', 'mfcc_10', 'spec_centroid']",0.5611015490533563,0.5970695970695971,0.5292207792207793,0.6531378117580497,0.6859827721221613,0.7227722772277227,0.6527570789865872,0.7374506629049545,0.9153846153846154,0.8733944954128441,0.9616161616161616,0.9673218306726276
XGB,0.7207969243562213,0.7356399846478751,0.7121346170526498,0.7887252412392077,0.7813717178125094,"{'max_depth': 3, 'learning_rate': 0.1, 'n_estimators': 50}","['mfcc_3', 'mfcc_5', 'mfcc_11', 'wav_detail_lvl5_std', 'mfcc_8', 'mfcc_10', 'wav_detail_lvl3_std']",0.564373897707231,0.6177606177606177,0.5194805194805194,0.6463259109589723,0.6871069182389937,0.7271214642262895,0.6512667660208644,0.7247904261867404,0.9109099571224393,0.8620378719567178,0.9656565656565657,0.9729988162918151
XGB,0.7207838216871174,0.7368780644409368,0.7122414622414622,0.7856780091416963,0.766265416955415,"{'max_depth': 3, 'learning_rate': 0.01, 'n_estimators': 100}","['mfcc_6', 'mfcc_5', 'mfcc_8', 'wav_detail_lvl3_std', 'zcr_mean', 'spec_centroid']",0.5749128919860628,0.6203007518796992,0.5357142857142857,0.6549900046922367,0.6864951768488746,0.7452006980802792,0.6363636363636364,0.7136035736733215,0.9009433962264151,0.8451327433628318,0.9646464646464646,0.9302026725006866
XGB,0.720756451697166,0.7496864700653095,0.7061737594524479,0.7902488572879635,0.758885287051951,"{'max_depth': 3, 'learning_rate': 0.01, 'n_estimators': 100}","['mfcc_6', 'mfcc_5', 'wav_detail_lvl5_std', 'mfcc_8', 'mfcc_10', 'wav_detail_lvl3_std', 'zcr_mean']",0.5578747628083491,0.6712328767123288,0.4772727272727273,0.6409246471440962,0.703875968992248,0.7334410339256866,0.676602086438152,0.7060052978692695,0.9005186232909005,0.8443854995579133,0.9646464646464646,0.9297259161424875
XGB,0.7207541528065303,0.7385508270100168,0.7106983180753673,0.7887252412392077,0.764660220367123,"{'max_depth': 3, 'learning_rate': 0.1, 'n_estimators': 50}","['mfcc_6', 'mfcc_5', 'wav_detail_lvl5_std', 'mfcc_8']",0.5607142857142857,0.623015873015873,0.5097402597402597,0.6480370486141698,0.6977111286503551,0.7416107382550335,0.6587183308494784,0.696319449427874,0.9038370440549502,0.8510258697591436,0.9636363636363636,0.9496241630593253
XGB,0.7207260267504284,0.7529365306965649,0.7049487852766542,0.7887252412392077,0.7586688440395496,"{'max_depth': 3, 'learning_rate': 0.01, 'n_estimators': 100}","['mfcc_6', 'mfcc_5', 'wav_detail_lvl5_std', 'mfcc_8', 'wav_detail_lvl3_std']",0.5648854961832062,0.6851851851851852,0.4805194805194805,0.6448549052937602,0.701644479248238,0.7392739273927392,0.6676602086438153,0.7030322927432633,0.8956481048198409,0.8343504795117699,0.9666666666666667,0.9281193340816254
XGB,0.7207094634238373,0.7287023190630105,0.7159171732942223,0.7887252412392077,0.7767217377032964,"{'max_depth': 3, 'learning_rate': 0.1, 'n_estimators': 50}","['mfcc_5', 'mfcc_11', 'wav_detail_lvl5_std', 'mfcc_8', 'wav_detail_lvl3_std']",0.5540540540540541,0.5774647887323944,0.5324675324675324,0.641224704918902,0.6944226237234878,0.7342192691029901,0.6587183308494784,0.7195483453770594,0.91365171249397,0.8744228993536473,0.9565656565656566,0.969392162813928
XGB,0.7206825707218636,0.7311194688069111,0.7158257043502946,0.7861858811579482,0.7931064564358746,"{'max_depth': 5, 'learning_rate': 0.1, 'n_estimators': 50}","['mfcc_6', 'mfcc_3', 'mfcc_11', 'wav_detail_lvl5_std', 'mfcc_8', 'wav_detail_lvl3_std', 'zcr_mean']",0.5704697986577181,0.5902777777777778,0.551948051948052,0.6408232230842551,0.6838709677419355,0.7451669595782073,0.6318926974664679,0.769828350851259,0.9077069457659372,0.8579136690647482,0.9636363636363636,0.9686677953721097
XGB,0.7206797234584025,0.7467353208891224,0.7073265835560919,0.792788217369223,0.7756861067047954,"{'max_depth': 3, 'learning_rate': 0.1, 'n_estimators': 50}","['mfcc_6', 'mfcc_3', 'mfcc_5', 'wav_detail_lvl5_std', 'mfcc_8', 'spec_centroid']",0.5482041587901701,0.6561085972850679,0.4707792207792208,0.6518271582020465,0.7055214723926381,0.7266982622432859,0.6855439642324889,0.7094938148935316,0.9083135391923991,0.8573991031390135,0.9656565656565657,0.9657373470188082
XGB,0.7206779583044193,0.754867490233344,0.7044677847956536,0.7902488572879635,0.769575319415741,"{'max_depth': 3, 'learning_rate': 0.01, 'n_estimators': 100}","['mfcc_6', 'mfcc_3', 'mfcc_5', 'wav_detail_lvl5_std', 'mfcc_8', 'mfcc_10', 'wav_detail_lvl3_std', 'spec_centroid']",0.5637065637065637,0.6952380952380952,0.474025974025974,0.6369513050365504,0.6967340590979783,0.7284552845528456,0.6676602086438153,0.7227757372797772,0.901593252108716,0.8409090909090909,0.9717171717171718,0.9489989159308952
XGB,0.7206281954139971,0.7535291613094488,0.7047000055196776,0.7892331132554596,0.7693785626055466,"{'max_depth': 3, 'learning_rate': 0.01, 'n_estimators': 100}","['mfcc_6', 'mfcc_3', 'mfcc_5', 'mfcc_11', 'wav_detail_lvl5_std', 'mfcc_8', 'wav_detail_lvl3_std']",0.5653846153846154,0.6933962264150944,0.4772727272727273,0.6383243311503576,0.6961240310077519,0.7253634894991923,0.669150521609538,0.7188891605457611,0.900375939849624,0.8418277680140598,0.9676767676767677,0.9509221961205209
XGB,0.7205978281866771,0.7544689152903397,0.7043798642159298,0.7892331132554596,0.7706473870530798,"{'max_depth': 3, 'learning_rate': 0.01, 'n_estimators': 100}","['mfcc_6', 'mfcc_3', 'mfcc_5', 'wav_detail_lvl5_std', 'mfcc_8', 'wav_detail_lvl3_std', 'spec_centroid']",0.5664739884393064,0.6966824644549763,0.4772727272727273,0.6397841149400441,0.6951788491446346,0.7268292682926829,0.6661698956780924,0.7242692923857739,0.90014064697609,0.8398950131233596,0.9696969696969697,0.9478887538334216
XGB,0.7205771934614775,0.7362415999880985,0.7161253439941965,0.776536312849162,0.7549104075909631,"{'max_depth': 5, 'learning_rate': 0.01, 'n_estimators': 100}","['mfcc_6', 'mfcc_3', 'mfcc_11', 'mfcc_10', 'wav_detail_lvl3_std']",0.6266666666666667,0.6438356164383562,0.6103896103896104,0.6150014380900837,0.6425567703952901,0.7374517374517374,0.5692995529061102,0.6996371280114335,0.8925081433224755,0.8274374460742019,0.9686868686868687,0.9500926566713721
XGB,0.7205367626012139,0.7496879046879048,0.7053974562171285,0.7846622651091925,0.7501706248995738,"{'max_depth': 3, 'learning_rate': 0.01, 'n_estimators': 100}","['mfcc_6', 'wav_detail_lvl5_std', 'mfcc_8', 'zcr_mean']",0.5703564727954972,0.6755555555555556,0.4935064935064935,0.6258791575816471,0.7065302911093627,0.7483333333333333,0.669150521609538,0.6977842890265218,0.8847235238987816,0.8251748251748252,0.9535353535353536,0.9268484280905525
XGB,0.7205135392498225,0.7322796672948675,0.7146007301745007,0.7846622651091925,0.7790344153480033,"{'max_depth': 3, 'learning_rate': 0.1, 'n_estimators': 100}","['mfcc_6', 'mfcc_3', 'mfcc_5', 'zcr_mean']",0.5816326530612245,0.6107142857142858,0.5551948051948052,0.6489125765406325,0.6720257234726688,0.7294938917975567,0.6229508196721312,0.7367300091586989,0.9078822412155746,0.8566308243727598,0.9656565656565657,0.9514606603446782
XGB,0.7204988818444708,0.7505114838886651,0.7056560925413384,0.7892331132554596,0.7549742141139787,"{'max_depth': 3, 'learning_rate': 0.01, 'n_estimators': 100}","['mfcc_5', 'mfcc_11', 'wav_detail_lvl5_std']",0.5649717514124294,0.672645739910314,0.487012987012987,0.6250094286528691,0.6977848101265823,0.7436762225969646,0.6572280178837556,0.695021600926965,0.8987400839944004,0.8352124891587164,0.9727272727272728,0.9448916127621019
XGB,0.7204956394069688,0.7534676327370846,0.7044520142880799,0.7882173692229558,0.7633714685464065,"{'max_depth': 3, 'learning_rate': 0.01, 'n_estimators': 100}","['mfcc_6', 'mfcc_5', 'mfcc_11', 'wav_detail_lvl5_std', 'mfcc_10', 'wav_detail_lvl3_std']",0.5681381957773513,0.6948356807511737,0.4805194805194805,0.6367810628569227,0.6951788491446346,0.7268292682926829,0.6661698956780924,0.7031346680747322,0.8981698732989207,0.838737949167397,0.9666666666666667,0.9501986747075645
XGB,0.7203707170069965,0.7231482380478363,0.725547433744155,0.7856780091416963,0.7846490913710724,"{'max_depth': 5, 'learning_rate': 0.1, 'n_estimators': 100}","['mfcc_6', 'mfcc_3', 'mfcc_5', 'mfcc_11', 'mfcc_8', 'wav_detail_lvl3_std']",0.5714285714285714,0.5371428571428571,0.6103896103896104,0.6218458635616675,0.6655656482246077,0.7462962962962963,0.6005961251862891,0.7561639940449136,0.9241179313678105,0.8860055607043559,0.9656565656565657,0.9759374165066361
XGB,0.7203613903675011,0.7495913875289827,0.7056769884638737,0.7897409852717115,0.7617016800047836,"{'max_depth': 3, 'learning_rate': 0.01, 'n_estimators': 100}","['mfcc_6', 'mfcc_5', 'wav_detail_lvl5_std', 'mfcc_8', 'wav_detail_lvl3_std', 'zcr_mean']",0.5578747628083491,0.6712328767123288,0.4772727272727273,0.6469867589288233,0.703962703962704,0.7353896103896104,0.6751117734724292,0.708508476665449,0.89924670433145,0.8421516754850088,0.9646464646464646,0.9296098044200781
XGB,0.7203565030266099,0.7262954546501422,0.7191477617707127,0.7805992889791773,0.7905727831546331,"{'max_depth': 3, 'learning_rate': 0.1, 'n_estimators': 100}","['mfcc_3', 'mfcc_5', 'wav_detail_lvl5_std', 'mfcc_10', 'wav_detail_lvl3_std', 'zcr_mean', 'spec_centroid']",0.5899513776337115,0.5889967637540453,0.5909090909090909,0.662298423796656,0.666127728375101,0.7279151943462897,0.6140089418777943,0.7468627904775994,0.9049904030710173,0.8619744058500914,0.9525252525252526,0.962557135189644
XGB,0.7203478398669692,0.7359634409818345,0.7130414212381425,0.7780599288979178,0.7623597172463956,"{'max_depth': 3, 'learning_rate': 0.01, 'n_estimators': 100}","['mfcc_3', 'mfcc_11', 'wav_detail_lvl5_std', 'mfcc_8', 'mfcc_10', 'wav_detail_lvl3_std']",0.6095890410958904,0.644927536231884,0.577922077922078,0.6678650970971453,0.6584967320261438,0.72875226039783,0.6005961251862891,0.6855618975745528,0.8929577464788733,0.8342105263157895,0.9606060606060606,0.9336521570674885
XGB,0.7202916562985368,0.7476892681397764,0.7064722163082818,0.7912646013204673,0.7598300647322117,"{'max_depth': 3, 'learning_rate': 0.01, 'n_estimators': 100}","['mfcc_5', 'mfcc_11', 'wav_detail_lvl5_std', 'mfcc_8', 'zcr_mean', 'spec_centroid']",0.5553470919324578,0.6577777777777778,0.4805194805194805,0.6192748593435892,0.7017268445839875,0.7412935323383084,0.6661698956780924,0.7053099721778661,0.9038010323791648,0.8439964943032428,0.9727272727272728,0.9549053626751801
XGB,0.7202706422222743,0.7356902511449886,0.7118326118326118,0.7861858811579482,0.7831010681215206,"{'max_depth': 3, 'learning_rate': 0.1, 'n_estimators': 100}","['mfcc_6', 'mfcc_3', 'wav_detail_lvl5_std', 'mfcc_10', 'wav_detail_lvl3_std', 'zcr_mean']",0.5734265734265734,0.6212121212121212,0.5324675324675324,0.6552264405443962,0.6815642458100558,0.7336769759450171,0.6363636363636364,0.7404096549528245,0.9058211074301941,0.8521816562778273,0.9666666666666667,0.9536671088673411
XGB,0.7202209276809631,0.7426252725842328,0.7086785103178546,0.776536312849162,0.7621982457823412,"{'max_depth': 5, 'learning_rate': 0.01, 'n_estimators': 100}","['mfcc_6', 'mfcc_3', 'mfcc_11', 'spec_centroid']",0.61101243339254,0.6745098039215687,0.5584415584415584,0.6305573551430633,0.6666666666666666,0.7334525939177102,0.6110283159463488,0.7016473330239724,0.882983682983683,0.8199134199134199,0.9565656565656566,0.9543900491799879
XGB,0.7202185637189294,0.7266948896820051,0.7185772636592308,0.7841543930929405,0.7678599841711446,"{'max_depth': 5, 'learning_rate': 0.1, 'n_estimators': 100}","['mfcc_6', 'mfcc_3', 'mfcc_11', 'wav_detail_lvl5_std', 'mfcc_10']",0.5756097560975609,0.5765472312703583,0.5746753246753247,0.6193812074659962,0.6742118027485853,0.7367491166077739,0.6214605067064084,0.7192099519321425,0.9108341323106424,0.8667883211678832,0.9595959595959596,0.9649887931152951
XGB,0.7201602143271503,0.7451506992126796,0.7067450460893084,0.7851701371254444,0.7721738780487355,"{'max_depth': 3, 'learning_rate': 0.1, 'n_estimators': 50}","['mfcc_6', 'wav_detail_lvl5_std', 'mfcc_8', 'zcr_mean', 'spec_centroid']",0.567219152854512,0.6553191489361702,0.5,0.647654131391378,0.7045813586097947,0.7495798319327731,0.6646795827123696,0.7209248183345444,0.8886801315171442,0.8305531167690957,0.9555555555555556,0.9479426844202842
XGB,0.7201571264676896,0.7222599566996304,0.7251610563085973,0.7836465210766886,0.7934449784424146,"{'max_depth': 5, 'learning_rate': 0.1, 'n_estimators': 100}","['mfcc_6', 'mfcc_3', 'mfcc_5', 'mfcc_11', 'wav_detail_lvl5_std', 'mfcc_8', 'wav_detail_lvl3_std', 'spec_centroid']",0.5714285714285714,0.5371428571428571,0.6103896103896104,0.6306938728680672,0.6710418375717802,0.7463503649635036,0.6095380029806259,0.7705027529451639,0.9180009704027171,0.8832866479925303,0.9555555555555556,0.9791383095140125
XGB,0.7201365266568428,0.7303525369526259,0.7161091792239334,0.7836465210766886,0.8020237787602981,"{'max_depth': 3, 'learning_rate': 0.1, 'n_estimators': 100}","['mfcc_6', 'mfcc_5', 'mfcc_11', 'wav_detail_lvl3_std', 'spec_centroid']",0.5823627287853578,0.5972696245733788,0.5681818181818182,0.6716125805598342,0.6715447154471544,0.738819320214669,0.6154992548435171,0.762264444702587,0.9065021357380162,0.8549686660698299,0.9646464646464646,0.9721943110184726
XGB,0.7201355556390651,0.7514421990538983,0.7045955259070014,0.7877094972067039,0.7623671796399938,"{'max_depth': 3, 'learning_rate': 0.01, 'n_estimators': 100}","['mfcc_6', 'mfcc_5', 'mfcc_11', 'wav_detail_lvl5_std', 'mfcc_8', 'mfcc_10', 'wav_detail_lvl3_std']",0.5648854961832062,0.6851851851851852,0.4805194805194805,0.6407220648353391,0.6998444790046656,0.7317073170731707,0.6706408345752608,0.7107811371241151,0.8956766917293233,0.8374340949033392,0.9626262626262626,0.9355983369605273
XGB,0.7201082339055493,0.7371968591480788,0.710271331582807,0.7917724733367192,0.7900195351943228,"{'max_depth': 3, 'learning_rate': 0.1, 'n_estimators': 100}","['mfcc_6', 'mfcc_3', 'mfcc_11', 'wav_detail_lvl5_std', 'mfcc_8', 'mfcc_10', 'wav_detail_lvl3_std', 'zcr_mean', 'spec_centroid']",0.5477477477477477,0.6153846153846154,0.4935064935064935,0.651997269266708,0.6998444790046656,0.7317073170731707,0.6706408345752608,0.7449721478619871,0.9127324749642346,0.8644986449864499,0.9666666666666667,0.9730891884542733
XGB,0.7200783914993029,0.7324181393795516,0.7124216402904927,0.7877094972067039,0.7742724937356081,"{'max_depth': 3, 'learning_rate': 0.1, 'n_estimators': 50}","['mfcc_5', 'mfcc_11', 'wav_detail_lvl5_std', 'mfcc_8', 'mfcc_10', 'wav_detail_lvl3_std', 'zcr_mean']",0.5594405594405595,0.6060606060606061,0.5194805194805194,0.6347493253624733,0.6905689789555729,0.7238562091503268,0.6602086438152012,0.7172817645945767,0.9102256361017763,0.8673376029277219,0.9575757575757575,0.9707863912497745
XGB,0.7200564239746647,0.73886503737732,0.7107850558670231,0.7836465210766886,0.7759218820013993,"{'max_depth': 3, 'learning_rate': 0.01, 'n_estimators': 100}","['mfcc_6', 'mfcc_5', 'mfcc_11', 'mfcc_10', 'wav_detail_lvl3_std', 'zcr_mean', 'spec_centroid']",0.583916083916084,0.6325757575757576,0.5422077922077922,0.6530092826376631,0.6791530944625407,0.748653500897666,0.6214605067064084,0.7225113169337745,0.8971000935453695,0.8353658536585366,0.9686868686868687,0.9522450464327602
XGB,0.7200303146622572,0.7491286135697823,0.7052862741387331,0.7877094972067039,0.750099418177189,"{'max_depth': 3, 'learning_rate': 0.01, 'n_estimators': 100}","['mfcc_5', 'wav_detail_lvl5_std']",0.5660377358490566,0.6756756756756757,0.487012987012987,0.6276275650180126,0.6964006259780907,0.7331136738056013,0.6631892697466468,0.6959828965437154,0.8976525821596244,0.8385964912280702,0.9656565656565657,0.9266877929698389
XGB,0.7200165474535661,0.747947853226437,0.7056777769892525,0.7882173692229558,0.7582636416715397,"{'max_depth': 3, 'learning_rate': 0.01, 'n_estimators': 100}","['mfcc_5', 'mfcc_11', 'wav_detail_lvl5_std', 'zcr_mean']",0.5612052730696798,0.6681614349775785,0.4837662337662338,0.6269927295369251,0.7014809041309431,0.7352941176470589,0.6706408345752608,0.6963919458922011,0.8973634651600754,0.8403880070546738,0.9626262626262626,0.9514062495854927
XGB,0.7199678470955067,0.7474975394975395,0.7059797822092904,0.7907567293042154,0.7475811351003362,"{'max_depth': 3, 'learning_rate': 0.01, 'n_estimators': 100}","['mfcc_6', 'mfcc_5', 'wav_detail_lvl5_std', 'mfcc_8', 'mfcc_10', 'spec_centroid']",0.5492424242424242,0.6590909090909091,0.4707792207792208,0.6254038076559827,0.7104247104247104,0.7371794871794872,0.6855439642324889,0.6830823606870582,0.9002364066193853,0.8462222222222222,0.9616161616161616,0.9342572369579678
XGB,0.719949333338436,0.7316735711283776,0.7147615893517533,0.7831386490604367,0.7535391730090377,"{'max_depth': 3, 'learning_rate': 0.01, 'n_estimators': 100}","['mfcc_6', 'mfcc_5', 'mfcc_8', 'mfcc_10', 'wav_detail_lvl3_std']",0.5815126050420169,0.6027874564459931,0.5616883116883117,0.6499494297631477,0.6758732737611698,0.7428571428571429,0.6199701937406855,0.695666921060595,0.9024621212121212,0.8493761140819964,0.9626262626262626,0.9150011682033706
XGB,0.7199289454519467,0.7387202585600838,0.7094717668488161,0.7902488572879635,0.7703163851787044,"{'max_depth': 3, 'learning_rate': 0.01, 'n_estimators': 100}","['mfcc_5', 'mfcc_11', 'mfcc_8', 'wav_detail_lvl3_std', 'zcr_mean', 'spec_centroid']",0.555956678700361,0.6260162601626016,0.5,0.6229469051485811,0.6938775510204082,0.7330016583747927,0.6587183308494784,0.7331724064108436,0.909952606635071,0.8571428571428571,0.9696969696969697,0.9548298439766886
XGB,0.7199210760266516,0.7363178534090423,0.7111592111592112,0.7851701371254444,0.7640594769819343,"{'max_depth': 3, 'learning_rate': 0.01, 'n_estimators': 100}","['mfcc_6', 'mfcc_5', 'mfcc_8', 'wav_detail_lvl3_std', 'spec_centroid']",0.5734265734265734,0.6212121212121212,0.5324675324675324,0.658035141363915,0.6853932584269663,0.7426086956521739,0.6363636363636364,0.7021229195226653,0.9009433962264151,0.8451327433628318,0.9646464646464646,0.9320203700592226
XGB,0.7198869592116622,0.7368287158484508,0.7103781767716194,0.7887252412392077,0.7906119681682298,"{'max_depth': 3, 'learning_rate': 0.1, 'n_estimators': 50}","['mfcc_6', 'mfcc_5', 'mfcc_11', 'wav_detail_lvl5_std', 'mfcc_8', 'mfcc_10', 'wav_detail_lvl3_std', 'spec_centroid']",0.5577264653641207,0.615686274509804,0.5097402597402597,0.6604480899434544,0.6962025316455697,0.7419898819561551,0.6557377049180327,0.7365512911831174,0.9057318806252961,0.8528099910793934,0.9656565656565657,0.9748365233781177
XGB,0.7198720176444109,0.7502791737121951,0.7047887146247801,0.7887252412392077,0.77748143338181,"{'max_depth': 3, 'learning_rate': 0.01, 'n_estimators': 100}","['mfcc_3', 'mfcc_5', 'wav_detail_lvl5_std', 'mfcc_8', 'wav_detail_lvl3_std', 'zcr_mean', 'spec_centroid']",0.5627376425855514,0.6788990825688074,0.4805194805194805,0.6532384631039702,0.6973478939157566,0.7315875613747954,0.6661698956780924,0.7271948889229782,0.8995305164319248,0.8403508771929824,0.9676767676767677,0.9520109481184815
XGB,0.7198601292197261,0.7383590615733473,0.7089470032092983,0.787201625190452,0.7964321269200753,"{'max_depth': 3, 'learning_rate': 0.1, 'n_estimators': 50}","['mfcc_3', 'mfcc_5', 'wav_detail_lvl5_std', 'zcr_mean', 'spec_centroid']",0.5583941605839416,0.6375,0.4967532467532468,0.6744369006198357,0.6972477064220184,0.7158555729984302,0.6795827123695977,0.7460060435418667,0.9039385206532181,0.8617216117216118,0.9505050505050505,0.9688534365985231
XGB,0.7197660338580413,0.7497893194288893,0.7048600761715517,0.7892331132554596,0.7626683642258673,"{'max_depth': 3, 'learning_rate': 0.01, 'n_estimators': 100}","['mfcc_6', 'mfcc_5', 'wav_detail_lvl5_std', 'mfcc_8', 'wav_detail_lvl3_std', 'spec_centroid']",0.5578747628083491,0.6712328767123288,0.4772727272727273,0.6476231669324586,0.7036747458952306,0.7401315789473685,0.6706408345752608,0.7066686965778178,0.8977485928705441,0.8380035026269702,0.9666666666666667,0.9337132291673251
XGB,0.7196895128304668,0.7315747252581177,0.7147947074176582,0.7841543930929405,0.7703305584492187,"{'max_depth': 3, 'learning_rate': 0.01, 'n_estimators': 100}","['mfcc_6', 'mfcc_3', 'mfcc_5', 'mfcc_8', 'mfcc_10', 'wav_detail_lvl3_std', 'zcr_mean']",0.5805369127516778,0.6006944444444444,0.5616883116883117,0.6556350031177233,0.6721044045676998,0.7423423423423423,0.6140089418777943,0.7141004120989487,0.9064272211720227,0.8516873889875666,0.9686868686868687,0.9412562601309838
XGB,0.7196402725655268,0.7327329464535888,0.7120482735236834,0.7846622651091925,0.7887933747740622,"{'max_depth': 3, 'learning_rate': 0.1, 'n_estimators': 100}","['mfcc_5', 'mfcc_11', 'wav_detail_lvl5_std', 'mfcc_10', 'wav_detail_lvl3_std', 'zcr_mean']",0.5729166666666666,0.6156716417910447,0.5357142857142857,0.6482954151514435,0.680379746835443,0.7251264755480608,0.6408345752608048,0.7560418565761828,0.9056244041944709,0.8574007220216606,0.9595959595959596,0.9620428525945605
XGB,0.7195793671787593,0.7503785117355176,0.7044346667297487,0.7892331132554596,0.7770849399597309,"{'max_depth': 3, 'learning_rate': 0.01, 'n_estimators': 100}","['mfcc_3', 'mfcc_5', 'wav_detail_lvl5_std', 'mfcc_8', 'mfcc_10', 'wav_detail_lvl3_std', 'spec_centroid']",0.5583173996175909,0.6790697674418604,0.474025974025974,0.6466154329566512,0.7002323780015491,0.7290322580645161,0.6736214605067065,0.7309993136015979,0.9001883239171374,0.8430335097001763,0.9656565656565657,0.9536400733209439
XGB,0.7195662957122838,0.7415239313387462,0.7074905968348592,0.7851701371254444,0.7811650023357823,"{'max_depth': 3, 'learning_rate': 0.1, 'n_estimators': 50}","['mfcc_6', 'wav_detail_lvl5_std', 'zcr_mean']",0.5626134301270418,0.6378600823045267,0.5032467532467533,0.6594178087723856,0.7062549485352335,0.7533783783783784,0.6646795827123696,0.738649039112432,0.8898305084745762,0.8333333333333334,0.9545454545454546,0.9454281591225296
XGB,0.7195353343104619,0.7391719589438853,0.7085696938155954,0.7917724733367192,0.7775174031025459,"{'max_depth': 3, 'learning_rate': 0.1, 'n_estimators': 50}","['mfcc_6', 'mfcc_5', 'wav_detail_lvl5_std', 'mfcc_8', 'mfcc_10', 'zcr_mean']",0.5421245421245421,0.6218487394957983,0.4805194805194805,0.6484801118668709,0.708430007733952,0.7363344051446945,0.6825633383010432,0.728395970070038,0.9080514530728918,0.8593327321911632,0.9626262626262626,0.9556761273707286
XGB,0.719506640719976,0.7295768686749488,0.7149390075619584,0.7821229050279329,0.7777042182141148,"{'max_depth': 3, 'learning_rate': 0.1, 'n_estimators': 100}","['mfcc_6', 'mfcc_3', 'mfcc_5', 'mfcc_11', 'mfcc_10']",0.587248322147651,0.6076388888888888,0.5681818181818182,0.6342092767898918,0.6645161290322581,0.7240773286467487,0.6140089418777943,0.7369833370619991,0.9067554709800191,0.8570143884892086,0.9626262626262626,0.9619200407904539
XGB,0.7194903014567867,0.7491175151450399,0.7046834464867251,0.7887252412392077,0.7675904471423479,"{'max_depth': 3, 'learning_rate': 0.01, 'n_estimators': 100}","['mfcc_6', 'mfcc_5', 'wav_detail_lvl5_std', 'mfcc_8', 'wav_detail_lvl3_std', 'zcr_mean', 'spec_centroid']",0.5578747628083491,0.6712328767123288,0.4772727272727273,0.647174694091569,0.7030397505845675,0.7369281045751634,0.6721311475409836,0.7122886749478674,0.8975563909774437,0.8391915641476274,0.9646464646464646,0.9433079723876076
XGB,0.7194834435846588,0.7343460388691233,0.7117636158619766,0.7811071609954292,0.776198930056028,"{'max_depth': 5, 'learning_rate': 0.01, 'n_estimators': 100}","['mfcc_6', 'mfcc_5', 'mfcc_11', 'wav_detail_lvl3_std']",0.5906735751295337,0.6309963099630996,0.5551948051948052,0.6442044781923649,0.6688154713940371,0.7280701754385965,0.6184798807749627,0.7239133115728363,0.898961284230406,0.8439716312056738,0.9616161616161616,0.9604790004028829
XGB,0.7194511170391474,0.7281887727108604,0.7177071259038472,0.7805992889791773,0.7925371902290387,"{'max_depth': 3, 'learning_rate': 0.1, 'n_estimators': 100}","['mfcc_6', 'mfcc_5', 'mfcc_11', 'mfcc_10', 'wav_detail_lvl3_std', 'zcr_mean']",0.591869918699187,0.5928338762214984,0.5909090909090909,0.6624384769831796,0.662828947368421,0.7394495412844037,0.6005961251862891,0.7459339677872436,0.9036544850498339,0.8522829006266786,0.9616161616161616,0.969239125916693
XGB,0.7194510183999685,0.7322941926216009,0.7124902419984386,0.7851701371254444,0.7903745765790547,"{'max_depth': 3, 'learning_rate': 0.1, 'n_estimators': 100}","['mfcc_6', 'mfcc_3', 'mfcc_5', 'wav_detail_lvl5_std', 'mfcc_10', 'zcr_mean', 'spec_centroid']",0.5714285714285714,0.608058608058608,0.538961038961039,0.6568678778039382,0.6805111821086262,0.7332185886402753,0.6348733233979136,0.7508838707722457,0.9064133016627078,0.8556053811659193,0.9636363636363636,0.9633719811609806
XGB,0.7194339835206213,0.757467321594231,0.7022145735260489,0.7897409852717115,0.7655975918613273,"{'max_depth': 3, 'learning_rate': 0.01, 'n_estimators': 100}","['mfcc_5', 'mfcc_11', 'wav_detail_lvl5_std', 'mfcc_8', 'wav_detail_lvl3_std', 'spec_centroid']",0.5596868884540117,0.7044334975369458,0.4642857142857143,0.6350468920566519,0.7003891050583657,0.7328990228013029,0.6706408345752608,0.7048366389138366,0.8982259570494865,0.8350694444444444,0.9717171717171718,0.9569092446134935
XGB,0.7194039421050361,0.7481894231491601,0.7051585330273854,0.7902488572879635,0.7548331766250991,"{'max_depth': 3, 'learning_rate': 0.01, 'n_estimators': 100}","['mfcc_5', 'mfcc_11', 'wav_detail_lvl5_std', 'mfcc_8', 'mfcc_10', 'zcr_mean', 'spec_centroid']",0.5574387947269304,0.6636771300448431,0.4805194805194805,0.6040844075322943,0.6976377952755906,0.7395659432387313,0.6602086438152012,0.7033945654359688,0.9031352363125877,0.8413251961639059,0.9747474747474747,0.9570205569070345
XGB,0.7194039421050361,0.7481894231491601,0.7051585330273854,0.7902488572879635,0.7540379338766531,"{'max_depth': 3, 'learning_rate': 0.01, 'n_estimators': 100}","['mfcc_5', 'mfcc_11', 'wav_detail_lvl5_std', 'mfcc_8', 'mfcc_10', 'spec_centroid']",0.5574387947269304,0.6636771300448431,0.4805194805194805,0.6042734467764781,0.6976377952755906,0.7395659432387313,0.6602086438152012,0.7040256932106295,0.9031352363125877,0.8413251961639059,0.9747474747474747,0.9538146616428518
XGB,0.7193589383517104,0.7306049669594709,0.7147059983125557,0.7846622651091925,0.7736275364674597,"{'max_depth': 3, 'learning_rate': 0.01, 'n_estimators': 100}","['mfcc_6', 'mfcc_3', 'mfcc_5', 'mfcc_8', 'wav_detail_lvl3_std', 'zcr_mean']",0.576214405360134,0.5951557093425606,0.5584415584415584,0.6600056394412258,0.6737184703010578,0.7419354838709677,0.61698956780924,0.7156809335557751,0.9081439393939394,0.8547237076648841,0.9686868686868687,0.9451960364053785
XGB,0.7192690622476134,0.7326639811308148,0.7129337875239514,0.7826307770441848,0.7653449627647618,"{'max_depth': 3, 'learning_rate': 0.01, 'n_estimators': 100}","['mfcc_6', 'mfcc_5', 'mfcc_8', 'mfcc_10', 'wav_detail_lvl3_std', 'zcr_mean', 'spec_centroid']",0.5816326530612245,0.6107142857142858,0.5551948051948052,0.6523601829250825,0.6753246753246753,0.7415329768270945,0.6199701937406855,0.7134944391447378,0.9008498583569405,0.8457446808510638,0.9636363636363636,0.9301802662244653
XGB,0.7192530787460969,0.7507674054977578,0.7037951726476317,0.7877094972067039,0.742829055280232,"{'max_depth': 3, 'learning_rate': 0.01, 'n_estimators': 100}","['mfcc_5', 'wav_detail_lvl5_std', 'mfcc_8', 'zcr_mean']",0.5638095238095238,0.6820276497695853,0.4805194805194805,0.6219444755179038,0.696945967110415,0.7343234323432343,0.6631892697466468,0.6847732553553213,0.897003745318352,0.8359511343804538,0.9676767676767677,0.9217694349674714
XGB,0.7192475393834704,0.7228245799231363,0.7209621586670766,0.7745048247841544,0.7831315699764073,"{'max_depth': 3, 'learning_rate': 0.1, 'n_estimators': 100}","['mfcc_3', 'mfcc_5', 'mfcc_10', 'wav_detail_lvl3_std', 'spec_centroid']",0.6066350710900474,0.5907692307692308,0.6233766233766234,0.6598357113544567,0.6541903986981286,0.7204301075268817,0.5991058122205664,0.7342896446689491,0.896917148362235,0.8572744014732965,0.9404040404040404,0.955269353905816
XGB,0.7191823953904498,0.7261250405348493,0.7184668701062144,0.7856780091416963,0.7700011314747947,"{'max_depth': 5, 'learning_rate': 0.1, 'n_estimators': 50}","['mfcc_6', 'mfcc_3', 'mfcc_11', 'mfcc_8', 'mfcc_10', 'wav_detail_lvl3_std', 'spec_centroid']",0.5700483091787439,0.5654952076677316,0.5746753246753247,0.6098355224755413,0.6710310965630114,0.7441016333938294,0.6110283159463488,0.7283014789274523,0.9164677804295943,0.8687782805429864,0.9696969696969697,0.9718663930213901
XGB,0.7191678387345791,0.73165415456325,0.713342637932802,0.7821229050279329,0.7613761286061734,"{'max_depth': 3, 'learning_rate': 0.01, 'n_estimators': 100}","['mfcc_6', 'mfcc_5', 'mfcc_8', 'mfcc_10', 'wav_detail_lvl3_std', 'zcr_mean']",0.5820642978003384,0.607773851590106,0.5584415584415584,0.6527129086768225,0.6747769667477697,0.7402135231316725,0.6199701937406855,0.7065339965765938,0.9006622516556292,0.8469750889679716,0.9616161616161616,0.924881480565104
XGB,0.7191164718385837,0.7463518644755703,0.7049684984111213,0.7831386490604367,0.7618834097539421,"{'max_depth': 3, 'learning_rate': 0.01, 'n_estimators': 100}","['mfcc_6', 'wav_detail_lvl5_std', 'mfcc_8', 'mfcc_10', 'wav_detail_lvl3_std', 'zcr_mean', 'spec_centroid']",0.5777777777777777,0.6724137931034483,0.5064935064935064,0.6512103149292151,0.6894360603653693,0.7380952380952381,0.646795827123696,0.7003937248189448,0.8901355773726041,0.8285465622280244,0.9616161616161616,0.9340461895136666
XGB,0.7191098856006964,0.741784739885842,0.7067773756298346,0.7877094972067039,0.7997719552365594,"{'max_depth': 3, 'learning_rate': 0.1, 'n_estimators': 50}","['mfcc_6', 'mfcc_5', 'mfcc_11', 'wav_detail_lvl5_std', 'wav_detail_lvl3_std', 'zcr_mean']",0.5608856088560885,0.6495726495726496,0.4935064935064935,0.6788031044028584,0.6926070038910506,0.7247557003257329,0.6631892697466468,0.7526241056821111,0.9038370440549502,0.8510258697591436,0.9636363636363636,0.9678886556247087
XGB,0.719102303900498,0.7499850078701096,0.7039378957411744,0.7887252412392077,0.7772139523179474,"{'max_depth': 3, 'learning_rate': 0.01, 'n_estimators': 100}","['mfcc_3', 'mfcc_5', 'wav_detail_lvl5_std', 'mfcc_8', 'mfcc_10', 'wav_detail_lvl3_std', 'zcr_mean', 'spec_centroid']",0.5583173996175909,0.6790697674418604,0.474025974025974,0.646113325216104,0.6992248062015504,0.72859450726979,0.6721311475409836,0.7320836270758766,0.8997647058823529,0.8422907488986784,0.9656565656565657,0.953444904661862
XGB,0.7190957492968139,0.7452262078120201,0.7053592127362619,0.7851701371254444,0.7704199891703136,"{'max_depth': 3, 'learning_rate': 0.1, 'n_estimators': 50}","['mfcc_6', 'mfcc_3', 'wav_detail_lvl5_std', 'mfcc_8', 'zcr_mean']",0.5677179962894249,0.6623376623376623,0.4967532467532468,0.6610466148823211,0.6966115051221434,0.7391304347826086,0.6587183308494784,0.7053043643534351,0.8929577464788733,0.8342105263157895,0.9606060606060606,0.9449089882751847
XGB,0.7190820677123714,0.7304435166668736,0.7140318091137763,0.7851701371254444,0.7737706909919279,"{'max_depth': 3, 'learning_rate': 0.01, 'n_estimators': 100}","['mfcc_6', 'mfcc_3', 'mfcc_5', 'mfcc_8', 'wav_detail_lvl3_std', 'zcr_mean', 'spec_centroid']",0.5723905723905723,0.5944055944055944,0.551948051948052,0.6581631001897537,0.6758508914100486,0.7406749555950266,0.6214605067064084,0.7168829823244965,0.9090047393364928,0.85625,0.9686868686868687,0.9462659904615329
XGB,0.7190776369037439,0.7486140136077329,0.7043633051829774,0.7887252412392077,0.7654460690496482,"{'max_depth': 3, 'learning_rate': 0.01, 'n_estimators': 100}","['mfcc_6', 'mfcc_5', 'wav_detail_lvl5_std', 'mfcc_8', 'mfcc_10', 'wav_detail_lvl3_std', 'zcr_mean', 'spec_centroid']",0.5578747628083491,0.6712328767123288,0.4772727272727273,0.6409658749506478,0.6999220576773187,0.7336601307189542,0.669150521609538,0.7111588402205768,0.8994360902255639,0.8409490333919156,0.9666666666666667,0.9442134919777201
XGB,0.7190776369037439,0.7486140136077329,0.7043633051829774,0.7887252412392077,0.7607191983531099,"{'max_depth': 3, 'learning_rate': 0.01, 'n_estimators': 100}","['mfcc_6', 'mfcc_5', 'wav_detail_lvl5_std', 'mfcc_8', 'mfcc_10', 'wav_detail_lvl3_std', 'spec_centroid']",0.5578747628083491,0.6712328767123288,0.4772727272727273,0.6417753383361848,0.6999220576773187,0.7336601307189542,0.669150521609538,0.70629184738949,0.8994360902255639,0.8409490333919156,0.9666666666666667,0.9340904093336548
XGB,0.719075909237429,0.7257012196860931,0.715320653845244,0.7775520568816658,0.7836536228768223,"{'max_depth': 3, 'learning_rate': 0.1, 'n_estimators': 100}","['mfcc_5', 'wav_detail_lvl3_std', 'spec_centroid']",0.59,0.6061643835616438,0.5746753246753247,0.6545463039515033,0.6682427107959023,0.7090301003344481,0.6318926974664679,0.7433271032781639,0.8989850169163848,0.8619091751621872,0.9393939393939394,0.9530874614007998
XGB,0.7190525581104884,0.7448046332558418,0.705836270590369,0.7912646013204673,0.7690294912930034,"{'max_depth': 3, 'learning_rate': 0.1, 'n_estimators': 50}","['mfcc_6', 'mfcc_3', 'mfcc_5', 'wav_detail_lvl5_std', 'mfcc_8']",0.5471698113207547,0.6531531531531531,0.4707792207792208,0.6426974077724144,0.7025365103766333,0.7253968253968254,0.6810730253353204,0.7011246807988311,0.9074513526340768,0.855863921217547,0.9656565656565657,0.9632663853077645
XGB,0.7190475553090466,0.7339962502666476,0.713251168988874,0.7795835449466735,0.7686018240982205,"{'max_depth': 3, 'learning_rate': 0.01, 'n_estimators': 100}","['mfcc_3', 'mfcc_11', 'wav_detail_lvl5_std', 'mfcc_10', 'wav_detail_lvl3_std']",0.6013513513513513,0.6267605633802817,0.577922077922078,0.673317077805667,0.6578512396694215,0.738404452690167,0.5931445603576752,0.6986558696722631,0.8979400749063671,0.8368237347294939,0.9686868686868687,0.9338325248167316
XGB,0.7190143139617783,0.7515699360806846,0.7034403362272214,0.7897409852717115,0.7368467035490177,"{'max_depth': 3, 'learning_rate': 0.01, 'n_estimators': 100}","['mfcc_5', 'wav_detail_lvl5_std', 'mfcc_8', 'mfcc_10', 'zcr_mean']",0.5538461538461539,0.6792452830188679,0.4675324675324675,0.6014042713229164,0.7045101088646968,0.7365853658536585,0.6751117734724292,0.6843195374664923,0.8986866791744841,0.8388791593695272,0.9676767676767677,0.9248163018576447
XGB,0.7190041529088348,0.7321539271237594,0.7110216134806299,0.7826307770441848,0.7768174954162265,"{'max_depth': 3, 'learning_rate': 0.1, 'n_estimators': 100}","['mfcc_3', 'mfcc_5', 'wav_detail_lvl5_std', 'mfcc_10', 'wav_detail_lvl3_std']",0.5759162303664922,0.6226415094339622,0.5357142857142857,0.6463102953480702,0.6781789638932496,0.7164179104477612,0.6438152011922503,0.727346805715674,0.9029172644667623,0.857402361489555,0.9535353535353536,0.9567953851849352
XGB,0.7189729795288101,0.7509329840451038,0.7032818426261049,0.7866937531742001,0.7643076319800973,"{'max_depth': 3, 'learning_rate': 0.01, 'n_estimators': 100}","['mfcc_6', 'mfcc_5', 'mfcc_11', 'wav_detail_lvl5_std', 'mfcc_8', 'wav_detail_lvl3_std']",0.5648854961832062,0.6851851851851852,0.4805194805194805,0.6456213105843349,0.6974198592650508,0.7335526315789473,0.6646795827123696,0.7114895422440392,0.8946135831381733,0.834061135371179,0.9646464646464646,0.935812043111918
XGB,0.7189668134351317,0.723242149712738,0.7174579518841814,0.7902488572879635,0.7855478781749131,"{'max_depth': 5, 'learning_rate': 0.1, 'n_estimators': 100}","['mfcc_6', 'mfcc_3', 'mfcc_11', 'mfcc_8', 'mfcc_10', 'wav_detail_lvl3_std', 'zcr_mean']",0.5407166123778502,0.5424836601307189,0.538961038961039,0.6252159723696423,0.6904196357878069,0.7364864864864865,0.6497764530551415,0.757962670167125,0.925764192139738,0.8907563025210085,0.9636363636363636,0.9734649919879721
XGB,0.7189105961936493,0.7374097449021138,0.7092608363100167,0.7826307770441848,0.7759038128324565,"{'max_depth': 5, 'learning_rate': 0.01, 'n_estimators': 100}","['mfcc_6', 'mfcc_3', 'mfcc_11', 'wav_detail_lvl5_std', 'mfcc_8', 'zcr_mean', 'spec_centroid']",0.5809859154929577,0.6346153846153846,0.5357142857142857,0.6301892995886506,0.6790322580645162,0.7398945518453427,0.6274217585692996,0.7303767602859143,0.8967136150234741,0.8377192982456141,0.9646464646464646,0.9671453786228046
XGB,0.718897450656257,0.7359567307673313,0.7106257737405279,0.7821229050279329,0.7616230982624389,"{'max_depth': 3, 'learning_rate': 0.01, 'n_estimators': 100}","['mfcc_6', 'mfcc_5', 'mfcc_11', 'mfcc_10', 'wav_detail_lvl3_std']",0.58578856152513,0.6282527881040892,0.5487012987012987,0.6469819457177629,0.6726384364820847,0.7414721723518851,0.6154992548435171,0.7040810672420195,0.8982653539615565,0.8381452318460193,0.9676767676767677,0.9338062818275346
XGB,0.7188862383725595,0.7322524535944931,0.7120987391479195,0.7846622651091925,0.7766749492885167,"{'max_depth': 3, 'learning_rate': 0.1, 'n_estimators': 100}","['mfcc_6', 'mfcc_3', 'mfcc_11', 'wav_detail_lvl5_std', 'mfcc_8', 'mfcc_10']",0.5728987993138936,0.6072727272727273,0.5422077922077922,0.6347132624286486,0.677938808373591,0.7373029772329247,0.6274217585692996,0.7236482917325002,0.9058211074301941,0.8521816562778273,0.9666666666666667,0.9716632937044014
XGB,0.718879225701392,0.7452334697809048,0.7057436188583729,0.7826307770441848,0.7390277212056663,"{'max_depth': 3, 'learning_rate': 0.01, 'n_estimators': 50}","['mfcc_6', 'mfcc_3', 'mfcc_5', 'mfcc_11']",0.5923217550274223,0.6778242677824268,0.525974025974026,0.6055901561610999,0.6661290322580645,0.7258347978910369,0.6154992548435171,0.6807116163058664,0.898186889818689,0.8320413436692506,0.9757575757575757,0.9307813911500323
XGB,0.7188771095856104,0.7378069108438078,0.708389515766565,0.7897409852717115,0.7709530800474861,"{'max_depth': 3, 'learning_rate': 0.01, 'n_estimators': 100}","['mfcc_5', 'mfcc_11', 'mfcc_8', 'wav_detail_lvl3_std', 'spec_centroid']",0.5533453887884268,0.6244897959183674,0.4967532467532468,0.6230095399579679,0.6933333333333334,0.7317880794701986,0.6587183308494784,0.7336486342497884,0.909952606635071,0.8571428571428571,0.9696969696969697,0.9562010659347022
XGB,0.7188267883311267,0.7268712969708478,0.7151530922022724,0.7836465210766886,0.7546260969644125,"{'max_depth': 5, 'learning_rate': 0.1, 'n_estimators': 100}","['mfcc_3', 'mfcc_11', 'mfcc_10', 'wav_detail_lvl3_std']",0.5723793677204659,0.5870307167235495,0.5584415584415584,0.6163711478293228,0.6741393114491593,0.7283737024221453,0.6274217585692996,0.6967684998195012,0.9099616858237548,0.8652094717668488,0.9595959595959596,0.9507386432444137
XGB,0.718787499659323,0.7518098417308824,0.7028016306704831,0.7866937531742001,0.7705644357657695,"{'max_depth': 3, 'learning_rate': 0.01, 'n_estimators': 100}","['mfcc_6', 'mfcc_5', 'mfcc_11', 'wav_detail_lvl5_std', 'wav_detail_lvl3_std']",0.5670498084291188,0.6915887850467289,0.4805194805194805,0.6493925686517096,0.6927286942924159,0.7286184210526315,0.6602086438152012,0.7121248000161882,0.8965839962564343,0.8352223190932868,0.9676767676767677,0.9501759386294109
XGB,0.7187589080056399,0.7304761529555774,0.713535038125202,0.7846622651091925,0.7743120820321897,"{'max_depth': 3, 'learning_rate': 0.01, 'n_estimators': 100}","['mfcc_6', 'mfcc_3', 'mfcc_5', 'mfcc_8', 'mfcc_10', 'wav_detail_lvl3_std', 'zcr_mean', 'spec_centroid']",0.5733558178752108,0.5964912280701754,0.551948051948052,0.6587480008338201,0.6747769667477697,0.7402135231316725,0.6199701937406855,0.7178123805740618,0.9081439393939394,0.8547237076648841,0.9686868686868687,0.9463758646886873
XGB,0.718686842341036,0.7464586368787437,0.7044528028134586,0.7866937531742001,0.7515207235781093,"{'max_depth': 3, 'learning_rate': 0.01, 'n_estimators': 100}","['mfcc_3', 'mfcc_5', 'wav_detail_lvl5_std', 'mfcc_10', 'zcr_mean', 'spec_centroid']",0.5639097744360902,0.6696428571428571,0.487012987012987,0.6120394504370181,0.69375,0.729064039408867,0.6616989567809239,0.6930350557036699,0.8984007525870179,0.840669014084507,0.9646464646464646,0.9494876645936403
XGB,0.7186837688359619,0.7240934269190101,0.7166260576096642,0.7861858811579482,0.7797536238171375,"{'max_depth': 5, 'learning_rate': 0.1, 'n_estimators': 100}","['mfcc_6', 'mfcc_3', 'mfcc_11', 'wav_detail_lvl5_std', 'mfcc_10', 'wav_detail_lvl3_std', 'zcr_mean', 'spec_centroid']",0.5564648117839607,0.5610561056105611,0.551948051948052,0.6161627618116975,0.6831210191082803,0.7333333333333333,0.639344262295082,0.7484068042123662,0.9164654756156446,0.877890841813136,0.9585858585858585,0.974691305427349
XGB,0.7186828962818805,0.7295121318007468,0.7138409859721335,0.7795835449466735,0.7634214174805175,"{'max_depth': 5, 'learning_rate': 0.1, 'n_estimators': 100}","['mfcc_6', 'mfcc_3', 'wav_detail_lvl5_std', 'mfcc_10', 'spec_centroid']",0.5906040268456376,0.6111111111111112,0.5714285714285714,0.619046465936185,0.665587044534413,0.7287234042553191,0.6125186289120715,0.713749293634373,0.8998576174655909,0.8487018800358102,0.9575757575757575,0.9574684928709944
XGB,0.7186680321605502,0.7320365934597173,0.7112305727059827,0.7856780091416963,0.7950373869486037,"{'max_depth': 3, 'learning_rate': 0.1, 'n_estimators': 100}","['mfcc_6', 'mfcc_3', 'mfcc_5', 'wav_detail_lvl5_std', 'spec_centroid']",0.5649913344887348,0.6059479553903345,0.5292207792207793,0.6661376587294963,0.6841686555290374,0.7337883959044369,0.6408345752608048,0.7549694479080521,0.9068441064638784,0.8563734290843806,0.9636363636363636,0.9640050542082631
XGB,0.7186240732318648,0.7330688854489164,0.7127031438506849,0.7805992889791773,0.7673677436600369,"{'max_depth': 3, 'learning_rate': 0.01, 'n_estimators': 100}","['mfcc_6', 'mfcc_5', 'mfcc_11', 'mfcc_8', 'mfcc_10', 'wav_detail_lvl3_std', 'zcr_mean']",0.5868465430016864,0.6105263157894737,0.564935064935065,0.653352733081083,0.6732510288065844,0.7518382352941176,0.6095380029806259,0.7161941648845794,0.895774647887324,0.8368421052631579,0.9636363636363636,0.9325563330144485
XGB,0.7186167255984185,0.7370105843757292,0.7086580086580087,0.7836465210766886,0.7762920083956651,"{'max_depth': 5, 'learning_rate': 0.1, 'n_estimators': 50}","['mfcc_6', 'mfcc_3', 'wav_detail_lvl5_std', 'zcr_mean', 'spec_centroid']",0.574468085106383,0.6328125,0.525974025974026,0.6474226657968201,0.6826538768984812,0.7362068965517241,0.6363636363636364,0.7334200376019396,0.898728214790391,0.8420123565754634,0.9636363636363636,0.9480333217882356
XGB,0.7186058246707493,0.7336738874020178,0.7122063728621105,0.7800914169629254,0.7643071225771245,"{'max_depth': 3, 'learning_rate': 0.01, 'n_estimators': 100}","['mfcc_6', 'mfcc_5', 'mfcc_11', 'mfcc_8', 'mfcc_10', 'wav_detail_lvl3_std']",0.5898305084745763,0.6170212765957447,0.564935064935065,0.650371916307871,0.6710526315789473,0.7486238532110092,0.6080476900149031,0.7140005060273673,0.8949343339587242,0.8353765323992994,0.9636363636363636,0.9285489453961353
XGB,0.7185989774554044,0.735288663155731,0.709474132424952,0.7856780091416963,0.7873501018504451,"{'max_depth': 3, 'learning_rate': 0.1, 'n_estimators': 50}","['mfcc_6', 'mfcc_11', 'wav_detail_lvl5_std', 'mfcc_8', 'mfcc_10', 'wav_detail_lvl3_std', 'zcr_mean', 'spec_centroid']",0.5633802816901409,0.6153846153846154,0.5194805194805194,0.6593899688799072,0.6911412609736632,0.7439862542955327,0.6453055141579732,0.7344794935803015,0.9012753897024091,0.8464951197870453,0.9636363636363636,0.9681808430911266
XGB,0.7185932349647457,0.755589015292296,0.7017178025374747,0.7892331132554596,0.765244293357015,"{'max_depth': 3, 'learning_rate': 0.01, 'n_estimators': 100}","['mfcc_5', 'mfcc_11', 'wav_detail_lvl5_std', 'mfcc_8', 'wav_detail_lvl3_std', 'zcr_mean', 'spec_centroid']",0.557504873294347,0.697560975609756,0.4642857142857143,0.6349582341879996,0.7004680187207488,0.734860883797054,0.669150521609538,0.7051913331979998,0.8978068128791414,0.834345186470078,0.9717171717171718,0.9555833126850457
XGB,0.718577921327494,0.7265252452751477,0.7142707323035192,0.7795835449466735,0.78868257291627,"{'max_depth': 3, 'learning_rate': 0.1, 'n_estimators': 100}","['mfcc_3', 'mfcc_5', 'mfcc_11', 'mfcc_10', 'wav_detail_lvl3_std', 'zcr_mean', 'spec_centroid']",0.5829145728643216,0.6020761245674741,0.564935064935065,0.656564134070542,0.6708961141950832,0.7169491525423729,0.6304023845007451,0.7407081074107246,0.9019230769230769,0.8605504587155963,0.9474747474747475,0.9687754772675432
XGB,0.7185597566908499,0.7439623668280704,0.7053402881271733,0.7892331132554596,0.7697264304641087,"{'max_depth': 3, 'learning_rate': 0.01, 'n_estimators': 100}","['mfcc_6', 'mfcc_5', 'mfcc_11', 'wav_detail_lvl5_std', 'mfcc_10', 'zcr_mean', 'spec_centroid']",0.550561797752809,0.6504424778761062,0.4772727272727273,0.636945452388251,0.703416149068323,0.7341977309562399,0.6751117734724292,0.7127115061915432,0.9017013232514177,0.8472468916518651,0.9636363636363636,0.9595223328125319
XGB,0.71850838738702,0.7304659625524929,0.7116204985057445,0.7892331132554596,0.7949919127741355,"{'max_depth': 3, 'learning_rate': 0.1, 'n_estimators': 100}","['mfcc_6', 'mfcc_5', 'mfcc_11', 'wav_detail_lvl5_std', 'mfcc_8', 'mfcc_10', 'zcr_mean']",0.5467128027681661,0.5851851851851851,0.512987012987013,0.6436389964122939,0.6966824644549763,0.7411764705882353,0.6572280178837556,0.7653525145639966,0.9121298949379179,0.865036231884058,0.9646464646464646,0.9759842273461162
XGB,0.7184760235264642,0.7229858136987936,0.7200888668101783,0.7770441848654139,0.7527198737490672,"{'max_depth': 5, 'learning_rate': 0.1, 'n_estimators': 100}","['mfcc_5', 'mfcc_11', 'wav_detail_lvl3_std', 'spec_centroid']",0.5971563981042654,0.5815384615384616,0.6136363636363636,0.6021327670939043,0.6552006552006552,0.7272727272727273,0.5961251862891207,0.6923621004961853,0.9030710172744721,0.8601462522851919,0.9505050505050505,0.963664753657112
XGB,0.7184236701856839,0.7328320113426292,0.7104684629274792,0.7851701371254444,0.7994732843398445,"{'max_depth': 3, 'learning_rate': 0.1, 'n_estimators': 100}","['mfcc_6', 'mfcc_3', 'mfcc_11', 'wav_detail_lvl5_std', 'wav_detail_lvl3_std', 'zcr_mean']",0.5634782608695652,0.6067415730337079,0.525974025974026,0.6658798401859962,0.6889952153110048,0.7409948542024014,0.6438152011922503,0.7682354450107334,0.9027975343764817,0.8507596067917784,0.9616161616161616,0.9643045678228043
XGB,0.7184103260794364,0.7465059896635028,0.704098754918427,0.787201625190452,0.7535871487594356,"{'max_depth': 3, 'learning_rate': 0.01, 'n_estimators': 100}","['mfcc_5', 'mfcc_11', 'wav_detail_lvl5_std', 'mfcc_10', 'zcr_mean']",0.5584905660377358,0.6666666666666666,0.4805194805194805,0.6094970115313186,0.6993769470404985,0.732463295269168,0.669150521609538,0.6964730781099124,0.8973634651600754,0.8403880070546738,0.9626262626262626,0.9547913566370755
XGB,0.7184052686688039,0.7247520717808992,0.718859950007491,0.7831386490604367,0.7856960979110316,"{'max_depth': 5, 'learning_rate': 0.1, 'n_estimators': 50}","['mfcc_6', 'mfcc_5', 'mfcc_11', 'mfcc_8', 'mfcc_10', 'wav_detail_lvl3_std', 'spec_centroid']",0.5714285714285714,0.5590062111801242,0.5844155844155844,0.6329596783156567,0.6726973684210527,0.7504587155963303,0.6095380029806259,0.7475242195324145,0.9110898661567878,0.8647912885662432,0.9626262626262626,0.9766043958850236
XGB,0.7183985479866397,0.7446457872666032,0.7047555965588752,0.7877094972067039,0.7472070188270966,"{'max_depth': 3, 'learning_rate': 0.01, 'n_estimators': 100}","['mfcc_3', 'mfcc_5', 'wav_detail_lvl5_std', 'mfcc_8', 'mfcc_10', 'spec_centroid']",0.556390977443609,0.6607142857142857,0.4805194805194805,0.6079779246014396,0.6981424148606811,0.7262479871175523,0.6721311475409836,0.6800565313420798,0.9006622516556292,0.8469750889679716,0.9616161616161616,0.9535866005377703
XGB,0.7183985479866397,0.7446457872666032,0.7047555965588752,0.7877094972067039,0.7472070188270966,"{'max_depth': 3, 'learning_rate': 0.01, 'n_estimators': 100}","['mfcc_3', 'mfcc_5', 'wav_detail_lvl5_std', 'mfcc_8', 'mfcc_10', 'zcr_mean', 'spec_centroid']",0.556390977443609,0.6607142857142857,0.4805194805194805,0.6079779246014396,0.6981424148606811,0.7262479871175523,0.6721311475409836,0.6800565313420798,0.9006622516556292,0.8469750889679716,0.9616161616161616,0.9535866005377703
XGB,0.7183685635986327,0.7261024737889054,0.7160918316656021,0.7846622651091925,0.784469092171232,"{'max_depth': 5, 'learning_rate': 0.1, 'n_estimators': 100}","['mfcc_6', 'mfcc_11', 'wav_detail_lvl5_std', 'mfcc_10', 'wav_detail_lvl3_std', 'zcr_mean', 'spec_centroid']",0.565359477124183,0.569078947368421,0.5616883116883117,0.6223739016615689,0.6785714285714286,0.7450980392156863,0.6229508196721312,0.7562425929482836,0.9111747851002865,0.8641304347826086,0.9636363636363636,0.9747907819038434
XGB,0.718365017151937,0.7265863948182125,0.71378894329714,0.7826307770441848,0.766901920642376,"{'max_depth': 5, 'learning_rate': 0.1, 'n_estimators': 50}","['mfcc_3', 'mfcc_5', 'mfcc_10', 'wav_detail_lvl3_std', 'zcr_mean']",0.5723905723905723,0.5944055944055944,0.551948051948052,0.6259771009001346,0.6740506329113924,0.718381112984823,0.6348733233979136,0.7089969547111581,0.9086538461538461,0.8669724770642202,0.9545454545454546,0.9657317063158349
XGB,0.718348860494673,0.7370340727245974,0.7081423130603458,0.787201625190452,0.7781431590569147,"{'max_depth': 3, 'learning_rate': 0.1, 'n_estimators': 50}","['mfcc_6', 'wav_detail_lvl5_std', 'mfcc_10', 'zcr_mean']",0.5581395348837209,0.6215139442231076,0.5064935064935064,0.6607590443239384,0.6936507936507936,0.7419354838709677,0.6512667660208644,0.7329875472600219,0.9032562529495045,0.8476527900797166,0.9666666666666667,0.9406828855867837
XGB,0.7183446797868305,0.7390528255202659,0.7070245783360538,0.7902488572879635,0.7868582586482704,"{'max_depth': 3, 'learning_rate': 0.1, 'n_estimators': 50}","['mfcc_6', 'mfcc_5', 'wav_detail_lvl5_std', 'mfcc_10', 'zcr_mean']",0.5467889908256881,0.6286919831223629,0.4837662337662338,0.6623112819167986,0.6998444790046656,0.7317073170731707,0.6706408345752608,0.7486102050417164,0.9084005695301376,0.8567591763652641,0.9666666666666667,0.9496532889862963
XGB,0.7183387318176863,0.7361919571414376,0.7082874017300247,0.7836465210766886,0.7883562085536009,"{'max_depth': 3, 'learning_rate': 0.1, 'n_estimators': 100}","['mfcc_6', 'mfcc_3', 'wav_detail_lvl5_std', 'zcr_mean']",0.5693950177935944,0.6299212598425197,0.5194805194805194,0.6652598943158005,0.687797147385103,0.7343485617597293,0.646795827123696,0.7540056644008886,0.8978240302743614,0.844306049822064,0.9585858585858585,0.9458030669441135
XGB,0.7183372649548218,0.7416584996376736,0.7059596748121338,0.7887252412392077,0.7640608195644227,"{'max_depth': 3, 'learning_rate': 0.01, 'n_estimators': 100}","['mfcc_5', 'mfcc_11', 'wav_detail_lvl5_std', 'wav_detail_lvl3_std']",0.5545286506469501,0.6437768240343348,0.487012987012987,0.6284934719142473,0.6958561376075059,0.7319078947368421,0.6631892697466468,0.713577301869829,0.9046270066100094,0.849290780141844,0.9676767676767677,0.9501116849091918
XGB,0.718334289354163,0.7422330099541408,0.705836270590369,0.7912646013204673,0.7757213875347064,"{'max_depth': 3, 'learning_rate': 0.1, 'n_estimators': 50}","['mfcc_6', 'mfcc_3', 'mfcc_5', 'wav_detail_lvl5_std', 'mfcc_8', 'mfcc_10', 'zcr_mean']",0.5430711610486891,0.6415929203539823,0.4707792207792208,0.6409789049084994,0.7036181678214011,0.7277070063694268,0.6810730253353204,0.7224486592071264,0.9083135391923991,0.8573991031390135,0.9656565656565657,0.9637365984884931
XGB,0.7183107898719893,0.7335103939004268,0.7096334145514472,0.787201625190452,0.7915775440185299,"{'max_depth': 3, 'learning_rate': 0.1, 'n_estimators': 50}","['mfcc_6', 'mfcc_5', 'mfcc_11', 'wav_detail_lvl5_std', 'mfcc_8', 'wav_detail_lvl3_std', 'zcr_mean']",0.5573192239858906,0.61003861003861,0.512987012987013,0.6666750060618404,0.6898184688239937,0.7332214765100671,0.6512667660208644,0.7362657627018447,0.9077946768060836,0.8572710951526032,0.9646464646464646,0.9717918632919044
XGB,0.7182715742878165,0.7279177205046685,0.717882967063295,0.7826307770441848,0.783858149639629,"{'max_depth': 5, 'learning_rate': 0.1, 'n_estimators': 50}","['mfcc_6', 'mfcc_11', 'mfcc_8', 'wav_detail_lvl3_std', 'zcr_mean']",0.5732484076433121,0.5625,0.5844155844155844,0.6250682255119027,0.6766917293233082,0.7699619771863118,0.6035767511177347,0.7593366427241229,0.9048745858968291,0.8512911843276937,0.9656565656565657,0.9671695806828612
XGB,0.7182071749480095,0.7346149864372049,0.708976572910999,0.7866937531742001,0.8070036996430096,"{'max_depth': 3, 'learning_rate': 0.1, 'n_estimators': 100}","['mfcc_6', 'mfcc_5', 'mfcc_11', 'wav_detail_lvl5_std', 'zcr_mean']",0.5602836879432624,0.6171875,0.512987012987013,0.673135231915478,0.6877470355731226,0.7323232323232324,0.6482861400894188,0.7758164634075604,0.9065908013276435,0.8543342269883825,0.9656565656565657,0.9720594036059904
XGB,0.7180807388660448,0.7380468316746448,0.7073825688579788,0.7821229050279329,0.7744758835357285,"{'max_depth': 3, 'learning_rate': 0.1, 'n_estimators': 50}","['mfcc_6', 'wav_detail_lvl5_std', 'mfcc_8', 'wav_detail_lvl3_std', 'zcr_mean', 'spec_centroid']",0.5729537366548043,0.6338582677165354,0.5227272727272727,0.6538034770500791,0.6902086677367576,0.7478260869565218,0.6408345752608048,0.720404263807848,0.8910798122065727,0.8324561403508772,0.9585858585858585,0.9492199097492582
XGB,0.7180697034354626,0.7420810021003307,0.7052712921565382,0.7841543930929405,0.7848861598929426,"{'max_depth': 3, 'learning_rate': 0.1, 'n_estimators': 50}","['mfcc_6', 'wav_detail_lvl5_std', 'zcr_mean', 'spec_centroid']",0.5641025641025641,0.6470588235294118,0.5,0.6613116965184661,0.6994448850118953,0.747457627118644,0.6572280178837556,0.7450620025394941,0.8906616611919287,0.8317265556529361,0.9585858585858585,0.9482847806208676
XGB,0.7180678478780118,0.7439559624244602,0.7045955259070014,0.7877094972067039,0.7417319998011441,"{'max_depth': 3, 'learning_rate': 0.01, 'n_estimators': 100}","['mfcc_3', 'mfcc_5', 'wav_detail_lvl5_std', 'mfcc_8', 'mfcc_10', 'zcr_mean']",0.5553470919324578,0.6577777777777778,0.4805194805194805,0.6014999927098797,0.6976744186046512,0.7269789983844911,0.6706408345752608,0.6748309931816096,0.9011820330969267,0.8471111111111111,0.9626262626262626,0.9488650135119432
XGB,0.7180511118819926,0.7222096158147108,0.718929734503505,0.7866937531742001,0.7856279300890314,"{'max_depth': 5, 'learning_rate': 0.1, 'n_estimators': 100}","['mfcc_6', 'mfcc_3', 'mfcc_11', 'wav_detail_lvl5_std', 'mfcc_8', 'mfcc_10', 'wav_detail_lvl3_std', 'spec_centroid']",0.5537974683544303,0.5401234567901234,0.5681818181818182,0.60440970304568,0.6780210867802109,0.7437722419928826,0.6229508196721312,0.7760510582178313,0.9223347805113362,0.8827331486611265,0.9656565656565657,0.9764230290035832
XGB,0.7180227443291788,0.7479762661580844,0.703121771974231,0.7866937531742001,0.7709723729145721,"{'max_depth': 3, 'learning_rate': 0.01, 'n_estimators': 100}","['mfcc_6', 'mfcc_5', 'mfcc_11', 'wav_detail_lvl5_std', 'mfcc_8', 'mfcc_10', 'wav_detail_lvl3_std', 'zcr_mean', 'spec_centroid']",0.5606060606060606,0.6727272727272727,0.4805194805194805,0.6403216313082759,0.6974921630094044,0.7355371900826446,0.6631892697466468,0.7191527145903147,0.8959700093720713,0.8356643356643356,0.9656565656565657,0.9534427728451255
XGB,0.7178835561786796,0.731172347237386,0.711620104243055,0.781615033011681,0.7757055829575358,"{'max_depth': 3, 'learning_rate': 0.1, 'n_estimators': 50}","['mfcc_6', 'mfcc_3', 'mfcc_11', 'mfcc_10', 'wav_detail_lvl3_std', 'zcr_mean', 'spec_centroid']",0.5826235093696763,0.6129032258064516,0.5551948051948052,0.642187395991574,0.6682887266828873,0.7330960854092526,0.6140089418777943,0.7283419704817327,0.902738432483475,0.8475177304964538,0.9656565656565657,0.9565873823993004
XGB,0.7178692910239447,0.7324293324388487,0.7093846347944709,0.7877094972067039,0.7831878886196696,"{'max_depth': 3, 'learning_rate': 0.1, 'n_estimators': 50}","['mfcc_3', 'mfcc_5', 'mfcc_11', 'wav_detail_lvl5_std', 'mfcc_8', 'mfcc_10', 'wav_detail_lvl3_std', 'spec_centroid']",0.5547703180212014,0.6085271317829457,0.5097402597402597,0.6423081282250264,0.6870588235294117,0.7251655629139073,0.6527570789865872,0.7335034568570158,0.9117787315212208,0.8635953026196929,0.9656565656565657,0.9737520807769667
XGB,0.717852501088024,0.7372180896395567,0.7072374801882999,0.7856780091416963,0.7860863453160554,"{'max_depth': 3, 'learning_rate': 0.1, 'n_estimators': 50}","['mfcc_6', 'mfcc_3', 'wav_detail_lvl5_std', 'mfcc_10', 'zcr_mean', 'spec_centroid']",0.564748201438849,0.6330645161290323,0.5097402597402597,0.6677748941091014,0.685126582278481,0.730185497470489,0.6453055141579732,0.7409690550670615,0.9036827195467422,0.848404255319149,0.9666666666666667,0.9495150867720031
XGB,0.7178443098622113,0.7471102436361742,0.7033524156474976,0.7887252412392077,0.7601953023787376,"{'max_depth': 3, 'learning_rate': 0.01, 'n_estimators': 100}","['mfcc_6', 'mfcc_3', 'mfcc_5', 'wav_detail_lvl5_std', 'mfcc_8', 'mfcc_10', 'zcr_mean', 'spec_centroid']",0.5523809523809524,0.6682027649769585,0.4707792207792208,0.6285838430068198,0.6996904024767802,0.7278582930756844,0.6736214605067065,0.7035795423960911,0.9014615747289014,0.8452696728558797,0.9656565656565657,0.9484225217333019
XGB,0.7177973775004803,0.7328442289687134,0.7120628612431892,0.7805992889791773,0.7774571171095833,"{'max_depth': 3, 'learning_rate': 0.1, 'n_estimators': 50}","['mfcc_6', 'mfcc_11', 'mfcc_10', 'wav_detail_lvl3_std', 'zcr_mean']",0.5858585858585859,0.6083916083916084,0.564935064935065,0.6412824984359545,0.6705298013245033,0.7541899441340782,0.6035767511177347,0.7329373761455653,0.897003745318352,0.8359511343804538,0.9676767676767677,0.9581514767472301
XGB,0.717776682577126,0.7212590003967949,0.7222841214644493,0.7836465210766886,0.784298892325595,"{'max_depth': 5, 'learning_rate': 0.1, 'n_estimators': 100}","['mfcc_6', 'mfcc_5', 'mfcc_11', 'mfcc_8', 'wav_detail_lvl3_std', 'zcr_mean']",0.5640243902439024,0.5316091954022989,0.6006493506493507,0.6172455198966822,0.6694214876033058,0.75139146567718,0.6035767511177347,0.7612251828450336,0.9198841698841699,0.8807763401109058,0.9626262626262626,0.9744259742350696
XGB,0.717758988297791,0.728146133151171,0.7110724733675552,0.7902488572879635,0.7906338603114457,"{'max_depth': 3, 'learning_rate': 0.1, 'n_estimators': 100}","['mfcc_3', 'mfcc_11', 'wav_detail_lvl5_std', 'mfcc_8', 'mfcc_10', 'wav_detail_lvl3_std', 'spec_centroid']",0.537521815008726,0.5811320754716981,0.5,0.6469949767356429,0.6969930609097919,0.7220447284345048,0.6736214605067065,0.7512887384207858,0.9187620889748549,0.8812615955473099,0.9595959595959596,0.9736178657779081
XGB,0.7177390148726026,0.7271769169871837,0.7122820712984649,0.7805992889791773,0.7894634776858839,"{'max_depth': 3, 'learning_rate': 0.1, 'n_estimators': 50}","['mfcc_5', 'wav_detail_lvl3_std', 'zcr_mean']",0.5772495755517827,0.604982206405694,0.551948051948052,0.6617674893939669,0.6719367588932806,0.7154882154882155,0.6333830104321908,0.7554103708447043,0.9040307101727447,0.8610603290676416,0.9515151515151515,0.9512125728189806
XGB,0.7176749887648892,0.7470670713299081,0.703154890040136,0.7877094972067039,0.7793844316971299,"{'max_depth': 3, 'learning_rate': 0.01, 'n_estimators': 100}","['mfcc_3', 'mfcc_5', 'mfcc_11', 'wav_detail_lvl5_std', 'mfcc_8', 'wav_detail_lvl3_std', 'zcr_mean', 'spec_centroid']",0.5595463137996219,0.669683257918552,0.4805194805194805,0.650890678297518,0.6923076923076923,0.7313432835820896,0.6572280178837556,0.7371754263348695,0.9011709601873537,0.840174672489083,0.9717171717171718,0.9500871904590025
XGB,0.7176434562105035,0.723642201245827,0.7149740969413102,0.7877094972067039,0.7597997664183626,"{'max_depth': 5, 'learning_rate': 0.1, 'n_estimators': 50}","['mfcc_3', 'mfcc_11', 'mfcc_8', 'mfcc_10', 'wav_detail_lvl3_std']",0.5478547854785478,0.5570469798657718,0.538961038961039,0.6039270377938432,0.6846703733121525,0.7329931972789115,0.6423248882265276,0.7079800502273346,0.9204052098408104,0.8808864265927978,0.9636363636363636,0.9674922112339099
XGB,0.717613023161288,0.7463472032086216,0.7032810541007263,0.7882173692229558,0.775019950150627,"{'max_depth': 3, 'learning_rate': 0.01, 'n_estimators': 100}","['mfcc_6', 'mfcc_3', 'mfcc_5', 'wav_detail_lvl5_std', 'mfcc_10', 'spec_centroid']",0.5540796963946869,0.6666666666666666,0.474025974025974,0.6476048071089344,0.6972049689440993,0.7277147487844409,0.669150521609538,0.7311962694923343,0.9015544041450777,0.8446601941747572,0.9666666666666667,0.9462587738506121
XGB,0.71760523644889,0.7306840324739561,0.7117967339278813,0.7821229050279329,0.7750303069328163,"{'max_depth': 3, 'learning_rate': 0.01, 'n_estimators': 100}","['mfcc_6', 'mfcc_3', 'mfcc_5', 'mfcc_11', 'mfcc_8', 'mfcc_10', 'wav_detail_lvl3_std', 'zcr_mean', 'spec_centroid']",0.5796610169491525,0.6063829787234043,0.5551948051948052,0.6525509090024373,0.6693811074918566,0.7378815080789947,0.6125186289120715,0.7219651105840192,0.9037735849056604,0.8477876106194691,0.9676767676767677,0.9505749012119925
XGB,0.7175327623510538,0.7367083503505301,0.7064962663323319,0.7856780091416963,0.7999551207642736,"{'max_depth': 3, 'learning_rate': 0.1, 'n_estimators': 50}","['mfcc_3', 'mfcc_5', 'wav_detail_lvl5_std', 'wav_detail_lvl3_std', 'zcr_mean', 'spec_centroid']",0.5583941605839416,0.6375,0.4967532467532468,0.6760910868566395,0.6892829606784888,0.7140575079872205,0.6661698956780924,0.7574816438044405,0.904921165790731,0.8585675430643699,0.9565656565656566,0.966292631631741
XGB,0.7174750096218352,0.7305212394592635,0.710502369518763,0.7846622651091925,0.7817455369193174,"{'max_depth': 3, 'learning_rate': 0.1, 'n_estimators': 100}","['mfcc_6', 'mfcc_3', 'mfcc_11', 'wav_detail_lvl5_std', 'mfcc_8', 'mfcc_10', 'wav_detail_lvl3_std']",0.5655172413793104,0.6029411764705882,0.5324675324675324,0.6407990039414478,0.6794564348521183,0.7327586206896551,0.6333830104321908,0.7317856380322538,0.9074513526340768,0.855863921217547,0.9656565656565657,0.9726519687842505
XGB,0.7174352596714084,0.7420146487475406,0.7046459915312374,0.7877094972067039,0.7615046721811659,"{'max_depth': 3, 'learning_rate': 0.01, 'n_estimators': 100}","['mfcc_5', 'mfcc_11', 'wav_detail_lvl5_std', 'mfcc_10', 'wav_detail_lvl3_std']",0.5565862708719852,0.6493506493506493,0.487012987012987,0.6229653354270814,0.691764705882353,0.7301324503311258,0.6572280178837556,0.7117551119400269,0.903954802259887,0.8465608465608465,0.9696969696969697,0.9497935691763897
XGB,0.7174013170118112,0.7347113639551225,0.7076108469551093,0.7887252412392077,0.7670353175701633,"{'max_depth': 3, 'learning_rate': 0.1, 'n_estimators': 50}","['mfcc_6', 'mfcc_5', 'wav_detail_lvl5_std', 'mfcc_8', 'mfcc_10']",0.5457809694793537,0.6104417670682731,0.4935064935064935,0.6390504835301144,0.6990595611285266,0.7371900826446282,0.6646795827123696,0.713086339530313,0.9073634204275535,0.8565022421524664,0.9646464646464646,0.9489691296500624
XGB,0.7173658457643318,0.7301246399132939,0.7105729425401557,0.7866937531742001,0.7930394570044669,"{'max_depth': 3, 'learning_rate': 0.1, 'n_estimators': 100}","['mfcc_6', 'mfcc_3', 'mfcc_11', 'wav_detail_lvl5_std', 'mfcc_8', 'wav_detail_lvl3_std', 'spec_centroid']",0.5542168674698795,0.5897435897435898,0.5227272727272727,0.653112973377445,0.689048760991207,0.743103448275862,0.6423248882265276,0.756095949282251,0.9088319088319088,0.8575268817204301,0.9666666666666667,0.9699094483537046
XGB,0.7173630266010633,0.7273503681443215,0.71109376355278,0.781615033011681,0.7771434063578506,"{'max_depth': 5, 'learning_rate': 0.1, 'n_estimators': 100}","['mfcc_3', 'mfcc_5', 'wav_detail_lvl3_std', 'zcr_mean']",0.570446735395189,0.6058394160583942,0.538961038961039,0.6442418385830891,0.6755277560594214,0.7105263157894737,0.6438152011922503,0.7230211413986716,0.9061145883485797,0.8656853725850966,0.9505050505050505,0.9641672390917911
XGB,0.7173450347896942,0.730573445791285,0.7105753081162917,0.7821229050279329,0.7813357696736268,"{'max_depth': 3, 'learning_rate': 0.1, 'n_estimators': 100}","['mfcc_6', 'wav_detail_lvl5_std', 'mfcc_10', 'wav_detail_lvl3_std', 'zcr_mean', 'spec_centroid']",0.571917808219178,0.605072463768116,0.5422077922077922,0.6486865547162904,0.679549114331723,0.7390542907180385,0.6289120715350224,0.7446892623337844,0.9005681818181818,0.8475935828877005,0.9606060606060606,0.9506314919708054
XGB,0.7173212065627546,0.7439323310448712,0.7037778250893005,0.7887252412392077,0.782702027569242,"{'max_depth': 3, 'learning_rate': 0.1, 'n_estimators': 50}","['mfcc_6', 'mfcc_3', 'mfcc_5', 'wav_detail_lvl5_std']",0.5509433962264151,0.6576576576576577,0.474025974025974,0.6582858195777135,0.6960556844547564,0.7234726688102894,0.6706408345752608,0.7274402568224478,0.9049645390070922,0.8506666666666667,0.9666666666666667,0.9623800063075646
XGB,0.717230335549174,0.7244230234695319,0.7281759830940159,0.7770441848654139,0.7824834386391374,"{'max_depth': 5, 'learning_rate': 0.01, 'n_estimators': 100}","['mfcc_6', 'mfcc_5', 'mfcc_11', 'mfcc_8', 'zcr_mean', 'spec_centroid']",0.5933429811866859,0.5352480417754569,0.6655844155844156,0.6147627296408147,0.651082251082251,0.7768595041322314,0.5603576751117735,0.7612718722780701,0.9072657743785851,0.8611615245009074,0.9585858585858585,0.9714157139985273
XGB,0.7172258945055217,0.7433189057648054,0.7039406555799999,0.7750126968004063,0.7517138412814878,"{'max_depth': 3, 'learning_rate': 0.01, 'n_estimators': 100}","['mfcc_3', 'wav_detail_lvl5_std', 'mfcc_8', 'mfcc_10', 'wav_detail_lvl3_std', 'zcr_mean']",0.605072463768116,0.6844262295081968,0.5422077922077922,0.6589705523127359,0.6650446066504461,0.7295373665480427,0.6110283159463488,0.6680479174929044,0.8815606130980028,0.8159931212381771,0.9585858585858585,0.928123054038823
XGB,0.7171878759152133,0.7471339266793814,0.7022883006489563,0.7856780091416963,0.7722293140317597,"{'max_depth': 3, 'learning_rate': 0.01, 'n_estimators': 100}","['mfcc_6', 'mfcc_5', 'mfcc_11', 'wav_detail_lvl5_std', 'mfcc_8', 'wav_detail_lvl3_std', 'spec_centroid']",0.5606060606060606,0.6727272727272727,0.4805194805194805,0.6478237178161869,0.6959247648902821,0.7338842975206612,0.6616989567809239,0.7172512465834368,0.895032802249297,0.8347902097902098,0.9646464646464646,0.9516129776956552
XGB,0.7171617017543701,0.7502269613221527,0.7013278767377128,0.7856780091416963,0.7771688761537998,"{'max_depth': 3, 'learning_rate': 0.01, 'n_estimators': 100}","['mfcc_6', 'mfcc_5', 'mfcc_11', 'wav_detail_lvl5_std', 'wav_detail_lvl3_std', 'zcr_mean', 'spec_centroid']",0.5648854961832062,0.6851851851851852,0.4805194805194805,0.6535706716075848,0.691397000789266,0.7348993288590604,0.6527570789865872,0.7214767339567443,0.8952026082906381,0.8305963699222126,0.9707070707070707,0.9564592228970701
XGB,0.7171541597292334,0.7314059875367778,0.7085196224540486,0.7826307770441848,0.7968173452734515,"{'max_depth': 3, 'learning_rate': 0.1, 'n_estimators': 100}","['mfcc_3', 'mfcc_5', 'wav_detail_lvl5_std', 'wav_detail_lvl3_std', 'zcr_mean']",0.5679012345679012,0.6216216216216216,0.5227272727272727,0.673404151581287,0.6796875,0.7142857142857143,0.6482861400894188,0.7527911193702684,0.9038737446197992,0.8583106267029973,0.9545454545454546,0.9642567648687994
XGB,0.7171119458748004,0.7237561691930875,0.7167857339988487,0.7785678009141697,0.7861388655854876,"{'max_depth': 3, 'learning_rate': 0.1, 'n_estimators': 100}","['mfcc_3', 'mfcc_11', 'mfcc_10', 'wav_detail_lvl3_std', 'spec_centroid']",0.5884244372990354,0.5828025477707006,0.5941558441558441,0.6514830853424296,0.6573770491803279,0.7304189435336976,0.5976154992548435,0.7471611244895795,0.9055343511450382,0.8580470162748643,0.9585858585858585,0.9597723869244539
XGB,0.7171108713843694,0.719575924561758,0.7199962150781823,0.7851701371254444,0.7744190054253215,"{'max_depth': 3, 'learning_rate': 0.1, 'n_estimators': 100}","['mfcc_5', 'mfcc_11', 'mfcc_8', 'wav_detail_lvl3_std']",0.5510835913312694,0.5266272189349113,0.577922077922078,0.6150661972984667,0.676948051948052,0.7433155080213903,0.6214605067064084,0.743209811725011,0.9233009708737864,0.888785046728972,0.9606060606060606,0.964981007252487
XGB,0.7170864031008776,0.7238517036650647,0.7141422026667928,0.7836465210766886,0.7794253538991386,"{'max_depth': 3, 'learning_rate': 0.1, 'n_estimators': 50}","['mfcc_3', 'mfcc_5', 'mfcc_11', 'mfcc_8', 'mfcc_10', 'wav_detail_lvl3_std', 'spec_centroid']",0.5619834710743802,0.5723905723905723,0.551948051948052,0.6380216389960677,0.6767757382282522,0.7285223367697594,0.6318926974664679,0.7314888295366488,0.9125,0.8706422018348624,0.9585858585858585,0.9687655931646992
XGB,0.716918558332153,0.7297092880352639,0.7091756755691182,0.7846622651091925,0.7921745746086916,"{'max_depth': 5, 'learning_rate': 0.1, 'n_estimators': 100}","['mfcc_6', 'mfcc_3', 'mfcc_11', 'wav_detail_lvl5_std', 'zcr_mean', 'spec_centroid']",0.5559440559440559,0.6022727272727273,0.5162337662337663,0.6439204128453316,0.6891151135473766,0.7260726072607261,0.6557377049180327,0.7621628414518997,0.9056965055050263,0.8607825295723385,0.9555555555555556,0.9704404695288433
XGB,0.7169016517204333,0.7267745707193377,0.712259598325172,0.7831386490604367,0.7852962168118768,"{'max_depth': 5, 'learning_rate': 0.1, 'n_estimators': 50}","['mfcc_5', 'mfcc_11', 'wav_detail_lvl5_std', 'wav_detail_lvl3_std', 'spec_centroid']",0.5680672268907563,0.5888501742160279,0.5487012987012987,0.6463347975364937,0.6736334405144695,0.731239092495637,0.624441132637854,0.7382357402509323,0.9090042877560743,0.8602344454463481,0.9636363636363636,0.9713181126482044
XGB,0.7168986467738335,0.7402466634521492,0.7045438774946972,0.781615033011681,0.7538947120722517,"{'max_depth': 3, 'learning_rate': 0.01, 'n_estimators': 100}","['mfcc_6', 'wav_detail_lvl5_std', 'mfcc_10', 'zcr_mean', 'spec_centroid']",0.5698729582577132,0.6460905349794238,0.5097402597402597,0.6323258979846691,0.6922462030375699,0.746551724137931,0.6453055141579732,0.6980274126176108,0.8885767790262172,0.8280977312390925,0.9585858585858585,0.9313308256144751
XGB,0.7168984683239593,0.7353045464672979,0.7067430747758617,0.7805992889791773,0.7910471207752954,"{'max_depth': 5, 'learning_rate': 0.01, 'n_estimators': 100}","['mfcc_6', 'mfcc_5', 'mfcc_11', 'wav_detail_lvl3_std', 'zcr_mean', 'spec_centroid']",0.5800711743772242,0.6417322834645669,0.5292207792207793,0.6671054739762349,0.6730310262529833,0.7218430034129693,0.6304023845007451,0.7357654787816426,0.8975932043416706,0.8423383525243578,0.9606060606060606,0.9702704095680088
XGB,0.716878506270359,0.7335551857509848,0.7074515648286139,0.787201625190452,0.7889980485299732,"{'max_depth': 3, 'learning_rate': 0.1, 'n_estimators': 100}","['mfcc_6', 'mfcc_3', 'mfcc_11', 'wav_detail_lvl5_std', 'mfcc_8', 'spec_centroid']",0.5490196078431373,0.6086956521739131,0.5,0.6476377658859739,0.6960629921259842,0.7378964941569283,0.6587183308494784,0.7516857952484608,0.9055529188419554,0.8540734109221128,0.9636363636363636,0.9676705844554847
XGB,0.7168422326195595,0.7435320743040773,0.7032810541007263,0.7882173692229558,0.7862484703561975,"{'max_depth': 3, 'learning_rate': 0.1, 'n_estimators': 50}","['mfcc_6', 'mfcc_3', 'mfcc_5', 'wav_detail_lvl5_std', 'zcr_mean']",0.5509433962264151,0.6576576576576577,0.474025974025974,0.662047342644637,0.695046439628483,0.7230273752012882,0.669150521609538,0.732401418899728,0.9045368620037807,0.849911190053286,0.9666666666666667,0.9642966495242272
XGB,0.7168099916730456,0.7368655382719939,0.7061560176314274,0.7836465210766886,0.7747640405511828,"{'max_depth': 3, 'learning_rate': 0.1, 'n_estimators': 50}","['mfcc_6', 'wav_detail_lvl5_std', 'mfcc_8', 'mfcc_10', 'wav_detail_lvl3_std', 'zcr_mean']",0.5652951699463328,0.6294820717131474,0.512987012987013,0.6553070951288575,0.688,0.7426597582037997,0.6408345752608048,0.723597184756001,0.8971348050728042,0.8384547848990342,0.9646464646464646,0.9453878417686896
XGB,0.7167770677048364,0.7277311100202187,0.7107901812819847,0.7821229050279329,0.79274296127272,"{'max_depth': 5, 'learning_rate': 0.1, 'n_estimators': 100}","['mfcc_6', 'mfcc_3', 'mfcc_11', 'wav_detail_lvl5_std', 'wav_detail_lvl3_std', 'zcr_mean', 'spec_centroid']",0.565587734241908,0.5949820788530465,0.538961038961039,0.6411627546207721,0.6820717131474103,0.7328767123287672,0.6378539493293591,0.7699088686840557,0.9026717557251909,0.8553345388788427,0.9555555555555556,0.9671572605133323
XGB,0.7167574910138649,0.732762001816908,0.708162026194813,0.781615033011681,0.7630256807043372,"{'max_depth': 3, 'learning_rate': 0.01, 'n_estimators': 100}","['mfcc_6', 'mfcc_5', 'mfcc_8', 'mfcc_10', 'wav_detail_lvl3_std', 'spec_centroid']",0.5734265734265734,0.6212121212121212,0.5324675324675324,0.6534630914179387,0.6778846153846154,0.733102253032929,0.6304023845007451,0.7035297981198116,0.898961284230406,0.8439716312056738,0.9616161616161616,0.9320841525752614
XGB,0.7166622497460656,0.7318701856373707,0.7079838194592293,0.7841543930929405,0.7711378237576518,"{'max_depth': 5, 'learning_rate': 0.01, 'n_estimators': 100}","['mfcc_6', 'mfcc_3', 'mfcc_5', 'mfcc_11', 'wav_detail_lvl5_std', 'mfcc_8']",0.564373897707231,0.6177606177606177,0.5194805194805194,0.6298504215345333,0.6787687450670876,0.7214765100671141,0.6408345752608048,0.7148504256528642,0.9068441064638784,0.8563734290843806,0.9636363636363636,0.9687126240855577
XGB,0.7166522909642176,0.7371513802199797,0.7054289972322758,0.7887252412392077,0.7758232709957887,"{'max_depth': 3, 'learning_rate': 0.1, 'n_estimators': 50}","['mfcc_6', 'mfcc_5', 'wav_detail_lvl5_std', 'mfcc_8', 'zcr_mean', 'spec_centroid']",0.5431192660550459,0.6244725738396625,0.4805194805194805,0.6544797702593835,0.7008547008547008,0.7321428571428571,0.6721311475409836,0.7119519329549502,0.905982905982906,0.8548387096774194,0.9636363636363636,0.9610381097730324
XGB,0.7166499236871534,0.7260233850809116,0.7112538342046539,0.781615033011681,0.7666142039468861,"{'max_depth': 3, 'learning_rate': 0.1, 'n_estimators': 50}","['mfcc_5', 'wav_detail_lvl5_std', 'mfcc_8', 'wav_detail_lvl3_std']",0.5627118644067797,0.5886524822695035,0.538961038961039,0.640350088418816,0.685126582278481,0.730185497470489,0.6453055141579732,0.709599442023032,0.9021113243761996,0.8592321755027422,0.9494949494949495,0.9498930813988101
XGB,0.7166194975432747,0.7288766148765632,0.7100619780947649,0.7811071609954292,0.7817188372070137,"{'max_depth': 5, 'learning_rate': 0.1, 'n_estimators': 50}","['mfcc_5', 'wav_detail_lvl5_std', 'wav_detail_lvl3_std']",0.571917808219178,0.605072463768116,0.5422077922077922,0.6624018477159023,0.6768,0.7305699481865285,0.6304023845007451,0.7344094223674862,0.9011406844106464,0.8509874326750448,0.9575757575757575,0.9483452415376528
XGB,0.7165842731645703,0.7419077364925508,0.7034959272664191,0.7882173692229558,0.7541710827529343,"{'max_depth': 3, 'learning_rate': 0.01, 'n_estimators': 100}","['mfcc_6', 'mfcc_5', 'wav_detail_lvl5_std', 'mfcc_8', 'mfcc_10', 'zcr_mean', 'spec_centroid']",0.5440900562851783,0.6444444444444445,0.4707792207792208,0.6250291699579442,0.7054263565891473,0.7350565428109854,0.6780923994038748,0.688334328200978,0.9002364066193853,0.8462222222222222,0.9616161616161616,0.9491497500998808
XGB,0.7165700520177722,0.7284004311101085,0.711547954170905,0.7826307770441848,0.7727535880448708,"{'max_depth': 3, 'learning_rate': 0.01, 'n_estimators': 100}","['mfcc_6', 'mfcc_3', 'mfcc_5', 'mfcc_8', 'mfcc_10', 'wav_detail_lvl3_std', 'spec_centroid']",0.5723905723905723,0.5944055944055944,0.551948051948052,0.6586953488742585,0.6704637917005696,0.7383512544802867,0.6140089418777943,0.7134662560706017,0.9068557919621749,0.8524444444444444,0.9686868686868687,0.9460991591897523
XGB,0.7165420563085401,0.7285375235951115,0.7095320890402858,0.7795835449466735,0.7950853871320053,"{'max_depth': 3, 'learning_rate': 0.1, 'n_estimators': 100}","['mfcc_5', 'wav_detail_lvl5_std', 'spec_centroid']",0.5758620689655173,0.6139705882352942,0.5422077922077922,0.6734267148952195,0.6740506329113924,0.718381112984823,0.6348733233979136,0.7522294936257181,0.8997134670487106,0.8532608695652174,0.9515151515151515,0.959599952875078
XGB,0.7165213349259808,0.7424354254779209,0.7031931335210024,0.787201625190452,0.767910059107001,"{'max_depth': 3, 'learning_rate': 0.01, 'n_estimators': 100}","['mfcc_6', 'mfcc_5', 'mfcc_11', 'wav_detail_lvl5_std', 'zcr_mean', 'spec_centroid']",0.550561797752809,0.6504424778761062,0.4772727272727273,0.6361365501215174,0.6989079563182528,0.7332242225859247,0.6676602086438153,0.7082964933722167,0.9000942507068803,0.8436395759717314,0.9646464646464646,0.9592971338272693
XGB,0.7165054485178123,0.7292191615965229,0.7116540108343387,0.7811071609954292,0.7697615421734881,"{'max_depth': 3, 'learning_rate': 0.01, 'n_estimators': 100}","['mfcc_6', 'mfcc_3', 'mfcc_5', 'mfcc_8', 'mfcc_10', 'wav_detail_lvl3_std']",0.5805369127516778,0.6006944444444444,0.5616883116883117,0.6541269359579879,0.6650246305418719,0.7404021937842779,0.6035767511177347,0.7133017031390612,0.903954802259887,0.8465608465608465,0.9696969696969697,0.9418559874234154
XGB,0.716501879669897,0.7315417396400018,0.7086213422278996,0.7811071609954292,0.777042014321244,"{'max_depth': 3, 'learning_rate': 0.1, 'n_estimators': 50}","['mfcc_6', 'mfcc_3', 'mfcc_5', 'mfcc_11', 'mfcc_10', 'spec_centroid']",0.5808695652173913,0.6254681647940075,0.5422077922077922,0.6627950135016817,0.6645264847512039,0.72,0.61698956780924,0.7130211196166734,0.9041095890410958,0.8491570541259982,0.9666666666666667,0.9553099098453771
XGB,0.7164534014490823,0.7289660419401799,0.7114608221165598,0.7800914169629254,0.7557078506068388,"{'max_depth': 3, 'learning_rate': 0.01, 'n_estimators': 100}","['mfcc_6', 'mfcc_5', 'mfcc_8', 'wav_detail_lvl3_std']",0.5805369127516778,0.6006944444444444,0.5616883116883117,0.6568050093386009,0.6683046683046683,0.7418181818181818,0.6080476900149031,0.6951380900509077,0.9005186232909005,0.8443854995579133,0.9646464646464646,0.9151804524310077
XGB,0.7164452137381704,0.7405271764530595,0.7073088417350712,0.7694261046216353,0.7345848826618727,"{'max_depth': 3, 'learning_rate': 0.01, 'n_estimators': 100}","['mfcc_6', 'mfcc_3', 'mfcc_10', 'spec_centroid']",0.6366782006920415,0.6814814814814815,0.5974025974025974,0.5969793912383627,0.635593220338983,0.7367387033398821,0.5588673621460507,0.6747031939077104,0.8770642201834863,0.8033613445378152,0.9656565656565657,0.9320720628395447
XGB,0.7164363161179925,0.7255343121548258,0.7107389271323697,0.7836465210766886,0.776023063696567,"{'max_depth': 3, 'learning_rate': 0.1, 'n_estimators': 50}","['mfcc_5', 'wav_detail_lvl5_std', 'mfcc_8', 'wav_detail_lvl3_std', 'spec_centroid']",0.5538461538461539,0.5848375451263538,0.525974025974026,0.6434526059345114,0.6880375293197811,0.7236842105263158,0.6557377049180327,0.7232429313213808,0.9074252651880425,0.8680811808118081,0.9505050505050505,0.9613736538338089
XGB,0.7164127627891957,0.7296245742495951,0.7107144828456304,0.781615033011681,0.7821063891624704,"{'max_depth': 3, 'learning_rate': 0.1, 'n_estimators': 100}","['mfcc_6', 'wav_detail_lvl5_std', 'mfcc_10', 'wav_detail_lvl3_std', 'zcr_mean']",0.5752961082910322,0.6007067137809188,0.551948051948052,0.6442404318527064,0.6710204081632654,0.7418772563176895,0.6125186289120715,0.7513605706765976,0.9029217719132894,0.8462897526501767,0.9676767676767677,0.9507181649581072
XGB,0.7164111189935966,0.7459244971685379,0.7018621026817748,0.787201625190452,0.7588534125940624,"{'max_depth': 3, 'learning_rate': 0.01, 'n_estimators': 100}","['mfcc_6', 'mfcc_3', 'mfcc_5', 'wav_detail_lvl5_std', 'mfcc_8', 'mfcc_10', 'spec_centroid']",0.5523809523809524,0.6682027649769585,0.4707792207792208,0.6289662067529546,0.6966640806826998,0.7265372168284789,0.669150521609538,0.6992851767250567,0.9001883239171374,0.8430335097001763,0.9656565656565657,0.9483088543041757
XGB,0.7164097243499182,0.7348864922737589,0.705750715586781,0.7856780091416963,0.7824103620013646,"{'max_depth': 5, 'learning_rate': 0.1, 'n_estimators': 50}","['mfcc_3', 'mfcc_5', 'wav_detail_lvl5_std', 'wav_detail_lvl3_std']",0.5537340619307832,0.6307053941908713,0.4935064935064935,0.6575896410522669,0.6887519260400616,0.7129186602870813,0.6661698956780924,0.7252531554745593,0.9067431850789096,0.8610354223433242,0.9575757575757575,0.9643882894772678
XGB,0.7163486558019686,0.7258827910115985,0.7103300767235193,0.7841543930929405,0.7794508375701655,"{'max_depth': 5, 'learning_rate': 0.1, 'n_estimators': 100}","['mfcc_6', 'mfcc_3', 'mfcc_11', 'wav_detail_lvl5_std', 'wav_detail_lvl3_std']",0.5532646048109966,0.5875912408759124,0.5227272727272727,0.6328335272194546,0.6864274570982839,0.7201309328968903,0.6557377049180327,0.7419445911986626,0.9093539054966249,0.8699261992619927,0.9525252525252526,0.9635743942923793
XGB,0.7162457107589679,0.7312055007653709,0.7100765658142708,0.7770441848654139,0.7620978769882468,"{'max_depth': 3, 'learning_rate': 0.1, 'n_estimators': 50}","['mfcc_6', 'mfcc_3', 'mfcc_11', 'mfcc_10', 'spec_centroid']",0.597623089983022,0.6263345195729537,0.5714285714285714,0.6332413766125409,0.6551440329218107,0.7316176470588235,0.5931445603576752,0.6990796315004697,0.8959700093720713,0.8356643356643356,0.9656565656565657,0.9539726228517299
XGB,0.7162078783250707,0.7287629263127102,0.7114052310773622,0.781615033011681,0.7716686877324186,"{'max_depth': 3, 'learning_rate': 0.01, 'n_estimators': 100}","['mfcc_6', 'mfcc_3', 'mfcc_5', 'mfcc_8', 'wav_detail_lvl3_std']",0.5771812080536913,0.5972222222222222,0.5584415584415584,0.6602218491227251,0.6661197703035275,0.7408759124087592,0.6050670640834576,0.7132561601028968,0.9053226566179934,0.8481906443071492,0.9707070707070707,0.9415280539716335
XGB,0.7162003541329381,0.7429069152324047,0.7023612392464852,0.7831386490604367,0.7734081389221646,"{'max_depth': 3, 'learning_rate': 0.1, 'n_estimators': 50}","['mfcc_6', 'mfcc_3', 'wav_detail_lvl5_std', 'mfcc_8', 'zcr_mean', 'spec_centroid']",0.5623836126629422,0.6593886462882096,0.4902597402597403,0.6582606422560378,0.6950354609929078,0.7374581939799331,0.6572280178837556,0.7133816251291192,0.8911819887429644,0.8318739054290718,0.9595959595959596,0.9485821493813371
XGB,0.7161582194443467,0.7200550619106555,0.7167924364645676,0.7739969527679025,0.7707205504156184,"{'max_depth': 3, 'learning_rate': 0.1, 'n_estimators': 100}","['mfcc_5', 'mfcc_10', 'wav_detail_lvl3_std', 'spec_centroid']",0.5933014354066986,0.5830721003134797,0.6038961038961039,0.6350341890433369,0.65642683912692,0.7173144876325088,0.6050670640834576,0.7287672913997093,0.8987463837994214,0.8597785977859779,0.9414141414141414,0.9483601708038092
XGB,0.7161570743793616,0.7308354604668631,0.7100418706976083,0.7790756729304216,0.7763643544689917,"{'max_depth': 3, 'learning_rate': 0.01, 'n_estimators': 100}","['mfcc_6', 'mfcc_5', 'mfcc_11', 'mfcc_8', 'mfcc_10', 'wav_detail_lvl3_std', 'zcr_mean', 'spec_centroid']",0.5820642978003384,0.607773851590106,0.5584415584415584,0.6541156023847658,0.6710526315789473,0.7486238532110092,0.6080476900149031,0.7210735959670349,0.8953542937587987,0.8361086765994742,0.9636363636363636,0.9539038650551743
XGB,0.7161504507770003,0.7426206067933756,0.7024665073845401,0.7831386490604367,0.784783972225775,"{'max_depth': 3, 'learning_rate': 0.1, 'n_estimators': 50}","['mfcc_6', 'mfcc_3', 'wav_detail_lvl5_std', 'wav_detail_lvl3_std', 'zcr_mean', 'spec_centroid']",0.5650557620817844,0.6608695652173913,0.4935064935064935,0.6705087259536987,0.6898184688239937,0.7332214765100671,0.6512667660208644,0.7374703693541353,0.8935771214252227,0.8337707786526685,0.9626262626262626,0.9463728213694909
XGB,0.7161465628498217,0.7308114538423921,0.7091737042556714,0.7800914169629254,0.7758892120877103,"{'max_depth': 5, 'learning_rate': 0.1, 'n_estimators': 100}","['mfcc_6', 'wav_detail_lvl5_std', 'wav_detail_lvl3_std', 'spec_centroid']",0.5743589743589743,0.6064981949458483,0.5454545454545454,0.633483003454975,0.6786004882017901,0.7473118279569892,0.6214605067064084,0.7443434698088519,0.8954802259887006,0.8386243386243386,0.9606060606060606,0.9498411629993038
XGB,0.716125572017741,0.7346346394261091,0.7058725427577887,0.7861858811579482,0.7781380989208485,"{'max_depth': 3, 'learning_rate': 0.1, 'n_estimators': 50}","['mfcc_6', 'mfcc_5', 'mfcc_11', 'wav_detail_lvl5_std', 'mfcc_8']",0.5503597122302158,0.6169354838709677,0.4967532467532468,0.651475959445645,0.6950354609929078,0.7374581939799331,0.6572280178837556,0.7160971593335542,0.9029815428300993,0.8495102404274265,0.9636363636363636,0.9668411779833462
XGB,0.7161164987178096,0.7293688006000186,0.7102177118570561,0.7811071609954292,0.7757433483459336,"{'max_depth': 3, 'learning_rate': 0.01, 'n_estimators': 100}","['mfcc_6', 'mfcc_3', 'mfcc_5', 'mfcc_11', 'mfcc_8', 'wav_detail_lvl3_std', 'zcr_mean', 'spec_centroid']",0.5772495755517827,0.604982206405694,0.551948051948052,0.6551940447426614,0.6677524429967426,0.7360861759425493,0.6110283159463488,0.721762545668047,0.9033474776049033,0.8470380194518126,0.9676767676767677,0.9502734546270922
XGB,0.7160807407099452,0.7363144297622671,0.7050729780237978,0.7846622651091925,0.7764675390916872,"{'max_depth': 3, 'learning_rate': 0.1, 'n_estimators': 50}","['mfcc_6', 'mfcc_3', 'wav_detail_lvl5_std', 'mfcc_8', 'mfcc_10', 'zcr_mean', 'spec_centroid']",0.5615942028985508,0.6352459016393442,0.5032467532467533,0.6530672568658685,0.6829652996845426,0.7252931323283082,0.6453055141579732,0.7243453179450705,0.9036827195467422,0.848404255319149,0.9666666666666667,0.9519900424641227
XGB,0.7159943628746582,0.7286202726472176,0.7080776539792932,0.7821229050279329,0.7685343346899772,"{'max_depth': 3, 'learning_rate': 0.1, 'n_estimators': 50}","['mfcc_5', 'wav_detail_lvl5_std', 'mfcc_8', 'mfcc_10', 'wav_detail_lvl3_std', 'zcr_mean']",0.5614035087719298,0.6106870229007634,0.5194805194805194,0.6334039257634149,0.6822066822066822,0.7126623376623377,0.65424739195231,0.714288796599941,0.9043728976453628,0.8625114573785518,0.9505050505050505,0.9579102817065759
XGB,0.7159545951638547,0.7221134557174894,0.7145135981201555,0.7821229050279329,0.7777217963507574,"{'max_depth': 3, 'learning_rate': 0.1, 'n_estimators': 50}","['mfcc_3', 'mfcc_11', 'mfcc_8', 'mfcc_10', 'wav_detail_lvl3_std', 'spec_centroid']",0.5658536585365853,0.5667752442996743,0.564935064935065,0.6449232231201361,0.6688206785137318,0.7301587301587301,0.61698956780924,0.7260393965340602,0.913189448441247,0.869406392694064,0.9616161616161616,0.9622027693980759
XGB,0.7159463161475234,0.7366899446321828,0.7056789597773205,0.7775520568816658,0.7637296710899987,"{'max_depth': 3, 'learning_rate': 0.01, 'n_estimators': 100}","['mfcc_6', 'wav_detail_lvl5_std', 'mfcc_8', 'wav_detail_lvl3_std', 'zcr_mean']",0.5845070422535211,0.6384615384615384,0.538961038961039,0.6587973199457507,0.6775510204081633,0.7490974729241877,0.6184798807749627,0.7080395381764018,0.8857808857808858,0.8225108225108225,0.9595959595959596,0.9243521551478433
XGB,0.7159237700510902,0.7247339122003859,0.7138733155126599,0.7821229050279329,0.7884490835097949,"{'max_depth': 5, 'learning_rate': 0.1, 'n_estimators': 50}","['mfcc_6', 'mfcc_3', 'mfcc_11', 'mfcc_8', 'wav_detail_lvl3_std', 'zcr_mean']",0.5667752442996743,0.5686274509803921,0.564935064935065,0.6369148821731441,0.6726825266611977,0.7481751824817519,0.6110283159463488,0.7603332963128331,0.9083135391923991,0.8573991031390135,0.9656565656565657,0.9680990720434075
XGB,0.7159160721284238,0.7382219448883663,0.7040439524046082,0.787201625190452,0.793747243347943,"{'max_depth': 3, 'learning_rate': 0.1, 'n_estimators': 50}","['mfcc_6', 'mfcc_5', 'mfcc_11', 'wav_detail_lvl5_std', 'mfcc_10', 'zcr_mean']",0.5488029465930019,0.6340425531914894,0.4837662337662338,0.6641434396376885,0.6948356807511737,0.7314662273476112,0.6616989567809239,0.751121643908377,0.9041095890410958,0.8491570541259982,0.9666666666666667,0.9659766464977637
XGB,0.7158900905214294,0.7322613091658042,0.7087108398583809,0.7790756729304216,0.7651952873359456,"{'max_depth': 3, 'learning_rate': 0.1, 'n_estimators': 50}","['mfcc_6', 'mfcc_10', 'wav_detail_lvl3_std', 'zcr_mean', 'spec_centroid']",0.5811965811965812,0.6137184115523465,0.551948051948052,0.6372435477246059,0.6726973684210527,0.7504587155963303,0.6095380029806259,0.7181531875757144,0.8937763219466542,0.8326068003487358,0.9646464646464646,0.9401891267075161
XGB,0.7158811383228737,0.7315437457017989,0.7069887004313232,0.7861858811579482,0.7824331556948335,"{'max_depth': 3, 'learning_rate': 0.1, 'n_estimators': 50}","['mfcc_3', 'mfcc_5', 'mfcc_11', 'wav_detail_lvl5_std', 'mfcc_8', 'mfcc_10', 'wav_detail_lvl3_std', 'zcr_mean']",0.5541740674955595,0.611764705882353,0.5064935064935064,0.6440439065165048,0.6823899371069182,0.7221297836938436,0.646795827123696,0.7306437426970146,0.9110794103661436,0.8607367475292004,0.9676767676767677,0.9726118178709812
XGB,0.7158762112730971,0.721246564183739,0.7131545746299844,0.7795835449466735,0.7684920234816897,"{'max_depth': 3, 'learning_rate': 0.1, 'n_estimators': 50}","['mfcc_5', 'mfcc_8', 'wav_detail_lvl3_std', 'spec_centroid']",0.5643564356435643,0.5738255033557047,0.5551948051948052,0.6293364158621487,0.6782334384858044,0.7202680067001676,0.6408345752608048,0.7204634209879558,0.9050387596899225,0.8696461824953445,0.9434343434343434,0.9556762335949642
XGB,0.7158422576331324,0.7449823570469452,0.7012947586718079,0.7846622651091925,0.7727323304847422,"{'max_depth': 3, 'learning_rate': 0.01, 'n_estimators': 100}","['mfcc_6', 'mfcc_5', 'mfcc_11', 'wav_detail_lvl5_std', 'mfcc_8', 'wav_detail_lvl3_std', 'zcr_mean', 'spec_centroid']",0.5584905660377358,0.6666666666666666,0.4805194805194805,0.6476808323829389,0.6944226237234878,0.7342192691029901,0.6587183308494784,0.7177198445505426,0.8946135831381733,0.834061135371179,0.9646464646464646,0.9527963145207452
XGB,0.7158216576484215,0.7385887662939151,0.7036043495059889,0.7821229050279329,0.7868269870003274,"{'max_depth': 3, 'learning_rate': 0.1, 'n_estimators': 50}","['mfcc_6', 'wav_detail_lvl5_std', 'wav_detail_lvl3_std', 'zcr_mean']",0.5610200364298725,0.6390041493775933,0.5,0.668830717731095,0.6968253968253968,0.7453310696095077,0.65424739195231,0.744202374675865,0.8896195396899953,0.8314310798946444,0.9565656565656566,0.9474478685940223
XGB,0.7157712937693956,0.7307496240641713,0.7090865722013264,0.7775520568816658,0.7722328481782005,"{'max_depth': 3, 'learning_rate': 0.1, 'n_estimators': 50}","['mfcc_6', 'wav_detail_lvl3_std', 'zcr_mean', 'spec_centroid']",0.5806451612903226,0.608540925266904,0.5551948051948052,0.6426719852506972,0.6770491803278689,0.7522768670309654,0.6154992548435171,0.7257712841906157,0.8896195396899953,0.8314310798946444,0.9565656565656566,0.9482552750932887
XGB,0.7157234472106172,0.7555989396573858,0.6981682555453048,0.7866937531742001,0.7719186007357738,"{'max_depth': 3, 'learning_rate': 0.01, 'n_estimators': 100}","['mfcc_5', 'mfcc_11', 'wav_detail_lvl5_std', 'mfcc_8', 'mfcc_10', 'wav_detail_lvl3_std', 'zcr_mean', 'spec_centroid']",0.5579567779960707,0.7064676616915423,0.461038961038961,0.6309104729184541,0.6927899686520376,0.7305785123966942,0.6587183308494784,0.7280482812794985,0.8964235949837436,0.8297506448839209,0.9747474747474747,0.9567970480093685
XGB,0.7156801159093908,0.727535647419684,0.7090510885592852,0.7811071609954292,0.791718951158107,"{'max_depth': 3, 'learning_rate': 0.1, 'n_estimators': 50}","['mfcc_5', 'mfcc_11', 'wav_detail_lvl3_std', 'zcr_mean']",0.5670103092783505,0.6021897810218978,0.5357142857142857,0.6546804239689192,0.6772655007949125,0.7257240204429302,0.6348733233979136,0.7573293150454217,0.9027645376549094,0.8546931407942239,0.9565656565656566,0.9631471144599801
XGB,0.7156570626719881,0.7415080416915466,0.7023253613417548,0.7790756729304216,0.7780510291864875,"{'max_depth': 3, 'learning_rate': 0.01, 'n_estimators': 100}","['mfcc_6', 'mfcc_3', 'wav_detail_lvl5_std', 'mfcc_8', 'wav_detail_lvl3_std', 'zcr_mean', 'spec_centroid']",0.5787545787545788,0.6638655462184874,0.512987012987013,0.6560379461048645,0.6810897435897436,0.7365684575389948,0.6333830104321908,0.7356296071930433,0.8871268656716418,0.8240901213171578,0.9606060606060606,0.9424855342615548
XGB,0.7156523264063259,0.7464097399162544,0.7008303172237599,0.7866937531742001,0.7789297149281503,"{'max_depth': 3, 'learning_rate': 0.01, 'n_estimators': 100}","['mfcc_3', 'mfcc_5', 'mfcc_11', 'wav_detail_lvl5_std', 'mfcc_8', 'mfcc_10', 'wav_detail_lvl3_std', 'zcr_mean', 'spec_centroid']",0.5551330798479087,0.6697247706422018,0.474025974025974,0.6486196033977621,0.6918238993710691,0.7321131447587355,0.6557377049180327,0.7380584928529482,0.9,0.837391304347826,0.9727272727272728,0.9501110485337407
XGB,0.7156470353916013,0.721874261752894,0.7131029262176803,0.7734890807516506,0.7812371142216024,"{'max_depth': 3, 'learning_rate': 0.1, 'n_estimators': 100}","['mfcc_3', 'mfcc_5', 'mfcc_10', 'wav_detail_lvl3_std', 'zcr_mean', 'spec_centroid']",0.5921052631578947,0.6,0.5844155844155844,0.6604158186087762,0.6597444089456869,0.7108433734939759,0.6154992548435171,0.7282502197913686,0.8950914340712224,0.8547794117647058,0.9393939393939394,0.9550453042646624
XGB,0.7155652543254262,0.7293232806091096,0.7106837303558615,0.7760284408329101,0.77568074271088,"{'max_depth': 3, 'learning_rate': 0.1, 'n_estimators': 50}","['mfcc_6', 'wav_detail_lvl3_std', 'zcr_mean']",0.5856905158069884,0.6006825938566553,0.5714285714285714,0.6438469370805724,0.6727423363711682,0.7574626865671642,0.6050670640834576,0.7382263485968282,0.888262910798122,0.8298245614035088,0.9555555555555556,0.9449689424552394
XGB,0.715558014638818,0.7421800815568874,0.7020734274832635,0.7856780091416963,0.7700490948692598,"{'max_depth': 3, 'learning_rate': 0.01, 'n_estimators': 100}","['mfcc_3', 'mfcc_5', 'mfcc_11', 'wav_detail_lvl5_std', 'mfcc_8', 'wav_detail_lvl3_std', 'zcr_mean']",0.5570093457943925,0.6563876651982379,0.4837662337662338,0.6465634646518986,0.6886792452830188,0.7287853577371048,0.6527570789865872,0.7176047811152504,0.9009854528390427,0.8413672217353199,0.9696969696969697,0.9459790388406302
XGB,0.7155198421178377,0.7413652098203332,0.7022709530906251,0.7866937531742001,0.7479430297588848,"{'max_depth': 3, 'learning_rate': 0.01, 'n_estimators': 100}","['mfcc_6', 'mfcc_5', 'wav_detail_lvl5_std', 'mfcc_8', 'zcr_mean']",0.5468164794007491,0.6460176991150443,0.474025974025974,0.625089881195598,0.7010148321623731,0.7360655737704918,0.669150521609538,0.6886033445839634,0.898728214790391,0.8420123565754634,0.9636363636363636,0.9301358634970927
XGB,0.715502175978792,0.7371409213620314,0.7059234026447142,0.7770441848654139,0.7897942721234532,"{'max_depth': 5, 'learning_rate': 0.01, 'n_estimators': 100}","['mfcc_6', 'mfcc_3', 'mfcc_11', 'wav_detail_lvl5_std', 'wav_detail_lvl3_std', 'spec_centroid']",0.5944055944055944,0.6439393939393939,0.551948051948052,0.6633896501294898,0.6628003314001657,0.746268656716418,0.5961251862891207,0.7430590328489253,0.889300602130616,0.8212147134302823,0.9696969696969697,0.9629341333919448
XGB,0.7155003417482151,0.7270279352493403,0.7088752473998375,0.7790756729304216,0.7750776879683489,"{'max_depth': 3, 'learning_rate': 0.1, 'n_estimators': 50}","['mfcc_5', 'mfcc_10', 'wav_detail_lvl3_std', 'zcr_mean']",0.5738831615120275,0.6094890510948905,0.5422077922077922,0.6425377471581185,0.6719492868462758,0.7174280879864636,0.6318926974664679,0.7418282761178733,0.9006685768863419,0.8541666666666666,0.9525252525252526,0.9408670406290545
XGB,0.715456089319802,0.7347251044155604,0.7045091823780348,0.7836465210766886,0.7973096644766553,"{'max_depth': 3, 'learning_rate': 0.1, 'n_estimators': 50}","['mfcc_5', 'mfcc_11', 'wav_detail_lvl5_std', 'spec_centroid']",0.5563636363636364,0.6322314049586777,0.4967532467532468,0.6631752237891806,0.6889580093312597,0.7203252032520325,0.6602086438152012,0.7600877234368836,0.90104662226451,0.8516187050359713,0.9565656565656566,0.9686660462039018
XGB,0.7154050370789099,0.7274934399046975,0.7111083512722858,0.7775520568816658,0.7765214922151346,"{'max_depth': 3, 'learning_rate': 0.1, 'n_estimators': 50}","['mfcc_6', 'mfcc_3', 'wav_detail_lvl3_std', 'zcr_mean']",0.5813953488372093,0.5952380952380952,0.5681818181818182,0.6528123047087548,0.6699588477366255,0.7481617647058824,0.6065573770491803,0.7425277472714578,0.8948609146628949,0.8390804597701149,0.9585858585858585,0.9342244246651908
XGB,0.7153895067475405,0.7339397387627201,0.7052503962340029,0.7836465210766886,0.7753860567006857,"{'max_depth': 3, 'learning_rate': 0.1, 'n_estimators': 50}","['mfcc_6', 'mfcc_3', 'wav_detail_lvl5_std', 'mfcc_8', 'mfcc_10', 'wav_detail_lvl3_std', 'zcr_mean']",0.5627240143369175,0.628,0.5097402597402597,0.6611404130719369,0.6793349168646081,0.7246621621621622,0.639344262295082,0.7151384479690353,0.9041095890410958,0.8491570541259982,0.9666666666666667,0.9498793090610853
XGB,0.7153762880362214,0.7231860589191532,0.7120829686403457,0.7826307770441848,0.7648653318831998,"{'max_depth': 5, 'learning_rate': 0.1, 'n_estimators': 100}","['mfcc_6', 'mfcc_3', 'mfcc_11', 'wav_detail_lvl5_std', 'mfcc_10', 'wav_detail_lvl3_std']",0.560530679933665,0.5728813559322034,0.5487012987012987,0.6142218384788019,0.6741573033707865,0.7304347826086957,0.6259314456035767,0.7138251089189539,0.9114408808042126,0.8662420382165605,0.9616161616161616,0.9665490482518433
XGB,0.7153683186324242,0.7358455034807846,0.7044003658757757,0.7821229050279329,0.7771856604016211,"{'max_depth': 3, 'learning_rate': 0.1, 'n_estimators': 50}","['mfcc_6', 'mfcc_3', 'wav_detail_lvl5_std', 'mfcc_8', 'wav_detail_lvl3_std', 'zcr_mean']",0.564748201438849,0.6330645161290323,0.5097402597402597,0.664111880490467,0.6852589641434262,0.7363013698630136,0.6408345752608048,0.7216909954817257,0.8960977903149977,0.8381706244503079,0.9626262626262626,0.9457541052326706
XGB,0.7153300353785456,0.7272597094222976,0.7091563566973402,0.7811071609954292,0.7410659419729494,"{'max_depth': 3, 'learning_rate': 0.01, 'n_estimators': 100}","['mfcc_5', 'wav_detail_lvl3_std']",0.5665529010238908,0.5971223021582733,0.538961038961039,0.6218688973094861,0.6768243785084203,0.7326388888888888,0.6289120715350224,0.7013124471014903,0.9026128266033254,0.852017937219731,0.9595959595959596,0.9000164815078717
XGB,0.7151978970597308,0.7277893102979173,0.7075252919515215,0.7831386490604367,0.8017265924455693,"{'max_depth': 3, 'learning_rate': 0.1, 'n_estimators': 100}","['mfcc_3', 'mfcc_11', 'wav_detail_lvl5_std', 'mfcc_10', 'wav_detail_lvl3_std', 'spec_centroid']",0.5569176882661997,0.6045627376425855,0.5162337662337663,0.6710483640572115,0.6807181889149102,0.7147540983606557,0.6497764530551415,0.7687512435631517,0.9079578139980825,0.8640510948905109,0.9565656565656566,0.9653801697163448
XGB,0.7151543619666162,0.7259565059641321,0.7092285067694905,0.7800914169629254,0.7799499710673886,"{'max_depth': 3, 'learning_rate': 0.1, 'n_estimators': 50}","['mfcc_5', 'mfcc_11', 'mfcc_10', 'wav_detail_lvl3_std', 'zcr_mean']",0.5699658703071673,0.6007194244604317,0.5422077922077922,0.6389985751680384,0.6714399363564041,0.7201365187713311,0.6289120715350224,0.7462312579683019,0.9040572792362769,0.8570135746606334,0.9565656565656566,0.9546200800658257
XGB,0.7151361194444097,0.7427185194748075,0.7010483444909674,0.7805992889791773,0.7488271656865445,"{'max_depth': 3, 'learning_rate': 0.01, 'n_estimators': 100}","['mfcc_6', 'wav_detail_lvl5_std', 'mfcc_8', 'mfcc_10', 'zcr_mean']",0.5677179962894249,0.6623376623376623,0.4967532467532468,0.6366511399676116,0.6910828025477707,0.7418803418803419,0.646795827123696,0.6817550481933607,0.8866075594960336,0.823937554206418,0.9595959595959596,0.9280753088986615
XGB,0.7151099770032707,0.729210833147059,0.7089430605824049,0.7780599288979178,0.7803705437280732,"{'max_depth': 3, 'learning_rate': 0.1, 'n_estimators': 50}","['mfcc_6', 'mfcc_3', 'wav_detail_lvl3_std', 'zcr_mean', 'spec_centroid']",0.5796610169491525,0.6063829787234043,0.5551948051948052,0.659203699904864,0.6710310965630114,0.7441016333938294,0.6110283159463488,0.741104881144444,0.8946378174976481,0.8371478873239436,0.9606060606060606,0.9408030501349117
XGB,0.7150841723286016,0.7268737079206394,0.708551951994575,0.7851701371254444,0.7929121796135998,"{'max_depth': 5, 'learning_rate': 0.1, 'n_estimators': 100}","['mfcc_6', 'mfcc_3', 'mfcc_11', 'wav_detail_lvl5_std', 'zcr_mean']",0.5473321858864028,0.5824175824175825,0.5162337662337663,0.6405575521650672,0.6894360603653693,0.7380952380952381,0.646795827123696,0.7703827302516342,0.9084842707340324,0.8601083032490975,0.9626262626262626,0.9677962564240982
XGB,0.7150724868331645,0.7373534306798555,0.7042698649256026,0.781615033011681,0.7444971105456418,"{'max_depth': 3, 'learning_rate': 0.01, 'n_estimators': 50}","['mfcc_6', 'mfcc_3', 'mfcc_5']",0.5806451612903226,0.648,0.525974025974026,0.602701914913131,0.6623376623376623,0.7272727272727273,0.6080476900149031,0.7002470319533519,0.9022346368715084,0.8367875647668394,0.9787878787878788,0.9305423847704426
XGB,0.7150311645224904,0.7354097929482518,0.7039907269415466,0.7841543930929405,0.7848716457387273,"{'max_depth': 3, 'learning_rate': 0.1, 'n_estimators': 50}","['mfcc_6', 'mfcc_3', 'wav_detail_lvl5_std', 'mfcc_10', 'wav_detail_lvl3_std', 'zcr_mean', 'spec_centroid']",0.558983666061706,0.6337448559670782,0.5,0.6723717104913199,0.6824271079590228,0.7240802675585284,0.6453055141579732,0.7298605673080167,0.9036827195467422,0.848404255319149,0.9666666666666667,0.9523826594168452
XGB,0.7150043222555311,0.7299684920581001,0.7059123632894124,0.7826307770441848,0.7992354444954025,"{'max_depth': 3, 'learning_rate': 0.1, 'n_estimators': 50}","['mfcc_5', 'wav_detail_lvl5_std', 'wav_detail_lvl3_std', 'spec_centroid']",0.5561497326203209,0.616600790513834,0.5064935064935064,0.6719831506699425,0.6847405112316034,0.7129032258064516,0.6587183308494784,0.7655008252401405,0.9041227229146692,0.8604014598540146,0.9525252525252526,0.9602223575761245
XGB,0.7149801243881685,0.7192372155231239,0.7153312989378563,0.7811071609954292,0.7726045356836148,"{'max_depth': 3, 'learning_rate': 0.1, 'n_estimators': 50}","['mfcc_5', 'mfcc_11', 'mfcc_8', 'wav_detail_lvl3_std', 'zcr_mean']",0.5614035087719298,0.5517241379310345,0.5714285714285714,0.6289420581949491,0.6693613581244947,0.7314487632508834,0.61698956780924,0.7219047542668945,0.914175506268081,0.8745387453874539,0.9575757575757575,0.9669667945890008
XGB,0.7149708225658405,0.7373019331451344,0.7028580102350593,0.7836465210766886,0.7438646121891472,"{'max_depth': 3, 'learning_rate': 0.01, 'n_estimators': 100}","['mfcc_3', 'mfcc_5', 'wav_detail_lvl5_std', 'mfcc_8', 'mfcc_10']",0.5561694290976059,0.6425531914893617,0.4902597402597403,0.6048557582035374,0.6895475819032761,0.723404255319149,0.6587183308494784,0.6773254529027175,0.8991954566966398,0.8459483526268923,0.9595959595959596,0.9494126254611867
XGB,0.7148784222313633,0.7367935843639168,0.7038677169824711,0.7775520568816658,0.7860599904735711,"{'max_depth': 5, 'learning_rate': 0.01, 'n_estimators': 100}","['mfcc_6', 'mfcc_3', 'mfcc_11', 'wav_detail_lvl3_std', 'zcr_mean', 'spec_centroid']",0.5846702317290553,0.6482213438735178,0.5324675324675324,0.6551152053189059,0.6704545454545454,0.7361853832442068,0.6154992548435171,0.7473090226482758,0.8895104895104895,0.825974025974026,0.9636363636363636,0.9557557434535318
XGB,0.7148591576876013,0.743414462502933,0.7006205694730285,0.7851701371254444,0.7526844031312976,"{'max_depth': 3, 'learning_rate': 0.01, 'n_estimators': 100}","['mfcc_3', 'mfcc_5', 'wav_detail_lvl5_std', 'zcr_mean']",0.553030303030303,0.6636363636363637,0.474025974025974,0.6267184928386849,0.6931464174454829,0.7259380097879282,0.6631892697466468,0.6835715415432648,0.8984007525870179,0.840669014084507,0.9646464646464646,0.9477631750119433
XGB,0.7147763169837841,0.7437265227528466,0.7004944054124382,0.7846622651091925,0.7394953528843086,"{'max_depth': 3, 'learning_rate': 0.01, 'n_estimators': 100}","['mfcc_5', 'wav_detail_lvl5_std', 'mfcc_10']",0.5574387947269304,0.6636771300448431,0.4805194805194805,0.6104680132421494,0.6892744479495269,0.7319932998324958,0.6512667660208644,0.6883135141884766,0.8976157082748948,0.835509138381201,0.9696969696969697,0.9197045312222998
XGB,0.7147446222501266,0.7231614549616451,0.7138914515963696,0.7795835449466735,0.7776828123437999,"{'max_depth': 5, 'learning_rate': 0.1, 'n_estimators': 50}","['mfcc_6', 'mfcc_11', 'mfcc_10', 'wav_detail_lvl3_std', 'zcr_mean', 'spec_centroid']",0.573268921095008,0.5686900958466453,0.577922077922078,0.6255541765489891,0.6644628099173554,0.7458256029684601,0.5991058122205664,0.7357931514062936,0.9065021357380162,0.8549686660698299,0.9646464646464646,0.9717011090761168
XGB,0.7147003709405921,0.7263112029277825,0.7080567580567582,0.781615033011681,0.776460315980977,"{'max_depth': 3, 'learning_rate': 0.1, 'n_estimators': 50}","['mfcc_5', 'mfcc_11', 'mfcc_10', 'wav_detail_lvl3_std', 'spec_centroid']",0.5620689655172414,0.5992647058823529,0.5292207792207793,0.6256885955479775,0.6756329113924051,0.7200674536256324,0.6363636363636364,0.7423815346160039,0.9063992359121299,0.8596014492753623,0.9585858585858585,0.9613108177789493
XGB,0.7146219643776162,0.7338967568047385,0.704062088488318,0.7846622651091925,0.7476306759879815,"{'max_depth': 3, 'learning_rate': 0.01, 'n_estimators': 100}","['mfcc_5', 'mfcc_11', 'wav_detail_lvl5_std', 'mfcc_8', 'mfcc_10', 'wav_detail_lvl3_std']",0.5533453887884268,0.6244897959183674,0.4967532467532468,0.6108618938798646,0.6860739575137687,0.7266666666666667,0.6497764530551415,0.6917840307350697,0.9044465468306528,0.8505338078291815,0.9656565656565657,0.9402461033490103
XGB,0.7146015561094993,0.7193512990501306,0.7167135839266986,0.7795835449466735,0.7909799900148209,"{'max_depth': 5, 'learning_rate': 0.1, 'n_estimators': 50}","['mfcc_6', 'mfcc_3', 'mfcc_5', 'mfcc_11', 'mfcc_8', 'mfcc_10', 'wav_detail_lvl3_std', 'spec_centroid']",0.5705329153605015,0.5515151515151515,0.5909090909090909,0.6465436037145015,0.660082304526749,0.7371323529411765,0.5976154992548435,0.7494778125732005,0.913189448441247,0.869406392694064,0.9616161616161616,0.9769185537567608
XGB,0.7145922789415063,0.7339986568803522,0.7040794360466491,0.7836465210766886,0.778716657289948,"{'max_depth': 5, 'learning_rate': 0.01, 'n_estimators': 100}","['mfcc_6', 'mfcc_5', 'mfcc_11', 'wav_detail_lvl5_std', 'mfcc_8', 'zcr_mean']",0.5585585585585585,0.6275303643724697,0.5032467532467533,0.6386845737033336,0.6819620253164557,0.7268128161888702,0.6423248882265276,0.7258514271566551,0.9032562529495045,0.8476527900797166,0.9666666666666667,0.971613971009855
XGB,0.714577167279756,0.7267874581898973,0.7076479076479076,0.7821229050279329,0.7677381849840271,"{'max_depth': 3, 'learning_rate': 0.1, 'n_estimators': 50}","['mfcc_3', 'mfcc_5', 'wav_detail_lvl5_std', 'mfcc_8', 'mfcc_10', 'wav_detail_lvl3_std', 'zcr_mean']",0.5605536332179931,0.6,0.525974025974026,0.6416481219016935,0.6761678543151227,0.7212837837837838,0.6363636363636364,0.6970077417123606,0.9070100143061517,0.8590785907859079,0.9606060606060606,0.9645586913380272
XGB,0.714570415742874,0.7213354637876789,0.7168188520647537,0.7795835449466735,0.7840314895945036,"{'max_depth': 5, 'learning_rate': 0.1, 'n_estimators': 100}","['mfcc_6', 'mfcc_3', 'mfcc_11', 'mfcc_8', 'wav_detail_lvl3_std', 'spec_centroid']",0.5709828393135725,0.5495495495495496,0.5941558441558441,0.6221811811459232,0.662771285475793,0.7533206831119544,0.5916542473919523,0.7650027219856008,0.9099571224392567,0.8611361587015329,0.9646464646464646,0.964910565651987
XGB,0.7145548655045877,0.7414747038696531,0.7009572698097287,0.7856780091416963,0.7611434233473311,"{'max_depth': 3, 'learning_rate': 0.01, 'n_estimators': 100}","['mfcc_6', 'mfcc_3', 'mfcc_5', 'wav_detail_lvl5_std', 'mfcc_8', 'zcr_mean']",0.5499058380414312,0.6547085201793722,0.474025974025974,0.6266815236813676,0.6931464174454829,0.7259380097879282,0.6631892697466468,0.7096450939390885,0.9006123410268488,0.8437775816416593,0.9656565656565657,0.947103652421537
XGB,0.7145373250223587,0.7308406149588018,0.7046369234893826,0.7811071609954292,0.7923660053775334,"{'max_depth': 3, 'learning_rate': 0.1, 'n_estimators': 50}","['mfcc_3', 'mfcc_5', 'wav_detail_lvl5_std']",0.5585585585585585,0.6275303643724697,0.5032467532467533,0.6687940349085958,0.6835637480798771,0.705229793977813,0.6631892697466468,0.744610764990767,0.9014896684286401,0.8597616865261228,0.9474747474747475,0.9636932162332378
XGB,0.7144678590594897,0.7268280684242793,0.7095616587419866,0.7790756729304216,0.7733074794243212,"{'max_depth': 3, 'learning_rate': 0.01, 'n_estimators': 100}","['mfcc_6', 'mfcc_3', 'mfcc_5', 'mfcc_11', 'mfcc_8', 'mfcc_10', 'wav_detail_lvl3_std', 'zcr_mean']",0.5781512605042017,0.5993031358885017,0.5584415584415584,0.6499246576590628,0.662847790507365,0.73502722323049,0.6035767511177347,0.7216735823824705,0.9024045261669024,0.8461538461538461,0.9666666666666667,0.9483241982314301
XGB,0.7144359211698647,0.7304031657295712,0.7078060069863348,0.7775520568816658,0.7765749478298148,"{'max_depth': 3, 'learning_rate': 0.01, 'n_estimators': 100}","['mfcc_6', 'mfcc_5', 'mfcc_11', 'mfcc_8', 'wav_detail_lvl3_std', 'zcr_mean', 'spec_centroid']",0.5816326530612245,0.6107142857142858,0.5551948051948052,0.6567388503218267,0.6683168316831684,0.7486136783733827,0.6035767511177347,0.7176668482409292,0.8933582787652011,0.8318815331010453,0.9646464646464646,0.9553191449266887
XGB,0.7142668248247483,0.7365712223926778,0.7024475827754516,0.787201625190452,0.7711016848378022,"{'max_depth': 3, 'learning_rate': 0.1, 'n_estimators': 50}","['mfcc_6', 'mfcc_3', 'mfcc_5', 'wav_detail_lvl5_std', 'mfcc_8', 'mfcc_10']",0.5417439703153989,0.6320346320346321,0.474025974025974,0.6415332043880805,0.6940356312935708,0.7225806451612903,0.6676602086438153,0.7106594455303777,0.9070208728652751,0.855098389982111,0.9656565656565657,0.9611124045949483
XGB,0.7141951500542155,0.7241914962925118,0.7087865382947349,0.7795835449466735,0.773996960665943,"{'max_depth': 5, 'learning_rate': 0.1, 'n_estimators': 100}","['mfcc_6', 'mfcc_3', 'mfcc_11', 'wav_detail_lvl5_std']",0.5627118644067797,0.5886524822695035,0.538961038961039,0.6345128096514185,0.678343949044586,0.7282051282051282,0.6348733233979136,0.725500224061447,0.9015296367112811,0.8557168784029038,0.9525252525252526,0.9619778482849637
XGB,0.7141814397356813,0.7322076964789823,0.709401982352802,0.7699339766378872,0.7372735153726174,"{'max_depth': 3, 'learning_rate': 0.1, 'n_estimators': 50}","['mfcc_6', 'mfcc_3', 'mfcc_10']",0.6254180602006689,0.6448275862068965,0.6071428571428571,0.6136787413505487,0.6326530612244898,0.7366336633663366,0.5543964232488823,0.6768629051832286,0.8844731977818854,0.8151618398637138,0.9666666666666667,0.9212788995840748
XGB,0.7141649753999131,0.7292233025733182,0.7054668464504529,0.7805992889791773,0.7777421216579272,"{'max_depth': 3, 'learning_rate': 0.1, 'n_estimators': 100}","['mfcc_3', 'wav_detail_lvl5_std', 'mfcc_10', 'wav_detail_lvl3_std', 'zcr_mean']",0.564373897707231,0.6177606177606177,0.5194805194805194,0.6593051875196573,0.6761229314420804,0.717391304347826,0.639344262295082,0.725274438976512,0.9019980970504282,0.8525179856115108,0.9575757575757575,0.9486467384776126
XGB,0.7141593298348966,0.7306995745377005,0.705662400744368,0.7770441848654139,0.7693757053172336,"{'max_depth': 5, 'learning_rate': 0.1, 'n_estimators': 50}","['mfcc_6', 'mfcc_3', 'wav_detail_lvl5_std', 'spec_centroid']",0.577391304347826,0.6217228464419475,0.538961038961039,0.6446717058267122,0.6742118027485853,0.7367491166077739,0.6214605067064084,0.7195660805703467,0.8908748824082785,0.8336267605633803,0.9565656565656566,0.9438893295546421
XGB,0.7141287990212041,0.7357390284497128,0.7023612392464852,0.7831386490604367,0.7481495844171979,"{'max_depth': 3, 'learning_rate': 0.01, 'n_estimators': 100}","['mfcc_3', 'mfcc_5', 'wav_detail_lvl5_std', 'mfcc_8']",0.5541284403669725,0.6371308016877637,0.4902597402597403,0.6175672146892204,0.6890625,0.7241379310344828,0.6572280178837556,0.6769902664609907,0.8991954566966398,0.8459483526268923,0.9595959595959596,0.949891272101383
XGB,0.7140985008625508,0.7389793426360601,0.7012233971250366,0.7841543930929405,0.7679981471032948,"{'max_depth': 3, 'learning_rate': 0.01, 'n_estimators': 100}","['mfcc_3', 'mfcc_5', 'wav_detail_lvl5_std', 'mfcc_8', 'wav_detail_lvl3_std', 'zcr_mean']",0.5539033457249071,0.6478260869565218,0.4837662337662338,0.6457773433602487,0.6886274509803921,0.7268211920529801,0.65424739195231,0.709368352372631,0.8997647058823529,0.8422907488986784,0.9656565656565657,0.9488487455770048
XGB,0.7140765410986513,0.7264000084429854,0.7075043960289862,0.7826307770441848,0.792114151547849,"{'max_depth': 3, 'learning_rate': 0.1, 'n_estimators': 100}","['mfcc_6', 'mfcc_3', 'mfcc_5', 'wav_detail_lvl5_std', 'mfcc_10', 'zcr_mean']",0.5576592082616179,0.5934065934065934,0.525974025974026,0.6543619283057831,0.6767757382282522,0.7285223367697594,0.6318926974664679,0.7589694078982554,0.9077946768060836,0.8572710951526032,0.9646464646464646,0.9630111184395087
XGB,0.7140297477440688,0.7295753388871371,0.7078947160914374,0.7770441848654139,0.7747008173033617,"{'max_depth': 3, 'learning_rate': 0.01, 'n_estimators': 100}","['mfcc_6', 'mfcc_5', 'mfcc_11', 'mfcc_8', 'wav_detail_lvl3_std', 'spec_centroid']",0.5820642978003384,0.607773851590106,0.5584415584415584,0.6547429110058898,0.6666666666666666,0.7490706319702602,0.6005961251862891,0.7155319800483928,0.8933582787652011,0.8318815331010453,0.9646464646464646,0.9538275608558028
XGB,0.71399356876173,0.7360157793995349,0.703177757276118,0.7760284408329101,0.7697254850942117,"{'max_depth': 5, 'learning_rate': 0.1, 'n_estimators': 50}","['mfcc_6', 'wav_detail_lvl5_std', 'spec_centroid']",0.5805309734513274,0.6381322957198443,0.5324675324675324,0.6293766748162688,0.678659035159444,0.7518115942028986,0.6184798807749627,0.7339980900985954,0.8827906976744186,0.8181034482758621,0.9585858585858585,0.9458016903677707
XGB,0.7139311852752234,0.7410041628277292,0.7003177757276117,0.7841543930929405,0.7511869634626415,"{'max_depth': 3, 'learning_rate': 0.01, 'n_estimators': 100}","['mfcc_5', 'wav_detail_lvl5_std', 'mfcc_8', 'spec_centroid']",0.5543071161048689,0.6548672566371682,0.4805194805194805,0.622135804064998,0.6892210857592447,0.73,0.6527570789865872,0.6917805315654201,0.8982653539615565,0.8381452318460193,0.9676767676767677,0.9396445547575065
XGB,0.7139169727838378,0.7513212758611533,0.6977960715665633,0.7897409852717115,0.7634712266863524,"{'max_depth': 3, 'learning_rate': 0.01, 'n_estimators': 100}","['mfcc_5', 'mfcc_11', 'wav_detail_lvl5_std', 'mfcc_10', 'spec_centroid']",0.5375494071146245,0.6868686868686869,0.44155844155844154,0.6184388584502364,0.6994619523443505,0.7222222222222222,0.6780923994038748,0.7116901711855459,0.9047395588925388,0.8448729184925504,0.9737373737373738,0.960284650423275
XGB,0.7138801279564633,0.7303917433114978,0.7047189301287662,0.7851701371254444,0.7773346213075373,"{'max_depth': 3, 'learning_rate': 0.1, 'n_estimators': 50}","['mfcc_6', 'mfcc_5', 'mfcc_11', 'wav_detail_lvl5_std', 'mfcc_8', 'mfcc_10']",0.5444839857651246,0.6023622047244095,0.4967532467532468,0.6455270359444022,0.6919431279620853,0.7361344537815127,0.6527570789865872,0.7189555501831214,0.9052132701421801,0.8526785714285714,0.9646464646464646,0.9675212777950886
XGB,0.7138711120092194,0.7245011459118001,0.707438948422555,0.7790756729304216,0.7658411239492237,"{'max_depth': 3, 'learning_rate': 0.1, 'n_estimators': 50}","['mfcc_3', 'mfcc_5', 'wav_detail_lvl5_std', 'mfcc_8', 'mfcc_10', 'wav_detail_lvl3_std']",0.5645438898450946,0.6007326007326007,0.5324675324675324,0.6419443792273749,0.6739984289080911,0.7126245847176079,0.639344262295082,0.6935637886193744,0.9030710172744721,0.8601462522851919,0.9505050505050505,0.9620152040009217
XGB,0.7138487442823435,0.7232294180666236,0.7082400902073034,0.7775520568816658,0.7860896985267033,"{'max_depth': 5, 'learning_rate': 0.1, 'n_estimators': 100}","['mfcc_6', 'mfcc_3', 'mfcc_11', 'wav_detail_lvl5_std', 'spec_centroid']",0.564625850340136,0.5928571428571429,0.538961038961039,0.644190173813734,0.6792750197005516,0.7207357859531772,0.6423248882265276,0.7492768259117044,0.8976453628063431,0.8560953253895509,0.9434343434343434,0.9648020958546716
XGB,0.7138382765749184,0.7433428009613284,0.6993242337504633,0.7831386490604367,0.7532291957279803,"{'max_depth': 3, 'learning_rate': 0.01, 'n_estimators': 100}","['mfcc_5', 'wav_detail_lvl5_std', 'mfcc_8', 'zcr_mean', 'spec_centroid']",0.5584905660377358,0.6666666666666666,0.4805194805194805,0.6225024755484071,0.6876971608832808,0.7303182579564489,0.6497764530551415,0.6942474372113295,0.8953271028037383,0.8330434782608696,0.9676767676767677,0.9429376744242045
XGB,0.7136951903623272,0.7230483443608873,0.7117277379572462,0.7770441848654139,0.76650685834033,"{'max_depth': 5, 'learning_rate': 0.1, 'n_estimators': 100}","['mfcc_6', 'mfcc_3', 'wav_detail_lvl5_std', 'mfcc_10', 'wav_detail_lvl3_std', 'spec_centroid']",0.5807504078303426,0.5836065573770491,0.577922077922078,0.6249857370494643,0.6578730420445177,0.7361623616236163,0.5946348733233979,0.7191112741078394,0.9024621212121212,0.8493761140819964,0.9626262626262626,0.9554235638636868
XGB,0.7136087354765898,0.72960099830236,0.704719718654145,0.7836465210766886,0.7936035063378631,"{'max_depth': 3, 'learning_rate': 0.1, 'n_estimators': 100}","['mfcc_6', 'mfcc_3', 'mfcc_11', 'wav_detail_lvl5_std', 'mfcc_8', 'zcr_mean']",0.5486725663716814,0.603112840466926,0.5032467532467533,0.6547661034730022,0.6888361045130641,0.7347972972972973,0.6482861400894188,0.7567483229325683,0.9033175355450237,0.8508928571428571,0.9626262626262626,0.9692960926080187
XGB,0.7134778392350096,0.7372233958894053,0.7020769758474676,0.7704418486541391,0.7594963293262076,"{'max_depth': 3, 'learning_rate': 0.01, 'n_estimators': 100}","['mfcc_3', 'wav_detail_lvl5_std', 'mfcc_10', 'wav_detail_lvl3_std']",0.6120996441281139,0.6771653543307087,0.5584415584415584,0.6633932184417298,0.6469622331691297,0.720292504570384,0.587183308494784,0.684044410166609,0.881371640407785,0.8142123287671232,0.9606060606060606,0.9310513593702838
XGB,0.7132818969674627,0.7213198511771769,0.7092308723456263,0.7755205688166582,0.7716115119612974,"{'max_depth': 3, 'learning_rate': 0.1, 'n_estimators': 100}","['mfcc_3', 'mfcc_5', 'mfcc_11', 'mfcc_10', 'spec_centroid']",0.5795644891122278,0.5986159169550173,0.5616883116883117,0.630755314658171,0.6576433121019108,0.705982905982906,0.6154992548435171,0.7181614113631029,0.9026378896882494,0.8593607305936073,0.9505050505050505,0.9659178098626187
XGB,0.7132253567933589,0.7239377665444012,0.7072090932746672,0.7755205688166582,0.769958564956522,"{'max_depth': 3, 'learning_rate': 0.01, 'n_estimators': 100}","['mfcc_3', 'mfcc_5', 'wav_detail_lvl3_std', 'zcr_mean', 'spec_centroid']",0.5767918088737202,0.6079136690647482,0.5487012987012987,0.6462567386751373,0.6656076250992852,0.7125850340136054,0.624441132637854,0.7212548418507695,0.8972766364070712,0.8513145965548504,0.9484848484848485,0.9423641143436592
XGB,0.713156442397641,0.731018475879802,0.7038685055078497,0.7760284408329101,0.7668563234869819,"{'max_depth': 3, 'learning_rate': 0.1, 'n_estimators': 50}","['mfcc_3', 'mfcc_10', 'zcr_mean', 'spec_centroid']",0.5845070422535211,0.6384615384615384,0.538961038961039,0.6639092458715995,0.6602254428341385,0.7180385288966725,0.6110283159463488,0.6993771085613022,0.8947368421052632,0.836555360281195,0.9616161616161616,0.937282616028044
XGB,0.7131554318822863,0.7189064278400158,0.7112037628431072,0.7724733367191468,0.7761738756928014,"{'max_depth': 3, 'learning_rate': 0.1, 'n_estimators': 100}","['mfcc_5', 'mfcc_10', 'wav_detail_lvl3_std', 'zcr_mean', 'spec_centroid']",0.5859247135842881,0.5907590759075908,0.5811688311688312,0.6482432658924381,0.6565252201761409,0.7093425605536332,0.6110283159463488,0.7321763346652481,0.8970163618864293,0.8566176470588235,0.9414141414141414,0.9481020265207181
XGB,0.7130397398279138,0.7327134362763187,0.7029108414354316,0.7790756729304216,0.797639288527948,"{'max_depth': 3, 'learning_rate': 0.1, 'n_estimators': 100}","['mfcc_6', 'mfcc_11', 'wav_detail_lvl5_std', 'wav_detail_lvl3_std', 'zcr_mean']",0.5638297872340425,0.62109375,0.5162337662337663,0.6623535714971979,0.6844229217110573,0.7464788732394366,0.6318926974664679,0.7675773053813012,0.8908665105386416,0.8305676855895197,0.9606060606060606,0.9629869887053448
XGB,0.7129977579866772,0.722917096414902,0.7127741111347669,0.7734890807516506,0.7591633045939584,"{'max_depth': 5, 'learning_rate': 0.1, 'n_estimators': 50}","['mfcc_6', 'mfcc_3', 'mfcc_10', 'wav_detail_lvl3_std', 'spec_centroid']",0.5980707395498392,0.5923566878980892,0.6038961038961039,0.6211002483461353,0.6426174496644296,0.7351247600767754,0.5707898658718331,0.7068827092185399,0.8983050847457628,0.8412698412698413,0.9636363636363636,0.9495069562172002
XGB,0.7129410178513084,0.7268254752621196,0.7075753633130683,0.7755205688166582,0.7732456189209058,"{'max_depth': 5, 'learning_rate': 0.01, 'n_estimators': 50}","['mfcc_3', 'mfcc_5', 'mfcc_11', 'mfcc_10', 'zcr_mean', 'spec_centroid']",0.5868465430016864,0.6105263157894737,0.564935064935065,0.6632445947223213,0.6556836902800659,0.7329650092081031,0.5931445603576752,0.6946910345430145,0.8962928202721727,0.8369851007887817,0.9646464646464646,0.9618012274973817
XGB,0.712926237040024,0.7236913222457968,0.7077870823772464,0.781615033011681,0.7777249888031287,"{'max_depth': 3, 'learning_rate': 0.1, 'n_estimators': 50}","['mfcc_3', 'mfcc_11', 'mfcc_10', 'wav_detail_lvl3_std', 'zcr_mean', 'spec_centroid']",0.559322033898305,0.5851063829787234,0.5357142857142857,0.6547689246968654,0.6688102893890675,0.7260034904013961,0.6199701937406855,0.7274811056163516,0.9106463878326996,0.8599640933572711,0.9676767676767677,0.9509249360961691
XGB,0.7129177745816868,0.7267040421509242,0.7051624756542788,0.7826307770441848,0.8008835849651779,"{'max_depth': 3, 'learning_rate': 0.1, 'n_estimators': 50}","['mfcc_3', 'mfcc_11', 'wav_detail_lvl5_std', 'mfcc_10', 'wav_detail_lvl3_std', 'zcr_mean', 'spec_centroid']",0.553415061295972,0.6007604562737643,0.512987012987013,0.6804284324862918,0.6766798418972332,0.7205387205387206,0.6378539493293591,0.7586033172858815,0.9086584205518554,0.8588129496402878,0.9646464646464646,0.9636190051233605
XGB,0.7129011194139702,0.7216683325004164,0.7089257130240737,0.7790756729304216,0.7834985260169735,"{'max_depth': 3, 'learning_rate': 0.1, 'n_estimators': 100}","['mfcc_5', 'mfcc_11', 'wav_detail_lvl5_std', 'mfcc_10', 'wav_detail_lvl3_std', 'spec_centroid']",0.5652173913043478,0.5827586206896552,0.5487012987012987,0.6405363786323942,0.666131621187801,0.7217391304347827,0.6184798807749627,0.7429757957070695,0.9073543457497613,0.8605072463768116,0.9595959595959596,0.9669834037114566
XGB,0.7128297433342651,0.7187480994496256,0.7128971210938424,0.7800914169629254,0.7672176698910307,"{'max_depth': 5, 'learning_rate': 0.01, 'n_estimators': 100}","['mfcc_6', 'mfcc_3', 'mfcc_5', 'mfcc_11', 'mfcc_8', 'mfcc_10', 'wav_detail_lvl3_std']",0.5641025641025641,0.5569620253164557,0.5714285714285714,0.6268945897108673,0.6590351594439902,0.730072463768116,0.6005961251862891,0.710512379390916,0.9153515064562411,0.8692098092643051,0.9666666666666667,0.9642460405713086
XGB,0.7128111654069346,0.730701077564512,0.7030858940695007,0.7826307770441848,0.7778296263444696,"{'max_depth': 3, 'learning_rate': 0.1, 'n_estimators': 50}","['mfcc_6', 'mfcc_3', 'wav_detail_lvl5_std', 'mfcc_8', 'mfcc_10', 'wav_detail_lvl3_std', 'zcr_mean', 'spec_centroid']",0.554561717352415,0.6175298804780877,0.5032467532467533,0.6583045901987254,0.6793349168646081,0.7246621621621622,0.639344262295082,0.721799368456974,0.9045368620037807,0.849911190053286,0.9666666666666667,0.9533849203777092
XGB,0.7128095855704736,0.7266611053106948,0.705039071432514,0.7851701371254444,0.793946340741576,"{'max_depth': 3, 'learning_rate': 0.1, 'n_estimators': 100}","['mfcc_6', 'mfcc_11', 'wav_detail_lvl5_std', 'mfcc_8', 'mfcc_10', 'zcr_mean', 'spec_centroid']",0.5359019264448336,0.5817490494296578,0.4967532467532468,0.6488493741385842,0.6962025316455697,0.7419898819561551,0.6557377049180327,0.7571873022260412,0.9063242986210176,0.8562443845462714,0.9626262626262626,0.9758023458601026
XGB,0.7127436508230574,0.7225796576661626,0.7093866061079175,0.7755205688166582,0.7747249650800416,"{'max_depth': 3, 'learning_rate': 0.1, 'n_estimators': 50}","['mfcc_3', 'mfcc_11', 'mfcc_10', 'wav_detail_lvl3_std', 'zcr_mean']",0.5837479270315091,0.5966101694915255,0.5714285714285714,0.6500559981407958,0.6530612244897959,0.7220216606498195,0.5961251862891207,0.7237085838939545,0.9014218009478673,0.8491071428571428,0.9606060606060606,0.9504103132053745
XGB,0.7127291735380927,0.7307099282608441,0.7047201129168342,0.7745048247841544,0.770455929961677,"{'max_depth': 3, 'learning_rate': 0.1, 'n_estimators': 50}","['mfcc_6', 'mfcc_3', 'mfcc_11', 'wav_detail_lvl3_std', 'spec_centroid']",0.5862068965517241,0.625,0.551948051948052,0.63708176929394,0.6639209225700164,0.7421731123388582,0.6005961251862891,0.7223674415883925,0.8880597014925373,0.8249566724436742,0.9616161616161616,0.9519185790026982
XGB,0.7127233860518863,0.7235973317775003,0.7061071290579487,0.7805992889791773,0.7692996088374183,"{'max_depth': 3, 'learning_rate': 0.1, 'n_estimators': 50}","['mfcc_3', 'mfcc_5', 'wav_detail_lvl5_std', 'mfcc_8', 'wav_detail_lvl3_std']",0.5536332179930796,0.5925925925925926,0.5194805194805194,0.6463090025251748,0.6781519185591229,0.7145214521452146,0.6453055141579732,0.6968778474373339,0.9063850216034566,0.8636779505946935,0.9535353535353536,0.9647119765497464
XGB,0.7127023439927979,0.7411047107677415,0.6988093266781791,0.7851701371254444,0.744011656369331,"{'max_depth': 3, 'learning_rate': 0.01, 'n_estimators': 100}","['mfcc_5', 'wav_detail_lvl5_std', 'mfcc_8', 'mfcc_10', 'zcr_mean', 'spec_centroid']",0.5444234404536862,0.6515837104072398,0.4675324675324675,0.6006288300770808,0.6949019607843138,0.7334437086092715,0.6602086438152012,0.6915160042863417,0.8987816307403936,0.8382867132867133,0.9686868686868687,0.9398901347445704
XGB,0.7126616875893851,0.7198277169026711,0.7120486677863727,0.7755205688166582,0.7641902164309551,"{'max_depth': 3, 'learning_rate': 0.1, 'n_estimators': 50}","['mfcc_3', 'mfcc_11', 'mfcc_10', 'spec_centroid']",0.5806451612903226,0.5769230769230769,0.5844155844155844,0.6329250977469209,0.6535303776683087,0.7276051188299817,0.5931445603576752,0.709714554386153,0.9038095238095238,0.854954954954955,0.9585858585858585,0.9499309971597916
XGB,0.7125813873807184,0.7384765482196388,0.6992926927353157,0.7790756729304216,0.7782608146797481,"{'max_depth': 3, 'learning_rate': 0.1, 'n_estimators': 50}","['mfcc_6', 'mfcc_11', 'wav_detail_lvl5_std', 'mfcc_8', 'spec_centroid']",0.5598526703499079,0.6468085106382979,0.4935064935064935,0.6530205569879082,0.6927374301675978,0.7457044673539519,0.646795827123696,0.722793918058335,0.8851540616246498,0.8229166666666666,0.9575757575757575,0.958967968993001
XGB,0.712537171034335,0.7524202599731061,0.6959848287717141,0.7897409852717115,0.7697788936229532,"{'max_depth': 3, 'learning_rate': 0.01, 'n_estimators': 100}","['mfcc_5', 'mfcc_11', 'wav_detail_lvl5_std', 'zcr_mean', 'spec_centroid']",0.5338645418326693,0.6907216494845361,0.43506493506493504,0.6322891787039677,0.6990740740740741,0.7248,0.6751117734724292,0.7124627293032068,0.9046728971962616,0.8417391304347827,0.9777777777777777,0.9645847728616852
XGB,0.712443821931697,0.7352082318300339,0.7004786349048643,0.7826307770441848,0.7923503973614751,"{'max_depth': 3, 'learning_rate': 0.1, 'n_estimators': 50}","['mfcc_6', 'mfcc_5', 'mfcc_11', 'wav_detail_lvl5_std']",0.5514705882352942,0.635593220338983,0.487012987012987,0.6611535774639,0.6866141732283465,0.7278797996661102,0.6497764530551415,0.7452674373854804,0.89924670433145,0.8421516754850088,0.9646464646464646,0.9706301772350447
XGB,0.7124412353340541,0.7334661929423935,0.7018632854698429,0.776536312849162,0.7701392859682922,"{'max_depth': 3, 'learning_rate': 0.1, 'n_estimators': 50}","['mfcc_6', 'mfcc_3', 'wav_detail_lvl5_std', 'mfcc_8', 'wav_detail_lvl3_std', 'spec_centroid']",0.5765124555160143,0.6377952755905512,0.525974025974026,0.6597720235641067,0.6709886547811994,0.7353463587921847,0.61698956780924,0.7039763301849743,0.8898225957049486,0.8272569444444444,0.9626262626262626,0.9466695041557958
XGB,0.7124113256310768,0.7251546619437813,0.706002255182583,0.7714575926866429,0.7627727688479474,"{'max_depth': 5, 'learning_rate': 0.01, 'n_estimators': 100}","['mfcc_3', 'mfcc_10', 'wav_detail_lvl3_std', 'spec_centroid']",0.5938566552901023,0.6258992805755396,0.564935064935065,0.634999721500228,0.6532258064516129,0.7117750439367311,0.6035767511177347,0.7103528247054821,0.8901515151515151,0.8377896613190731,0.9494949494949495,0.9429657603381322
XGB,0.7124017383738929,0.720455390828418,0.7102559553379225,0.7805992889791773,0.7878389771643306,"{'max_depth': 5, 'learning_rate': 0.1, 'n_estimators': 50}","['mfcc_6', 'mfcc_11', 'wav_detail_lvl5_std', 'mfcc_8', 'wav_detail_lvl3_std', 'zcr_mean']",0.5504885993485342,0.5522875816993464,0.5487012987012987,0.626960943298555,0.6797066014669927,0.75,0.6214605067064084,0.7661343705888793,0.9070100143061517,0.8590785907859079,0.9606060606060606,0.9704216176055572
XGB,0.7122513239397472,0.7406642777250428,0.6983839172363764,0.7851701371254444,0.7423614357288933,"{'max_depth': 3, 'learning_rate': 0.01, 'n_estimators': 100}","['mfcc_5', 'wav_detail_lvl5_std', 'mfcc_8', 'mfcc_10', 'spec_centroid']",0.5416666666666666,0.65,0.4642857142857143,0.5978546591830098,0.6964006259780907,0.7331136738056013,0.6631892697466468,0.690400329564552,0.8986866791744841,0.8388791593695272,0.9676767676767677,0.9388293184391184
XGB,0.7122418161297736,0.7160074968662982,0.7143558930444177,0.7775520568816658,0.77192630048195,"{'max_depth': 3, 'learning_rate': 0.1, 'n_estimators': 100}","['mfcc_3', 'mfcc_5', 'mfcc_11', 'mfcc_8', 'mfcc_10', 'spec_centroid']",0.5642633228840125,0.5454545454545454,0.5844155844155844,0.6136141749539579,0.6601307189542484,0.7305605786618445,0.6020864381520119,0.7274074854939369,0.9123314065510597,0.8720073664825047,0.9565656565656566,0.9747572409979552
XGB,0.7121672261933827,0.7379503301768953,0.6988830538010866,0.7811071609954292,0.7450610757690193,"{'max_depth': 3, 'learning_rate': 0.01, 'n_estimators': 100}","['mfcc_5', 'wav_detail_lvl5_std', 'mfcc_8']",0.5559701492537313,0.6535087719298246,0.4837662337662338,0.6239445876218754,0.6849529780564263,0.7223140495867768,0.6512667660208644,0.6891034373567194,0.8955785512699906,0.8380281690140845,0.9616161616161616,0.9221352023284629
XGB,0.7121204050727302,0.7310050389093199,0.7014224997831556,0.7821229050279329,0.7780898085715697,"{'max_depth': 3, 'learning_rate': 0.1, 'n_estimators': 50}","['mfcc_5', 'wav_detail_lvl5_std', 'mfcc_10', 'wav_detail_lvl3_std', 'zcr_mean']",0.5474452554744526,0.625,0.487012987012987,0.6410747329408912,0.6862442040185471,0.7126805778491172,0.6616989567809239,0.7442193126003103,0.9026717557251909,0.8553345388788427,0.9555555555555556,0.9489753801735078
XGB,0.7120979692058563,0.7355808123394935,0.699684195585835,0.7795835449466735,0.784535386632586,"{'max_depth': 3, 'learning_rate': 0.1, 'n_estimators': 50}","['mfcc_6', 'mfcc_11', 'wav_detail_lvl5_std', 'mfcc_8', 'zcr_mean', 'spec_centroid']",0.5531135531135531,0.634453781512605,0.4902597402597403,0.6561905483585726,0.6962727993655828,0.7440677966101695,0.65424739195231,0.7341177887591195,0.8869075551384327,0.8282208588957055,0.9545454545454546,0.9632978227800661
XGB,0.7120792824255971,0.7289070578332683,0.7031753916999818,0.7805992889791773,0.7853481209953523,"{'max_depth': 5, 'learning_rate': 0.1, 'n_estimators': 50}","['mfcc_6', 'mfcc_3', 'wav_detail_lvl5_std', 'wav_detail_lvl3_std', 'zcr_mean']",0.5573192239858906,0.61003861003861,0.512987012987013,0.6537233445293874,0.6784,0.7322970639032815,0.6318926974664679,0.7528394369041937,0.9005186232909005,0.8443854995579133,0.9646464646464646,0.9494815815524758
XGB,0.7120694444834436,0.7288537108659706,0.7024680844352975,0.7800914169629254,0.7670263754540301,"{'max_depth': 3, 'learning_rate': 0.1, 'n_estimators': 50}","['mfcc_5', 'wav_detail_lvl5_std', 'mfcc_10', 'wav_detail_lvl3_std']",0.5581395348837209,0.6215139442231076,0.5064935064935064,0.6391897355247229,0.6755485893416928,0.7123966942148761,0.6423248882265276,0.7262889578299022,0.9025202092249168,0.8526504941599281,0.9585858585858585,0.9356004330074652
XGB,0.7120361452683337,0.7281828401598706,0.70856693397677,0.7719654647028948,0.7704424977719316,"{'max_depth': 5, 'learning_rate': 0.01, 'n_estimators': 100}","['mfcc_6', 'mfcc_3', 'mfcc_11', 'mfcc_10', 'wav_detail_lvl3_std', 'spec_centroid']",0.6049586776859505,0.6161616161616161,0.5941558441558441,0.6293620980671246,0.6406117247238743,0.7450592885375494,0.5618479880774963,0.7212036565675813,0.8905380333951762,0.823327615780446,0.9696969696969697,0.9607617386810892
XGB,0.7120281021628015,0.73302475713559,0.7008882738390936,0.7805992889791773,0.7720325979206386,"{'max_depth': 3, 'learning_rate': 0.1, 'n_estimators': 50}","['mfcc_6', 'mfcc_11', 'wav_detail_lvl5_std', 'mfcc_8', 'mfcc_10']",0.5533453887884268,0.6244897959183674,0.4967532467532468,0.6405705269431066,0.6889419252187748,0.7389078498293515,0.6453055141579732,0.7140348404205655,0.893796992481203,0.835676625659051,0.9606060606060606,0.9614924263982437
XGB,0.7119844382383262,0.7138408332606798,0.7144091185074792,0.7805992889791773,0.7362246531190197,"{'max_depth': 5, 'learning_rate': 0.1, 'n_estimators': 100}","['mfcc_5', 'mfcc_11', 'mfcc_8', 'mfcc_10', 'wav_detail_lvl3_std']",0.5460218408736349,0.5255255255255256,0.5681818181818182,0.5560086136650938,0.6682769726247987,0.7267950963222417,0.6184798807749627,0.6835930817577098,0.921654501216545,0.8892018779342723,0.9565656565656566,0.9690722639342555
XGB,0.7118868826634822,0.7358448108594223,0.7014382702907292,0.7673946165566278,0.7306185368019081,"{'max_depth': 3, 'learning_rate': 0.1, 'n_estimators': 50}","['mfcc_6', 'mfcc_3']",0.6186291739894552,0.6743295019157088,0.5714285714285714,0.6201510955108611,0.640533778148457,0.7272727272727273,0.5722801788375559,0.6671488122667735,0.8764976958525346,0.8059322033898305,0.9606060606060606,0.9045557026280897
XGB,0.7118862976860044,0.7167343268880623,0.7125288797419945,0.7755205688166582,0.7782226015731107,"{'max_depth': 3, 'learning_rate': 0.1, 'n_estimators': 100}","['mfcc_5', 'wav_detail_lvl5_std', 'mfcc_10', 'wav_detail_lvl3_std', 'spec_centroid']",0.5741626794258373,0.5642633228840125,0.5844155844155844,0.6362497833148525,0.6536267318663407,0.7212230215827338,0.5976154992548435,0.7455838170837011,0.9078694817658349,0.8647166361974405,0.9555555555555556,0.9528342043207784
XGB,0.7118790493023205,0.7336723582949408,0.7003717897160521,0.7856780091416963,0.7825099656536746,"{'max_depth': 3, 'learning_rate': 0.1, 'n_estimators': 50}","['mfcc_6', 'mfcc_3', 'mfcc_5', 'mfcc_11', 'wav_detail_lvl5_std', 'mfcc_8', 'mfcc_10']",0.5370370370370371,0.625,0.4707792207792208,0.6458688167424991,0.6920093095422808,0.7216828478964401,0.6646795827123696,0.7255916395037344,0.9065908013276435,0.8543342269883825,0.9656565656565657,0.9760694407147902
XGB,0.7118729090971866,0.7301526679512927,0.702252422744226,0.781615033011681,0.787978501042792,"{'max_depth': 3, 'learning_rate': 0.1, 'n_estimators': 50}","['mfcc_6', 'mfcc_11', 'wav_detail_lvl5_std', 'mfcc_10', 'wav_detail_lvl3_std', 'zcr_mean']",0.5516014234875445,0.610236220472441,0.5032467532467533,0.6595651003297894,0.6842525979216627,0.7379310344827587,0.6378539493293591,0.7452601929993828,0.8997647058823529,0.8422907488986784,0.9656565656565657,0.9591102097992035
XGB,0.7117093915318273,0.7179918541447895,0.7163733352257943,0.7775520568816658,0.7648583404124972,"{'max_depth': 5, 'learning_rate': 0.1, 'n_estimators': 50}","['mfcc_6', 'mfcc_3', 'mfcc_11', 'mfcc_8', 'mfcc_10', 'wav_detail_lvl3_std']",0.5727411944869831,0.5420289855072464,0.6071428571428571,0.6127168388888087,0.6481012658227848,0.7470817120622568,0.5722801788375559,0.7115069614922016,0.9142857142857143,0.8648648648648649,0.9696969696969697,0.9703512208564815
XGB,0.7116521281758358,0.7395936614437719,0.6975543885379952,0.776536312849162,0.7624419515957189,"{'max_depth': 3, 'learning_rate': 0.1, 'n_estimators': 50}","['mfcc_6', 'wav_detail_lvl5_std', 'mfcc_8', 'spec_centroid']",0.5666666666666667,0.6594827586206896,0.4967532467532468,0.6379054870426558,0.6869495596477182,0.7422145328719724,0.639344262295082,0.7073010188383454,0.8813401582131224,0.817083692838654,0.9565656565656566,0.9421193489061557
XGB,0.7113853196379156,0.7158866789236168,0.7105031580441418,0.7831386490604367,0.7782335624884086,"{'max_depth': 5, 'learning_rate': 0.1, 'n_estimators': 100}","['mfcc_6', 'mfcc_3', 'mfcc_11', 'mfcc_8', 'mfcc_10', 'wav_detail_lvl3_std', 'zcr_mean', 'spec_centroid']",0.5372168284789643,0.535483870967742,0.538961038961039,0.6198556839860848,0.6752,0.7288428324697754,0.6289120715350224,0.7397837593399161,0.9217391304347826,0.8833333333333333,0.9636363636363636,0.9750612441392252
XGB,0.7113368641663053,0.7230513261200296,0.7054301800203439,0.7780599288979178,0.7459387393258786,"{'max_depth': 3, 'learning_rate': 0.01, 'n_estimators': 100}","['mfcc_5', 'mfcc_8', 'wav_detail_lvl3_std']",0.5631399317406144,0.5935251798561151,0.5357142857142857,0.6290105233367017,0.6677367576243981,0.7234782608695652,0.6199701937406855,0.696336662069081,0.9031339031339032,0.8521505376344086,0.9606060606060606,0.9124690325718533
XGB,0.7113367171912106,0.7166835295140421,0.7079341423603719,0.7826307770441848,0.7718295627438104,"{'max_depth': 5, 'learning_rate': 0.1, 'n_estimators': 100}","['mfcc_3', 'mfcc_11', 'wav_detail_lvl5_std', 'mfcc_8', 'mfcc_10', 'zcr_mean', 'spec_centroid']",0.5369127516778524,0.5555555555555556,0.5194805194805194,0.6213903922941094,0.6764934057408845,0.7055016181229773,0.6497764530551415,0.7178758272996734,0.9206039941548952,0.8889934148635936,0.9545454545454546,0.9762224686376485
XGB,0.7112791797859742,0.718166110620856,0.7154180367295121,0.7760284408329101,0.7916845512520271,"{'max_depth': 3, 'learning_rate': 0.1, 'n_estimators': 100}","['mfcc_6', 'mfcc_3', 'mfcc_11', 'mfcc_8', 'zcr_mean']",0.5696784073506891,0.5391304347826087,0.6038961038961039,0.6489555497028886,0.6565400843881857,0.7568093385214008,0.5797317436661699,0.759172025931532,0.9076190476190477,0.8585585585585586,0.9626262626262626,0.9669260781216608
XGB,0.7112237191672595,0.7241438178623661,0.7075363313068231,0.7775520568816658,0.7550001334624531,"{'max_depth': 3, 'learning_rate': 0.01, 'n_estimators': 100}","['mfcc_3', 'mfcc_5', 'mfcc_11', 'zcr_mean', 'spec_centroid']",0.574750830564784,0.5884353741496599,0.5616883116883117,0.6306709524189579,0.6550290939318371,0.7406015037593985,0.587183308494784,0.6854172616097511,0.9038912330051571,0.8433945756780402,0.9737373737373738,0.9489121863586504
XGB,0.7111648714019858,0.7177839592418988,0.7176337930436292,0.7755205688166582,0.781811782356607,"{'max_depth': 3, 'learning_rate': 0.1, 'n_estimators': 100}","['mfcc_6', 'mfcc_3', 'mfcc_11', 'mfcc_8', 'mfcc_10', 'zcr_mean']",0.579185520361991,0.5408450704225352,0.6233766233766234,0.6226522580473854,0.6427962489343564,0.750996015936255,0.5618479880774963,0.7542582668896036,0.9115128449096099,0.8615107913669064,0.9676767676767677,0.9685248221328322
XGB,0.7111495911279863,0.7343308333528915,0.6992378902214967,0.7790756729304216,0.7928469406505826,"{'max_depth': 3, 'learning_rate': 0.1, 'n_estimators': 50}","['mfcc_6', 'mfcc_11', 'wav_detail_lvl5_std', 'wav_detail_lvl3_std', 'zcr_mean', 'spec_centroid']",0.5563636363636364,0.6322314049586777,0.4967532467532468,0.6741333573409262,0.6869495596477182,0.7422145328719724,0.639344262295082,0.7476891392321026,0.8901355773726041,0.8285465622280244,0.9616161616161616,0.9567183253787191
XGB,0.7111291056012243,0.7352490901199537,0.6988314053887824,0.7750126968004063,0.7751226223706356,"{'max_depth': 3, 'learning_rate': 0.01, 'n_estimators': 100}","['mfcc_6', 'mfcc_11', 'wav_detail_lvl5_std', 'mfcc_8', 'wav_detail_lvl3_std', 'zcr_mean', 'spec_centroid']",0.572463768115942,0.6475409836065574,0.512987012987013,0.6574791929242662,0.6774193548387096,0.7381370826010545,0.6259314456035767,0.7164531649516714,0.8835041938490215,0.8200692041522492,0.9575757575757575,0.951435509235969
XGB,0.7110102985207364,0.733458253315128,0.6991176401012468,0.7755205688166582,0.7544278175615641,"{'max_depth': 3, 'learning_rate': 0.01, 'n_estimators': 100}","['mfcc_6', 'mfcc_11', 'wav_detail_lvl5_std', 'zcr_mean', 'spec_centroid']",0.5641952983725136,0.636734693877551,0.5064935064935064,0.6225709739352301,0.6864,0.7409326424870466,0.639344262295082,0.6951474673197369,0.8824355971896956,0.8227074235807861,0.9515151515151515,0.9455650114297254
XGB,0.7107398494611189,0.7186757522567819,0.7080374391849801,0.7780599288979178,0.7757328693308795,"{'max_depth': 3, 'learning_rate': 0.1, 'n_estimators': 50}","['mfcc_3', 'mfcc_5', 'mfcc_11', 'mfcc_8', 'mfcc_10', 'wav_detail_lvl3_std']",0.5610561056105611,0.5704697986577181,0.551948051948052,0.6413859703731207,0.6618122977346278,0.7238938053097345,0.6095380029806259,0.7211530484997115,0.9093511450381679,0.8616636528028933,0.9626262626262626,0.9646595891198065
XGB,0.710735647723327,0.7278959310783056,0.7024653245964722,0.7770441848654139,0.7768507334124634,"{'max_depth': 5, 'learning_rate': 0.1, 'n_estimators': 50}","['mfcc_6', 'mfcc_3', 'wav_detail_lvl5_std', 'wav_detail_lvl3_std', 'spec_centroid']",0.5679442508710801,0.6127819548872181,0.5292207792207793,0.6495974362605891,0.6682926829268293,0.7352415026833632,0.6125186289120715,0.734552284316777,0.8959700093720713,0.8356643356643356,0.9656565656565657,0.9464024796600243
XGB,0.7107233285304838,0.7308443197150821,0.7000532254630615,0.7826307770441848,0.7840786660925508,"{'max_depth': 3, 'learning_rate': 0.1, 'n_estimators': 50}","['mfcc_6', 'mfcc_11', 'wav_detail_lvl5_std', 'mfcc_10', 'zcr_mean']",0.5398550724637681,0.610655737704918,0.4837662337662338,0.6534668798708807,0.6935866983372921,0.7398648648648649,0.6527570789865872,0.7419299115200058,0.898728214790391,0.8420123565754634,0.9636363636363636,0.9568392068867659
XGB,0.7107032628649926,0.7216117646932746,0.7114604278538704,0.7724733367191468,0.7591654166244565,"{'max_depth': 5, 'learning_rate': 0.1, 'n_estimators': 50}","['mfcc_6', 'mfcc_10', 'wav_detail_lvl3_std', 'spec_centroid']",0.5914149443561209,0.5794392523364486,0.6038961038961039,0.6129511641678608,0.6434634974533107,0.747534516765286,0.5648286140089419,0.7147865207342795,0.8972313467855467,0.8378615249780894,0.9656565656565657,0.9497585649712292
XGB,0.7106626972294414,0.7381688921891424,0.6969133174051207,0.7780599288979178,0.7661542642296445,"{'max_depth': 3, 'learning_rate': 0.1, 'n_estimators': 50}","['mfcc_6', 'mfcc_3', 'wav_detail_lvl5_std', 'mfcc_8', 'spec_centroid']",0.5613382899628253,0.6565217391304348,0.4902597402597403,0.6591338221504525,0.6820717131474103,0.7328767123287672,0.6378539493293591,0.6932992656179758,0.8885780885780886,0.8251082251082251,0.9626262626262626,0.9460297049205051
XGB,0.7105478233734438,0.7293010935818632,0.7033192975815927,0.770949720670391,0.7809713105073884,"{'max_depth': 5, 'learning_rate': 0.01, 'n_estimators': 100}","['mfcc_6', 'mfcc_11', 'wav_detail_lvl3_std', 'zcr_mean']",0.5894378194207837,0.6200716845878136,0.5616883116883117,0.639108722457987,0.6605351170568562,0.7523809523809524,0.5886736214605067,0.7392811549883644,0.8816705336426914,0.8154506437768241,0.9595959595959596,0.964524054075814
XGB,0.7103978606782458,0.7242296259432122,0.7028927053517218,0.781615033011681,0.7876850148586176,"{'max_depth': 3, 'learning_rate': 0.1, 'n_estimators': 100}","['mfcc_6', 'mfcc_11', 'wav_detail_lvl5_std', 'mfcc_8', 'mfcc_10', 'spec_centroid']",0.5400696864111498,0.5827067669172933,0.5032467532467533,0.6391750026634564,0.6878980891719745,0.7384615384615385,0.6438152011922503,0.7514615709317355,0.9032258064516129,0.851520572450805,0.9616161616161616,0.972418470980661
XGB,0.7103648341001126,0.7214614445045874,0.7263852419590124,0.7699339766378872,0.7558393260769364,"{'max_depth': 5, 'learning_rate': 0.1, 'n_estimators': 100}","['mfcc_6', 'mfcc_5', 'mfcc_8', 'spec_centroid']",0.5924895688456189,0.5182481751824818,0.6915584415584416,0.582920824165696,0.6363636363636364,0.7915742793791575,0.5320417287630402,0.7280879441967361,0.9022412970910825,0.8545618789521229,0.9555555555555556,0.956509209868377
XGB,0.7102951506961022,0.7420512837682498,0.6951387410403803,0.7805992889791773,0.7429716920320453,"{'max_depth': 3, 'learning_rate': 0.01, 'n_estimators': 100}","['mfcc_5', 'wav_detail_lvl5_std', 'mfcc_10', 'zcr_mean']",0.5506692160611855,0.6697674418604651,0.4675324675324675,0.604981529213449,0.6886274509803921,0.7268211920529801,0.65424739195231,0.6910603970353771,0.891588785046729,0.8295652173913044,0.9636363636363636,0.9328731498473094
XGB,0.710287991605033,0.7312887996780026,0.6989717629061891,0.7805992889791773,0.7653544122151889,"{'max_depth': 3, 'learning_rate': 0.1, 'n_estimators': 100}","['mfcc_3', 'mfcc_11', 'wav_detail_lvl5_std', 'mfcc_8', 'zcr_mean']",0.5494505494505495,0.6302521008403361,0.487012987012987,0.6479440697978999,0.6807511737089202,0.7166392092257001,0.6482861400894188,0.6981974524834467,0.9006622516556292,0.8469750889679716,0.9616161616161616,0.9499217143642198
XGB,0.7102381815892348,0.7372077741149691,0.6968608804674378,0.7734890807516506,0.7826773114114811,"{'max_depth': 3, 'learning_rate': 0.01, 'n_estimators': 100}","['mfcc_6', 'mfcc_3', 'mfcc_11', 'wav_detail_lvl5_std', 'mfcc_8', 'wav_detail_lvl3_std', 'zcr_mean', 'spec_centroid']",0.5787545787545788,0.6638655462184874,0.512987012987013,0.6566123089512299,0.6693613581244947,0.7314487632508834,0.61698956780924,0.7431193355000474,0.8825986078886311,0.8163090128755365,0.9606060606060606,0.948300289783166
XGB,0.7101166422274061,0.727729646390541,0.7015987352052927,0.7750126968004063,0.7889972238646453,"{'max_depth': 5, 'learning_rate': 0.1, 'n_estimators': 50}","['mfcc_6', 'mfcc_11', 'wav_detail_lvl5_std', 'spec_centroid']",0.5669565217391305,0.6104868913857678,0.5292207792207793,0.6506451686896328,0.6748166259168704,0.7446043165467626,0.61698956780924,0.7523040291872438,0.8885767790262172,0.8280977312390925,0.9585858585858585,0.9640424737170594
XGB,0.7100888117219052,0.7226771875365053,0.7023312752820949,0.7760284408329101,0.7602185247970151,"{'max_depth': 3, 'learning_rate': 0.1, 'n_estimators': 100}","['mfcc_3', 'wav_detail_lvl5_std', 'mfcc_8', 'mfcc_10', 'zcr_mean']",0.5569176882661997,0.6045627376425855,0.5162337662337663,0.6391557713241992,0.6755070202808112,0.7086743044189853,0.6453055141579732,0.6862905504862956,0.897841726618705,0.8547945205479452,0.9454545454545454,0.9552092525805506
XGB,0.7099641271868963,0.7162030796896096,0.709295531426679,0.7805992889791773,0.7879086746582787,"{'max_depth': 3, 'learning_rate': 0.1, 'n_estimators': 100}","['mfcc_6', 'mfcc_11', 'mfcc_8', 'mfcc_10', 'wav_detail_lvl3_std', 'zcr_mean']",0.5442834138486312,0.5399361022364217,0.5487012987012987,0.6332474463708196,0.6693811074918566,0.7378815080789947,0.6125186289120715,0.7616258711590093,0.9162278602202011,0.8707916287534122,0.9666666666666667,0.9688527064450073
XGB,0.7099036584483077,0.7281798366772926,0.7001766296848264,0.7800914169629254,0.7602830255412151,"{'max_depth': 3, 'learning_rate': 0.01, 'n_estimators': 100}","['mfcc_5', 'mfcc_8', 'wav_detail_lvl3_std', 'zcr_mean', 'spec_centroid']",0.5509838998211091,0.6135458167330677,0.5,0.6344404081269072,0.6772655007949125,0.7257240204429302,0.6348733233979136,0.7140153775224392,0.9014615747289014,0.8452696728558797,0.9656565656565657,0.9323932909742987
XGB,0.709811024587157,0.7187569863165977,0.7213796828550927,0.7729812087353987,0.7743393213339437,"{'max_depth': 5, 'learning_rate': 0.01, 'n_estimators': 100}","['mfcc_6', 'mfcc_5', 'mfcc_11', 'mfcc_8', 'zcr_mean']",0.5759312320916905,0.5153846153846153,0.6525974025974026,0.6023173012384206,0.6451048951048951,0.7801268498942917,0.5499254843517138,0.7546086087499814,0.9083969465648855,0.8607594936708861,0.9616161616161616,0.966092054013429
XGB,0.7097912785352346,0.7224369073535187,0.7030709120873055,0.7790756729304216,0.7691094026847175,"{'max_depth': 3, 'learning_rate': 0.1, 'n_estimators': 100}","['mfcc_6', 'wav_detail_lvl5_std', 'mfcc_8', 'mfcc_10', 'spec_centroid']",0.5482758620689655,0.5845588235294118,0.5162337662337663,0.6279057130435653,0.6789137380191693,0.7314974182444062,0.6333830104321908,0.7280237663473983,0.9021842355175689,0.8512544802867383,0.9595959595959596,0.951398728663189
XGB,0.7096454266886081,0.7375910285285285,0.6960061189569386,0.7811071609954292,0.7365069573735074,"{'max_depth': 3, 'learning_rate': 0.01, 'n_estimators': 100}","['mfcc_5', 'wav_detail_lvl5_std', 'mfcc_8', 'mfcc_10']",0.5478424015009381,0.6488888888888888,0.474025974025974,0.5997642480252949,0.6856690419635788,0.731418918918919,0.6453055141579732,0.6865554230377231,0.8954248366013072,0.8324652777777778,0.9686868686868687,0.923201201057504
XGB,0.7096448030019352,0.7188877961996147,0.7260304055386023,0.7719654647028948,0.7716846684112174,"{'max_depth': 5, 'learning_rate': 0.01, 'n_estimators': 100}","['mfcc_6', 'mfcc_5', 'mfcc_11', 'mfcc_8', 'mfcc_10']",0.5733882030178327,0.49643705463182897,0.6785714285714286,0.6094928653871469,0.6437389770723104,0.7883369330453563,0.5439642324888226,0.7438539919470335,0.9118072289156627,0.871889400921659,0.9555555555555556,0.9617071478994719
XGB,0.7095391107036558,0.725421589995206,0.7001644075414567,0.7795835449466735,0.7962814702563761,"{'max_depth': 3, 'learning_rate': 0.1, 'n_estimators': 50}","['mfcc_5', 'wav_detail_lvl5_std', 'wav_detail_lvl3_std', 'zcr_mean', 'spec_centroid']",0.5431654676258992,0.6088709677419355,0.4902597402597403,0.6700718725980706,0.6831530139103554,0.709470304975923,0.6587183308494784,0.7579120280362144,0.9022988505747126,0.8579234972677595,0.9515151515151515,0.9608605101348432
XGB,0.7094345765362665,0.7453366818892726,0.6939480677185594,0.7861858811579482,0.7631059513116404,"{'max_depth': 3, 'learning_rate': 0.01, 'n_estimators': 100}","['mfcc_5', 'mfcc_11', 'wav_detail_lvl5_std', 'mfcc_10', 'zcr_mean', 'spec_centroid']",0.5285996055226825,0.6733668341708543,0.43506493506493504,0.6167714600763058,0.6983883346124329,0.7199367088607594,0.6780923994038748,0.712062637806387,0.9013157894736842,0.8427065026362038,0.9686868686868687,0.9604837560522282
XGB,0.7094002874246219,0.7181543256534919,0.7067619993849501,0.776536312849162,0.7906040508705857,"{'max_depth': 5, 'learning_rate': 0.1, 'n_estimators': 50}","['mfcc_6', 'mfcc_11', 'wav_detail_lvl5_std', 'mfcc_8', 'wav_detail_lvl3_std', 'spec_centroid']",0.5540983606557377,0.5596026490066225,0.5487012987012987,0.6434756103811121,0.6721044045676998,0.7423423423423423,0.6140089418777943,0.7568706586308376,0.9019980970504282,0.8525179856115108,0.9575757575757575,0.9714658835998073
XGB,0.7093922309811775,0.7219408423291919,0.7044871036674315,0.7770441848654139,0.7853350569803924,"{'max_depth': 5, 'learning_rate': 0.1, 'n_estimators': 50}","['mfcc_6', 'mfcc_11', 'wav_detail_lvl5_std', 'mfcc_10', 'wav_detail_lvl3_std', 'spec_centroid']",0.5622895622895623,0.583916083916084,0.5422077922077922,0.6317948667676175,0.6633906633906634,0.7363636363636363,0.6035767511177347,0.7506574894119736,0.9024964672633067,0.8455428067078552,0.9676767676767677,0.9735528147615863
XGB,0.7093879653359041,0.7252400730178911,0.7031410908460088,0.7734890807516506,0.7780775500514703,"{'max_depth': 3, 'learning_rate': 0.1, 'n_estimators': 50}","['mfcc_6', 'mfcc_11', 'wav_detail_lvl3_std', 'zcr_mean', 'spec_centroid']",0.5728813559322034,0.599290780141844,0.5487012987012987,0.6410292682094514,0.6655629139072847,0.7486033519553073,0.5991058122205664,0.7326996422939147,0.8897196261682243,0.8278260869565217,0.9616161616161616,0.9605037396510449
XGB,0.7093492935372883,0.7266717765638941,0.7008689549673156,0.7770441848654139,0.786088092587403,"{'max_depth': 3, 'learning_rate': 0.1, 'n_estimators': 50}","['mfcc_6', 'mfcc_11', 'wav_detail_lvl5_std', 'mfcc_8', 'mfcc_10', 'wav_detail_lvl3_std', 'spec_centroid']",0.5594405594405595,0.6060606060606061,0.5194805194805194,0.6621330093115656,0.6731549067315491,0.7384341637010676,0.6184798807749627,0.7290853775481019,0.8954524144397562,0.8355205599300087,0.9646464646464646,0.9670458909025412
XGB,0.7092697909691373,0.7222102070586919,0.7011437560617888,0.7755205688166582,0.7738817317641907,"{'max_depth': 3, 'learning_rate': 0.1, 'n_estimators': 100}","['mfcc_3', 'wav_detail_lvl5_std', 'mfcc_10', 'zcr_mean']",0.5537918871252204,0.6061776061776062,0.5097402597402597,0.6545244055359721,0.6764705882352942,0.7037037037037037,0.6512667660208644,0.7182794967016951,0.8975468975468975,0.8567493112947658,0.9424242424242424,0.9488412930549047
XGB,0.7092374215857312,0.7202354508547654,0.7147426647426647,0.7704418486541391,0.764594870482981,"{'max_depth': 3, 'learning_rate': 0.1, 'n_estimators': 100}","['mfcc_6', 'mfcc_3', 'mfcc_11', 'mfcc_8']",0.5945121951219512,0.5603448275862069,0.6331168831168831,0.6192574504330229,0.635968722849696,0.7625,0.5454545454545454,0.7136449491976005,0.8972313467855467,0.8378615249780894,0.9656565656565657,0.9608822118183196
XGB,0.7091522738550943,0.7152676683139926,0.7076983732721439,0.7821229050279329,0.7715791638409853,"{'max_depth': 5, 'learning_rate': 0.1, 'n_estimators': 100}","['mfcc_6', 'mfcc_3', 'mfcc_11', 'wav_detail_lvl5_std', 'mfcc_8', 'wav_detail_lvl3_std']",0.5333333333333333,0.5342019543973942,0.5324675324675324,0.6005422495860475,0.6747376916868443,0.7359154929577465,0.6229508196721312,0.7410494100750109,0.9193857965451055,0.8756855575868373,0.9676767676767677,0.9731458318618978
XGB,0.7091324987863873,0.72008513888734,0.7037790078773686,0.7780599288979178,0.7803572055194724,"{'max_depth': 5, 'learning_rate': 0.1, 'n_estimators': 50}","['mfcc_5', 'mfcc_11', 'wav_detail_lvl5_std', 'wav_detail_lvl3_std', 'zcr_mean', 'spec_centroid']",0.5544217687074829,0.5821428571428572,0.5292207792207793,0.6428054060826444,0.666131621187801,0.7217391304347827,0.6184798807749627,0.7277145858749685,0.9068441064638784,0.8563734290843806,0.9636363636363636,0.9705516246008046
XGB,0.7090805744002574,0.7156009357147877,0.7165539075375141,0.7704418486541391,0.7653770542240063,"{'max_depth': 5, 'learning_rate': 0.1, 'n_estimators': 50}","['mfcc_6', 'mfcc_3', 'mfcc_5', 'mfcc_8']",0.5924812030075188,0.5518207282913166,0.6396103896103896,0.6253270553928629,0.6306769494430163,0.7419354838709677,0.5484351713859911,0.7199715327809832,0.9040835707502374,0.8530465949820788,0.9616161616161616,0.9508325744981729
XGB,0.7090209526769288,0.7193489510091157,0.704293126424274,0.7775520568816658,0.7579361926557037,"{'max_depth': 5, 'learning_rate': 0.1, 'n_estimators': 50}","['mfcc_6', 'mfcc_3', 'mfcc_5', 'wav_detail_lvl5_std', 'mfcc_10']",0.5574324324324325,0.5809859154929577,0.5357142857142857,0.6151586345366702,0.6618357487922706,0.7197898423817863,0.6125186289120715,0.695565692646645,0.9077946768060836,0.8572710951526032,0.9646464646464646,0.9630842507837958
XGB,0.7089651292884961,0.7144290429098282,0.7070963341455144,0.781615033011681,0.7703434281697911,"{'max_depth': 3, 'learning_rate': 0.1, 'n_estimators': 100}","['mfcc_3', 'mfcc_11', 'mfcc_8', 'mfcc_10', 'wav_detail_lvl3_std', 'zcr_mean']",0.5344262295081967,0.5397350993377483,0.5292207792207793,0.6207182638173875,0.6719872306464485,0.7233676975945017,0.6274217585692996,0.7255719231194687,0.9204819277108434,0.880184331797235,0.9646464646464646,0.9647400975725169
XGB,0.7089561929041852,0.7153461157516875,0.7087995489634834,0.7785678009141697,0.7876241238379281,"{'max_depth': 5, 'learning_rate': 0.1, 'n_estimators': 100}","['mfcc_6', 'mfcc_3', 'mfcc_11', 'mfcc_8', 'wav_detail_lvl3_std', 'zcr_mean', 'spec_centroid']",0.5472,0.5394321766561514,0.5551948051948052,0.6336755437670776,0.6666666666666666,0.74,0.6065573770491803,0.7577789844472403,0.9130019120458891,0.8666061705989111,0.9646464646464646,0.9714178432994662
XGB,0.7089131911728166,0.7307552351741898,0.697322167813971,0.7775520568816658,0.7961300383838098,"{'max_depth': 3, 'learning_rate': 0.1, 'n_estimators': 50}","['mfcc_5', 'wav_detail_lvl5_std', 'zcr_mean']",0.5557586837294333,0.6359832635983264,0.4935064935064935,0.677339361473051,0.6750788643533123,0.7169179229480737,0.6378539493293591,0.7531085983412334,0.8959020254357042,0.8393645189761695,0.9606060606060606,0.9579421553371449
XGB,0.7088129340301096,0.7163578347830694,0.7048107933353837,0.7785678009141697,0.775824432031483,"{'max_depth': 3, 'learning_rate': 0.1, 'n_estimators': 100}","['mfcc_5', 'mfcc_11', 'mfcc_8', 'mfcc_10', 'wav_detail_lvl3_std', 'spec_centroid']",0.5445378151260504,0.5644599303135889,0.525974025974026,0.6108622825421198,0.6708860759493671,0.715008431703204,0.6318926974664679,0.7429020000894461,0.911014911014911,0.869605142332415,0.9565656565656566,0.973709013462883
XGB,0.7087981857998255,0.7268270821449493,0.7049113303211664,0.770949720670391,0.7618680136187225,"{'max_depth': 3, 'learning_rate': 0.01, 'n_estimators': 50}","['mfcc_6', 'mfcc_3', 'mfcc_8', 'wav_detail_lvl3_std', 'zcr_mean', 'spec_centroid']",0.5927152317880795,0.6047297297297297,0.5811688311688312,0.6380732255474834,0.6449957228400343,0.7570281124497992,0.5618479880774963,0.7170019557709669,0.8886836027713626,0.8187234042553192,0.9717171717171718,0.9305288595377171
XGB,0.7087772819763822,0.7230211192468522,0.7007289917125984,0.7790756729304216,0.7906699107299676,"{'max_depth': 5, 'learning_rate': 0.1, 'n_estimators': 100}","['mfcc_3', 'mfcc_11', 'wav_detail_lvl5_std', 'wav_detail_lvl3_std', 'spec_centroid']",0.545774647887324,0.5961538461538461,0.5032467532467533,0.6538753405324611,0.6766561514195584,0.7185929648241206,0.639344262295082,0.7600078402485185,0.9039010466222646,0.85431654676259,0.9595959595959596,0.958126551408923
XGB,0.7087415015966038,0.7321928610562987,0.6967201286873418,0.7770441848654139,0.7907160287577635,"{'max_depth': 3, 'learning_rate': 0.1, 'n_estimators': 50}","['mfcc_6', 'mfcc_11', 'wav_detail_lvl5_std', 'zcr_mean']",0.5500910746812386,0.6265560165975104,0.4902597402597403,0.6626105033331768,0.6901521216973578,0.745674740484429,0.6423248882265276,0.7534051920653475,0.8859813084112149,0.8243478260869566,0.9575757575757575,0.956132390874766
XGB,0.7087022146828635,0.7288031967623723,0.6980834890670956,0.7795835449466735,0.7383166337802084,"{'max_depth': 3, 'learning_rate': 0.01, 'n_estimators': 100}","['mfcc_5', 'wav_detail_lvl5_std', 'mfcc_8', 'mfcc_10', 'wav_detail_lvl3_std']",0.5471014492753623,0.6188524590163934,0.4902597402597403,0.6103330845459123,0.6793349168646081,0.7246621621621622,0.639344262295082,0.6806338521739788,0.8996702779086199,0.8428949691085613,0.9646464646464646,0.9239829646207341
XGB,0.708693687848034,0.7189961357322772,0.7023462572642901,0.7795835449466735,0.773914475466194,"{'max_depth': 3, 'learning_rate': 0.1, 'n_estimators': 50}","['mfcc_5', 'wav_detail_lvl5_std', 'mfcc_8', 'wav_detail_lvl3_std', 'zcr_mean', 'spec_centroid']",0.537261698440208,0.5762081784386617,0.5032467532467533,0.6401148549878208,0.6812159002338269,0.7140522875816994,0.6512667660208644,0.7177241058850876,0.9076034648700674,0.8667279411764706,0.9525252525252526,0.9639044655256732
XGB,0.7086433135554541,0.7133858517153326,0.7089438491077836,0.776536312849162,0.7867494396582505,"{'max_depth': 3, 'learning_rate': 0.1, 'n_estimators': 100}","['mfcc_3', 'mfcc_5', 'mfcc_11', 'mfcc_8', 'wav_detail_lvl3_std', 'spec_centroid']",0.5527156549520766,0.5440251572327044,0.5616883116883117,0.6378150053741923,0.6607142857142857,0.7254901960784313,0.6065573770491803,0.7500130801247928,0.9125,0.8706422018348624,0.9585858585858585,0.9724202334757664
XGB,0.7086026716666006,0.7290190342795265,0.6979234184152218,0.7795835449466735,0.7903824343395888,"{'max_depth': 3, 'learning_rate': 0.1, 'n_estimators': 50}","['mfcc_6', 'mfcc_5', 'mfcc_11', 'wav_detail_lvl5_std', 'mfcc_10']",0.5471014492753623,0.6188524590163934,0.4902597402597403,0.6566421039936408,0.6793650793650794,0.7266553480475382,0.6378539493293591,0.7456860274715491,0.8993414863593603,0.8415492957746479,0.9656565656565657,0.9688191715535762
XGB,0.7083783356686656,0.7239024387432466,0.7014568006371285,0.7724733367191468,0.7806579829571673,"{'max_depth': 3, 'learning_rate': 0.1, 'n_estimators': 50}","['mfcc_6', 'mfcc_3', 'mfcc_11', 'wav_detail_lvl3_std', 'zcr_mean']",0.571917808219178,0.605072463768116,0.5422077922077922,0.6536066973611632,0.6633906633906634,0.7363636363636363,0.6035767511177347,0.7381629751863965,0.8898265353961556,0.8302712160979877,0.9585858585858585,0.9502042763239422
XGB,0.7083667383130859,0.7195467527695873,0.7018857584431354,0.7739969527679025,0.7597649681467574,"{'max_depth': 3, 'learning_rate': 0.1, 'n_estimators': 50}","['mfcc_3', 'mfcc_10', 'wav_detail_lvl3_std', 'zcr_mean', 'spec_centroid']",0.5620689655172414,0.5992647058823529,0.5292207792207793,0.6390688711230789,0.6629834254143646,0.7046979865771812,0.6259314456035767,0.701065186963283,0.9000478240076518,0.8546775658492279,0.9505050505050505,0.9391608463539104
XGB,0.7082792939198855,0.7278664237098487,0.6982285777367746,0.7760284408329101,0.7819530904438343,"{'max_depth': 3, 'learning_rate': 0.1, 'n_estimators': 50}","['mfcc_6', 'mfcc_11', 'wav_detail_lvl5_std', 'mfcc_8', 'zcr_mean']",0.5506216696269982,0.6078431372549019,0.5032467532467533,0.6514774391742517,0.6870967741935484,0.7486818980667839,0.6348733233979136,0.7369427687656354,0.8871194379391101,0.8270742358078602,0.9565656565656566,0.9574390633916159
XGB,0.7082469745610646,0.721482744778052,0.7036544208675356,0.7745048247841544,0.7794190387468788,"{'max_depth': 5, 'learning_rate': 0.1, 'n_estimators': 50}","['mfcc_6', 'mfcc_11', 'wav_detail_lvl5_std', 'mfcc_10', 'spec_centroid']",0.5652173913043478,0.5827586206896552,0.5487012987012987,0.6222949980141322,0.6628099173553719,0.7439703153988868,0.5976154992548435,0.7444653921178828,0.8967136150234741,0.8377192982456141,0.9646464646464646,0.9714967261086213
XGB,0.7081873725794057,0.7423811298505903,0.6927384697876501,0.7790756729304216,0.7774752726638036,"{'max_depth': 3, 'learning_rate': 0.01, 'n_estimators': 100}","['mfcc_5', 'mfcc_11', 'wav_detail_lvl5_std', 'mfcc_10', 'wav_detail_lvl3_std', 'zcr_mean', 'spec_centroid']",0.5561904761904762,0.6728110599078341,0.474025974025974,0.635564375808756,0.6763052208835342,0.7334494773519163,0.6274217585692996,0.7345001066645068,0.8920664206642066,0.8208828522920204,0.9767676767676767,0.962361335518148
XGB,0.7081343376039057,0.7167003148987726,0.7034655690393397,0.7734890807516506,0.7632557845853509,"{'max_depth': 3, 'learning_rate': 0.1, 'n_estimators': 100}","['mfcc_3', 'mfcc_10', 'wav_detail_lvl3_std', 'zcr_mean']",0.5608108108108109,0.5845070422535211,0.538961038961039,0.6330917302550148,0.6624405705229794,0.7072758037225042,0.6229508196721312,0.7148973289194739,0.9011516314779271,0.8583180987202925,0.9484848484848485,0.9417782945815644
XGB,0.7080887285942041,0.7097020058057807,0.7114466286597434,0.7750126968004063,0.756815405619117,"{'max_depth': 5, 'learning_rate': 0.1, 'n_estimators': 100}","['mfcc_3', 'mfcc_11', 'mfcc_8', 'mfcc_10', 'spec_centroid']",0.5559006211180124,0.5327380952380952,0.5811688311688312,0.5787304792197401,0.6499189627228525,0.7122557726465364,0.5976154992548435,0.7196224583344022,0.9184466019417475,0.8841121495327103,0.9555555555555556,0.9720932793032085
XGB,0.7079755378764858,0.7199918337357575,0.7026261837737248,0.7755205688166582,0.7554803364010835,"{'max_depth': 3, 'learning_rate': 0.01, 'n_estimators': 100}","['mfcc_5', 'mfcc_8', 'wav_detail_lvl3_std', 'zcr_mean']",0.559322033898305,0.5851063829787234,0.5357142857142857,0.6340823384898617,0.6634225466342255,0.7277580071174378,0.6095380029806259,0.7061158187676825,0.9011820330969267,0.8471111111111111,0.9626262626262626,0.9262428519457063
XGB,0.7079111182941874,0.7138993736785707,0.707847404568716,0.770949720670391,0.7733788219352015,"{'max_depth': 3, 'learning_rate': 0.01, 'n_estimators': 100}","['mfcc_3', 'mfcc_5', 'mfcc_8', 'wav_detail_lvl3_std', 'spec_centroid']",0.5705128205128205,0.5632911392405063,0.577922077922078,0.6471967949332164,0.6541291905151267,0.7246376811594203,0.5961251862891207,0.7241731615044635,0.899091343854615,0.8537693006357856,0.9494949494949495,0.9487665093679247
XGB,0.7077544122829088,0.7313431675621597,0.695971029577587,0.7755205688166582,0.7728434128671605,"{'max_depth': 3, 'learning_rate': 0.1, 'n_estimators': 50}","['mfcc_6', 'mfcc_3', 'wav_detail_lvl5_std', 'mfcc_8', 'mfcc_10', 'spec_centroid']",0.5646630236794171,0.6431535269709544,0.5032467532467533,0.6521090988631101,0.6645264847512039,0.72,0.61698956780924,0.7169827027993605,0.8940737284181055,0.8308759757155247,0.9676767676767677,0.949438436939011
XGB,0.7077522299312541,0.7173747663797414,0.7108922953185249,0.7714575926866429,0.7700613331081216,"{'max_depth': 5, 'learning_rate': 0.1, 'n_estimators': 50}","['mfcc_6', 'mfcc_11', 'mfcc_10', 'wav_detail_lvl3_std', 'spec_centroid']",0.5816485225505443,0.5582089552238806,0.6071428571428571,0.6084682392974481,0.6404782237403929,0.75,0.5588673621460507,0.7297247303528095,0.9011299435028248,0.843915343915344,0.9666666666666667,0.9719910296741071
XGB,0.7076745068924456,0.7169366861502239,0.702749982258179,0.7805992889791773,0.7845611957668179,"{'max_depth': 5, 'learning_rate': 0.1, 'n_estimators': 100}","['mfcc_3', 'mfcc_11', 'wav_detail_lvl5_std', 'mfcc_8', 'wav_detail_lvl3_std', 'spec_centroid']",0.5340136054421769,0.5607142857142857,0.5097402597402597,0.6310747699921783,0.675654242664552,0.7220338983050848,0.6348733233979136,0.7581612630063286,0.9133556725706079,0.8680618744313012,0.9636363636363636,0.9644475543019466
XGB,0.7076103620269577,0.7225629844118933,0.7239005984907624,0.7689182326053834,0.7238097902867612,"{'max_depth': 5, 'learning_rate': 0.1, 'n_estimators': 50}","['mfcc_6', 'mfcc_8', 'zcr_mean']",0.5804676753782668,0.5035799522673031,0.685064935064935,0.4945652122802122,0.6407942238267148,0.8123569794050344,0.5290611028315947,0.7338815111759225,0.9015691868758916,0.8517520215633423,0.9575757575757575,0.9429826474041488
XGB,0.7075793948279498,0.7195939285627784,0.7020241446470955,0.7750126968004063,0.7715942464834411,"{'max_depth': 3, 'learning_rate': 0.1, 'n_estimators': 100}","['mfcc_6', 'wav_detail_lvl5_std', 'mfcc_10', 'spec_centroid']",0.5568760611205433,0.5836298932384342,0.5324675324675324,0.6378076333722487,0.6666666666666666,0.7292035398230089,0.6140089418777943,0.7300170016126284,0.8991954566966398,0.8459483526268923,0.9595959595959596,0.946958104465446
XGB,0.7075322799463764,0.7335761813819888,0.6948000693902333,0.7755205688166582,0.7475372330124314,"{'max_depth': 3, 'learning_rate': 0.01, 'n_estimators': 100}","['mfcc_3', 'mfcc_5', 'wav_detail_lvl5_std', 'mfcc_10']",0.5625,0.6483050847457628,0.4967532467532468,0.608737872382758,0.66934835076428,0.7272727272727273,0.6199701937406855,0.6857611169581788,0.8907484890748489,0.8251507321274764,0.9676767676767677,0.9481127096963573
XGB,0.7074926148254782,0.715549167580272,0.7023162932999,0.7724733367191468,0.7478863440127693,"{'max_depth': 3, 'learning_rate': 0.1, 'n_estimators': 50}","['mfcc_5', 'mfcc_10', 'wav_detail_lvl3_std']",0.555366269165247,0.5842293906810035,0.5292207792207793,0.6197848469806039,0.6682242990654206,0.6998368678629691,0.639344262295082,0.7099307442710496,0.8988872762457668,0.8625812441968431,0.9383838383838384,0.9139434407866547
XGB,0.7073157981883752,0.7202040414426255,0.7032629180170163,0.7739969527679025,0.7700920178892429,"{'max_depth': 5, 'learning_rate': 0.1, 'n_estimators': 50}","['mfcc_6', 'wav_detail_lvl5_std', 'mfcc_10', 'wav_detail_lvl3_std', 'spec_centroid']",0.5666666666666667,0.5821917808219178,0.551948051948052,0.6271912867155716,0.656172328086164,0.7388059701492538,0.5901639344262295,0.7291503247837545,0.8991083998122947,0.8396143733567046,0.9676767676767677,0.9539344421684025
XGB,0.707120974758583,0.726121983286181,0.7002109305387995,0.7704418486541391,0.7593605759499543,"{'max_depth': 3, 'learning_rate': 0.1, 'n_estimators': 50}","['mfcc_6', 'mfcc_11', 'mfcc_10', 'wav_detail_lvl3_std']",0.5846153846153846,0.6173285198555957,0.5551948051948052,0.6196059653775212,0.6487845766974015,0.7413793103448276,0.5767511177347243,0.702845044682601,0.887962962962963,0.8196581196581196,0.9686868686868687,0.9556307177897406
XGB,0.7070939097880461,0.7426196647056718,0.6907190562928268,0.7745048247841544,0.7849160197675774,"{'max_depth': 3, 'learning_rate': 0.1, 'n_estimators': 50}","['mfcc_3', 'mfcc_11', 'wav_detail_lvl5_std', 'zcr_mean']",0.5692307692307692,0.6981132075471698,0.4805194805194805,0.6790913093510978,0.6624405705229794,0.7072758037225042,0.6229508196721312,0.7343896300883233,0.8896103896103896,0.8224699828473413,0.9686868686868687,0.9412671198633112
XGB,0.7070935572711997,0.7131799597277384,0.7069575536788651,0.7729812087353987,0.7704760672450877,"{'max_depth': 3, 'learning_rate': 0.1, 'n_estimators': 100}","['mfcc_5', 'wav_detail_lvl5_std', 'mfcc_10', 'zcr_mean', 'spec_centroid']",0.5617977528089888,0.5555555555555556,0.5681818181818182,0.6389622211550384,0.6541291905151267,0.7246376811594203,0.5961251862891207,0.7210615723874942,0.9053537284894837,0.8593466424682396,0.9565656565656566,0.9514044081927304
XGB,0.707068325671592,0.7307806044271228,0.6952637223129026,0.7750126968004063,0.7886647149392866,"{'max_depth': 3, 'learning_rate': 0.1, 'n_estimators': 50}","['mfcc_6', 'mfcc_11', 'wav_detail_lvl5_std', 'wav_detail_lvl3_std', 'spec_centroid']",0.5553539019963702,0.6296296296296297,0.4967532467532468,0.669188424185149,0.6790322580645162,0.7398945518453427,0.6274217585692996,0.7432608673621418,0.8868188169538892,0.8228176318063959,0.9616161616161616,0.9535448532705686
XGB,0.7070122889203775,0.7273635161748119,0.6971601258486504,0.7729812087353987,0.7751697689970141,"{'max_depth': 3, 'learning_rate': 0.1, 'n_estimators': 50}","['mfcc_6', 'mfcc_3', 'wav_detail_lvl5_std', 'mfcc_8', 'mfcc_10', 'wav_detail_lvl3_std', 'spec_centroid']",0.5719360568383659,0.6313725490196078,0.5227272727272727,0.6598599879630183,0.6563769293257514,0.7214285714285714,0.6020864381520119,0.7144037214161044,0.8927238805970149,0.8292894280762565,0.9666666666666667,0.9512455976119196
XGB,0.7070009974424439,0.7139521346941667,0.7137317752071851,0.7704418486541391,0.7739088382959811,"{'max_depth': 3, 'learning_rate': 0.1, 'n_estimators': 100}","['mfcc_6', 'mfcc_3', 'mfcc_5', 'mfcc_8', 'spec_centroid']",0.5830815709969789,0.5451977401129944,0.6266233766233766,0.6353987600895348,0.6318493150684932,0.7424547283702213,0.5499254843517138,0.7316102075755093,0.9060721062618596,0.8542039355992844,0.9646464646464646,0.9547175472228991
XGB,0.7069770876593887,0.7142644781787713,0.713819695786909,0.7714575926866429,0.764764495546557,"{'max_depth': 3, 'learning_rate': 0.1, 'n_estimators': 50}","['mfcc_6', 'mfcc_3', 'mfcc_5', 'mfcc_8', 'zcr_mean']",0.5783132530120482,0.5393258426966292,0.6233766233766234,0.6227957884744127,0.6346483704974271,0.7474747474747475,0.5514157973174366,0.7182058966422409,0.9079696394686907,0.8559928443649374,0.9666666666666667,0.9532918015230173
XGB,0.706973885441216,0.7208150967020005,0.6986922306594439,0.7755205688166582,0.77881991040713,"{'max_depth': 3, 'learning_rate': 0.1, 'n_estimators': 50}","['mfcc_3', 'wav_detail_lvl5_std', 'mfcc_10', 'zcr_mean', 'spec_centroid']",0.5486725663716814,0.603112840466926,0.5032467532467533,0.6693950805043791,0.6713395638629284,0.7030995106035889,0.6423248882265276,0.7155308461915699,0.9009095260890378,0.8562329390354868,0.9505050505050505,0.9515338045254407
XGB,0.7068787166509641,0.7196264357053304,0.7007305687633557,0.7760284408329101,0.7606932685631739,"{'max_depth': 3, 'learning_rate': 0.1, 'n_estimators': 100}","['mfcc_6', 'mfcc_11', 'wav_detail_lvl5_std', 'mfcc_8']",0.5417376490630323,0.5698924731182796,0.5162337662337663,0.6084642775252039,0.6839126919967664,0.7473498233215548,0.6304023845007451,0.7124263184477619,0.8949858088930936,0.8416370106761566,0.9555555555555556,0.961189209716556
XGB,0.7068113117585018,0.7100252935770041,0.70643121298859,0.7729812087353987,0.7555675708989241,"{'max_depth': 3, 'learning_rate': 0.1, 'n_estimators': 100}","['mfcc_11', 'mfcc_8', 'mfcc_10', 'wav_detail_lvl3_std', 'spec_centroid']",0.5475040257648953,0.5431309904153354,0.551948051948052,0.5937478629981175,0.6671961874503575,0.7142857142857143,0.6259314456035767,0.7125388687711957,0.9057337220602527,0.8726591760299626,0.9414141414141414,0.9604159809274592
XGB,0.7067946777367821,0.7264452301703098,0.6991468155402583,0.7673946165566278,0.7478665297920193,"{'max_depth': 3, 'learning_rate': 0.1, 'n_estimators': 50}","['mfcc_6', 'mfcc_3', 'mfcc_10', 'wav_detail_lvl3_std']",0.6010362694300518,0.6420664206642066,0.564935064935065,0.6292470945060692,0.6327212020033389,0.7191650853889943,0.5648286140089419,0.6905909832643152,0.8866265617769551,0.8181041844577285,0.9676767676767677,0.9237615116056737
XGB,0.7067631868870853,0.7120305566960008,0.7072942540155654,0.7734890807516506,0.7715181909246794,"{'max_depth': 5, 'learning_rate': 0.1, 'n_estimators': 50}","['mfcc_5', 'wav_detail_lvl5_std', 'mfcc_10', 'wav_detail_lvl3_std', 'zcr_mean', 'spec_centroid']",0.5582137161084529,0.54858934169279,0.5681818181818182,0.6318094386898374,0.6535947712418301,0.7233273056057866,0.5961251862891207,0.7232004589138552,0.9084810733109727,0.8641750227894257,0.9575757575757575,0.9595446751703456
XGB,0.7066380812434332,0.7269477257703979,0.6974652851702032,0.7694261046216353,0.7701232883406987,"{'max_depth': 3, 'learning_rate': 0.1, 'n_estimators': 50}","['mfcc_6', 'wav_detail_lvl5_std', 'mfcc_8', 'wav_detail_lvl3_std', 'spec_centroid']",0.5759162303664922,0.6226415094339622,0.5357142857142857,0.6505424720820344,0.6633663366336634,0.7430683918669131,0.5991058122205664,0.7161533320016772,0.880631676730144,0.8151332760103182,0.9575757575757575,0.9436740609383844
XGB,0.7065845467948525,0.7145584928783254,0.7052373855652544,0.7679024885728797,0.7686231006912038,"{'max_depth': 5, 'learning_rate': 0.01, 'n_estimators': 100}","['mfcc_3', 'mfcc_5', 'mfcc_10', 'zcr_mean', 'spec_centroid']",0.5872756933115824,0.5901639344262295,0.5844155844155844,0.6554227122718213,0.6354679802955665,0.7074954296160878,0.5767511177347243,0.6922574680549635,0.8970099667774086,0.8460161145926589,0.9545454545454546,0.9581891217468267
XGB,0.7065722750080069,0.7239704195898543,0.6987971045348095,0.7679024885728797,0.7652110730445991,"{'max_depth': 3, 'learning_rate': 0.1, 'n_estimators': 50}","['mfcc_6', 'mfcc_3', 'wav_detail_lvl3_std', 'spec_centroid']",0.5827586206896552,0.6213235294117647,0.5487012987012987,0.6419060468875576,0.6546052631578947,0.7302752293577982,0.5931445603576752,0.7162117235801224,0.8823529411764706,0.8203125,0.9545454545454546,0.9375154486661175
XGB,0.7065271174886543,0.7103947042380175,0.7086402668369881,0.7770441848654139,0.7782693652219628,"{'max_depth': 3, 'learning_rate': 0.1, 'n_estimators': 100}","['mfcc_3', 'mfcc_5', 'mfcc_11', 'mfcc_8', 'wav_detail_lvl3_std', 'zcr_mean']",0.5414710485133021,0.5226586102719033,0.5616883116883117,0.6241686948943624,0.6590351594439902,0.730072463768116,0.6005961251862891,0.7388718375934722,0.9190751445086706,0.8784530386740331,0.9636363636363636,0.9717675631780536
XGB,0.7064351897535235,0.7116877551011968,0.7067809239940388,0.7724733367191468,0.7731801230149246,"{'max_depth': 3, 'learning_rate': 0.1, 'n_estimators': 100}","['mfcc_5', 'wav_detail_lvl5_std', 'mfcc_10', 'spec_centroid']",0.5591054313099042,0.550314465408805,0.5681818181818182,0.6338516726170743,0.6541598694942904,0.7225225225225225,0.5976154992548435,0.732360743630988,0.9060402684563759,0.8622262773722628,0.9545454545454546,0.9533279527967116
XGB,0.706341478656756,0.716260937690719,0.7030681522484801,0.7760284408329101,0.7713053684967591,"{'max_depth': 5, 'learning_rate': 0.1, 'n_estimators': 50}","['mfcc_6', 'mfcc_3', 'mfcc_11', 'wav_detail_lvl5_std', 'mfcc_8']",0.5505804311774462,0.5627118644067797,0.538961038961039,0.6180949901164534,0.6617647058823529,0.7323688969258589,0.6035767511177347,0.7272048718820496,0.906679298910469,0.8537020517395183,0.9666666666666667,0.9686162434917742
XGB,0.7060746034146669,0.7184824626299734,0.6986914421340651,0.7770441848654139,0.7747753660588618,"{'max_depth': 3, 'learning_rate': 0.1, 'n_estimators': 50}","['mfcc_5', 'wav_detail_lvl5_std', 'mfcc_8', 'mfcc_10', 'wav_detail_lvl3_std', 'zcr_mean', 'spec_centroid']",0.5368421052631579,0.583969465648855,0.4967532467532468,0.6342097102536515,0.678125,0.7126436781609196,0.646795827123696,0.7302440146262945,0.9032567049808429,0.8588342440801457,0.9525252525252526,0.9598723732966391
XGB,0.7059471856123457,0.7101324429261563,0.715526458969082,0.7699339766378872,0.7897021474971329,"{'max_depth': 5, 'learning_rate': 0.1, 'n_estimators': 50}","['mfcc_6', 'mfcc_3', 'mfcc_5', 'mfcc_11', 'mfcc_8', 'spec_centroid']",0.5718475073313783,0.5213903743315508,0.6331168831168831,0.6339121623157656,0.6348936170212766,0.7400793650793651,0.555886736214605,0.7588284682087377,0.9111004324843825,0.8689275893675527,0.9575757575757575,0.9763658119668954
XGB,0.7058973674946074,0.7196164359217855,0.7050729780237978,0.7679024885728797,0.7616953765866272,"{'max_depth': 3, 'learning_rate': 0.01, 'n_estimators': 100}","['mfcc_6', 'mfcc_3', 'mfcc_8', 'mfcc_10', 'wav_detail_lvl3_std', 'zcr_mean', 'spec_centroid']",0.5912762520193862,0.5884244372990354,0.5941558441558441,0.6422013333731859,0.6353543979504697,0.744,0.5543964232488823,0.7034778029992822,0.8910614525139665,0.8264248704663213,0.9666666666666667,0.9394069933874136
XGB,0.7058922467942749,0.7151448110845625,0.704651116946199,0.7694261046216353,0.7563764936897815,"{'max_depth': 3, 'learning_rate': 0.1, 'n_estimators': 100}","['mfcc_6', 'mfcc_8', 'mfcc_10', 'wav_detail_lvl3_std', 'spec_centroid']",0.5737439222042139,0.5728155339805825,0.5746753246753247,0.6109467943263024,0.648424543946932,0.7308411214953271,0.5827123695976155,0.7106350432218188,0.8955082742316784,0.8417777777777777,0.9565656565656566,0.9475476435212237
XGB,0.705841535406709,0.7152297386466566,0.6999022228530425,0.7734890807516506,0.7744704243601251,"{'max_depth': 3, 'learning_rate': 0.1, 'n_estimators': 50}","['mfcc_5', 'wav_detail_lvl5_std', 'mfcc_8', 'mfcc_10', 'wav_detail_lvl3_std', 'spec_centroid']",0.5438898450946644,0.5787545787545788,0.512987012987013,0.6313100908114678,0.6744548286604362,0.7063621533442088,0.6453055141579732,0.7352236982585608,0.8991799324650265,0.8605724838411819,0.9414141414141414,0.9568774840103466
XGB,0.7058247117511449,0.7133281655707489,0.7104842334350532,0.7704418486541391,0.7533585307660765,"{'max_depth': 3, 'learning_rate': 0.1, 'n_estimators': 100}","['mfcc_6', 'mfcc_3', 'mfcc_8', 'mfcc_10', 'zcr_mean']",0.5784615384615385,0.5497076023391813,0.6103896103896104,0.5847557327726495,0.6331914893617021,0.7380952380952381,0.5543964232488823,0.7282806831500798,0.9058211074301941,0.8521816562778273,0.9666666666666667,0.9470391763755005
XGB,0.7057053755942667,0.7118637360573974,0.705860320614419,0.7689182326053834,0.7731545631047249,"{'max_depth': 3, 'learning_rate': 0.01, 'n_estimators': 100}","['mfcc_3', 'mfcc_5', 'mfcc_8', 'wav_detail_lvl3_std', 'zcr_mean', 'spec_centroid']",0.5696,0.5615141955835962,0.577922077922078,0.6478228451765888,0.649712879409352,0.7226277372262774,0.5901639344262295,0.7230216662487496,0.897803247373448,0.8514492753623188,0.9494949494949495,0.9486191778888359
XGB,0.7056856787124698,0.7222284464812394,0.6985633067600281,0.7719654647028948,0.7764174461513575,"{'max_depth': 3, 'learning_rate': 0.1, 'n_estimators': 100}","['mfcc_6', 'mfcc_11', 'wav_detail_lvl5_std', 'wav_detail_lvl3_std']",0.563573883161512,0.5985401459854015,0.5324675324675324,0.6341420904419192,0.662828947368421,0.7394495412844037,0.6005961251862891,0.7323930539110509,0.8906542056074767,0.828695652173913,0.9626262626262626,0.9627171941011026
XGB,0.7056310185258917,0.7115554807626364,0.7040285761597237,0.7760284408329101,0.7721438279676885,"{'max_depth': 3, 'learning_rate': 0.1, 'n_estimators': 50}","['mfcc_5', 'mfcc_11', 'mfcc_8', 'mfcc_10', 'wav_detail_lvl3_std', 'zcr_mean']",0.5424836601307189,0.5460526315789473,0.538961038961039,0.6201748994237362,0.6613032984714401,0.7185314685314685,0.6125186289120715,0.7285752114132246,0.913106096975516,0.8700823421774931,0.9606060606060606,0.9676813730661047
XGB,0.7055294068615142,0.7115265960210143,0.7087297644674694,0.7750126968004063,0.7501668747900947,"{'max_depth': 5, 'learning_rate': 0.1, 'n_estimators': 100}","['mfcc_6', 'mfcc_11', 'mfcc_8', 'wav_detail_lvl3_std']",0.5407066052227343,0.5131195335276968,0.5714285714285714,0.5636872538670986,0.664440734557596,0.7552182163187856,0.5931445603576752,0.7299248710726817,0.9114408808042126,0.8662420382165605,0.9616161616161616,0.9568884994305038
XGB,0.7054741655825421,0.714052774103343,0.7022910604877818,0.7719654647028948,0.7757281895690599,"{'max_depth': 3, 'learning_rate': 0.1, 'n_estimators': 100}","['mfcc_5', 'mfcc_11', 'mfcc_10', 'wav_detail_lvl3_std', 'zcr_mean', 'spec_centroid']",0.5614617940199336,0.5748299319727891,0.5487012987012987,0.635807061159691,0.6521035598705501,0.7132743362831858,0.6005961251862891,0.7303371262362396,0.9028571428571428,0.8540540540540541,0.9575757575757575,0.961040381311249
XGB,0.7052632700316162,0.7166580119550416,0.7057854107034434,0.7668867445403759,0.7608729413016967,"{'max_depth': 5, 'learning_rate': 0.1, 'n_estimators': 50}","['mfcc_6', 'mfcc_3', 'mfcc_11', 'wav_detail_lvl3_std']",0.5859872611464968,0.575,0.5974025974025974,0.62761965368094,0.6394557823129252,0.7445544554455445,0.5603576751117735,0.704237307024305,0.8903467666354264,0.8304195804195804,0.9595959595959596,0.9507618631998455
XGB,0.705135466831832,0.7081937979563634,0.7152055291399554,0.7714575926866429,0.7807618675936555,"{'max_depth': 5, 'learning_rate': 0.1, 'n_estimators': 50}","['mfcc_6', 'mfcc_3', 'mfcc_5', 'mfcc_11', 'mfcc_8']",0.5626822157434402,0.5105820105820106,0.6266233766233766,0.6237481002828403,0.6333615580016935,0.7333333333333333,0.5573770491803278,0.7440895692224027,0.9193626267503622,0.8806660499537465,0.9616161616161616,0.9744479332757233
XGB,0.7050440512007375,0.7214957074238324,0.69645045300783,0.7770441848654139,0.7659498988349531,"{'max_depth': 3, 'learning_rate': 0.01, 'n_estimators': 100}","['mfcc_5', 'mfcc_11', 'mfcc_8', 'mfcc_10', 'wav_detail_lvl3_std', 'zcr_mean', 'spec_centroid']",0.5425531914893617,0.59765625,0.4967532467532468,0.6094202364326172,0.6693227091633466,0.7191780821917808,0.6259314456035767,0.7320794591213458,0.9032562529495045,0.8476527900797166,0.9666666666666667,0.9563500009508962
XGB,0.7050014501314282,0.7295394607354145,0.69299119217152,0.770949720670391,0.758770056298251,"{'max_depth': 3, 'learning_rate': 0.1, 'n_estimators': 50}","['mfcc_6', 'mfcc_3', 'wav_detail_lvl5_std', 'mfcc_8', 'mfcc_10']",0.5719489981785064,0.6514522821576764,0.5097402597402597,0.6482901950286813,0.6537530266343826,0.7130281690140845,0.6035767511177347,0.6846459439682402,0.8893023255813953,0.8241379310344827,0.9656565656565657,0.9433740298978313
XGB,0.7049612747684365,0.7232537501970073,0.6973067915690866,0.766378872524124,0.767722485185575,"{'max_depth': 3, 'learning_rate': 0.1, 'n_estimators': 50}","['mfcc_6', 'wav_detail_lvl3_std', 'spec_centroid']",0.5807560137457045,0.6167883211678832,0.5487012987012987,0.6401525164399694,0.6550580431177446,0.7383177570093458,0.5886736214605067,0.7197515300462782,0.8790697674418605,0.8146551724137931,0.9545454545454546,0.9432634090704776
XGB,0.7048849563135278,0.7126142438805284,0.7092087936350232,0.7689182326053834,0.776151914548007,"{'max_depth': 3, 'learning_rate': 0.1, 'n_estimators': 100}","['mfcc_6', 'mfcc_3', 'mfcc_8', 'zcr_mean']",0.5753846153846154,0.5467836257309941,0.6071428571428571,0.6362544009422736,0.6377551020408163,0.7425742574257426,0.5588673621460507,0.7524493754580198,0.9015151515151515,0.8484848484848485,0.9616161616161616,0.9397519672437277
XGB,0.7048520175516589,0.7132700289047037,0.7046676759791515,0.7699339766378872,0.7667620700402823,"{'max_depth': 3, 'learning_rate': 0.01, 'n_estimators': 100}","['mfcc_3', 'mfcc_5', 'mfcc_8', 'mfcc_10', 'wav_detail_lvl3_std', 'zcr_mean']",0.5682182985553772,0.5619047619047619,0.5746753246753247,0.6413693544414661,0.6467165419783873,0.731203007518797,0.5797317436661699,0.7120940714426588,0.8996212121212122,0.8467023172905526,0.9595959595959596,0.9468227842367217
XGB,0.7047257381230554,0.730023539471774,0.6922275053422595,0.7734890807516506,0.7851195442533406,"{'max_depth': 3, 'learning_rate': 0.1, 'n_estimators': 50}","['mfcc_3', 'mfcc_11', 'wav_detail_lvl5_std', 'wav_detail_lvl3_std', 'zcr_mean']",0.5608856088560885,0.6495726495726496,0.4935064935064935,0.677142579315848,0.659217877094972,0.7096219931271478,0.6154992548435171,0.7295673340000854,0.8940737284181055,0.8308759757155247,0.9676767676767677,0.9486487194440888
XGB,0.7046916046916047,0.7127217550050532,0.7185425685425685,0.7694261046216353,0.7769874868855112,"{'max_depth': 5, 'learning_rate': 0.01, 'n_estimators': 100}","['mfcc_6', 'mfcc_5', 'mfcc_11', 'mfcc_8']",0.5622377622377622,0.49385749385749383,0.6525974025974026,0.619939803557383,0.6398601398601399,0.773784355179704,0.5454545454545454,0.7500968608442362,0.911976911976912,0.8705234159779615,0.9575757575757575,0.9609257962549147
XGB,0.7045984855655466,0.7130105154400431,0.704756385084254,0.7694261046216353,0.7690352974635873,"{'max_depth': 3, 'learning_rate': 0.01, 'n_estimators': 100}","['mfcc_3', 'mfcc_5', 'mfcc_8', 'wav_detail_lvl3_std', 'zcr_mean']",0.5696,0.5615141955835962,0.577922077922078,0.6453203845641462,0.645,0.7315689981096408,0.5767511177347243,0.7150107177575709,0.8991954566966398,0.8459483526268923,0.9595959595959596,0.9467747900690453
XGB,0.7045778206234963,0.7280623994336827,0.6928843469827076,0.7739969527679025,0.7654944904678068,"{'max_depth': 3, 'learning_rate': 0.1, 'n_estimators': 50}","['mfcc_3', 'wav_detail_lvl5_std', 'mfcc_8', 'zcr_mean', 'spec_centroid']",0.5557586837294333,0.6359832635983264,0.4935064935064935,0.6564983683699177,0.664,0.7167530224525043,0.6184798807749627,0.7013709377026578,0.8939747781410555,0.8314509122502172,0.9666666666666667,0.9386141653308452
XGB,0.7045577936759925,0.715606623225521,0.7044859208793636,0.770949720670391,0.7754115928416493,"{'max_depth': 3, 'learning_rate': 0.01, 'n_estimators': 100}","['mfcc_3', 'mfcc_5', 'mfcc_11', 'mfcc_8', 'wav_detail_lvl3_std', 'zcr_mean', 'spec_centroid']",0.5714285714285714,0.5650793650793651,0.577922077922078,0.6432584557185715,0.6407438715131023,0.740234375,0.5648286140089419,0.7342422284394629,0.9015009380863039,0.841506129597198,0.9707070707070707,0.9487340943669138
XGB,0.7045453344862254,0.7127291810520093,0.7119761234515333,0.7689182326053834,0.7518499712389238,"{'max_depth': 5, 'learning_rate': 0.01, 'n_estimators': 100}","['mfcc_6', 'mfcc_5', 'mfcc_8', 'zcr_mean']",0.573134328358209,0.5303867403314917,0.6233766233766234,0.6052782250598133,0.636755823986195,0.7561475409836066,0.5499254843517138,0.707709727411551,0.9037458511142722,0.8516532618409294,0.9626262626262626,0.942561961245407
XGB,0.7043472207087769,0.7096766857406359,0.7021179791671596,0.7729812087353987,0.770362738706369,"{'max_depth': 3, 'learning_rate': 0.1, 'n_estimators': 100}","['mfcc_11', 'wav_detail_lvl5_std', 'mfcc_8', 'mfcc_10', 'wav_detail_lvl3_std', 'zcr_mean']",0.5394736842105263,0.5466666666666666,0.5324675324675324,0.6229564097457508,0.6682539682539682,0.7147707979626485,0.6274217585692996,0.7279873137663051,0.9053140096618357,0.8675925925925926,0.9464646464646465,0.9601444926070509
XGB,0.7042998194118374,0.7154336493866239,0.7039004407856867,0.770949720670391,0.7744246786047243,"{'max_depth': 3, 'learning_rate': 0.01, 'n_estimators': 100}","['mfcc_3', 'mfcc_5', 'mfcc_11', 'mfcc_8', 'mfcc_10', 'wav_detail_lvl3_std', 'zcr_mean', 'spec_centroid']",0.5700483091787439,0.5654952076677316,0.5746753246753247,0.641796528414894,0.6413502109704642,0.7392996108949417,0.5663189269746647,0.7325359673980061,0.9015009380863039,0.841506129597198,0.9707070707070707,0.948941540001273
XGB,0.7042959742180542,0.7075600456606322,0.7062849415308431,0.7704418486541391,0.7721544990158024,"{'max_depth': 5, 'learning_rate': 0.1, 'n_estimators': 50}","['mfcc_3', 'mfcc_5', 'mfcc_11', 'zcr_mean']",0.5574803149606299,0.5412844036697247,0.5746753246753247,0.6294706075505718,0.646053702196908,0.7114695340501792,0.5916542473919523,0.7154545646813392,0.9093539054966249,0.8699261992619927,0.9525252525252526,0.9715383248154961
XGB,0.704131929559518,0.7081443983639991,0.70401280565215,0.7739969527679025,0.7791211913310828,"{'max_depth': 3, 'learning_rate': 0.1, 'n_estimators': 100}","['mfcc_3', 'mfcc_5', 'mfcc_11', 'mfcc_8', 'mfcc_10', 'wav_detail_lvl3_std', 'zcr_mean']",0.5401929260450161,0.535031847133758,0.5454545454545454,0.6257958307932583,0.6586345381526104,0.7142857142857143,0.6110283159463488,0.7401277793131482,0.9135683244809271,0.8751156336725254,0.9555555555555556,0.9714399638868416
XGB,0.7040693841792166,0.7468034530656739,0.6867113760556384,0.7785678009141697,0.761950409053387,"{'max_depth': 3, 'learning_rate': 0.01, 'n_estimators': 100}","['mfcc_5', 'wav_detail_lvl5_std', 'zcr_mean', 'spec_centroid']",0.5352112676056338,0.7037037037037037,0.4318181818181818,0.6338541560912153,0.6845740598618573,0.7056962025316456,0.6646795827123696,0.7030446708441991,0.892422825070159,0.8310104529616724,0.9636363636363636,0.9489524002247463
XGB,0.7040599983660084,0.7066732351066222,0.7132018861527057,0.7689182326053834,0.7658400440621204,"{'max_depth': 3, 'learning_rate': 0.1, 'n_estimators': 50}","['mfcc_3', 'mfcc_5', 'mfcc_11', 'mfcc_10', 'zcr_mean']",0.5701624815361891,0.5230352303523035,0.6266233766233766,0.6362724006911774,0.627318718381113,0.7223300970873786,0.5543964232488823,0.7046887785334186,0.914698795180723,0.8746543778801843,0.9585858585858585,0.9565589529617647
XGB,0.7040414500889353,0.7207158608816137,0.7010649035239199,0.7643473844591163,0.7471871908947891,"{'max_depth': 3, 'learning_rate': 0.01, 'n_estimators': 100}","['mfcc_11', 'wav_detail_lvl5_std', 'mfcc_8', 'mfcc_10', 'wav_detail_lvl3_std']",0.5953947368421053,0.6033333333333334,0.5876623376623377,0.6278231434943017,0.6347305389221557,0.7449799196787149,0.5529061102831595,0.6771635875041185,0.8819990745025451,0.8138343296327925,0.9626262626262626,0.9365748416859472
XGB,0.7039965775597959,0.7083685338230793,0.7058023639990854,0.7750126968004063,0.778702770358075,"{'max_depth': 5, 'learning_rate': 0.1, 'n_estimators': 100}","['mfcc_6', 'mfcc_3', 'mfcc_11', 'mfcc_8', 'zcr_mean', 'spec_centroid']",0.5360501567398119,0.5181818181818182,0.5551948051948052,0.6100175119181739,0.6601146601146601,0.7327272727272728,0.6005961251862891,0.7518714186985479,0.9158249158249159,0.8741965105601469,0.9616161616161616,0.974219380457503
XGB,0.7039840551395448,0.7180475943309128,0.7022177276275636,0.7668867445403759,0.7554264520744508,"{'max_depth': 3, 'learning_rate': 0.1, 'n_estimators': 50}","['mfcc_6', 'mfcc_3', 'mfcc_8', 'wav_detail_lvl3_std', 'spec_centroid']",0.5821138211382114,0.5830618892508144,0.5811688311688312,0.6279530448975933,0.641156462585034,0.7465346534653465,0.5618479880774963,0.7013092224679702,0.8886818816953889,0.8245462402765773,0.9636363636363636,0.9370170888577892
XGB,0.7039823836027576,0.7141063635377157,0.6975603024783353,0.7734890807516506,0.7621068552538581,"{'max_depth': 3, 'learning_rate': 0.1, 'n_estimators': 100}","['mfcc_11', 'wav_detail_lvl5_std', 'mfcc_8', 'mfcc_10', 'zcr_mean']",0.5347222222222222,0.5746268656716418,0.5,0.61904531162065,0.6780449961210241,0.7071197411003236,0.6512667660208644,0.7111332515169824,0.8991799324650265,0.8605724838411819,0.9414141414141414,0.956142002623942
XGB,0.7039809358649939,0.7107175141213641,0.7032116638674015,0.7755205688166582,0.7817468854178561,"{'max_depth': 5, 'learning_rate': 0.1, 'n_estimators': 100}","['mfcc_6', 'mfcc_11', 'mfcc_8', 'wav_detail_lvl3_std', 'zcr_mean', 'spec_centroid']",0.534621578099839,0.5303514376996805,0.538961038961039,0.6141798503560963,0.6666666666666666,0.7377938517179023,0.6080476900149031,0.759596478864239,0.9106545628284759,0.8640072529465095,0.9626262626262626,0.9714643270332329
XGB,0.7039167868835388,0.7216995446033367,0.6958141130272278,0.7694261046216353,0.7698707768010843,"{'max_depth': 3, 'learning_rate': 0.1, 'n_estimators': 50}","['mfcc_6', 'wav_detail_lvl5_std', 'mfcc_8', 'mfcc_10', 'wav_detail_lvl3_std', 'spec_centroid']",0.5669565217391305,0.6104868913857678,0.5292207792207793,0.6452695755556382,0.6568386568386568,0.7290909090909091,0.5976154992548435,0.7191684383104084,0.8879551820728291,0.8255208333333334,0.9606060606060606,0.945174316537206
XGB,0.7038573347452711,0.7134181963158238,0.7106084261821967,0.766378872524124,0.7627705835765997,"{'max_depth': 3, 'learning_rate': 0.1, 'n_estimators': 100}","['mfcc_6', 'mfcc_3', 'mfcc_11', 'mfcc_8', 'mfcc_10']",0.5918057663125948,0.5555555555555556,0.6331168831168831,0.5919206409531522,0.6203301476976543,0.74375,0.5320417287630402,0.7291593991709676,0.8994360902255639,0.8409490333919156,0.9666666666666667,0.967231710605679
XGB,0.7038429717631557,0.7153913638921217,0.697384855581577,0.7623158963941087,0.7382993790738462,"{'max_depth': 3, 'learning_rate': 0.1, 'n_estimators': 100}","['mfcc_3', 'mfcc_10', 'wav_detail_lvl3_std']",0.5866209262435678,0.6218181818181818,0.5551948051948052,0.6397313547500834,0.6412092283214001,0.6877133105802048,0.6005961251862891,0.6675979903369011,0.8836987607244995,0.8366425992779783,0.9363636363636364,0.9075687921345544
XGB,0.7038270631157922,0.720009724668668,0.6947180627508497,0.7714575926866429,0.773428083986689,"{'max_depth': 5, 'learning_rate': 0.1, 'n_estimators': 100}","['mfcc_3', 'mfcc_11', 'wav_detail_lvl5_std', 'wav_detail_lvl3_std']",0.5516014234875445,0.610236220472441,0.5032467532467533,0.651578186361031,0.6666666666666666,0.7073578595317725,0.6304023845007451,0.7195695599158074,0.8932130991931656,0.8424350940017905,0.9505050505050505,0.9491365056832286
XGB,0.7037028380867284,0.7223297469759936,0.7029762890418628,0.765871000507872,0.7539283742779501,"{'max_depth': 3, 'learning_rate': 0.01, 'n_estimators': 50}","['mfcc_6', 'mfcc_3', 'mfcc_8', 'wav_detail_lvl3_std', 'zcr_mean']",0.5977382875605816,0.594855305466238,0.6006493506493507,0.640146326821173,0.626421697287839,0.7584745762711864,0.533532041728763,0.7105485027840834,0.8869485294117647,0.8136593591905565,0.9747474747474747,0.9110902932285941
XGB,0.7036747273654272,0.7217049467614758,0.694656557771312,0.7760284408329101,0.770496681189193,"{'max_depth': 3, 'learning_rate': 0.1, 'n_estimators': 100}","['mfcc_3', 'mfcc_11', 'wav_detail_lvl5_std', 'mfcc_8', 'wav_detail_lvl3_std', 'zcr_mean']",0.5454545454545454,0.6047430830039525,0.4967532467532468,0.6493176623032642,0.6618589743589743,0.7157712305025996,0.6154992548435171,0.7092142683245671,0.9037106622827619,0.8446005267778753,0.9717171717171718,0.9529581129397475
XGB,0.7036727224785523,0.7139258968709369,0.7036358905211365,0.7694261046216353,0.7687192380004308,"{'max_depth': 3, 'learning_rate': 0.01, 'n_estimators': 100}","['mfcc_3', 'mfcc_5', 'mfcc_11', 'mfcc_8', 'wav_detail_lvl3_std']",0.5714285714285714,0.5650793650793651,0.577922077922078,0.6422853560215058,0.6397306397306397,0.7350096711798839,0.5663189269746647,0.7175782534119245,0.8998589562764457,0.841688654353562,0.9666666666666667,0.9462941045678626
XGB,0.703601124518296,0.7281237176033367,0.6919278656983575,0.766378872524124,0.7710756458992586,"{'max_depth': 3, 'learning_rate': 0.01, 'n_estimators': 100}","['mfcc_3', 'wav_detail_lvl5_std', 'mfcc_10', 'wav_detail_lvl3_std', 'spec_centroid']",0.5848375451263538,0.6585365853658537,0.525974025974026,0.6709088442415364,0.6427406199021207,0.7099099099099099,0.587183308494784,0.7022365892160501,0.8832252085264134,0.8159246575342466,0.9626262626262626,0.9400815042401893
XGB,0.7034451565233512,0.7156866452413847,0.6962166552330485,0.7653631284916201,0.7697348975422923,"{'max_depth': 3, 'learning_rate': 0.1, 'n_estimators': 50}","['mfcc_11', 'wav_detail_lvl5_std', 'mfcc_10']",0.5595854922279793,0.5977859778597786,0.525974025974026,0.6275405181439074,0.6724683544303798,0.7166947723440135,0.6333830104321908,0.7414749780230511,0.8782816229116945,0.832579185520362,0.9292929292929293,0.9401891964599184
XGB,0.7034237388182628,0.7107237473313553,0.7108607543033774,0.7673946165566278,0.7623966689932207,"{'max_depth': 5, 'learning_rate': 0.1, 'n_estimators': 50}","['mfcc_6', 'mfcc_5', 'mfcc_8', 'zcr_mean', 'spec_centroid']",0.5684523809523809,0.5247252747252747,0.6201298701298701,0.5950291806337468,0.640343347639485,0.7550607287449392,0.555886736214605,0.7324662206300888,0.9014754878629224,0.8523852385238524,0.9565656565656566,0.9596946057158263
XGB,0.7033911171842208,0.7200684430455624,0.6939023332465956,0.7770441848654139,0.7821217932125252,"{'max_depth': 5, 'learning_rate': 0.1, 'n_estimators': 100}","['mfcc_3', 'mfcc_11', 'wav_detail_lvl5_std', 'zcr_mean', 'spec_centroid']",0.5236363636363637,0.5950413223140496,0.4675324675324675,0.6539642945151896,0.6861538461538461,0.7090620031796503,0.6646795827123696,0.7393412041420497,0.9003831417624522,0.8561020036429873,0.9494949494949495,0.9530598809803362
XGB,0.7033854991178811,0.7099730581762369,0.7029502677043661,0.7679024885728797,0.77199634299557,"{'max_depth': 3, 'learning_rate': 0.01, 'n_estimators': 100}","['mfcc_3', 'mfcc_5', 'mfcc_8', 'mfcc_10', 'wav_detail_lvl3_std', 'zcr_mean', 'spec_centroid']",0.5636070853462157,0.5591054313099042,0.5681818181818182,0.6421583114219709,0.6486486486486487,0.72,0.5901639344262295,0.7239197168837341,0.8979007633587787,0.8508137432188065,0.9505050505050505,0.9499110006810048
XGB,0.7032022781618744,0.7082195710359797,0.7039024120991334,0.7755205688166582,0.7795310315624514,"{'max_depth': 5, 'learning_rate': 0.1, 'n_estimators': 100}","['mfcc_6', 'mfcc_11', 'mfcc_8', 'mfcc_10', 'wav_detail_lvl3_std', 'zcr_mean', 'spec_centroid']",0.534181240063593,0.5233644859813084,0.5454545454545454,0.6083501827694756,0.6579591836734694,0.7274368231046932,0.6005961251862891,0.7524657426903026,0.9174664107485605,0.8738574040219378,0.9656565656565657,0.977777169227576
XGB,0.7031507644454473,0.7129743072794971,0.7012111749816669,0.7668867445403759,0.7403416721153708,"{'max_depth': 3, 'learning_rate': 0.1, 'n_estimators': 100}","['mfcc_11', 'mfcc_10', 'wav_detail_lvl3_std']",0.5667752442996743,0.5686274509803921,0.564935064935065,0.5936895607364661,0.652317880794702,0.7337057728119181,0.587183308494784,0.6894779076956282,0.8903591682419659,0.8365896980461812,0.9515151515151515,0.9378575479140183
XGB,0.7030854047452421,0.7097909314040115,0.7022760785055867,0.7684103605891316,0.7716888836986969,"{'max_depth': 3, 'learning_rate': 0.01, 'n_estimators': 100}","['mfcc_3', 'mfcc_5', 'mfcc_8', 'mfcc_10', 'wav_detail_lvl3_std', 'spec_centroid']",0.5589660743134087,0.5562700964630225,0.5616883116883117,0.6410277037357525,0.6519607843137255,0.7215189873417721,0.5946348733233979,0.7244316990850451,0.8983293556085918,0.8515837104072398,0.9505050505050505,0.9496072482752929
XGB,0.7030027668829826,0.7113186045389436,0.704756385084254,0.7694261046216353,0.7747508114422268,"{'max_depth': 5, 'learning_rate': 0.1, 'n_estimators': 50}","['mfcc_6', 'mfcc_11', 'mfcc_8', 'wav_detail_lvl3_std', 'spec_centroid']",0.5579937304075235,0.5393939393939394,0.577922077922078,0.6176264582718745,0.6509671993271657,0.747104247104247,0.5767511177347243,0.7423967389903339,0.9000473709142587,0.847457627118644,0.9595959595959596,0.9642292370644721
XGB,0.7029133924971113,0.713543466533881,0.6990774253069336,0.7714575926866429,0.7712685370708144,"{'max_depth': 3, 'learning_rate': 0.1, 'n_estimators': 100}","['mfcc_6', 'mfcc_5', 'mfcc_11', 'mfcc_10', 'zcr_mean', 'spec_centroid']",0.5551839464882943,0.5724137931034483,0.538961038961039,0.6161401941094236,0.6514285714285715,0.720216606498195,0.5946348733233979,0.7303557455263328,0.902127659574468,0.848,0.9636363636363636,0.9673096715766869
XGB,0.7027783748755897,0.7120001844688156,0.7035132748247502,0.7704418486541391,0.7609243696780673,"{'max_depth': 5, 'learning_rate': 0.1, 'n_estimators': 50}","['mfcc_6', 'mfcc_8', 'wav_detail_lvl3_std', 'zcr_mean']",0.5537974683544303,0.5401234567901234,0.5681818181818182,0.6124392458726095,0.653781512605042,0.7495183044315993,0.5797317436661699,0.7255203358614861,0.9007561436672968,0.8463587921847247,0.9626262626262626,0.944813527300106
XGB,0.702603908563027,0.7218638074492049,0.6946951955148677,0.766378872524124,0.7543956906012612,"{'max_depth': 5, 'learning_rate': 0.1, 'n_estimators': 50}","['mfcc_6', 'wav_detail_lvl5_std', 'wav_detail_lvl3_std']",0.5788561525129983,0.620817843866171,0.5422077922077922,0.6370660281233155,0.6439834024896266,0.7265917602996255,0.5782414307004471,0.6895177883248994,0.8849721706864564,0.8181818181818182,0.9636363636363636,0.9366032553555685
XGB,0.7024805130838768,0.7128067025733094,0.6976659648790796,0.7643473844591163,0.7490238600201135,"{'max_depth': 3, 'learning_rate': 0.1, 'n_estimators': 50}","['mfcc_3', 'mfcc_10', 'spec_centroid']",0.5733558178752108,0.5964912280701754,0.551948051948052,0.611924613323024,0.6462530217566479,0.7035087719298245,0.5976154992548435,0.7034947117286622,0.8878326996197718,0.8384201077199281,0.9434343434343434,0.9316522550086543
XGB,0.7023760666410096,0.7200522472156942,0.6956721784590637,0.7668867445403759,0.7714093262183598,"{'max_depth': 3, 'learning_rate': 0.1, 'n_estimators': 50}","['mfcc_6', 'mfcc_11', 'wav_detail_lvl3_std', 'spec_centroid']",0.5699658703071673,0.6007194244604317,0.5422077922077922,0.6335016861461791,0.6533333333333333,0.7410207939508506,0.5842026825633383,0.7241845159405,0.8838289962825279,0.8184165232358004,0.9606060606060606,0.9565417765684004
XGB,0.702210239439224,0.7107176952498829,0.7000370606927984,0.7729812087353987,0.7669560720163796,"{'max_depth': 5, 'learning_rate': 0.1, 'n_estimators': 50}","['mfcc_6', 'mfcc_11', 'wav_detail_lvl5_std', 'mfcc_8', 'wav_detail_lvl3_std']",0.5359477124183006,0.5394736842105263,0.5324675324675324,0.615957784032374,0.6672117743254292,0.7391304347826086,0.6080476900149031,0.7186893617487785,0.9034712315739419,0.8535489667565139,0.9595959595959596,0.9662210702679868
XGB,0.7021975593098775,0.7082988564246908,0.7099161008997075,0.7694261046216353,0.792293495171769,"{'max_depth': 3, 'learning_rate': 0.1, 'n_estimators': 100}","['mfcc_6', 'mfcc_3', 'mfcc_5', 'mfcc_11', 'mfcc_8', 'mfcc_10', 'spec_centroid']",0.564179104477612,0.5220994475138122,0.6136363636363636,0.6369480590902354,0.6295979469632165,0.7389558232931727,0.5484351713859911,0.7659316154079827,0.9128156264888042,0.8638412984670875,0.9676767676767677,0.974000811017089
XGB,0.702185154658347,0.7326890125804016,0.6881662053793202,0.7668867445403759,0.7485788366135714,"{'max_depth': 3, 'learning_rate': 0.01, 'n_estimators': 50}","['mfcc_6', 'mfcc_11', 'wav_detail_lvl5_std', 'mfcc_8', 'mfcc_10', 'wav_detail_lvl3_std']",0.5730129390018485,0.6652360515021459,0.5032467532467533,0.6394385824112441,0.6563011456628478,0.7277676950998185,0.5976154992548435,0.6788554695154381,0.8772413793103448,0.8050632911392405,0.9636363636363636,0.9274424579140319
XGB,0.7021644146688204,0.7045428457789064,0.7087908751843178,0.7628237684103606,0.7524121367970787,"{'max_depth': 3, 'learning_rate': 0.1, 'n_estimators': 100}","['mfcc_3', 'mfcc_5', 'mfcc_8', 'mfcc_10', 'spec_centroid']",0.5770392749244713,0.53954802259887,0.6201298701298701,0.5904698414477676,0.6311407160699417,0.7150943396226415,0.5648286140089419,0.7083766335714754,0.8983132530120482,0.8589861751152074,0.9414141414141414,0.9583899353719932
XGB,0.7020869546686571,0.7234865299824312,0.6913822061363045,0.7628237684103606,0.754687424631626,"{'max_depth': 3, 'learning_rate': 0.01, 'n_estimators': 100}","['mfcc_3', 'wav_detail_lvl5_std', 'mfcc_8', 'mfcc_10', 'wav_detail_lvl3_std']",0.5857142857142857,0.6507936507936508,0.5324675324675324,0.6593712638283215,0.6418152350081038,0.7033747779751333,0.5901639344262295,0.6741324323081317,0.878731343283582,0.8162911611785095,0.9515151515151515,0.9305585777584248
XGB,0.7020375834895418,0.7212488695880027,0.6935068877691829,0.7673946165566278,0.7630947526958122,"{'max_depth': 3, 'learning_rate': 0.1, 'n_estimators': 50}","['mfcc_6', 'wav_detail_lvl5_std', 'mfcc_8', 'mfcc_10', 'wav_detail_lvl3_std']",0.5699300699300699,0.6174242424242424,0.5292207792207793,0.6477390593987915,0.649671052631579,0.7247706422018348,0.5886736214605067,0.6996817772203259,0.8865116279069768,0.821551724137931,0.9626262626262626,0.9418634214683194
XGB,0.7019897504132269,0.7121535995386012,0.7178159424061064,0.7653631284916201,0.7720126820232635,"{'max_depth': 5, 'learning_rate': 0.1, 'n_estimators': 50}","['mfcc_6', 'mfcc_5', 'mfcc_11', 'mfcc_8', 'spec_centroid']",0.5698478561549101,0.4963855421686747,0.6688311688311688,0.5780175105889034,0.6299911268855368,0.7785087719298246,0.5290611028315947,0.7631127341670059,0.9061302681992337,0.8615664845173042,0.9555555555555556,0.9749078013138812
XGB,0.7019609115619545,0.7218856479828997,0.6911511682003485,0.7699339766378872,0.7801279946507655,"{'max_depth': 3, 'learning_rate': 0.1, 'n_estimators': 100}","['mfcc_3', 'wav_detail_lvl5_std', 'wav_detail_lvl3_std', 'zcr_mean']",0.5527272727272727,0.628099173553719,0.4935064935064935,0.6803534417415577,0.6614296936370778,0.6993355481727574,0.6274217585692996,0.7307855486283772,0.891725768321513,0.8382222222222222,0.9525252525252526,0.9292449935823619
XGB,0.7019341824604459,0.7281776713331313,0.6899549752008768,0.7694261046216353,0.7685686543973826,"{'max_depth': 3, 'learning_rate': 0.01, 'n_estimators': 100}","['mfcc_3', 'wav_detail_lvl5_std', 'mfcc_10', 'wav_detail_lvl3_std', 'zcr_mean', 'spec_centroid']",0.5683060109289617,0.6473029045643154,0.5064935064935064,0.6739897933502003,0.6492232215862633,0.7192028985507246,0.5916542473919523,0.6907932582068921,0.8882733148661126,0.8180272108843537,0.9717171717171718,0.9409229116350553
XGB,0.7019250712789478,0.7162371071294714,0.6930562455152619,0.7679024885728797,0.7789073474787224,"{'max_depth': 3, 'learning_rate': 0.1, 'n_estimators': 50}","['mfcc_3', 'wav_detail_lvl5_std', 'mfcc_10', 'spec_centroid']",0.55,0.6111111111111112,0.5,0.6678478164146507,0.6641045349730976,0.6857142857142857,0.6438152011922503,0.7183990174904402,0.8916706788637457,0.8518859245630175,0.9353535353535354,0.9504752085310759
XGB,0.7019001655248127,0.7103107996109673,0.7059080263998295,0.765871000507872,0.7446908528345132,"{'max_depth': 3, 'learning_rate': 0.1, 'n_estimators': 100}","['mfcc_3', 'mfcc_10', 'zcr_mean']",0.57984496124031,0.5548961424332344,0.6071428571428571,0.617336524982168,0.6262798634812287,0.7325349301397206,0.5469448584202683,0.6878454150202336,0.8995756718528995,0.843501326259947,0.9636363636363636,0.9288906185011381
XGB,0.7018354548046092,0.7053508873650657,0.7081084064690623,0.770949720670391,0.7668086900131966,"{'max_depth': 5, 'learning_rate': 0.1, 'n_estimators': 100}","['mfcc_6', 'mfcc_3', 'mfcc_11', 'mfcc_8', 'mfcc_10', 'spec_centroid']",0.5473684210526316,0.5098039215686274,0.5909090909090909,0.5846486730830774,0.6404682274247492,0.7295238095238096,0.5707898658718331,0.7446568234893628,0.9176697159364468,0.8767249310027599,0.9626262626262626,0.9711205734671496
XGB,0.7016067770703205,0.7179449708002269,0.6919889764152058,0.770949720670391,0.7647376364807498,"{'max_depth': 3, 'learning_rate': 0.1, 'n_estimators': 50}","['mfcc_3', 'wav_detail_lvl5_std', 'mfcc_8', 'mfcc_10', 'zcr_mean', 'spec_centroid']",0.5398550724637681,0.610655737704918,0.4837662337662338,0.6509111919249021,0.6687116564417178,0.688783570300158,0.6497764530551415,0.6894604153684369,0.8962536023054755,0.8543956043956044,0.9424242424242424,0.9538413021489103
XGB,0.7014882085681643,0.7128965678748007,0.6948465923875761,0.7673946165566278,0.777184665561446,"{'max_depth': 5, 'learning_rate': 0.1, 'n_estimators': 100}","['mfcc_3', 'wav_detail_lvl5_std', 'wav_detail_lvl3_std', 'spec_centroid']",0.5492227979274611,0.5867158671586716,0.5162337662337663,0.6474749016599864,0.6661404893449092,0.7080536912751678,0.6289120715350224,0.7464705790843585,0.8891013384321224,0.8439201451905626,0.9393939393939394,0.9376085159399934
XGB,0.701400878930362,0.7074820718541902,0.7037064635425292,0.7714575926866429,0.7910485324190325,"{'max_depth': 3, 'learning_rate': 0.1, 'n_estimators': 100}","['mfcc_6', 'mfcc_3', 'mfcc_5', 'mfcc_11', 'mfcc_8', 'mfcc_10', 'zcr_mean', 'spec_centroid']",0.54858934169279,0.5303030303030303,0.5681818181818182,0.6408841263075173,0.6427976686094921,0.7283018867924528,0.5752608047690015,0.7574920503506668,0.9128156264888042,0.8638412984670875,0.9676767676767677,0.9747694205989134
XGB,0.7013577294887169,0.7256070039916244,0.6898331480298694,0.7689182326053834,0.7678439505618956,"{'max_depth': 3, 'learning_rate': 0.1, 'n_estimators': 50}","['mfcc_6', 'wav_detail_lvl5_std', 'mfcc_10', 'wav_detail_lvl3_std']",0.5626134301270418,0.6378600823045267,0.5032467532467533,0.6568408168651048,0.6542207792207793,0.7183600713012478,0.6005961251862891,0.7097879927502908,0.8872389791183295,0.8206008583690987,0.9656565656565657,0.9369030420702911
XGB,0.701350094918696,0.7092421810729186,0.6965427104771367,0.7780599288979178,0.7827517901436397,"{'max_depth': 3, 'learning_rate': 0.1, 'n_estimators': 100}","['mfcc_3', 'mfcc_11', 'wav_detail_lvl5_std', 'mfcc_8', 'mfcc_10', 'wav_detail_lvl3_std', 'zcr_mean', 'spec_centroid']",0.5111492281303602,0.5418181818181819,0.4837662337662338,0.6422492119050698,0.6765163297045101,0.7073170731707317,0.6482861400894188,0.7339135127183574,0.916384726921218,0.8785912882298424,0.9575757575757575,0.972092645807492
XGB,0.7012975297233838,0.7087846136564325,0.705907237874451,0.7673946165566278,0.7698629204022062,"{'max_depth': 3, 'learning_rate': 0.1, 'n_estimators': 50}","['mfcc_6', 'mfcc_3', 'mfcc_11', 'mfcc_8', 'mfcc_10', 'zcr_mean', 'spec_centroid']",0.5692307692307692,0.5409356725146199,0.6006493506493507,0.6247791793756932,0.6297872340425532,0.7341269841269841,0.5514157973174366,0.7188035339780834,0.9048745858968291,0.8512911843276937,0.9656565656565657,0.9660060478528419
XGB,0.7012878671775223,0.708725330250494,0.6981047792523203,0.770949720670391,0.7738117785785915,"{'max_depth': 5, 'learning_rate': 0.1, 'n_estimators': 50}","['mfcc_5', 'mfcc_11', 'wav_detail_lvl3_std', 'zcr_mean', 'spec_centroid']",0.5433333333333333,0.5582191780821918,0.5292207792207793,0.6311483891779917,0.6544,0.7063903281519862,0.6095380029806259,0.7229080389879502,0.9061302681992337,0.8615664845173042,0.9555555555555556,0.9673789075698329
XGB,0.7012790513106982,0.7032368879545764,0.7084293362981887,0.7694261046216353,0.7704142811256486,"{'max_depth': 5, 'learning_rate': 0.1, 'n_estimators': 100}","['mfcc_6', 'mfcc_3', 'mfcc_5', 'mfcc_11', 'mfcc_8', 'mfcc_10']",0.5500747384155455,0.5096952908587258,0.5974025974025974,0.6012757163600644,0.6350789692435578,0.7180451127819549,0.5692995529061102,0.7334858706012791,0.9186834462729913,0.8819702602230484,0.9585858585858585,0.9764812564156023
XGB,0.7012692323463372,0.7301431116745839,0.686822952396723,0.766378872524124,0.7807412693723169,"{'max_depth': 3, 'learning_rate': 0.1, 'n_estimators': 50}","['mfcc_3', 'wav_detail_lvl5_std', 'zcr_mean']",0.5649717514124294,0.672645739910314,0.487012987012987,0.6827784584699346,0.6577498033044846,0.6966666666666667,0.6229508196721312,0.7268115842854463,0.8810861423220974,0.8211169284467714,0.9505050505050505,0.9326337653615702
XGB,0.7012459601211738,0.7245081785375928,0.689533114123278,0.770949720670391,0.7700938529825742,"{'max_depth': 3, 'learning_rate': 0.1, 'n_estimators': 50}","['mfcc_3', 'wav_detail_lvl5_std', 'mfcc_8', 'zcr_mean']",0.5504587155963303,0.6329113924050633,0.487012987012987,0.6697606731033595,0.6618933969769292,0.7098976109215017,0.6199701937406855,0.7052178119261678,0.8913857677902621,0.8307155322862129,0.9616161616161616,0.9353030739181953
XGB,0.701217100194385,0.7142468147363014,0.6997181021771186,0.7623158963941087,0.745634833981918,"{'max_depth': 3, 'learning_rate': 0.01, 'n_estimators': 100}","['mfcc_3', 'mfcc_8', 'mfcc_10', 'wav_detail_lvl3_std', 'zcr_mean']",0.5895765472312704,0.5915032679738562,0.5876623376623377,0.6447977797613287,0.6288135593220339,0.7288801571709234,0.5529061102831595,0.6703686895890306,0.8852611940298507,0.8223570190641247,0.9585858585858585,0.9217380325953947
XGB,0.7011458054875325,0.7135218240035431,0.6988988243086603,0.766378872524124,0.7624472631405964,"{'max_depth': 3, 'learning_rate': 0.1, 'n_estimators': 50}","['mfcc_6', 'mfcc_3', 'mfcc_8', 'mfcc_10', 'wav_detail_lvl3_std', 'spec_centroid']",0.5756578947368421,0.5833333333333334,0.5681818181818182,0.6379862929933017,0.6325503355704698,0.7236084452975048,0.5618479880774963,0.7037654845063969,0.8952291861552854,0.8336236933797909,0.9666666666666667,0.9455900119220909
XGB,0.7010719028584881,0.7104586611635385,0.7009249402692026,0.766378872524124,0.780256153255705,"{'max_depth': 3, 'learning_rate': 0.1, 'n_estimators': 100}","['mfcc_6', 'mfcc_11', 'mfcc_8', 'mfcc_10', 'wav_detail_lvl3_std', 'spec_centroid']",0.5641025641025641,0.5569620253164557,0.5714285714285714,0.6271908927223535,0.6443514644351465,0.7347328244274809,0.5737704918032787,0.742846327458498,0.8947616800377537,0.8396811337466785,0.9575757575757575,0.9707312395862631
XGB,0.7010165246384309,0.7037724511500372,0.7066571255095845,0.7673946165566278,0.7876741247481874,"{'max_depth': 5, 'learning_rate': 0.1, 'n_estimators': 100}","['mfcc_6', 'mfcc_3', 'mfcc_5', 'mfcc_11', 'mfcc_8', 'zcr_mean', 'spec_centroid']",0.5553869499241275,0.5213675213675214,0.5941558441558441,0.6278109204770915,0.6373443983402489,0.7191011235955056,0.5722801788375559,0.7559933965888788,0.9103182256509161,0.8708487084870848,0.9535353535353536,0.9792180571785919
XGB,0.7007159641347421,0.7147731877654359,0.6995903610657709,0.7648552564753682,0.7558480949406258,"{'max_depth': 3, 'learning_rate': 0.01, 'n_estimators': 100}","['mfcc_6', 'mfcc_3', 'mfcc_8', 'mfcc_10', 'wav_detail_lvl3_std', 'zcr_mean']",0.5811688311688312,0.5811688311688312,0.5811688311688312,0.636700227711835,0.6302305721605466,0.738,0.5499254843517138,0.7029692657785744,0.8907484890748489,0.8251507321274764,0.9676767676767677,0.9278747913314676
XGB,0.7006561974703223,0.7204992367898048,0.6961287346533248,0.7633316404266125,0.731933572384329,"{'max_depth': 5, 'learning_rate': 0.01, 'n_estimators': 100}","['mfcc_6', 'mfcc_10', 'wav_detail_lvl3_std']",0.5939597315436241,0.6145833333333334,0.5746753246753247,0.6152258809572209,0.6237113402061856,0.7363083164300203,0.5409836065573771,0.6780625852874843,0.8842975206611571,0.8106060606060606,0.9727272727272728,0.9025122509082821
XGB,0.7005263230243483,0.7278443524578319,0.6878468526009508,0.7653631284916201,0.7520914394904357,"{'max_depth': 3, 'learning_rate': 0.1, 'n_estimators': 50}","['mfcc_6', 'mfcc_3', 'wav_detail_lvl5_std', 'mfcc_8']",0.5740402193784278,0.6569037656903766,0.5097402597402597,0.6531029482377096,0.6470588235294118,0.7160940325497287,0.5901639344262295,0.6656981375936147,0.8804799261652053,0.81053525913339,0.9636363636363636,0.9374732326399826
XGB,0.7005208105681812,0.707432921327699,0.7101838052657724,0.7648552564753682,0.7490507959349864,"{'max_depth': 5, 'learning_rate': 0.01, 'n_estimators': 100}","['mfcc_6', 'mfcc_3', 'mfcc_5', 'mfcc_8', 'mfcc_10', 'spec_centroid']",0.5790251107828656,0.5311653116531165,0.6363636363636364,0.6077484187313,0.6169844020797227,0.7370600414078675,0.5305514157973175,0.6850290874006861,0.9055529188419554,0.8540734109221128,0.9636363636363636,0.9543748816729729
XGB,0.7003162540772063,0.7096275811070322,0.7097071416743548,0.766378872524124,0.7715172489421732,"{'max_depth': 3, 'learning_rate': 0.1, 'n_estimators': 50}","['mfcc_6', 'mfcc_5', 'mfcc_11', 'mfcc_8', 'mfcc_10', 'zcr_mean', 'spec_centroid']",0.553623188405797,0.5,0.6201298701298701,0.605156281282227,0.6440382941688425,0.7740585774058577,0.5514157973174366,0.7367903122759712,0.9032872796569795,0.8548241659152389,0.9575757575757575,0.9726051532683212
XGB,0.7002922860194367,0.7041644513014201,0.7004774521167964,0.776536312849162,0.7663279534149491,"{'max_depth': 5, 'learning_rate': 0.1, 'n_estimators': 50}","['mfcc_3', 'mfcc_11', 'mfcc_8', 'mfcc_10', 'wav_detail_lvl3_std', 'zcr_mean', 'spec_centroid']",0.5160256410256411,0.509493670886076,0.5227272727272727,0.6119667784681269,0.6596942880128721,0.7167832167832168,0.6110283159463488,0.7144533542549906,0.9251569290197972,0.8862164662349676,0.9676767676767677,0.9725637275217295
XGB,0.7002716923808716,0.7275534182162341,0.6874214431591481,0.7653631284916201,0.7651698288629305,"{'max_depth': 3, 'learning_rate': 0.1, 'n_estimators': 50}","['mfcc_6', 'mfcc_3', 'wav_detail_lvl5_std', 'wav_detail_lvl3_std']",0.5724770642201835,0.6582278481012658,0.5064935064935064,0.6695582338747191,0.6471544715447154,0.7119856887298748,0.5931445603576752,0.6906075593970162,0.8811835413777162,0.8124467178175618,0.9626262626262626,0.9353436933170562
XGB,0.7001418073115749,0.7262130101562668,0.6899762653861014,0.760792280345353,0.7563569145808099,"{'max_depth': 3, 'learning_rate': 0.01, 'n_estimators': 100}","['mfcc_6', 'wav_detail_lvl5_std', 'mfcc_8', 'wav_detail_lvl3_std']",0.5915492957746479,0.6461538461538462,0.5454545454545454,0.6622512434041944,0.6373626373626373,0.736328125,0.5618479880774963,0.6873536382595795,0.8715134887974394,0.7961570593149541,0.9626262626262626,0.9194658620786555
XGB,0.7000472915249221,0.7098680250320851,0.6940281030444965,0.7699339766378872,0.7801961811114099,"{'max_depth': 3, 'learning_rate': 0.1, 'n_estimators': 50}","['mfcc_5', 'wav_detail_lvl3_std', 'zcr_mean', 'spec_centroid']",0.5363321799307958,0.5740740740740741,0.5032467532467533,0.656075523335358,0.6625097427903351,0.6944444444444444,0.6333830104321908,0.729241929825293,0.9012999518536351,0.8610855565777369,0.9454545454545454,0.9552710901735784
XGB,0.7000111576981234,0.7081312211586092,0.7064040088630253,0.7679024885728797,0.7380304514074694,"{'max_depth': 5, 'learning_rate': 0.1, 'n_estimators': 100}","['mfcc_6', 'mfcc_8', 'mfcc_10', 'zcr_mean']",0.5555555555555556,0.5167597765363129,0.6006493506493507,0.5317778044376438,0.6374570446735395,0.7525354969574036,0.5529061102831595,0.7357571197787942,0.9070208728652751,0.855098389982111,0.9656565656565657,0.9465564300059702
XGB,0.6999454466630365,0.7088895525024781,0.7039402613173106,0.7673946165566278,0.7517058932172948,"{'max_depth': 3, 'learning_rate': 0.1, 'n_estimators': 100}","['mfcc_6', 'mfcc_11', 'mfcc_8', 'mfcc_10', 'zcr_mean', 'spec_centroid']",0.549618320610687,0.5187319884726225,0.5844155844155844,0.5499777343863883,0.6501706484641638,0.7604790419161677,0.5678092399403875,0.7326824693683446,0.9000473709142587,0.847457627118644,0.9595959595959596,0.9724574758971511
XGB,0.69987968591692,0.7072111097960311,0.7059245854327821,0.766378872524124,0.7631598034002144,"{'max_depth': 3, 'learning_rate': 0.1, 'n_estimators': 50}","['mfcc_6', 'mfcc_3', 'mfcc_5', 'mfcc_8', 'mfcc_10', 'zcr_mean']",0.5683890577507599,0.5342857142857143,0.6071428571428571,0.6205669926003129,0.625,0.7344064386317908,0.5439642324888226,0.7161558172356228,0.90625,0.8529411764705882,0.9666666666666667,0.9527566003647077
XGB,0.6998380677216205,0.7127222195915243,0.6924814105141973,0.7714575926866429,0.7838975278080831,"{'max_depth': 5, 'learning_rate': 0.1, 'n_estimators': 100}","['mfcc_3', 'mfcc_11', 'wav_detail_lvl5_std', 'wav_detail_lvl3_std', 'zcr_mean', 'spec_centroid']",0.5342706502636204,0.5823754789272031,0.4935064935064935,0.6485281598865564,0.6640502354788069,0.7014925373134329,0.6304023845007451,0.741098199304344,0.9011933174224344,0.8542986425339366,0.9535353535353536,0.9620662242333488
XGB,0.6996239103836853,0.7102424000952757,0.6945528666840142,0.7729812087353987,0.7768547211715403,"{'max_depth': 5, 'learning_rate': 0.1, 'n_estimators': 100}","['mfcc_3', 'mfcc_11', 'wav_detail_lvl5_std', 'mfcc_8', 'wav_detail_lvl3_std', 'zcr_mean', 'spec_centroid']",0.5324232081911263,0.5611510791366906,0.5064935064935064,0.6318525623272102,0.6586538461538461,0.7123050259965338,0.6125186289120715,0.7339129404647371,0.9077946768060836,0.8572710951526032,0.9646464646464646,0.9647986607226735
XGB,0.6995262079190651,0.7069007210318555,0.7040794360466491,0.7668867445403759,0.7776498059310466,"{'max_depth': 3, 'learning_rate': 0.1, 'n_estimators': 50}","['mfcc_6', 'mfcc_3', 'mfcc_5', 'mfcc_8', 'zcr_mean', 'spec_centroid']",0.563076923076923,0.5350877192982456,0.5941558441558441,0.6498234626961586,0.6292517006802721,0.7326732673267327,0.5514157973174366,0.7271946574054957,0.90625,0.8529411764705882,0.9666666666666667,0.9559312976914855
XGB,0.6994741745409847,0.7095233552318855,0.7000059139403402,0.7597765363128491,0.7409014028154123,"{'max_depth': 3, 'learning_rate': 0.01, 'n_estimators': 100}","['mfcc_11', 'mfcc_8', 'mfcc_10', 'wav_detail_lvl3_std']",0.583732057416268,0.5736677115987461,0.5941558441558441,0.6121714205441541,0.6317567567567568,0.7290448343079922,0.5573770491803278,0.6852618761099635,0.8829337094499294,0.8258575197889182,0.9484848484848485,0.9252709117921194
XGB,0.6992468171588925,0.7062270644333603,0.7047536252454285,0.766378872524124,0.7552890986961955,"{'max_depth': 3, 'learning_rate': 0.1, 'n_estimators': 50}","['mfcc_6', 'mfcc_3', 'mfcc_8', 'mfcc_10', 'zcr_mean', 'spec_centroid']",0.5648854961832062,0.5331412103746398,0.6006493506493507,0.6064521700635511,0.6257459505541347,0.7310756972111554,0.5469448584202683,0.7145505581435456,0.9071090047393365,0.8544642857142857,0.9666666666666667,0.9448645678814898
XGB,0.6992434602776925,0.7108489275808821,0.6931571767637341,0.7679024885728797,0.7400604350971428,"{'max_depth': 3, 'learning_rate': 0.01, 'n_estimators': 100}","['mfcc_5', 'mfcc_8', 'mfcc_10', 'wav_detail_lvl3_std']",0.5429553264604811,0.5766423357664233,0.512987012987013,0.6057641901342541,0.6608140462889066,0.711340206185567,0.61698956780924,0.699671891903414,0.89396100808369,0.8445642407906558,0.9494949494949495,0.9147452232537604
XGB,0.6992208500738312,0.7070562738651467,0.7042568542568542,0.765871000507872,0.774061284941031,"{'max_depth': 3, 'learning_rate': 0.1, 'n_estimators': 50}","['mfcc_6', 'mfcc_3', 'mfcc_5', 'mfcc_8', 'mfcc_10', 'zcr_mean', 'spec_centroid']",0.5674846625766872,0.5377906976744186,0.6006493506493507,0.6390078631740654,0.6256410256410256,0.7334669338677354,0.5454545454545454,0.7269116747152421,0.9045368620037807,0.849911190053286,0.9666666666666667,0.9562643169337853
XGB,0.699170328859192,0.7049655623975167,0.7039725908578367,0.7699339766378872,0.7623361244755511,"{'max_depth': 5, 'learning_rate': 0.1, 'n_estimators': 100}","['mfcc_6', 'mfcc_3', 'mfcc_11', 'mfcc_8', 'wav_detail_lvl3_std']",0.5426829268292683,0.5114942528735632,0.577922077922078,0.5886455519321075,0.6402695871946082,0.7364341085271318,0.5663189269746647,0.7326119404389129,0.9145584725536993,0.8669683257918552,0.9676767676767677,0.9657508810556329
XGB,0.6991211621496217,0.7232543679477591,0.6870524132819215,0.7623158963941087,0.764544492057042,"{'max_depth': 3, 'learning_rate': 0.01, 'n_estimators': 100}","['mfcc_3', 'wav_detail_lvl5_std', 'mfcc_8', 'mfcc_10', 'wav_detail_lvl3_std', 'spec_centroid']",0.575591985428051,0.6556016597510373,0.512987012987013,0.6618897130816229,0.6419951729686243,0.6975524475524476,0.5946348733233979,0.6923453223160342,0.8797763280521901,0.8166089965397924,0.9535353535353536,0.9393984407734689
XGB,0.6990556486003352,0.7253115090807561,0.6896908191990159,0.7587607922803453,0.725440754593476,"{'max_depth': 5, 'learning_rate': 0.01, 'n_estimators': 100}","['mfcc_6', 'mfcc_3', 'wav_detail_lvl3_std']",0.6024518388791593,0.6539923954372624,0.5584415584415584,0.6284908213144795,0.6223358908780904,0.7270916334661355,0.5439642324888226,0.6545408812800915,0.8723792160437557,0.7948504983388704,0.9666666666666667,0.893290561185857
XGB,0.6990520845729962,0.7158761775053909,0.692724670593523,0.7648552564753682,0.7559168022369867,"{'max_depth': 5, 'learning_rate': 0.1, 'n_estimators': 50}","['mfcc_6', 'mfcc_3', 'wav_detail_lvl5_std', 'mfcc_10', 'wav_detail_lvl3_std']",0.5728987993138936,0.6072727272727273,0.5422077922077922,0.6424009785529587,0.6340248962655601,0.7153558052434457,0.5692995529061102,0.682810041730447,0.8902325581395348,0.825,0.9666666666666667,0.9425393864275541
XGB,0.6989290416357338,0.7032760456893886,0.7061777020793415,0.765871000507872,0.7816471015807345,"{'max_depth': 5, 'learning_rate': 0.1, 'n_estimators': 100}","['mfcc_6', 'mfcc_3', 'mfcc_11', 'mfcc_8', 'spec_centroid']",0.5505952380952381,0.5082417582417582,0.6006493506493507,0.6144405467979355,0.6379746835443038,0.7354085603112841,0.563338301043219,0.7623259771132217,0.9082172032676598,0.8661778185151238,0.9545454545454546,0.9681747808310462
XGB,0.6989107641621235,0.7184348108852688,0.6893919680804927,0.7668867445403759,0.7520671568421818,"{'max_depth': 3, 'learning_rate': 0.1, 'n_estimators': 50}","['mfcc_6', 'wav_detail_lvl5_std', 'mfcc_8', 'mfcc_10']",0.5551601423487544,0.6141732283464567,0.5064935064935064,0.6341017435335143,0.6537216828478964,0.7150442477876107,0.6020864381520119,0.6856222773212572,0.8878504672897196,0.8260869565217391,0.9595959595959596,0.9364774496717743
XGB,0.6988092235012525,0.7027886889622899,0.6991720483523762,0.7679024885728797,0.7584256521488385,"{'max_depth': 3, 'learning_rate': 0.1, 'n_estimators': 100}","['mfcc_11', 'mfcc_8', 'mfcc_10', 'wav_detail_lvl3_std', 'zcr_mean']",0.536741214057508,0.5283018867924528,0.5454545454545454,0.6044748332236329,0.6537530266343826,0.7130281690140845,0.6035767511177347,0.7158485075700685,0.9059334298118669,0.8670360110803325,0.9484848484848485,0.9549536156528141
XGB,0.6986725437495352,0.7226637025714435,0.6872597954565167,0.7684103605891316,0.7686396841457291,"{'max_depth': 3, 'learning_rate': 0.1, 'n_estimators': 50}","['mfcc_3', 'mfcc_11', 'wav_detail_lvl5_std', 'mfcc_8', 'zcr_mean', 'spec_centroid']",0.5547445255474452,0.6333333333333333,0.4935064935064935,0.6617249003397166,0.6505246166263116,0.7095070422535211,0.6005961251862891,0.7016230687674071,0.8907484890748489,0.8251507321274764,0.9676767676767677,0.9425710833300637
XGB,0.6986032160573804,0.7202655792910432,0.6895500674189199,0.7623158963941087,0.7575808331830146,"{'max_depth': 3, 'learning_rate': 0.1, 'n_estimators': 50}","['mfcc_6', 'mfcc_3', 'wav_detail_lvl5_std', 'mfcc_8', 'wav_detail_lvl3_std']",0.5799648506151143,0.632183908045977,0.5357142857142857,0.6583843672656475,0.6345514950166113,0.7166979362101313,0.5692995529061102,0.6759581478511733,0.8812933025404157,0.8119148936170213,0.9636363636363636,0.9383999844322233
XGB,0.6985437524925261,0.7062055646099616,0.6971782619323603,0.7704418486541391,0.7559148178593139,"{'max_depth': 5, 'learning_rate': 0.1, 'n_estimators': 100}","['mfcc_6', 'mfcc_8', 'mfcc_10', 'wav_detail_lvl3_std', 'zcr_mean', 'spec_centroid']",0.5383360522022839,0.5409836065573771,0.5357142857142857,0.6021655952925757,0.6481178396072013,0.7186932849364791,0.5901639344262295,0.7118585566453961,0.9091773656680932,0.8589398023360287,0.9656565656565657,0.9537203016399698
XGB,0.6984038938028676,0.7088216155080286,0.7010274485684321,0.7633316404266125,0.7525964529149478,"{'max_depth': 3, 'learning_rate': 0.1, 'n_estimators': 100}","['mfcc_6', 'mfcc_3', 'mfcc_8', 'mfcc_10', 'spec_centroid']",0.5795275590551181,0.5626911314984709,0.5974025974025974,0.5852909843387095,0.6186803770351328,0.7278225806451613,0.5380029806259314,0.72671151159673,0.897003745318352,0.8359511343804538,0.9676767676767677,0.9457868628094037
XGB,0.6983680926644938,0.7103434787019706,0.6960459394885624,0.760792280345353,0.7429476688704462,"{'max_depth': 5, 'learning_rate': 0.1, 'n_estimators': 100}","['mfcc_6', 'mfcc_3', 'wav_detail_lvl5_std', 'mfcc_10']",0.5831960461285008,0.5919732441471572,0.5746753246753247,0.6178347631533444,0.6242677824267783,0.7118320610687023,0.555886736214605,0.6705619134257659,0.8876404494382022,0.8272251308900523,0.9575757575757575,0.9404463300322282
XGB,0.6983578266766797,0.7058561647736808,0.7037600832682801,0.7653631284916201,0.7567574315229618,"{'max_depth': 3, 'learning_rate': 0.1, 'n_estimators': 50}","['mfcc_6', 'mfcc_3', 'mfcc_5', 'mfcc_8', 'mfcc_10']",0.5657492354740061,0.5346820809248555,0.6006493506493507,0.6134138498021849,0.6239316239316239,0.7314629258517034,0.5439642324888226,0.7034661496737978,0.9053926206244087,0.8514234875444839,0.9666666666666667,0.9533922950929029
XGB,0.698284552947786,0.7111452387306619,0.6909106679598483,0.7628237684103606,0.7686562807183172,"{'max_depth': 3, 'learning_rate': 0.1, 'n_estimators': 50}","['mfcc_11', 'wav_detail_lvl5_std', 'mfcc_10', 'zcr_mean']",0.5486111111111112,0.5895522388059702,0.512987012987013,0.6287622352092915,0.6671949286846276,0.7123519458544839,0.6274217585692996,0.7357694268229626,0.8790476190476191,0.8315315315315316,0.9323232323232323,0.9414371801226972
XGB,0.698252467434175,0.7183622379829182,0.6889996767045948,0.7679024885728797,0.7785136376487508,"{'max_depth': 3, 'learning_rate': 0.1, 'n_estimators': 50}","['mfcc_6', 'mfcc_11', 'wav_detail_lvl5_std', 'mfcc_10', 'wav_detail_lvl3_std']",0.549645390070922,0.60546875,0.5032467532467533,0.6530531006978857,0.6563265306122449,0.7256317689530686,0.5991058122205664,0.722620119464354,0.8887854816193579,0.8239861949956859,0.9646464646464646,0.9598676927840125
XGB,0.6982359543661151,0.7258372002854728,0.6851500958058335,0.7673946165566278,0.7762959782802555,"{'max_depth': 3, 'learning_rate': 0.1, 'n_estimators': 50}","['mfcc_3', 'wav_detail_lvl5_std', 'zcr_mean', 'spec_centroid']",0.5539033457249071,0.6478260869565218,0.4837662337662338,0.6703641955386335,0.655421686746988,0.710801393728223,0.6080476900149031,0.7216229603125152,0.8853828306264501,0.8188841201716738,0.9636363636363636,0.9369007789896175
XGB,0.6978626267106723,0.7116050716560055,0.6922487955274841,0.7648552564753682,0.7520733609199793,"{'max_depth': 5, 'learning_rate': 0.1, 'n_estimators': 50}","['mfcc_3', 'mfcc_11', 'wav_detail_lvl5_std', 'mfcc_8', 'wav_detail_lvl3_std']",0.5587734241908007,0.5878136200716846,0.5324675324675324,0.6330553606316064,0.6437346437346437,0.7145454545454546,0.5856929955290611,0.6705224348762292,0.8910798122065727,0.8324561403508772,0.9585858585858585,0.9526422872521022
XGB,0.6977760798735919,0.7002287198852245,0.7029120242234996,0.7684103605891316,0.7575062777534495,"{'max_depth': 3, 'learning_rate': 0.1, 'n_estimators': 100}","['mfcc_3', 'mfcc_5', 'mfcc_11', 'mfcc_8', 'mfcc_10', 'zcr_mean']",0.5341426403641881,0.5014245014245015,0.5714285714285714,0.579642025125372,0.641914191419142,0.7190388170055453,0.5797317436661699,0.7205290156453823,0.9172714078374455,0.8802228412256268,0.9575757575757575,0.972347792489594
XGB,0.6977430170403847,0.7044201732177701,0.710327316884694,0.7643473844591163,0.7752994474972973,"{'max_depth': 5, 'learning_rate': 0.1, 'n_estimators': 100}","['mfcc_6', 'mfcc_5', 'mfcc_11', 'mfcc_8', 'mfcc_10', 'spec_centroid']",0.5576102418207681,0.4962025316455696,0.6363636363636364,0.5841622078289725,0.6243478260869565,0.7494780793319415,0.5350223546944859,0.7654881236874653,0.9112709832134293,0.867579908675799,0.9595959595959596,0.9762480109754539
XGB,0.6975343382376987,0.7175417575701385,0.6916455736127868,0.7582529202640934,0.7527828837079973,"{'max_depth': 5, 'learning_rate': 0.01, 'n_estimators': 100}","['mfcc_6', 'mfcc_11', 'wav_detail_lvl3_std']",0.5888324873096447,0.6148409893992933,0.564935064935065,0.6153077210681663,0.6303236797274276,0.73558648111332,0.5514157973174366,0.6945751975226562,0.873446847676024,0.8021978021978022,0.9585858585858585,0.9484657325331693
XGB,0.6973974851170812,0.7050961408601388,0.6970024207729125,0.7684103605891316,0.7614284628501928,"{'max_depth': 5, 'learning_rate': 0.1, 'n_estimators': 100}","['mfcc_6', 'mfcc_8', 'wav_detail_lvl3_std', 'zcr_mean', 'spec_centroid']",0.5369774919614148,0.5318471337579618,0.5422077922077922,0.6001298843010946,0.6507018992568125,0.7296296296296296,0.587183308494784,0.7332346354456017,0.9045130641330166,0.8538116591928251,0.9616161616161616,0.9509208688038823
XGB,0.6973571269673348,0.7068707606186981,0.7003402487009045,0.7648552564753682,0.7186843368050461,"{'max_depth': 5, 'learning_rate': 0.1, 'n_estimators': 50}","['mfcc_6', 'mfcc_8', 'zcr_mean', 'spec_centroid']",0.5446153846153846,0.5175438596491229,0.5746753246753247,0.49712857394015075,0.6524701873935264,0.7614314115308151,0.5707898658718331,0.7130917168416269,0.8949858088930936,0.8416370106761566,0.9555555555555556,0.9458327196333606
XGB,0.6972567016534894,0.7168146039286415,0.6891412170100694,0.7628237684103606,0.767982312715378,"{'max_depth': 3, 'learning_rate': 0.1, 'n_estimators': 50}","['mfcc_6', 'mfcc_3', 'wav_detail_lvl5_std', 'mfcc_8', 'mfcc_10', 'wav_detail_lvl3_std']",0.5734265734265734,0.6212121212121212,0.5324675324675324,0.6616339697843469,0.6319272125723738,0.7100371747211895,0.5692995529061102,0.6991504203820667,0.8864163189615206,0.8191945158526135,0.9656565656565657,0.9431625479797201
XGB,0.6972516482100722,0.700604200370431,0.7050398599578926,0.7668867445403759,0.7712123582770936,"{'max_depth': 3, 'learning_rate': 0.1, 'n_estimators': 50}","['mfcc_3', 'mfcc_5', 'mfcc_11', 'mfcc_8', 'zcr_mean', 'spec_centroid']",0.5422222222222223,0.4986376021798365,0.5941558441558441,0.6336040063329605,0.6324642556770396,0.7258687258687259,0.5603576751117735,0.7085392524825802,0.9170684667309547,0.8773062730627307,0.9606060606060606,0.9714938160157403
XGB,0.6971609154298392,0.7047291646599977,0.6967709885742673,0.7679024885728797,0.7597625608102591,"{'max_depth': 5, 'learning_rate': 0.1, 'n_estimators': 50}","['mfcc_6', 'mfcc_8', 'mfcc_10', 'wav_detail_lvl3_std', 'zcr_mean']",0.5419354838709678,0.5384615384615384,0.5454545454545454,0.6171512259792481,0.6435643564356436,0.7208872458410351,0.5812220566318927,0.7132632087300216,0.905982905982906,0.8548387096774194,0.9636363636363636,0.9488732477215077
XGB,0.6970398425229808,0.7017674784897369,0.7049677098857426,0.7679024885728797,0.7805282439992762,"{'max_depth': 5, 'learning_rate': 0.1, 'n_estimators': 100}","['mfcc_6', 'mfcc_5', 'mfcc_11', 'mfcc_8', 'mfcc_10', 'zcr_mean']",0.5360824742268041,0.49056603773584906,0.5909090909090909,0.6015374158033855,0.6372881355932203,0.7387033398821218,0.5603576751117735,0.7650729682294942,0.9177489177489178,0.8760330578512396,0.9636363636363636,0.974974347964949
XGB,0.6970245767506432,0.7145221613167619,0.6877790394183837,0.766378872524124,0.7651835482653006,"{'max_depth': 3, 'learning_rate': 0.1, 'n_estimators': 100}","['mfcc_3', 'wav_detail_lvl5_std', 'mfcc_8', 'wav_detail_lvl3_std', 'zcr_mean']",0.5474060822898033,0.6095617529880478,0.4967532467532468,0.6505238711480894,0.6507936507936508,0.6960950764006791,0.6110283159463488,0.703747450987929,0.8928739971684757,0.8379096545615589,0.9555555555555556,0.9412793226598829
XGB,0.6969023883687258,0.7027445391890192,0.697923812677911,0.7704418486541391,0.7536002418364216,"{'max_depth': 5, 'learning_rate': 0.1, 'n_estimators': 50}","['mfcc_6', 'mfcc_11', 'mfcc_8', 'mfcc_10', 'wav_detail_lvl3_std']",0.5253164556962026,0.5123456790123457,0.538961038961039,0.5841994832296382,0.6523887973640856,0.7292817679558011,0.5901639344262295,0.7108029474345215,0.9130019120458891,0.8666061705989111,0.9646464646464646,0.9657982948451053
XGB,0.6965583833669738,0.6980198799953592,0.6988526955740072,0.766378872524124,0.7426536901750782,"{'max_depth': 5, 'learning_rate': 0.1, 'n_estimators': 50}","['mfcc_3', 'mfcc_5', 'mfcc_11', 'mfcc_8', 'mfcc_10']",0.533751962323391,0.5167173252279635,0.551948051948052,0.5678670730425052,0.6420545746388443,0.6956521739130435,0.5961251862891207,0.6863227131216423,0.9138686131386862,0.8816901408450705,0.9484848484848485,0.9737712843610872
XGB,0.6964105474996279,0.7128602807590969,0.6868651385044829,0.7582529202640934,0.7535378077251768,"{'max_depth': 3, 'learning_rate': 0.1, 'n_estimators': 100}","['mfcc_3', 'wav_detail_lvl5_std', 'mfcc_10']",0.5668449197860963,0.6284584980237155,0.5162337662337663,0.6519242207509293,0.6436420722135008,0.6799336650082919,0.6110283159463488,0.6649197813025991,0.8787446504992867,0.8301886792452831,0.9333333333333333,0.943769421122002
XGB,0.6963727106906763,0.707209859050559,0.7110744446810021,0.7613001523616049,0.7516323504197872,"{'max_depth': 5, 'learning_rate': 0.1, 'n_estimators': 100}","['mfcc_6', 'mfcc_11', 'mfcc_8', 'zcr_mean']",0.5591098748261474,0.48905109489051096,0.6525974025974026,0.5191904231990055,0.6269982238010657,0.7758241758241758,0.526080476900149,0.7693057970965596,0.903010033444816,0.85675430643699,0.9545454545454546,0.966400830963796
XGB,0.6961990032293874,0.6994098574003097,0.6969212026589076,0.7628237684103606,0.7617756939577455,"{'max_depth': 3, 'learning_rate': 0.1, 'n_estimators': 50}","['mfcc_3', 'mfcc_5', 'mfcc_8', 'mfcc_10', 'wav_detail_lvl3_std']",0.5463258785942492,0.5377358490566038,0.5551948051948052,0.6311453770973015,0.6403861625100563,0.6958041958041958,0.5931445603576752,0.7029963420639572,0.9018849685838569,0.8646895273401297,0.9424242424242424,0.9511853627119775
XGB,0.6961321604446592,0.7194343697564465,0.6853996640881886,0.7653631284916201,0.7761315752623176,"{'max_depth': 3, 'learning_rate': 0.1, 'n_estimators': 50}","['mfcc_6', 'mfcc_11', 'wav_detail_lvl5_std']",0.5467625899280576,0.6129032258064516,0.4935064935064935,0.6476068815367634,0.660670482420278,0.7318840579710145,0.6020864381520119,0.7258209551087692,0.8809634089856415,0.8135158254918734,0.9606060606060606,0.9549668891414202
XGB,0.6961116834832208,0.7056697889719533,0.6921104093235241,0.7638395124428644,0.7450380063000672,"{'max_depth': 3, 'learning_rate': 0.01, 'n_estimators': 100}","['mfcc_5', 'mfcc_8', 'mfcc_10', 'wav_detail_lvl3_std', 'zcr_mean']",0.5469798657718121,0.5659722222222222,0.5292207792207793,0.6088171451793315,0.6478190630048465,0.7072310405643739,0.5976154992548435,0.7012488730690872,0.8935361216730038,0.8438061041292639,0.9494949494949495,0.9250480006517829
XGB,0.6960747573849696,0.7218821087475842,0.6843355490896474,0.7623158963941087,0.7508723756656762,"{'max_depth': 3, 'learning_rate': 0.01, 'n_estimators': 100}","['mfcc_6', 'wav_detail_lvl5_std', 'mfcc_10']",0.5615942028985508,0.6352459016393442,0.5032467532467533,0.64371196135468,0.6502463054187192,0.7239488117001828,0.5901639344262295,0.6944032052269964,0.8763837638376384,0.8064516129032258,0.9595959595959596,0.9145019604153525
XGB,0.69593797603935,0.7016096053163737,0.7007837942264171,0.7623158963941087,0.7464297505796714,"{'max_depth': 3, 'learning_rate': 0.1, 'n_estimators': 100}","['mfcc_5', 'mfcc_10', 'zcr_mean']",0.557427258805513,0.527536231884058,0.5909090909090909,0.5969940760941647,0.6290050590219224,0.7242718446601941,0.555886736214605,0.7084568235811392,0.9013816102906146,0.8530207394048692,0.9555555555555556,0.9338383520637106
XGB,0.6959096798490095,0.7101321833373003,0.6882568857978694,0.770949720670391,0.7767994089546661,"{'max_depth': 3, 'learning_rate': 0.1, 'n_estimators': 100}","['mfcc_11', 'wav_detail_lvl5_std', 'mfcc_10', 'wav_detail_lvl3_std', 'spec_centroid']",0.5203539823008849,0.5719844357976653,0.4772727272727273,0.6252314332061332,0.6661404893449092,0.7080536912751678,0.6289120715350224,0.7483177934168481,0.9012345679012346,0.850358422939068,0.9585858585858585,0.9568490002410169
XGB,0.6957688376304659,0.7066453909053654,0.7098609041231992,0.7618080243778568,0.7502402626164728,"{'max_depth': 3, 'learning_rate': 0.1, 'n_estimators': 50}","['mfcc_3', 'mfcc_11', 'mfcc_10', 'zcr_mean']",0.5824964131994261,0.5218508997429306,0.6590909090909091,0.5978249578462632,0.5980304386750224,0.7488789237668162,0.4977645305514158,0.7042161580696775,0.9067796610169492,0.8492063492063492,0.9727272727272728,0.9486796719334776
XGB,0.6957520499708316,0.7000731563180119,0.6955909603450587,0.7613001523616049,0.7482059982157185,"{'max_depth': 3, 'learning_rate': 0.1, 'n_estimators': 100}","['mfcc_3', 'mfcc_8', 'mfcc_10', 'wav_detail_lvl3_std', 'spec_centroid']",0.5516129032258065,0.5480769230769231,0.5551948051948052,0.6166057600706887,0.6381950040290089,0.6947368421052632,0.5901639344262295,0.6836009547800648,0.8974482426576793,0.8574057037718491,0.9414141414141414,0.944411279796402
XGB,0.6955001221245937,0.7002182123887466,0.6974566113910377,0.7536820721178263,0.7368393196351423,"{'max_depth': 3, 'learning_rate': 0.1, 'n_estimators': 50}","['mfcc_3', 'mfcc_8', 'mfcc_10', 'wav_detail_lvl3_std']",0.5863708399366085,0.5727554179566563,0.6006493506493507,0.6306933024192043,0.6166529266281946,0.6900369003690037,0.5573770491803278,0.6481708017522533,0.8834765998089781,0.8378623188405797,0.9343434343434344,0.9316538547339692
XGB,0.6953486389982976,0.709014463630512,0.6951418951418952,0.7577450482478415,0.7551953042060066,"{'max_depth': 3, 'learning_rate': 0.1, 'n_estimators': 50}","['mfcc_6', 'mfcc_8', 'wav_detail_lvl3_std', 'spec_centroid']",0.5778491171749599,0.5714285714285714,0.5844155844155844,0.626454771509186,0.62778730703259,0.7393939393939394,0.5454545454545454,0.6979245829857755,0.8804094927873429,0.816220880069025,0.9555555555555556,0.9412065581230579
XGB,0.6953231252532426,0.7010070142699846,0.6926130942524384,0.7613001523616049,0.7469765779345429,"{'max_depth': 5, 'learning_rate': 0.1, 'n_estimators': 50}","['mfcc_11', 'wav_detail_lvl5_std', 'mfcc_8', 'mfcc_10']",0.5439469320066335,0.5559322033898305,0.5324675324675324,0.6111284523374411,0.6487341772151899,0.6913996627318718,0.6110283159463488,0.6694905769820005,0.8932882665379044,0.8556891766882516,0.9343434343434344,0.9603107044841869
XGB,0.6949934493763131,0.6966913319238901,0.699617959454025,0.760792280345353,0.7674929256076831,"{'max_depth': 3, 'learning_rate': 0.1, 'n_estimators': 50}","['mfcc_3', 'mfcc_5', 'mfcc_8', 'wav_detail_lvl3_std']",0.549079754601227,0.5203488372093024,0.5811688311688312,0.6440104714003085,0.6322686322686323,0.7018181818181818,0.5752608047690015,0.7042976111463574,0.9036319612590799,0.867906976744186,0.9424242424242424,0.9541706942763836
XGB,0.6949207712184456,0.6979100242857963,0.6953248330297511,0.7628237684103606,0.7566864893107074,"{'max_depth': 3, 'learning_rate': 0.1, 'n_estimators': 100}","['mfcc_5', 'mfcc_8', 'mfcc_10', 'wav_detail_lvl3_std', 'spec_centroid']",0.5384615384615384,0.5316455696202531,0.5454545454545454,0.6036399929690064,0.6432,0.694300518134715,0.5991058122205664,0.7131240680396936,0.9031007751937985,0.8677839851024208,0.9414141414141414,0.9532954069234222
XGB,0.69469164336801,0.7023151471952517,0.6926966779425796,0.7623158963941087,0.762737409165346,"{'max_depth': 5, 'learning_rate': 0.1, 'n_estimators': 100}","['mfcc_3', 'wav_detail_lvl5_std', 'mfcc_8', 'wav_detail_lvl3_std', 'spec_centroid']",0.5442622950819672,0.5496688741721855,0.538961038961039,0.6312468295883058,0.646053702196908,0.7114695340501792,0.5916542473919523,0.7131546412085815,0.8937589328251548,0.8458070333633905,0.9474747474747475,0.9438107566991509
XGB,0.6946841935258267,0.6968710088204818,0.7019531773630133,0.7653631284916201,0.7360999680342015,"{'max_depth': 5, 'learning_rate': 0.1, 'n_estimators': 100}","['mfcc_3', 'mfcc_11', 'mfcc_8', 'mfcc_10']",0.5365126676602087,0.49586776859504134,0.5844155844155844,0.5350955064522539,0.6283333333333333,0.7126654064272212,0.5618479880774963,0.7013001762049542,0.919206579583938,0.8820798514391829,0.9595959595959596,0.9719042214453963
XGB,0.6946427998755759,0.7050784533671194,0.6885470631372271,0.7638395124428644,0.7480045666490532,"{'max_depth': 3, 'learning_rate': 0.1, 'n_estimators': 50}","['mfcc_5', 'mfcc_10', 'zcr_mean', 'spec_centroid']",0.5363321799307958,0.5740740740740741,0.5032467532467533,0.595953907311114,0.6530612244897959,0.6898839137645107,0.6199701937406855,0.7017247945857095,0.8945349952061361,0.8512773722627737,0.9424242424242424,0.9463349980503363
XGB,0.6946346862656431,0.7020556949026067,0.6960096673211428,0.765871000507872,0.7505106814281012,"{'max_depth': 3, 'learning_rate': 0.01, 'n_estimators': 100}","['mfcc_6', 'mfcc_5', 'mfcc_11', 'mfcc_10', 'zcr_mean']",0.5314465408805031,0.5152439024390244,0.5487012987012987,0.6022505933909579,0.6494156928213689,0.7381404174573055,0.5797317436661699,0.6956174478783449,0.903041825095057,0.8527827648114902,0.9595959595959596,0.9536640030150003
XGB,0.694501397682159,0.7043429282732908,0.6890032250687989,0.7694261046216353,0.7444046902696398,"{'max_depth': 3, 'learning_rate': 0.1, 'n_estimators': 50}","['mfcc_5', 'mfcc_11', 'mfcc_10', 'zcr_mean', 'spec_centroid']",0.5181347150259067,0.5535055350553506,0.487012987012987,0.5602567444252323,0.6588050314465409,0.697171381031614,0.624441132637854,0.7111844841604167,0.9065644465740297,0.8623518687329079,0.9555555555555556,0.9617728422232705
XGB,0.694393433611972,0.6966311759863751,0.6962229634360781,0.7689182326053834,0.7589601726401728,"{'max_depth': 5, 'learning_rate': 0.1, 'n_estimators': 100}","['mfcc_3', 'mfcc_11', 'mfcc_8', 'mfcc_10', 'zcr_mean', 'spec_centroid']",0.5165354330708661,0.5015290519877675,0.5324675324675324,0.5927918516467852,0.6457326892109501,0.702276707530648,0.5976154992548435,0.7093946789032493,0.9209121785540999,0.8860877684407096,0.9585858585858585,0.9746939873704838
XGB,0.6943171219914355,0.7068529971028221,0.6893056245515261,0.7628237684103606,0.7615727450139204,"{'max_depth': 3, 'learning_rate': 0.1, 'n_estimators': 50}","['mfcc_11', 'wav_detail_lvl5_std', 'mfcc_10', 'wav_detail_lvl3_std']",0.544839255499154,0.568904593639576,0.5227272727272727,0.6215990296330643,0.6492232215862633,0.7192028985507246,0.5916542473919523,0.7188768957569578,0.8888888888888888,0.8324514991181657,0.9535353535353536,0.9442423096517388
XGB,0.6942522809334557,0.7024999420906743,0.6972176882012948,0.7592686642965972,0.7626222107051474,"{'max_depth': 5, 'learning_rate': 0.1, 'n_estimators': 100}","['mfcc_3', 'mfcc_11', 'mfcc_8', 'wav_detail_lvl3_std', 'spec_centroid']",0.565625,0.5451807228915663,0.5876623376623377,0.6213602798527839,0.6242578456318915,0.7244094488188977,0.5484351713859911,0.7249149381226812,0.8928739971684757,0.8379096545615589,0.9555555555555556,0.9415914141399766
XGB,0.6941407753803244,0.7020860563126886,0.6891699981863916,0.7648552564753682,0.7659872691732065,"{'max_depth': 3, 'learning_rate': 0.1, 'n_estimators': 100}","['mfcc_11', 'wav_detail_lvl5_std', 'mfcc_8', 'mfcc_10', 'spec_centroid']",0.523972602739726,0.5543478260869565,0.4967532467532468,0.6186124137721464,0.6609642301710731,0.6910569105691057,0.6333830104321908,0.7165620310239182,0.8974854932301741,0.8608534322820037,0.9373737373737374,0.9627873627235549
XGB,0.6941365578222433,0.7119555692968967,0.6851351138236383,0.7638395124428644,0.7784517943040746,"{'max_depth': 3, 'learning_rate': 0.1, 'n_estimators': 50}","['mfcc_3', 'wav_detail_lvl5_std', 'wav_detail_lvl3_std', 'zcr_mean', 'spec_centroid']",0.5454545454545454,0.6047430830039525,0.4967532467532468,0.6665130624600863,0.6469175340272217,0.698961937716263,0.6020864381520119,0.7320770745071575,0.8900375939849624,0.8321616871704746,0.9565656565656566,0.9367652459449803
XGB,0.6941094773077191,0.7105147467115794,0.6865158217617234,0.7653631284916201,0.767594435614031,"{'max_depth': 3, 'learning_rate': 0.1, 'n_estimators': 50}","['mfcc_3', 'wav_detail_lvl5_std', 'mfcc_8', 'wav_detail_lvl3_std', 'zcr_mean', 'spec_centroid']",0.543859649122807,0.5916030534351145,0.5032467532467533,0.6543914885143582,0.6434359805510534,0.7051509769094139,0.5916542473919523,0.7045964045075073,0.895032802249297,0.8347902097902098,0.9646464646464646,0.9437954138202275
XGB,0.6939397934084613,0.7179787860585636,0.6812208738438247,0.7582529202640934,0.7460653891429541,"{'max_depth': 3, 'learning_rate': 0.01, 'n_estimators': 100}","['mfcc_3', 'wav_detail_lvl5_std', 'mfcc_8', 'mfcc_10', 'spec_centroid']",0.5602968460111317,0.6536796536796536,0.4902597402597403,0.6439092266513847,0.64375,0.6765188834154351,0.6140089418777943,0.6572106684121207,0.877772534214252,0.8237378210806023,0.9393939393939394,0.9370762723653566
XGB,0.6937456804120744,0.7152210340945024,0.6838364125249372,0.766378872524124,0.7737352024613147,"{'max_depth': 3, 'learning_rate': 0.1, 'n_estimators': 50}","['mfcc_6', 'mfcc_11', 'wav_detail_lvl5_std', 'mfcc_10']",0.5359712230215827,0.6008064516129032,0.4837662337662338,0.6460505086294013,0.6563769293257514,0.7214285714285714,0.6020864381520119,0.715859507032697,0.8888888888888888,0.8234280792420328,0.9656565656565657,0.9592955917218455
XGB,0.6937347958202418,0.7135468103350804,0.6849233947594603,0.7577450482478415,0.7528655395635582,"{'max_depth': 3, 'learning_rate': 0.1, 'n_estimators': 100}","['mfcc_6', 'mfcc_3', 'wav_detail_lvl5_std']",0.5694200351493849,0.6206896551724138,0.525974025974026,0.6465380091372324,0.6348684210526315,0.708256880733945,0.5752608047690015,0.6801599948220451,0.8769159312587088,0.8116938950988822,0.9535353535353536,0.9318986147313972
XGB,0.693729013925236,0.695900648338306,0.6982636671161261,0.7648552564753682,0.7657728829564903,"{'max_depth': 5, 'learning_rate': 0.1, 'n_estimators': 100}","['mfcc_6', 'mfcc_3', 'mfcc_5', 'mfcc_11', 'mfcc_8', 'mfcc_10', 'zcr_mean']",0.5337423312883436,0.5058139534883721,0.564935064935065,0.5952648738702196,0.6310599835661462,0.7032967032967034,0.5722801788375559,0.7244086092481467,0.916384726921218,0.8785912882298424,0.9575757575757575,0.9776451657511044
XGB,0.6936695532870351,0.7009529704993827,0.6890639415229579,0.766378872524124,0.7693024117262918,"{'max_depth': 3, 'learning_rate': 0.1, 'n_estimators': 100}","['mfcc_11', 'wav_detail_lvl5_std', 'mfcc_8', 'mfcc_10', 'zcr_mean', 'spec_centroid']",0.5119453924914675,0.539568345323741,0.487012987012987,0.628940336660626,0.6708074534161491,0.700162074554295,0.6438152011922503,0.7162766951241268,0.8982558139534884,0.8631284916201117,0.9363636363636364,0.9626902033941224
XGB,0.6936326382404814,0.7110007740065543,0.6881658111166308,0.7592686642965972,0.7691688997860698,"{'max_depth': 3, 'learning_rate': 0.1, 'n_estimators': 50}","['mfcc_3', 'wav_detail_lvl3_std', 'zcr_mean', 'spec_centroid']",0.5714285714285714,0.6,0.5454545454545454,0.6590283497126872,0.6252100840336134,0.7167630057803468,0.5543964232488823,0.726304869194786,0.8842592592592593,0.8162393162393162,0.9646464646464646,0.9221734804507367
XGB,0.6936183879780405,0.7058979453229931,0.7030890481710154,0.7597765363128491,0.7381453092991054,"{'max_depth': 3, 'learning_rate': 0.1, 'n_estimators': 50}","['mfcc_6', 'mfcc_11', 'mfcc_8', 'mfcc_10', 'zcr_mean']",0.5560407569141194,0.503957783641161,0.6201298701298701,0.5268394864166158,0.6295313881520778,0.7739130434782608,0.5305514157973175,0.7320427435961394,0.8952830188679245,0.8398230088495575,0.9585858585858585,0.955553697884561
XGB,0.6931745522470325,0.7074190565750683,0.7043112625079839,0.7582529202640934,0.7492074081003469,"{'max_depth': 5, 'learning_rate': 0.01, 'n_estimators': 50}","['mfcc_6', 'mfcc_5', 'mfcc_8', 'mfcc_10', 'zcr_mean', 'spec_centroid']",0.5718432510885341,0.5170603674540682,0.6396103896103896,0.5901807572013115,0.6140035906642729,0.7720090293453724,0.5096870342771982,0.7151208021034268,0.8936768149882904,0.8331877729257642,0.9636363636363636,0.9423206649963023
XGB,0.6931548516910513,0.7157030635147347,0.6841959800976194,0.7552056881665821,0.7525012583084562,"{'max_depth': 3, 'learning_rate': 0.1, 'n_estimators': 100}","['mfcc_6', 'wav_detail_lvl5_std']",0.5769230769230769,0.625,0.5357142857142857,0.6337413241775939,0.633696563285834,0.7241379310344828,0.563338301043219,0.690094815690507,0.868844914864243,0.797971259509721,0.9535353535353536,0.9336676350572676
XGB,0.6928067172454124,0.6965277272667091,0.6916337457321063,0.7653631284916201,0.7673176707407525,"{'max_depth': 3, 'learning_rate': 0.1, 'n_estimators': 100}","['mfcc_11', 'wav_detail_lvl5_std', 'mfcc_8', 'mfcc_10', 'wav_detail_lvl3_std', 'spec_centroid']",0.5154975530179445,0.5180327868852459,0.512987012987013,0.6065195755648474,0.6561264822134387,0.6986531986531986,0.6184798807749627,0.7308287935476102,0.9067961165048544,0.8728971962616823,0.9434343434343434,0.9646046431098
XGB,0.6927778247967883,0.7273422855816776,0.6777714695747483,0.7572371762315896,0.735399088763422,"{'max_depth': 3, 'learning_rate': 0.01, 'n_estimators': 100}","['mfcc_6', 'wav_detail_lvl5_std', 'mfcc_8']",0.5682242990654206,0.6696035242290749,0.4935064935064935,0.6219308327233145,0.6446280991735537,0.7235621521335807,0.5812220566318927,0.663974259245472,0.8654810761513908,0.7888611803823774,0.9585858585858585,0.9202921743214793
XGB,0.6922837902593239,0.6955037254031343,0.7116788493837675,0.7572371762315896,0.752426282500728,"{'max_depth': 5, 'learning_rate': 0.1, 'n_estimators': 100}","['mfcc_3', 'mfcc_5', 'mfcc_11', 'mfcc_8', 'zcr_mean']",0.5659863945578232,0.48711943793911006,0.6753246753246753,0.5762002107790419,0.5940766550522648,0.7148846960167715,0.5081967213114754,0.7043624573134925,0.9167883211678832,0.8845070422535212,0.9515151515151515,0.9767161794096495
XGB,0.6921627400670443,0.7035228666846983,0.6906015660114021,0.7572371762315896,0.7348305648893266,"{'max_depth': 3, 'learning_rate': 0.01, 'n_estimators': 100}","['mfcc_11', 'mfcc_10', 'wav_detail_lvl3_std', 'spec_centroid']",0.5602605863192183,0.5620915032679739,0.5584415584415584,0.5791915789790603,0.6325503355704698,0.7236084452975048,0.5618479880774963,0.6981619426384003,0.8836772983114447,0.8248686514886164,0.9515151515151515,0.9271381730505193
XGB,0.6917624706053326,0.6976695052276001,0.6887229042966748,0.765871000507872,0.7738484987474964,"{'max_depth': 3, 'learning_rate': 0.1, 'n_estimators': 100}","['mfcc_11', 'wav_detail_lvl5_std', 'mfcc_8', 'mfcc_10', 'wav_detail_lvl3_std', 'zcr_mean', 'spec_centroid']",0.5117056856187291,0.5275862068965518,0.4967532467532468,0.6238058473436761,0.658267716535433,0.6978297161936561,0.6229508196721312,0.7312575181578022,0.9053140096618357,0.8675925925925926,0.9464646464646465,0.9664821307410107
XGB,0.6916331820440815,0.6994025768745553,0.6909524598049188,0.7628237684103606,0.7693830914745504,"{'max_depth': 3, 'learning_rate': 0.1, 'n_estimators': 100}","['mfcc_6', 'mfcc_5', 'mfcc_11', 'zcr_mean', 'spec_centroid']",0.538961038961039,0.538961038961039,0.538961038961039,0.60370183807066,0.6331409727947238,0.7084870848708487,0.5722801788375559,0.7347352600871906,0.9027975343764817,0.8507596067917784,0.9616161616161616,0.9697121762658005
XGB,0.691626918138741,0.6945247919411165,0.6990979269667794,0.7643473844591163,0.7529936149879743,"{'max_depth': 3, 'learning_rate': 0.1, 'n_estimators': 50}","['mfcc_5', 'mfcc_11', 'mfcc_8', 'mfcc_10', 'zcr_mean']",0.5176470588235295,0.4731182795698925,0.5714285714285714,0.5701262844128147,0.6382623224728488,0.7262357414448669,0.5692995529061102,0.7226582692126905,0.9189713731198448,0.8842203548085901,0.9565656565656566,0.9661962913384177
XGB,0.6913790659468471,0.7019169539539276,0.6966278712180353,0.7592686642965972,0.7536699808210594,"{'max_depth': 5, 'learning_rate': 0.1, 'n_estimators': 100}","['mfcc_6', 'mfcc_3', 'mfcc_8', 'spec_centroid']",0.5604900459418071,0.5304347826086957,0.5941558441558441,0.5917932202668702,0.6163194444444444,0.738045738045738,0.5290611028315947,0.7283958192619642,0.8973277074542897,0.8372703412073491,0.9666666666666667,0.9408209029343438
XGB,0.6910866937390031,0.7081452063625239,0.6982928425551377,0.7567293042153377,0.7457417660612239,"{'max_depth': 5, 'learning_rate': 0.01, 'n_estimators': 50}","['mfcc_6', 'mfcc_5', 'mfcc_8', 'mfcc_10', 'zcr_mean']",0.582701062215478,0.5470085470085471,0.6233766233766234,0.5940219031688274,0.6012601260126013,0.759090909090909,0.4977645305514158,0.701534113779607,0.8892988929889298,0.8183361629881154,0.9737373737373738,0.9416692812352371
XGB,0.6910520877933823,0.7007374810386442,0.6894854083378674,0.7572371762315896,0.7505547987309044,"{'max_depth': 3, 'learning_rate': 0.1, 'n_estimators': 50}","['mfcc_11', 'mfcc_10', 'wav_detail_lvl3_std', 'zcr_mean']",0.5504885993485342,0.5522875816993464,0.5487012987012987,0.6026248624450028,0.6373443983402489,0.7191011235955056,0.5722801788375559,0.7085123960324048,0.8853232656913639,0.8308237378210807,0.9474747474747475,0.9405271377153058
XGB,0.6907135245913074,0.6984486120518492,0.6954935774607905,0.7618080243778568,0.727498852516263,"{'max_depth': 5, 'learning_rate': 0.1, 'n_estimators': 50}","['mfcc_6', 'mfcc_8', 'mfcc_10', 'zcr_mean', 'spec_centroid']",0.5365853658536586,0.5057471264367817,0.5714285714285714,0.5273279057268441,0.6308610400682012,0.7370517928286853,0.5514157973174366,0.7093913362261128,0.9046941678520626,0.8525469168900804,0.9636363636363636,0.9457773155958321
XGB,0.6905886044609185,0.6998245090596585,0.703355175486323,0.7582529202640934,0.727955936173419,"{'max_depth': 5, 'learning_rate': 0.1, 'n_estimators': 100}","['mfcc_6', 'mfcc_5', 'mfcc_8']",0.550354609929078,0.48866498740554154,0.6298701298701299,0.5441580358796365,0.6167400881057269,0.7543103448275862,0.5216095380029806,0.709550204370314,0.9046711153479504,0.8564981949458483,0.9585858585858585,0.9301595682703064
XGB,0.6905482348463323,0.6985825153852145,0.7010349395595297,0.7572371762315896,0.7442618123214156,"{'max_depth': 3, 'learning_rate': 0.01, 'n_estimators': 100}","['mfcc_6', 'mfcc_5', 'mfcc_8', 'mfcc_10', 'spec_centroid']",0.5423242467718795,0.48586118251928023,0.6136363636363636,0.6058490746076095,0.630755864465682,0.75625,0.5409836065573771,0.6992691280379617,0.8985645933014355,0.8536363636363636,0.9484848484848485,0.9276672343186758
XGB,0.6904840856100581,0.6970676235794389,0.6947488152406186,0.760284408329101,0.7794824498093812,"{'max_depth': 3, 'learning_rate': 0.1, 'n_estimators': 100}","['mfcc_6', 'mfcc_5', 'mfcc_11', 'zcr_mean']",0.5462962962962963,0.5205882352941177,0.5746753246753247,0.6355519492189343,0.6209813874788495,0.7181996086105675,0.5469448584202683,0.7348948789807557,0.9041745730550285,0.8524150268336315,0.9626262626262626,0.9680005212284537
XGB,0.6902700856847913,0.6999775533108866,0.6849628210283948,0.7633316404266125,0.7702920739692606,"{'max_depth': 3, 'learning_rate': 0.1, 'n_estimators': 100}","['mfcc_11', 'wav_detail_lvl5_std', 'mfcc_10', 'spec_centroid']",0.5145797598627787,0.5454545454545454,0.487012987012987,0.6176966208592634,0.6624505928853754,0.7053872053872053,0.624441132637854,0.7408834412506847,0.8937799043062201,0.8490909090909091,0.9434343434343434,0.9522961597978337
XGB,0.6902177392629069,0.6914047052766564,0.6920366822006168,0.7679024885728797,0.7383131609266113,"{'max_depth': 5, 'learning_rate': 0.1, 'n_estimators': 100}","['mfcc_3', 'mfcc_11', 'mfcc_8', 'mfcc_10', 'zcr_mean']",0.4968553459119497,0.4817073170731707,0.512987012987013,0.5377483979532698,0.6480891719745223,0.6957264957264957,0.6065573770491803,0.7048447655099377,0.9257086999022482,0.896780303030303,0.9565656565656566,0.9723463193166262
XGB,0.6900212206094558,0.712633781591653,0.68924924498695,0.7491112239715592,0.734030709694062,"{'max_depth': 5, 'learning_rate': 0.01, 'n_estimators': 100}","['mfcc_6', 'wav_detail_lvl3_std']",0.6038961038961039,0.6038961038961039,0.6038961038961039,0.619603102916741,0.6007130124777184,0.7472283813747228,0.5022354694485842,0.6660034762693632,0.8654545454545455,0.7867768595041322,0.9616161616161616,0.9164855498960822
XGB,0.6899023863730281,0.7067462988465408,0.6826851654720506,0.760792280345353,0.7613785987102757,"{'max_depth': 5, 'learning_rate': 0.1, 'n_estimators': 100}","['mfcc_3', 'zcr_mean', 'spec_centroid']",0.5400696864111498,0.5827067669172933,0.5032467532467533,0.6460648448132187,0.6420966420966421,0.7127272727272728,0.5842026825633383,0.7152809633152685,0.8875408306112926,0.8248048568950563,0.9606060606060606,0.9227899880023396
XGB,0.6896095148343431,0.6898871589948158,0.6973280817543112,0.7577450482478415,0.7591799306697488,"{'max_depth': 5, 'learning_rate': 0.1, 'n_estimators': 50}","['mfcc_3', 'mfcc_5', 'mfcc_11', 'mfcc_8', 'mfcc_10', 'zcr_mean', 'spec_centroid']",0.5386904761904762,0.49725274725274726,0.5876623376623377,0.6037650563017066,0.6183017312448474,0.6918819188191881,0.5588673621460507,0.6984439262702035,0.9118363370677058,0.8805268109125117,0.9454545454545454,0.9753308094373362
XGB,0.68939822982972,0.7054634586028,0.6799312405869783,0.7516505840528187,0.7519255184454007,"{'max_depth': 3, 'learning_rate': 0.1, 'n_estimators': 50}","['mfcc_3', 'wav_detail_lvl5_std', 'mfcc_8', 'mfcc_10']",0.5581395348837209,0.6215139442231076,0.5064935064935064,0.6573145875776782,0.6360093530787218,0.6666666666666666,0.6080476900149031,0.6522979667036262,0.8740458015267175,0.8282097649186256,0.9252525252525252,0.9461640010548975
XGB,0.6893976473007827,0.6941397033706437,0.6937205781468077,0.7613001523616049,0.7340445180049578,"{'max_depth': 3, 'learning_rate': 0.1, 'n_estimators': 100}","['mfcc_5', 'mfcc_11', 'mfcc_10', 'zcr_mean']",0.5314900153609831,0.5043731778425656,0.5616883116883117,0.5559560388863654,0.6270903010033445,0.7142857142857143,0.5588673621460507,0.6949947423985421,0.9096126255380201,0.8637602179836512,0.9606060606060606,0.951182772729966
XGB,0.6892300983159997,0.6988847325885095,0.6935959911369748,0.7577450482478415,0.7621426516768511,"{'max_depth': 3, 'learning_rate': 0.1, 'n_estimators': 50}","['mfcc_6', 'mfcc_3', 'mfcc_8', 'zcr_mean', 'spec_centroid']",0.5507692307692308,0.5233918128654971,0.5811688311688312,0.6277465936203356,0.621342512908778,0.7352342158859471,0.5380029806259314,0.7153576742026397,0.8955785512699906,0.8380281690140845,0.9616161616161616,0.9433236872075784
XGB,0.6891739370348828,0.6916003216711855,0.7009793485203321,0.7587607922803453,0.7719201020233216,"{'max_depth': 3, 'learning_rate': 0.1, 'n_estimators': 100}","['mfcc_3', 'mfcc_5', 'mfcc_11', 'mfcc_8', 'spec_centroid']",0.5371428571428571,0.47959183673469385,0.6103896103896104,0.6115687213614782,0.6129032258064516,0.7120315581854043,0.5380029806259314,0.7302577502914754,0.9174757281553398,0.883177570093458,0.9545454545454546,0.9739338344170111
XGB,0.6890810955458216,0.703912311528145,0.6797597363171134,0.7496190959878111,0.7676924735261261,"{'max_depth': 5, 'learning_rate': 0.1, 'n_estimators': 100}","['mfcc_3', 'wav_detail_lvl5_std', 'spec_centroid']",0.554561717352415,0.6175298804780877,0.5032467532467533,0.6582672920520133,0.6446661550268611,0.6645569620253164,0.6259314456035767,0.7199847386718081,0.8680154142581888,0.8296500920810314,0.9101010101010101,0.9248253898545566
XGB,0.6888797692046857,0.6946852440861534,0.6874861022402007,0.7546978161503302,0.7519320374924444,"{'max_depth': 3, 'learning_rate': 0.1, 'n_estimators': 100}","['wav_detail_lvl5_std', 'mfcc_8', 'mfcc_10', 'wav_detail_lvl3_std', 'zcr_mean']",0.5415986949429038,0.5442622950819672,0.538961038961039,0.6096998240995107,0.6387096774193548,0.6959578207381371,0.5901639344262295,0.7054708490377695,0.8863309352517985,0.8438356164383561,0.9333333333333333,0.940625439340053
XGB,0.6888550825725438,0.6921846437999409,0.7035542781444422,0.7562214321990859,0.7497310744313322,"{'max_depth': 3, 'learning_rate': 0.1, 'n_estimators': 100}","['mfcc_5', 'mfcc_11', 'mfcc_8', 'zcr_mean']",0.5431754874651811,0.47560975609756095,0.6331168831168831,0.5541370926321281,0.6099656357388317,0.7200811359026369,0.5290611028315947,0.7295347215194369,0.9134241245136187,0.8808630393996247,0.9484848484848485,0.9655214091424316
XGB,0.6888392362350612,0.7100104993592322,0.6797203100481789,0.7597765363128491,0.760658061941745,"{'max_depth': 3, 'learning_rate': 0.01, 'n_estimators': 100}","['mfcc_3', 'wav_detail_lvl5_std', 'mfcc_8', 'mfcc_10', 'wav_detail_lvl3_std', 'zcr_mean', 'spec_centroid']",0.5454545454545454,0.6047430830039525,0.4967532467532468,0.6638499432824988,0.6354679802955665,0.7074954296160878,0.5767511177347243,0.6824839644972288,0.8855951829550718,0.8177929854576561,0.9656565656565657,0.9356402780455078
XGB,0.6887927119522286,0.7019140772996598,0.6896549412942855,0.7546978161503302,0.7473884198563363,"{'max_depth': 3, 'learning_rate': 0.1, 'n_estimators': 50}","['mfcc_6', 'mfcc_3', 'mfcc_8', 'mfcc_10', 'wav_detail_lvl3_std']",0.5764895330112721,0.5718849840255591,0.5811688311688312,0.6302937636165508,0.6012058570198106,0.7122448979591837,0.5201192250372578,0.684296368444145,0.8886827458256029,0.8216123499142367,0.9676767676767677,0.9275751275083135
XGB,0.6883767900618102,0.6959857857898814,0.69489232685954,0.7597765363128491,0.7443902210639104,"{'max_depth': 5, 'learning_rate': 0.1, 'n_estimators': 100}","['mfcc_6', 'mfcc_11', 'mfcc_8', 'zcr_mean', 'spec_centroid']",0.5267857142857143,0.48626373626373626,0.5746753246753247,0.5128218779932903,0.6341045415595544,0.7459677419354839,0.5514157973174366,0.7496617192994066,0.9042401143401619,0.8557258791704238,0.9585858585858585,0.9706870658990342
XGB,0.6882947426920433,0.6911743716726136,0.6910096278948737,0.7582529202640934,0.7281997641846235,"{'max_depth': 3, 'learning_rate': 0.1, 'n_estimators': 50}","['mfcc_3', 'mfcc_5', 'mfcc_11', 'mfcc_10']",0.5368916797488226,0.5197568389057751,0.5551948051948052,0.5531248399991338,0.6209150326797386,0.6871609403254972,0.5663189269746647,0.6910097982283251,0.9070775156475686,0.8666053357865685,0.9515151515151515,0.9404646543264119
XGB,0.6881435099695404,0.7098620750685832,0.6763462099527673,0.7526663280853225,0.7587997439076418,"{'max_depth': 5, 'learning_rate': 0.1, 'n_estimators': 50}","['mfcc_3', 'mfcc_11', 'wav_detail_lvl5_std']",0.5488029465930019,0.6340425531914894,0.4837662337662338,0.6500966431357553,0.6453624318004677,0.6764705882352942,0.61698956780924,0.6955893526251578,0.8702651515151515,0.8190730837789661,0.9282828282828283,0.9307132359620123
XGB,0.6880408012246916,0.6999538141968703,0.6827226204275384,0.7618080243778568,0.7706048063729952,"{'max_depth': 3, 'learning_rate': 0.1, 'n_estimators': 100}","['mfcc_11', 'wav_detail_lvl5_std', 'mfcc_10', 'wav_detail_lvl3_std', 'zcr_mean']",0.5205479452054794,0.5507246376811594,0.4935064935064935,0.626415243066722,0.6494345718901454,0.708994708994709,0.5991058122205664,0.737436384899464,0.8941398865784499,0.8401420959147424,0.9555555555555556,0.9479627911527997
XGB,0.6878974058921239,0.6957407603873381,0.686061236880909,0.7567293042153377,0.7757031806421223,"{'max_depth': 3, 'learning_rate': 0.1, 'n_estimators': 100}","['mfcc_6', 'mfcc_5', 'mfcc_10', 'zcr_mean', 'spec_centroid']",0.5385878489326765,0.5448504983388704,0.5324675324675324,0.6449516592901009,0.6334693877551021,0.7003610108303249,0.5782414307004471,0.7304003389693392,0.8916349809885932,0.8420107719928187,0.9474747474747475,0.9517575436669266
XGB,0.6877994932442633,0.6955563532970462,0.6839310355703798,0.7628237684103606,0.743623179362662,"{'max_depth': 5, 'learning_rate': 0.01, 'n_estimators': 100}","['mfcc_5', 'mfcc_8', 'mfcc_10', 'wav_detail_lvl3_std', 'zcr_mean', 'spec_centroid']",0.5109983079526227,0.5335689045936396,0.4902597402597403,0.5964221269307358,0.6497622820919176,0.6937394247038917,0.6110283159463488,0.6778965951966174,0.9026378896882494,0.8593607305936073,0.9505050505050505,0.9565508159606326
XGB,0.6875714667504546,0.6993450442946921,0.6821469969010953,0.7511427120365668,0.7513714022279299,"{'max_depth': 3, 'learning_rate': 0.1, 'n_estimators': 50}","['wav_detail_lvl5_std', 'mfcc_10', 'wav_detail_lvl3_std']",0.5500848896434635,0.5765124555160143,0.525974025974026,0.6171829775383534,0.6412955465587045,0.7021276595744681,0.5901639344262295,0.7102173018383294,0.8713339640491958,0.8193950177935944,0.9303030303030303,0.9267139273071068
XGB,0.6873427855194051,0.6900496405599451,0.6873950275589621,0.7597765363128491,0.7328794076463314,"{'max_depth': 3, 'learning_rate': 0.1, 'n_estimators': 50}","['mfcc_5', 'mfcc_11', 'mfcc_10', 'spec_centroid']",0.5112540192926045,0.5063694267515924,0.5162337662337663,0.5264688130070557,0.6465448768864178,0.6921768707482994,0.6065573770491803,0.7108942282168148,0.904229460379193,0.8716026241799437,0.9393939393939394,0.9612751817151236
XGB,0.6873330069727239,0.69646875604905,0.6903318903318904,0.7572371762315896,0.7581418947114708,"{'max_depth': 5, 'learning_rate': 0.01, 'n_estimators': 100}","['mfcc_6', 'mfcc_5', 'zcr_mean', 'spec_centroid']",0.5420560747663551,0.5209580838323353,0.564935064935065,0.6197109213913957,0.6240409207161125,0.7290836653386454,0.5454545454545454,0.7076197709201397,0.8959020254357042,0.8393645189761695,0.9606060606060606,0.9470949918228766
XGB,0.6873119719521439,0.697664451981104,0.6965797711699352,0.7546978161503302,0.7271964617806947,"{'max_depth': 5, 'learning_rate': 0.01, 'n_estimators': 100}","['mfcc_6', 'mfcc_5', 'mfcc_8', 'mfcc_10']",0.5451895043731778,0.4947089947089947,0.6071428571428571,0.569504050475518,0.6228070175438597,0.7569296375266524,0.5290611028315947,0.6913437379756652,0.8939393939393939,0.8413547237076648,0.9535353535353536,0.9207415968909011
XGB,0.6872632100232043,0.687755663601609,0.6953287756566445,0.7552056881665821,0.770434366851161,"{'max_depth': 3, 'learning_rate': 0.1, 'n_estimators': 100}","['mfcc_5', 'mfcc_11', 'mfcc_8', 'mfcc_10', 'spec_centroid']",0.52046783625731,0.4734042553191489,0.577922077922078,0.5909660814280159,0.6365131578947368,0.710091743119266,0.5767511177347243,0.7495666598912266,0.9048086359175662,0.8797709923664122,0.9313131313131313,0.9707703592342405
XGB,0.6872214845921555,0.7128181990437369,0.6757835970950725,0.7567293042153377,0.779363631828273,"{'max_depth': 3, 'learning_rate': 0.1, 'n_estimators': 100}","['mfcc_3', 'mfcc_11', 'wav_detail_lvl5_std', 'spec_centroid']",0.5484460694698354,0.6276150627615062,0.487012987012987,0.6729417098356909,0.6351020408163265,0.7021660649819494,0.5797317436661699,0.7321226525391984,0.8781163434903048,0.8086734693877551,0.9606060606060606,0.9330265331099299
XGB,0.6869440992814754,0.7018885410665017,0.6791955464086611,0.7567293042153377,0.7509457454749886,"{'max_depth': 5, 'learning_rate': 0.1, 'n_estimators': 100}","['mfcc_3', 'mfcc_11', 'wav_detail_lvl5_std', 'mfcc_8']",0.5361552028218695,0.5868725868725869,0.4935064935064935,0.6240311644880459,0.6390438247011953,0.6866438356164384,0.5976154992548435,0.6792981563850395,0.8856332703213611,0.8321492007104796,0.9464646464646465,0.9495079155518803
XGB,0.6868736659715232,0.6893139713411142,0.6893336172024697,0.7496190959878111,0.7342712509469228,"{'max_depth': 5, 'learning_rate': 0.1, 'n_estimators': 100}","['mfcc_3', 'mfcc_8', 'mfcc_10', 'spec_centroid']",0.5534591194968553,0.5365853658536586,0.5714285714285714,0.584453777543505,0.620633631194151,0.6821428571428572,0.5692995529061102,0.6648120820176538,0.8865282472235635,0.849213691026827,0.9272727272727272,0.9535478932796095
XGB,0.6867693939928877,0.6960093640248296,0.6847483421253914,0.7541899441340782,0.7332202260303462,"{'max_depth': 5, 'learning_rate': 0.1, 'n_estimators': 100}","['mfcc_3', 'mfcc_11', 'mfcc_8', 'wav_detail_lvl3_std']",0.5460526315789473,0.5533333333333333,0.538961038961039,0.6139767974405783,0.627677100494234,0.7016574585635359,0.5678092399403875,0.6564379728049121,0.8865784499054821,0.8330373001776199,0.9474747474747475,0.9292459078455481
XGB,0.6867417434130788,0.6953533202668151,0.6827490360277245,0.7516505840528187,0.7473999377691013,"{'max_depth': 5, 'learning_rate': 0.1, 'n_estimators': 100}","['mfcc_3', 'wav_detail_lvl5_std', 'mfcc_8', 'spec_centroid']",0.5488215488215489,0.5699300699300699,0.5292207792207793,0.6184578310607209,0.6293034427542034,0.6799307958477508,0.5856929955290611,0.6876766880579321,0.8821002386634845,0.8361990950226245,0.9333333333333333,0.936065294188651
XGB,0.6861838816071316,0.6915244647005135,0.6922176487750259,0.7516505840528187,0.7478192708831677,"{'max_depth': 3, 'learning_rate': 0.1, 'n_estimators': 100}","['mfcc_5', 'mfcc_8', 'zcr_mean', 'spec_centroid']",0.5570776255707762,0.5243553008595988,0.5941558441558441,0.5930724077617041,0.6089906700593724,0.7066929133858267,0.5350223546944859,0.6925167346617436,0.8924833491912464,0.8435251798561151,0.9474747474747475,0.9578686702260554
XGB,0.686159975660519,0.6858620641683606,0.6888703585424897,0.7577450482478415,0.7307844718479363,"{'max_depth': 3, 'learning_rate': 0.1, 'n_estimators': 100}","['mfcc_5', 'mfcc_11', 'mfcc_8', 'mfcc_10']",0.5077881619937694,0.4880239520958084,0.5292207792207793,0.5231827903118798,0.6408839779005525,0.6812080536912751,0.6050670640834576,0.705729271931084,0.9098077870872351,0.888354186717998,0.9323232323232323,0.9634413533008452
XGB,0.6859406007942911,0.6876986062250275,0.6923422357848588,0.7552056881665821,0.7577138287291767,"{'max_depth': 3, 'learning_rate': 0.1, 'n_estimators': 50}","['mfcc_3', 'mfcc_5', 'mfcc_8', 'zcr_mean', 'spec_centroid']",0.5331325301204819,0.49719101123595505,0.5746753246753247,0.6298938434793018,0.6180613090306545,0.6958955223880597,0.555886736214605,0.6832724178162988,0.9066279632317368,0.8700092850510678,0.9464646464646465,0.9599752248919294
XGB,0.6858076565925576,0.6874356621521135,0.6917949991720483,0.7546978161503302,0.7321013760375229,"{'max_depth': 3, 'learning_rate': 0.1, 'n_estimators': 50}","['mfcc_5', 'mfcc_8', 'mfcc_10', 'zcr_mean']",0.5263157894736842,0.49019607843137253,0.5681818181818182,0.5574873704090566,0.6281945589447651,0.7029520295202952,0.5678092399403875,0.6884102475471915,0.9029126213592233,0.8691588785046729,0.9393939393939394,0.9504065101563204
XGB,0.6854578113853996,0.6925171548944142,0.6882040545974973,0.7587607922803453,0.7318999317409953,"{'max_depth': 3, 'learning_rate': 0.01, 'n_estimators': 100}","['mfcc_6', 'mfcc_5', 'mfcc_11', 'mfcc_10']",0.517829457364341,0.49554896142433236,0.5422077922077922,0.5695887068241907,0.6369747899159663,0.7302504816955684,0.5648286140089419,0.6842443777322145,0.9015691868758916,0.8517520215633423,0.9575757575757575,0.9418667106665807
XGB,0.6854026663789071,0.7053789545729211,0.6760879678912466,0.7546978161503302,0.7662165099760196,"{'max_depth': 3, 'learning_rate': 0.1, 'n_estimators': 100}","['mfcc_3', 'mfcc_11', 'wav_detail_lvl5_std', 'mfcc_8', 'spec_centroid']",0.5438282647584973,0.6055776892430279,0.4935064935064935,0.6485936940540524,0.6326034063260341,0.693950177935943,0.5812220566318927,0.7090280798656587,0.8797763280521901,0.8166089965397924,0.9535353535353536,0.941027756008348
XGB,0.6852526257314636,0.6892870303088743,0.6898027898027898,0.7541899441340782,0.7547313825206695,"{'max_depth': 3, 'learning_rate': 0.1, 'n_estimators': 100}","['mfcc_3', 'mfcc_5', 'mfcc_10', 'zcr_mean']",0.5432098765432098,0.5176470588235295,0.5714285714285714,0.6097615306722092,0.6110183639398998,0.6944971537001897,0.5454545454545454,0.7063946936898295,0.9015296367112811,0.8557168784029038,0.9525252525252526,0.9480379231999698
XGB,0.6852200330083043,0.6886762160707547,0.6961559387788897,0.7516505840528187,0.7526500151137325,"{'max_depth': 5, 'learning_rate': 0.1, 'n_estimators': 100}","['mfcc_5', 'mfcc_11', 'mfcc_8', 'mfcc_10', 'zcr_mean', 'spec_centroid']",0.5531295487627366,0.5013192612137203,0.6168831168831169,0.580217039520962,0.6005132591958939,0.7048192771084337,0.5230998509687034,0.7058996388088822,0.9020172910662824,0.8598901098901099,0.9484848484848485,0.9718333670113536
XGB,0.6850963657454204,0.6979457043896425,0.6866404087715563,0.7521584560690706,0.7421582167840256,"{'max_depth': 3, 'learning_rate': 0.1, 'n_estimators': 50}","['mfcc_6', 'mfcc_8', 'mfcc_10', 'wav_detail_lvl3_std']",0.5645933014354066,0.554858934169279,0.5746753246753247,0.6252595363806203,0.6044905008635578,0.7186858316221766,0.5216095380029806,0.6830757274983579,0.8862052949372968,0.820292347377472,0.9636363636363636,0.9181393864730986
XGB,0.6850045042143472,0.6983673631138857,0.6783746914894455,0.7638395124428644,0.7722874598103929,"{'max_depth': 3, 'learning_rate': 0.1, 'n_estimators': 100}","['mfcc_11', 'wav_detail_lvl5_std', 'mfcc_10', 'wav_detail_lvl3_std', 'zcr_mean', 'spec_centroid']",0.4991212653778559,0.5440613026819924,0.461038961038961,0.626175571967383,0.6576433121019108,0.705982905982906,0.6154992548435171,0.7385141899512396,0.898248935163275,0.8450578806767587,0.9585858585858585,0.9521726175125563
XGB,0.6846183423640803,0.6975840599729236,0.6854694485842027,0.7521584560690706,0.7469154035062381,"{'max_depth': 3, 'learning_rate': 0.01, 'n_estimators': 100}","['mfcc_3', 'mfcc_8', 'mfcc_10', 'wav_detail_lvl3_std', 'zcr_mean', 'spec_centroid']",0.5617977528089888,0.5555555555555556,0.5681818181818182,0.639972467091397,0.6058519793459552,0.7169042769857433,0.5245901639344263,0.6686865353674027,0.8862052949372968,0.820292347377472,0.9636363636363636,0.9320872080599142
XGB,0.6846016482021545,0.6939793353258521,0.6813316616595305,0.7475876079228034,0.7580002210183286,"{'max_depth': 3, 'learning_rate': 0.1, 'n_estimators': 50}","['wav_detail_lvl5_std', 'mfcc_10', 'wav_detail_lvl3_std', 'zcr_mean']",0.5514950166112956,0.564625850340136,0.538961038961039,0.621809511012906,0.6308068459657702,0.6960431654676259,0.5767511177347243,0.7210751542143895,0.8715030820293979,0.8212689901697945,0.9282828282828283,0.9311159978276903
XGB,0.6843939138927947,0.6855469677645841,0.6955850464047185,0.7486033519553073,0.7395154117279676,"{'max_depth': 3, 'learning_rate': 0.1, 'n_estimators': 100}","['mfcc_5', 'mfcc_8', 'mfcc_10', 'spec_centroid']",0.5161290322580645,0.454320987654321,0.5974025974025974,0.542693432916263,0.6439834024896266,0.7265917602996255,0.5782414307004471,0.7238390147941184,0.8930693069306931,0.8757281553398059,0.9111111111111111,0.9520137874735214
XGB,0.6843691183536494,0.6970025430857628,0.6927081115605705,0.7475876079228034,0.7331908441838589,"{'max_depth': 3, 'learning_rate': 0.1, 'n_estimators': 100}","['mfcc_6', 'mfcc_3', 'mfcc_8', 'mfcc_10']",0.593607305936073,0.5587392550143266,0.6331168831168831,0.5898717961154686,0.5757575757575758,0.7161862527716186,0.481371087928465,0.6775712104242123,0.8837424733672997,0.8160821214713431,0.9636363636363636,0.9321295260118961
XGB,0.6843568985873852,0.7057262768624519,0.6829812567517486,0.7496190959878111,0.7338732163392483,"{'max_depth': 3, 'learning_rate': 0.01, 'n_estimators': 50}","['mfcc_6', 'mfcc_3', 'mfcc_8', 'wav_detail_lvl3_std']",0.5874587458745875,0.5973154362416108,0.577922077922078,0.6380113432666743,0.588339222614841,0.7223427331887202,0.496274217585693,0.6633212154806299,0.8772727272727273,0.7975206611570248,0.9747474747474747,0.9002870902704405
XGB,0.6843203194645652,0.6905717089477426,0.6834654113342639,0.7430167597765364,0.7198510871966128,"{'max_depth': 3, 'learning_rate': 0.1, 'n_estimators': 50}","['mfcc_10', 'wav_detail_lvl3_std']",0.5640194489465153,0.5631067961165048,0.564935064935065,0.5735301121597536,0.6226568867155664,0.6870503597122302,0.5692995529061102,0.6801542596193656,0.8662846227316141,0.8215579710144928,0.9161616161616162,0.9058688898107192
XGB,0.6839386482311159,0.6903397875358775,0.6904552945536553,0.7546978161503302,0.7500543227417144,"{'max_depth': 5, 'learning_rate': 0.1, 'n_estimators': 100}","['mfcc_3', 'mfcc_11', 'mfcc_8', 'zcr_mean', 'spec_centroid']",0.5424242424242425,0.5085227272727273,0.5811688311688312,0.5934258861472091,0.6056458511548332,0.7108433734939759,0.5275707898658718,0.7055971961332496,0.9037458511142722,0.8516532618409294,0.9626262626262626,0.9511398859446846
XGB,0.683639651949241,0.6923850762527234,0.6820622304228862,0.7597765363128491,0.7667774515122568,"{'max_depth': 5, 'learning_rate': 0.1, 'n_estimators': 100}","['mfcc_3', 'mfcc_11', 'mfcc_8', 'wav_detail_lvl3_std', 'zcr_mean', 'spec_centroid']",0.5164473684210527,0.5233333333333333,0.5097402597402597,0.6227509509304695,0.6304526748971193,0.7040441176470589,0.5707898658718331,0.7254473456634835,0.9040189125295508,0.8497777777777777,0.9656565656565657,0.9521340579428177
XGB,0.6831206801641807,0.6928105608077386,0.6915931366751039,0.7536820721178263,0.7462619369254374,"{'max_depth': 3, 'learning_rate': 0.1, 'n_estimators': 100}","['mfcc_6', 'mfcc_11', 'mfcc_8', 'mfcc_10', 'spec_centroid']",0.5300146412884333,0.4826666666666667,0.5876623376623377,0.5362488392880446,0.6212914485165794,0.7494736842105263,0.5305514157973175,0.7321456003654283,0.8980559506875296,0.8462913315460232,0.9565656565656566,0.9703913711228394
XGB,0.6831035844414797,0.6857630595064476,0.7059332592119478,0.7496190959878111,0.7485577808816233,"{'max_depth': 5, 'learning_rate': 0.1, 'n_estimators': 100}","['mfcc_3', 'mfcc_5', 'mfcc_11', 'mfcc_8']",0.5492772667542707,0.4613686534216336,0.6785714285714286,0.5854333645995803,0.578397212543554,0.6960167714884696,0.4947839046199702,0.6844427042019584,0.9216362740266141,0.8999037536092397,0.9444444444444444,0.9757972738433309
XGB,0.6830807170782901,0.6860109153458737,0.6840552283175234,0.7587607922803453,0.7498220505506623,"{'max_depth': 5, 'learning_rate': 0.1, 'n_estimators': 50}","['mfcc_11', 'mfcc_8', 'mfcc_10', 'wav_detail_lvl3_std', 'zcr_mean', 'spec_centroid']",0.5031847133757962,0.49375,0.512987012987013,0.5832758391399435,0.6355591311343524,0.6905594405594405,0.5886736214605067,0.7008473359579583,0.9104983067247219,0.8737233054781801,0.9505050505050505,0.9653429765540853
XGB,0.6826909090425319,0.6832395912819752,0.6957356547520481,0.750126968004063,0.7421650761821529,"{'max_depth': 3, 'learning_rate': 0.1, 'n_estimators': 100}","['mfcc_5', 'mfcc_11', 'mfcc_8', 'spec_centroid']",0.5273492286115007,0.4641975308641975,0.6103896103896104,0.5173919628107663,0.610738255033557,0.6986564299424184,0.5424739195230999,0.7393900849614359,0.9099852434825382,0.8868648130393096,0.9343434343434344,0.9697131807742564
XGB,0.6823746860293743,0.6930960493251334,0.6823090388664159,0.7546978161503302,0.7582844711775717,"{'max_depth': 3, 'learning_rate': 0.1, 'n_estimators': 100}","['mfcc_3', 'mfcc_11', 'mfcc_8', 'wav_detail_lvl3_std', 'zcr_mean']",0.5430894308943089,0.5439739413680782,0.5422077922077922,0.6364409230880005,0.606418918918919,0.6998050682261209,0.5350223546944859,0.7030216365737333,0.8976157082748948,0.835509138381201,0.9696969696969697,0.935390853870981
XGB,0.6822258029909466,0.6840490128716414,0.6826346998478146,0.7450482478415439,0.7456612995967179,"{'max_depth': 3, 'learning_rate': 0.1, 'n_estimators': 100}","['wav_detail_lvl5_std', 'mfcc_8', 'mfcc_10', 'wav_detail_lvl3_std', 'spec_centroid']",0.5352564102564102,0.5284810126582279,0.5422077922077922,0.5927970411678974,0.6334913112164297,0.6739495798319328,0.5976154992548435,0.7025575384340651,0.8779296875,0.8497164461247637,0.908080808080808,0.9416293191881914
XGB,0.6821614578299932,0.6970599412679764,0.6739305624551526,0.7567293042153377,0.7663570528471384,"{'max_depth': 3, 'learning_rate': 0.1, 'n_estimators': 50}","['mfcc_11', 'wav_detail_lvl5_std', 'mfcc_10', 'zcr_mean', 'spec_centroid']",0.5026929982046678,0.5622489959839357,0.45454545454545453,0.6234546978283466,0.6614664586583463,0.6939443535188216,0.6318926974664679,0.7359026069863988,0.8823249166269652,0.8349864743011722,0.9353535353535354,0.9397138537266699
XGB,0.6820298493371105,0.6972936739668277,0.6775605390359489,0.7496190959878111,0.7319651763278071,"{'max_depth': 5, 'learning_rate': 0.1, 'n_estimators': 50}","['mfcc_3', 'wav_detail_lvl5_std', 'mfcc_8', 'wav_detail_lvl3_std']",0.5506756756756757,0.573943661971831,0.5292207792207793,0.6258779270847257,0.6180904522613065,0.7055449330783938,0.5499254843517138,0.637783094616948,0.8773234200743495,0.8123924268502581,0.9535353535353536,0.9322345072817474
XGB,0.6818507055653787,0.7016547985856119,0.6756952822526593,0.7480954799390553,0.7689578177773285,"{'max_depth': 3, 'learning_rate': 0.1, 'n_estimators': 50}","['mfcc_3', 'mfcc_11', 'wav_detail_lvl3_std', 'zcr_mean', 'spec_centroid']",0.5645438898450946,0.6007326007326007,0.5324675324675324,0.662654071574918,0.6074450084602369,0.7025440313111546,0.5350223546944859,0.7131201192996783,0.8735632183908046,0.8016877637130801,0.9595959595959596,0.9310992624573893
XGB,0.6818033885836291,0.6856564729867483,0.6911519567257273,0.7516505840528187,0.7469606801952339,"{'max_depth': 3, 'learning_rate': 0.1, 'n_estimators': 50}","['mfcc_5', 'mfcc_11', 'mfcc_8', 'zcr_mean', 'spec_centroid']",0.5329428989751098,0.48533333333333334,0.5909090909090909,0.5535805147981087,0.6076595744680852,0.7083333333333334,0.5320417287630402,0.7148795103065452,0.9048076923076923,0.863302752293578,0.9505050505050505,0.9724220154810477
XGB,0.6813883590236806,0.6855688876790514,0.689252793351154,0.7506348400203149,0.7375429836020331,"{'max_depth': 5, 'learning_rate': 0.1, 'n_estimators': 50}","['mfcc_5', 'mfcc_8', 'mfcc_10', 'zcr_mean', 'spec_centroid']",0.5411061285500748,0.5013850415512465,0.5876623376623377,0.5767707276656883,0.6015293118096856,0.6996047430830039,0.5275707898658718,0.679012416234131,0.9015296367112811,0.8557168784029038,0.9525252525252526,0.95684580690628
XGB,0.6812829125136012,0.7047071321486791,0.6698487608323674,0.7572371762315896,0.7254072210815711,"{'max_depth': 5, 'learning_rate': 0.01, 'n_estimators': 100}","['mfcc_5', 'zcr_mean', 'spec_centroid']",0.5057034220532319,0.6100917431192661,0.4318181818181818,0.5558881624054467,0.65,0.6610169491525424,0.639344262295082,0.6679075577306739,0.8881453154875717,0.8430127041742287,0.9383838383838384,0.9524259431085927
XGB,0.6812301564249523,0.7080176904208731,0.669277474195507,0.7455561198577958,0.7449296792072729,"{'max_depth': 3, 'learning_rate': 0.1, 'n_estimators': 100}","['mfcc_3', 'wav_detail_lvl5_std', 'wav_detail_lvl3_std']",0.5630712979890311,0.6443514644351465,0.5,0.6676325455214634,0.6168990976210008,0.6861313868613139,0.5603576751117735,0.6774074448653031,0.8637200736648251,0.7935702199661591,0.9474747474747475,0.8897490472350521
XGB,0.6809784547998917,0.6893444456054098,0.6759050300033907,0.7506348400203149,0.7478548153858381,"{'max_depth': 3, 'learning_rate': 0.1, 'n_estimators': 50}","['wav_detail_lvl5_std', 'mfcc_8', 'mfcc_10', 'zcr_mean', 'spec_centroid']",0.5145797598627787,0.5454545454545454,0.487012987012987,0.6116707018055061,0.6479313036690086,0.680327868852459,0.6184798807749627,0.6944349294927583,0.8804243008678881,0.8422509225092251,0.9222222222222223,0.9374588148592498
XGB,0.6802348416383505,0.6900191056827872,0.6763749911290895,0.7536820721178263,0.751556631873003,"{'max_depth': 3, 'learning_rate': 0.1, 'n_estimators': 50}","['mfcc_11', 'mfcc_10', 'wav_detail_lvl3_std', 'zcr_mean', 'spec_centroid']",0.5117845117845118,0.5314685314685315,0.4935064935064935,0.5937057482459671,0.6412955465587045,0.7021276595744681,0.5901639344262295,0.7179465509556198,0.887624466571835,0.8364611260053619,0.9454545454545454,0.9430175964174222
XGB,0.6801081757328563,0.6833579101834818,0.6800329603608292,0.750126968004063,0.7173343795464792,"{'max_depth': 5, 'learning_rate': 0.1, 'n_estimators': 50}","['mfcc_3', 'mfcc_5', 'mfcc_8', 'mfcc_10']",0.5251215559157212,0.5242718446601942,0.525974025974026,0.5577623199800992,0.6177174780526736,0.6649484536082474,0.5767511177347243,0.6406617065334832,0.8974854932301741,0.8608534322820037,0.9373737373737374,0.9535791121258549
XGB,0.6800097460543708,0.6911547620874708,0.6740405617454798,0.7475876079228034,0.7508310866985943,"{'max_depth': 3, 'learning_rate': 0.1, 'n_estimators': 100}","['wav_detail_lvl5_std', 'mfcc_8', 'wav_detail_lvl3_std', 'zcr_mean', 'spec_centroid']",0.5275862068965518,0.5625,0.4967532467532468,0.6209937744731298,0.6391096979332274,0.6848381601362862,0.5991058122205664,0.7066786313788301,0.8733333333333333,0.8261261261261261,0.9262626262626262,0.9248208542438232
XGB,0.6799943514742606,0.6911221581479907,0.67739140034222,0.7430167597765364,0.7276293345126525,"{'max_depth': 3, 'learning_rate': 0.01, 'n_estimators': 100}","['mfcc_10', 'wav_detail_lvl3_std', 'zcr_mean', 'spec_centroid']",0.5544554455445545,0.5637583892617449,0.5454545454545454,0.5770714551794649,0.6184538653366584,0.6992481203007519,0.5543964232488823,0.6811418237534917,0.8670737435415689,0.810359964881475,0.9323232323232323,0.9246747246050007
XGB,0.6799382576966324,0.6908477524966451,0.6913790520347897,0.7521584560690706,0.7186111935855372,"{'max_depth': 3, 'learning_rate': 0.1, 'n_estimators': 100}","['mfcc_6', 'mfcc_11', 'mfcc_8', 'mfcc_10']",0.5227272727272727,0.46464646464646464,0.5974025974025974,0.48257514606578233,0.6136162687886826,0.7543478260869565,0.5171385991058122,0.7110095314611143,0.9034712315739419,0.8535489667565139,0.9595959595959596,0.9622489032297149
XGB,0.6798958944305795,0.6829530107582212,0.6921703372523046,0.7455561198577958,0.7339232887974213,"{'max_depth': 5, 'learning_rate': 0.1, 'n_estimators': 100}","['mfcc_11', 'mfcc_8', 'mfcc_10', 'spec_centroid']",0.5369318181818182,0.4772727272727273,0.6136363636363636,0.5264066057033734,0.6075085324232082,0.7105788423153693,0.5305514157973175,0.7193655163810136,0.895247332686712,0.8610074626865671,0.9323232323232323,0.9559977443078768
XGB,0.6796034333295697,0.688524372302416,0.6750356807733858,0.7455561198577958,0.7419324076624211,"{'max_depth': 5, 'learning_rate': 0.1, 'n_estimators': 100}","['mfcc_11', 'wav_detail_lvl5_std', 'mfcc_8', 'wav_detail_lvl3_std', 'zcr_mean']",0.5322033898305085,0.5567375886524822,0.5097402597402597,0.6046617384314135,0.6337579617834395,0.6803418803418804,0.5931445603576752,0.6851241424013262,0.872848948374761,0.8284936479128857,0.9222222222222223,0.9360113421545235
XGB,0.6793780875690564,0.6913465083492024,0.6723050173869846,0.7480954799390553,0.7465765457715182,"{'max_depth': 3, 'learning_rate': 0.1, 'n_estimators': 50}","['wav_detail_lvl5_std', 'mfcc_10', 'zcr_mean', 'spec_centroid']",0.5157894736842106,0.5610687022900763,0.4772727272727273,0.6020754120587805,0.6520719311962471,0.6858552631578947,0.6214605067064084,0.7080136169263598,0.8702728578267114,0.827115559599636,0.9181818181818182,0.9296406083294142
XGB,0.6790017425109568,0.6861408602832858,0.6786238655091115,0.7541899441340782,0.7519724868928287,"{'max_depth': 5, 'learning_rate': 0.1, 'n_estimators': 50}","['mfcc_6', 'mfcc_5', 'mfcc_11', 'spec_centroid']",0.5121555915721232,0.511326860841424,0.512987012987013,0.5719754688488116,0.6255144032921811,0.6985294117647058,0.5663189269746647,0.7165411973861618,0.899335232668566,0.8485663082437276,0.9565656565656566,0.9674007944435127
XGB,0.6788338875264492,0.6868224753304176,0.6848350799170472,0.7491112239715592,0.6944526212789498,"{'max_depth': 3, 'learning_rate': 0.1, 'n_estimators': 50}","['mfcc_6', 'mfcc_10', 'zcr_mean']",0.5317220543806647,0.4971751412429379,0.5714285714285714,0.4574890268937261,0.6122098022355976,0.7235772357723578,0.5305514157973175,0.6919545405137763,0.8925698059630857,0.8397150489759573,0.9525252525252526,0.9339142964293474
XGB,0.6787303221696197,0.68784739166141,0.6764518723535117,0.7435246317927883,0.7322340856941555,"{'max_depth': 3, 'learning_rate': 0.1, 'n_estimators': 50}","['mfcc_10', 'wav_detail_lvl3_std', 'zcr_mean']",0.5436573311367381,0.5518394648829431,0.5357142857142857,0.5805190554424157,0.6211996713229252,0.6923076923076923,0.563338301043219,0.6923013328805337,0.8713339640491958,0.8193950177935944,0.9303030303030303,0.9238818687595172
XGB,0.6785408433183381,0.6802338011660658,0.6801938195380818,0.7486033519553073,0.7156509270874613,"{'max_depth': 3, 'learning_rate': 0.1, 'n_estimators': 50}","['mfcc_3', 'mfcc_5', 'mfcc_10']",0.5206349206349207,0.5093167701863354,0.5324675324675324,0.5477500909247222,0.6164931945556446,0.6660899653979239,0.5737704918032787,0.6673889871278472,0.8984944147644488,0.8652946679139383,0.9343434343434344,0.9318137032098144
XGB,0.6783715670610122,0.6945824981633919,0.697748760043842,0.750126968004063,0.7210864790065163,"{'max_depth': 5, 'learning_rate': 0.1, 'n_estimators': 100}","['mfcc_6', 'mfcc_11', 'mfcc_8']",0.5217391304347826,0.43902439024390244,0.6428571428571429,0.4699068799576973,0.6021897810218978,0.7764705882352941,0.4918032786885246,0.736591433460446,0.9111857897263562,0.868252516010979,0.9585858585858585,0.9567611236014057
XGB,0.6783598396176123,0.6849682065494975,0.679957261924475,0.7496190959878111,0.7624136789509213,"{'max_depth': 3, 'learning_rate': 0.1, 'n_estimators': 100}","['mfcc_6', 'mfcc_5', 'mfcc_10', 'zcr_mean']",0.526148969889065,0.5139318885448917,0.538961038961039,0.6203308206155111,0.6166666666666667,0.6994328922495274,0.5514157973174366,0.7173742643934741,0.8922638822971048,0.8415398388540735,0.9494949494949495,0.9495359518437785
XGB,0.6783202910708073,0.6826051654879383,0.6792574456508883,0.7430167597765364,0.7359092001504782,"{'max_depth': 3, 'learning_rate': 0.1, 'n_estimators': 100}","['wav_detail_lvl5_std', 'mfcc_8', 'mfcc_10', 'wav_detail_lvl3_std']",0.5390749601275917,0.5297805642633229,0.5487012987012987,0.6109921167571489,0.6177669111654441,0.6816546762589928,0.5648286140089419,0.6603137730260726,0.8781190019193857,0.8363802559414991,0.9242424242424242,0.9364217106682129
XGB,0.6781717024593301,0.6798714642584679,0.679027196240311,0.7486033519553073,0.7236701854549511,"{'max_depth': 5, 'learning_rate': 0.1, 'n_estimators': 50}","['mfcc_8', 'mfcc_10', 'wav_detail_lvl3_std', 'zcr_mean']",0.5063694267515924,0.496875,0.5162337662337663,0.5734445296621903,0.6360031720856463,0.6796610169491526,0.5976154992548435,0.6640114308514994,0.8921425085407516,0.8630783758262511,0.9232323232323232,0.9335545958511634
XGB,0.6778128720169109,0.6853565962656871,0.6737180548655958,0.7521584560690706,0.7499631904951815,"{'max_depth': 3, 'learning_rate': 0.1, 'n_estimators': 100}","['wav_detail_lvl5_std', 'mfcc_8', 'mfcc_10', 'wav_detail_lvl3_std', 'zcr_mean', 'spec_centroid']",0.5,0.525,0.4772727272727273,0.6052443819963216,0.6435877261998426,0.6816666666666666,0.6095380029806259,0.6993011936696807,0.8898508898508899,0.8494031221303948,0.9343434343434344,0.9453439958195419
XGB,0.677265961173124,0.6785298225512278,0.6955073766549177,0.7435246317927883,0.7213742257291819,"{'max_depth': 3, 'learning_rate': 0.1, 'n_estimators': 50}","['mfcc_5', 'mfcc_11', 'mfcc_8']",0.5281501340482574,0.4497716894977169,0.6396103896103896,0.5024956900784076,0.5928449744463373,0.6918489065606361,0.518628912071535,0.7074204343431176,0.910802775024777,0.8939688715953308,0.9282828282828283,0.9542065527660202
XGB,0.6771359162430297,0.6887417808036506,0.6713635180848296,0.7440325038090401,0.750856952333853,"{'max_depth': 5, 'learning_rate': 0.1, 'n_estimators': 50}","['wav_detail_lvl5_std', 'wav_detail_lvl3_std', 'zcr_mean', 'spec_centroid']",0.523972602739726,0.5543478260869565,0.4967532467532468,0.616500760924751,0.642570281124498,0.6968641114982579,0.5961251862891207,0.7127446164053068,0.8648648648648649,0.8150134048257373,0.9212121212121213,0.9233254796715012
XGB,0.677031350872689,0.681869861404745,0.6747230304607355,0.739461655662773,0.7307621615139311,"{'max_depth': 3, 'learning_rate': 0.1, 'n_estimators': 100}","['mfcc_10', 'wav_detail_lvl3_std', 'spec_centroid']",0.5355371900826447,0.5454545454545454,0.525974025974026,0.5743584645139873,0.6277602523659306,0.6666666666666666,0.5931445603576752,0.6889136914293695,0.8677966101694915,0.8334883720930233,0.9050505050505051,0.9290143285984369
XGB,0.6769615596524291,0.6865521737155028,0.6881496463463677,0.7496190959878111,0.7685341064612256,"{'max_depth': 3, 'learning_rate': 0.1, 'n_estimators': 50}","['mfcc_6', 'mfcc_5', 'zcr_mean']",0.5251076040172167,0.4704370179948586,0.5941558441558441,0.6169636638484849,0.6026431718061674,0.7370689655172413,0.5096870342771982,0.7353536681255403,0.9031339031339032,0.8521505376344086,0.9606060606060606,0.9532849874096516
XGB,0.6768222181871533,0.683596266460599,0.7006079530669695,0.7435246317927883,0.7273226581823952,"{'max_depth': 3, 'learning_rate': 0.1, 'n_estimators': 50}","['mfcc_3', 'mfcc_5', 'mfcc_11']",0.5653333333333334,0.4796380090497738,0.6883116883116883,0.5563958084539936,0.558055805580558,0.7045454545454546,0.46199701937406856,0.6832642633515515,0.9070775156475686,0.8666053357865685,0.9515151515151515,0.9423079027416402
XGB,0.6765762772825296,0.6806381155555207,0.674898871620183,0.7414931437277806,0.7428094282838854,"{'max_depth': 3, 'learning_rate': 0.1, 'n_estimators': 100}","['wav_detail_lvl5_std', 'mfcc_8', 'mfcc_10', 'spec_centroid']",0.5254515599343186,0.53156146179402,0.5194805194805194,0.598986165577871,0.6309148264984227,0.6700167504187605,0.5961251862891207,0.693060859137724,0.8733624454148472,0.8403361344537815,0.9090909090909091,0.9363812601360612
XGB,0.6764850228936963,0.6858117063860245,0.6703936318690417,0.7465718638902996,0.7521211551295414,"{'max_depth': 3, 'learning_rate': 0.1, 'n_estimators': 50}","['wav_detail_lvl5_std', 'mfcc_10', 'spec_centroid']",0.5,0.5416666666666666,0.4642857142857143,0.5989953188160084,0.6590038314176245,0.6782334384858044,0.6408345752608048,0.7286722904848639,0.8704512372634643,0.8375350140056023,0.906060606060606,0.9286958560877515
XGB,0.6764562526464193,0.680662084467431,0.6887418289057633,0.7450482478415439,0.7408078601402498,"{'max_depth': 3, 'learning_rate': 0.1, 'n_estimators': 50}","['mfcc_5', 'mfcc_8', 'zcr_mean']",0.5335235378031383,0.4758269720101781,0.6071428571428571,0.5500062717606025,0.5960378983634798,0.7061224489795919,0.5156482861400894,0.7203252669217597,0.8998073217726397,0.860036832412523,0.9434343434343434,0.9520920417383872
XGB,0.6764001338903175,0.6836822738929259,0.6786218941956648,0.7496190959878111,0.7476915925915039,"{'max_depth': 5, 'learning_rate': 0.1, 'n_estimators': 100}","['mfcc_3', 'mfcc_8', 'wav_detail_lvl3_std', 'zcr_mean', 'spec_centroid']",0.5301587301587302,0.5186335403726708,0.5422077922077922,0.6242763939346958,0.6005046257359126,0.6891891891891891,0.5320417287630402,0.6789005730777133,0.8985370457763096,0.8432240921169176,0.9616161616161616,0.9398978107621023
XGB,0.6761389179450185,0.6829674661238946,0.6778400712826942,0.7546978161503302,0.7274723634743662,"{'max_depth': 3, 'learning_rate': 0.01, 'n_estimators': 100}","['mfcc_6', 'mfcc_5', 'spec_centroid']",0.49921011058451814,0.48615384615384616,0.512987012987013,0.562173141870463,0.6227045075125208,0.7077798861480076,0.555886736214605,0.6886085236380091,0.9065021357380162,0.8549686660698299,0.9646464646464646,0.9316354249146266
XGB,0.6758728414868364,0.6833382538165987,0.6799588389752325,0.7465718638902996,0.7211085566652361,"{'max_depth': 5, 'learning_rate': 0.1, 'n_estimators': 100}","['mfcc_6', 'mfcc_8', 'mfcc_10', 'spec_centroid']",0.5214723926380368,0.4941860465116279,0.551948051948052,0.5210967878438895,0.6185216652506372,0.7193675889328063,0.5424739195230999,0.6963873323041704,0.887624466571835,0.8364611260053619,0.9454545454545454,0.9458415498476485
XGB,0.6758225993962821,0.6800922667869158,0.6884555941932992,0.744540375825292,0.7233065495883624,"{'max_depth': 3, 'learning_rate': 0.1, 'n_estimators': 100}","['mfcc_5', 'mfcc_11', 'zcr_mean']",0.5431034482758621,0.48711340206185566,0.6136363636363636,0.5241251214562757,0.5835497835497836,0.6962809917355371,0.5022354694485842,0.6892446082625246,0.9008145663632008,0.8568824065633546,0.9494949494949495,0.9565499190462872
XGB,0.6757684882767657,0.6806466809026125,0.6831283167348742,0.7506348400203149,0.7706129783698289,"{'max_depth': 5, 'learning_rate': 0.1, 'n_estimators': 50}","['mfcc_6', 'mfcc_5', 'mfcc_11']",0.5171898355754858,0.4792243767313019,0.5616883116883117,0.6246210672460558,0.6008510638297873,0.7003968253968254,0.526080476900149,0.7189171279912656,0.9092645654250239,0.8623188405797102,0.9616161616161616,0.9683007398721648
XGB,0.6755887763611174,0.6929748720596945,0.6816368209810832,0.7430167597765364,0.7296416153470949,"{'max_depth': 3, 'learning_rate': 0.1, 'n_estimators': 100}","['mfcc_6', 'mfcc_8', 'wav_detail_lvl3_std']",0.5661538461538461,0.5380116959064327,0.5974025974025974,0.6068406034871506,0.5832583258325833,0.7363636363636363,0.4828614008941878,0.6658068031412151,0.8773541570969223,0.8045492839090144,0.9646464646464646,0.916277439412919
XGB,0.6753693833300947,0.6874385394339922,0.6689569386290698,0.7546978161503302,0.7291244923389358,"{'max_depth': 3, 'learning_rate': 0.1, 'n_estimators': 100}","['mfcc_5', 'mfcc_11', 'zcr_mean', 'spec_centroid']",0.4929078014184397,0.54296875,0.4512987012987013,0.5375063665119351,0.6348709929632526,0.6677631578947368,0.6050670640834576,0.6905213434063876,0.8983293556085918,0.8515837104072398,0.9505050505050505,0.9593457670984844
XGB,0.6751405603080244,0.6932294998961667,0.6730056221859501,0.7364144235652615,0.7540819601618919,"{'max_depth': 5, 'learning_rate': 0.1, 'n_estimators': 50}","['mfcc_3', 'mfcc_11', 'wav_detail_lvl3_std', 'spec_centroid']",0.5723684210526315,0.58,0.564935064935065,0.6306034614514535,0.5972222222222222,0.7151767151767152,0.5126676602086438,0.707110459909261,0.8558310376492194,0.7845117845117845,0.9414141414141414,0.924531959124961
XGB,0.6746390077934382,0.6829308538138293,0.6703857466152549,0.7450482478415439,0.7603781663765616,"{'max_depth': 3, 'learning_rate': 0.1, 'n_estimators': 100}","['wav_detail_lvl5_std', 'mfcc_10', 'wav_detail_lvl3_std', 'spec_centroid']",0.5127334465195246,0.5373665480427047,0.4902597402597403,0.6072930959265479,0.6328310864393338,0.676271186440678,0.5946348733233979,0.7369960764826085,0.8783524904214559,0.8351548269581056,0.9262626262626262,0.9368453267205288
XGB,0.6745949193190631,0.6875601340028951,0.7040498663449483,0.7348908075165058,0.7367177734076682,"{'max_depth': 3, 'learning_rate': 0.1, 'n_estimators': 100}","['mfcc_5', 'mfcc_8', 'spec_centroid']",0.5339805825242718,0.4263565891472868,0.7142857142857143,0.5281818379742533,0.5945945945945946,0.7517084282460137,0.4918032786885246,0.7320064195232708,0.8952095808383234,0.8846153846153846,0.906060606060606,0.9499650627254803
XGB,0.6743275918813384,0.6750551527786707,0.6804390509308543,0.7465718638902996,0.7096528148133064,"{'max_depth': 3, 'learning_rate': 0.1, 'n_estimators': 50}","['mfcc_5', 'mfcc_11', 'spec_centroid']",0.513595166163142,0.480225988700565,0.551948051948052,0.4792678089877148,0.6031224322103533,0.6721611721611722,0.5469448584202683,0.6828974555789639,0.9062651772705197,0.872778297474275,0.9424242424242424,0.9667931798732406
XGB,0.6740711055347859,0.6842512214675956,0.6721094630930696,0.7506348400203149,0.7458712840794252,"{'max_depth': 5, 'learning_rate': 0.1, 'n_estimators': 100}","['mfcc_3', 'mfcc_8', 'wav_detail_lvl3_std', 'zcr_mean']",0.5158069883527454,0.5290102389078498,0.5032467532467533,0.6190462853821803,0.609271523178808,0.6852886405959032,0.5484351713859911,0.6861506633029194,0.8971348050728042,0.8384547848990342,0.9646464646464646,0.9324169035531756
XGB,0.6736790923779701,0.6909182683511935,0.6686900227883834,0.7409852717115287,0.7664937746025463,"{'max_depth': 3, 'learning_rate': 0.1, 'n_estimators': 100}","['mfcc_3', 'wav_detail_lvl3_std', 'zcr_mean']",0.5538461538461539,0.5848375451263538,0.525974025974026,0.6675796904825848,0.5964616680707666,0.686046511627907,0.5275707898658718,0.7130113273626713,0.8707294552169899,0.8018707482993197,0.9525252525252526,0.9188903059623831
XGB,0.6730112619396454,0.6889324415378527,0.6678250104479613,0.7359065515490096,0.7587681356689582,"{'max_depth': 3, 'learning_rate': 0.1, 'n_estimators': 50}","['mfcc_3', 'mfcc_11', 'wav_detail_lvl3_std', 'zcr_mean']",0.5684931506849316,0.6014492753623188,0.538961038961039,0.6575218624818309,0.5859766277128547,0.6660341555977229,0.5230998509687034,0.6952719237941972,0.8645640074211502,0.7993138936535163,0.9414141414141414,0.9235106207308467
XGB,0.6727322217782877,0.682504203469533,0.6728384548056678,0.750126968004063,0.7004564478099281,"{'max_depth': 3, 'learning_rate': 0.1, 'n_estimators': 50}","['mfcc_6', 'mfcc_10', 'zcr_mean', 'spec_centroid']",0.5016077170418006,0.4968152866242038,0.5064935064935064,0.46668332135798063,0.6223717409587889,0.7142857142857143,0.5514157973174366,0.6948514883217278,0.8942172073342737,0.8364116094986808,0.9606060606060606,0.9398345337500758
XGB,0.6727178597854441,0.6857318897984332,0.6684771209361374,0.7455561198577958,0.7531334278163664,"{'max_depth': 5, 'learning_rate': 0.1, 'n_estimators': 100}","['mfcc_3', 'mfcc_11', 'zcr_mean', 'spec_centroid']",0.5238095238095238,0.55,0.5,0.609151747519882,0.6122112211221122,0.6857670979667283,0.5529061102831595,0.706723907388446,0.882132834424696,0.8214285714285714,0.9525252525252526,0.943524628540771
XGB,0.671741032207624,0.6847735648905487,0.6667289601715831,0.7379380396140173,0.7255978944112905,"{'max_depth': 3, 'learning_rate': 0.01, 'n_estimators': 100}","['mfcc_8', 'mfcc_10', 'wav_detail_lvl3_std', 'zcr_mean', 'spec_centroid']",0.5383304940374787,0.5663082437275986,0.512987012987013,0.5902691458363073,0.6119770303527482,0.6806569343065694,0.555886736214605,0.6588859118771295,0.8649155722326454,0.8073555166374781,0.9313131313131313,0.927638625520435
XGB,0.6716200376220621,0.6849068352785919,0.6816541685394144,0.7420010157440325,0.717543270800899,"{'max_depth': 5, 'learning_rate': 0.1, 'n_estimators': 100}","['mfcc_6', 'mfcc_3', 'mfcc_8']",0.5535714285714286,0.510989010989011,0.6038961038961039,0.5631067204776106,0.573225516621743,0.7217194570135747,0.47540983606557374,0.6602389623154383,0.8880631676730144,0.82201203783319,0.9656565656565657,0.9292841296096478
XGB,0.6715159417618967,0.6819480626350903,0.6712740204543484,0.7293042153377349,0.7252683547576394,"{'max_depth': 5, 'learning_rate': 0.1, 'n_estimators': 100}","['mfcc_3', 'mfcc_11', 'wav_detail_lvl3_std']",0.5788617886178862,0.5798045602605864,0.577922077922078,0.6150601665849986,0.581081081081081,0.6705653021442495,0.5126676602086438,0.657657592300683,0.8546049555867228,0.7954743255004352,0.9232323232323232,0.9030873053872365
XGB,0.6713686775992908,0.6821054046942274,0.6874793997744817,0.7425088877602845,0.7351582538270997,"{'max_depth': 5, 'learning_rate': 0.1, 'n_estimators': 50}","['mfcc_6', 'mfcc_11', 'mfcc_8', 'spec_centroid']",0.5232876712328767,0.45260663507109006,0.6201298701298701,0.5103291345116115,0.590339892665474,0.738255033557047,0.4918032786885246,0.7308193464735985,0.9004784688995215,0.8554545454545455,0.9505050505050505,0.964326280496089
XGB,0.6712577707941905,0.6803855511289533,0.6772971715594666,0.7374301675977654,0.73882866719924,"{'max_depth': 5, 'learning_rate': 0.1, 'n_estimators': 100}","['mfcc_3', 'mfcc_8', 'wav_detail_lvl3_std', 'spec_centroid']",0.5560675883256528,0.5276967930029155,0.5876623376623377,0.6150921208698872,0.580364900086881,0.6958333333333333,0.4977645305514158,0.6747498968138501,0.8773408239700374,0.8176265270506108,0.9464646464646465,0.9266439839139824
XGB,0.6710038361008692,0.6802112071129315,0.667028599815485,0.7450482478415439,0.7594527501325818,"{'max_depth': 3, 'learning_rate': 0.1, 'n_estimators': 100}","['wav_detail_lvl5_std', 'mfcc_10', 'wav_detail_lvl3_std', 'zcr_mean', 'spec_centroid']",0.5016949152542373,0.524822695035461,0.4805194805194805,0.6109957416454002,0.629718875502008,0.6829268292682927,0.5842026825633383,0.7281606586179502,0.8815977175463623,0.8328840970350404,0.9363636363636364,0.9392018501343952
XGB,0.6709134573937136,0.6700184980504934,0.6798460798460798,0.7369222955815135,0.7027075730933703,"{'max_depth': 3, 'learning_rate': 0.01, 'n_estimators': 100}","['mfcc_5', 'mfcc_8', 'mfcc_10']",0.5212298682284041,0.4746666666666667,0.577922077922078,0.5488350864035969,0.6009852216748769,0.6691042047531993,0.5454545454545454,0.6463630612035414,0.8905252822778595,0.8662846227316141,0.9161616161616162,0.9129245716729728
XGB,0.6708174022011426,0.7064622938959024,0.6557826508646181,0.744540375825292,0.7218775272590968,"{'max_depth': 3, 'learning_rate': 0.01, 'n_estimators': 100}","['wav_detail_lvl5_std', 'mfcc_8', 'mfcc_10', 'zcr_mean']",0.5029469548133595,0.6368159203980099,0.4155844155844156,0.5806166959534534,0.655145326001571,0.6926910299003323,0.6214605067064084,0.6723688693481848,0.8543599257884972,0.7898799313893653,0.9303030303030303,0.9126470164756522
XGB,0.6707502461426759,0.6733127592669462,0.6758786144032046,0.7440325038090401,0.7131120010327182,"{'max_depth': 5, 'learning_rate': 0.1, 'n_estimators': 100}","['mfcc_3', 'mfcc_8', 'mfcc_10', 'zcr_mean']",0.5099236641221374,0.4812680115273775,0.5422077922077922,0.5358797033018436,0.6019900497512438,0.6785046728971963,0.5409836065573771,0.6472285886413802,0.9003370245546461,0.860165593376265,0.9444444444444444,0.9562277111549311
XGB,0.6705000634920993,0.6893677159110375,0.6724678478776839,0.7333671914677501,0.7327879592307615,"{'max_depth': 5, 'learning_rate': 0.1, 'n_estimators': 100}","['mfcc_3', 'zcr_mean']",0.5861513687600645,0.5814696485623003,0.5909090909090909,0.6458739159711461,0.5637823371989296,0.7022222222222222,0.47093889716840537,0.6698566207628998,0.8615664845173042,0.7844112769485904,0.9555555555555556,0.8826333409582384
XGB,0.6704390631244914,0.6742362554020227,0.6738402762992927,0.7435246317927883,0.7070371927939254,"{'max_depth': 5, 'learning_rate': 0.01, 'n_estimators': 50}","['mfcc_5', 'spec_centroid']",0.5046439628482973,0.4822485207100592,0.5292207792207793,0.4950714808091935,0.6137303556658396,0.6895910780669146,0.5529061102831595,0.675159492504086,0.8929428708593375,0.8508691674290942,0.9393939393939394,0.9508806050684967
XGB,0.6703049853222686,0.7028846940166281,0.6562289562289562,0.7450482478415439,0.7229577846621792,"{'max_depth': 3, 'learning_rate': 0.01, 'n_estimators': 100}","['wav_detail_lvl5_std', 'mfcc_10', 'zcr_mean']",0.4931506849315068,0.6206896551724138,0.4090909090909091,0.5646354143075332,0.6635586635586636,0.6931818181818182,0.6363636363636364,0.6848011833582437,0.8542056074766355,0.7947826086956522,0.9232323232323232,0.9194367563207606
XGB,0.6701162858591444,0.6735729567426785,0.6823701495832643,0.7425088877602845,0.7342264581613556,"{'max_depth': 3, 'learning_rate': 0.1, 'n_estimators': 50}","['mfcc_3', 'mfcc_5', 'mfcc_8', 'mfcc_10', 'zcr_mean']",0.5192582025677603,0.4631043256997455,0.5909090909090909,0.5744137243382943,0.584192439862543,0.6896551724137931,0.5067064083457526,0.6714464778135917,0.9068982151471298,0.8679593721144968,0.9494949494949495,0.9568191723321807
XGB,0.6700227084645679,0.6784056191634891,0.6639671500327239,0.7282884713052311,0.7380812982006392,"{'max_depth': 3, 'learning_rate': 0.1, 'n_estimators': 100}","['wav_detail_lvl5_std', 'mfcc_8', 'zcr_mean', 'spec_centroid']",0.5303292894280762,0.5687732342007435,0.4967532467532468,0.6061216046827086,0.636294608959757,0.6486068111455109,0.624441132637854,0.6961698636140834,0.8434442270058709,0.8178368121442126,0.8707070707070707,0.9119524263051255
XGB,0.6699823157490229,0.679156386487935,0.6684712069957972,0.7328593194514982,0.7159031735368555,"{'max_depth': 5, 'learning_rate': 0.1, 'n_estimators': 50}","['mfcc_11', 'wav_detail_lvl5_std', 'mfcc_8', 'wav_detail_lvl3_std']",0.5475409836065573,0.5529801324503312,0.5422077922077922,0.5881043730566237,0.6014913007456504,0.6772388059701493,0.5409836065573771,0.6300095110768377,0.860914662894861,0.8072502210433244,0.9222222222222223,0.9295956364771051
XGB,0.6694618166960687,0.6801616537546206,0.6663358802703065,0.7404773996952768,0.7425640321601237,"{'max_depth': 5, 'learning_rate': 0.1, 'n_estimators': 50}","['mfcc_11', 'wav_detail_lvl5_std', 'mfcc_8', 'wav_detail_lvl3_std', 'spec_centroid']",0.5183946488294314,0.5344827586206896,0.5032467532467533,0.6094641906776124,0.6156378600823045,0.6875,0.5573770491803278,0.682239980720283,0.8743529411764706,0.8185022026431719,0.9383838383838384,0.9359879250824756
XGB,0.6693534360570986,0.676239970801303,0.6718945899273768,0.7506348400203149,0.7142541721263272,"{'max_depth': 3, 'learning_rate': 0.01, 'n_estimators': 100}","['mfcc_6', 'mfcc_5']",0.49056603773584906,0.47560975609756095,0.5064935064935064,0.5578057568772545,0.6084033613445378,0.697495183044316,0.5394932935916542,0.6829996667569689,0.9090909090909091,0.8556149732620321,0.9696969696969697,0.901957092744758
XGB,0.6693260956654429,0.6811482076435125,0.6642809831334421,0.739461655662773,0.7585444084272134,"{'max_depth': 3, 'learning_rate': 0.1, 'n_estimators': 100}","['mfcc_11', 'wav_detail_lvl5_std', 'mfcc_8', 'wav_detail_lvl3_std', 'zcr_mean', 'spec_centroid']",0.5162393162393163,0.5451263537906137,0.4902597402597403,0.6301693733916839,0.6228710462287105,0.6832740213523132,0.5722801788375559,0.711680297208899,0.8688679245283019,0.8150442477876106,0.9303030303030303,0.9337835546810571
XGB,0.6691151962177271,0.6703751856153075,0.6738568353322453,0.7440325038090401,0.7525573861482716,"{'max_depth': 3, 'learning_rate': 0.1, 'n_estimators': 50}","['mfcc_3', 'mfcc_5', 'mfcc_8', 'mfcc_10', 'zcr_mean', 'spec_centroid']",0.4984709480122324,0.47109826589595377,0.5292207792207793,0.6162098988418713,0.6039279869067103,0.6696914700544465,0.5499254843517138,0.6826186699263073,0.9049466537342385,0.8703358208955224,0.9424242424242424,0.9588435896766364
XGB,0.6687556743956932,0.6790813880660389,0.6721622942934419,0.7460639918740477,0.7131292780586355,"{'max_depth': 3, 'learning_rate': 0.1, 'n_estimators': 50}","['mfcc_6', 'mfcc_11', 'mfcc_10', 'zcr_mean']",0.5077881619937694,0.4880239520958084,0.5292207792207793,0.48803771314798655,0.602928509905254,0.7142857142857143,0.5216095380029806,0.6926861666145657,0.8955503512880562,0.8349344978165939,0.9656565656565657,0.9586639544133538
XGB,0.6686040595492986,0.6749881327716546,0.6725537971439611,0.7465718638902996,0.7411190462955698,"{'max_depth': 5, 'learning_rate': 0.1, 'n_estimators': 50}","['mfcc_6', 'mfcc_5', 'mfcc_11', 'mfcc_10', 'spec_centroid']",0.5023255813953489,0.4807121661721068,0.525974025974026,0.5421167751608219,0.6001690617075233,0.693359375,0.5290611028315947,0.7088962994968335,0.9033175355450237,0.8508928571428571,0.9626262626262626,0.9723440642290536
XGB,0.66837908859761,0.6822245168230738,0.6617135445004297,0.7359065515490096,0.7239823251147626,"{'max_depth': 5, 'learning_rate': 0.1, 'n_estimators': 50}","['mfcc_11', 'wav_detail_lvl5_std', 'wav_detail_lvl3_std']",0.5164644714038128,0.5539033457249071,0.4837662337662338,0.5888198498498889,0.6332794830371568,0.691358024691358,0.5842026825633383,0.6781413273358384,0.8553933113518606,0.8014121800529568,0.9171717171717172,0.9049857981585605
XGB,0.6681374470810649,0.6862073873506628,0.6601991815106569,0.7399695276790249,0.7468483841209035,"{'max_depth': 5, 'learning_rate': 0.1, 'n_estimators': 50}","['mfcc_11', 'wav_detail_lvl5_std', 'wav_detail_lvl3_std', 'spec_centroid']",0.5079365079365079,0.555984555984556,0.4675324675324675,0.609046731278599,0.6361406377759607,0.7047101449275363,0.5797317436661699,0.7104319111207644,0.8603351955307262,0.7979274611398963,0.9333333333333333,0.921066509963347
XGB,0.6680612867169008,0.6673288362458171,0.677995410782296,0.7323514474352463,0.6444467689873364,"{'max_depth': 3, 'learning_rate': 0.1, 'n_estimators': 100}","['mfcc_5', 'mfcc_10']",0.49014084507042255,0.43283582089552236,0.564935064935065,0.4115467848752569,0.6358475263584753,0.697508896797153,0.5842026825633383,0.6618413916322228,0.8781954887218045,0.8716417910447761,0.8848484848484849,0.8599521304545295
XGB,0.6677624213291393,0.6693099290598991,0.6775589619851915,0.7369222955815135,0.7269006251387924,"{'max_depth': 3, 'learning_rate': 0.1, 'n_estimators': 50}","['mfcc_5', 'mfcc_10', 'spec_centroid']",0.4893917963224894,0.43358395989974935,0.5616883116883117,0.5218667330899608,0.6229235880398671,0.7035647279549718,0.5588673621460507,0.7139050741115899,0.8909718796250616,0.8707810993249759,0.9121212121212121,0.9449300682148266
XGB,0.6677129189379728,0.6780058905058904,0.6621231834346588,0.733875063484002,0.7155583729763229,"{'max_depth': 3, 'learning_rate': 0.01, 'n_estimators': 100}","['mfcc_8', 'mfcc_10', 'wav_detail_lvl3_std', 'spec_centroid']",0.5241379310344828,0.5588235294117647,0.4935064935064935,0.5817880482443227,0.615993665874901,0.6570945945945946,0.5797317436661699,0.6452371006646321,0.8630071599045346,0.8180995475113122,0.9131313131313131,0.9196499700200139
XGB,0.6675026296227479,0.6974043069826811,0.6613618621815344,0.7308278313864907,0.7498442463929695,"{'max_depth': 3, 'learning_rate': 0.1, 'n_estimators': 100}","['mfcc_3', 'wav_detail_lvl3_std', 'spec_centroid']",0.5738831615120275,0.6094890510948905,0.5422077922077922,0.6336606748870897,0.5818505338078291,0.7218543046357616,0.4873323397913562,0.7089829458249269,0.8467741935483871,0.7608695652173914,0.9545454545454546,0.9068891184668918
XGB,0.6674093351009951,0.6698857320706061,0.682355956126448,0.7374301675977654,0.7411360709296108,"{'max_depth': 3, 'learning_rate': 0.1, 'n_estimators': 50}","['mfcc_3', 'mfcc_5', 'mfcc_8', 'spec_centroid']",0.5251396648044693,0.46078431372549017,0.6103896103896104,0.5888443182970996,0.5736434108527132,0.6795918367346939,0.496274217585693,0.6763746157968549,0.903444929645803,0.869281045751634,0.9404040404040404,0.9581892786948777
XGB,0.666872451674983,0.679994513416268,0.6613543711904368,0.7379380396140173,0.7508851228093313,"{'max_depth': 5, 'learning_rate': 0.1, 'n_estimators': 50}","['mfcc_11', 'wav_detail_lvl5_std', 'wav_detail_lvl3_std', 'zcr_mean', 'spec_centroid']",0.5077186963979416,0.5381818181818182,0.4805194805194805,0.6149113759809992,0.6291768541157294,0.6942446043165468,0.5752608047690015,0.709962082114564,0.8637218045112782,0.8075571177504394,0.9282828282828283,0.9277819103324305
XGB,0.6667429971697767,0.6700620699261629,0.6802801630670482,0.7359065515490096,0.7415774909676758,"{'max_depth': 3, 'learning_rate': 0.1, 'n_estimators': 50}","['mfcc_5', 'zcr_mean']",0.5320056899004267,0.47341772151898737,0.6071428571428571,0.5546923716658788,0.5721694036300777,0.6810699588477366,0.4932935916542474,0.7202906351205425,0.8960538979788258,0.8556985294117647,0.9404040404040404,0.9497494661166062
XGB,0.6666857946339034,0.6683539479610574,0.672726484201894,0.7389537836465211,0.7003385924131033,"{'max_depth': 3, 'learning_rate': 0.1, 'n_estimators': 50}","['mfcc_5', 'mfcc_11', 'mfcc_10']",0.49700598802395207,0.46111111111111114,0.538961038961039,0.501736571126925,0.6094137076796037,0.6833333333333333,0.5499254843517138,0.6708304486259187,0.8936376881981545,0.8606173994387278,0.9292929292929293,0.9284487574864658
XGB,0.6665852928156655,0.67594339570358,0.6887919002673102,0.7374301675977654,0.7134943250925782,"{'max_depth': 3, 'learning_rate': 0.01, 'n_estimators': 100}","['mfcc_3', 'mfcc_5', 'mfcc_8']",0.5365205843293492,0.45393258426966293,0.6558441558441559,0.542168977343037,0.5574660633484163,0.7096774193548387,0.45901639344262296,0.6565978499009434,0.9057692307692308,0.8642201834862385,0.9515151515151515,0.9417161480337541
XGB,0.6662038890133344,0.6781133245260792,0.6763186115645131,0.7399695276790249,0.6985067314753387,"{'max_depth': 5, 'learning_rate': 0.1, 'n_estimators': 100}","['mfcc_6', 'mfcc_8', 'spec_centroid']",0.5108225108225108,0.4597402597402597,0.5746753246753247,0.46109599367018145,0.5968028419182948,0.7384615384615385,0.5007451564828614,0.6985316553627259,0.8909863142991977,0.8361381753764393,0.9535353535353536,0.9358925453931086
XGB,0.6661186288002989,0.6688491975946335,0.6685335005007135,0.7425088877602845,0.7341246554961615,"{'max_depth': 3, 'learning_rate': 0.1, 'n_estimators': 100}","['mfcc_3', 'mfcc_8', 'mfcc_10', 'zcr_mean', 'spec_centroid']",0.494488188976378,0.4801223241590214,0.5097402597402597,0.5943571755476802,0.6030969845150774,0.6654676258992805,0.5514157973174366,0.6643740049133318,0.9007707129094412,0.8609576427255985,0.9444444444444444,0.9436427860274723
XGB,0.6658138534769167,0.6724656525165313,0.6619741521380865,0.7293042153377349,0.7455370547652262,"{'max_depth': 5, 'learning_rate': 0.1, 'n_estimators': 100}","['wav_detail_lvl5_std', 'wav_detail_lvl3_std', 'zcr_mean']",0.5100671140939598,0.5277777777777778,0.4935064935064935,0.614552530143188,0.6404405979543666,0.6783333333333333,0.6065573770491803,0.7031927176127055,0.8469338483824239,0.8112858464384829,0.8858585858585859,0.9188659165397853
XGB,0.6655847632376158,0.6753297158804433,0.6623179492031951,0.7318435754189944,0.745874647874928,"{'max_depth': 3, 'learning_rate': 0.1, 'n_estimators': 100}","['mfcc_11', 'wav_detail_lvl5_std', 'wav_detail_lvl3_std', 'zcr_mean']",0.519134775374376,0.5324232081911263,0.5064935064935064,0.6150823269251702,0.6214227309893704,0.6884057971014492,0.5663189269746647,0.7109362295479852,0.8561967833491012,0.8051601423487544,0.9141414141414141,0.9116053871516281
XGB,0.6653673860678899,0.6760183643207384,0.6655453835781705,0.7455561198577958,0.7119337422598649,"{'max_depth': 3, 'learning_rate': 0.1, 'n_estimators': 50}","['mfcc_6', 'mfcc_11', 'zcr_mean', 'spec_centroid']",0.49032258064516127,0.48717948717948717,0.4935064935064935,0.4930752329459502,0.6125211505922166,0.7084148727984344,0.5394932935916542,0.6846781981262453,0.8932584269662921,0.8324607329842932,0.9636363636363636,0.9580477957073994
XGB,0.6652779932595085,0.6660205747283098,0.6777616130075147,0.7353986795327577,0.7320390683310487,"{'max_depth': 5, 'learning_rate': 0.1, 'n_estimators': 100}","['mfcc_3', 'mfcc_5', 'mfcc_8', 'zcr_mean']",0.5243553008595988,0.46923076923076923,0.5941558441558441,0.5809450959525878,0.5699745547073791,0.6614173228346457,0.5007451564828614,0.6552867672026176,0.9015041242115478,0.8674136321195145,0.9383838383838384,0.9598853418379407
XGB,0.6651716571574867,0.7020028282387987,0.6497882809358219,0.7374301675977654,0.7232981944709351,"{'max_depth': 3, 'learning_rate': 0.01, 'n_estimators': 100}","['wav_detail_lvl5_std', 'mfcc_8', 'mfcc_10']",0.504930966469428,0.6432160804020101,0.4155844155844156,0.5862521924791135,0.6425765907305577,0.6794019933554817,0.6095380029806259,0.6702194496631635,0.8480074142724745,0.7833904109589042,0.9242424242424242,0.9134229412705283
XGB,0.665106955720406,0.6785875673978214,0.6583623116410001,0.7328593194514982,0.7379815126964656,"{'max_depth': 3, 'learning_rate': 0.1, 'n_estimators': 50}","['wav_detail_lvl5_std', 'mfcc_10']",0.5113043478260869,0.550561797752809,0.4772727272727273,0.5939775347480136,0.6313253012048192,0.6846689895470384,0.5856929955290611,0.7097571574391028,0.8526912181303116,0.800531914893617,0.9121212121212121,0.9102098459022804
XGB,0.6650428183923499,0.6720688839398118,0.6722758419479731,0.7384459116302692,0.7583076776240308,"{'max_depth': 3, 'learning_rate': 0.1, 'n_estimators': 100}","['mfcc_6', 'mfcc_5', 'mfcc_10', 'spec_centroid']",0.5104477611940299,0.4723756906077348,0.5551948051948052,0.6093308659410042,0.5943152454780362,0.7040816326530612,0.5141579731743666,0.7128089791591797,0.8903654485049833,0.8397493285586393,0.9474747474747475,0.9527831877719083
XGB,0.6644121261651142,0.6836023126513672,0.6936444854477641,0.7364144235652615,0.7161816527265232,"{'max_depth': 3, 'learning_rate': 0.1, 'n_estimators': 50}","['mfcc_3', 'mfcc_11', 'mfcc_10']",0.5790172642762285,0.4898876404494382,0.7077922077922078,0.5512407910005749,0.5153846153846153,0.7262872628726287,0.39940387481371087,0.6643166063449469,0.8988344988344988,0.8346320346320346,0.9737373737373738,0.932987560834048
XGB,0.6642119255215669,0.6718832880075126,0.662408235359055,0.7282884713052311,0.7419437401743587,"{'max_depth': 3, 'learning_rate': 0.1, 'n_estimators': 100}","['wav_detail_lvl5_std', 'mfcc_8', 'wav_detail_lvl3_std', 'zcr_mean']",0.5287356321839081,0.5348837209302325,0.5227272727272727,0.621895943397618,0.6078431372549019,0.6726943942133815,0.5543964232488823,0.688495999578927,0.8560570071258907,0.8080717488789237,0.9101010101010101,0.9154392775465312
XGB,0.6636635117106814,0.6797729370749922,0.6616713583926699,0.7272727272727273,0.7202803066060545,"{'max_depth': 3, 'learning_rate': 0.01, 'n_estimators': 100}","['mfcc_8', 'mfcc_10', 'wav_detail_lvl3_std']",0.5553719008264463,0.5656565656565656,0.5454545454545454,0.5931031303210205,0.5834767641996558,0.6904276985743381,0.5052160953800298,0.659670342013191,0.852141870105942,0.7832345469940728,0.9343434343434344,0.908067447483952
XGB,0.6635767748291136,0.6722949238655386,0.6713875681088796,0.7374301675977654,0.7313520482243665,"{'max_depth': 3, 'learning_rate': 0.1, 'n_estimators': 100}","['mfcc_6', 'mfcc_11', 'zcr_mean']",0.5111441307578009,0.4712328767123288,0.5584415584415584,0.5200218184021883,0.5905923344947736,0.710691823899371,0.5052160953800298,0.7162752485440504,0.8889938592347661,0.8349600709849158,0.9505050505050505,0.9577590777268608
XGB,0.6632345059923422,0.6658084343327828,0.6727071653301161,0.7353986795327577,0.7298207335699595,"{'max_depth': 5, 'learning_rate': 0.1, 'n_estimators': 50}","['mfcc_11', 'mfcc_8', 'mfcc_10', 'zcr_mean', 'spec_centroid']",0.5014492753623189,0.45287958115183247,0.5616883116883117,0.5220895714540044,0.5929054054054054,0.6842105263157895,0.5230998509687034,0.7057955228766173,0.8953488372093024,0.8603351955307262,0.9333333333333333,0.9615771063792566
XGB,0.6623051324887271,0.6738548293821687,0.6617644043873552,0.7267648552564754,0.7443027667537607,"{'max_depth': 3, 'learning_rate': 0.1, 'n_estimators': 100}","['wav_detail_lvl5_std', 'mfcc_8', 'wav_detail_lvl3_std', 'spec_centroid']",0.5380875202593193,0.5372168284789643,0.538961038961039,0.6079817612370244,0.5954198473282443,0.6909448818897638,0.5230998509687034,0.7060890673886004,0.8534080298786181,0.7934027777777778,0.9232323232323232,0.9188374716356573
XGB,0.6618765353480331,0.662464459456649,0.6774706471427782,0.7282884713052311,0.68888486410945,"{'max_depth': 3, 'learning_rate': 0.1, 'n_estimators': 50}","['mfcc_5', 'mfcc_8']",0.5102319236016372,0.44,0.6071428571428571,0.4940129349811931,0.5827702702702703,0.672514619883041,0.5141579731743666,0.6631810039851349,0.892627412172192,0.8748787584869059,0.9111111111111111,0.9094606533620221
XGB,0.6608903388810373,0.6782684087220897,0.6785008555500358,0.7308278313864907,0.6838729152108974,"{'max_depth': 3, 'learning_rate': 0.01, 'n_estimators': 100}","['mfcc_6', 'mfcc_8', 'mfcc_10']",0.5467224546722455,0.4792176039119804,0.6363636363636364,0.504224938033243,0.5557620817843866,0.7382716049382716,0.4456035767511177,0.6400129716737654,0.8801864801864802,0.8173160173160173,0.9535353535353536,0.907380835925684
XGB,0.6605927578745884,0.6980028285403715,0.6545281069871235,0.7257491112239716,0.7174244384080138,"{'max_depth': 3, 'learning_rate': 0.1, 'n_estimators': 100}","['mfcc_3', 'spec_centroid']",0.5734024179620034,0.6125461254612546,0.538961038961039,0.6071774649351226,0.5672461116193962,0.7345971563981043,0.46199701937406856,0.6600070624790428,0.8411297440423654,0.7468652037617555,0.9626262626262626,0.885088787809876
XGB,0.6599187280051692,0.6721157556651883,0.6522910604877817,0.7201625190452006,0.7363562006398126,"{'max_depth': 3, 'learning_rate': 0.1, 'n_estimators': 50}","['mfcc_11', 'wav_detail_lvl5_std', 'mfcc_8', 'zcr_mean', 'spec_centroid']",0.5211267605633803,0.5692307692307692,0.4805194805194805,0.6050404644095494,0.6257763975155279,0.653160453808752,0.6005961251862891,0.6948493541796501,0.8328530259365994,0.7939560439560439,0.8757575757575757,0.9091787833302384
XGB,0.6598779834961357,0.6676360920306017,0.6673436157042715,0.7298120873539868,0.7418404949009288,"{'max_depth': 5, 'learning_rate': 0.1, 'n_estimators': 100}","['mfcc_3', 'mfcc_11', 'mfcc_8', 'spec_centroid']",0.5396341463414634,0.5086206896551724,0.5746753246753247,0.5973805266256301,0.5604873803307223,0.6736401673640168,0.4798807749627422,0.6917562199403251,0.8795124238162213,0.820647419072616,0.9474747474747475,0.936384738136831
XGB,0.6580842348831814,0.6700596801045164,0.655129357588374,0.744540375825292,0.7040415320546595,"{'max_depth': 3, 'learning_rate': 0.1, 'n_estimators': 50}","['mfcc_6', 'mfcc_11', 'mfcc_10', 'zcr_mean', 'spec_centroid']",0.46519524617996605,0.4875444839857651,0.4448051948051948,0.46934498664096397,0.6137303556658396,0.6895910780669146,0.5529061102831595,0.6850968030621142,0.8953271028037383,0.8330434782608696,0.9676767676767677,0.9576828064609
XGB,0.6576478259905394,0.6644899497270669,0.6762744541433067,0.7277805992889792,0.6971973126283011,"{'max_depth': 3, 'learning_rate': 0.1, 'n_estimators': 50}","['mfcc_11', 'mfcc_8', 'mfcc_10', 'zcr_mean']",0.5106951871657754,0.4340909090909091,0.6201298701298701,0.46697892765380905,0.5676392572944297,0.6978260869565217,0.4783904619970194,0.6866170679597017,0.8946090335114133,0.8615528531337698,0.9303030303030303,0.9379959422713924
XGB,0.6575889615105301,0.6658636826174597,0.655295342180588,0.7257491112239716,0.7437251447739266,"{'max_depth': 5, 'learning_rate': 0.1, 'n_estimators': 100}","['wav_detail_lvl5_std', 'wav_detail_lvl3_std', 'spec_centroid']",0.5,0.5066666666666667,0.4935064935064935,0.6087073157046479,0.6209150326797386,0.6871609403254972,0.5663189269746647,0.70810237596965,0.8518518518518519,0.803763440860215,0.906060606060606,0.9143657426474816
XGB,0.657567388851708,0.6975087375351793,0.6558902845788092,0.7221940071102082,0.6955894998422555,"{'max_depth': 5, 'learning_rate': 0.1, 'n_estimators': 50}","['mfcc_3', 'wav_detail_lvl3_std']",0.597972972972973,0.6232394366197183,0.5746753246753247,0.6268185065486435,0.5325779036827195,0.7268041237113402,0.4202682563338301,0.6280866690803727,0.8421512898994316,0.7424826522744795,0.9727272727272728,0.8318633238977503
XGB,0.6575296161821426,0.6702219442911534,0.6492075319944173,0.712544438801422,0.7225362583814786,"{'max_depth': 3, 'learning_rate': 0.1, 'n_estimators': 100}","['mfcc_11', 'wav_detail_lvl5_std', 'mfcc_8', 'zcr_mean']",0.5425531914893617,0.59765625,0.4967532467532468,0.6094144485103802,0.5998469778117828,0.6163522012578616,0.5842026825633383,0.6518144691205824,0.8301886792452831,0.7966573816155988,0.8666666666666667,0.9063798575134732
XGB,0.6574770863673379,0.6573459408986483,0.6720002523281212,0.7257491112239716,0.7246267472455924,"{'max_depth': 5, 'learning_rate': 0.1, 'n_estimators': 100}","['mfcc_3', 'mfcc_5']",0.5246826516220028,0.46384039900249374,0.6038961038961039,0.5731666221577127,0.5544217687074829,0.6455445544554456,0.4858420268256334,0.6680138762298053,0.893326838772528,0.8626528692380057,0.9262626262626262,0.9326997433492592
XGB,0.6561742868303073,0.6628594856882005,0.6619457652244537,0.733875063484002,0.7358824211088227,"{'max_depth': 5, 'learning_rate': 0.1, 'n_estimators': 100}","['mfcc_3', 'mfcc_8', 'zcr_mean', 'spec_centroid']",0.5046153846153846,0.47953216374269003,0.5324675324675324,0.6094201386510698,0.5694682675814752,0.6707070707070707,0.4947839046199702,0.6650294101661975,0.8944392082940622,0.838339222614841,0.9585858585858585,0.933197714509201
XGB,0.6551587251787105,0.6591734920476482,0.6519866896916077,0.7064499746063991,0.7154143266129639,"{'max_depth': 3, 'learning_rate': 0.1, 'n_estimators': 100}","['wav_detail_lvl5_std', 'mfcc_8', 'zcr_mean']",0.5351170568561873,0.5517241379310345,0.5194805194805194,0.6023655493728352,0.6128048780487805,0.6271450858034321,0.5991058122205664,0.6507741458406066,0.8175542406311637,0.7986512524084779,0.8373737373737373,0.8931032846254499
XGB,0.6550415315266972,0.6828426987325292,0.6568002428658166,0.7221940071102082,0.7307014224219334,"{'max_depth': 3, 'learning_rate': 0.1, 'n_estimators': 50}","['mfcc_3', 'mfcc_11', 'spec_centroid']",0.5681818181818182,0.5681818181818182,0.5681818181818182,0.6343474552558656,0.5479704797047971,0.7191283292978208,0.4426229508196721,0.6559215810197904,0.8489722966934763,0.7612179487179487,0.9595959595959596,0.9018352309901443
XGB,0.6547316021268687,0.6775606974580595,0.6436038763907617,0.723209751142712,0.7401899052949142,"{'max_depth': 5, 'learning_rate': 0.01, 'n_estimators': 100}","['mfcc_11', 'wav_detail_lvl5_std', 'zcr_mean', 'spec_centroid']",0.5037037037037037,0.5862068965517241,0.44155844155844154,0.6100173526213031,0.6227164416203336,0.6666666666666666,0.5842026825633383,0.7074034672380672,0.8377746610565685,0.7798085291557877,0.9050505050505051,0.9031488960253722
XGB,0.6546035646421533,0.6697884829707982,0.646111781357683,0.7201625190452006,0.7365260672729687,"{'max_depth': 5, 'learning_rate': 0.1, 'n_estimators': 50}","['wav_detail_lvl5_std', 'zcr_mean', 'spec_centroid']",0.5044722719141324,0.5617529880478087,0.4577922077922078,0.6034666896993014,0.6232339089481946,0.6583747927031509,0.5916542473919523,0.7022856160793803,0.836104513064133,0.7892376681614349,0.8888888888888888,0.9038258960402242
XGB,0.6526308125518206,0.6657910489558377,0.6449494949494949,0.7034027425088878,0.7176907004033808,"{'max_depth': 3, 'learning_rate': 0.1, 'n_estimators': 100}","['wav_detail_lvl5_std', 'mfcc_8', 'spec_centroid']",0.5619546247818499,0.6075471698113207,0.5227272727272727,0.5832362064974657,0.5795724465558195,0.6182432432432432,0.5454545454545454,0.6748636281368725,0.8163653663177926,0.7715827338129496,0.8666666666666667,0.8949722665758043
XGB,0.6522130238088225,0.6763219602433929,0.661361467918845,0.723209751142712,0.6625479835810619,"{'max_depth': 3, 'learning_rate': 0.01, 'n_estimators': 50}","['mfcc_6', 'mfcc_8']",0.5405405405405406,0.5027932960893855,0.5844155844155844,0.47782124302301876,0.5564892623716153,0.745,0.44411326378539495,0.619051390914755,0.8596092685143116,0.7811725846407928,0.9555555555555556,0.8907713168054122
XGB,0.6521457273586413,0.6578537090458272,0.6724993888928316,0.7216861350939563,0.692048409865126,"{'max_depth': 5, 'learning_rate': 0.1, 'n_estimators': 50}","['mfcc_11', 'mfcc_8', 'mfcc_10']",0.5026178010471204,0.42105263157894735,0.6233766233766234,0.46390286135728787,0.5593667546174143,0.6824034334763949,0.47391952309985097,0.665538742345442,0.8944526264113893,0.8701050620821394,0.9202020202020202,0.9467036258926476
XGB,0.6519590010847091,0.6579319177299889,0.6581683343978426,0.7323514474352463,0.7287908046272144,"{'max_depth': 3, 'learning_rate': 0.1, 'n_estimators': 100}","['mfcc_6', 'mfcc_5', 'mfcc_10']",0.481089258698941,0.45042492917847027,0.5162337662337663,0.5761636196120602,0.5777777777777777,0.6773547094188377,0.503725782414307,0.6853075761609574,0.8970099667774086,0.8460161145926589,0.9545454545454546,0.9249012181086256
XGB,0.6518164326854802,0.656832471378486,0.6476521656849527,0.6993397663788725,0.7092362708811861,"{'max_depth': 5, 'learning_rate': 0.01, 'n_estimators': 100}","['wav_detail_lvl5_std', 'zcr_mean']",0.5288135593220339,0.5531914893617021,0.5064935064935064,0.5855020615201053,0.6341829085457271,0.6380090497737556,0.6304023845007451,0.6619217297081881,0.7924528301886793,0.779296875,0.806060606060606,0.8802850214152649
XGB,0.6509704512214932,0.6550082083760015,0.6531694777596417,0.7150837988826816,0.7173600698659012,"{'max_depth': 5, 'learning_rate': 0.1, 'n_estimators': 100}","['mfcc_11', 'mfcc_8', 'wav_detail_lvl3_std', 'zcr_mean', 'spec_centroid']",0.5173501577287066,0.5030674846625767,0.5324675324675324,0.5818362464298532,0.5848434925864909,0.6537753222836096,0.5290611028315947,0.6497409463642889,0.8507177033492823,0.8081818181818182,0.897979797979798,0.9205030168035612
XGB,0.6509087510424755,0.6529580180982051,0.6583453583453583,0.7247333671914677,0.6816112976973026,"{'max_depth': 5, 'learning_rate': 0.1, 'n_estimators': 100}","['mfcc_8', 'mfcc_10', 'zcr_mean']",0.4624277456647399,0.4166666666666667,0.5194805194805194,0.4741305516483421,0.6069651741293532,0.6841121495327103,0.5454545454545454,0.6483780308615035,0.8833333333333333,0.8580952380952381,0.9101010101010101,0.9223253105820621
XGB,0.6504788810024195,0.6638413153125095,0.6432395776658072,0.7110208227526663,0.7327648996377466,"{'max_depth': 3, 'learning_rate': 0.1, 'n_estimators': 100}","['mfcc_11', 'wav_detail_lvl5_std', 'mfcc_8', 'spec_centroid']",0.5253940455341506,0.5703422053231939,0.487012987012987,0.6007041054475507,0.5966587112171837,0.6399317406143344,0.5588673621460507,0.6889274243234191,0.8293838862559242,0.78125,0.8838383838383839,0.9086631691422701
XGB,0.6490804577157798,0.6566229289769435,0.6673034009099582,0.7257491112239716,0.7280739512235243,"{'max_depth': 5, 'learning_rate': 0.1, 'n_estimators': 100}","['mfcc_3', 'mfcc_11', 'mfcc_8', 'zcr_mean']",0.5201668984700973,0.45498783454987834,0.6071428571428571,0.5852115400647835,0.5266005410279531,0.6666666666666666,0.43517138599105815,0.6582022833951375,0.9004739336492891,0.8482142857142857,0.9595959595959596,0.9408080302106518
XGB,0.6486188481817237,0.6680413705433136,0.6386755927739535,0.706957846622651,0.7246482037723987,"{'max_depth': 5, 'learning_rate': 0.1, 'n_estimators': 50}","['mfcc_3', 'wav_detail_lvl5_std']",0.5497287522603979,0.6204081632653061,0.4935064935064935,0.6461887971882102,0.5645933014354066,0.6072041166380789,0.5275707898658718,0.6446866132100697,0.8315344908493665,0.7765118317265557,0.8949494949494949,0.883069200918916
XGB,0.6476936784762598,0.6622931656488703,0.6539540605114376,0.7120365667851701,0.7085244088067385,"{'max_depth': 5, 'learning_rate': 0.1, 'n_estimators': 100}","['mfcc_3', 'mfcc_8', 'wav_detail_lvl3_std']",0.5616224648985959,0.5405405405405406,0.5844155844155844,0.6064356834350662,0.5345291479820627,0.6711711711711712,0.44411326378539495,0.6150492508456286,0.846929422548121,0.7751677852348994,0.9333333333333333,0.9040882921395207
XGB,0.6458569387602986,0.6498613666564448,0.6453823953823954,0.713052310817674,0.7124621395161497,"{'max_depth': 5, 'learning_rate': 0.1, 'n_estimators': 100}","['mfcc_8', 'wav_detail_lvl3_std', 'zcr_mean', 'spec_centroid']",0.498371335504886,0.5,0.4967532467532468,0.5811054945968664,0.58700882117081,0.6354166666666666,0.5454545454545454,0.6439876988070714,0.8521906596051998,0.8141674333026679,0.8939393939393939,0.9122932251445109
XGB,0.6457746767868496,0.6670132087507974,0.6346024649303338,0.707465718638903,0.7251630092762755,"{'max_depth': 5, 'learning_rate': 0.01, 'n_estimators': 100}","['mfcc_11', 'wav_detail_lvl5_std', 'zcr_mean']",0.5119705340699816,0.5914893617021276,0.4512987012987013,0.6077156936748468,0.6089693154996066,0.645,0.5767511177347243,0.6802207566475337,0.8163841807909604,0.7645502645502645,0.8757575757575757,0.887552577506446
XGB,0.6452514761819338,0.6706332820608235,0.6316588996916865,0.6978161503301168,0.7126630100056569,"{'max_depth': 3, 'learning_rate': 0.1, 'n_estimators': 100}","['mfcc_3', 'wav_detail_lvl5_std', 'mfcc_8']",0.5580524344569289,0.6592920353982301,0.4837662337662338,0.6377883347287505,0.5612403100775194,0.5848142164781907,0.5394932935916542,0.5966836094961094,0.8164616840113529,0.7677935943060499,0.8717171717171717,0.903517085792111
XGB,0.6450352220943892,0.676022091267756,0.6327419392993163,0.712544438801422,0.7250501661003282,"{'max_depth': 5, 'learning_rate': 0.01, 'n_estimators': 100}","['mfcc_11', 'wav_detail_lvl5_std', 'spec_centroid']",0.5130111524163569,0.6,0.44805194805194803,0.594859232041998,0.5988323603002502,0.6799242424242424,0.5350223546944859,0.6967832902751471,0.8232621535665606,0.7481420313790256,0.9151515151515152,0.8835079759838396
XGB,0.6450322306082723,0.6538378319501161,0.6515466925302991,0.7084814626714068,0.7203740149449699,"{'max_depth': 5, 'learning_rate': 0.1, 'n_estimators': 100}","['mfcc_3', 'mfcc_11', 'zcr_mean']",0.5510835913312694,0.5266272189349113,0.577922077922078,0.6073321222750678,0.5367132867132867,0.6490486257928119,0.45752608047690013,0.6426645628914364,0.8472998137802608,0.7858376511226253,0.9191919191919192,0.9111253596684054
XGB,0.6439462592732789,0.6502686053374368,0.6627122118925398,0.7176231589639411,0.7167985947341834,"{'max_depth': 5, 'learning_rate': 0.1, 'n_estimators': 100}","['mfcc_3', 'mfcc_8', 'zcr_mean']",0.5329593267882188,0.4691358024691358,0.6168831168831169,0.5812563440988547,0.5108303249097473,0.6475972540045767,0.4217585692995529,0.6448034351093563,0.8880491261218706,0.834072759538598,0.9494949494949495,0.9243360049943391
XGB,0.643829672396612,0.6459054539897889,0.6528276520079799,0.7160995429151854,0.6904281208258993,"{'max_depth': 3, 'learning_rate': 0.1, 'n_estimators': 50}","['mfcc_8', 'mfcc_10', 'zcr_mean', 'spec_centroid']",0.476878612716763,0.4296875,0.5357142857142857,0.4862169137794532,0.5781512605042017,0.6628131021194605,0.5126676602086438,0.6557923833060143,0.8764591439688716,0.8452157598499062,0.9101010101010101,0.9292750653922306
XGB,0.6429324985534924,0.6468465609932541,0.6419743886957002,0.7221940071102082,0.6642249420068755,"{'max_depth': 3, 'learning_rate': 0.1, 'n_estimators': 50}","['mfcc_10', 'zcr_mean', 'spec_centroid']",0.43042071197411,0.4290322580645161,0.4318181818181818,0.4126739968794114,0.6369426751592356,0.6837606837606838,0.5961251862891207,0.669726980909492,0.8614341085271318,0.8277467411545624,0.897979797979798,0.9102738482317232
XGB,0.6424100793473561,0.6721197075988128,0.6754153557432246,0.718638902996445,0.6808237250404635,"{'max_depth': 3, 'learning_rate': 0.1, 'n_estimators': 50}","['mfcc_6', 'zcr_mean']",0.5103280680437424,0.4077669902912621,0.6818181818181818,0.39436901263985724,0.5190989226248776,0.7571428571428571,0.3949329359165425,0.7051289612364298,0.897803247373448,0.8514492753623188,0.9494949494949495,0.9429732012451034
XGB,0.6422413062603343,0.6672332242222948,0.6693614521483374,0.7206703910614525,0.6931276072131455,"{'max_depth': 3, 'learning_rate': 0.1, 'n_estimators': 50}","['mfcc_6', 'zcr_mean', 'spec_centroid']",0.5096030729833547,0.42071881606765327,0.6461038961038961,0.4443031735943529,0.5217391304347826,0.7417582417582418,0.40238450074515647,0.6915570941836993,0.8953817153628653,0.8392226148409894,0.9595959595959596,0.9435225538613841
XGB,0.6415088393567162,0.6502835226042153,0.6377009754058934,0.7343829355002539,0.6820674968384061,"{'max_depth': 3, 'learning_rate': 0.1, 'n_estimators': 50}","['mfcc_11', 'mfcc_10', 'zcr_mean', 'spec_centroid']",0.4063047285464098,0.44106463878326996,0.37662337662337664,0.4518418054580624,0.6335697399527187,0.6722408026755853,0.5991058122205664,0.6690070477702539,0.8846520495710201,0.8375451263537906,0.9373737373737374,0.925353637286902
XGB,0.6392098497589851,0.6420388598667355,0.6434737697032779,0.6978161503301168,0.6844622418714102,"{'max_depth': 5, 'learning_rate': 0.1, 'n_estimators': 100}","['mfcc_11', 'mfcc_8', 'wav_detail_lvl3_std']",0.5271317829457365,0.5044510385756676,0.551948051948052,0.5756062848324698,0.5609958506224066,0.6329588014981273,0.503725782414307,0.590460098300905,0.8295019157088123,0.7887067395264117,0.8747474747474747,0.887320342480856
XGB,0.6375461648971582,0.6413313830850872,0.6402774820807607,0.6962925342813611,0.7064768578815953,"{'max_depth': 3, 'learning_rate': 0.1, 'n_estimators': 100}","['mfcc_11', 'mfcc_8', 'wav_detail_lvl3_std', 'zcr_mean']",0.5365079365079365,0.5248447204968945,0.5487012987012987,0.5937461430558201,0.5447019867549668,0.6126629422718808,0.4903129657228018,0.6283604052795939,0.8314285714285714,0.7864864864864864,0.8818181818181818,0.8973240253093716
XGB,0.6371196314682023,0.6459148713809633,0.6348019618511421,0.6962925342813611,0.6992506405430658,"{'max_depth': 3, 'learning_rate': 0.1, 'n_estimators': 100}","['wav_detail_lvl5_std', 'wav_detail_lvl3_std']",0.5090311986863711,0.5149501661129569,0.5032467532467533,0.5887149441832167,0.5921052631578947,0.6605504587155964,0.5365126676602087,0.6419515205707513,0.8102224325603408,0.7622439893143366,0.8646464646464647,0.8670854568752293
XGB,0.6357776051245448,0.6517410150354618,0.6501261640605903,0.7105129507364144,0.6402675089497253,"{'max_depth': 5, 'learning_rate': 0.01, 'n_estimators': 100}","['mfcc_10', 'zcr_mean']",0.46820027063599456,0.4013921113689095,0.5616883116883117,0.352600901876054,0.5696087352138307,0.7313084112149533,0.46646795827123694,0.6692681543747464,0.8695238095238095,0.8225225225225226,0.9222222222222223,0.8989334705983756
XGB,0.6357048747106664,0.6462386690309061,0.6418762172860534,0.723209751142712,0.6744518805022728,"{'max_depth': 3, 'learning_rate': 0.1, 'n_estimators': 50}","['mfcc_6', 'mfcc_11', 'mfcc_10']",0.45941807044410415,0.43478260869565216,0.487012987012987,0.4250262284400278,0.5548726953467954,0.6752136752136753,0.47093889716840537,0.6421437359988416,0.8928238583410997,0.828719723183391,0.9676767676767677,0.9561856770679489
XGB,0.6356805529322638,0.6447220315035649,0.6376769253818434,0.723209751142712,0.6630499165102752,"{'max_depth': 3, 'learning_rate': 0.1, 'n_estimators': 50}","['mfcc_6', 'mfcc_10', 'spec_centroid']",0.4419713831478537,0.43302180685358255,0.4512987012987013,0.4001353742366622,0.5799319727891157,0.6752475247524753,0.5081967213114754,0.6528677496017434,0.8851383028598219,0.8258967629046369,0.9535353535353536,0.93614662569242
XGB,0.6355330039912501,0.6460336575527789,0.6306669347652955,0.6937531742001015,0.7137112598638389,"{'max_depth': 3, 'learning_rate': 0.1, 'n_estimators': 50}","['mfcc_11', 'wav_detail_lvl3_std', 'zcr_mean', 'spec_centroid']",0.5221843003412969,0.5503597122302158,0.4967532467532468,0.5869796625959182,0.5709677419354838,0.6221441124780316,0.5275707898658718,0.6631603079442041,0.8134469696969697,0.7655971479500892,0.8676767676767677,0.8909938090513941
XGB,0.6353865476940982,0.6441673619862142,0.6340962316372152,0.7242254951752158,0.6762447643040389,"{'max_depth': 5, 'learning_rate': 0.01, 'n_estimators': 100}","['mfcc_11', 'mfcc_10', 'zcr_mean']",0.43,0.4417808219178082,0.41883116883116883,0.42861529019072175,0.5952184666117065,0.6660516605166051,0.5380029806259314,0.6618683149920009,0.8809411764705882,0.824669603524229,0.9454545454545454,0.9382506877293941
XGB,0.6316828202295214,0.65314594524793,0.6209483594729496,0.6881665820213306,0.6842093789106052,"{'max_depth': 3, 'learning_rate': 0.01, 'n_estimators': 100}","['mfcc_11', 'wav_detail_lvl5_std']",0.5181159420289855,0.5860655737704918,0.4642857142857143,0.5662271548177276,0.5864297253634895,0.6402116402116402,0.5409836065573771,0.633137371421052,0.7905027932960894,0.7331606217616581,0.8575757575757575,0.8532636104930362
XGB,0.6316458234919938,0.637535772054249,0.6350759744202367,0.6952767902488572,0.7131163579835312,"{'max_depth': 5, 'learning_rate': 0.1, 'n_estimators': 100}","['mfcc_11', 'mfcc_8', 'wav_detail_lvl3_std', 'spec_centroid']",0.5157232704402516,0.5,0.5324675324675324,0.5893048392832652,0.5472972972972973,0.631578947368421,0.4828614008941878,0.6470158674417013,0.8319169027384324,0.7810283687943262,0.8898989898989899,0.9030283672256273
XGB,0.6315543042705375,0.6291329862857609,0.641247762559238,0.6856272219400711,0.6786854424538694,"{'max_depth': 3, 'learning_rate': 0.01, 'n_estimators': 100}","['mfcc_8', 'wav_detail_lvl3_std', 'zcr_mean']",0.5317577548005908,0.4878048780487805,0.5844155844155844,0.5851824667432879,0.5390304026294166,0.6007326007326007,0.488822652757079,0.5713857670207154,0.8238747553816047,0.7988614800759013,0.8505050505050505,0.879488093597605
XGB,0.6314530258321197,0.6426965421910137,0.6245558630804533,0.6846114779075673,0.694468555851269,"{'max_depth': 3, 'learning_rate': 0.1, 'n_estimators': 50}","['mfcc_11', 'wav_detail_lvl5_std', 'mfcc_8']",0.5270506108202443,0.569811320754717,0.4902597402597403,0.5935940832877643,0.568075117370892,0.5980230642504119,0.5409836065573771,0.6029743634560638,0.7992333493052228,0.7602552415679125,0.8424242424242424,0.8868372208099785
XGB,0.6312060522924492,0.642079998319363,0.634540959950796,0.6952767902488572,0.7079681294180361,"{'max_depth': 3, 'learning_rate': 0.1, 'n_estimators': 50}","['wav_detail_lvl5_std', 'mfcc_8', 'wav_detail_lvl3_std']",0.5188679245283019,0.5030487804878049,0.5357142857142857,0.5936495958180388,0.5490877497827976,0.6583333333333333,0.47093889716840537,0.6369482046957562,0.8256624825662483,0.7648578811369509,0.896969696969697,0.8933065877403135
XGB,0.6311595025921343,0.6384155450951968,0.6271816525914886,0.6896901980700864,0.71741227873478,"{'max_depth': 5, 'learning_rate': 0.1, 'n_estimators': 50}","['wav_detail_lvl5_std', 'spec_centroid']",0.494949494949495,0.513986013986014,0.4772727272727273,0.585096307119778,0.5969912905779889,0.6368243243243243,0.5618479880774963,0.6898800014358553,0.8015377222489188,0.7644362969752521,0.8424242424242424,0.8772605276487067
XGB,0.6310819275466671,0.6394496398689684,0.6346414969365789,0.7201625190452006,0.6881488574747339,"{'max_depth': 3, 'learning_rate': 0.1, 'n_estimators': 50}","['mfcc_6', 'mfcc_11', 'spec_centroid']",0.438871473354232,0.42424242424242425,0.45454545454545453,0.45513073887727334,0.565068493150685,0.6639839034205232,0.4918032786885246,0.6545918025891869,0.8893058161350844,0.830122591943958,0.9575757575757575,0.9547240309577414
XGB,0.6305300081468904,0.6339456172329543,0.64171575237149,0.7008633824276282,0.6221282708196053,"{'max_depth': 3, 'learning_rate': 0.1, 'n_estimators': 50}",['mfcc_5'],0.44474761255115963,0.3835294117647059,0.5292207792207793,0.359324590461824,0.5841750841750841,0.6711798839458414,0.5171385991058122,0.6209211565055998,0.8626673277144273,0.8471275559883155,0.8787878787878788,0.8861390654913921
XGB,0.6304766825709911,0.6363118192851414,0.6282118609987463,0.7247333671914677,0.6632071022402278,"{'max_depth': 3, 'learning_rate': 0.1, 'n_estimators': 50}","['mfcc_11', 'mfcc_10', 'spec_centroid']",0.38974358974358975,0.41155234657039713,0.37012987012987014,0.3962077917755952,0.6178092986603625,0.6555183946488294,0.5842026825633383,0.6604985516426967,0.8838771593090211,0.8418647166361974,0.9303030303030303,0.9329149633023917
XGB,0.6301217442799839,0.6337608639954819,0.6506217522610965,0.7049263585576435,0.6863848081592853,"{'max_depth': 3, 'learning_rate': 0.1, 'n_estimators': 50}","['mfcc_5', 'mfcc_11']",0.49001331557922767,0.4153498871331828,0.5974025974025974,0.4838300483238742,0.5097345132743363,0.6274509803921569,0.42921013412816694,0.6510029020902799,0.8906174039863879,0.8584817244611059,0.9252525252525252,0.9243214740637019
XGB,0.6288482102901208,0.6376727568068604,0.6317472145340998,0.7211782630777044,0.6791275478957317,"{'max_depth': 3, 'learning_rate': 0.1, 'n_estimators': 50}","['mfcc_6', 'mfcc_11', 'mfcc_10', 'spec_centroid']",0.42789223454833597,0.4179566563467492,0.4383116883116883,0.42526678979566646,0.5658119658119658,0.6633266533066132,0.4932935916542474,0.653197341892832,0.8928404305100608,0.8317349607672189,0.9636363636363636,0.9589185119986967
XGB,0.6284739378292543,0.6349813345357251,0.629945828306484,0.6790248857287964,0.6767702370620862,"{'max_depth': 5, 'learning_rate': 0.1, 'n_estimators': 100}","['mfcc_11', 'wav_detail_lvl3_std']",0.5504,0.5425867507886435,0.5584415584415584,0.573654165694401,0.5393634840871022,0.615678776290631,0.4798807749627422,0.6033039986447855,0.7956583294006607,0.7466784765279008,0.8515151515151516,0.8533525468470721
XGB,0.6273502954008217,0.6346416362823873,0.6487115495312217,0.6927374301675978,0.6685401135354511,"{'max_depth': 3, 'learning_rate': 0.1, 'n_estimators': 50}","['mfcc_3', 'mfcc_10']",0.5472222222222223,0.47815533980582525,0.6396103896103896,0.49624931658291477,0.48762603116406966,0.6333333333333333,0.39642324888226527,0.6149937386534183,0.847202632816173,0.7924362357080035,0.9101010101010101,0.8943772853700204
XGB,0.6261424419375694,0.6403149478037933,0.6447192455389177,0.706957846622651,0.6389326355200879,"{'max_depth': 3, 'learning_rate': 0.01, 'n_estimators': 100}","['mfcc_6', 'mfcc_10']",0.5028089887640449,0.4430693069306931,0.5811688311688312,0.39235349699807137,0.49673202614379086,0.665,0.39642324888226527,0.6269371054410577,0.8788863109048723,0.8128755364806867,0.9565656565656566,0.8975073041211348
XGB,0.6257584365991197,0.6289302809025624,0.638949605343048,0.6901980700863383,0.6845600880641726,"{'max_depth': 5, 'learning_rate': 0.1, 'n_estimators': 50}","['mfcc_11', 'mfcc_8', 'zcr_mean', 'spec_centroid']",0.48951048951048953,0.42997542997543,0.5681818181818182,0.4958535906405201,0.5478036175710594,0.6489795918367347,0.47391952309985097,0.6459087469473596,0.8399612027158099,0.8078358208955224,0.8747474747474747,0.9119179266046379
XGB,0.6236899096081102,0.6257370102915464,0.6240772281755887,0.6815642458100558,0.7143337523488111,"{'max_depth': 3, 'learning_rate': 0.1, 'n_estimators': 100}","['wav_detail_lvl3_std', 'zcr_mean', 'spec_centroid']",0.499194847020934,0.4952076677316294,0.5032467532467533,0.5787247736385658,0.562351072279587,0.6020408163265306,0.5275707898658718,0.6696732051175192,0.8095238095238095,0.7799625468164794,0.8414141414141414,0.8946032782903485
XGB,0.6236647577127533,0.6462791891127663,0.6207236297400232,0.6820721178263077,0.6804878901165613,"{'max_depth': 5, 'learning_rate': 0.01, 'n_estimators': 100}","['wav_detail_lvl3_std', 'spec_centroid']",0.5393634840871022,0.5570934256055363,0.5227272727272727,0.5758000213825683,0.5372340425531915,0.6630196936542669,0.45156482861400893,0.6032853516155392,0.7943967464979665,0.7187244480784954,0.8878787878787879,0.8623782973515767
XGB,0.6227695509561987,0.6375361059383405,0.6511476986886824,0.6825799898425596,0.6797189749851898,"{'max_depth': 5, 'learning_rate': 0.01, 'n_estimators': 100}","['mfcc_8', 'mfcc_10', 'spec_centroid']",0.47810650887573963,0.3761638733705773,0.6558441558441559,0.44286789395399445,0.543970988213962,0.6944444444444444,0.44709388971684055,0.6878478741852962,0.8462311557788945,0.842,0.8505050505050505,0.9084411568162788
XGB,0.622764527054951,0.6240752169633389,0.6225463061528634,0.6693753174200101,0.680530493561765,"{'max_depth': 3, 'learning_rate': 0.01, 'n_estimators': 100}","['wav_detail_lvl3_std', 'zcr_mean']",0.5324675324675324,0.5324675324675324,0.5324675324675324,0.5772180855586174,0.5489891135303266,0.5739837398373984,0.526080476900149,0.5909620483589713,0.7868369351669942,0.765774378585086,0.8090909090909091,0.8734113467677065
XGB,0.6224367066213929,0.6254411009011264,0.6348141839945118,0.6957846622651092,0.68102008818781,"{'max_depth': 5, 'learning_rate': 0.1, 'n_estimators': 50}","['mfcc_3', 'mfcc_8', 'mfcc_10']",0.5081240768094535,0.46612466124661245,0.5584415584415584,0.5264106625753997,0.49475524475524474,0.5983086680761099,0.4217585692995529,0.5819786542123799,0.8644307982994804,0.8118899733806566,0.9242424242424242,0.9346709477756503
XGB,0.62234189423125,0.6277332387733522,0.6208817290784503,0.6785170137125445,0.7034262570478544,"{'max_depth': 3, 'learning_rate': 0.1, 'n_estimators': 50}","['mfcc_11', 'wav_detail_lvl3_std', 'zcr_mean']",0.514003294892916,0.5217391304347826,0.5064935064935064,0.5848216197139092,0.5507246376811594,0.5989492119089317,0.5096870342771982,0.6400034157944379,0.8022977501196745,0.7625113739763422,0.8464646464646465,0.8854537356352161
XGB,0.6216197539369089,0.6372077490010761,0.6187400941499303,0.6815642458100558,0.7016403180623044,"{'max_depth': 5, 'learning_rate': 0.1, 'n_estimators': 50}","['mfcc_11', 'wav_detail_lvl3_std', 'spec_centroid']",0.5234899328859061,0.5416666666666666,0.5064935064935064,0.5905159211365463,0.5406330196749358,0.6345381526104418,0.47093889716840537,0.6413499964645953,0.8007363092498849,0.73541842772612,0.8787878787878788,0.8730550365857714
XGB,0.6200850199158802,0.6284622794115217,0.6452605682113879,0.6947689182326053,0.686580614377167,"{'max_depth': 5, 'learning_rate': 0.1, 'n_estimators': 50}","['mfcc_3', 'mfcc_11', 'mfcc_8']",0.5250338294993234,0.45011600928074247,0.6298701298701299,0.5470669306482899,0.4659832246039143,0.6218905472636815,0.37257824143070045,0.5946075666369008,0.8692380056444027,0.8133802816901409,0.9333333333333333,0.9180673458463099
XGB,0.6190952500897173,0.6198191697122767,0.6320216213658837,0.6805485017775521,0.6519464547294969,"{'max_depth': 5, 'learning_rate': 0.1, 'n_estimators': 50}","['mfcc_8', 'zcr_mean', 'spec_centroid']",0.4818941504178273,0.4219512195121951,0.5616883116883117,0.4589556638787525,0.5472972972972973,0.631578947368421,0.4828614008941878,0.5980703097057328,0.8280943025540275,0.8059273422562141,0.8515151515151516,0.8988133906040051
XGB,0.6149089248524041,0.6255375783033141,0.6172888131904525,0.7094972067039106,0.6722012347785968,"{'max_depth': 3, 'learning_rate': 0.01, 'n_estimators': 100}","['mfcc_6', 'mfcc_11']",0.4181523500810373,0.4174757281553398,0.41883116883116883,0.45525713334122564,0.5456110154905336,0.6456211812627292,0.47242921013412814,0.6262206329612007,0.8809634089856415,0.8135158254918734,0.9606060606060606,0.9351259380333639
XGB,0.611715725401402,0.622993561041239,0.6339744044662078,0.6901980700863383,0.716510631060235,"{'max_depth': 5, 'learning_rate': 0.1, 'n_estimators': 100}","['mfcc_3', 'mfcc_8', 'spec_centroid']",0.5111111111111111,0.44660194174757284,0.5974025974025974,0.5670939710691943,0.4605263157894737,0.6234096692111959,0.3651266766020864,0.6599746967752711,0.8635097493036211,0.7989690721649485,0.9393939393939394,0.9224632253362397
XGB,0.6111016678273327,0.6114066794832907,0.6135720988180005,0.6576942610462163,0.6349551024563581,"{'max_depth': 5, 'learning_rate': 0.1, 'n_estimators': 100}",['wav_detail_lvl3_std'],0.5236593059936908,0.50920245398773,0.538961038961039,0.5595416455496293,0.536741214057508,0.5783132530120482,0.5007451564828614,0.5440695880615504,0.7729044834307992,0.7467043314500942,0.8010101010101011,0.8012540737578946
XGB,0.6100699088152375,0.620122508805742,0.6215243772620821,0.6729304215337735,0.6870780570774819,"{'max_depth': 3, 'learning_rate': 0.1, 'n_estimators': 100}","['mfcc_8', 'wav_detail_lvl3_std', 'spec_centroid']",0.5222551928783383,0.4808743169398907,0.5714285714285714,0.5663198064418182,0.4977457168620379,0.6301369863013698,0.4113263785394933,0.6101725337705659,0.8102088167053364,0.7493562231759656,0.8818181818181818,0.8847418310200618
XGB,0.6051200216046625,0.6139375347966798,0.6101187519220307,0.6957846622651092,0.6298440460793758,"{'max_depth': 3, 'learning_rate': 0.1, 'n_estimators': 50}","['mfcc_11', 'mfcc_10']",0.37664233576642336,0.3421750663129973,0.41883116883116883,0.3449116731195657,0.5672413793103448,0.6728016359918201,0.4903129657228018,0.6510821426989947,0.8714763497372193,0.8268359020852222,0.9212121212121213,0.8935383224195672
XGB,0.604427579763938,0.6103417596643937,0.6313624141492994,0.6678517013712545,0.6532913148847782,"{'max_depth': 5, 'learning_rate': 0.1, 'n_estimators': 100}","['mfcc_11', 'mfcc_8', 'zcr_mean']",0.49056603773584906,0.4004106776180698,0.6331168831168831,0.4722426865981701,0.48692515779981965,0.6164383561643836,0.40238450074515647,0.5982624038665897,0.8357915437561455,0.814176245210728,0.8585858585858586,0.8893688541895749
XGB,0.6016419057786653,0.6092702948985282,0.6050339460175526,0.6820721178263077,0.619411335017756,"{'max_depth': 3, 'learning_rate': 0.1, 'n_estimators': 50}","['mfcc_10', 'spec_centroid']",0.35048678720445064,0.30656934306569344,0.4090909090909091,0.3096492278765146,0.6138448707256047,0.696969696969697,0.5484351713859911,0.6463706963299399,0.8405940594059406,0.8242718446601942,0.8575757575757575,0.9022140808468133
XGB,0.5996267764872941,0.6064644970027672,0.6151463897365537,0.6668359573387507,0.6558605617336806,"{'max_depth': 5, 'learning_rate': 0.1, 'n_estimators': 100}","['mfcc_11', 'mfcc_8', 'spec_centroid']",0.45614035087719296,0.3903002309468822,0.5487012987012987,0.429588736301717,0.519893899204244,0.6391304347826087,0.43815201192250375,0.6411490676550018,0.8228460793804453,0.7899628252788105,0.8585858585858586,0.8968438812443228
XGB,0.5975318210586174,0.6110810795444357,0.6102914389799635,0.6871508379888268,0.6597522863183528,"{'max_depth': 5, 'learning_rate': 0.1, 'n_estimators': 50}","['mfcc_6', 'spec_centroid']",0.40440165061898214,0.35083532219570407,0.4772727272727273,0.3841192040326248,0.5131938125568699,0.6588785046728972,0.4202682563338301,0.6532317922982113,0.875,0.8235294117647058,0.9333333333333333,0.9419058626242223
XGB,0.5963558499932089,0.6083636947949649,0.5907478374691489,0.6246825799898426,0.6268973818450699,"{'max_depth': 3, 'learning_rate': 0.1, 'n_estimators': 50}","['wav_detail_lvl5_std', 'mfcc_8']",0.5288966725043783,0.5741444866920152,0.4902597402597403,0.5635923929224063,0.5412719891745602,0.49566294919454773,0.5961251862891207,0.4773057815707238,0.7188988883006882,0.7552836484983315,0.6858585858585858,0.8397939710420799
XGB,0.5930110091139583,0.5928482384391516,0.614533705517312,0.6470289487049263,0.628125616477119,"{'max_depth': 5, 'learning_rate': 0.1, 'n_estimators': 100}","['mfcc_8', 'zcr_mean']",0.46037735849056605,0.3757700205338809,0.5941558441558441,0.43425408705007384,0.511240632805995,0.5792452830188679,0.45752608047690013,0.5747270139848012,0.8074150360453141,0.8235294117647058,0.7919191919191919,0.8753957483964818
XGB,0.5928356463441881,0.6162875900727598,0.6104550579960416,0.6719146775012697,0.63314492037142,"{'max_depth': 3, 'learning_rate': 0.01, 'n_estimators': 50}","['mfcc_8', 'mfcc_10']",0.4878048780487805,0.4370179948586118,0.551948051948052,0.4279709239177884,0.4631782945736434,0.6620498614958449,0.3561847988077496,0.5825683034391972,0.8275237664101404,0.7497949138638228,0.9232323232323232,0.8888955337572746
XGB,0.5915952921873818,0.5978086102602526,0.6231132559001412,0.6622651091924835,0.6693154368063036,"{'max_depth': 5, 'learning_rate': 0.1, 'n_estimators': 100}","['mfcc_3', 'mfcc_11']",0.5444743935309974,0.46543778801843316,0.6558441558441559,0.5604671039601663,0.4,0.5588235294117647,0.3114754098360656,0.5718733290845753,0.8303114830311483,0.7691645133505599,0.902020202020202,0.8756058773741691
XGB,0.5915864267796906,0.6310796888935736,0.6355238568353322,0.6749619095987811,0.6510167112088382,"{'max_depth': 3, 'learning_rate': 0.1, 'n_estimators': 50}",['mfcc_6'],0.4759725400457666,0.3674911660777385,0.6753246753246753,0.4087451475507602,0.42694300518134715,0.7006802721088435,0.30700447093889716,0.6275981313541903,0.8718437351119581,0.8250676284941388,0.9242424242424242,0.9167068547215639
XGB,0.5883481925709173,0.5952405064331332,0.5902100631608828,0.6678517013712545,0.6475881085068923,"{'max_depth': 3, 'learning_rate': 0.1, 'n_estimators': 50}","['mfcc_11', 'zcr_mean', 'spec_centroid']",0.420545746388443,0.4158730158730159,0.4253246753246753,0.44272109831512085,0.5240101095197978,0.6027131782945736,0.46348733233979134,0.6139392699113413,0.8204887218045113,0.7671353251318102,0.8818181818181818,0.8861039572942149
XGB,0.5871984695892167,0.5846095197004999,0.603809366104448,0.6389029964448959,0.6454082715675044,"{'max_depth': 3, 'learning_rate': 0.1, 'n_estimators': 50}","['mfcc_8', 'wav_detail_lvl3_std']",0.5205091937765205,0.46115288220551376,0.5974025974025974,0.5616190075185973,0.46180257510729616,0.5445344129554656,0.4008941877794337,0.52174004869298,0.7792836398838335,0.7481412639405205,0.8131313131313131,0.8528657584909356
XGB,0.5765195058438559,0.5853553034526677,0.5872294372294372,0.649060436769934,0.6355869484288063,"{'max_depth': 3, 'learning_rate': 0.1, 'n_estimators': 100}","['zcr_mean', 'spec_centroid']",0.38563829787234044,0.32657657657657657,0.4707792207792208,0.4051199796337749,0.5313588850174216,0.639412997903564,0.45454545454545453,0.608146172728701,0.8125613346418057,0.7900763358778626,0.8363636363636363,0.8934946929239429
XGB,0.5729032494529024,0.5759608524011836,0.6064919294427491,0.6465210766886744,0.6479697467215214,"{'max_depth': 5, 'learning_rate': 0.1, 'n_estimators': 100}","['mfcc_3', 'mfcc_8']",0.5329744279946165,0.45517241379310347,0.6428571428571429,0.5506739199514944,0.36346153846153845,0.5121951219512195,0.2816691505216095,0.5123348857817057,0.8222737819025522,0.7605150214592274,0.8949494949494949,0.880900434431364
XGB,0.5630803737578777,0.5684646516393638,0.5816167135839266,0.6363636363636364,0.6101796359324954,"{'max_depth': 5, 'learning_rate': 0.1, 'n_estimators': 50}","['mfcc_11', 'zcr_mean']",0.4316353887399464,0.3675799086757991,0.5227272727272727,0.4237882095391554,0.44684684684684683,0.5649202733485194,0.36959761549925485,0.5490260130626115,0.8107588856868396,0.7728937728937729,0.8525252525252526,0.8577246851957192
XGB,0.5626214781435684,0.580475801699348,0.5869877542008689,0.6348400203148806,0.6061523998590692,"{'max_depth': 3, 'learning_rate': 0.1, 'n_estimators': 50}","['mfcc_8', 'spec_centroid']",0.4737550471063257,0.4045977011494253,0.5714285714285714,0.3859815978941873,0.423712342079689,0.6089385474860335,0.32488822652757077,0.5724869855469973,0.7903970452446907,0.7278911564625851,0.8646464646464647,0.8599886161360231
XGB,0.5563840850714366,0.5674498668561688,0.5917129925326646,0.6282376841036059,0.6048926576709054,"{'max_depth': 3, 'learning_rate': 0.1, 'n_estimators': 100}","['mfcc_11', 'mfcc_8']",0.46472019464720193,0.3715953307392996,0.6201298701298701,0.4140337310284756,0.3946102021174206,0.5570652173913043,0.3055141579731744,0.5254921337523899,0.809821858449687,0.7736890524379025,0.8494949494949495,0.8751521082318507
XGB,0.554636451310124,0.5510272156045711,0.562736656179279,0.5855764347384459,0.6069247394975231,"{'max_depth': 3, 'learning_rate': 0.1, 'n_estimators': 50}",['wav_detail_lvl5_std'],0.4624624624624625,0.4301675977653631,0.5,0.5314706404809413,0.5283286118980169,0.5033738191632928,0.555886736214605,0.506706022571428,0.6731182795698925,0.7195402298850575,0.6323232323232323,0.7825975554401999
XGB,0.5515716717755211,0.5769293383611225,0.5496581742483382,0.654647028948705,0.5935392755298518,"{'max_depth': 5, 'learning_rate': 0.01, 'n_estimators': 50}","['mfcc_11', 'spec_centroid']",0.3357664233576642,0.38333333333333336,0.2987012987012987,0.35190850166790194,0.5180616740088105,0.6336206896551724,0.43815201192250375,0.5600316085594612,0.8008869179600887,0.7138339920948616,0.9121212121212121,0.8686777163621923
XGB,0.5322306637121451,0.5577034303542772,0.5878164943738714,0.5967496190959878,0.5806443963062143,"{'max_depth': 5, 'learning_rate': 0.1, 'n_estimators': 50}",['zcr_mean'],0.45267489711934156,0.3313253012048193,0.7142857142857143,0.30999997752898867,0.35555555555555557,0.5517241379310345,0.26229508196721313,0.5673190448483497,0.7884615384615384,0.7900608519269777,0.7868686868686868,0.8646141665413045
XGB,0.5320349736039993,0.5413716707354063,0.530398836136541,0.6343321482986287,0.5486873225114643,"{'max_depth': 3, 'learning_rate': 0.1, 'n_estimators': 50}",['mfcc_10'],0.21929824561403508,0.19946808510638298,0.2435064935064935,0.22517785377863636,0.5626043405676127,0.6394686907020873,0.5022354694485842,0.6150147890358902,0.8142023346303502,0.7851782363977486,0.8454545454545455,0.8058693247198666
XGB,0.5228172508611313,0.5340615677955033,0.557290311388672,0.6058913153885221,0.5617075938578439,"{'max_depth': 5, 'learning_rate': 0.1, 'n_estimators': 50}",['mfcc_11'],0.4332493702770781,0.35390946502057613,0.5584415584415584,0.3756860039138521,0.3389494549058474,0.5059171597633136,0.2548435171385991,0.4766292754808934,0.7962529274004684,0.74235807860262,0.8585858585858586,0.8328075021787861
XGB,0.5160682678119812,0.5389710027072682,0.5834050891427941,0.6135093956323007,0.5805800233111064,"{'max_depth': 5, 'learning_rate': 0.1, 'n_estimators': 100}",['mfcc_3'],0.5431789737171464,0.4419551934826884,0.7045454545454546,0.5216381758577608,0.21453287197231835,0.4744897959183674,0.13859910581222057,0.48149059039926184,0.7904929577464789,0.7004680187207488,0.907070707070707,0.7386113036762962
XGB,0.5084232484449965,0.5185120136249104,0.5117647986500445,0.6084306754697816,0.5729177196664258,"{'max_depth': 3, 'learning_rate': 0.1, 'n_estimators': 50}",['spec_centroid'],0.29850746268656714,0.3050847457627119,0.2922077922077922,0.2977465891571061,0.4490861618798956,0.5397489539748954,0.38450074515648286,0.5676391317900207,0.777676120768527,0.7107023411371237,0.8585858585858586,0.8533674380521505
XGB,0.5072278923611322,0.5060637847017322,0.5375763883960606,0.5307262569832403,0.5367519650181257,"{'max_depth': 5, 'learning_rate': 0.1, 'n_estimators': 50}",['mfcc_8'],0.45878136200716846,0.3629489603024575,0.6233766233766234,0.39441410128694254,0.4,0.40364188163884673,0.39642324888226527,0.40432314788431134,0.6629023150762281,0.7516005121638925,0.592929292929293,0.8115186458831234
