Algorithm,F1_Macro_Global,Precision_Macro,Recall_Macro,Accuracy,PR_AUC_Macro,Best_Hyperparameters,Features_List,Heavy_F1,Heavy_Precision,Heavy_Recall,Heavy_PR_AUC,Moderate_F1,Moderate_Precision,Moderate_Recall,Moderate_PR_AUC,No Rain_F1,No Rain_Precision,No Rain_Recall,No Rain_PR_AUC
LR,0.7332519690846911,0.7671835930692702,0.7152149914444997,0.7866937531742001,0.7821363079811919,"{'C': 0.1, 'solver': 'lbfgs'}","['mfcc_6', 'mfcc_3', 'mfcc_5', 'mfcc_11', 'wav_detail_lvl5_std', 'spec_centroid']",0.6168582375478927,0.7523364485981309,0.5227272727272727,0.6806722597328786,0.6990881458966566,0.7131782945736435,0.6855439642324889,0.7184667658327671,0.8838095238095238,0.836036036036036,0.9373737373737374,0.94726989837793
LR,0.7327913983560007,0.7702936779797592,0.7139328491787508,0.7897409852717115,0.7873839351729185,"{'C': 1.0, 'solver': 'lbfgs'}","['mfcc_6', 'mfcc_3', 'mfcc_5', 'mfcc_11', 'wav_detail_lvl5_std', 'zcr_mean', 'spec_centroid']",0.6085271317829457,0.7548076923076923,0.5097402597402597,0.6837257146131805,0.7013782542113323,0.721259842519685,0.6825633383010432,0.7381950655200407,0.888468809073724,0.8348134991119005,0.9494949494949495,0.9402310253855343
LR,0.7318242942031761,0.7577556536350301,0.7171350507416081,0.7882173692229558,0.7664354358417566,"{'C': 0.1, 'solver': 'lbfgs'}","['mfcc_6', 'mfcc_5', 'mfcc_11', 'wav_detail_lvl5_std', 'zcr_mean']",0.5977443609022557,0.7098214285714286,0.5162337662337663,0.6653992459782541,0.7094846900672144,0.7110778443113772,0.7078986587183308,0.7108782648363523,0.888243831640058,0.8523676880222841,0.9272727272727272,0.9230287967106632
LR,0.7295166670318044,0.7401769652598934,0.7253211269604712,0.7836465210766886,0.7709068138696402,"{'C': 0.1, 'solver': 'lbfgs'}","['mfcc_6', 'mfcc_3', 'mfcc_5', 'zcr_mean', 'spec_centroid']",0.6235489220563848,0.6372881355932203,0.6103896103896104,0.6454258264207382,0.6688417618270799,0.7387387387387387,0.6110283159463488,0.7292379459842077,0.8961593172119487,0.8445040214477212,0.9545454545454546,0.9380566692039749
LR,0.7290917653388697,0.7400927283526664,0.7245755762149205,0.7836465210766886,0.7716278316475506,"{'C': 0.1, 'solver': 'lbfgs'}","['mfcc_6', 'mfcc_3', 'mfcc_5', 'mfcc_10', 'zcr_mean', 'spec_centroid']",0.6222961730449251,0.6382252559726962,0.6071428571428571,0.647055443423817,0.6682966585167074,0.737410071942446,0.6110283159463488,0.7296266592514691,0.8966824644549763,0.8446428571428571,0.9555555555555556,0.9382013922673654
LR,0.7268560498812354,0.7517458692177336,0.7130374786112491,0.7866937531742001,0.7649656016106835,"{'C': 0.1, 'solver': 'lbfgs'}","['mfcc_6', 'mfcc_5', 'mfcc_11', 'wav_detail_lvl5_std', 'wav_detail_lvl3_std', 'zcr_mean']",0.5800376647834274,0.6905829596412556,0.5,0.6622489761405022,0.7112100965107646,0.7085798816568047,0.713859910581222,0.7095135514821715,0.8893203883495145,0.8560747663551402,0.9252525252525252,0.9231342772093767
LR,0.726806169563316,0.7574632268248184,0.7102464930333783,0.7831386490604367,0.7850529862434422,"{'C': 0.1, 'solver': 'lbfgs'}","['mfcc_6', 'mfcc_3', 'mfcc_5', 'mfcc_11', 'wav_detail_lvl5_std', 'wav_detail_lvl3_std', 'spec_centroid']",0.603415559772296,0.726027397260274,0.5162337662337663,0.685459159816724,0.692131398013751,0.7100313479623824,0.6751117734724292,0.7225178932957625,0.884871550903901,0.8363309352517986,0.9393939393939394,0.9471819056178401
LR,0.7264010670501971,0.7517154623692154,0.7125955101364938,0.7861858811579482,0.7664281116439847,"{'C': 0.1, 'solver': 'lbfgs'}","['mfcc_6', 'mfcc_5', 'wav_detail_lvl5_std']",0.5784499054820416,0.6923076923076923,0.4967532467532468,0.6605406857997003,0.711864406779661,0.7040816326530612,0.7198211624441133,0.7117386526255864,0.8888888888888888,0.8587570621468926,0.9212121212121213,0.9270049965066673
LR,0.7262841123864842,0.7529849330983905,0.7117237953303527,0.7856780091416963,0.7691006946987695,"{'C': 0.1, 'solver': 'lbfgs'}","['mfcc_6', 'mfcc_5', 'wav_detail_lvl5_std', 'zcr_mean']",0.5833333333333334,0.7,0.5,0.6624044389616303,0.7068452380952381,0.7057949479940565,0.7078986587183308,0.7172654936281756,0.888673765730881,0.8531598513011153,0.9272727272727272,0.9276321515065028
LR,0.726192303050143,0.7513061781888836,0.7123475189048959,0.7851701371254444,0.767513462472837,"{'C': 0.1, 'solver': 'lbfgs'}","['mfcc_6', 'mfcc_5', 'mfcc_11', 'wav_detail_lvl5_std']",0.5811320754716981,0.6936936936936937,0.5,0.6603494446385157,0.7099630996309964,0.7032163742690059,0.7168405365126677,0.712012661317053,0.887481734047735,0.8570084666039511,0.9202020202020202,0.9301782814629422
LR,0.7257789016359592,0.7529511433893479,0.7105942327253802,0.7790756729304216,0.7779964117167525,"{'C': 0.1, 'solver': 'lbfgs'}","['mfcc_3', 'mfcc_5', 'mfcc_11', 'wav_detail_lvl5_std', 'zcr_mean', 'spec_centroid']",0.6011342155009451,0.7194570135746606,0.5162337662337663,0.6793436170337641,0.6982248520710059,0.6930983847283406,0.7034277198211625,0.7263292442177489,0.8779776373359262,0.8462980318650422,0.9121212121212121,0.9283163738987446
LR,0.7247347721244021,0.7655867515718265,0.7065695991925501,0.7907567293042154,0.7760757638788339,"{'C': 1.0, 'solver': 'lbfgs'}","['mfcc_6', 'mfcc_5', 'mfcc_11', 'wav_detail_lvl5_std', 'zcr_mean', 'spec_centroid']",0.5697211155378487,0.7371134020618557,0.4642857142857143,0.6718900013205588,0.7091454272863568,0.7134238310708899,0.7049180327868853,0.7356569491104455,0.8953377735490009,0.8462230215827338,0.9505050505050505,0.9206803412054971
LR,0.7244286429320909,0.7502703341581669,0.7096239522469031,0.7739969527679025,0.773936402911831,"{'C': 0.1, 'solver': 'lbfgs'}","['mfcc_3', 'mfcc_5', 'mfcc_11', 'wav_detail_lvl5_std', 'spec_centroid']",0.6090225563909775,0.7232142857142857,0.525974025974026,0.6786816331637201,0.6935483870967742,0.6825396825396826,0.7049180327868853,0.7104735979360327,0.8707149853085211,0.8450570342205324,0.897979797979798,0.9326539776357399
LR,0.7244267783474223,0.7509142035726444,0.7093258896537585,0.7795835449466735,0.7718155325763969,"{'C': 0.1, 'solver': 'lbfgs'}","['mfcc_6', 'mfcc_3', 'mfcc_5', 'mfcc_11', 'wav_detail_lvl5_std', 'zcr_mean']",0.6044776119402985,0.7105263157894737,0.525974025974026,0.6731621433413485,0.6865900383141762,0.7066246056782335,0.6676602086438153,0.6978198420733758,0.8822126847877921,0.8355916892502259,0.9343434343434344,0.9444646123144664
LR,0.7241786053171575,0.7444440639660309,0.7119670554096783,0.7790756729304216,0.7705751671504272,"{'C': 0.1, 'solver': 'lbfgs'}","['mfcc_6', 'mfcc_3', 'mfcc_5', 'mfcc_11', 'wav_detail_lvl3_std', 'spec_centroid']",0.609009009009009,0.6842105263157895,0.5487012987012987,0.6557875066499937,0.678125,0.7126436781609196,0.646795827123696,0.7102019359113328,0.8854018069424632,0.8364779874213837,0.9404040404040404,0.945736058889955
LR,0.7232520266451546,0.7564775235850929,0.7060941183892003,0.781615033011681,0.777494167945704,"{'C': 0.1, 'solver': 'lbfgs'}","['mfcc_6', 'mfcc_3', 'mfcc_5', 'wav_detail_lvl5_std', 'spec_centroid']",0.5950095969289827,0.7276995305164319,0.5032467532467533,0.6754730390350149,0.6900763358778625,0.7073552425665102,0.6736214605067065,0.7150512739117244,0.8846701471286189,0.8343777976723367,0.9414141414141414,0.941958190890373
LR,0.7232395678936947,0.7530555513927851,0.7076218863104109,0.7841543930929405,0.7784011736246136,"{'C': 10.0, 'solver': 'lbfgs'}","['mfcc_6', 'mfcc_5', 'wav_detail_lvl5_std', 'mfcc_8', 'wav_detail_lvl3_std', 'zcr_mean', 'spec_centroid']",0.5812619502868069,0.7069767441860465,0.4935064935064935,0.6606801520511789,0.6992481203007519,0.7056145675265554,0.6929955290611028,0.7349442555355905,0.8892086330935252,0.8465753424657534,0.9363636363636364,0.9395791132870717
LR,0.7232221999382414,0.7410326839651306,0.7118870200837414,0.7795835449466735,0.769469111391014,"{'C': 0.1, 'solver': 'lbfgs'}","['mfcc_6', 'mfcc_5', 'wav_detail_lvl5_std', 'mfcc_8', 'spec_centroid']",0.5890909090909091,0.6694214876033058,0.525974025974026,0.648988534225651,0.6946107784431138,0.6977443609022557,0.6915052160953801,0.7292072437919536,0.8859649122807017,0.8559322033898306,0.9181818181818182,0.9302115561554376
LR,0.7231266418473644,0.7443705040067002,0.7105646630236794,0.7785678009141697,0.7658433458566244,"{'C': 1.0, 'solver': 'lbfgs'}","['mfcc_6', 'mfcc_3', 'mfcc_5', 'wav_detail_lvl3_std']",0.6075949367088608,0.6857142857142857,0.5454545454545454,0.6520341810862902,0.6765857478465153,0.7128712871287128,0.6438152011922503,0.7055116132517044,0.8851992409867173,0.8345259391771019,0.9424242424242424,0.9399842432318786
LR,0.7231163189710464,0.7526654730721477,0.7076053272774585,0.7836465210766886,0.7830195937451959,"{'C': 0.1, 'solver': 'lbfgs'}","['mfcc_6', 'mfcc_5', 'mfcc_11', 'wav_detail_lvl5_std', 'mfcc_8', 'wav_detail_lvl3_std', 'zcr_mean', 'spec_centroid']",0.5812619502868069,0.7069767441860465,0.4935064935064935,0.6613686123822553,0.699625468164794,0.7033132530120482,0.6959761549925484,0.7418495323259494,0.8884615384615384,0.8477064220183487,0.9333333333333333,0.945840636527383
LR,0.7230750393095206,0.751527498726556,0.7083552149125919,0.7836465210766886,0.7746819392592462,"{'C': 0.1, 'solver': 'lbfgs'}","['mfcc_6', 'mfcc_5', 'mfcc_11', 'wav_detail_lvl5_std', 'spec_centroid']",0.5747126436781609,0.7009345794392523,0.487012987012987,0.6690119322311441,0.7073529411764706,0.6981132075471698,0.7168405365126677,0.7245442395454312,0.8871595330739299,0.8555347091932458,0.9212121212121213,0.9304896460011631
LR,0.7228715145756485,0.7410079785625648,0.7113736900622146,0.7785678009141697,0.7691296381434274,"{'C': 0.1, 'solver': 'lbfgs'}","['mfcc_6', 'mfcc_5', 'wav_detail_lvl5_std', 'mfcc_8', 'wav_detail_lvl3_std', 'spec_centroid']",0.5901639344262295,0.6721991701244814,0.525974025974026,0.6499785614887507,0.6945481702763256,0.6961077844311377,0.6929955290611028,0.7261975043277626,0.8839024390243903,0.8547169811320755,0.9151515151515152,0.9312128486137689
LR,0.7227597829135131,0.7440584494517165,0.7096144899423589,0.7755205688166582,0.7822912768691213,"{'C': 10.0, 'solver': 'lbfgs'}","['mfcc_6', 'mfcc_3', 'mfcc_5', 'mfcc_11', 'wav_detail_lvl5_std', 'mfcc_8', 'wav_detail_lvl3_std', 'spec_centroid']",0.6069469835466179,0.694560669456067,0.538961038961039,0.6668179193490877,0.6834477498093059,0.7,0.6676602086438153,0.7307560772446559,0.8778846153846154,0.8376146788990826,0.9222222222222223,0.9492998340136201
LR,0.7223790453681452,0.7431403347335191,0.7100678920351052,0.7780599288979178,0.7683627830653853,"{'C': 1.0, 'solver': 'lbfgs'}","['mfcc_6', 'mfcc_3', 'mfcc_5', 'wav_detail_lvl3_std', 'spec_centroid']",0.6064981949458483,0.6829268292682927,0.5454545454545454,0.6518335859044334,0.6750195771339076,0.7112211221122112,0.6423248882265276,0.7122142271806768,0.8856193640246797,0.8352730528200537,0.9424242424242424,0.9410405361110459
LR,0.7223763628854795,0.7471827490707419,0.7079735686293063,0.7724733367191468,0.779347655796248,"{'C': 1.0, 'solver': 'lbfgs'}","['mfcc_3', 'mfcc_5', 'mfcc_11', 'wav_detail_lvl5_std', 'wav_detail_lvl3_std', 'spec_centroid']",0.6067415730337079,0.7168141592920354,0.525974025974026,0.6848639256630517,0.6886930983847284,0.678726483357453,0.698956780923994,0.7203742183769345,0.871694417238002,0.8460076045627376,0.898989898989899,0.932804823348758
LR,0.722263266713096,0.7528402491537992,0.7073435368517336,0.7851701371254444,0.7727642688022943,"{'C': 0.1, 'solver': 'lbfgs'}","['mfcc_6', 'mfcc_5', 'wav_detail_lvl5_std', 'spec_centroid']",0.5658914728682171,0.7019230769230769,0.474025974025974,0.6654612604422065,0.7114682249817385,0.6977077363896849,0.7257824143070045,0.7259347886654399,0.8894301022893327,0.8588899341486359,0.9222222222222223,0.9268967572992366
LR,0.7222525541578547,0.7423763379047932,0.7099468533894764,0.7760284408329101,0.7670713262298087,"{'C': 0.1, 'solver': 'lbfgs'}","['mfcc_6', 'mfcc_3', 'mfcc_5', 'mfcc_11', 'wav_detail_lvl3_std', 'zcr_mean']",0.6101083032490975,0.6869918699186992,0.5487012987012987,0.656839785938142,0.6744366744366744,0.7045454545454546,0.646795827123696,0.7016914593928614,0.8822126847877921,0.8355916892502259,0.9343434343434344,0.9426827333584228
LR,0.7221985435670133,0.755915771733323,0.7057542639509853,0.787201625190452,0.7707804365748521,"{'C': 0.1, 'solver': 'lbfgs'}","['mfcc_6', 'mfcc_5', 'wav_detail_lvl5_std', 'mfcc_10', 'zcr_mean', 'spec_centroid']",0.570873786407767,0.7101449275362319,0.4772727272727273,0.6571202029920421,0.7014361300075586,0.7116564417177914,0.6915052160953801,0.7330278670406962,0.8942857142857142,0.845945945945946,0.9484848484848485,0.9221932396918179
LR,0.7220130470213428,0.7552739236550808,0.7051329059525782,0.7831386490604367,0.7930866369034318,"{'C': 0.1, 'solver': 'lbfgs'}","['mfcc_6', 'mfcc_3', 'mfcc_5', 'mfcc_11', 'wav_detail_lvl5_std', 'wav_detail_lvl3_std', 'zcr_mean', 'spec_centroid']",0.5873320537428023,0.7183098591549296,0.4967532467532468,0.6934595752085508,0.690238278247502,0.7126984126984127,0.669150521609538,0.744188886596573,0.888468809073724,0.8348134991119005,0.9494949494949495,0.9416114489051718
LR,0.7219748499291687,0.7385731510790813,0.711952861952862,0.7750126968004063,0.759273072668731,"{'C': 0.1, 'solver': 'lbfgs'}","['mfcc_5', 'mfcc_11', 'wav_detail_lvl5_std', 'mfcc_8', 'spec_centroid']",0.5865209471766849,0.6680497925311203,0.5227272727272727,0.6380857657245003,0.700646087580761,0.6759002770083102,0.7272727272727273,0.7176703326228167,0.8787575150300602,0.8717693836978131,0.8858585858585859,0.9220631196588763
LR,0.7219437846291638,0.7404296611737191,0.7107992493238395,0.7739969527679025,0.7594809733575741,"{'C': 0.1, 'solver': 'lbfgs'}","['mfcc_5', 'wav_detail_lvl5_std', 'mfcc_8', 'wav_detail_lvl3_std', 'spec_centroid']",0.5908256880733945,0.679324894514768,0.5227272727272727,0.6373847670875468,0.7013738250180767,0.6811797752808989,0.7228017883755589,0.721906311886015,0.8736318407960199,0.8607843137254902,0.8868686868686869,0.9191518410991607
LR,0.7215983168097736,0.7503381891477131,0.7063141169698547,0.7800914169629254,0.781362726877897,"{'C': 1.0, 'solver': 'lbfgs'}","['mfcc_6', 'mfcc_5', 'mfcc_11', 'wav_detail_lvl5_std', 'mfcc_8', 'zcr_mean', 'spec_centroid']",0.583969465648855,0.7083333333333334,0.4967532467532468,0.6578675833121908,0.6968796433878157,0.6948148148148148,0.698956780923994,0.7441091982043792,0.8839458413926499,0.8478664192949907,0.9232323232323232,0.9421113991171208
LR,0.7214172209275812,0.7577107687119281,0.7034825223349813,0.781615033011681,0.7878235661964696,"{'C': 0.1, 'solver': 'lbfgs'}","['mfcc_6', 'mfcc_3', 'mfcc_5', 'wav_detail_lvl5_std', 'zcr_mean', 'spec_centroid']",0.5918762088974855,0.7320574162679426,0.4967532467532468,0.680989873598781,0.6867283950617284,0.712,0.6631892697466468,0.7433768074473158,0.8856470588235295,0.8290748898678414,0.9505050505050505,0.9391040175433119
LR,0.7210984597978946,0.741970547593402,0.7084391928654222,0.7755205688166582,0.768401811507566,"{'C': 0.1, 'solver': 'lbfgs'}","['mfcc_6', 'mfcc_3', 'mfcc_5', 'mfcc_11', 'wav_detail_lvl3_std']",0.6061705989110708,0.6872427983539094,0.5422077922077922,0.6573558454542588,0.675445391169636,0.7032258064516129,0.6497764530551415,0.7028160585455874,0.8816793893129771,0.8354430379746836,0.9333333333333333,0.9450335305228519
LR,0.7210742077962845,0.748190393424221,0.706083473296588,0.7780599288979178,0.7777149142383822,"{'C': 0.1, 'solver': 'lbfgs'}","['mfcc_6', 'mfcc_5', 'wav_detail_lvl5_std', 'mfcc_8', 'zcr_mean', 'spec_centroid']",0.5897920604914934,0.7058823529411765,0.5064935064935064,0.6563793728879243,0.6916167664670658,0.6947368421052632,0.6885245901639344,0.7381498183505079,0.8818137964302942,0.8439519852262235,0.9232323232323232,0.9386155514767145
LR,0.7209567835310243,0.7449130812645016,0.7077705233442938,0.7821229050279329,0.7642347514415718,"{'C': 0.1, 'solver': 'lbfgs'}","['mfcc_6', 'mfcc_5', 'wav_detail_lvl5_std', 'wav_detail_lvl3_std']",0.568738229755179,0.6771300448430493,0.4902597402597403,0.6550673309736355,0.7080561714708056,0.7023460410557185,0.713859910581222,0.7099242626415689,0.8860759493670886,0.8552631578947368,0.9191919191919192,0.9277126607095113
LR,0.7209517479005427,0.7373055966449273,0.7110149110149111,0.7724733367191468,0.7537612047352993,"{'C': 0.1, 'solver': 'lbfgs'}","['mfcc_5', 'wav_detail_lvl5_std', 'mfcc_8', 'spec_centroid']",0.5890909090909091,0.6694214876033058,0.525974025974026,0.6355692126147128,0.7001434720229556,0.6749654218533887,0.7272727272727273,0.7099263916501068,0.8736208625877633,0.8675298804780877,0.8797979797979798,0.9157880099410783
LR,0.7208961776084702,0.7367837566171779,0.7106439098242378,0.7805992889791773,0.7593784088233916,"{'C': 0.1, 'solver': 'lbfgs'}","['mfcc_6', 'mfcc_5', 'wav_detail_lvl3_std']",0.5740072202166066,0.6463414634146342,0.5162337662337663,0.6341957226278521,0.7002253944402704,0.706060606060606,0.6944858420268256,0.7166534226092773,0.8884559181685339,0.8579492003762935,0.9212121212121213,0.9272860812330453
LR,0.7208321913123439,0.7424700163203938,0.7081513811022008,0.7780599288979178,0.76579013451706,"{'C': 1.0, 'solver': 'lbfgs'}","['mfcc_6', 'mfcc_3', 'mfcc_5', 'wav_detail_lvl3_std', 'zcr_mean']",0.6,0.6818181818181818,0.5357142857142857,0.6516361810838772,0.6755070202808112,0.7086743044189853,0.6453055141579732,0.7052718286725952,0.8869895536562203,0.8369175627240143,0.9434343434343434,0.9404623937947075
LR,0.7207268668740555,0.7406582892567171,0.7086071487710832,0.7770441848654139,0.7756817573369023,"{'C': 0.1, 'solver': 'lbfgs'}","['mfcc_6', 'mfcc_5', 'mfcc_11', 'wav_detail_lvl5_std', 'mfcc_8', 'spec_centroid']",0.585635359116022,0.676595744680851,0.5162337662337663,0.6503986071994344,0.6938472942920682,0.6902654867256637,0.6974664679582713,0.7377177334922176,0.8826979472140762,0.8551136363636364,0.9121212121212121,0.938928931319055
LR,0.7206016101403305,0.7445249199537733,0.7074338230075936,0.781615033011681,0.76498918907876,"{'C': 0.1, 'solver': 'lbfgs'}","['mfcc_6', 'mfcc_5', 'mfcc_11', 'wav_detail_lvl5_std', 'wav_detail_lvl3_std']",0.568738229755179,0.6771300448430493,0.4902597402597403,0.6551142043698523,0.707533234859675,0.7013177159590044,0.713859910581222,0.7105773698416817,0.8855333658061374,0.8551269990592663,0.9181818181818182,0.929275993024746
LR,0.720494951032752,0.7555180641064894,0.7041023032826311,0.7887252412392077,0.7677171788927749,"{'C': 1.0, 'solver': 'lbfgs'}","['mfcc_6', 'mfcc_5', 'wav_detail_lvl5_std', 'mfcc_10', 'wav_detail_lvl3_std', 'zcr_mean', 'spec_centroid']",0.5596868884540117,0.7044334975369458,0.4642857142857143,0.6547836191131697,0.7044595616024187,0.7147239263803681,0.6944858420268256,0.7240312940103368,0.8973384030418251,0.8473967684021544,0.9535353535353536,0.9243366235548183
LR,0.720487379729446,0.738293566855628,0.7093850290571603,0.7795835449466735,0.765120858055543,"{'C': 0.1, 'solver': 'lbfgs'}","['mfcc_6', 'mfcc_5', 'wav_detail_lvl5_std', 'mfcc_8']",0.5766423357664233,0.6583333333333333,0.512987012987013,0.6488784981729646,0.6970149253731344,0.6980568011958147,0.6959761549925484,0.7183707755920664,0.8878048780487805,0.8584905660377359,0.9191919191919192,0.928113300401598
LR,0.7204066491085591,0.7464129398982111,0.7056710745235336,0.7770441848654139,0.7722037555179516,"{'C': 0.1, 'solver': 'lbfgs'}","['mfcc_6', 'mfcc_3', 'mfcc_5', 'mfcc_11', 'wav_detail_lvl5_std', 'wav_detail_lvl3_std', 'zcr_mean']",0.5970149253731343,0.7017543859649122,0.5194805194805194,0.6739622774011284,0.6819923371647509,0.7018927444794952,0.6631892697466468,0.6981375305521164,0.8822126847877921,0.8355916892502259,0.9343434343434344,0.9445114586006103
LR,0.7203617915858391,0.7490698648363624,0.705022906662251,0.776536312849162,0.7795074336768094,"{'C': 0.1, 'solver': 'lbfgs'}","['mfcc_3', 'mfcc_5', 'wav_detail_lvl5_std', 'zcr_mean', 'spec_centroid']",0.5877862595419847,0.7129629629629629,0.5,0.6759173073667972,0.6952029520295203,0.6885964912280702,0.7019374068554396,0.7348967466136466,0.8780961631860126,0.8456501403180543,0.9131313131313131,0.9277082470499844
LR,0.7202140460375935,0.7399420226620776,0.7087061087061087,0.7734890807516506,0.7278961713112627,"{'C': 0.1, 'solver': 'lbfgs'}","['mfcc_5', 'mfcc_11', 'wav_detail_lvl5_std', 'zcr_mean']",0.5841035120147874,0.6781115879828327,0.512987012987013,0.6438191647416922,0.7052023121387283,0.6844319775596073,0.7272727272727273,0.6714968426091482,0.8713363139592648,0.8572825024437928,0.8858585858585859,0.8683725065829476
LR,0.7200662585797285,0.7594568175345849,0.7025780837256247,0.7877094972067039,0.7776294653161046,"{'C': 1.0, 'solver': 'lbfgs'}","['mfcc_6', 'mfcc_5', 'wav_detail_lvl5_std', 'zcr_mean', 'spec_centroid']",0.5606361829025845,0.7230769230769231,0.4577922077922078,0.6679552387718634,0.7051762940735183,0.7099697885196374,0.7004470938897168,0.7422696115572247,0.8943862987630827,0.8453237410071942,0.9494949494949495,0.9226635456192256
LR,0.7200347103174716,0.7514204615160853,0.7036981840260529,0.7800914169629254,0.7799613827602808,"{'C': 0.1, 'solver': 'lbfgs'}","['mfcc_6', 'mfcc_3', 'mfcc_5', 'wav_detail_lvl5_std', 'wav_detail_lvl3_std', 'spec_centroid']",0.5877862595419847,0.7129629629629629,0.5,0.6800492102657971,0.6865900383141762,0.7066246056782335,0.6676602086438153,0.7180834815183741,0.8857278330962541,0.8346738159070599,0.9434343434343434,0.9417514564966712
LR,0.7199024621694115,0.7489339169140014,0.7042130910983371,0.7780599288979178,0.7709528557804001,"{'C': 0.1, 'solver': 'lbfgs'}","['mfcc_6', 'mfcc_3', 'mfcc_5', 'wav_detail_lvl5_std', 'wav_detail_lvl3_std', 'zcr_mean']",0.5951035781544256,0.7085201793721974,0.512987012987013,0.6720457057069527,0.6810810810810811,0.7067307692307693,0.6572280178837556,0.6987952636045911,0.8835227272727273,0.8315508021390374,0.9424242424242424,0.9420175980296565
LR,0.7198886497090822,0.7513694277521238,0.7044397921447102,0.7877094972067039,0.7711138305783919,"{'C': 1.0, 'solver': 'lbfgs'}","['mfcc_6', 'mfcc_5', 'mfcc_11', 'wav_detail_lvl5_std', 'mfcc_10', 'wav_detail_lvl3_std', 'zcr_mean', 'spec_centroid']",0.5598455598455598,0.6904761904761905,0.4707792207792208,0.6583462357798227,0.7025796661608498,0.7156105100463679,0.6900149031296572,0.7319304484110739,0.8972407231208372,0.8480215827338129,0.9525252525252526,0.9230648075442791
LR,0.7198033735412377,0.7449721986912468,0.7062959808861448,0.7826307770441848,0.766330149118553,"{'C': 0.1, 'solver': 'lbfgs'}","['mfcc_6', 'mfcc_5', 'wav_detail_lvl5_std', 'wav_detail_lvl3_std', 'zcr_mean']",0.5643939393939394,0.6772727272727272,0.4837662337662338,0.65882763577589,0.7066666666666667,0.7025036818851251,0.7108792846497765,0.7119256420199397,0.8883495145631068,0.8551401869158879,0.9242424242424242,0.9282371695598293
LR,0.7196964836016501,0.7408006994359851,0.7073376229113933,0.7724733367191468,0.7656940749544514,"{'C': 0.1, 'solver': 'lbfgs'}","['mfcc_5', 'wav_detail_lvl5_std', 'mfcc_8', 'zcr_mean', 'spec_centroid']",0.5899814471243042,0.6883116883116883,0.5162337662337663,0.6464895101447927,0.6957153231663036,0.6784702549575071,0.713859910581222,0.7325132922838314,0.8733926805143423,0.8556201550387597,0.8919191919191919,0.9180794224347297
LR,0.7192029564504295,0.7359286912733777,0.708656037344562,0.7800914169629254,0.7607715098321292,"{'C': 0.1, 'solver': 'lbfgs'}","['mfcc_6', 'mfcc_5', 'wav_detail_lvl3_std', 'spec_centroid']",0.5698729582577132,0.6460905349794238,0.5097402597402597,0.6345279663291806,0.6981981981981982,0.7034795763993948,0.6929955290611028,0.7203842505459874,0.8895377128953771,0.8582159624413146,0.9232323232323232,0.9274023126212192
LR,0.7191872442775082,0.7399812489098204,0.7063850842539366,0.7729812087353987,0.7805520773791285,"{'C': 10.0, 'solver': 'lbfgs'}","['mfcc_6', 'mfcc_3', 'mfcc_5', 'mfcc_11', 'wav_detail_lvl5_std', 'mfcc_8', 'spec_centroid']",0.6021897810218978,0.6875,0.5357142857142857,0.6619701115916286,0.6773700305810397,0.695447409733124,0.6602086438152012,0.7302280830754089,0.878001921229587,0.836996336996337,0.9232323232323232,0.9494580374703476
LR,0.7190967585213267,0.7362612780897084,0.7092726641906969,0.7775520568816658,0.7148106916242584,"{'C': 0.1, 'solver': 'lbfgs'}","['mfcc_5', 'wav_detail_lvl5_std']",0.5625,0.6483050847457628,0.4967532467532468,0.6347768692021142,0.7165467625899281,0.6926286509040334,0.7421758569299552,0.6591115193761161,0.8782435129740519,0.8678500986193294,0.8888888888888888,0.8505436862945448
LR,0.7190693693730101,0.745844949917912,0.7048667786372703,0.7846622651091925,0.764806846303716,"{'C': 1.0, 'solver': 'lbfgs'}","['mfcc_6', 'mfcc_5', 'wav_detail_lvl3_std', 'zcr_mean', 'spec_centroid']",0.5660377358490566,0.6756756756756757,0.487012987012987,0.6388533342308564,0.6967840735068913,0.7165354330708661,0.6780923994038748,0.731503363371804,0.8943862987630827,0.8453237410071942,0.9494949494949495,0.9240638413084874
LR,0.7189189286065817,0.7620140339490539,0.7011575552559158,0.7897409852717115,0.7742787759228826,"{'C': 1.0, 'solver': 'lbfgs'}","['mfcc_6', 'mfcc_5', 'mfcc_11', 'wav_detail_lvl5_std', 'wav_detail_lvl3_std', 'zcr_mean', 'spec_centroid']",0.5494949494949495,0.7272727272727273,0.44155844155844154,0.6707425231170184,0.7104477611940299,0.7115097159940209,0.7093889716840537,0.7288101966446588,0.8968140751307656,0.8472596585804133,0.9525252525252526,0.9232836080069706
LR,0.7188227033028447,0.746057308135773,0.7036500839779528,0.7755205688166582,0.7726172915469246,"{'C': 1.0, 'solver': 'lbfgs'}","['mfcc_6', 'mfcc_3', 'mfcc_5', 'mfcc_11', 'wav_detail_lvl5_std']",0.5939849624060151,0.7053571428571429,0.512987012987013,0.6708333875561514,0.6824067022086824,0.6978193146417445,0.6676602086438153,0.7004257613928005,0.8800764452938366,0.8349954669084315,0.9303030303030303,0.9465927256918215
LR,0.7186138939214503,0.7462549841595315,0.7036272167419709,0.7714575926866429,0.7730009607916104,"{'C': 0.1, 'solver': 'lbfgs'}","['mfcc_3', 'mfcc_5', 'wav_detail_lvl5_std', 'spec_centroid']",0.5931558935361216,0.7155963302752294,0.5064935064935064,0.6727745341690148,0.691970802919708,0.6781115879828327,0.706408345752608,0.714422189622357,0.8707149853085211,0.8450570342205324,0.897979797979798,0.9318061585834592
LR,0.7185426775664379,0.7474258306495148,0.7030421309109833,0.7780599288979178,0.770222878462356,"{'C': 0.1, 'solver': 'lbfgs'}","['mfcc_6', 'mfcc_3', 'mfcc_5', 'wav_detail_lvl5_std', 'zcr_mean']",0.5886792452830188,0.7027027027027027,0.5064935064935064,0.6704268158383121,0.6825885978428351,0.7065390749601276,0.6602086438152012,0.6983930603342456,0.8843601895734597,0.8330357142857143,0.9424242424242424,0.9418487592145104
LR,0.7184298764095679,0.7281961857889255,0.7165393198180082,0.7745048247841544,0.7762171221198942,"{'C': 0.1, 'solver': 'lbfgs'}","['mfcc_6', 'mfcc_3', 'mfcc_5', 'mfcc_11', 'mfcc_10', 'zcr_mean', 'spec_centroid']",0.6123778501628665,0.6143790849673203,0.6103896103896104,0.6547537575624763,0.6506622516556292,0.7318435754189944,0.5856929955290611,0.7355037637654641,0.8922495274102079,0.8383658969804618,0.9535353535353536,0.9383938450317424
LR,0.7182824256058762,0.7480684930969413,0.7024400917843541,0.7775520568816658,0.7702949592205807,"{'C': 0.1, 'solver': 'lbfgs'}","['mfcc_6', 'mfcc_3', 'mfcc_5', 'wav_detail_lvl5_std']",0.5882352941176471,0.7077625570776256,0.5032467532467533,0.6720152771934317,0.6830015313935681,0.7023622047244095,0.6646795827123696,0.6986259935111676,0.8836104513064132,0.8340807174887892,0.9393939393939394,0.940243606957143
LR,0.7182406256430709,0.735082211558108,0.707591133820642,0.7785678009141697,0.7601712651468916,"{'C': 0.1, 'solver': 'lbfgs'}","['mfcc_6', 'mfcc_5', 'wav_detail_lvl3_std', 'zcr_mean']",0.572463768115942,0.6475409836065574,0.512987012987013,0.6349824243464999,0.6943396226415094,0.7033639143730887,0.6855439642324889,0.7173904251745337,0.8879184861717613,0.8543417366946778,0.9242424242424242,0.9281409459196414
LR,0.7180914768716923,0.7465453532867828,0.7026888715413305,0.7770441848654139,0.7706067114696155,"{'C': 0.1, 'solver': 'lbfgs'}","['mfcc_6', 'mfcc_3', 'mfcc_5', 'wav_detail_lvl5_std', 'wav_detail_lvl3_std']",0.5886792452830188,0.7027027027027027,0.5064935064935064,0.6723864660814871,0.6825153374233128,0.7030015797788309,0.6631892697466468,0.6991930964264134,0.8830798479087453,0.8339317773788151,0.9383838383838384,0.940240571900946
LR,0.7179660322584306,0.7459516160095608,0.7025678328957018,0.7750126968004063,0.7732682679347033,"{'C': 10.0, 'solver': 'lbfgs'}","['mfcc_6', 'mfcc_3', 'mfcc_5', 'mfcc_11', 'wav_detail_lvl5_std', 'wav_detail_lvl3_std']",0.5924528301886792,0.7072072072072072,0.5097402597402597,0.6719726831186574,0.6813688212927757,0.6956521739130435,0.6676602086438153,0.7009798780246723,0.8800764452938366,0.8349954669084315,0.9303030303030303,0.9468522426607802
LR,0.7177544938311365,0.7379816494303397,0.7055445162002538,0.7699339766378872,0.7795278498357768,"{'C': 0.1, 'solver': 'lbfgs'}","['mfcc_3', 'mfcc_5', 'mfcc_11', 'wav_detail_lvl5_std', 'mfcc_8', 'wav_detail_lvl3_std', 'zcr_mean', 'spec_centroid']",0.5940959409594095,0.688034188034188,0.5227272727272727,0.6738493302992737,0.6836734693877551,0.6690442225392297,0.698956780923994,0.725542458981144,0.8754940711462451,0.8568665377176016,0.8949494949494949,0.939191760226913
LR,0.7176659297626093,0.7268039651881999,0.7155284302825287,0.7745048247841544,0.7749524843968535,"{'C': 10.0, 'solver': 'lbfgs'}","['mfcc_6', 'mfcc_3', 'mfcc_5', 'mfcc_11', 'zcr_mean', 'spec_centroid']",0.6078431372549019,0.6118421052631579,0.6038961038961039,0.6571248846726446,0.6513157894736842,0.726605504587156,0.5901639344262295,0.7306417924375601,0.8938388625592417,0.8419642857142857,0.9525252525252526,0.9370907760803555
LR,0.7174840987210245,0.7400383967803643,0.7039114801409884,0.7673946165566278,0.7736517472870396,"{'C': 1.0, 'solver': 'lbfgs'}","['mfcc_3', 'mfcc_5', 'mfcc_11', 'wav_detail_lvl5_std', 'mfcc_8', 'wav_detail_lvl3_std', 'spec_centroid']",0.6048237476808905,0.7056277056277056,0.5292207792207793,0.6656534636738773,0.6774668630338734,0.6695778748180495,0.6855439642324889,0.7123800295351995,0.8701616854483096,0.8449096098953378,0.896969696969697,0.9429217486520417
LR,0.7174585596813529,0.7448841169319333,0.7024676901726082,0.7734890807516506,0.7846951627717509,"{'C': 0.1, 'solver': 'lbfgs'}","['mfcc_3', 'mfcc_5', 'mfcc_11', 'wav_detail_lvl5_std', 'wav_detail_lvl3_std', 'zcr_mean', 'spec_centroid']",0.5882352941176471,0.7077625570776256,0.5032467532467533,0.6892947403914772,0.6859259259259259,0.6818851251840943,0.6900149031296572,0.7364244557467435,0.8782144590004852,0.8450046685340803,0.9141414141414141,0.9283662921770321
LR,0.7173864956794628,0.7372156286035972,0.7067549026565421,0.7755205688166582,0.7314823852112583,"{'C': 0.1, 'solver': 'lbfgs'}","['mfcc_5', 'wav_detail_lvl5_std', 'zcr_mean']",0.5623836126629422,0.6593886462882096,0.4902597402597403,0.6354874103899901,0.7137758743754461,0.684931506849315,0.7451564828614009,0.6814348889840641,0.876,0.8673267326732673,0.8848484848484849,0.8775248562597205
LR,0.7172158323685073,0.7348303933281796,0.7061946553749832,0.7750126968004063,0.7667297087150645,"{'C': 0.1, 'solver': 'lbfgs'}","['mfcc_6', 'mfcc_5', 'mfcc_11', 'wav_detail_lvl5_std', 'mfcc_8']",0.5766423357664233,0.6583333333333333,0.512987012987013,0.6479178751903242,0.6924219910846954,0.6903703703703704,0.6944858420268256,0.7128263216593134,0.8825831702544031,0.855787476280835,0.9111111111111111,0.939444929295556
LR,0.7171471303481902,0.7404397537215918,0.704086138512368,0.7790756729304216,0.7770958693429147,"{'C': 10.0, 'solver': 'lbfgs'}","['mfcc_6', 'mfcc_3', 'mfcc_5', 'mfcc_11', 'wav_detail_lvl3_std', 'zcr_mean', 'spec_centroid']",0.58195211786372,0.6723404255319149,0.512987012987013,0.6635339224438811,0.6780715396578538,0.7089430894308943,0.6497764530551415,0.7294202806482986,0.8914177335229967,0.8400357462019661,0.9494949494949495,0.9383334049365646
LR,0.7170888514744194,0.7418070796579993,0.7038247423493326,0.7724733367191468,0.767641925188982,"{'C': 0.1, 'solver': 'lbfgs'}","['mfcc_5', 'wav_detail_lvl5_std', 'mfcc_8', 'wav_detail_lvl3_std', 'zcr_mean', 'spec_centroid']",0.5784499054820416,0.6923076923076923,0.4967532467532468,0.6470965704975786,0.6998556998556998,0.6783216783216783,0.7228017883755589,0.7340922390991524,0.8729609490855166,0.8547918683446273,0.8919191919191919,0.9217369659702149
LR,0.7170056973821327,0.7369762767259211,0.7048565278073475,0.7719654647028948,0.7751668660749277,"{'C': 1.0, 'solver': 'lbfgs'}","['mfcc_6', 'mfcc_3', 'mfcc_5', 'wav_detail_lvl5_std', 'mfcc_8', 'wav_detail_lvl3_std', 'spec_centroid']",0.6003616636528029,0.6775510204081633,0.538961038961039,0.6632860786090361,0.6718386346004654,0.7006472491909385,0.6453055141579732,0.7210245809655838,0.8788167938931297,0.8327305605786618,0.9303030303030303,0.9411899386501629
LR,0.7167477179549726,0.7429891915511552,0.703310623802427,0.7729812087353987,0.7710088070641228,"{'C': 10.0, 'solver': 'lbfgs'}","['mfcc_5', 'mfcc_11', 'wav_detail_lvl5_std', 'mfcc_8', 'wav_detail_lvl3_std', 'zcr_mean', 'spec_centroid']",0.5752380952380952,0.695852534562212,0.4902597402597403,0.6515501296195569,0.6995708154506438,0.672627235213205,0.7287630402384501,0.7365882909017494,0.8754342431761787,0.8604878048780488,0.8909090909090909,0.924888000671062
LR,0.716436294331214,0.7323273931699532,0.7062112144079359,0.7755205688166582,0.7622578618204852,"{'C': 0.1, 'solver': 'lbfgs'}","['mfcc_6', 'mfcc_5', 'wav_detail_lvl5_std', 'mfcc_8', 'wav_detail_lvl3_std']",0.5714285714285714,0.6448979591836734,0.512987012987013,0.6453585211763222,0.694091249065071,0.6966966966966966,0.6915052160953801,0.7117955121303314,0.8837890625,0.8553875236294896,0.9141414141414141,0.929619552154802
LR,0.7163409510173834,0.7367478100748629,0.7051060960897026,0.770949720670391,0.7623803357967497,"{'C': 10.0, 'solver': 'lbfgs'}","['mfcc_5', 'mfcc_11', 'wav_detail_lvl5_std', 'mfcc_8', 'wav_detail_lvl3_std', 'spec_centroid']",0.5762081784386617,0.6739130434782609,0.5032467532467533,0.6411630256739954,0.6985032074126871,0.6693989071038251,0.7302533532041728,0.7188772860179959,0.8743114672008012,0.8669314796425025,0.8818181818181818,0.9271006956982574
LR,0.7159790597403957,0.7328500929852372,0.7053935135902348,0.776536312849162,0.7595915755812576,"{'C': 0.1, 'solver': 'lbfgs'}","['mfcc_6', 'mfcc_5', 'mfcc_11', 'wav_detail_lvl3_std']",0.5672727272727273,0.6446280991735537,0.5064935064935064,0.6360621893724314,0.6951310861423221,0.6987951807228916,0.6915052160953801,0.7128321886354565,0.8855333658061374,0.8551269990592663,0.9181818181818182,0.9298803487358848
LR,0.7159053921512127,0.7323087583148559,0.7058847649011583,0.7719654647028948,0.7202858023603366,"{'C': 0.1, 'solver': 'lbfgs'}","['mfcc_5', 'mfcc_11', 'wav_detail_lvl5_std']",0.5693430656934306,0.65,0.5064935064935064,0.6390185597514685,0.7069090909090909,0.6903409090909091,0.7242921013412816,0.6547068499560534,0.8714640198511167,0.8565853658536585,0.8868686868686869,0.8671319973734879
LR,0.7158037504979197,0.7494318008061724,0.7001060566634337,0.7790756729304216,0.7736415490964053,"{'C': 0.1, 'solver': 'lbfgs'}","['mfcc_6', 'mfcc_5', 'mfcc_11', 'wav_detail_lvl5_std', 'wav_detail_lvl3_std', 'spec_centroid']",0.5607843137254902,0.7079207920792079,0.4642857142857143,0.6665058080194822,0.7027027027027027,0.6891117478510028,0.7168405365126677,0.7234508357282652,0.8839242350655658,0.8512628624883068,0.9191919191919192,0.9309680035414687
LR,0.715649865428758,0.7377048558549215,0.7023056482072875,0.7689182326053834,0.7865601714475435,"{'C': 1.0, 'solver': 'lbfgs'}","['mfcc_6', 'mfcc_3', 'mfcc_5', 'mfcc_11', 'wav_detail_lvl5_std', 'mfcc_8', 'zcr_mean', 'spec_centroid']",0.6018348623853211,0.6919831223628692,0.5324675324675324,0.6709935126887838,0.6712538226299695,0.6891679748822606,0.65424739195231,0.7416091712884585,0.8738609112709832,0.8319634703196347,0.9202020202020202,0.9470778303653884
LR,0.7153873358738275,0.7340367866354218,0.7039516949353014,0.7704418486541391,0.7735769129993305,"{'C': 1.0, 'solver': 'lbfgs'}","['mfcc_6', 'mfcc_3', 'mfcc_5', 'wav_detail_lvl5_std', 'mfcc_8', 'spec_centroid']",0.599640933572711,0.6706827309236948,0.5422077922077922,0.659517143988985,0.667704280155642,0.6986970684039088,0.639344262295082,0.7197413642356206,0.8788167938931297,0.8327305605786618,0.9303030303030303,0.9414722307733858
LR,0.7150530901723134,0.7340941085244744,0.7029735292030374,0.7648552564753682,0.7570199867192567,"{'C': 0.1, 'solver': 'lbfgs'}","['mfcc_3', 'mfcc_5', 'mfcc_11', 'wav_detail_lvl5_std', 'zcr_mean']",0.5996343692870201,0.6861924686192469,0.5324675324675324,0.6698992679429193,0.679970436067997,0.6744868035190615,0.6855439642324889,0.6689078025026373,0.8655544651619235,0.8416030534351145,0.8909090909090909,0.9322528897122139
LR,0.7150026905342868,0.737717535653232,0.7025532451761961,0.7790756729304216,0.7664539511452979,"{'C': 0.1, 'solver': 'lbfgs'}","['mfcc_6', 'mfcc_5', 'wav_detail_lvl5_std', 'mfcc_10', 'spec_centroid']",0.556390977443609,0.6607142857142857,0.4805194805194805,0.6521990672346613,0.6991869918699187,0.6935483870967742,0.7049180327868853,0.7196667875868475,0.8894301022893327,0.8588899341486359,0.9222222222222223,0.9274959986143847
LR,0.7148861835179314,0.7376449384257895,0.7016898098865312,0.770949720670391,0.7763315034204356,"{'C': 0.1, 'solver': 'lbfgs'}","['mfcc_6', 'mfcc_5', 'mfcc_11', 'wav_detail_lvl5_std', 'mfcc_8', 'wav_detail_lvl3_std', 'spec_centroid']",0.582089552238806,0.6842105263157895,0.5064935064935064,0.6525169901430578,0.6868985936343449,0.6823529411764706,0.6915052160953801,0.7354671350217814,0.8756704046806436,0.8463713477851084,0.907070707070707,0.9410103850964675
LR,0.7146755030845898,0.7342110602857316,0.7022402006008562,0.7653631284916201,0.7691692429453728,"{'C': 10.0, 'solver': 'lbfgs'}","['mfcc_3', 'mfcc_5', 'wav_detail_lvl5_std', 'mfcc_8', 'wav_detail_lvl3_std', 'spec_centroid']",0.604735883424408,0.6887966804979253,0.538961038961039,0.6630034757989001,0.669683257918552,0.6778625954198473,0.6616989567809239,0.7082985336558326,0.8696073679108095,0.8359739049394221,0.906060606060606,0.9362057193813857
LR,0.7145172216072782,0.7399281980127453,0.7010518928551716,0.7821229050279329,0.7610324100229863,"{'C': 1.0, 'solver': 'lbfgs'}","['mfcc_6', 'mfcc_5', 'mfcc_11', 'wav_detail_lvl3_std', 'zcr_mean', 'spec_centroid']",0.556390977443609,0.6607142857142857,0.4805194805194805,0.6388886289840368,0.6922486569455104,0.7136075949367089,0.6721311475409836,0.7222188924202175,0.8949120304327152,0.8454627133872417,0.9505050505050505,0.9219897086647043
LR,0.714512618415427,0.7388365027436357,0.7012813537403702,0.7780599288979178,0.7759685051019595,"{'C': 10.0, 'solver': 'lbfgs'}","['mfcc_6', 'mfcc_3', 'mfcc_5', 'wav_detail_lvl3_std', 'zcr_mean', 'spec_centroid']",0.5767097966728281,0.6695278969957081,0.5064935064935064,0.6592340195524987,0.675,0.7093596059113301,0.6438152011922503,0.7328723634528878,0.891828058573453,0.8376220053238687,0.9535353535353536,0.9357991323004919
LR,0.7145030989081285,0.7236702347388749,0.7077496274217586,0.765871000507872,0.7328834290942936,"{'C': 1.0, 'solver': 'lbfgs'}","['mfcc_5', 'mfcc_11', 'wav_detail_lvl5_std', 'mfcc_8', 'wav_detail_lvl3_std', 'zcr_mean']",0.5863874345549738,0.6339622641509434,0.5454545454545454,0.6430268297477498,0.6832479882955377,0.6709770114942529,0.6959761549925484,0.6356675473475552,0.8738738738738738,0.8660714285714286,0.8818181818181818,0.9199559101875757
LR,0.7141645486351654,0.7477906423622475,0.6984438451651567,0.7836465210766886,0.7733826629841453,"{'C': 1.0, 'solver': 'lbfgs'}","['mfcc_6', 'mfcc_5', 'mfcc_11', 'wav_detail_lvl5_std', 'mfcc_10', 'zcr_mean', 'spec_centroid']",0.55078125,0.6911764705882353,0.4577922077922078,0.6583731260662249,0.6963746223564955,0.7059724349157733,0.6870342771982116,0.7419395551451778,0.8953377735490009,0.8462230215827338,0.9505050505050505,0.9198353077410333
LR,0.7139671150454164,0.7332412389566483,0.7019957577334627,0.765871000507872,0.7755262710934453,"{'C': 0.1, 'solver': 'lbfgs'}","['mfcc_3', 'mfcc_5', 'mfcc_11', 'wav_detail_lvl5_std', 'mfcc_8', 'zcr_mean', 'spec_centroid']",0.5944954128440367,0.6835443037974683,0.525974025974026,0.6666006542225865,0.673514306676449,0.6632947976878613,0.684053651266766,0.7204587299357581,0.8738916256157635,0.8528846153846154,0.895959595959596,0.9395194291219914
LR,0.7139292638456588,0.7405352722608606,0.6994756306231716,0.7684103605891316,0.7779865943395071,"{'C': 0.1, 'solver': 'lbfgs'}","['mfcc_3', 'mfcc_5', 'wav_detail_lvl5_std', 'wav_detail_lvl3_std', 'spec_centroid']",0.5844402277039848,0.7031963470319634,0.5,0.6790288256305,0.6866325785244705,0.673352435530086,0.7004470938897168,0.7232956321284557,0.8707149853085211,0.8450570342205324,0.897979797979798,0.9316353252595657
LR,0.7138490620721479,0.7319837322575292,0.7032633122797057,0.7668867445403759,0.7323103177529839,"{'C': 1.0, 'solver': 'lbfgs'}","['mfcc_5', 'mfcc_11', 'wav_detail_lvl5_std', 'wav_detail_lvl3_std', 'zcr_mean']",0.5772058823529411,0.6652542372881356,0.5097402597402597,0.6412931945233215,0.6977745872218234,0.6731301939058172,0.7242921013412816,0.6820582489599696,0.8665667166416792,0.857566765578635,0.8757575757575757,0.8735795097756609
LR,0.713619979901734,0.7375719312220932,0.7007554073127844,0.7699339766378872,0.7682672531540861,"{'C': 0.1, 'solver': 'lbfgs'}","['mfcc_5', 'mfcc_11', 'wav_detail_lvl5_std', 'mfcc_8', 'zcr_mean', 'spec_centroid']",0.5735849056603773,0.6846846846846847,0.4935064935064935,0.6495699820513282,0.6925845932325414,0.66991643454039,0.7168405365126677,0.7341557893777958,0.8746904408122833,0.858114674441205,0.8919191919191919,0.9210759880331344
LR,0.7135327029170541,0.7552716450831672,0.6965805596953137,0.7866937531742001,0.7751580358296178,"{'C': 10.0, 'solver': 'lbfgs'}","['mfcc_6', 'mfcc_5', 'wav_detail_lvl5_std', 'wav_detail_lvl3_std', 'zcr_mean', 'spec_centroid']",0.5373737373737374,0.7112299465240641,0.4318181818181818,0.6666597478975842,0.7069351230425056,0.7074626865671642,0.706408345752608,0.7334123734794045,0.8962892483349191,0.8471223021582733,0.9515151515151515,0.9254019861118649
LR,0.7134887298362496,0.7323585618474068,0.7019941806827052,0.7689182326053834,0.777188191457669,"{'C': 10.0, 'solver': 'lbfgs'}","['mfcc_3', 'mfcc_5', 'mfcc_11', 'wav_detail_lvl5_std', 'mfcc_8', 'mfcc_10', 'wav_detail_lvl3_std', 'zcr_mean', 'spec_centroid']",0.5808823529411765,0.6694915254237288,0.512987012987013,0.6690625770937545,0.6813186813186813,0.670028818443804,0.6929955290611028,0.7198629034696087,0.878265155248891,0.8575553416746872,0.9,0.942639093809644
LR,0.7134235040511309,0.731768261499646,0.702356508094213,0.776536312849162,0.7574159802286387,"{'C': 0.1, 'solver': 'lbfgs'}","['mfcc_6', 'mfcc_5', 'mfcc_11', 'wav_detail_lvl3_std', 'zcr_mean']",0.5604395604395604,0.6428571428571429,0.4967532467532468,0.6371711098671563,0.6912650602409639,0.6986301369863014,0.684053651266766,0.7116783607333704,0.8885658914728682,0.8538175046554934,0.9262626262626262,0.923398470085389
LR,0.7133900801328931,0.7220087552573241,0.7069883061686341,0.7638395124428644,0.7288897985769976,"{'C': 0.1, 'solver': 'lbfgs'}","['mfcc_5', 'mfcc_11', 'wav_detail_lvl5_std', 'mfcc_8', 'zcr_mean']",0.5878260869565217,0.6329588014981273,0.5487012987012987,0.6428577813088662,0.6802919708029197,0.6666666666666666,0.6944858420268256,0.6273391953625321,0.8720521826392373,0.8664007976071785,0.8777777777777778,0.9164724190595945
LR,0.7133068665766328,0.7306924831643644,0.7019583027779749,0.7648552564753682,0.7711441905967883,"{'C': 0.1, 'solver': 'lbfgs'}","['mfcc_3', 'mfcc_5', 'mfcc_11', 'wav_detail_lvl5_std', 'mfcc_8', 'spec_centroid']",0.5978260869565217,0.6762295081967213,0.5357142857142857,0.6616456302756255,0.6701492537313433,0.6711509715994021,0.669150521609538,0.7082660097139027,0.8719452590420332,0.8446969696969697,0.901010101010101,0.9435209318008367
LR,0.7131523141333244,0.7306023242517029,0.7033330967757198,0.7704418486541391,0.7173884313765123,"{'C': 0.1, 'solver': 'lbfgs'}","['mfcc_5', 'wav_detail_lvl5_std', 'wav_detail_lvl3_std']",0.5598526703499079,0.6468085106382979,0.4935064935064935,0.6334597116029902,0.7091690544412608,0.6827586206896552,0.7377049180327869,0.6704666658522425,0.8704352176088044,0.8622398414271556,0.8787878787878788,0.8482389166743041
LR,0.7128659108601322,0.737493650649101,0.6998095711210466,0.781615033011681,0.7624148808991166,"{'C': 0.1, 'solver': 'lbfgs'}","['mfcc_6', 'mfcc_5', 'mfcc_10', 'wav_detail_lvl3_std', 'zcr_mean', 'spec_centroid']",0.551594746716698,0.6533333333333333,0.4772727272727273,0.6344206521773508,0.6907137375287797,0.7120253164556962,0.6706408345752608,0.7292440401086457,0.8962892483349191,0.8471223021582733,0.9515151515151515,0.9235799504113531
LR,0.7127589966165603,0.7349686153257338,0.6994843044023372,0.7673946165566278,0.7664291496394758,"{'C': 0.1, 'solver': 'lbfgs'}","['mfcc_6', 'mfcc_3', 'mfcc_5', 'mfcc_11', 'wav_detail_lvl5_std', 'mfcc_8', 'zcr_mean']",0.5955882352941176,0.6864406779661016,0.525974025974026,0.658063709429316,0.6687069625095639,0.6871069182389937,0.6512667660208644,0.694558699212897,0.873981792045999,0.8313582497721057,0.9212121212121213,0.9466650402762141
LR,0.712632265611841,0.7345491356619132,0.6997993202911236,0.7689182326053834,0.7827062710674016,"{'C': 0.1, 'solver': 'lbfgs'}","['mfcc_6', 'mfcc_3', 'mfcc_5', 'wav_detail_lvl5_std', 'mfcc_8', 'zcr_mean', 'spec_centroid']",0.5948905109489051,0.6791666666666667,0.5292207792207793,0.6695107617735475,0.6656298600311042,0.6959349593495935,0.6378539493293591,0.7356963707022482,0.8773764258555133,0.8285457809694794,0.9323232323232323,0.9429116807264094
LR,0.7124002294591417,0.7401743406431033,0.6978753183671217,0.7750126968004063,0.7643681629254848,"{'C': 1.0, 'solver': 'lbfgs'}","['mfcc_6', 'mfcc_3', 'mfcc_11', 'wav_detail_lvl5_std', 'wav_detail_lvl3_std', 'spec_centroid']",0.5794392523364486,0.6828193832599119,0.5032467532467533,0.6810468969132331,0.6718995290423861,0.7097844112769486,0.6378539493293591,0.6903688380657118,0.8858619069985909,0.8279192273924495,0.9525252525252526,0.9216887537975096
LR,0.7123867337507807,0.7341286189467872,0.699219754137787,0.765871000507872,0.7653645905223435,"{'C': 1.0, 'solver': 'lbfgs'}","['mfcc_6', 'mfcc_3', 'mfcc_5', 'mfcc_11', 'wav_detail_lvl5_std', 'mfcc_8', 'wav_detail_lvl3_std', 'zcr_mean']",0.5981651376146789,0.6877637130801688,0.5292207792207793,0.6575231811061314,0.667175572519084,0.6838810641627543,0.6512667660208644,0.6924412112093918,0.8718194911185789,0.8307410795974383,0.9171717171717172,0.9461293792515075
LR,0.7123606264140037,0.728271790212425,0.7016937525134246,0.7633316404266125,0.7626052175231443,"{'C': 1.0, 'solver': 'lbfgs'}","['mfcc_6', 'mfcc_5', 'wav_detail_lvl5_std', 'mfcc_8', 'zcr_mean']",0.5971223021582733,0.6693548387096774,0.538961038961039,0.6496534720148895,0.6706497386109037,0.6721556886227545,0.669150521609538,0.7010205207300513,0.869309838472834,0.8433048433048433,0.896969696969697,0.937141659824492
LR,0.7122646336741365,0.7355639723293713,0.6988763513353676,0.7699339766378872,0.7867671459763518,"{'C': 0.1, 'solver': 'lbfgs'}","['mfcc_6', 'mfcc_3', 'mfcc_5', 'wav_detail_lvl5_std', 'mfcc_8', 'wav_detail_lvl3_std', 'zcr_mean', 'spec_centroid']",0.5893186003683242,0.6808510638297872,0.5194805194805194,0.6756513037802672,0.6687306501547987,0.6956521739130435,0.6438152011922503,0.7417694623127924,0.8787446504992867,0.8301886792452831,0.9333333333333333,0.9428806718359961
LR,0.7122292708725476,0.7331516961053398,0.6996435865288323,0.7689182326053834,0.790533139007693,"{'C': 0.1, 'solver': 'lbfgs'}","['mfcc_6', 'mfcc_3', 'mfcc_5', 'mfcc_11', 'wav_detail_lvl5_std', 'mfcc_8', 'wav_detail_lvl3_std', 'zcr_mean', 'spec_centroid']",0.5860805860805861,0.6722689075630253,0.5194805194805194,0.6772648699246161,0.6748278500382555,0.6933962264150944,0.6572280178837556,0.7457588898667882,0.875779376498801,0.8337899543378996,0.9222222222222223,0.948575657231675
LR,0.7120642328976133,0.7402521360309513,0.6970974380810446,0.7724733367191468,0.7608864973306368,"{'C': 1.0, 'solver': 'lbfgs'}","['mfcc_6', 'mfcc_3', 'mfcc_11', 'wav_detail_lvl5_std', 'spec_centroid']",0.5853658536585366,0.6933333333333334,0.5064935064935064,0.6826360000710605,0.6682242990654206,0.6998368678629691,0.639344262295082,0.6874631480222395,0.8826025459688827,0.8275862068965517,0.9454545454545454,0.9125603438986105
LR,0.7119676025486202,0.7486830812521403,0.694983795803468,0.7790756729304216,0.7920891658640689,"{'C': 0.1, 'solver': 'lbfgs'}","['mfcc_6', 'mfcc_3', 'mfcc_5', 'wav_detail_lvl5_std', 'wav_detail_lvl3_std', 'zcr_mean', 'spec_centroid']",0.5607843137254902,0.7079207920792079,0.4642857142857143,0.6899355825180796,0.6860198624904508,0.7037617554858934,0.669150521609538,0.747505517960685,0.8890986314299197,0.8343666961913198,0.9515151515151515,0.9388263971134418
LR,0.711954237938292,0.7407326692827025,0.6972377955984513,0.7780599288979178,0.7936306566906112,"{'C': 10.0, 'solver': 'lbfgs'}","['mfcc_6', 'mfcc_3', 'mfcc_5', 'mfcc_11', 'wav_detail_lvl5_std', 'mfcc_10', 'wav_detail_lvl3_std', 'zcr_mean', 'spec_centroid']",0.5627376425855514,0.6788990825688074,0.4805194805194805,0.684171152510673,0.6825518831667948,0.7047619047619048,0.6616989567809239,0.7555733805348448,0.8905731880625296,0.8385370205173952,0.9494949494949495,0.9411474370263161
LR,0.7119275981577666,0.7351114661018605,0.699294269786073,0.7760284408329101,0.7755029178475971,"{'C': 1.0, 'solver': 'lbfgs'}","['mfcc_6', 'mfcc_3', 'mfcc_5', 'mfcc_10', 'wav_detail_lvl3_std', 'zcr_mean', 'spec_centroid']",0.5735294117647058,0.6610169491525424,0.5064935064935064,0.6557044203317633,0.670846394984326,0.7074380165289256,0.6378539493293591,0.7345438928825218,0.8914069877242682,0.8368794326241135,0.9535353535353536,0.9362604403285063
LR,0.7117089677506802,0.7250339826265476,0.7023348236462991,0.7618080243778568,0.7578822797709314,"{'C': 10.0, 'solver': 'lbfgs'}","['mfcc_3', 'mfcc_5', 'wav_detail_lvl3_std', 'spec_centroid']",0.5968028419182948,0.6588235294117647,0.5454545454545454,0.6445508312415505,0.6706408345752608,0.6706408345752608,0.6706408345752608,0.7002333329606258,0.867683226758485,0.8456375838926175,0.8909090909090909,0.9288626751106177
LR,0.711503752622974,0.72503878074171,0.7026060763765681,0.7745048247841544,0.7581722798153939,"{'C': 0.1, 'solver': 'lbfgs'}","['mfcc_6', 'mfcc_5', 'mfcc_10', 'wav_detail_lvl3_std', 'spec_centroid']",0.5571428571428572,0.6190476190476191,0.5064935064935064,0.6265374768902034,0.6878306878306878,0.6978527607361963,0.6780923994038748,0.7203360262200137,0.8895377128953771,0.8582159624413146,0.9232323232323232,0.9276433363359646
LR,0.7114443250575073,0.7294117923941944,0.7006722178853325,0.7755205688166582,0.7642225106340876,"{'C': 0.1, 'solver': 'lbfgs'}","['mfcc_6', 'mfcc_5', 'mfcc_11', 'wav_detail_lvl5_std', 'mfcc_10']",0.5541284403669725,0.6371308016877637,0.4902597402597403,0.6481307288808918,0.6910994764397905,0.6936936936936937,0.6885245901639344,0.7144733356048919,0.8891050583657587,0.8574108818011257,0.9232323232323232,0.930063467416479
LR,0.7111570875682132,0.729873330800312,0.6993352731057648,0.7628237684103606,0.7630589269727741,"{'C': 1.0, 'solver': 'lbfgs'}","['mfcc_6', 'mfcc_5', 'mfcc_11', 'wav_detail_lvl5_std', 'mfcc_8', 'zcr_mean']",0.5923217550274223,0.6778242677824268,0.525974025974026,0.6517630412137084,0.6730769230769231,0.6681350954478708,0.6780923994038748,0.6984654804296254,0.8680725846002942,0.8436606291706387,0.8939393939393939,0.9389482592749884
LR,0.7110235863607589,0.7392421983649301,0.6964216718315078,0.7760284408329101,0.7892957013417559,"{'C': 10.0, 'solver': 'lbfgs'}","['mfcc_6', 'mfcc_3', 'mfcc_5', 'mfcc_11', 'wav_detail_lvl5_std', 'mfcc_10', 'zcr_mean', 'spec_centroid']",0.5671077504725898,0.6787330316742082,0.487012987012987,0.6747240996553369,0.6774941995359629,0.7041800643086816,0.6527570789865872,0.752332220188861,0.888468809073724,0.8348134991119005,0.9494949494949495,0.9408307841810697
LR,0.710939176678998,0.7276362122819425,0.700971069003856,0.7684103605891316,0.7212913368517467,"{'C': 0.1, 'solver': 'lbfgs'}","['mfcc_5', 'mfcc_11', 'wav_detail_lvl5_std', 'wav_detail_lvl3_std']",0.5604395604395604,0.6428571428571429,0.4967532467532468,0.6359333606339648,0.7024673439767779,0.6845827439886846,0.7213114754098361,0.6679254498753868,0.8699106256206555,0.85546875,0.8848484848484849,0.8600152000458884
LR,0.710938127975263,0.7302832180562325,0.6988933046310096,0.7623158963941087,0.7579049446837907,"{'C': 0.1, 'solver': 'lbfgs'}","['mfcc_3', 'mfcc_5', 'mfcc_11', 'wav_detail_lvl5_std', 'wav_detail_lvl3_std', 'zcr_mean']",0.5908256880733945,0.679324894514768,0.5227272727272727,0.6715712724777494,0.6769911504424779,0.67007299270073,0.684053651266766,0.6697124283571823,0.8649975454099166,0.8414517669531996,0.8898989898989899,0.9324311332164402
LR,0.7108436491963276,0.7282793574198584,0.700067418919878,0.7719654647028948,0.7709926305253044,"{'C': 10.0, 'solver': 'lbfgs'}","['mfcc_6', 'mfcc_5', 'mfcc_11', 'mfcc_8', 'wav_detail_lvl3_std', 'zcr_mean', 'spec_centroid']",0.5688405797101449,0.6434426229508197,0.5097402597402597,0.6321492895396988,0.6788710907704043,0.6953125,0.6631892697466468,0.7376028960374145,0.8848192771084338,0.8460829493087557,0.9272727272727272,0.9432257059987997
LR,0.7106545962974796,0.7353373154835271,0.697656108311846,0.7760284408329101,0.7708916129494452,"{'C': 0.1, 'solver': 'lbfgs'}","['mfcc_6', 'mfcc_5', 'mfcc_11', 'wav_detail_lvl5_std', 'mfcc_10', 'wav_detail_lvl3_std', 'spec_centroid']",0.5502846299810247,0.6621004566210046,0.4707792207792208,0.6529454792250412,0.694300518134715,0.6897058823529412,0.698956780923994,0.7281291732359851,0.887378640776699,0.8542056074766355,0.9232323232323232,0.9316001863873091
LR,0.7105413248507171,0.7304232521663278,0.6988452045829096,0.7734890807516506,0.7627503111958016,"{'C': 10.0, 'solver': 'lbfgs'}","['mfcc_6', 'mfcc_11', 'wav_detail_lvl5_std', 'wav_detail_lvl3_std', 'spec_centroid']",0.5561694290976059,0.6425531914893617,0.4902597402597403,0.6633934497986949,0.6954545454545454,0.7072419106317411,0.684053651266766,0.7025933038281771,0.88,0.8414746543778802,0.9222222222222223,0.9222641799605328
LR,0.7104670280135684,0.7269542094496325,0.6997050915083701,0.7643473844591163,0.7622300510553185,"{'C': 0.1, 'solver': 'lbfgs'}","['mfcc_6', 'mfcc_5', 'wav_detail_lvl5_std', 'mfcc_8', 'wav_detail_lvl3_std', 'zcr_mean']",0.5858951175406871,0.6612244897959184,0.525974025974026,0.6494992529660004,0.673134328358209,0.6741405082212257,0.6721311475409836,0.6994528853227135,0.8723716381418093,0.8454976303317535,0.901010101010101,0.9377380148772415
LR,0.7104285912915144,0.7307665346419455,0.6980590447803564,0.7628237684103606,0.7548506153595849,"{'C': 0.1, 'solver': 'lbfgs'}","['mfcc_3', 'mfcc_5', 'wav_detail_lvl5_std', 'zcr_mean']",0.5867158671586716,0.6794871794871795,0.5162337662337663,0.6667890577894674,0.6794399410464259,0.6720116618075802,0.6870342771982116,0.6657561549574883,0.8651299656694458,0.8408007626310772,0.8909090909090909,0.9320066333317987
LR,0.7103980748065664,0.7276208781037017,0.6991708655643082,0.7628237684103606,0.7666482977147253,"{'C': 0.1, 'solver': 'lbfgs'}","['mfcc_3', 'mfcc_5', 'wav_detail_lvl5_std', 'mfcc_8', 'spec_centroid']",0.5956678700361011,0.6707317073170732,0.5357142857142857,0.6596003669182593,0.6646525679758308,0.6738131699846861,0.6557377049180327,0.7034049330765186,0.870873786407767,0.8383177570093457,0.906060606060606,0.9369395931493981
LR,0.7102351596007778,0.7187979595968121,0.7076009903878756,0.7668867445403759,0.7595870638124257,"{'C': 1.0, 'solver': 'lbfgs'}","['mfcc_6', 'mfcc_3', 'mfcc_11', 'mfcc_10', 'zcr_mean', 'spec_centroid']",0.6029654036243822,0.6120401337792643,0.5941558441558441,0.6573986651161451,0.6389568052159739,0.7050359712230215,0.5842026825633383,0.7032081081770782,0.8887832699619772,0.8393177737881508,0.9444444444444444,0.9181544181440535
LR,0.7101842086362211,0.7318141427263337,0.6976340296012427,0.7694261046216353,0.7689593774391165,"{'C': 1.0, 'solver': 'lbfgs'}","['mfcc_6', 'mfcc_3', 'mfcc_5', 'wav_detail_lvl5_std', 'mfcc_8']",0.5824175824175825,0.6680672268907563,0.5162337662337663,0.6599408120376469,0.6671826625386997,0.6940418679549114,0.6423248882265276,0.7078165711746951,0.8809523809523809,0.8333333333333334,0.9343434343434344,0.9391207491050073
LR,0.7101809056333542,0.7423824834179187,0.6942571696670057,0.7750126968004063,0.783758257309695,"{'C': 1.0, 'solver': 'lbfgs'}","['mfcc_6', 'mfcc_3', 'mfcc_5', 'wav_detail_lvl5_std', 'mfcc_10', 'zcr_mean', 'spec_centroid']",0.5681381957773513,0.6948356807511737,0.4805194805194805,0.6723960534480392,0.6764478764478764,0.7019230769230769,0.6527570789865872,0.7413104382422194,0.885956644674835,0.8303886925795053,0.9494949494949495,0.937568280238826
LR,0.7101317771643317,0.7408395959476436,0.695705690787658,0.776536312849162,0.7714715992935727,"{'C': 0.1, 'solver': 'lbfgs'}","['mfcc_6', 'mfcc_5', 'wav_detail_lvl5_std', 'wav_detail_lvl3_std', 'spec_centroid']",0.5458089668615984,0.6829268292682927,0.45454545454545453,0.6621977256709998,0.6988304093567251,0.6857962697274032,0.7123695976154992,0.7246396484572387,0.8857559552746719,0.8537956888472352,0.9202020202020202,0.9275774237524794
LR,0.7101235259809218,0.7315612326898218,0.6978299781578471,0.7734890807516506,0.7686524114646979,"{'C': 1.0, 'solver': 'lbfgs'}","['mfcc_6', 'mfcc_5', 'wav_detail_lvl5_std', 'mfcc_8', 'mfcc_10', 'wav_detail_lvl3_std', 'zcr_mean', 'spec_centroid']",0.562962962962963,0.6551724137931034,0.4935064935064935,0.6520226140697551,0.680334092634776,0.6934984520123839,0.6676602086438153,0.7144540891853441,0.8870735223450265,0.846012832263978,0.9323232323232323,0.9394805311389945
LR,0.7100947819547377,0.7294767792554314,0.6986685748980831,0.7729812087353987,0.760027722719224,"{'C': 0.1, 'solver': 'lbfgs'}","['mfcc_6', 'mfcc_5', 'mfcc_11', 'wav_detail_lvl3_std', 'spec_centroid']",0.5571955719557196,0.6452991452991453,0.4902597402597403,0.6342151974531302,0.688622754491018,0.6917293233082706,0.6855439642324889,0.7152527013308733,0.8844660194174757,0.8514018691588785,0.9202020202020202,0.9306152693736687
LR,0.7097380975135031,0.7312597556880714,0.6969823133757561,0.7673946165566278,0.7698983453175936,"{'C': 0.1, 'solver': 'lbfgs'}","['mfcc_6', 'mfcc_3', 'mfcc_5', 'mfcc_11', 'wav_detail_lvl5_std', 'mfcc_8']",0.58195211786372,0.6723404255319149,0.512987012987013,0.6595309945307931,0.6702208682406702,0.6853582554517134,0.6557377049180327,0.7006733228972958,0.8770413064361191,0.8360805860805861,0.9222222222222223,0.9494907185246917
LR,0.7097065095698311,0.7333962176760228,0.6981532735631096,0.7684103605891316,0.7461905846354613,"{'C': 1.0, 'solver': 'lbfgs'}","['mfcc_5', 'mfcc_11', 'wav_detail_lvl5_std', 'spec_centroid']",0.5540796963946869,0.6666666666666666,0.474025974025974,0.6428417552961819,0.7053003533568905,0.6706989247311828,0.7436661698956781,0.7076961228119734,0.8697394789579158,0.8628230616302187,0.8767676767676768,0.8880338757982285
LR,0.7096766334831468,0.719075804464309,0.7027645699776848,0.7618080243778568,0.7325623832924512,"{'C': 10.0, 'solver': 'lbfgs'}","['mfcc_5', 'wav_detail_lvl5_std', 'mfcc_8', 'wav_detail_lvl3_std', 'zcr_mean']",0.5804195804195804,0.6287878787878788,0.538961038961039,0.6418204982152227,0.677916360968452,0.6676300578034682,0.6885245901639344,0.6372756924502259,0.8706939590614079,0.8608094768015795,0.8808080808080808,0.9185909592119049
LR,0.7095498143064751,0.7208241228534619,0.7019669765571406,0.7648552564753682,0.7139234535567766,"{'C': 0.1, 'solver': 'lbfgs'}","['mfcc_5', 'wav_detail_lvl3_std']",0.5648312611012434,0.6235294117647059,0.5162337662337663,0.6123283035513372,0.6938181818181818,0.6775568181818182,0.7108792846497765,0.6817323308579581,0.87,0.8613861386138614,0.8787878787878788,0.8477097262610346
LR,0.7094885497277358,0.7217293370239043,0.7012758340627192,0.7729812087353987,0.7573512374456931,"{'C': 0.1, 'solver': 'lbfgs'}","['mfcc_6', 'mfcc_5', 'mfcc_10', 'wav_detail_lvl3_std']",0.5531914893617021,0.609375,0.5064935064935064,0.6259620939752596,0.6858440575321726,0.696923076923077,0.6751117734724292,0.7185919945176208,0.8894301022893327,0.8588899341486359,0.9222222222222223,0.9274996238441988
LR,0.7094133886114942,0.7397922967384041,0.6943328681033599,0.7755205688166582,0.7621802536332073,"{'C': 0.1, 'solver': 'lbfgs'}","['mfcc_6', 'mfcc_11', 'wav_detail_lvl5_std', 'wav_detail_lvl3_std', 'zcr_mean', 'spec_centroid']",0.5549132947976878,0.6824644549763034,0.4675324675324675,0.6694759800978842,0.6878306878306878,0.6978527607361963,0.6780923994038748,0.7004209040767704,0.8854961832061069,0.8390596745027125,0.9373737373737374,0.9166438767249673
LR,0.7093141693651422,0.7320525566297938,0.6962864397290627,0.7689182326053834,0.76839818585686,"{'C': 10.0, 'solver': 'lbfgs'}","['mfcc_6', 'mfcc_3', 'mfcc_5', 'wav_detail_lvl5_std', 'mfcc_8', 'wav_detail_lvl3_std']",0.5793357933579336,0.6709401709401709,0.5097402597402597,0.6596608461459073,0.6687211093990755,0.6921850079744817,0.646795827123696,0.7064615406958678,0.8798856053384175,0.8330324909747292,0.9323232323232323,0.9390721707288053
LR,0.7092972257151362,0.7265307075428281,0.6989165661296809,0.7739969527679025,0.7608763489395031,"{'C': 0.1, 'solver': 'lbfgs'}","['mfcc_6', 'mfcc_5', 'wav_detail_lvl5_std', 'mfcc_10']",0.5494505494505495,0.6302521008403361,0.487012987012987,0.6483097583608057,0.6895522388059702,0.6905829596412556,0.6885245901639344,0.7071267888171238,0.8888888888888888,0.8587570621468926,0.9212121212121213,0.9271924996405798
LR,0.7092007926883878,0.7182333476272156,0.7026435313320559,0.7597765363128491,0.7276089530763238,"{'C': 0.1, 'solver': 'lbfgs'}","['mfcc_5', 'wav_detail_lvl5_std', 'mfcc_8', 'zcr_mean']",0.5828970331588132,0.630188679245283,0.5422077922077922,0.6417827019689248,0.6763636363636364,0.6605113636363636,0.6929955290611028,0.6247069863860459,0.8683417085427135,0.864,0.8727272727272727,0.9163371708740007
LR,0.7091660781810664,0.723458778317267,0.6995450208564963,0.7643473844591163,0.7735853169031008,"{'C': 0.1, 'solver': 'lbfgs'}","['mfcc_3', 'mfcc_5', 'mfcc_11', 'wav_detail_lvl5_std', 'mfcc_8', 'mfcc_10', 'zcr_mean', 'spec_centroid']",0.5806451612903226,0.648,0.525974025974026,0.6611034876433077,0.6696428571428571,0.6686478454680534,0.6706408345752608,0.7151723287498081,0.8772102161100196,0.8537284894837476,0.902020202020202,0.9444801343161867
LR,0.7090734616250854,0.7302482234791509,0.6964855423871817,0.7668867445403759,0.7693920947585343,"{'C': 0.1, 'solver': 'lbfgs'}","['mfcc_6', 'mfcc_3', 'mfcc_5', 'mfcc_11', 'wav_detail_lvl5_std', 'mfcc_8', 'wav_detail_lvl3_std']",0.5808823529411765,0.6694915254237288,0.512987012987013,0.6588413863101237,0.669717772692601,0.6859375,0.65424739195231,0.7001401537873214,0.8766202592414787,0.8353156450137237,0.9222222222222223,0.9491947441781582
LR,0.7090001090285668,0.7289292592711258,0.6967071180185934,0.7623158963941087,0.7773217027660326,"{'C': 0.1, 'solver': 'lbfgs'}","['mfcc_3', 'mfcc_5', 'wav_detail_lvl5_std', 'mfcc_8', 'wav_detail_lvl3_std', 'zcr_mean', 'spec_centroid']",0.5882352941176471,0.6779661016949152,0.5194805194805194,0.6722815226913624,0.6686478454680534,0.6666666666666666,0.6706408345752608,0.7245788375161965,0.8701171875,0.8421550094517959,0.9,0.9351047480905389
LR,0.7089945192189632,0.7290898480932423,0.696962994503978,0.7638395124428644,0.7643604764327648,"{'C': 0.1, 'solver': 'lbfgs'}","['mfcc_6', 'mfcc_3', 'mfcc_5', 'wav_detail_lvl5_std', 'mfcc_8', 'zcr_mean']",0.596745027124774,0.673469387755102,0.5357142857142857,0.6563139384768476,0.6573208722741433,0.6884176182707994,0.6289120715350224,0.6951999730054648,0.8729176582579724,0.8253825382538253,0.9262626262626262,0.9415675178159819
LR,0.7089659098546442,0.7339797859265892,0.6952850124981272,0.7673946165566278,0.7839058126712152,"{'C': 0.1, 'solver': 'lbfgs'}","['mfcc_3', 'mfcc_5', 'mfcc_11', 'wav_detail_lvl5_std', 'mfcc_10', 'wav_detail_lvl3_std', 'zcr_mean', 'spec_centroid']",0.5708884688090737,0.6832579185520362,0.4902597402597403,0.6809350507407665,0.6799116997792495,0.6715116279069767,0.6885245901639344,0.7403781917565397,0.8760975609756098,0.8471698113207548,0.907070707070707,0.9304041955163393
LR,0.7089585145208287,0.7213688196303419,0.7005153013349735,0.7694261046216353,0.758934734452585,"{'C': 0.1, 'solver': 'lbfgs'}","['mfcc_6', 'mfcc_5', 'wav_detail_lvl5_std', 'mfcc_8', 'mfcc_10', 'wav_detail_lvl3_std', 'spec_centroid']",0.5638297872340425,0.62109375,0.5162337662337663,0.64306494078879,0.6777358490566038,0.6865443425076453,0.669150521609538,0.7021632596361987,0.8853099072718399,0.8564683663833805,0.9161616161616162,0.9315760029327662
LR,0.7089154660058617,0.7277192155778973,0.6971542119083102,0.7613001523616049,0.7559564927167918,"{'C': 0.1, 'solver': 'lbfgs'}","['mfcc_3', 'mfcc_5', 'wav_detail_lvl5_std', 'wav_detail_lvl3_std', 'zcr_mean']",0.5860805860805861,0.6722689075630253,0.5194805194805194,0.6690562575073287,0.6755358462675536,0.6700879765395894,0.6810730253353204,0.6665046354920627,0.8651299656694458,0.8408007626310772,0.8909090909090909,0.932308585150984
LR,0.7088361073117092,0.7248649313478532,0.7000760926990436,0.770949720670391,0.7665591524499448,"{'C': 1.0, 'solver': 'lbfgs'}","['mfcc_6', 'mfcc_3', 'mfcc_5', 'mfcc_10', 'wav_detail_lvl3_std', 'spec_centroid']",0.5789473684210527,0.6297709923664122,0.5357142857142857,0.6425338236838694,0.65814696485623,0.7091222030981067,0.6140089418777943,0.7155879113222525,0.889413988657845,0.8357015985790408,0.9505050505050505,0.9415557223437128
LR,0.7088303004387354,0.728082215887094,0.6972109857355759,0.7648552564753682,0.7641400631310197,"{'C': 0.1, 'solver': 'lbfgs'}","['mfcc_6', 'mfcc_3', 'mfcc_5', 'wav_detail_lvl5_std', 'mfcc_8', 'wav_detail_lvl3_std', 'zcr_mean']",0.592057761732852,0.6666666666666666,0.5324675324675324,0.6560319607488563,0.6588966588966589,0.6883116883116883,0.6318926974664679,0.694976216985199,0.8755364806866953,0.8292682926829268,0.9272727272727272,0.9414120116590038
LR,0.7085571157382828,0.7328522053356155,0.695669024357549,0.7739969527679025,0.7632201232997148,"{'C': 0.1, 'solver': 'lbfgs'}","['mfcc_6', 'mfcc_5', 'wav_detail_lvl5_std', 'mfcc_10', 'wav_detail_lvl3_std', 'spec_centroid']",0.5492424242424242,0.6590909090909091,0.4707792207792208,0.6497679663518716,0.6899109792284867,0.6868537666174298,0.6929955290611028,0.7114366086256255,0.8865179437439379,0.8526119402985075,0.9232323232323232,0.9284557949216472
LR,0.7084682462139912,0.7370193074545424,0.6938096815145997,0.7694261046216353,0.7847387185306172,"{'C': 0.1, 'solver': 'lbfgs'}","['mfcc_3', 'mfcc_5', 'wav_detail_lvl5_std', 'wav_detail_lvl3_std', 'zcr_mean', 'spec_centroid']",0.564299424184261,0.6901408450704225,0.4772727272727273,0.6847315868415759,0.6828908554572272,0.6759124087591241,0.6900149031296572,0.7418448086195174,0.8782144590004852,0.8450046685340803,0.9141414141414141,0.9276397601307581
LR,0.7084378269782171,0.7157948277246393,0.7032286171630434,0.7679024885728797,0.7535118378013933,"{'C': 0.1, 'solver': 'lbfgs'}","['mfcc_6', 'mfcc_5', 'mfcc_8', 'mfcc_10', 'wav_detail_lvl3_std', 'spec_centroid']",0.5680272108843537,0.5964285714285714,0.5422077922077922,0.6196641594505224,0.6707787201233616,0.694888178913738,0.6482861400894188,0.7102514340594688,0.8865075499269361,0.8560677328316086,0.9191919191919192,0.9306199198941889
LR,0.7084081698073086,0.7264783965152399,0.6968131746820272,0.760792280345353,0.7719215558674809,"{'C': 1.0, 'solver': 'lbfgs'}","['mfcc_3', 'mfcc_5', 'wav_detail_lvl5_std', 'mfcc_8', 'zcr_mean', 'spec_centroid']",0.5927272727272728,0.6735537190082644,0.5292207792207793,0.666691666812844,0.6626776364996261,0.6651651651651652,0.6602086438152012,0.7148710224484625,0.8698196001950268,0.8407163053722903,0.901010101010101,0.9342019783411365
LR,0.708273908724049,0.7171459771280718,0.7019689478705872,0.7684103605891316,0.7587686034433053,"{'C': 0.1, 'solver': 'lbfgs'}","['mfcc_6', 'mfcc_5', 'mfcc_8', 'wav_detail_lvl3_std', 'spec_centroid']",0.5655172413793104,0.6029411764705882,0.5324675324675324,0.6233151799324687,0.6727969348659004,0.692429022082019,0.65424739195231,0.7222916435168731,0.8865075499269361,0.8560677328316086,0.9191919191919192,0.930698986880574
LR,0.7082102232457618,0.7141122766122766,0.7039576088756417,0.7673946165566278,0.7620989008912397,"{'C': 0.1, 'solver': 'lbfgs'}","['mfcc_6', 'mfcc_5', 'mfcc_8', 'wav_detail_lvl3_std']",0.5656565656565656,0.5874125874125874,0.5454545454545454,0.6299489612108927,0.6733436055469953,0.696969696969697,0.6512667660208644,0.7279139237002984,0.8856304985337243,0.8579545454545454,0.9151515151515152,0.9284338177625276
LR,0.7081867227712028,0.7247995006116019,0.6975563598514419,0.7653631284916201,0.7653815491540849,"{'C': 0.1, 'solver': 'lbfgs'}","['mfcc_6', 'mfcc_5', 'mfcc_11', 'wav_detail_lvl5_std', 'mfcc_8', 'wav_detail_lvl3_std']",0.572463768115942,0.6475409836065574,0.512987012987013,0.6450767256540716,0.6786786786786787,0.6838124054462935,0.6736214605067065,0.7100595888134166,0.8734177215189873,0.8430451127819549,0.906060606060606,0.941008332994766
LR,0.7081807247861783,0.7218203023776132,0.6993053091413746,0.7714575926866429,0.7580637216241435,"{'C': 0.1, 'solver': 'lbfgs'}","['mfcc_6', 'mfcc_5', 'mfcc_10', 'wav_detail_lvl3_std', 'zcr_mean']",0.5561497326203209,0.616600790513834,0.5064935064935064,0.6271482309798632,0.680365296803653,0.6951788491446346,0.6661698956780924,0.7188432070814083,0.8880271449345614,0.8536812674743709,0.9252525252525252,0.9281997268111593
LR,0.7081120128886703,0.733904169681891,0.6944700715192518,0.7704418486541391,0.7589074711363765,"{'C': 10.0, 'solver': 'lbfgs'}","['mfcc_6', 'mfcc_3', 'mfcc_11', 'wav_detail_lvl5_std', 'wav_detail_lvl3_std', 'zcr_mean']",0.5777777777777777,0.6724137931034483,0.5064935064935064,0.6746656953249996,0.6635145784081954,0.7040133779264214,0.6274217585692996,0.6843667322983178,0.8830436824800376,0.8252853380158033,0.9494949494949495,0.9176899857858121
LR,0.707976615905172,0.7306380878953145,0.6954833266308675,0.765871000507872,0.7537089650599954,"{'C': 0.1, 'solver': 'lbfgs'}","['mfcc_6', 'mfcc_3', 'mfcc_11', 'wav_detail_lvl3_std']",0.5963636363636363,0.6776859504132231,0.5324675324675324,0.6600245810551804,0.6471518987341772,0.6897133220910624,0.6095380029806259,0.6906951117584433,0.8804143126177024,0.8245149911816578,0.9444444444444444,0.9104072023663625
LR,0.7079595576776353,0.73448748377223,0.6936921912331749,0.7679024885728797,0.7574186920935396,"{'C': 1.0, 'solver': 'lbfgs'}","['mfcc_6', 'mfcc_3', 'mfcc_11', 'wav_detail_lvl5_std']",0.5847299813780261,0.6855895196506551,0.5097402597402597,0.6789120412973453,0.659375,0.6929392446633826,0.6289120715350224,0.6825616382005693,0.8797736916548797,0.8249336870026526,0.9424242424242424,0.910782396782704
LR,0.7079547149838161,0.7321145058544051,0.69533153549547,0.7750126968004063,0.7740572762030747,"{'C': 0.1, 'solver': 'lbfgs'}","['mfcc_6', 'mfcc_5', 'mfcc_11', 'wav_detail_lvl5_std', 'mfcc_10', 'spec_centroid']",0.5426944971537002,0.6529680365296804,0.4642857142857143,0.6537986143392357,0.692820133234641,0.6882352941176471,0.6974664679582713,0.737464020275072,0.8883495145631068,0.8551401869158879,0.9242424242424242,0.9309091939949167
LR,0.7076035507151867,0.725301430107284,0.6964871194379393,0.7638395124428644,0.7834548661913064,"{'C': 10.0, 'solver': 'lbfgs'}","['mfcc_6', 'mfcc_3', 'mfcc_5', 'mfcc_11', 'wav_detail_lvl5_std', 'mfcc_8', 'mfcc_10', 'zcr_mean', 'spec_centroid']",0.5848375451263538,0.6585365853658537,0.525974025974026,0.6663787774362431,0.663093415007657,0.6818897637795276,0.6453055141579732,0.735339257445092,0.8748796920115496,0.8354779411764706,0.9181818181818182,0.9486465636925843
LR,0.7075221580637511,0.72505005974685,0.6962824971021693,0.760792280345353,0.7634301163946744,"{'C': 0.1, 'solver': 'lbfgs'}","['mfcc_6', 'mfcc_5', 'mfcc_11', 'wav_detail_lvl5_std', 'mfcc_8', 'wav_detail_lvl3_std', 'zcr_mean']",0.5854545454545454,0.6652892561983471,0.5227272727272727,0.6505919212376944,0.6686522710349962,0.6681547619047619,0.669150521609538,0.6998148706821112,0.8684596577017115,0.8417061611374408,0.896969696969697,0.9398835572642175
LR,0.707411608628946,0.7186393888681671,0.6999467745369384,0.7618080243778568,0.7263666008871429,"{'C': 0.1, 'solver': 'lbfgs'}","['mfcc_5', 'wav_detail_lvl3_std', 'zcr_mean']",0.5648312611012434,0.6235294117647059,0.5162337662337663,0.6124633578681848,0.6908037653874004,0.671830985915493,0.7108792846497765,0.6832335900388024,0.8665997993981945,0.8605577689243028,0.8727272727272727,0.8834028547544419
LR,0.7073705167897617,0.7328431791627482,0.6937280691379052,0.7719654647028948,0.787994679906563,"{'C': 0.1, 'solver': 'lbfgs'}","['mfcc_6', 'mfcc_3', 'mfcc_5', 'mfcc_11', 'wav_detail_lvl5_std', 'mfcc_10', 'spec_centroid']",0.5628517823639775,0.6666666666666666,0.487012987012987,0.6699637442401994,0.6733282090699462,0.6952380952380952,0.6527570789865872,0.7465291421426401,0.8859315589353612,0.8366247755834829,0.9414141414141414,0.94749115333685
LR,0.7073201552628081,0.725627377954154,0.6964658292527145,0.7724733367191468,0.7617286734944272,"{'C': 0.1, 'solver': 'lbfgs'}","['mfcc_6', 'mfcc_5', 'wav_detail_lvl5_std', 'mfcc_10', 'zcr_mean']",0.5504587155963303,0.6329113924050633,0.487012987012987,0.6486089082921962,0.6832579185520362,0.6916030534351145,0.6751117734724292,0.7090553687594816,0.888243831640058,0.8523676880222841,0.9272727272727272,0.9275217434316038
LR,0.7072110197286152,0.7176229187227506,0.7022429604396817,0.7673946165566278,0.7563568937877988,"{'C': 1.0, 'solver': 'lbfgs'}","['mfcc_6', 'mfcc_3', 'mfcc_10', 'zcr_mean', 'spec_centroid']",0.5834738617200674,0.6070175438596491,0.5616883116883117,0.6543869386030396,0.6489533011272142,0.7057793345008757,0.6005961251862891,0.6963483436282766,0.889205896338564,0.8400718778077269,0.9444444444444444,0.9183353991320802
LR,0.7071187307732806,0.7369996224343113,0.69226929718733,0.7745048247841544,0.7877603027238843,"{'C': 0.1, 'solver': 'lbfgs'}","['mfcc_6', 'mfcc_3', 'mfcc_5', 'wav_detail_lvl5_std', 'mfcc_10', 'wav_detail_lvl3_std', 'zcr_mean', 'spec_centroid']",0.5572519083969466,0.6759259259259259,0.474025974025974,0.6809307732017421,0.6754250386398764,0.7014446227929374,0.6512667660208644,0.7432880830129112,0.8886792452830189,0.8336283185840708,0.9515151515151515,0.939062051957
LR,0.7069847884201383,0.72222146451877,0.6972657882493948,0.7648552564753682,0.7791522107575121,"{'C': 1.0, 'solver': 'lbfgs'}","['mfcc_6', 'mfcc_3', 'mfcc_5', 'mfcc_11', 'wav_detail_lvl5_std', 'mfcc_8', 'mfcc_10', 'spec_centroid']",0.5800711743772242,0.6417322834645669,0.5292207792207793,0.6605823615374797,0.6620370370370371,0.6864,0.639344262295082,0.7275121200184071,0.8788461538461538,0.8385321100917431,0.9232323232323232,0.9493621507166493
LR,0.7069690722292957,0.7302297962297587,0.6954927889354119,0.7653631284916201,0.7368227774487579,"{'C': 0.1, 'solver': 'lbfgs'}","['mfcc_5', 'wav_detail_lvl5_std', 'wav_detail_lvl3_std', 'zcr_mean']",0.553030303030303,0.6636363636363637,0.474025974025974,0.6351579245243867,0.7001414427157001,0.6662180349932705,0.7377049180327869,0.6906412159404226,0.8677354709418837,0.8608349900596421,0.8747474747474747,0.8846691918814644
LR,0.7067582846442466,0.7264543824136073,0.6952077370110157,0.7699339766378872,0.7768517599936046,"{'C': 1.0, 'solver': 'lbfgs'}","['mfcc_6', 'mfcc_5', 'mfcc_11', 'wav_detail_lvl5_std', 'mfcc_8', 'mfcc_10', 'wav_detail_lvl3_std', 'zcr_mean', 'spec_centroid']",0.5571955719557196,0.6452991452991453,0.4902597402597403,0.6542422547931706,0.6787057938299473,0.6854103343465046,0.6721311475409836,0.7293762542466122,0.8843734881470731,0.8486536675951718,0.9232323232323232,0.9469367709410308
LR,0.7067071953261196,0.7189258483914548,0.6984560673085264,0.7684103605891316,0.7600791624318076,"{'C': 1.0, 'solver': 'lbfgs'}","['mfcc_6', 'mfcc_5', 'wav_detail_lvl5_std', 'mfcc_8', 'mfcc_10', 'spec_centroid']",0.5592920353982301,0.6147859922178989,0.512987012987013,0.6433736491226487,0.6747536012130402,0.6867283950617284,0.6631892697466468,0.7063032165526247,0.8860759493670886,0.8552631578947368,0.9191919191919192,0.9305606216201493
LR,0.7066551494815729,0.7298511323804839,0.6940809342448686,0.7653631284916201,0.7537497456836508,"{'C': 0.1, 'solver': 'lbfgs'}","['mfcc_6', 'mfcc_3', 'mfcc_11', 'wav_detail_lvl3_std', 'zcr_mean']",0.5938069216757741,0.6763485477178424,0.5292207792207793,0.6605844050548794,0.6455194290245837,0.6898305084745763,0.6065573770491803,0.6911863237116913,0.8806390977443609,0.8233743409490334,0.9464646464646465,0.9094785082843816
LR,0.7066449864670138,0.733999790507506,0.6921131691623494,0.7668867445403759,0.7572086805598236,"{'C': 0.1, 'solver': 'lbfgs'}","['mfcc_6', 'mfcc_3', 'mfcc_11', 'wav_detail_lvl5_std', 'zcr_mean']",0.5831775700934579,0.6872246696035242,0.5064935064935064,0.679340126762659,0.6578125,0.6912972085385879,0.6274217585692996,0.6822484460892978,0.8789448893075836,0.823477493380406,0.9424242424242424,0.9100374688275142
LR,0.706546786719943,0.7285334017925383,0.6949187424597261,0.7673946165566278,0.7372856778693655,"{'C': 1.0, 'solver': 'lbfgs'}","['mfcc_5', 'wav_detail_lvl5_std', 'mfcc_10', 'zcr_mean', 'spec_centroid']",0.5499058380414312,0.6547085201793722,0.474025974025974,0.6361642595268077,0.6964671953857245,0.6745810055865922,0.7198211624441133,0.73318937084541,0.8732673267326733,0.8563106796116505,0.8909090909090909,0.8425034032358788
LR,0.7065385413813344,0.7232169689204934,0.6961480535251027,0.7679024885728797,0.7684111490289615,"{'C': 0.1, 'solver': 'lbfgs'}","['mfcc_6', 'mfcc_5', 'wav_detail_lvl5_std', 'mfcc_8', 'mfcc_10', 'zcr_mean', 'spec_centroid']",0.5641952983725136,0.636734693877551,0.5064935064935064,0.6493968550546083,0.6727549467275494,0.687402799377916,0.6587183308494784,0.7178309921127207,0.8826653790439402,0.845513413506013,0.9232323232323232,0.9380055999195553
LR,0.7065334834862861,0.7329865441986566,0.6926257106584975,0.7694261046216353,0.7590766069963149,"{'C': 10.0, 'solver': 'lbfgs'}","['mfcc_6', 'mfcc_3', 'mfcc_11', 'wav_detail_lvl5_std', 'wav_detail_lvl3_std']",0.5735567970204841,0.6724890829694323,0.5,0.6740312385058893,0.6640502354788069,0.7014925373134329,0.6304023845007451,0.6850713057464551,0.8819934179595674,0.8249780123131046,0.9474747474747475,0.9181272767366
LR,0.7064715513142635,0.7277441989509709,0.694649855305593,0.7648552564753682,0.7536453034582223,"{'C': 0.1, 'solver': 'lbfgs'}","['mfcc_6', 'mfcc_3', 'mfcc_11', 'wav_detail_lvl3_std', 'spec_centroid']",0.593128390596745,0.6693877551020408,0.5324675324675324,0.6581566603962012,0.6455696202531646,0.688026981450253,0.6080476900149031,0.6917681924384061,0.8807166430928807,0.8258178603006189,0.9434343434343434,0.9110110575400597
LR,0.7064363786634885,0.7275473086572936,0.6941400736482705,0.7653631284916201,0.7798411873184916,"{'C': 10.0, 'solver': 'lbfgs'}","['mfcc_6', 'mfcc_3', 'mfcc_5', 'wav_detail_lvl5_std', 'mfcc_8', 'mfcc_10', 'wav_detail_lvl3_std', 'zcr_mean', 'spec_centroid']",0.5813528336380256,0.6652719665271967,0.5162337662337663,0.6711236514144299,0.6594427244582043,0.6859903381642513,0.6348733233979136,0.7262694086276356,0.8785135778942353,0.8313796212804329,0.9313131313131313,0.9421305019134094
LR,0.7064007456945077,0.7136095527910444,0.7010396707118018,0.765871000507872,0.7583283611285291,"{'C': 1.0, 'solver': 'lbfgs'}","['mfcc_5', 'mfcc_11', 'wav_detail_lvl5_std', 'mfcc_8', 'mfcc_10', 'spec_centroid']",0.5511265164644714,0.5910780669144982,0.5162337662337663,0.6318067381258127,0.6847507331378299,0.6738816738816739,0.6959761549925484,0.718986083249656,0.8833249874812218,0.8758689175769613,0.8909090909090909,0.9241922620101184
LR,0.7061637674799229,0.7236879129066648,0.6949904982691867,0.7587607922803453,0.749864244870254,"{'C': 10.0, 'solver': 'lbfgs'}","['mfcc_3', 'mfcc_5', 'wav_detail_lvl5_std', 'wav_detail_lvl3_std']",0.5828779599271403,0.6639004149377593,0.5194805194805194,0.6687840089832631,0.6715976331360947,0.6666666666666666,0.676602086438152,0.6491392129355416,0.8640157093765342,0.8404966571155683,0.8888888888888888,0.9316695126919575
LR,0.7061394343536093,0.7213437081659974,0.6959797033567526,0.7597765363128491,0.7733251336288984,"{'C': 1.0, 'solver': 'lbfgs'}","['mfcc_3', 'mfcc_5', 'mfcc_11', 'wav_detail_lvl5_std', 'mfcc_8', 'mfcc_10', 'wav_detail_lvl3_std', 'spec_centroid']",0.585278276481149,0.6546184738955824,0.5292207792207793,0.6629000220439256,0.6621722846441948,0.6656626506024096,0.6587183308494784,0.7122886558168045,0.8709677419354839,0.84375,0.9,0.9447867230259653
LR,0.7058637926798675,0.7311638405432127,0.694304481189727,0.766378872524124,0.7448593300898544,"{'C': 0.1, 'solver': 'lbfgs'}","['mfcc_5', 'wav_detail_lvl5_std', 'spec_centroid']",0.5440613026819924,0.6635514018691588,0.461038961038961,0.6378613969854449,0.7050561797752809,0.6666666666666666,0.7481371087928465,0.706625443360963,0.8684738955823293,0.8632734530938124,0.8737373737373737,0.8900911499231551
LR,0.7058614376591342,0.7134280291162716,0.7002617904257248,0.7633316404266125,0.7295851384069171,"{'C': 0.1, 'solver': 'lbfgs'}","['mfcc_5', 'mfcc_11', 'wav_detail_lvl5_std', 'mfcc_8', 'wav_detail_lvl3_std']",0.5555555555555556,0.5970149253731343,0.5194805194805194,0.6368975291648624,0.6857142857142857,0.6743515850144092,0.6974664679582713,0.627221876882404,0.8763144717075614,0.8689175769612711,0.8838383838383839,0.9246360091734847
LR,0.7058083081490857,0.729074096251208,0.6928725191020272,0.7653631284916201,0.7777538574620313,"{'C': 0.1, 'solver': 'lbfgs'}","['mfcc_3', 'mfcc_5', 'mfcc_11', 'wav_detail_lvl5_std', 'mfcc_10', 'zcr_mean', 'spec_centroid']",0.5639097744360902,0.6696428571428571,0.487012987012987,0.6712662200015108,0.6779661016949152,0.6705539358600583,0.6855439642324889,0.7320313904069369,0.8755490483162518,0.8470254957507082,0.906060606060606,0.9299639619776463
LR,0.7057698512882254,0.7234956402740879,0.6945650888273839,0.7587607922803453,0.7495081671322797,"{'C': 0.1, 'solver': 'lbfgs'}","['mfcc_3', 'mfcc_5', 'mfcc_11', 'wav_detail_lvl5_std']",0.5802919708029197,0.6625,0.5162337662337663,0.6669006500100739,0.6735598227474151,0.6676427525622255,0.6795827123695977,0.650294065737268,0.8634577603143418,0.8403441682600382,0.8878787878787879,0.9313297856494973
LR,0.7057646738312512,0.7128258702279715,0.7005105701827014,0.7628237684103606,0.726410281212534,"{'C': 1.0, 'solver': 'lbfgs'}","['mfcc_5', 'mfcc_11', 'wav_detail_lvl5_std', 'mfcc_8']",0.5570934256055363,0.5962962962962963,0.5227272727272727,0.6366276869554771,0.6822498173849525,0.669054441260745,0.6959761549925484,0.6203556732201132,0.8779507785032646,0.8731268731268731,0.8828282828282829,0.9222474834620117
LR,0.705723177354383,0.7200219156895292,0.6966081580835679,0.765871000507872,0.7668647753233567,"{'C': 0.1, 'solver': 'lbfgs'}","['mfcc_6', 'mfcc_5', 'mfcc_8', 'wav_detail_lvl3_std', 'zcr_mean', 'spec_centroid']",0.5709219858156028,0.62890625,0.5227272727272727,0.633173614905465,0.6640926640926641,0.6891025641025641,0.6408345752608048,0.7283649316152779,0.8821548821548821,0.8420569329660239,0.9262626262626262,0.9390557794493275
LR,0.7056975083597014,0.7278503592161174,0.6936184641102674,0.7719654647028948,0.7781525678177873,"{'C': 1.0, 'solver': 'lbfgs'}","['mfcc_6', 'mfcc_3', 'mfcc_5', 'mfcc_11', 'mfcc_10', 'wav_detail_lvl3_std', 'zcr_mean', 'spec_centroid']",0.5598526703499079,0.6468085106382979,0.4935064935064935,0.6560440833194171,0.6666666666666666,0.6982055464926591,0.6378539493293591,0.739668585214841,0.8905731880625296,0.8385370205173952,0.9494949494949495,0.9387450349191038
LR,0.7056102519189936,0.7216669398587207,0.6968293394522903,0.7694261046216353,0.7654061636586743,"{'C': 1.0, 'solver': 'lbfgs'}","['mfcc_6', 'mfcc_3', 'mfcc_5', 'mfcc_10', 'wav_detail_lvl3_std']",0.5704225352112676,0.6230769230769231,0.525974025974026,0.6429602657074381,0.6565737051792828,0.7054794520547946,0.6140089418777943,0.7130104836114619,0.8898345153664302,0.8364444444444444,0.9505050505050505,0.9402477416571229
LR,0.7054863868678644,0.7212140753923633,0.6957758695463614,0.770949720670391,0.7573220829378453,"{'C': 0.1, 'solver': 'lbfgs'}","['mfcc_6', 'mfcc_5', 'wav_detail_lvl5_std', 'mfcc_10', 'wav_detail_lvl3_std']",0.5444646098003629,0.6172839506172839,0.487012987012987,0.6434175045537492,0.6847253574115877,0.6914893617021277,0.6780923994038748,0.700421827302285,0.8872691933916423,0.8548689138576779,0.9222222222222223,0.9281269169575019
LR,0.7054579851884387,0.7208942717755059,0.69577665807174,0.7694261046216353,0.7625812947240537,"{'C': 0.1, 'solver': 'lbfgs'}","['mfcc_6', 'mfcc_5', 'mfcc_11', 'mfcc_10', 'wav_detail_lvl3_std']",0.5497287522603979,0.6204081632653061,0.4935064935064935,0.6260506144062611,0.6817496229260935,0.6900763358778625,0.6736214605067065,0.7318174257113897,0.8848955803788247,0.852198316183349,0.9202020202020202,0.9298758440545103
LR,0.7054382518005559,0.7221424803584457,0.6946537979324864,0.7582529202640934,0.7498991936429329,"{'C': 0.1, 'solver': 'lbfgs'}","['mfcc_3', 'mfcc_5', 'mfcc_11', 'wav_detail_lvl5_std', 'wav_detail_lvl3_std']",0.5807622504537205,0.6584362139917695,0.5194805194805194,0.6684207262569543,0.6720947446336047,0.6676470588235294,0.676602086438152,0.6497673395064602,0.8634577603143418,0.8403441682600382,0.8878787878787879,0.9315095151653842
LR,0.7052138927628109,0.7305567932656784,0.6918454647962845,0.7714575926866429,0.7763149373110827,"{'C': 0.1, 'solver': 'lbfgs'}","['mfcc_6', 'mfcc_3', 'mfcc_5', 'wav_detail_lvl5_std', 'mfcc_10', 'wav_detail_lvl3_std', 'spec_centroid']",0.5580524344569289,0.6592920353982301,0.4837662337662338,0.6695615277907747,0.6702786377708978,0.6972624798711755,0.6453055141579732,0.7169834264187582,0.8873106060606061,0.8351158645276292,0.9464646464646465,0.9423998577237152
LR,0.7051710321768226,0.7216026813609314,0.695206948485637,0.7714575926866429,0.759144266152881,"{'C': 0.1, 'solver': 'lbfgs'}","['mfcc_6', 'mfcc_5', 'wav_detail_lvl5_std', 'mfcc_10', 'wav_detail_lvl3_std', 'zcr_mean']",0.5428051001821493,0.6182572614107884,0.4837662337662338,0.6459804993756821,0.6842501883948756,0.6920731707317073,0.676602086438152,0.7028485317611327,0.8884578079534433,0.8544776119402985,0.9252525252525252,0.928603767321828
LR,0.705041974545419,0.7130902454128254,0.6989654547031597,0.7613001523616049,0.730420410325582,"{'C': 0.1, 'solver': 'lbfgs'}","['mfcc_5', 'wav_detail_lvl5_std', 'mfcc_8', 'wav_detail_lvl3_std']",0.5625,0.6044776119402985,0.525974025974026,0.6386944350339684,0.6789940828402367,0.6740088105726872,0.684053651266766,0.6335432448428366,0.8736318407960199,0.8607843137254902,0.8868686868686869,0.9190235510999407
LR,0.7049098364439951,0.7118883755026663,0.699661328349853,0.7597765363128491,0.7309814610135238,"{'C': 0.1, 'solver': 'lbfgs'}","['mfcc_5', 'wav_detail_lvl5_std', 'mfcc_8']",0.5630397236614854,0.6014760147601476,0.5292207792207793,0.6398563310426276,0.6793279766252739,0.666189111747851,0.6929955290611028,0.6363810246006234,0.8723618090452261,0.868,0.8767676767676768,0.9167070273973204
LR,0.7048127779081795,0.7139303920846788,0.6982802261490786,0.766378872524124,0.7557437119100371,"{'C': 0.1, 'solver': 'lbfgs'}","['mfcc_6', 'mfcc_5', 'wav_detail_lvl5_std', 'mfcc_8', 'mfcc_10']",0.5555555555555556,0.5970149253731343,0.5194805194805194,0.6431064327026281,0.6732522796352584,0.6868217054263566,0.6602086438152012,0.6961746447719062,0.8856304985337243,0.8579545454545454,0.9151515151515152,0.9279500582555769
LR,0.7046870321366795,0.7301491783496052,0.6918257516618173,0.7770441848654139,0.7620270082703658,"{'C': 0.1, 'solver': 'lbfgs'}","['mfcc_6', 'mfcc_5', 'mfcc_11', 'mfcc_10', 'wav_detail_lvl3_std', 'zcr_mean', 'spec_centroid']",0.5340909090909091,0.6409090909090909,0.4577922077922078,0.6321840647527867,0.6845329249617151,0.7039370078740157,0.6661698956780924,0.7314876619400654,0.8954372623574145,0.8456014362657092,0.9515151515151515,0.9224092981182452
LR,0.7046072688079131,0.7268338919394329,0.6928188993762765,0.7704418486541391,0.7679852187031001,"{'C': 10.0, 'solver': 'lbfgs'}","['mfcc_6', 'mfcc_3', 'mfcc_11', 'wav_detail_lvl5_std', 'mfcc_8', 'wav_detail_lvl3_std', 'spec_centroid']",0.5620437956204379,0.6416666666666667,0.5,0.6648646226543423,0.665083135391924,0.7094594594594594,0.6259314456035767,0.7167906317925405,0.8866948754113775,0.8293755496921724,0.9525252525252526,0.9223004016624174
LR,0.7045535293160707,0.7214211317236773,0.6944062009635781,0.7638395124428644,0.7683352936480216,"{'C': 1.0, 'solver': 'lbfgs'}","['mfcc_6', 'mfcc_3', 'mfcc_5', 'wav_detail_lvl5_std', 'mfcc_8', 'mfcc_10', 'wav_detail_lvl3_std', 'spec_centroid']",0.5785714285714286,0.6428571428571429,0.525974025974026,0.6601091788172531,0.6557377049180327,0.6885245901639344,0.6259314456035767,0.7034759639477718,0.8793514544587506,0.8328816621499548,0.9313131313131313,0.9414207381790403
LR,0.7045243172040467,0.7227057804741134,0.6932340579881563,0.7587607922803453,0.7494392725234734,"{'C': 0.1, 'solver': 'lbfgs'}","['mfcc_3', 'mfcc_5', 'wav_detail_lvl5_std']",0.575091575091575,0.6596638655462185,0.5097402597402597,0.6663591966148285,0.6740412979351033,0.6671532846715329,0.6810730253353204,0.6505813840829782,0.8644400785854617,0.8413001912045889,0.8888888888888888,0.9313772368726136
LR,0.7045047854197048,0.7171098279601608,0.6963601668519702,0.7648552564753682,0.7632328677269763,"{'C': 0.1, 'solver': 'lbfgs'}","['mfcc_6', 'mfcc_5', 'mfcc_8', 'mfcc_10', 'wav_detail_lvl3_std', 'zcr_mean', 'spec_centroid']",0.5684210526315789,0.6183206106870229,0.525974025974026,0.630940077926191,0.6630518977536793,0.6903225806451613,0.6378539493293591,0.7199140909077035,0.8820414058738565,0.8426862925482981,0.9252525252525252,0.9388444343470346
LR,0.7043734514403598,0.72055629207897,0.6944456272325126,0.7694261046216353,0.759712151152358,"{'C': 0.1, 'solver': 'lbfgs'}","['mfcc_6', 'mfcc_5', 'mfcc_11', 'wav_detail_lvl5_std', 'mfcc_10', 'wav_detail_lvl3_std']",0.5454545454545454,0.6198347107438017,0.487012987012987,0.6443425805711613,0.6822289156626506,0.6894977168949772,0.6751117734724292,0.7055078772717702,0.8854368932038835,0.8523364485981308,0.9212121212121213,0.9292859956141426
LR,0.7043111621176589,0.7112444264562763,0.6991882131226393,0.7618080243778568,0.7663078404905647,"{'C': 0.1, 'solver': 'lbfgs'}","['mfcc_6', 'mfcc_5', 'mfcc_11', 'mfcc_8', 'wav_detail_lvl3_std']",0.5680272108843537,0.5964285714285714,0.5422077922077922,0.6311992746975956,0.6666666666666666,0.6861198738170347,0.6482861400894188,0.7276111566938018,0.878239608801956,0.8511848341232228,0.907070707070707,0.9401130900802968
LR,0.7042502242156349,0.7241598594408615,0.6938589643507677,0.7643473844591163,0.7458750826880508,"{'C': 1.0, 'solver': 'lbfgs'}","['mfcc_5', 'wav_detail_lvl5_std', 'mfcc_10', 'spec_centroid']",0.5457943925233645,0.6431718061674009,0.474025974025974,0.6305807346108079,0.696085409252669,0.6662125340599455,0.7287630402384501,0.716247967603241,0.8708708708708709,0.8630952380952381,0.8787878787878788,0.8907965458501033
LR,0.7042343131664205,0.7181319086170118,0.6948592087936349,0.7597765363128491,0.7696289852107442,"{'C': 0.1, 'solver': 'lbfgs'}","['mfcc_3', 'mfcc_5', 'mfcc_11', 'wav_detail_lvl5_std', 'mfcc_8', 'mfcc_10', 'spec_centroid']",0.5800711743772242,0.6417322834645669,0.5292207792207793,0.6572798256505346,0.6590909090909091,0.6702619414483821,0.6482861400894188,0.7064542982066345,0.8735408560311284,0.8424015009380863,0.907070707070707,0.9451528317750637
LR,0.7041848677391594,0.7222161600344169,0.6931847751519883,0.7638395124428644,0.7820103431898021,"{'C': 10.0, 'solver': 'lbfgs'}","['mfcc_6', 'mfcc_3', 'mfcc_5', 'mfcc_11', 'wav_detail_lvl5_std', 'mfcc_8', 'mfcc_10', 'wav_detail_lvl3_std', 'spec_centroid']",0.572463768115942,0.6475409836065574,0.512987012987013,0.6652915692539254,0.6615502686108979,0.6819620253164557,0.6423248882265276,0.7314849443493664,0.8785405664906385,0.8371454711802379,0.9242424242424242,0.9492545159661144
LR,0.7041691465601893,0.7185483995429925,0.6943683517454008,0.7562214321990859,0.7504017269432427,"{'C': 1.0, 'solver': 'lbfgs'}","['mfcc_3', 'mfcc_5', 'mfcc_11', 'wav_detail_lvl5_std', 'mfcc_8', 'wav_detail_lvl3_std', 'zcr_mean']",0.5867620751341681,0.6533864541832669,0.5324675324675324,0.6558448726800978,0.6592095451155854,0.6597014925373135,0.6587183308494784,0.6562333793226998,0.8665358194308145,0.8425572519083969,0.8919191919191919,0.9391269288269305
LR,0.7041329466986266,0.7198749408694761,0.6945619347258692,0.7648552564753682,0.7704707135411734,"{'C': 1.0, 'solver': 'lbfgs'}","['mfcc_5', 'mfcc_11', 'wav_detail_lvl5_std', 'mfcc_8', 'mfcc_10', 'wav_detail_lvl3_std', 'zcr_mean', 'spec_centroid']",0.551094890510949,0.6291666666666667,0.4902597402597403,0.6473261888069535,0.6822157434402333,0.6676176890156919,0.6974664679582713,0.7329214012713022,0.8790882061446977,0.8628404669260701,0.895959595959596,0.9311645505452644
LR,0.7039574141007475,0.7169904303478312,0.6974211277489966,0.7572371762315896,0.757882964705482,"{'C': 10.0, 'solver': 'lbfgs'}","['mfcc_6', 'mfcc_3', 'mfcc_11', 'zcr_mean', 'spec_centroid']",0.611965811965812,0.6462093862815884,0.5811688311688312,0.6676268355864926,0.6252019386106623,0.6825396825396826,0.5767511177347243,0.6959067215110779,0.8747044917257684,0.8222222222222222,0.9343434343434344,0.9101153370188753
LR,0.7038852230685135,0.7275154918681263,0.6909457573391999,0.7684103605891316,0.7687091339633062,"{'C': 0.1, 'solver': 'lbfgs'}","['mfcc_6', 'mfcc_11', 'wav_detail_lvl5_std', 'mfcc_8', 'wav_detail_lvl3_std', 'zcr_mean', 'spec_centroid']",0.5559701492537313,0.6535087719298246,0.4837662337662338,0.6600104504499725,0.6748466257668712,0.6951026856240127,0.6557377049180327,0.7241722549939643,0.880838894184938,0.8339350180505415,0.9333333333333333,0.9219446964459821
LR,0.7038763986132407,0.7326324813274737,0.6899865162160245,0.7745048247841544,0.7594488118024577,"{'C': 1.0, 'solver': 'lbfgs'}","['mfcc_6', 'wav_detail_lvl5_std', 'wav_detail_lvl3_std', 'zcr_mean', 'spec_centroid']",0.5328185328185329,0.6571428571428571,0.44805194805194803,0.6565642970251586,0.6917293233082706,0.6980273141122914,0.6855439642324889,0.6985364800024524,0.8870813397129187,0.8427272727272728,0.9363636363636364,0.9232456583797626
LR,0.7038720015856005,0.7183087439236496,0.694048210441653,0.7562214321990859,0.7505620778174703,"{'C': 1.0, 'solver': 'lbfgs'}","['mfcc_3', 'mfcc_5', 'mfcc_11', 'wav_detail_lvl5_std', 'mfcc_8', 'zcr_mean']",0.5867620751341681,0.6533864541832669,0.5324675324675324,0.6550338331024095,0.6572068707991038,0.6586826347305389,0.6557377049180327,0.6574995388187161,0.8676470588235294,0.8428571428571429,0.8939393939393939,0.9391528615312855
LR,0.7037851702056548,0.7295596121485423,0.6902498836925067,0.7699339766378872,0.775507157382437,"{'C': 0.1, 'solver': 'lbfgs'}","['mfcc_6', 'mfcc_3', 'mfcc_5', 'wav_detail_lvl5_std', 'mfcc_10', 'spec_centroid']",0.556390977443609,0.6607142857142857,0.4805194805194805,0.664964712243078,0.669236700077101,0.6932907348242812,0.646795827123696,0.7190950696117956,0.8857278330962541,0.8346738159070599,0.9434343434343434,0.9424616902924379
LR,0.7037197884018095,0.728533248479199,0.69131872984332,0.7648552564753682,0.7380687763030812,"{'C': 0.1, 'solver': 'lbfgs'}","['mfcc_5', 'mfcc_11', 'wav_detail_lvl5_std', 'zcr_mean', 'spec_centroid']",0.5458015267175572,0.6620370370370371,0.4642857142857143,0.6485591664059053,0.6973400431344356,0.6736111111111112,0.7228017883755589,0.7228061449276304,0.8680177953534355,0.8499515972894482,0.8868686868686869,0.842841017575708
LR,0.703551441694887,0.7153185904278531,0.6957494539461754,0.7653631284916201,0.7688674241289247,"{'C': 0.1, 'solver': 'lbfgs'}","['mfcc_5', 'mfcc_11', 'wav_detail_lvl5_std', 'mfcc_8', 'mfcc_10', 'zcr_mean', 'spec_centroid']",0.5464285714285714,0.6071428571428571,0.4967532467532468,0.6439186261029537,0.6808510638297872,0.6705202312138728,0.6915052160953801,0.7353804156377666,0.8833746898263027,0.8682926829268293,0.898989898989899,0.9273032306460541
LR,0.703485278961975,0.7122306750159568,0.6970323847373027,0.760792280345353,0.7163045233185424,"{'C': 0.1, 'solver': 'lbfgs'}","['mfcc_5', 'mfcc_11', 'wav_detail_lvl3_std']",0.5549738219895288,0.6,0.5162337662337663,0.6170025428870863,0.6864343958487769,0.6828908554572272,0.6900149031296572,0.6690489491149605,0.8690476190476191,0.8538011695906432,0.8848484848484849,0.8628620779535807
LR,0.7034719950919435,0.7159072242857487,0.6950882754161443,0.7648552564753682,0.7701516620062673,"{'C': 0.1, 'solver': 'lbfgs'}","['mfcc_6', 'mfcc_5', 'mfcc_11', 'wav_detail_lvl5_std', 'mfcc_8', 'mfcc_10', 'spec_centroid']",0.5551601423487544,0.6141732283464567,0.5064935064935064,0.6451922026318798,0.6726726726726727,0.6777609682299546,0.6676602086438153,0.7262386018922062,0.8825831702544031,0.855787476280835,0.9111111111111111,0.9390241814947153
LR,0.7033126578581124,0.713782562466773,0.6956114620049046,0.7552056881665821,0.7424504387308324,"{'C': 0.1, 'solver': 'lbfgs'}","['mfcc_3', 'mfcc_5', 'wav_detail_lvl3_std', 'zcr_mean']",0.583916083916084,0.6325757575757576,0.5422077922077922,0.6446454939394184,0.6611570247933884,0.6666666666666666,0.6557377049180327,0.6513365423305699,0.8648648648648649,0.8421052631578947,0.8888888888888888,0.9313692799225088
LR,0.7032986288421758,0.7188077591546289,0.694472437095388,0.765871000507872,0.7663547269441042,"{'C': 1.0, 'solver': 'lbfgs'}","['mfcc_6', 'mfcc_3', 'mfcc_5', 'mfcc_10', 'wav_detail_lvl3_std', 'zcr_mean']",0.5714285714285714,0.6254826254826255,0.525974025974026,0.6438264540396267,0.6518987341772152,0.6947723440134908,0.6140089418777943,0.7141584412202248,0.8865685809207404,0.8361683079677709,0.9434343434343434,0.9410792855724613
LR,0.7032747682734407,0.7330853420411801,0.6884725474889409,0.7694261046216353,0.7702693235710784,"{'C': 10.0, 'solver': 'lbfgs'}","['mfcc_6', 'mfcc_3', 'mfcc_11', 'wav_detail_lvl5_std', 'wav_detail_lvl3_std', 'zcr_mean', 'spec_centroid']",0.5616698292220114,0.6757990867579908,0.4805194805194805,0.6877291544685552,0.6640625,0.6978653530377669,0.6333830104321908,0.7027302422611374,0.8840919755983107,0.8255915863277826,0.9515151515151515,0.9203485739835428
LR,0.7031942015585737,0.7209322237777506,0.6919160378176771,0.7577450482478415,0.7729648973121268,"{'C': 1.0, 'solver': 'lbfgs'}","['mfcc_3', 'mfcc_5', 'wav_detail_lvl5_std', 'mfcc_8', 'mfcc_10', 'wav_detail_lvl3_std', 'zcr_mean', 'spec_centroid']",0.5818181818181818,0.6611570247933884,0.5194805194805194,0.6674735719587527,0.6586646661665416,0.6631419939577039,0.65424739195231,0.7150717213047225,0.8690997566909976,0.8384976525821596,0.902020202020202,0.9363493986729053
LR,0.7031820744472658,0.7086952432773758,0.6987892192810227,0.7516505840528187,0.7387418604107584,"{'C': 10.0, 'solver': 'lbfgs'}","['mfcc_3', 'mfcc_5', 'mfcc_11', 'wav_detail_lvl3_std']",0.5959595959595959,0.6188811188811189,0.5746753246753247,0.6460071719196371,0.6519421172886519,0.6666666666666666,0.6378539493293591,0.643838058634657,0.8616445100935499,0.840537944284342,0.8838383838383839,0.9263803506779815
LR,0.7030891316090022,0.7068981783105639,0.6998675277363802,0.7597765363128491,0.7323264439375441,"{'C': 0.1, 'solver': 'lbfgs'}","['mfcc_5', 'mfcc_11', 'wav_detail_lvl5_std', 'mfcc_8', 'mfcc_10', 'wav_detail_lvl3_std', 'zcr_mean']",0.5628140703517588,0.5813148788927336,0.5454545454545454,0.6388050914105077,0.6671686746987951,0.6742770167427702,0.6602086438152012,0.6354825582565543,0.879284649776453,0.8651026392961877,0.8939393939393939,0.9226916821455702
LR,0.7030091108264686,0.7153942826769529,0.6945922929529487,0.7628237684103606,0.7666133638479452,"{'C': 1.0, 'solver': 'lbfgs'}","['mfcc_6', 'mfcc_5', 'mfcc_11', 'mfcc_8', 'wav_detail_lvl3_std', 'spec_centroid']",0.5602836879432624,0.6171875,0.512987012987013,0.6227545587958699,0.6706948640483383,0.6799387442572741,0.6616989567809239,0.7371228658525466,0.8780487804878049,0.8490566037735849,0.9090909090909091,0.9399626668954192
LR,0.7029706183694592,0.7147580069434518,0.6950121827171007,0.7577450482478415,0.7531548515010398,"{'C': 10.0, 'solver': 'lbfgs'}","['mfcc_5', 'wav_detail_lvl5_std', 'mfcc_8', 'mfcc_10', 'wav_detail_lvl3_std', 'spec_centroid']",0.5658362989323843,0.6259842519685039,0.5162337662337663,0.6350811887690915,0.6739446870451238,0.6586059743954481,0.6900149031296572,0.7039205184679582,0.8691308691308691,0.8596837944664032,0.8787878787878788,0.9204628472660694
LR,0.702969672280012,0.7285200117236522,0.6896249773298954,0.7653631284916201,0.7764206732775284,"{'C': 0.1, 'solver': 'lbfgs'}","['mfcc_3', 'mfcc_5', 'wav_detail_lvl5_std', 'mfcc_10', 'zcr_mean', 'spec_centroid']",0.5523809523809524,0.6682027649769585,0.4707792207792208,0.6680426629771405,0.6798825256975036,0.6700434153400868,0.6900149031296572,0.7337660315739691,0.8766455387615797,0.8473138548539114,0.908080808080808,0.9274533252814756
LR,0.7029359063950258,0.7299027732642195,0.6899719284965187,0.7628237684103606,0.7384015930201713,"{'C': 0.1, 'solver': 'lbfgs'}","['mfcc_5', 'wav_detail_lvl5_std', 'mfcc_10', 'wav_detail_lvl3_std', 'zcr_mean', 'spec_centroid']",0.55,0.6745283018867925,0.4642857142857143,0.6335352171883252,0.6908831908831908,0.6616643929058663,0.7228017883755589,0.7263732322193155,0.8679245283018868,0.853515625,0.8828282828282829,0.8552963296528732
LR,0.702926670488444,0.7057856794757554,0.7004017536804422,0.7613001523616049,0.7250826772837176,"{'C': 0.1, 'solver': 'lbfgs'}","['mfcc_5', 'mfcc_11', 'wav_detail_lvl5_std', 'mfcc_8', 'mfcc_10']",0.5509181969949917,0.5670103092783505,0.5357142857142857,0.6337336266733159,0.6760982874162323,0.6755952380952381,0.676602086438152,0.6174695702230542,0.8817635270541082,0.8747514910536779,0.8888888888888888,0.9240448349547825
LR,0.7028512295925596,0.7204356138443654,0.6921833479210528,0.7623158963941087,0.7628166695617304,"{'C': 1.0, 'solver': 'lbfgs'}","['mfcc_5', 'wav_detail_lvl5_std', 'mfcc_8', 'mfcc_10', 'wav_detail_lvl3_std', 'zcr_mean', 'spec_centroid']",0.5577981651376147,0.6413502109704642,0.4935064935064935,0.6430180922327213,0.6764922623434045,0.6690962099125365,0.684053651266766,0.7226376286983393,0.8742632612966601,0.8508604206500956,0.898989898989899,0.9227942877541309
LR,0.702785919727449,0.7116713423324135,0.6963266545233758,0.7572371762315896,0.720976217596362,"{'C': 10.0, 'solver': 'lbfgs'}","['mfcc_5', 'mfcc_11', 'wav_detail_lvl3_std', 'zcr_mean']",0.5629370629370629,0.6098484848484849,0.5227272727272727,0.6180636849348187,0.6798534798534799,0.6685878962536023,0.6915052160953801,0.6743392655997726,0.8655672163918041,0.8565776458951533,0.8747474747474747,0.8705257022544943
LR,0.7026722675203372,0.7267894769817257,0.689648633091256,0.7679024885728797,0.7895973300735409,"{'C': 1.0, 'solver': 'lbfgs'}","['mfcc_6', 'mfcc_3', 'mfcc_5', 'mfcc_11', 'wav_detail_lvl5_std', 'mfcc_10', 'wav_detail_lvl3_std', 'spec_centroid']",0.5570093457943925,0.6563876651982379,0.4837662337662338,0.674916124496926,0.6666666666666666,0.687797147385103,0.646795827123696,0.7460365157750709,0.8843407900999524,0.8361836183618362,0.9383838383838384,0.9478393499486257
LR,0.7026429112720064,0.7143461770413387,0.6951202106939812,0.7597765363128491,0.7676247455097741,"{'C': 1.0, 'solver': 'lbfgs'}","['mfcc_6', 'mfcc_3', 'mfcc_5', 'mfcc_11', 'mfcc_8', 'wav_detail_lvl3_std']",0.5798611111111112,0.6231343283582089,0.5422077922077922,0.6430410365182407,0.6521060842433697,0.6841243862520459,0.6229508196721312,0.7110874268771361,0.8759615384615385,0.8357798165137614,0.9202020202020202,0.9487457731339453
LR,0.7025167022887691,0.7208076511188001,0.6917295515656171,0.7679024885728797,0.7755294421534874,"{'C': 0.1, 'solver': 'lbfgs'}","['mfcc_6', 'mfcc_5', 'mfcc_11', 'wav_detail_lvl5_std', 'mfcc_8', 'mfcc_10', 'zcr_mean', 'spec_centroid']",0.5467889908256881,0.6286919831223629,0.4837662337662338,0.6513318054268566,0.6757369614512472,0.6855828220858896,0.6661698956780924,0.7314207510956146,0.885024154589372,0.8481481481481481,0.9252525252525252,0.9438357699379911
LR,0.7024836605126188,0.7237176048301834,0.6910648246713821,0.765871000507872,0.7611816593768111,"{'C': 1.0, 'solver': 'lbfgs'}","['mfcc_6', 'mfcc_3', 'mfcc_11', 'wav_detail_lvl5_std', 'mfcc_8', 'wav_detail_lvl3_std', 'zcr_mean']",0.5688405797101449,0.6434426229508197,0.5097402597402597,0.6595950678408194,0.6571428571428571,0.7028862478777589,0.61698956780924,0.7060834969073151,0.8814675446848542,0.8248239436619719,0.9464646464646465,0.9178664133822994
LR,0.7023623956793275,0.7177960434025988,0.693100797199158,0.7562214321990859,0.7345047259544497,"{'C': 0.1, 'solver': 'lbfgs'}","['mfcc_5', 'wav_detail_lvl3_std', 'spec_centroid']",0.5636363636363636,0.640495867768595,0.5032467532467533,0.6136153764472074,0.6824372759856631,0.6574585635359116,0.7093889716840537,0.6997620758288552,0.8610135474159558,0.8554336989032901,0.8666666666666667,0.8901367255872863
LR,0.702360106086441,0.7058697884151188,0.6993360616311436,0.7613001523616049,0.7274169559654858,"{'C': 0.1, 'solver': 'lbfgs'}","['mfcc_5', 'mfcc_11', 'wav_detail_lvl5_std', 'mfcc_8', 'mfcc_10', 'wav_detail_lvl3_std']",0.5503355704697986,0.5694444444444444,0.5324675324675324,0.6369314011358541,0.6746268656716418,0.6756352765321375,0.6736214605067065,0.61784533967146,0.8821178821178821,0.8725296442687747,0.8919191919191919,0.9274741270891432
LR,0.7022501809362578,0.7217525324094466,0.6911432829465616,0.7694261046216353,0.7645140006761745,"{'C': 0.1, 'solver': 'lbfgs'}","['mfcc_6', 'mfcc_5', 'mfcc_11', 'wav_detail_lvl5_std', 'mfcc_10', 'zcr_mean']",0.5407407407407407,0.6293103448275862,0.474025974025974,0.6488427570215991,0.6781954887218045,0.6843702579666161,0.6721311475409836,0.7210548868493755,0.8878143133462283,0.8515769944341373,0.9272727272727272,0.9236443581575489
LR,0.7022113161395175,0.7153135601910519,0.6934986082527065,0.760284408329101,0.7635738222330577,"{'C': 0.1, 'solver': 'lbfgs'}","['mfcc_5', 'wav_detail_lvl5_std', 'mfcc_8', 'mfcc_10', 'zcr_mean', 'spec_centroid']",0.5591397849462365,0.624,0.5064935064935064,0.6421498024760909,0.6735445836403832,0.6661807580174927,0.6810730253353204,0.7281756303444841,0.8739495798319328,0.8557599225556631,0.8929292929292929,0.9203960338785979
LR,0.7021458783411082,0.7080992839843105,0.6974747474747476,0.7521584560690706,0.7448123956021316,"{'C': 0.1, 'solver': 'lbfgs'}","['mfcc_3', 'mfcc_5', 'mfcc_11', 'wav_detail_lvl3_std', 'zcr_mean']",0.5912162162162162,0.6161971830985915,0.5681818181818182,0.6451326033596824,0.6509146341463414,0.6661466458658346,0.6363636363636364,0.6583291252301117,0.8643067846607669,0.8419540229885057,0.8878787878787879,0.930975458216601
LR,0.7020885697861585,0.7199665050125272,0.6913057191745716,0.7648552564753682,0.7578475268515916,"{'C': 0.1, 'solver': 'lbfgs'}","['mfcc_6', 'mfcc_11', 'wav_detail_lvl5_std', 'wav_detail_lvl3_std', 'zcr_mean']",0.5537340619307832,0.6307053941908713,0.4935064935064935,0.6625138649209575,0.6753048780487805,0.6911076443057722,0.6602086438152012,0.6967204744078485,0.8772267693789119,0.8380864765409384,0.9202020202020202,0.9143082412259687
LR,0.7020757281937552,0.7189065586201345,0.6920489043439865,0.7694261046216353,0.7606425123487502,"{'C': 0.1, 'solver': 'lbfgs'}","['mfcc_6', 'mfcc_5', 'mfcc_11', 'mfcc_10', 'wav_detail_lvl3_std', 'zcr_mean']",0.5374771480804388,0.6150627615062761,0.4772727272727273,0.6260360490847733,0.6807228915662651,0.6879756468797564,0.6736214605067065,0.7318556557029792,0.8880271449345614,0.8536812674743709,0.9252525252525252,0.9240358322584983
LR,0.702075680569489,0.7236792339979382,0.689567414977251,0.7623158963941087,0.7886012887899145,"{'C': 10.0, 'solver': 'lbfgs'}","['mfcc_6', 'mfcc_3', 'mfcc_5', 'mfcc_11', 'wav_detail_lvl5_std', 'mfcc_8', 'mfcc_10', 'wav_detail_lvl3_std', 'zcr_mean', 'spec_centroid']",0.5666666666666667,0.6594827586206896,0.4967532467532468,0.674401192797522,0.6641394996209249,0.6759259259259259,0.6527570789865872,0.7428447432913317,0.8754208754208754,0.8356290174471993,0.9191919191919192,0.9485579302808897
LR,0.7019612831173601,0.717007642563198,0.6921257855684084,0.7592686642965972,0.7501331940494089,"{'C': 0.1, 'solver': 'lbfgs'}","['mfcc_3', 'mfcc_5', 'wav_detail_lvl5_std', 'mfcc_8']",0.5734767025089605,0.64,0.5194805194805194,0.6619832860214839,0.6580742987111448,0.6697530864197531,0.646795827123696,0.6534265439551428,0.8743328481319748,0.8412698412698413,0.9101010101010101,0.9349897521716
LR,0.7018889959322682,0.710052112842158,0.6958787721082803,0.7597765363128491,0.7522557165911272,"{'C': 0.1, 'solver': 'lbfgs'}","['mfcc_5', 'wav_detail_lvl5_std', 'mfcc_8', 'mfcc_10', 'spec_centroid']",0.554006968641115,0.5977443609022557,0.5162337662337663,0.6316944206811714,0.6759735488611315,0.6666666666666666,0.6855439642324889,0.7096509043320494,0.8756864702945582,0.8657453109575518,0.8858585858585859,0.915421824760161
LR,0.7018553038870085,0.7126684991816691,0.6939445193543555,0.7531742001015744,0.738654563764416,"{'C': 0.1, 'solver': 'lbfgs'}","['mfcc_3', 'mfcc_5', 'wav_detail_lvl3_std']",0.5849387040280211,0.6349809885931559,0.5422077922077922,0.6440199222876678,0.6581517655897822,0.6636363636363637,0.6527570789865872,0.6454858577117145,0.862475442043222,0.8393881453154876,0.8868686868686869,0.9264579112938656
LR,0.7018324088758993,0.7142245973127165,0.693871975019516,0.7633316404266125,0.7340340675461196,"{'C': 0.1, 'solver': 'lbfgs'}","['mfcc_5', 'wav_detail_lvl5_std', 'mfcc_10', 'zcr_mean']",0.5421903052064632,0.606425702811245,0.4902597402597403,0.6315619376423158,0.6861313868613139,0.6723891273247496,0.7004470938897168,0.6950661656981852,0.8771755345599205,0.8638589618021547,0.8909090909090909,0.8754740992978575
LR,0.7018012152777778,0.7220891499246215,0.6898047611162365,0.7597765363128491,0.7750848676882557,"{'C': 10.0, 'solver': 'lbfgs'}","['mfcc_3', 'mfcc_5', 'wav_detail_lvl5_std', 'mfcc_10', 'wav_detail_lvl3_std', 'spec_centroid']",0.5666666666666667,0.6594827586206896,0.4967532467532468,0.6689500484912396,0.6666666666666666,0.6627393225331369,0.6706408345752608,0.722606185497385,0.8720703125,0.8440453686200378,0.902020202020202,0.9336983690761428
LR,0.7014608117742879,0.7193766717152218,0.691016724623282,0.7613001523616049,0.7761467228478246,"{'C': 1.0, 'solver': 'lbfgs'}","['mfcc_6', 'mfcc_3', 'mfcc_5', 'wav_detail_lvl5_std', 'mfcc_8', 'mfcc_10', 'zcr_mean', 'spec_centroid']",0.5770609318996416,0.644,0.5227272727272727,0.6647955376388602,0.6494117647058824,0.6854304635761589,0.61698956780924,0.7214182430146758,0.8779097387173397,0.8286995515695067,0.9333333333333333,0.942226387889938
LR,0.7014194865188025,0.7224714542963581,0.6891148014098833,0.7582529202640934,0.7818967268528416,"{'C': 0.1, 'solver': 'lbfgs'}","['mfcc_3', 'mfcc_5', 'mfcc_11', 'wav_detail_lvl5_std', 'mfcc_10', 'wav_detail_lvl3_std', 'spec_centroid']",0.5687732342007435,0.6652173913043479,0.4967532467532468,0.6755365107838552,0.6661753868828297,0.6588921282798834,0.6736214605067065,0.7334145714229728,0.869309838472834,0.8433048433048433,0.896969696969697,0.9367390983516967
LR,0.7014093066956285,0.7096920530830969,0.6953646535613749,0.760284408329101,0.7111688358398155,"{'C': 0.1, 'solver': 'lbfgs'}","['mfcc_5', 'mfcc_10', 'wav_detail_lvl3_std']",0.5479930191972077,0.5924528301886792,0.5097402597402597,0.6084433090726182,0.6828550404709345,0.6744186046511628,0.6915052160953801,0.6761551353024666,0.8733798604187437,0.8622047244094488,0.8848484848484849,0.8489080631443615
LR,0.701392649718303,0.7161368109435743,0.6914381914381914,0.7531742001015744,0.7483741101132447,"{'C': 0.1, 'solver': 'lbfgs'}","['mfcc_3', 'mfcc_5', 'wav_detail_lvl5_std', 'mfcc_8', 'zcr_mean']",0.5918003565062389,0.6561264822134387,0.538961038961039,0.6556223935922286,0.6474601971190296,0.6589506172839507,0.6363636363636364,0.6543043506627634,0.8649173955296404,0.8333333333333334,0.898989898989899,0.9351955860847421
LR,0.701375634967632,0.725185504250759,0.6885600738059754,0.7638395124428644,0.7811195482506751,"{'C': 0.1, 'solver': 'lbfgs'}","['mfcc_3', 'mfcc_5', 'wav_detail_lvl5_std', 'mfcc_10', 'wav_detail_lvl3_std', 'zcr_mean', 'spec_centroid']",0.5519848771266541,0.6606334841628959,0.474025974025974,0.6766429156696715,0.6745213549337261,0.6666666666666666,0.6825633383010432,0.7388623517972878,0.8776206728425159,0.8482563619227145,0.9090909090909091,0.9278533772850659
LR,0.7013647216578214,0.7118742449092541,0.6940068128592719,0.7628237684103606,0.7611477171948949,"{'C': 0.1, 'solver': 'lbfgs'}","['mfcc_6', 'mfcc_5', 'mfcc_11', 'wav_detail_lvl5_std', 'mfcc_8', 'mfcc_10']",0.5518453427065027,0.6015325670498084,0.5097402597402597,0.6421561019660116,0.6711915535444947,0.6793893129770993,0.6631892697466468,0.7020389094530879,0.8810572687224669,0.8547008547008547,0.9090909090909091,0.9392481401655853
LR,0.7012991054964903,0.7040726598257095,0.6988250971857529,0.755713560182834,0.7315982818075124,"{'C': 0.1, 'solver': 'lbfgs'}","['mfcc_5', 'mfcc_11', 'wav_detail_lvl5_std', 'mfcc_8', 'mfcc_10', 'zcr_mean']",0.5657237936772047,0.5802047781569966,0.551948051948052,0.6379779025565847,0.6641735228122663,0.6666666666666666,0.6616989567809239,0.637155964949315,0.874,0.8653465346534653,0.8828282828282829,0.9196609779166371
LR,0.7012297764810546,0.728486374139912,0.6873910849320685,0.7673946165566278,0.7735990333346026,"{'C': 10.0, 'solver': 'lbfgs'}","['mfcc_6', 'mfcc_3', 'mfcc_11', 'wav_detail_lvl5_std', 'mfcc_8', 'wav_detail_lvl3_std', 'zcr_mean', 'spec_centroid']",0.5590994371482176,0.6622222222222223,0.4837662337662338,0.675293840027188,0.6619607843137255,0.6986754966887417,0.6289120715350224,0.7241348756839423,0.8826291079812206,0.8245614035087719,0.9494949494949495,0.9213683842926774
LR,0.7012161563685559,0.7195720571430909,0.690294829639092,0.7648552564753682,0.7567709087376183,"{'C': 10.0, 'solver': 'lbfgs'}","['mfcc_6', 'mfcc_11', 'wav_detail_lvl5_std', 'wav_detail_lvl3_std']",0.5484460694698354,0.6276150627615062,0.487012987012987,0.6541937781226004,0.6793602437166794,0.6947040498442367,0.6646795827123696,0.6984913069814237,0.875842155919153,0.8363970588235294,0.9191919191919192,0.9176276411088311
LR,0.701202663611045,0.7100592971231586,0.6948994235879482,0.7638395124428644,0.7212761193020142,"{'C': 0.1, 'solver': 'lbfgs'}","['mfcc_5', 'wav_detail_lvl5_std', 'mfcc_10']",0.5368421052631579,0.583969465648855,0.4967532467532468,0.6308006098442559,0.6873614190687362,0.6818181818181818,0.6929955290611028,0.6752177908145339,0.8794044665012407,0.864390243902439,0.8949494949494949,0.857809957247253
LR,0.7010876969480094,0.7168207714579248,0.6908842523596622,0.7572371762315896,0.7637186601884552,"{'C': 0.1, 'solver': 'lbfgs'}","['mfcc_3', 'mfcc_5', 'wav_detail_lvl5_std', 'mfcc_8', 'mfcc_10', 'wav_detail_lvl3_std', 'spec_centroid']",0.578096947935368,0.6465863453815262,0.5227272727272727,0.6593756582539808,0.6534954407294833,0.6666666666666666,0.6408345752608048,0.6944762304412988,0.8716707021791767,0.8372093023255814,0.9090909090909091,0.9373040918700861
LR,0.7010704714786348,0.7153355154688233,0.6916124555468817,0.7582529202640934,0.7494381301213439,"{'C': 0.1, 'solver': 'lbfgs'}","['mfcc_3', 'mfcc_5', 'wav_detail_lvl5_std', 'mfcc_8', 'wav_detail_lvl3_std']",0.5714285714285714,0.6349206349206349,0.5194805194805194,0.6600906578472078,0.6590909090909091,0.6702619414483821,0.6482861400894188,0.653645945433575,0.8726919339164237,0.8408239700374532,0.907070707070707,0.934577787083249
LR,0.7009851969574262,0.7179368995803427,0.6909666532617352,0.7689182326053834,0.7614854991946093,"{'C': 0.1, 'solver': 'lbfgs'}","['mfcc_6', 'mfcc_5', 'mfcc_11', 'wav_detail_lvl5_std', 'mfcc_10', 'wav_detail_lvl3_std', 'zcr_mean']",0.5347985347985348,0.6134453781512605,0.474025974025974,0.6473534726045355,0.6796992481203008,0.6858877086494689,0.6736214605067065,0.7127973192683984,0.8884578079534433,0.8544776119402985,0.9252525252525252,0.9243057057108943
LR,0.7008786460598907,0.7147621332279702,0.6921017355443585,0.7648552564753682,0.7688729970128398,"{'C': 0.1, 'solver': 'lbfgs'}","['mfcc_6', 'mfcc_5', 'mfcc_11', 'mfcc_8', 'mfcc_10', 'wav_detail_lvl3_std', 'zcr_mean', 'spec_centroid']",0.5516014234875445,0.610236220472441,0.5032467532467533,0.6294346264178645,0.6671790930053805,0.6888888888888889,0.646795827123696,0.7317282712866111,0.883855421686747,0.8451612903225807,0.9262626262626262,0.945456093334044
LR,0.7008589474451158,0.7162107381309833,0.6912871888281723,0.7597765363128491,0.7763374466721272,"{'C': 1.0, 'solver': 'lbfgs'}","['mfcc_6', 'mfcc_3', 'mfcc_5', 'mfcc_11', 'mfcc_8', 'wav_detail_lvl3_std', 'zcr_mean', 'spec_centroid']",0.5729537366548043,0.6338582677165354,0.5227272727272727,0.6476676079814777,0.6542635658914728,0.6817447495961227,0.6289120715350224,0.7346168272434158,0.87535953978907,0.833029197080292,0.9222222222222223,0.9467279047914883
LR,0.700639148618798,0.7175553131913733,0.6913751094078964,0.7618080243778568,0.748514794629142,"{'C': 10.0, 'solver': 'lbfgs'}","['mfcc_5', 'mfcc_11', 'wav_detail_lvl5_std', 'mfcc_10', 'spec_centroid']",0.5387453874538746,0.6239316239316239,0.474025974025974,0.6352322405917189,0.6914285714285714,0.663923182441701,0.7213114754098361,0.7190063938433584,0.8717434869739479,0.8648111332007953,0.8787878787878788,0.8913057494523486
LR,0.7005874427181387,0.7049352081610146,0.6969417043187535,0.7567293042153377,0.7318457698264655,"{'C': 0.1, 'solver': 'lbfgs'}","['mfcc_5', 'wav_detail_lvl5_std', 'mfcc_8', 'mfcc_10', 'wav_detail_lvl3_std', 'zcr_mean']",0.5622895622895623,0.583916083916084,0.5422077922077922,0.6381190086237286,0.6641622839969947,0.6696969696969697,0.6587183308494784,0.6372444540895689,0.8753104818678589,0.8611925708699902,0.8898989898989899,0.9201738467660994
LR,0.700552499093034,0.7148635849712038,0.6920110551258092,0.760792280345353,0.7668962675127089,"{'C': 10.0, 'solver': 'lbfgs'}","['mfcc_6', 'mfcc_3', 'mfcc_5', 'wav_detail_lvl5_std', 'mfcc_8', 'mfcc_10', 'spec_centroid']",0.5729349736379613,0.6245210727969349,0.5292207792207793,0.6571284647625132,0.64937106918239,0.6871880199667221,0.6154992548435171,0.7020351820035294,0.8793514544587506,0.8328816621499548,0.9313131313131313,0.9415251557720838
LR,0.700481385682246,0.722759513425245,0.689011504585275,0.7628237684103606,0.7410957985404165,"{'C': 1.0, 'solver': 'lbfgs'}","['mfcc_5', 'mfcc_11', 'wav_detail_lvl5_std', 'mfcc_10', 'wav_detail_lvl3_std', 'zcr_mean', 'spec_centroid']",0.5406427221172023,0.6470588235294118,0.4642857142857143,0.6423982168624625,0.6882183908045977,0.6643550624133149,0.713859910581222,0.7292122421297226,0.872583044124938,0.8568646543330087,0.8888888888888888,0.8516769366290646
LR,0.7003759787725429,0.7074910659473425,0.6948643342085966,0.7582529202640934,0.7538197641406633,"{'C': 0.1, 'solver': 'lbfgs'}","['mfcc_5', 'mfcc_8', 'wav_detail_lvl3_std', 'zcr_mean', 'spec_centroid']",0.5576592082616179,0.5934065934065934,0.525974025974026,0.6254128665434364,0.6676646706586826,0.6706766917293233,0.6646795827123696,0.7168793332126264,0.875804057397328,0.8583899127061105,0.8939393939393939,0.9191670926659273
LR,0.7002040522312091,0.7121268049304302,0.6921518069059053,0.7582529202640934,0.7570106555660985,"{'C': 0.1, 'solver': 'lbfgs'}","['mfcc_5', 'mfcc_11', 'mfcc_8', 'wav_detail_lvl3_std', 'zcr_mean', 'spec_centroid']",0.5561497326203209,0.616600790513834,0.5064935064935064,0.6240354570823305,0.6705796038151137,0.6604046242774566,0.6810730253353204,0.7241380138903584,0.8738828202581926,0.859375,0.8888888888888888,0.9228584957256063
LR,0.7001887246976839,0.7208787246582521,0.6884287843304238,0.7648552564753682,0.7585356038535424,"{'C': 0.1, 'solver': 'lbfgs'}","['mfcc_6', 'wav_detail_lvl5_std', 'wav_detail_lvl3_std', 'zcr_mean']",0.5498154981549815,0.6367521367521367,0.4837662337662338,0.6539207366813394,0.6722817764165391,0.6913385826771653,0.65424739195231,0.6982375005647254,0.8784688995215311,0.8345454545454546,0.9272727272727272,0.9234485743145622
LR,0.7001858532921199,0.711881527775419,0.6938014019981233,0.760284408329101,0.7651265397853763,"{'C': 0.1, 'solver': 'lbfgs'}","['mfcc_6', 'mfcc_3', 'mfcc_5', 'mfcc_8', 'wav_detail_lvl3_std']",0.5763293310463122,0.610909090909091,0.5454545454545454,0.6432891727466781,0.6427432216905901,0.6912521440823327,0.6005961251862891,0.7126745235041549,0.8814850071394574,0.8334833483348335,0.9353535353535354,0.9394159231052956
LR,0.700126819762608,0.7078471429477485,0.694459820689329,0.7587607922803453,0.754693548493275,"{'C': 0.1, 'solver': 'lbfgs'}","['mfcc_5', 'mfcc_11', 'mfcc_8', 'wav_detail_lvl3_std', 'spec_centroid']",0.5495652173913044,0.5917602996254682,0.512987012987013,0.6163256595975185,0.6734992679355783,0.6618705035971223,0.6855439642324889,0.7234992534430704,0.8773159739609414,0.8699106256206555,0.8848484848484849,0.9242557324392358
LR,0.7001234957722845,0.728745376427771,0.6854430329840167,0.7633316404266125,0.7660568098355118,"{'C': 0.1, 'solver': 'lbfgs'}","['mfcc_6', 'mfcc_3', 'mfcc_11', 'wav_detail_lvl5_std', 'zcr_mean', 'spec_centroid']",0.5671077504725898,0.6787330316742082,0.487012987012987,0.6846799626645073,0.6557886557886557,0.685064935064935,0.6289120715350224,0.7018666153919042,0.8774740810556079,0.8224381625441696,0.9404040404040404,0.911623851450124
LR,0.7000631536226075,0.7214011880082563,0.687695849990932,0.7572371762315896,0.7766196689376211,"{'C': 0.1, 'solver': 'lbfgs'}","['mfcc_3', 'mfcc_5', 'mfcc_11', 'wav_detail_lvl5_std', 'mfcc_10', 'spec_centroid']",0.5661080074487895,0.6637554585152838,0.4935064935064935,0.6681823828525406,0.6661753868828297,0.6588921282798834,0.6736214605067065,0.7254718436316877,0.8679060665362035,0.8415559772296015,0.895959595959596,0.936204780328635
LR,0.7000425902503964,0.7097397804392299,0.6931071054021873,0.7597765363128491,0.7595123609119975,"{'C': 0.1, 'solver': 'lbfgs'}","['mfcc_5', 'mfcc_11', 'mfcc_8', 'mfcc_10', 'wav_detail_lvl3_std', 'zcr_mean', 'spec_centroid']",0.5518453427065027,0.6015325670498084,0.5097402597402597,0.6208769050031668,0.6696296296296296,0.6656848306332842,0.6736214605067065,0.7279627151489417,0.878652798415057,0.8620019436345967,0.895959595959596,0.9296974625838837
LR,0.6999986785072417,0.7132140472655958,0.6924538121259433,0.7597765363128491,0.7714646398964496,"{'C': 10.0, 'solver': 'lbfgs'}","['mfcc_6', 'mfcc_3', 'mfcc_5', 'mfcc_8', 'wav_detail_lvl3_std', 'zcr_mean', 'spec_centroid']",0.5763888888888888,0.6194029850746269,0.538961038961039,0.6476356254298633,0.6444444444444445,0.6893039049235993,0.6050670640834576,0.7247305685829675,0.879162702188392,0.8309352517985612,0.9333333333333333,0.9420277256765183
LR,0.699855536564729,0.7089612552192811,0.6934166016133231,0.7562214321990859,0.7265517181982634,"{'C': 0.1, 'solver': 'lbfgs'}","['mfcc_5', 'mfcc_10', 'wav_detail_lvl3_std', 'zcr_mean']",0.5543859649122806,0.6030534351145038,0.512987012987013,0.6090819406914861,0.6768781911013858,0.6628571428571428,0.6915052160953801,0.6870128748634159,0.8683024536805208,0.8609731876861966,0.8757575757575757,0.8835603390398883
LR,0.6998246762300716,0.7212072674105948,0.6887749469716683,0.7628237684103606,0.7611715103829994,"{'C': 1.0, 'solver': 'lbfgs'}","['mfcc_6', 'mfcc_3', 'mfcc_11', 'wav_detail_lvl5_std', 'mfcc_8', 'zcr_mean']",0.572972972972973,0.6437246963562753,0.5162337662337663,0.666643331712401,0.6463512429831596,0.6996527777777778,0.6005961251862891,0.705252159665829,0.8801498127340824,0.8202443280977313,0.9494949494949495,0.9116190397707682
LR,0.6997184995665231,0.7089623843338276,0.6932064595999021,0.7628237684103606,0.7531868309479579,"{'C': 0.1, 'solver': 'lbfgs'}","['mfcc_6', 'mfcc_5', 'wav_detail_lvl5_std', 'mfcc_8', 'mfcc_10', 'wav_detail_lvl3_std']",0.5460869565217391,0.5880149812734082,0.5097402597402597,0.6405357646010575,0.669710806697108,0.6842923794712286,0.6557377049180327,0.6894633322313047,0.8833577354807223,0.8545797922568461,0.9141414141414141,0.9295613960115114
LR,0.6996511435444185,0.714497259627803,0.6917437450224336,0.7562214321990859,0.7559110713028545,"{'C': 1.0, 'solver': 'lbfgs'}","['mfcc_6', 'mfcc_3', 'zcr_mean', 'spec_centroid']",0.59375,0.6380597014925373,0.5551948051948052,0.6624987611737638,0.6313253012048192,0.6846689895470384,0.5856929955290611,0.6911570573504885,0.8738781294284365,0.8207630878438332,0.9343434343434344,0.9140773953843112
LR,0.6996424675967402,0.7049070562344899,0.6953287756566445,0.7562214321990859,0.7499118256299377,"{'C': 0.1, 'solver': 'lbfgs'}","['mfcc_5', 'mfcc_8', 'wav_detail_lvl3_std', 'spec_centroid']",0.5578231292517006,0.5857142857142857,0.5324675324675324,0.6170493092913633,0.6671630677587491,0.6666666666666666,0.6676602086438153,0.7155770866343403,0.8739412057797707,0.8623402163225172,0.8858585858585859,0.9171090809641098
LR,0.6995805621379079,0.7186684767911728,0.6892046933030539,0.7638395124428644,0.7382017600614099,"{'C': 0.1, 'solver': 'lbfgs'}","['mfcc_5', 'mfcc_11', 'wav_detail_lvl5_std', 'mfcc_10', 'zcr_mean', 'spec_centroid']",0.5335820895522388,0.6271929824561403,0.4642857142857143,0.6416949016206379,0.6893555394641564,0.6704225352112676,0.7093889716840537,0.7283053650054059,0.875804057397328,0.8583899127061105,0.8939393939393939,0.8446050135581861
LR,0.6994490462496157,0.7084984434809475,0.6928563543317642,0.755713560182834,0.7533416862904208,"{'C': 0.1, 'solver': 'lbfgs'}","['mfcc_6', 'mfcc_5', 'wav_detail_lvl5_std', 'mfcc_8', 'mfcc_10', 'wav_detail_lvl3_std', 'zcr_mean']",0.5709342560553633,0.6111111111111112,0.5357142857142857,0.6430455225873417,0.654490106544901,0.6687402799377916,0.6408345752608048,0.6793575868540794,0.8729227761485826,0.8456439393939394,0.902020202020202,0.9376219494298408
LR,0.6993074046040476,0.7142597141040228,0.6892571302407368,0.7516505840528187,0.7476567059746942,"{'C': 1.0, 'solver': 'lbfgs'}","['mfcc_3', 'mfcc_5', 'wav_detail_lvl5_std', 'mfcc_8', 'wav_detail_lvl3_std', 'zcr_mean']",0.5867620751341681,0.6533864541832669,0.5324675324675324,0.6558593243943965,0.6470588235294118,0.6549618320610687,0.639344262295082,0.6525879543260001,0.864101315148563,0.8344308560677328,0.895959595959596,0.9345228392036858
LR,0.699060017304589,0.7172527441421508,0.6878515837532232,0.7572371762315896,0.7583340346402515,"{'C': 1.0, 'solver': 'lbfgs'}","['mfcc_6', 'mfcc_11', 'wav_detail_lvl5_std', 'zcr_mean']",0.5656934306569343,0.6458333333333334,0.5032467532467533,0.6696307910662601,0.6631419939577039,0.6722817764165391,0.65424739195231,0.6951672120432082,0.8683446272991288,0.8336431226765799,0.906060606060606,0.9102041008112861
LR,0.6990431661705457,0.7187359114151674,0.6878093976454632,0.7653631284916201,0.7591163981889023,"{'C': 0.1, 'solver': 'lbfgs'}","['mfcc_6', 'wav_detail_lvl5_std', 'wav_detail_lvl3_std', 'spec_centroid']",0.5397412199630314,0.6266094420600858,0.474025974025974,0.6562159535304806,0.6772727272727272,0.6887519260400616,0.6661698956780924,0.696919185211721,0.8801155512758787,0.8408463661453542,0.9232323232323232,0.9242140558245053
LR,0.699011521339966,0.7142127814088598,0.6890406800242866,0.7546978161503302,0.769467674557052,"{'C': 0.1, 'solver': 'lbfgs'}","['mfcc_3', 'mfcc_5', 'wav_detail_lvl5_std', 'mfcc_8', 'mfcc_10', 'zcr_mean', 'spec_centroid']",0.5770609318996416,0.644,0.5227272727272727,0.6613670524507388,0.6504927975739196,0.6620370370370371,0.639344262295082,0.7091577965308621,0.8694808345463367,0.8366013071895425,0.9050505050505051,0.937878174689555
LR,0.6987867885493998,0.7074435306449197,0.6925208367831318,0.7613001523616049,0.7240116542716549,"{'C': 0.1, 'solver': 'lbfgs'}","['mfcc_5', 'mfcc_11', 'wav_detail_lvl5_std', 'mfcc_10']",0.5384615384615384,0.5833333333333334,0.5,0.634316883255297,0.6785714285714286,0.6775631500742942,0.6795827123695977,0.6709709788819199,0.8793273986152325,0.8614341085271318,0.897979797979798,0.8667471006777475
LR,0.6986852881512396,0.7054201424414189,0.6934785008555501,0.7582529202640934,0.7545859516198606,"{'C': 10.0, 'solver': 'lbfgs'}","['mfcc_5', 'mfcc_8', 'mfcc_10', 'wav_detail_lvl3_std', 'zcr_mean', 'spec_centroid']",0.5523156089193825,0.5854545454545454,0.5227272727272727,0.6231333408734526,0.6651617757712566,0.6717325227963525,0.6587183308494784,0.719916526113155,0.87857847976308,0.859073359073359,0.898989898989899,0.9207079878729743
LR,0.6986847316588564,0.7129915887516307,0.6895516444696773,0.760284408329101,0.7669131159110701,"{'C': 1.0, 'solver': 'lbfgs'}","['mfcc_6', 'mfcc_11', 'wav_detail_lvl5_std', 'mfcc_8', 'wav_detail_lvl3_std', 'spec_centroid']",0.5525846702317291,0.6126482213438735,0.5032467532467533,0.6520603214483717,0.6707597851112816,0.6914556962025317,0.6512667660208644,0.7247993490240059,0.8727097396335584,0.834870848708487,0.9141414141414141,0.9238796772608325
LR,0.6986486366590722,0.7170364339711739,0.68811219139088,0.766378872524124,0.7636490033224397,"{'C': 0.1, 'solver': 'lbfgs'}","['mfcc_6', 'mfcc_5', 'mfcc_11', 'mfcc_10', 'wav_detail_lvl3_std', 'spec_centroid']",0.532347504621072,0.6180257510729614,0.4675324675324675,0.6251283293878177,0.6791323859386686,0.6816816816816816,0.676602086438152,0.7350623025312382,0.8844660194174757,0.8514018691588785,0.9202020202020202,0.9307563780482632
LR,0.6985999314969166,0.7023455731588433,0.6964173349419251,0.760284408329101,0.7549838604376181,"{'C': 1.0, 'solver': 'lbfgs'}","['mfcc_6', 'mfcc_5', 'mfcc_8', 'mfcc_10', 'wav_detail_lvl3_std']",0.5502471169686985,0.5585284280936454,0.5422077922077922,0.6260996846575205,0.6599221789883268,0.6905537459283387,0.6318926974664679,0.7106333192451824,0.8856304985337243,0.8579545454545454,0.9151515151515152,0.9282185774101515
LR,0.6984893707502371,0.7193805787326532,0.6872144552472421,0.7668867445403759,0.7697370196372675,"{'C': 0.1, 'solver': 'lbfgs'}","['mfcc_6', 'mfcc_3', 'mfcc_5', 'wav_detail_lvl5_std', 'mfcc_10']",0.5467889908256881,0.6286919831223629,0.4837662337662338,0.6622416580489614,0.6604215456674473,0.6934426229508197,0.6304023845007451,0.7065213162437156,0.8882575757575758,0.8360071301247772,0.9474747474747475,0.9404480846191254
LR,0.6983721881274709,0.721084342718611,0.6872617667699634,0.7582529202640934,0.7495100396195454,"{'C': 0.1, 'solver': 'lbfgs'}","['mfcc_5', 'wav_detail_lvl5_std', 'mfcc_10', 'wav_detail_lvl3_std', 'spec_centroid']",0.5416666666666666,0.65,0.4642857142857143,0.6315936745100778,0.6878531073446328,0.6536912751677852,0.7257824143070045,0.7215490354622768,0.8655967903711134,0.8595617529880478,0.8717171717171717,0.8953874088862818
LR,0.6983696414149194,0.7047997536202387,0.6936192526356462,0.7546978161503302,0.7583557281308816,"{'C': 0.1, 'solver': 'lbfgs'}","['mfcc_6', 'mfcc_5', 'mfcc_8', 'wav_detail_lvl3_std', 'zcr_mean']",0.5694915254237288,0.5957446808510638,0.5454545454545454,0.6294691540839062,0.651840490797546,0.6714060031595577,0.6333830104321908,0.7081827700225525,0.8737769080234834,0.8472485768500949,0.902020202020202,0.9374152602861862
LR,0.6981736631762544,0.7107093076168501,0.6896628265480724,0.7572371762315896,0.7592196804086276,"{'C': 1.0, 'solver': 'lbfgs'}","['mfcc_3', 'mfcc_5', 'mfcc_10', 'wav_detail_lvl3_std', 'zcr_mean', 'spec_centroid']",0.5587188612099644,0.6181102362204725,0.5097402597402597,0.6420079487803042,0.6611694152923538,0.665158371040724,0.6572280178837556,0.7122315704661811,0.8746327130264446,0.8488593155893536,0.902020202020202,0.9234195219793977
LR,0.6981625050821986,0.7099618178759138,0.6903066575197722,0.7587607922803453,0.7265203264107557,"{'C': 1.0, 'solver': 'lbfgs'}","['mfcc_5', 'mfcc_10', 'wav_detail_lvl3_std', 'zcr_mean', 'spec_centroid']",0.5428571428571428,0.6031746031746031,0.4935064935064935,0.6092607094883973,0.6799116997792495,0.6715116279069767,0.6885245901639344,0.7196482947364612,0.8717186726102031,0.8551992225461613,0.8888888888888888,0.8506519750074089
LR,0.6980812954969852,0.709039676231784,0.6910183016740395,0.7592686642965972,0.76130021785476,"{'C': 0.1, 'solver': 'lbfgs'}","['mfcc_5', 'mfcc_11', 'wav_detail_lvl5_std', 'mfcc_8', 'mfcc_10', 'wav_detail_lvl3_std', 'spec_centroid']",0.5383244206773619,0.5968379446640316,0.4902597402597403,0.6361497153513287,0.678726483357453,0.659634317862166,0.698956780923994,0.7187492618400121,0.8771929824561403,0.8706467661691543,0.8838383838383839,0.9290016763729392
LR,0.6980004387870387,0.7164045683598955,0.6872586126684487,0.7633316404266125,0.7578333501302312,"{'C': 1.0, 'solver': 'lbfgs'}","['mfcc_6', 'wav_detail_lvl5_std', 'wav_detail_lvl3_std']",0.5437956204379562,0.6208333333333333,0.4837662337662338,0.652089501871076,0.6728110599078341,0.694136291600634,0.6527570789865872,0.6977875899534975,0.8773946360153256,0.8342440801457195,0.9252525252525252,0.9236229585661204
LR,0.6979085283666647,0.7054486977272191,0.6921671831507897,0.7526663280853225,0.7547950712608597,"{'C': 0.1, 'solver': 'lbfgs'}","['mfcc_3', 'mfcc_5', 'mfcc_11', 'wav_detail_lvl3_std', 'spec_centroid']",0.5728987993138936,0.6072727272727273,0.5422077922077922,0.6456159834042234,0.6504927975739196,0.6620370370370371,0.639344262295082,0.6887470344098838,0.8703339882121808,0.847036328871893,0.8949494949494949,0.9300221959684716
LR,0.697887890315962,0.7102855304668759,0.6894148353164747,0.7562214321990859,0.7613005597206169,"{'C': 0.1, 'solver': 'lbfgs'}","['mfcc_3', 'mfcc_5', 'wav_detail_lvl3_std', 'zcr_mean', 'spec_centroid']",0.5612788632326821,0.6196078431372549,0.512987012987013,0.6438259707850239,0.6591591591591591,0.6641452344931922,0.65424739195231,0.7138325080863067,0.873225648556045,0.8471035137701804,0.901010101010101,0.9262432002905203
LR,0.6976784355339336,0.7096837063259134,0.6900314621626098,0.7536820721178263,0.7346253413974457,"{'C': 0.1, 'solver': 'lbfgs'}","['mfcc_5', 'mfcc_11', 'wav_detail_lvl3_std', 'spec_centroid']",0.5509838998211091,0.6135458167330677,0.5,0.6167298553459956,0.6806056236481615,0.659217877094972,0.7034277198211625,0.6986928114708307,0.8614457831325302,0.8562874251497006,0.8666666666666667,0.8884533573755109
LR,0.6976603336923092,0.7198275153054069,0.6856232110330471,0.7653631284916201,0.7659736562672821,"{'C': 1.0, 'solver': 'lbfgs'}","['mfcc_6', 'wav_detail_lvl5_std', 'mfcc_8', 'wav_detail_lvl3_std', 'zcr_mean', 'spec_centroid']",0.5400372439478585,0.6331877729257642,0.4707792207792208,0.6509299196753013,0.671264367816092,0.6908517350157729,0.6527570789865872,0.7195234231253143,0.8816793893129771,0.8354430379746836,0.9333333333333333,0.9274676260012304
LR,0.6975396060797987,0.7160584763706807,0.6873039528777234,0.7648552564753682,0.7687637660937364,"{'C': 1.0, 'solver': 'lbfgs'}","['mfcc_6', 'mfcc_3', 'mfcc_5', 'wav_detail_lvl5_std', 'mfcc_10', 'wav_detail_lvl3_std']",0.5497287522603979,0.6204081632653061,0.4935064935064935,0.6633973646842919,0.6556862745098039,0.6920529801324503,0.6229508196721312,0.7026133129054349,0.8872037914691943,0.8357142857142857,0.9454545454545454,0.9402806206914824
LR,0.6975140377084325,0.700885419527288,0.6945682429288986,0.7526663280853225,0.7277712188232082,"{'C': 0.1, 'solver': 'lbfgs'}","['mfcc_5', 'wav_detail_lvl5_std', 'mfcc_8', 'mfcc_10', 'zcr_mean']",0.559463986599665,0.5778546712802768,0.5422077922077922,0.6370686841950236,0.6612062546537603,0.6607142857142857,0.6616989567809239,0.6280907540845122,0.8718718718718719,0.8640873015873016,0.8797979797979798,0.9181542181900886
LR,0.6974849777891375,0.7249821182941721,0.683032116638674,0.7582529202640934,0.7600070812480931,"{'C': 10.0, 'solver': 'lbfgs'}","['mfcc_6', 'mfcc_3', 'mfcc_11', 'wav_detail_lvl3_std', 'zcr_mean', 'spec_centroid']",0.575187969924812,0.6830357142857143,0.4967532467532468,0.6654427028150872,0.6428571428571429,0.6709886547811994,0.61698956780924,0.7042946183332869,0.874409820585458,0.8209219858156028,0.9353535353535354,0.9102839225959052
LR,0.6972728424712776,0.7173432719672878,0.6865765382158825,0.7623158963941087,0.7613326049848532,"{'C': 1.0, 'solver': 'lbfgs'}","['mfcc_6', 'mfcc_3', 'mfcc_11', 'wav_detail_lvl5_std', 'mfcc_8', 'wav_detail_lvl3_std']",0.5595667870036101,0.6300813008130082,0.5032467532467533,0.6601795733083081,0.6513105639396346,0.6972789115646258,0.6110283159463488,0.7057991365649425,0.8809411764705882,0.824669603524229,0.9454545454545454,0.9180191050813091
LR,0.6972334546328076,0.7227342559763072,0.6841991341991341,0.765871000507872,0.770101195545679,"{'C': 1.0, 'solver': 'lbfgs'}","['mfcc_6', 'mfcc_3', 'wav_detail_lvl5_std', 'mfcc_8', 'wav_detail_lvl3_std', 'zcr_mean', 'spec_centroid']",0.5440900562851783,0.6444444444444445,0.4707792207792208,0.664666308820878,0.6645914396887159,0.6954397394136808,0.6363636363636364,0.7218967078014669,0.8830188679245283,0.8283185840707965,0.9454545454545454,0.9237405700146923
LR,0.6972276239703343,0.7191239456429587,0.6855483011220717,0.7633316404266125,0.7564050502748483,"{'C': 1.0, 'solver': 'lbfgs'}","['mfcc_6', 'mfcc_3', 'wav_detail_lvl5_std', 'wav_detail_lvl3_std', 'zcr_mean']",0.5531135531135531,0.634453781512605,0.4902597402597403,0.666122863482559,0.658267716535433,0.6978297161936561,0.6229508196721312,0.6824664391692568,0.8803016022620169,0.8250883392226148,0.9434343434343434,0.9206258481727293
LR,0.6972150283637125,0.7070755763972708,0.6900898130406329,0.7541899441340782,0.7600824129134137,"{'C': 0.1, 'solver': 'lbfgs'}","['mfcc_3', 'mfcc_5', 'mfcc_11', 'wav_detail_lvl3_std', 'zcr_mean', 'spec_centroid']",0.5654450261780105,0.6113207547169811,0.525974025974026,0.646437106820936,0.6540785498489426,0.663093415007657,0.6453055141579732,0.7072150755360975,0.8721215090641842,0.8468125594671742,0.898989898989899,0.9265950563832077
LR,0.697206464533557,0.7104432936190516,0.6898962300601644,0.7613001523616049,0.7640426046598545,"{'C': 0.1, 'solver': 'lbfgs'}","['mfcc_6', 'mfcc_3', 'mfcc_5', 'wav_detail_lvl5_std', 'mfcc_8', 'mfcc_10']",0.56,0.602996254681648,0.5227272727272727,0.6560912896735788,0.6470588235294118,0.6933560477001703,0.6065573770491803,0.6968305624570499,0.8845605700712589,0.8349775784753363,0.9404040404040404,0.9392059618489352
LR,0.6972014052155968,0.7207528516258858,0.6847148297967971,0.7623158963941087,0.7547290676150179,"{'C': 1.0, 'solver': 'lbfgs'}","['mfcc_6', 'mfcc_3', 'wav_detail_lvl5_std', 'zcr_mean']",0.5582255083179297,0.648068669527897,0.4902597402597403,0.670571197172349,0.6536050156739812,0.6892561983471074,0.6214605067064084,0.6811386486687788,0.8797736916548797,0.8249336870026526,0.9424242424242424,0.9124773570039261
LR,0.6971190767596184,0.7127462193150523,0.687336676680939,0.7592686642965972,0.7698117608840875,"{'C': 0.1, 'solver': 'lbfgs'}","['mfcc_6', 'mfcc_5', 'mfcc_11', 'wav_detail_lvl5_std', 'mfcc_8', 'mfcc_10', 'wav_detail_lvl3_std', 'spec_centroid']",0.5480943738656987,0.6213991769547325,0.4902597402597403,0.645822044453587,0.6671652954375468,0.6696696696696697,0.6646795827123696,0.7224802959574466,0.8760975609756098,0.8471698113207548,0.907070707070707,0.9411329422412291
LR,0.696904991876206,0.7064128185991434,0.6924005866628816,0.7567293042153377,0.7590370096743339,"{'C': 0.1, 'solver': 'lbfgs'}","['mfcc_6', 'mfcc_3', 'mfcc_5', 'mfcc_8', 'mfcc_10', 'wav_detail_lvl3_std', 'spec_centroid']",0.5757575757575758,0.5979020979020979,0.5551948051948052,0.6345395621899013,0.6345381526104418,0.6881533101045296,0.5886736214605067,0.7006687046335631,0.8804192472606003,0.8331830477908025,0.9333333333333333,0.9419027621995371
LR,0.6968509005089575,0.7092683719634972,0.6900586662881745,0.7567293042153377,0.7697225903740145,"{'C': 0.1, 'solver': 'lbfgs'}","['mfcc_6', 'mfcc_3', 'mfcc_5', 'mfcc_8', 'mfcc_10', 'wav_detail_lvl3_std', 'zcr_mean', 'spec_centroid']",0.5758620689655173,0.6139705882352942,0.5422077922077922,0.6454945954712797,0.6363636363636364,0.6843910806174958,0.5946348733233979,0.7201486861591219,0.8783269961977186,0.829443447037702,0.9333333333333333,0.9435244894916419
LR,0.6968438563936404,0.710725661240284,0.6881291446865218,0.7577450482478415,0.7701574084540014,"{'C': 10.0, 'solver': 'lbfgs'}","['mfcc_6', 'mfcc_3', 'mfcc_5', 'mfcc_11', 'mfcc_8', 'wav_detail_lvl3_std', 'spec_centroid']",0.5628318584070796,0.6186770428015564,0.5162337662337663,0.6369998480413672,0.6506584043377227,0.6774193548387096,0.6259314456035767,0.7244879264507378,0.8770413064361191,0.8360805860805861,0.9222222222222223,0.948984450869899
LR,0.6968212208073069,0.710104413407698,0.6883787129688769,0.755713560182834,0.7750081113772422,"{'C': 10.0, 'solver': 'lbfgs'}","['mfcc_6', 'mfcc_3', 'mfcc_5', 'mfcc_11', 'mfcc_8', 'mfcc_10', 'wav_detail_lvl3_std', 'zcr_mean', 'spec_centroid']",0.5704225352112676,0.6230769230769231,0.525974025974026,0.6447518072970603,0.6454615981380916,0.6731391585760518,0.6199701937406855,0.7324505377718317,0.8745795290725613,0.8340971585701191,0.9191919191919192,0.9478219890628349
LR,0.6968037073453601,0.7013028464022263,0.6931469259338111,0.7562214321990859,0.752650138774776,"{'C': 0.1, 'solver': 'lbfgs'}","['mfcc_5', 'mfcc_11', 'mfcc_8', 'mfcc_10', 'wav_detail_lvl3_std', 'spec_centroid']",0.5432937181663837,0.5693950177935944,0.5194805194805194,0.6121231319807866,0.6671575846833578,0.6593886462882096,0.6751117734724292,0.7185949900871729,0.8799598191863385,0.8751248751248751,0.8848484848484849,0.9272322942563685
LR,0.6967197920121867,0.7046931690271124,0.6909477286526466,0.7572371762315896,0.7211947676019607,"{'C': 0.1, 'solver': 'lbfgs'}","['mfcc_5', 'wav_detail_lvl5_std', 'mfcc_10', 'wav_detail_lvl3_std']",0.537521815008726,0.5811320754716981,0.5,0.631203807399498,0.6803820720058781,0.6710144927536232,0.6900149031296572,0.6812989090548963,0.872255489021956,0.8619329388560157,0.8828282828282829,0.8510815863514873
LR,0.6966815146361687,0.7190350764457486,0.6847495249134594,0.760284408329101,0.7539484365822343,"{'C': 0.1, 'solver': 'lbfgs'}","['mfcc_6', 'mfcc_3', 'wav_detail_lvl3_std', 'spec_centroid']",0.5677655677655677,0.6512605042016807,0.5032467532467533,0.6553056306651162,0.6414499605988968,0.6806020066889632,0.6065573770491803,0.6946354064514353,0.8808290155440415,0.8252427184466019,0.9444444444444444,0.9119042726301514
LR,0.6964493625826651,0.7068394274715568,0.6891120415710579,0.7552056881665821,0.7571428894499247,"{'C': 0.1, 'solver': 'lbfgs'}","['mfcc_3', 'mfcc_5', 'mfcc_11', 'mfcc_10', 'wav_detail_lvl3_std', 'zcr_mean', 'spec_centroid']",0.5604203152364273,0.6083650190114068,0.5194805194805194,0.6426804993550909,0.6540499621498864,0.6646153846153846,0.6438152011922503,0.7025071882517031,0.8748778103616813,0.8475378787878788,0.9040404040404041,0.9262409807429799
LR,0.6964455691354452,0.7034415239106449,0.7070687357572604,0.7531742001015744,0.7543838937201536,"{'C': 0.1, 'solver': 'lbfgs'}","['mfcc_6', 'mfcc_3', 'mfcc_5', 'zcr_mean']",0.6074074074074074,0.55858310626703,0.6655844155844156,0.602127048107237,0.5986038394415357,0.7221052631578947,0.511177347242921,0.7191735669744103,0.8833254605573926,0.8296362023070097,0.9444444444444444,0.9418510660788132
LR,0.6963907455020601,0.7057877242993702,0.7093018396297085,0.7516505840528187,0.7473873211839188,"{'C': 1.0, 'solver': 'lbfgs'}","['mfcc_6', 'mfcc_3', 'mfcc_11', 'mfcc_8', 'zcr_mean']",0.6273932253313697,0.5741239892183289,0.6915584415584416,0.6139320190221937,0.5811051693404634,0.7228381374722838,0.4858420268256334,0.7190383986938856,0.8806738418343473,0.8204010462074979,0.9505050505050505,0.9091915458356771
LR,0.6963812713498019,0.7064538923992679,0.6893758033102295,0.7582529202640934,0.7628773591894703,"{'C': 0.1, 'solver': 'lbfgs'}","['mfcc_6', 'mfcc_5', 'mfcc_11', 'mfcc_8', 'mfcc_10', 'wav_detail_lvl3_std', 'spec_centroid']",0.548951048951049,0.5946969696969697,0.5097402597402597,0.6191810041575997,0.6615969581749049,0.6754658385093167,0.6482861400894188,0.7296595829555806,0.878595806923452,0.8491988689915174,0.9101010101010101,0.9397914904552306
LR,0.6963691146551971,0.7188733309730512,0.6844660500398206,0.7628237684103606,0.7559988508648651,"{'C': 1.0, 'solver': 'lbfgs'}","['mfcc_6', 'mfcc_3', 'wav_detail_lvl5_std', 'wav_detail_lvl3_std']",0.5514705882352942,0.635593220338983,0.487012987012987,0.6659714373006671,0.6577498033044846,0.6966666666666667,0.6229508196721312,0.6815257291467673,0.8798869524258125,0.824360105913504,0.9434343434343434,0.9204993861471608
LR,0.6963199221911757,0.7097959040815355,0.6874068554396423,0.7536820721178263,0.761515271586088,"{'C': 0.1, 'solver': 'lbfgs'}","['mfcc_3', 'mfcc_5', 'wav_detail_lvl5_std', 'mfcc_8', 'mfcc_10', 'spec_centroid']",0.5709219858156028,0.62890625,0.5227272727272727,0.6559834235837966,0.6467889908256881,0.6640502354788069,0.6304023845007451,0.6909012902929418,0.8712487899322362,0.8364312267657993,0.9090909090909091,0.9376611008815259
LR,0.6963140407170926,0.7204231697783934,0.6836325787145459,0.7618080243778568,0.7545312636303945,"{'C': 0.1, 'solver': 'lbfgs'}","['mfcc_6', 'mfcc_3', 'wav_detail_lvl5_std']",0.5565862708719852,0.6493506493506493,0.487012987012987,0.6703020855025998,0.6525821596244131,0.6869851729818781,0.6214605067064084,0.6807162751339947,0.8797736916548797,0.8249336870026526,0.9424242424242424,0.9125754302545886
LR,0.6962589400240323,0.7223799432001887,0.6830455215701118,0.7648552564753682,0.7684263113179949,"{'C': 10.0, 'solver': 'lbfgs'}","['mfcc_6', 'mfcc_3', 'wav_detail_lvl5_std', 'wav_detail_lvl3_std', 'zcr_mean', 'spec_centroid']",0.5451127819548872,0.6473214285714286,0.4707792207792208,0.6769335955215581,0.6609508963367108,0.6928104575163399,0.6318926974664679,0.7054835408960812,0.8827131417804993,0.8270079435127978,0.9464646464646465,0.9228617975363453
LR,0.6961702450763602,0.7088439557798271,0.6874667833684227,0.7521584560690706,0.7484129973063899,"{'C': 0.1, 'solver': 'lbfgs'}","['mfcc_3', 'mfcc_5', 'mfcc_11', 'wav_detail_lvl5_std', 'mfcc_8']",0.5658362989323843,0.6259842519685039,0.5162337662337663,0.65809463041316,0.655713218820015,0.657185628742515,0.65424739195231,0.6441692394057303,0.8669612174766814,0.8433619866284623,0.8919191919191919,0.9429751221002796
LR,0.6961484374327537,0.702537475561469,0.7067336124713174,0.7496190959878111,0.7370252072700527,"{'C': 1.0, 'solver': 'lbfgs'}","['mfcc_6', 'mfcc_3', 'zcr_mean']",0.6238805970149254,0.5773480662983426,0.6785714285714286,0.6025320120716475,0.5876198779424586,0.707983193277311,0.5022354694485842,0.6978374271763892,0.8769448373408769,0.8222811671087533,0.9393939393939394,0.9107061825621217
LR,0.69610403181898,0.7080521023042913,0.6877869246721705,0.7521584560690706,0.747282573431025,"{'C': 1.0, 'solver': 'lbfgs'}","['mfcc_3', 'mfcc_5', 'mfcc_11', 'wav_detail_lvl5_std', 'mfcc_8', 'wav_detail_lvl3_std']",0.5638297872340425,0.62109375,0.5162337662337663,0.6557121443160268,0.6582089552238806,0.6591928251121076,0.6572280178837556,0.6437559318398275,0.8662733529990168,0.8438697318007663,0.8898989898989899,0.942379644137221
LR,0.6960491443337832,0.7251272386522271,0.681372270716533,0.7592686642965972,0.7607496827187404,"{'C': 1.0, 'solver': 'lbfgs'}","['mfcc_6', 'mfcc_11', 'wav_detail_lvl5_std', 'zcr_mean', 'spec_centroid']",0.55,0.6745283018867925,0.4642857142857143,0.6699412905756041,0.6686656671664168,0.6726998491704375,0.6646795827123696,0.7035590691399836,0.8694817658349329,0.8281535648994516,0.9151515151515152,0.9087486884406335
LR,0.6960463392171525,0.7205863087560053,0.6835588515916385,0.765871000507872,0.7567950112673542,"{'C': 1.0, 'solver': 'lbfgs'}","['mfcc_6', 'mfcc_3', 'wav_detail_lvl5_std', 'wav_detail_lvl3_std', 'spec_centroid']",0.5410447761194029,0.6359649122807017,0.4707792207792208,0.6683668144061635,0.6619718309859155,0.6968698517298187,0.6304023845007451,0.6799082040088831,0.8851224105461394,0.8289241622574955,0.9494949494949495,0.9221100153870159
LR,0.6960147269068058,0.7151440927409025,0.6856713110811471,0.7699339766378872,0.7584378847040444,"{'C': 1.0, 'solver': 'lbfgs'}","['mfcc_6', 'mfcc_11', 'wav_detail_lvl5_std', 'mfcc_10', 'wav_detail_lvl3_std', 'zcr_mean', 'spec_centroid']",0.5202952029520295,0.6025641025641025,0.4577922077922078,0.6494785936704939,0.6728110599078341,0.694136291600634,0.6527570789865872,0.707620946829295,0.894937917860554,0.8487318840579711,0.9464646464646465,0.9182141136123442
LR,0.6958776911191734,0.7150795171022731,0.685652780734748,0.7648552564753682,0.7612795627861355,"{'C': 1.0, 'solver': 'lbfgs'}","['mfcc_6', 'mfcc_3', 'wav_detail_lvl5_std', 'mfcc_8', 'wav_detail_lvl3_std', 'spec_centroid']",0.5424954792043399,0.6122448979591837,0.487012987012987,0.6527130892263489,0.6592885375494071,0.702020202020202,0.6214605067064084,0.7080120641464113,0.8858490566037736,0.8309734513274336,0.9484848484848485,0.9231135349856463
LR,0.6958452216985672,0.7188410467856122,0.6836672738312082,0.7597765363128491,0.7541226950286322,"{'C': 0.1, 'solver': 'lbfgs'}","['mfcc_6', 'mfcc_3', 'wav_detail_lvl3_std']",0.5661764705882353,0.652542372881356,0.5,0.6550448238911537,0.6409448818897637,0.679465776293823,0.6065573770491803,0.6951118118605389,0.8804143126177024,0.8245149911816578,0.9444444444444444,0.9122114493342037
LR,0.6957902784359771,0.7200584322094917,0.6829938731578076,0.7587607922803453,0.7551237726724335,"{'C': 0.1, 'solver': 'lbfgs'}","['mfcc_6', 'mfcc_3', 'wav_detail_lvl3_std', 'zcr_mean']",0.5693160813308688,0.6609442060085837,0.5,0.6564087008541343,0.639937106918239,0.6772046589018302,0.6065573770491803,0.6968421088972511,0.8781176470588236,0.8220264317180617,0.9424242424242424,0.9121205082659152
LR,0.6956578882442682,0.7157896261269711,0.684820097934852,0.7623158963941087,0.7690761939380669,"{'C': 0.1, 'solver': 'lbfgs'}","['mfcc_6', 'mfcc_3', 'mfcc_5', 'wav_detail_lvl5_std', 'mfcc_10', 'wav_detail_lvl3_std', 'zcr_mean']",0.5527272727272727,0.628099173553719,0.4935064935064935,0.6621124671421105,0.6503937007874016,0.6894824707846411,0.6154992548435171,0.7027316157714556,0.8838526912181303,0.8297872340425532,0.9454545454545454,0.9423844989006345
LR,0.6956309526252972,0.7118633509185184,0.6864712700778274,0.7623158963941087,0.776064821136082,"{'C': 0.1, 'solver': 'lbfgs'}","['mfcc_6', 'mfcc_3', 'mfcc_5', 'mfcc_11', 'mfcc_10', 'wav_detail_lvl3_std', 'spec_centroid']",0.55,0.6111111111111112,0.5,0.644122881128134,0.6504320502749411,0.6877076411960132,0.61698956780924,0.7385012775302165,0.8864608076009501,0.8367713004484305,0.9424242424242424,0.9455703047498951
LR,0.6955947693360377,0.6986378383242481,0.6929336298188757,0.7531742001015744,0.7310007910387979,"{'C': 0.1, 'solver': 'lbfgs'}","['mfcc_5', 'wav_detail_lvl5_std', 'mfcc_8', 'mfcc_10']",0.5509181969949917,0.5670103092783505,0.5357142857142857,0.6363704240604569,0.6601796407185628,0.6631578947368421,0.6572280178837556,0.639439299000975,0.8756864702945582,0.8657453109575518,0.8858585858585859,0.9171926500549619
LR,0.6954016991371729,0.7158420317081161,0.683703545998628,0.755713560182834,0.7721936554917624,"{'C': 1.0, 'solver': 'lbfgs'}","['mfcc_3', 'mfcc_5', 'wav_detail_lvl5_std', 'mfcc_10', 'spec_centroid']",0.5512104283054003,0.6462882096069869,0.4805194805194805,0.6635406293737698,0.6656848306332842,0.6579330422125182,0.6736214605067065,0.7199808436372939,0.869309838472834,0.8433048433048433,0.896969696969697,0.9330594934642239
LR,0.6952739312361939,0.7167169668323989,0.6838092083993722,0.7623158963941087,0.7700360578797998,"{'C': 0.1, 'solver': 'lbfgs'}","['mfcc_6', 'mfcc_3', 'mfcc_5', 'wav_detail_lvl5_std', 'mfcc_10', 'zcr_mean']",0.5504587155963303,0.6329113924050633,0.487012987012987,0.6604160332167875,0.6520376175548589,0.687603305785124,0.6199701937406855,0.7074830275090713,0.8833254605573926,0.8296362023070097,0.9444444444444444,0.9422091129135403
LR,0.6952651834588081,0.716676973819831,0.6827612581710943,0.7531742001015744,0.7635285822758918,"{'C': 0.1, 'solver': 'lbfgs'}","['mfcc_6', 'mfcc_11', 'wav_detail_lvl5_std', 'spec_centroid']",0.5640074211502782,0.658008658008658,0.4935064935064935,0.6707957410122976,0.6581517655897822,0.6636363636363637,0.6527570789865872,0.7018290037942085,0.8636363636363636,0.8283858998144712,0.902020202020202,0.917961002021169
LR,0.695145687512412,0.7036059161430627,0.688849068357265,0.7506348400203149,0.7528114294450129,"{'C': 1.0, 'solver': 'lbfgs'}","['mfcc_3', 'mfcc_5', 'mfcc_11', 'wav_detail_lvl5_std', 'mfcc_8', 'mfcc_10', 'wav_detail_lvl3_std', 'zcr_mean']",0.5699481865284974,0.6088560885608856,0.5357142857142857,0.6503598994515044,0.6454545454545455,0.6563944530046225,0.6348733233979136,0.666728853695964,0.8700343305541932,0.8455672068636797,0.895959595959596,0.9413455351875702
LR,0.6950110845443476,0.698156153763675,0.6922610176708538,0.7506348400203149,0.7488445464257287,"{'C': 10.0, 'solver': 'lbfgs'}","['mfcc_5', 'mfcc_8', 'mfcc_10', 'wav_detail_lvl3_std', 'spec_centroid']",0.5575959933222037,0.5738831615120275,0.5422077922077922,0.6128925960381535,0.6561797752808989,0.6596385542168675,0.6527570789865872,0.7167924374096462,0.8712574850299402,0.8609467455621301,0.8818181818181818,0.9168486058293865
LR,0.6949936734844558,0.7138137878144245,0.6835572745408811,0.7531742001015744,0.7530204875519858,"{'C': 0.1, 'solver': 'lbfgs'}","['mfcc_6', 'mfcc_11', 'wav_detail_lvl3_std', 'zcr_mean']",0.56672760511883,0.6485355648535565,0.5032467532467533,0.6418372607657611,0.6504927975739196,0.6620370370370371,0.639344262295082,0.7054413508130292,0.8677606177606177,0.8308687615526802,0.908080808080808,0.9117828510771673
LR,0.6949903775502869,0.7153711081599528,0.6846178411752182,0.755713560182834,0.7534254469992069,"{'C': 0.1, 'solver': 'lbfgs'}","['mfcc_5', 'mfcc_11', 'wav_detail_lvl5_std', 'mfcc_10', 'wav_detail_lvl3_std', 'spec_centroid']",0.5365853658536586,0.6355555555555555,0.4642857142857143,0.6375758608146256,0.6817859673990078,0.65,0.7168405365126677,0.7273919545799657,0.8665997993981945,0.8605577689243028,0.8727272727272727,0.8953085256030293
LR,0.6949466184693884,0.694645600119293,0.6955574480164645,0.7536820721178263,0.7398004836296993,"{'C': 0.1, 'solver': 'lbfgs'}","['mfcc_5', 'mfcc_11', 'mfcc_8', 'wav_detail_lvl3_std']",0.5457463884430177,0.5396825396825397,0.551948051948052,0.6236603736264007,0.6575342465753424,0.671850699844479,0.6438152011922503,0.6718783189229804,0.881559220389805,0.8724035608308606,0.8909090909090909,0.923862758339717
LR,0.6948037489429167,0.716619305896161,0.6836124713173893,0.7597765363128491,0.7621776538218844,"{'C': 10.0, 'solver': 'lbfgs'}","['mfcc_6', 'mfcc_3', 'mfcc_11', 'wav_detail_lvl5_std', 'mfcc_8']",0.5626134301270418,0.6378600823045267,0.5032467532467533,0.6689588718485289,0.6421725239616614,0.6919104991394148,0.5991058122205664,0.7055136161642842,0.8796252927400469,0.8200873362445414,0.9484848484848485,0.9120604734528401
LR,0.6947877955189337,0.7182966970437098,0.682495525118476,0.7613001523616049,0.7585771797512262,"{'C': 0.1, 'solver': 'lbfgs'}","['mfcc_6', 'mfcc_3', 'mfcc_10', 'wav_detail_lvl3_std', 'zcr_mean', 'spec_centroid']",0.5555555555555556,0.646551724137931,0.487012987012987,0.6508700204059793,0.6452623335943618,0.6798679867986799,0.6140089418777943,0.7051339403664388,0.8835454974068836,0.8284703801945181,0.9464646464646465,0.9197275784812604
LR,0.6947590545883481,0.7130253130436913,0.6845382001119708,0.7618080243778568,0.7769873145164695,"{'C': 0.1, 'solver': 'lbfgs'}","['mfcc_6', 'mfcc_3', 'mfcc_5', 'mfcc_11', 'wav_detail_lvl5_std', 'mfcc_10', 'wav_detail_lvl3_std', 'zcr_mean']",0.5471014492753623,0.6188524590163934,0.4902597402597403,0.663025243823994,0.652615144418423,0.6852459016393443,0.6229508196721312,0.7227025436867469,0.8845605700712589,0.8349775784753363,0.9404040404040404,0.9452341560386681
LR,0.694744162632999,0.7076501806150146,0.6876603663488909,0.7597765363128491,0.7732307218070306,"{'C': 1.0, 'solver': 'lbfgs'}","['mfcc_6', 'mfcc_3', 'mfcc_5', 'mfcc_11', 'mfcc_10', 'wav_detail_lvl3_std', 'zcr_mean']",0.5565217391304348,0.599250936329588,0.5194805194805194,0.6423744240610108,0.6417791898332009,0.6870748299319728,0.6020864381520119,0.7342988702031196,0.8859315589353612,0.8366247755834829,0.9414141414141414,0.9430188711569616
LR,0.6946407804222394,0.7058110250156931,0.6883743760792941,0.755713560182834,0.7635309544457938,"{'C': 0.1, 'solver': 'lbfgs'}","['mfcc_6', 'mfcc_3', 'mfcc_5', 'mfcc_8', 'wav_detail_lvl3_std', 'spec_centroid']",0.5670103092783505,0.6021897810218978,0.5357142857142857,0.6370574670084537,0.638095238095238,0.6825127334465195,0.5991058122205664,0.7115037100551398,0.8788167938931297,0.8327305605786618,0.9303030303030303,0.9420316862737881
LR,0.6946098017979777,0.7058260027497107,0.6885517942894993,0.7546978161503302,0.7603304678197228,"{'C': 0.1, 'solver': 'lbfgs'}","['mfcc_6', 'mfcc_3', 'mfcc_5', 'mfcc_8', 'wav_detail_lvl3_std', 'zcr_mean']",0.571917808219178,0.605072463768116,0.5422077922077922,0.6398451229874613,0.6347687400318979,0.6826758147512865,0.5931445603576752,0.6993408378299925,0.8771428571428571,0.8297297297297297,0.9303030303030303,0.9418054426417147
LR,0.6945843996538197,0.7042523689809554,0.6879895756944937,0.7516505840528187,0.734892935996379,"{'C': 0.1, 'solver': 'lbfgs'}","['mfcc_5', 'mfcc_10', 'wav_detail_lvl3_std', 'spec_centroid']",0.54673721340388,0.5984555984555985,0.5032467532467533,0.6091100313824712,0.6719883889695211,0.6548797736916548,0.6900149031296572,0.7027004751960211,0.8650275965880582,0.8594217347956131,0.8707070707070707,0.8928683014106443
LR,0.6944830321903561,0.7135127891267489,0.6845180927148139,0.7597765363128491,0.7576888258515865,"{'C': 1.0, 'solver': 'lbfgs'}","['mfcc_6', 'mfcc_3', 'mfcc_11', 'mfcc_8', 'wav_detail_lvl3_std', 'spec_centroid']",0.5591397849462365,0.624,0.5064935064935064,0.6386976868526011,0.6432561851556265,0.6924398625429553,0.6005961251862891,0.7201612554794582,0.8810531264692054,0.8240985048372911,0.9464646464646465,0.9142075352227004
LR,0.6943763700681714,0.6991462210233029,0.7075347542560658,0.7480954799390553,0.7600693046092332,"{'C': 10.0, 'solver': 'lbfgs'}","['mfcc_6', 'mfcc_3', 'mfcc_5', 'mfcc_11', 'zcr_mean']",0.6151603498542274,0.5582010582010583,0.685064935064935,0.6344146033737237,0.5905923344947736,0.710691823899371,0.5052160953800298,0.705440130824297,0.8773764258555133,0.8285457809694794,0.9323232323232323,0.9403531796296791
LR,0.6941758481703424,0.6990265880655464,0.690902388443372,0.7546978161503302,0.7613692579879712,"{'C': 0.1, 'solver': 'lbfgs'}","['mfcc_6', 'mfcc_5', 'mfcc_11', 'mfcc_8', 'mfcc_10', 'wav_detail_lvl3_std']",0.5509181969949917,0.5670103092783505,0.5357142857142857,0.6269431350888961,0.653250773993808,0.679549114331723,0.6289120715350224,0.7172651155271343,0.8783585735222277,0.8505203405865658,0.908080808080808,0.9398995233478832
LR,0.6941237106907893,0.7062430907048033,0.6865682586994063,0.7541899441340782,0.7673115989648465,"{'C': 1.0, 'solver': 'lbfgs'}","['mfcc_6', 'mfcc_3', 'mfcc_5', 'mfcc_11', 'wav_detail_lvl5_std', 'mfcc_8', 'mfcc_10', 'zcr_mean']",0.5654450261780105,0.6113207547169811,0.525974025974026,0.6546716743543919,0.6416861826697893,0.6737704918032786,0.6125186289120715,0.7007677135799508,0.8752399232245681,0.8336380255941499,0.9212121212121213,0.9464954089601968
LR,0.6940785177930134,0.7032003416570559,0.6874293284129349,0.7511427120365668,0.754248746285409,"{'C': 0.1, 'solver': 'lbfgs'}","['mfcc_6', 'mfcc_5', 'wav_detail_lvl5_std', 'mfcc_8', 'mfcc_10', 'zcr_mean']",0.5625,0.6044776119402985,0.525974025974026,0.6438499407252058,0.65,0.6610169491525424,0.639344262295082,0.6820368267364189,0.8697355533790402,0.844106463878327,0.896969696969697,0.9368594713946025
LR,0.6940731962409471,0.7050930751472757,0.6863462888053052,0.7521584560690706,0.7539129689431926,"{'C': 0.1, 'solver': 'lbfgs'}","['mfcc_3', 'mfcc_5', 'mfcc_10', 'wav_detail_lvl3_std', 'spec_centroid']",0.5598591549295775,0.6115384615384616,0.5162337662337663,0.6383904251762097,0.6510926902788244,0.6585365853658537,0.6438152011922503,0.6933210620391627,0.8712677435144396,0.8452041785375118,0.898989898989899,0.9300274196142055
LR,0.694059176815542,0.7190280580343148,0.6810261080752884,0.760284408329101,0.7690634123367864,"{'C': 10.0, 'solver': 'lbfgs'}","['mfcc_6', 'mfcc_3', 'mfcc_11', 'wav_detail_lvl5_std', 'mfcc_8', 'zcr_mean', 'spec_centroid']",0.550561797752809,0.6504424778761062,0.4772727272727273,0.6697513184435244,0.6527131782945736,0.6801292407108239,0.6274217585692996,0.7264118580204989,0.8789025543992431,0.8265124555160143,0.9383838383838384,0.911027060546336
LR,0.693993784731131,0.7119581576646441,0.6836716107207911,0.7597765363128491,0.7765150182431287,"{'C': 1.0, 'solver': 'lbfgs'}","['mfcc_6', 'mfcc_3', 'mfcc_5', 'mfcc_11', 'wav_detail_lvl5_std', 'mfcc_10', 'wav_detail_lvl3_std']",0.5480943738656987,0.6213991769547325,0.4902597402597403,0.6649085670490088,0.6522075910147173,0.6790322580645162,0.6274217585692996,0.7183346746525966,0.8816793893129771,0.8354430379746836,0.9333333333333333,0.9463018130277809
LR,0.6939400587359335,0.7224194823799617,0.6809224169879907,0.7582529202640934,0.7412461268850091,"{'C': 1.0, 'solver': 'lbfgs'}","['mfcc_5', 'wav_detail_lvl5_std', 'zcr_mean', 'spec_centroid']",0.5291828793774319,0.6601941747572816,0.44155844155844154,0.6426954003456091,0.6881720430107527,0.6629834254143646,0.7153502235469449,0.7355776733105766,0.8644652538196156,0.8440808469682387,0.8858585858585859,0.8454653069988416
LR,0.6938859577034981,0.7059167798084055,0.6858991949155883,0.7531742001015744,0.7604582586678799,"{'C': 1.0, 'solver': 'lbfgs'}","['mfcc_6', 'mfcc_11', 'wav_detail_lvl5_std', 'mfcc_8', 'zcr_mean']",0.5588752196836555,0.6091954022988506,0.5162337662337663,0.6592170437266637,0.6533435818601077,0.6746031746031746,0.6333830104321908,0.712213246956412,0.8694390715667312,0.8339517625231911,0.908080808080808,0.9099444853205642
LR,0.6938143170551953,0.7073871724143902,0.6861361467918844,0.7587607922803453,0.7636515382550032,"{'C': 0.1, 'solver': 'lbfgs'}","['mfcc_6', 'mfcc_3', 'mfcc_5', 'wav_detail_lvl5_std', 'mfcc_8', 'mfcc_10', 'wav_detail_lvl3_std']",0.553415061295972,0.6007604562737643,0.512987012987013,0.6570646914694347,0.6450592885375495,0.6868686868686869,0.6080476900149031,0.6947658660055541,0.8829686013320647,0.8345323741007195,0.9373737373737374,0.9391240572900207
LR,0.6937252051940237,0.7206281298809247,0.6819053138725271,0.755713560182834,0.7516420982712662,"{'C': 1.0, 'solver': 'lbfgs'}","['mfcc_5', 'mfcc_11', 'wav_detail_lvl5_std', 'wav_detail_lvl3_std', 'spec_centroid']",0.5299806576402321,0.6555023923444976,0.4448051948051948,0.6415400289454206,0.6900420757363254,0.6516556291390728,0.7332339791356185,0.7235792786144328,0.8611528822055138,0.854726368159204,0.8676767676767677,0.8898069872539447
LR,0.6935810781571302,0.7061761310790623,0.6863699445666658,0.7546978161503302,0.759669218101095,"{'C': 0.1, 'solver': 'lbfgs'}","['mfcc_6', 'mfcc_3', 'mfcc_5', 'wav_detail_lvl5_std', 'mfcc_8', 'mfcc_10', 'wav_detail_lvl3_std', 'zcr_mean']",0.5659722222222222,0.6082089552238806,0.5292207792207793,0.6546482276069218,0.6381631037212985,0.6807432432432432,0.6005961251862891,0.6829763317699775,0.8766079085278704,0.8295761947700632,0.9292929292929293,0.9413830949263854
LR,0.6935048969743525,0.701621028718091,0.6875913703782556,0.755713560182834,0.7313196687438254,"{'C': 1.0, 'solver': 'lbfgs'}","['mfcc_5', 'mfcc_11', 'wav_detail_lvl5_std', 'mfcc_10', 'zcr_mean']",0.5340314136125655,0.5773584905660377,0.4967532467532468,0.6368854141608088,0.6706143597335307,0.6661764705882353,0.6751117734724292,0.6900150738427391,0.8758689175769613,0.861328125,0.8909090909090909,0.867058518227928
LR,0.6934572339016599,0.7008344585186325,0.6880471380471381,0.7536820721178263,0.7615397727796629,"{'C': 0.1, 'solver': 'lbfgs'}","['mfcc_3', 'mfcc_5', 'mfcc_11', 'mfcc_8', 'mfcc_10', 'wav_detail_lvl3_std', 'zcr_mean', 'spec_centroid']",0.5523156089193825,0.5854545454545454,0.5227272727272727,0.6337374312533949,0.6509146341463414,0.6661466458658346,0.6363636363636364,0.7075553149763096,0.877141458639256,0.8509021842355176,0.9050505050505051,0.9433265721092842
LR,0.6934448526601374,0.7108973451636476,0.6825854170116465,0.7511427120365668,0.7601736310470532,"{'C': 0.1, 'solver': 'lbfgs'}","['mfcc_6', 'mfcc_11', 'wav_detail_lvl5_std']",0.5610200364298725,0.6390041493775933,0.5,0.6656129293830659,0.6566265060240963,0.6636225266362252,0.6497764530551415,0.6979652910038826,0.8626880155264435,0.8300653594771242,0.897979797979798,0.9169426727542107
LR,0.6933326097103129,0.7149540041360621,0.6819995426552804,0.7592686642965972,0.7664485630851168,"{'C': 0.1, 'solver': 'lbfgs'}","['mfcc_6', 'mfcc_3', 'mfcc_11', 'wav_detail_lvl5_std', 'mfcc_8', 'spec_centroid']",0.5547445255474452,0.6333333333333333,0.4935064935064935,0.6658112925795968,0.6460807600950119,0.6891891891891891,0.6080476900149031,0.7188015894985416,0.8791725434884814,0.8223394898856641,0.9444444444444444,0.9147328071772123
LR,0.6932780623130718,0.7051558565695561,0.6857521349324628,0.7531742001015744,0.7401924005339667,"{'C': 0.1, 'solver': 'lbfgs'}","['mfcc_5', 'wav_detail_lvl5_std', 'mfcc_10', 'wav_detail_lvl3_std', 'zcr_mean']",0.5376344086021505,0.6,0.487012987012987,0.6341869637350397,0.6738973246565437,0.6544943820224719,0.6944858420268256,0.7019175287105579,0.8683024536805208,0.8609731876861966,0.8757575757575757,0.8844727091563027
LR,0.6932753309876455,0.707070144198298,0.6846012821422658,0.7541899441340782,0.759543523611164,"{'C': 0.1, 'solver': 'lbfgs'}","['mfcc_6', 'mfcc_11', 'wav_detail_lvl5_std', 'mfcc_8', 'wav_detail_lvl3_std', 'zcr_mean']",0.5557522123893806,0.6108949416342413,0.5097402597402597,0.6530769789476818,0.6537567776917118,0.6806451612903226,0.6289120715350224,0.7096606488147518,0.8703170028818443,0.8296703296703297,0.9151515151515152,0.9158929430710581
LR,0.6932753149014651,0.7188877291476471,0.6800865800865802,0.760792280345353,0.7663628964069428,"{'C': 1.0, 'solver': 'lbfgs'}","['mfcc_6', 'mfcc_3', 'wav_detail_lvl5_std', 'mfcc_8', 'zcr_mean', 'spec_centroid']",0.5433962264150943,0.6486486486486487,0.4675324675324675,0.661372192200678,0.6569230769230769,0.6788553259141494,0.6363636363636364,0.7234020491775813,0.8795066413662239,0.8291592128801432,0.9363636363636364,0.914314447842569
LR,0.6932237128757907,0.7025932687414401,0.6897002815035602,0.7572371762315896,0.7598605114034106,"{'C': 1.0, 'solver': 'lbfgs'}","['mfcc_6', 'mfcc_3', 'mfcc_5', 'mfcc_8', 'mfcc_10', 'wav_detail_lvl3_std']",0.5609348914858097,0.5773195876288659,0.5454545454545454,0.6401449578231896,0.6331168831168831,0.6951871657754011,0.5812220566318927,0.7001699333153578,0.8856193640246797,0.8352730528200537,0.9424242424242424,0.9392666430716845
LR,0.6932211241006376,0.7027160759709247,0.686347077330684,0.7506348400203149,0.7611832397425161,"{'C': 0.1, 'solver': 'lbfgs'}","['mfcc_6', 'mfcc_5', 'mfcc_11', 'mfcc_8', 'wav_detail_lvl3_std', 'zcr_mean']",0.5609756097560976,0.6052631578947368,0.5227272727272727,0.6283326918216188,0.6485260770975056,0.6579754601226994,0.639344262295082,0.7156234168636746,0.8701616854483096,0.8449096098953378,0.896969696969697,0.9395936105422551
LR,0.6931526533097329,0.7063478392720927,0.6846560846560846,0.7541899441340782,0.7615361643708503,"{'C': 0.1, 'solver': 'lbfgs'}","['mfcc_6', 'mfcc_11', 'wav_detail_lvl5_std', 'mfcc_8', 'wav_detail_lvl3_std']",0.552212389380531,0.6070038910505836,0.5064935064935064,0.6496121498562153,0.657428791377983,0.6799363057324841,0.6363636363636364,0.7151582312516404,0.8698167791706847,0.8321033210332104,0.9111111111111111,0.9198381120046952
LR,0.6930618652260637,0.7150135161125138,0.6813975035286511,0.7587607922803453,0.7604553802305837,"{'C': 0.1, 'solver': 'lbfgs'}","['mfcc_6', 'mfcc_3', 'mfcc_11', 'mfcc_8', 'wav_detail_lvl3_std', 'zcr_mean', 'spec_centroid']",0.5541284403669725,0.6371308016877637,0.4902597402597403,0.6463595945496879,0.6462264150943396,0.6838602329450915,0.6125186289120715,0.7244070174637155,0.8788307402168788,0.8240495137046862,0.9414141414141414,0.9105995286783476
LR,0.6930048281617011,0.7116507712065209,0.6827103982841688,0.7613001523616049,0.7776263724476106,"{'C': 0.1, 'solver': 'lbfgs'}","['mfcc_6', 'mfcc_3', 'mfcc_5', 'mfcc_11', 'wav_detail_lvl5_std', 'mfcc_10', 'zcr_mean']",0.5418181818181819,0.6157024793388429,0.4837662337662338,0.660759018000987,0.6521060842433697,0.6841243862520459,0.6229508196721312,0.727099666187119,0.8850902184235517,0.8351254480286738,0.9414141414141414,0.9450204331547258
LR,0.6928933282280375,0.7164934586738454,0.680650375732343,0.7618080243778568,0.7617857849103234,"{'C': 1.0, 'solver': 'lbfgs'}","['mfcc_6', 'mfcc_3', 'mfcc_11', 'mfcc_10', 'wav_detail_lvl3_std', 'zcr_mean', 'spec_centroid']",0.5447761194029851,0.6403508771929824,0.474025974025974,0.6537121012302191,0.6470131885182312,0.6747572815533981,0.6214605067064084,0.7116679468364475,0.8868906767628963,0.8343722172751559,0.9464646464646465,0.9199773066643038
LR,0.6928930173027396,0.6998825561932357,0.6874841309267539,0.7511427120365668,0.7590405212518107,"{'C': 1.0, 'solver': 'lbfgs'}","['mfcc_3', 'mfcc_5', 'mfcc_11', 'mfcc_8', 'wav_detail_lvl3_std', 'zcr_mean', 'spec_centroid']",0.5542168674698795,0.5897435897435898,0.5227272727272727,0.6342115105801911,0.6492146596858639,0.6516516516516516,0.646795827123696,0.7051714955038979,0.8752475247524752,0.858252427184466,0.8929292929292929,0.9377385576713426
LR,0.6928466445265179,0.7066468578452548,0.6843150474298015,0.7536820721178263,0.7676347439608238,"{'C': 0.1, 'solver': 'lbfgs'}","['mfcc_6', 'mfcc_3', 'mfcc_5', 'mfcc_11', 'wav_detail_lvl5_std', 'mfcc_8', 'mfcc_10', 'wav_detail_lvl3_std', 'zcr_mean']",0.5618374558303887,0.6162790697674418,0.5162337662337663,0.6555923702966421,0.6423017107309487,0.6715447154471544,0.6154992548435171,0.700427891637222,0.8744007670182167,0.8321167883211679,0.9212121212121213,0.9468839699486074
LR,0.6928209561233993,0.700943123662863,0.6867732752978655,0.7491112239715592,0.7526120196948428,"{'C': 1.0, 'solver': 'lbfgs'}","['mfcc_3', 'mfcc_5', 'mfcc_11', 'wav_detail_lvl5_std', 'mfcc_8', 'mfcc_10', 'zcr_mean']",0.5655172413793104,0.6029411764705882,0.5324675324675324,0.6485316076188469,0.6429112964366944,0.654320987654321,0.6318926974664679,0.6679730469155143,0.8700343305541932,0.8455672068636797,0.895959595959596,0.9413314045501675
LR,0.6925538550722766,0.7026956193269562,0.6865134561855873,0.7541899441340782,0.7693965673105824,"{'C': 0.1, 'solver': 'lbfgs'}","['mfcc_6', 'mfcc_3', 'mfcc_5', 'mfcc_11', 'mfcc_8', 'mfcc_10', 'wav_detail_lvl3_std', 'spec_centroid']",0.5601374570446735,0.5948905109489051,0.5292207792207793,0.6354476784080757,0.6388670338316287,0.6766666666666666,0.6050670640834576,0.7237339577948901,0.8786570743405275,0.8365296803652968,0.9252525252525252,0.9490080657287814
LR,0.6924184516166996,0.7059767010345411,0.6837816100111183,0.7516505840528187,0.7257634392646289,"{'C': 0.1, 'solver': 'lbfgs'}","['mfcc_5', 'mfcc_11', 'wav_detail_lvl3_std', 'zcr_mean', 'spec_centroid']",0.5415162454873647,0.6097560975609756,0.487012987012987,0.6174608528434078,0.6734992679355783,0.6618705035971223,0.6855439642324889,0.7092883269207928,0.8622398414271556,0.8463035019455253,0.8787878787878788,0.8505411380296863
LR,0.6921870877827802,0.7023177883081706,0.6853476214131952,0.7526663280853225,0.7504109536316284,"{'C': 0.1, 'solver': 'lbfgs'}","['mfcc_3', 'mfcc_5', 'wav_detail_lvl5_std', 'mfcc_8', 'mfcc_10']",0.5565217391304348,0.599250936329588,0.5194805194805194,0.6553710567334963,0.6446153846153846,0.6661367249602543,0.624441132637854,0.6607340265938674,0.8754241396025206,0.8415657036346692,0.9121212121212121,0.9351277775675213
LR,0.6921323606539364,0.7028827271132179,0.6847995962750061,0.7536820721178263,0.7593881850387025,"{'C': 0.1, 'solver': 'lbfgs'}","['mfcc_6', 'mfcc_5', 'mfcc_11', 'wav_detail_lvl5_std', 'mfcc_8', 'mfcc_10', 'wav_detail_lvl3_std']",0.5473684210526316,0.5954198473282443,0.5064935064935064,0.6409063758050294,0.6554878048780488,0.6708268330733229,0.6408345752608048,0.6966429450733435,0.8735408560311284,0.8424015009380863,0.907070707070707,0.9406152342377347
LR,0.6920973413544967,0.7045266559904202,0.6843158359551803,0.7521584560690706,0.7624526874684848,"{'C': 1.0, 'solver': 'lbfgs'}","['mfcc_6', 'mfcc_3', 'mfcc_5', 'mfcc_11', 'mfcc_8', 'wav_detail_lvl3_std', 'zcr_mean']",0.563922942206655,0.6121673003802282,0.5227272727272727,0.6369092167003092,0.6386292834890965,0.6688417618270799,0.6110283159463488,0.7041844579034761,0.8737397983677389,0.8325709057639524,0.9191919191919192,0.9462643878016694
LR,0.6920654533597618,0.7027020516212165,0.6849525701984719,0.7516505840528187,0.7372036760328219,"{'C': 0.1, 'solver': 'lbfgs'}","['mfcc_5', 'mfcc_11', 'wav_detail_lvl5_std', 'mfcc_10', 'wav_detail_lvl3_std', 'zcr_mean']",0.5399644760213144,0.596078431372549,0.4935064935064935,0.6390352129460957,0.6666666666666666,0.65149359886202,0.6825633383010432,0.6978691498086258,0.8695652173913043,0.8605341246290801,0.8787878787878788,0.8747066653437443
LR,0.6920356935406028,0.6953372450950092,0.689190894108927,0.7496190959878111,0.7302207968901989,"{'C': 0.1, 'solver': 'lbfgs'}","['mfcc_5', 'wav_detail_lvl5_std', 'mfcc_8', 'mfcc_10', 'wav_detail_lvl3_std']",0.5484949832775919,0.5655172413793104,0.5324675324675324,0.6384027895584061,0.6556639159789948,0.6601208459214502,0.6512667660208644,0.6324887176225942,0.8719481813652217,0.8603736479842674,0.8838383838383839,0.9197708834895963
LR,0.6919805541364528,0.6973546680452675,0.687665097501163,0.7516505840528187,0.7147551315763664,"{'C': 0.1, 'solver': 'lbfgs'}","['mfcc_5', 'mfcc_11', 'mfcc_10', 'wav_detail_lvl3_std']",0.5392491467576792,0.5683453237410072,0.512987012987013,0.6129500553449485,0.6651785714285714,0.6641901931649331,0.6661698956780924,0.6688943897404972,0.8715139442231076,0.8595284872298625,0.8838383838383839,0.8624209496436532
LR,0.6918732095174444,0.6996719221980756,0.6877739140034222,0.7521584560690706,0.7668766436728585,"{'C': 0.1, 'solver': 'lbfgs'}","['mfcc_6', 'mfcc_3', 'mfcc_5', 'mfcc_11', 'mfcc_8', 'mfcc_10', 'wav_detail_lvl3_std']",0.5647058823529412,0.5853658536585366,0.5454545454545454,0.6407666055798525,0.6333333333333333,0.6774193548387096,0.5946348733233979,0.7113787939484453,0.8775804128660586,0.8362305580969808,0.9232323232323232,0.9484845314902777
LR,0.6918692895584145,0.7160450100411095,0.6794802040703679,0.760284408329101,0.7543189493946841,"{'C': 1.0, 'solver': 'lbfgs'}","['mfcc_6', 'mfcc_3', 'wav_detail_lvl5_std', 'spec_centroid']",0.5437616387337058,0.6375545851528385,0.474025974025974,0.6707906275063864,0.651017214397496,0.685337726523888,0.6199701937406855,0.6789067111138505,0.8808290155440415,0.8252427184466019,0.9444444444444444,0.9132595095638155
LR,0.6918107015732827,0.7007220675594542,0.6856685512423217,0.7511427120365668,0.7498149665662472,"{'C': 1.0, 'solver': 'lbfgs'}","['mfcc_3', 'mfcc_5', 'wav_detail_lvl5_std', 'mfcc_8', 'mfcc_10', 'wav_detail_lvl3_std']",0.5586206896551724,0.5955882352941176,0.525974025974026,0.6558430173885151,0.6435719784449576,0.6656050955414012,0.6229508196721312,0.6588327361406634,0.8732394366197183,0.8409728718428437,0.908080808080808,0.9347691461695634
LR,0.6917863335756506,0.7131963393101758,0.6797400231826461,0.7552056881665821,0.7653536089468979,"{'C': 0.1, 'solver': 'lbfgs'}","['mfcc_6', 'mfcc_11', 'wav_detail_lvl5_std', 'mfcc_8', 'zcr_mean', 'spec_centroid']",0.5464684014869888,0.6391304347826087,0.4772727272727273,0.6567047553889397,0.6585735963581184,0.6707882534775889,0.646795827123696,0.7293505217750867,0.8703170028818443,0.8296703296703297,0.9151515151515152,0.910005549676667
LR,0.691758574316352,0.7068498302804173,0.6822199354986239,0.7496190959878111,0.7277662847241805,"{'C': 1.0, 'solver': 'lbfgs'}","['mfcc_5', 'wav_detail_lvl3_std', 'zcr_mean', 'spec_centroid']",0.5480943738656987,0.6213991769547325,0.4902597402597403,0.6109978474200749,0.6686303387334315,0.660844250363901,0.676602086438152,0.7195754661185525,0.8585510103499261,0.8383060635226179,0.8797979797979798,0.8527255406339139
LR,0.6914574722266428,0.6983707599222946,0.6862287985238805,0.7516505840528187,0.7260546463029911,"{'C': 0.1, 'solver': 'lbfgs'}","['mfcc_5', 'mfcc_11', 'wav_detail_lvl5_std', 'mfcc_10', 'wav_detail_lvl3_std']",0.5363321799307958,0.5740740740740741,0.5032467532467533,0.6340922036724119,0.6676514032496307,0.6617862371888726,0.6736214605067065,0.6839773005697567,0.8703888334995015,0.859251968503937,0.8818181818181818,0.8600944346668045
LR,0.6914568403106879,0.7172292314036391,0.6779583500894977,0.7546978161503302,0.7603335981590814,"{'C': 1.0, 'solver': 'lbfgs'}","['mfcc_6', 'mfcc_3', 'wav_detail_lvl3_std', 'zcr_mean', 'spec_centroid']",0.5617977528089888,0.6637168141592921,0.487012987012987,0.6608741035100654,0.6386946386946387,0.6672077922077922,0.6125186289120715,0.7071720736440152,0.8738781294284365,0.8207630878438332,0.9343434343434344,0.9129546173231636
LR,0.6913034517691391,0.7072438926048058,0.6814136682989141,0.7526663280853225,0.7477678097586032,"{'C': 1.0, 'solver': 'lbfgs'}","['mfcc_3', 'mfcc_11', 'wav_detail_lvl5_std', 'mfcc_10', 'wav_detail_lvl3_std', 'zcr_mean', 'spec_centroid']",0.546448087431694,0.6224066390041494,0.487012987012987,0.6661283102693712,0.6547884187082406,0.6523668639053254,0.6572280178837556,0.6716081346156964,0.8726738491674828,0.846958174904943,0.9,0.905566984390742
LR,0.6912537226461453,0.7204405853009049,0.6784925760335597,0.7572371762315896,0.7405946476366309,"{'C': 0.1, 'solver': 'lbfgs'}","['mfcc_5', 'mfcc_11', 'wav_detail_lvl5_std', 'wav_detail_lvl3_std', 'zcr_mean', 'spec_centroid']",0.5205479452054794,0.6551724137931034,0.4318181818181818,0.6429179984782976,0.6890156918687589,0.6607387140902873,0.7198211624441133,0.7288960707292618,0.8641975308641975,0.8454106280193237,0.8838383838383839,0.8499698737023336
LR,0.6911018715211767,0.7192661964493788,0.6772104337678108,0.7592686642965972,0.7658132771318398,"{'C': 0.1, 'solver': 'lbfgs'}","['mfcc_6', 'mfcc_3', 'wav_detail_lvl5_std', 'zcr_mean', 'spec_centroid']",0.5437262357414449,0.6559633027522935,0.4642857142857143,0.6756500023953649,0.6511627906976745,0.678513731825525,0.6259314456035767,0.707710935608335,0.8784165881244109,0.823321554770318,0.9414141414141414,0.9140788933918198
LR,0.6909729018507645,0.7099633655994043,0.6803361483689353,0.7587607922803453,0.777065684902646,"{'C': 0.1, 'solver': 'lbfgs'}","['mfcc_6', 'mfcc_3', 'mfcc_5', 'mfcc_11', 'wav_detail_lvl5_std', 'mfcc_10']",0.5384615384615384,0.6176470588235294,0.4772727272727273,0.6625066838387433,0.6527777777777778,0.6768,0.6304023845007451,0.7224152393776191,0.8816793893129771,0.8354430379746836,0.9333333333333333,0.9462751314915759
LR,0.6907643666748812,0.714350334629759,0.6783857308447473,0.7592686642965972,0.752255020773427,"{'C': 0.1, 'solver': 'lbfgs'}","['mfcc_6', 'mfcc_10', 'wav_detail_lvl3_std', 'zcr_mean', 'spec_centroid']",0.5348399246704332,0.6367713004484304,0.461038961038961,0.6324658810928268,0.6565349544072948,0.6697674418604651,0.6438152011922503,0.7052847967429992,0.8809182209469153,0.8365122615803815,0.9303030303030303,0.9190143844844549
LR,0.6906944916768554,0.7029767020229469,0.6838123625008872,0.7562214321990859,0.7748771362724355,"{'C': 1.0, 'solver': 'lbfgs'}","['mfcc_6', 'mfcc_3', 'mfcc_5', 'mfcc_11', 'mfcc_10', 'wav_detail_lvl3_std']",0.5495652173913044,0.5917602996254682,0.512987012987013,0.6442501033466536,0.6392405063291139,0.6812816188870152,0.6020864381520119,0.735791562112214,0.8832777513101477,0.8358881875563571,0.9363636363636364,0.944589743358439
LR,0.6906750825209543,0.7027474283901536,0.6829083181542197,0.7541899441340782,0.7250323325364342,"{'C': 0.1, 'solver': 'lbfgs'}","['mfcc_5', 'mfcc_11', 'mfcc_10', 'wav_detail_lvl3_std', 'zcr_mean', 'spec_centroid']",0.5278276481149012,0.5903614457831325,0.4772727272727273,0.6144622540698139,0.6720469552457814,0.661849710982659,0.6825633383010432,0.708859327652805,0.8721506442021804,0.8560311284046692,0.8888888888888888,0.8517754158866837
LR,0.6906264923190216,0.6903950839046993,0.6912300207382175,0.7486033519553073,0.7420392693357076,"{'C': 0.1, 'solver': 'lbfgs'}","['mfcc_5', 'mfcc_8', 'wav_detail_lvl3_std']",0.5457463884430177,0.5396825396825397,0.551948051948052,0.6241714347876849,0.6498855835240275,0.665625,0.6348733233979136,0.6845612794303845,0.8762475049900199,0.8658777120315582,0.8868686868686869,0.9173850937890535
LR,0.6904920028027003,0.7048790272568017,0.6825700407667621,0.755713560182834,0.7572289119096705,"{'C': 10.0, 'solver': 'lbfgs'}","['mfcc_6', 'mfcc_3', 'mfcc_8', 'wav_detail_lvl3_std', 'zcr_mean', 'spec_centroid']",0.5518453427065027,0.6015325670498084,0.5097402597402597,0.641564109279169,0.6391752577319587,0.6830508474576271,0.6005961251862891,0.7165130676731061,0.8804554079696395,0.8300536672629696,0.9373737373737374,0.9136095587767362
LR,0.6903822814346524,0.6999635603794113,0.6836499262728771,0.7450482478415439,0.7488805988035018,"{'C': 0.1, 'solver': 'lbfgs'}","['mfcc_3', 'mfcc_5', 'wav_detail_lvl5_std', 'mfcc_8', 'mfcc_10', 'wav_detail_lvl3_std', 'zcr_mean']",0.5743944636678201,0.6148148148148148,0.538961038961039,0.6508578240901423,0.6323867996930161,0.6518987341772152,0.6140089418777943,0.6597500640536432,0.8643655809431211,0.8331771321462043,0.897979797979798,0.9360339082667201
LR,0.6903623017633613,0.6972838134637361,0.704035672888132,0.7455561198577958,0.7411061551532327,"{'C': 1.0, 'solver': 'lbfgs'}","['mfcc_6', 'mfcc_3', 'mfcc_11', 'zcr_mean']",0.6217008797653959,0.5668449197860963,0.6883116883116883,0.6293145195497426,0.5716814159292035,0.7037037037037037,0.481371087928465,0.6871690416284614,0.8777046095954845,0.8213028169014085,0.9424242424242424,0.9068349042814944
LR,0.6903576390155447,0.6967395349748292,0.6862887264526609,0.7491112239715592,0.7480780373004822,"{'C': 0.1, 'solver': 'lbfgs'}","['mfcc_3', 'mfcc_5', 'mfcc_8', 'wav_detail_lvl3_std']",0.5622895622895623,0.583916083916084,0.5422077922077922,0.638122892478118,0.6344505066250974,0.6650326797385621,0.6065573770491803,0.6713887846716236,0.8743328481319748,0.8412698412698413,0.9101010101010101,0.9347224347517046
LR,0.6899542214232272,0.7061286079306734,0.6796935001853034,0.7475876079228034,0.7548176792125986,"{'C': 0.1, 'solver': 'lbfgs'}","['mfcc_6', 'mfcc_11', 'wav_detail_lvl3_std']",0.5605786618444847,0.6326530612244898,0.5032467532467533,0.6402617632793204,0.6470143613000756,0.656441717791411,0.6378539493293591,0.7061480044514086,0.8622696411251213,0.8292910447761194,0.897979797979798,0.9180432699070669
LR,0.6898708491816316,0.7133516635726518,0.6774808979727012,0.7577450482478415,0.7518906054298355,"{'C': 0.1, 'solver': 'lbfgs'}","['mfcc_6', 'mfcc_11', 'mfcc_10', 'wav_detail_lvl3_std', 'zcr_mean', 'spec_centroid']",0.5375939849624061,0.6383928571428571,0.4642857142857143,0.6312894639542094,0.6519421172886519,0.6666666666666666,0.6378539493293591,0.7070444586430423,0.8800764452938366,0.8349954669084315,0.9303030303030303,0.9173378936922549
LR,0.6898208743611883,0.7030943066440529,0.6814085428839527,0.7541899441340782,0.7639774258872838,"{'C': 1.0, 'solver': 'lbfgs'}","['mfcc_6', 'wav_detail_lvl5_std', 'mfcc_8', 'wav_detail_lvl3_std', 'spec_centroid']",0.5373665480427047,0.594488188976378,0.4902597402597403,0.6455060053952751,0.6595092024539877,0.6793048973143759,0.6408345752608048,0.7216375237595036,0.8725868725868726,0.8354898336414048,0.9131313131313131,0.9247887485070727
LR,0.6897978124897843,0.6945214831740021,0.7013937186068334,0.7475876079228034,0.7529387912269039,"{'C': 1.0, 'solver': 'lbfgs'}","['mfcc_6', 'mfcc_3', 'mfcc_5', 'mfcc_8']",0.5970588235294118,0.5456989247311828,0.6590909090909091,0.5850499341415694,0.5892547660311959,0.7039337474120083,0.5067064083457526,0.7318250322857701,0.8830798479087453,0.8339317773788151,0.9383838383838384,0.9419414072533723
LR,0.689640221156524,0.7113813808468098,0.6775589619851914,0.7536820721178263,0.7630395253353548,"{'C': 10.0, 'solver': 'lbfgs'}","['mfcc_6', 'wav_detail_lvl5_std', 'mfcc_8', 'zcr_mean', 'spec_centroid']",0.5410447761194029,0.6359649122807017,0.4707792207792208,0.6477118082311237,0.659606656580938,0.6697388632872504,0.6497764530551415,0.7242186430842528,0.8682692307692308,0.828440366972477,0.9121212121212121,0.9171881246906879
LR,0.6892457393809565,0.7155384410355686,0.675642451052287,0.7536820721178263,0.7616942342221863,"{'C': 10.0, 'solver': 'lbfgs'}","['mfcc_6', 'wav_detail_lvl5_std', 'zcr_mean', 'spec_centroid']",0.540952380952381,0.6543778801843319,0.461038961038961,0.6600207389581969,0.6596385542168675,0.6666666666666666,0.6527570789865872,0.7081843100086448,0.8671462829736211,0.8255707762557077,0.9131313131313131,0.916877653699717
LR,0.6892095726800954,0.7085675159846847,0.6795488057783139,0.7577450482478415,0.7586104395833996,"{'C': 0.1, 'solver': 'lbfgs'}","['mfcc_6', 'mfcc_3', 'wav_detail_lvl5_std', 'mfcc_8']",0.5457809694793537,0.6104417670682731,0.4935064935064935,0.6595623594481808,0.6399358460304732,0.6927083333333334,0.5946348733233979,0.7025841121555014,0.8819119025304593,0.8225524475524476,0.9505050505050505,0.9136848471465165
LR,0.6891688786281298,0.7047102890669524,0.6795310639572936,0.7521584560690706,0.742570003010488,"{'C': 0.1, 'solver': 'lbfgs'}","['mfcc_3', 'mfcc_11', 'wav_detail_lvl5_std', 'mfcc_10', 'zcr_mean', 'spec_centroid']",0.5418181818181819,0.6157024793388429,0.4837662337662338,0.6616438587373112,0.6502609992542878,0.6507462686567164,0.6497764530551415,0.6603052079255829,0.8754274548119199,0.847682119205298,0.9050505050505051,0.90576094236857
LR,0.6891659323862513,0.7014711072125177,0.6810742081233885,0.7491112239715592,0.75764208589332,"{'C': 1.0, 'solver': 'lbfgs'}","['mfcc_6', 'mfcc_11', 'mfcc_8', 'wav_detail_lvl3_std', 'spec_centroid']",0.5537918871252204,0.6061776061776062,0.5097402597402597,0.6238072136522249,0.6462010744435918,0.6661392405063291,0.6274217585692996,0.730561432917055,0.867504835589942,0.8320964749536178,0.906060606060606,0.9185576111106799
LR,0.6890391110161579,0.7020201238821774,0.6809795850779458,0.7526663280853225,0.7695664920721489,"{'C': 1.0, 'solver': 'lbfgs'}","['mfcc_6', 'mfcc_3', 'mfcc_5', 'mfcc_11', 'wav_detail_lvl5_std', 'mfcc_8', 'mfcc_10', 'wav_detail_lvl3_std']",0.5477031802120141,0.6007751937984496,0.5032467532467533,0.6575256788505808,0.6429124709527498,0.6693548387096774,0.6184798807749627,0.7028242919744383,0.8765016818837098,0.8359303391384051,0.9212121212121213,0.9483495053914277
LR,0.6888994180718649,0.6958792968606532,0.6874328767771392,0.7516505840528187,0.7619799071715088,"{'C': 0.1, 'solver': 'lbfgs'}","['mfcc_6', 'mfcc_3', 'mfcc_5', 'mfcc_8', 'mfcc_10', 'zcr_mean', 'spec_centroid']",0.5588235294117647,0.5625,0.5551948051948052,0.6146348564636914,0.6270358306188925,0.6912028725314183,0.5737704918032787,0.7273817270106441,0.880838894184938,0.8339350180505415,0.9333333333333333,0.9439231380401909
LR,0.6888139049226046,0.6927538564646564,0.6862390493538034,0.7475876079228034,0.7513500695050785,"{'C': 0.1, 'solver': 'lbfgs'}","['mfcc_6', 'mfcc_5', 'mfcc_8', 'mfcc_10', 'wav_detail_lvl3_std', 'zcr_mean']",0.5538971807628524,0.5661016949152542,0.5422077922077922,0.6249856723537104,0.6393188854489165,0.6650563607085346,0.6154992548435171,0.691852901010242,0.873225648556045,0.8471035137701804,0.901010101010101,0.9372116351512833
LR,0.6887253032766139,0.703887804592923,0.6793327498245532,0.7526663280853225,0.7509297165983577,"{'C': 0.1, 'solver': 'lbfgs'}","['mfcc_6', 'mfcc_11', 'mfcc_10', 'wav_detail_lvl3_std']",0.5415162454873647,0.6097560975609756,0.487012987012987,0.6237334821340634,0.6499620349278664,0.6625386996904025,0.6378539493293591,0.706865096506338,0.8746976294146106,0.8393686165273909,0.9131313131313131,0.9221905711546714
LR,0.6886677469639544,0.7080615270739704,0.6789633256846371,0.7577450482478415,0.7586091908103626,"{'C': 0.1, 'solver': 'lbfgs'}","['mfcc_6', 'mfcc_3', 'wav_detail_lvl5_std', 'mfcc_8', 'zcr_mean']",0.5431654676258992,0.6088709677419355,0.4902597402597403,0.6586953751014104,0.6405124099279423,0.6920415224913494,0.5961251862891207,0.702952952999253,0.8823253633380216,0.8232720909886264,0.9505050505050505,0.9141792443304249
LR,0.6886245685175165,0.7021379028101052,0.6824777832974555,0.7546978161503302,0.7534332086949981,"{'C': 0.1, 'solver': 'lbfgs'}","['mfcc_6', 'mfcc_3', 'mfcc_8', 'wav_detail_lvl3_std', 'spec_centroid']",0.5542168674698795,0.5897435897435898,0.5227272727272727,0.6332377728029215,0.6293592862935928,0.6903914590747331,0.5782414307004471,0.7109045008501521,0.8822975517890772,0.826278659611993,0.9464646464646465,0.9161573524319204
LR,0.6886038872823227,0.7054204292771677,0.6787247967575837,0.7552056881665821,0.7486335024926816,"{'C': 0.1, 'solver': 'lbfgs'}","['mfcc_6', 'mfcc_11', 'mfcc_10', 'wav_detail_lvl3_std', 'zcr_mean']",0.5381818181818182,0.6115702479338843,0.4805194805194805,0.623650445015153,0.6472838561591431,0.6650943396226415,0.6304023845007451,0.7072685711172468,0.8803459875060067,0.8395967002749771,0.9252525252525252,0.9149814913456449
LR,0.6885406580320086,0.7013513552636096,0.6806594437741978,0.7526663280853225,0.7699911314653702,"{'C': 0.1, 'solver': 'lbfgs'}","['mfcc_6', 'mfcc_3', 'mfcc_5', 'mfcc_11', 'wav_detail_lvl5_std', 'mfcc_8', 'mfcc_10']",0.54673721340388,0.5984555984555985,0.5032467532467533,0.6566532592899953,0.6413043478260869,0.6693679092382496,0.6154992548435171,0.7042012517352697,0.8775804128660586,0.8362305580969808,0.9232323232323232,0.9491188833708455
LR,0.6884960771599508,0.6982427245907138,0.6816265701511602,0.7480954799390553,0.7583938177256355,"{'C': 1.0, 'solver': 'lbfgs'}","['mfcc_6', 'mfcc_5', 'mfcc_11', 'wav_detail_lvl5_std', 'mfcc_8', 'mfcc_10', 'wav_detail_lvl3_std', 'zcr_mean']",0.5514834205933682,0.5962264150943396,0.512987012987013,0.6421320714608895,0.6438876233864844,0.6563467492260062,0.6318926974664679,0.6928815241514406,0.8701171875,0.8421550094517959,0.9,0.9401678575645764
LR,0.6883777873080182,0.714030150866669,0.6744912039994008,0.7480954799390553,0.7571269639026167,"{'C': 0.1, 'solver': 'lbfgs'}","['mfcc_6', 'wav_detail_lvl3_std', 'zcr_mean', 'spec_centroid']",0.5584905660377358,0.6666666666666666,0.4805194805194805,0.6427887334907362,0.6459438968915845,0.6574074074074074,0.6348733233979136,0.7102358954078738,0.8606988989947343,0.8180163785259327,0.908080808080808,0.9183562628092399
LR,0.6883706539021692,0.6975941762803957,0.6816656021574055,0.7460639918740477,0.750640034886256,"{'C': 1.0, 'solver': 'lbfgs'}","['mfcc_3', 'mfcc_5', 'mfcc_11', 'wav_detail_lvl5_std', 'mfcc_10', 'wav_detail_lvl3_std']",0.554006968641115,0.5977443609022557,0.5162337662337663,0.658488167458423,0.6455505279034691,0.6534351145038167,0.6378539493293591,0.658832849653279,0.8655544651619235,0.8416030534351145,0.8909090909090909,0.9345990875470661
LR,0.6882630486894311,0.7034385059385059,0.679764861732075,0.7638395124428644,0.7515841145267462,"{'C': 10.0, 'solver': 'lbfgs'}","['mfcc_6', 'wav_detail_lvl5_std', 'mfcc_10', 'wav_detail_lvl3_std', 'zcr_mean', 'spec_centroid']",0.5063291139240507,0.5714285714285714,0.45454545454545453,0.6398004939106106,0.6656370656370656,0.6907051282051282,0.6423248882265276,0.694208425902623,0.8928229665071771,0.8481818181818181,0.9424242424242424,0.9207434237670055
LR,0.6882044038158078,0.6949781425538898,0.6831026896600667,0.744540375825292,0.7409373792170331,"{'C': 10.0, 'solver': 'lbfgs'}","['mfcc_3', 'mfcc_5', 'mfcc_10', 'wav_detail_lvl3_std', 'zcr_mean']",0.5597269624573379,0.5899280575539568,0.5324675324675324,0.6365973036450578,0.6397562833206397,0.6542056074766355,0.6259314456035767,0.6557336696650837,0.8651299656694458,0.8408007626310772,0.8909090909090909,0.9304811643409576
LR,0.6881918642074566,0.700522129368483,0.6798370118042248,0.7470797359065515,0.7601468956768841,"{'C': 10.0, 'solver': 'lbfgs'}","['mfcc_3', 'mfcc_5', 'mfcc_11', 'wav_detail_lvl5_std', 'mfcc_10', 'wav_detail_lvl3_std', 'zcr_mean']",0.5516014234875445,0.610236220472441,0.5032467532467533,0.6580419901232729,0.6461769115442278,0.6500754147812972,0.6423248882265276,0.6868456561045531,0.8667972575905974,0.841254752851711,0.8939393939393939,0.9355530408028265
LR,0.6880435358125387,0.6972761101226347,0.681328901820705,0.7455561198577958,0.7508897613550712,"{'C': 0.1, 'solver': 'lbfgs'}","['mfcc_3', 'mfcc_5', 'wav_detail_lvl5_std', 'mfcc_10', 'wav_detail_lvl3_std']",0.554006968641115,0.5977443609022557,0.5162337662337663,0.6591120756248479,0.6455505279034691,0.6534351145038167,0.6378539493293591,0.6604030374096324,0.8645731108930323,0.8406488549618321,0.8898989898989899,0.9331541710307335
LR,0.688033357747579,0.6995457008528928,0.6800857915612014,0.7465718638902996,0.759217196315881,"{'C': 0.1, 'solver': 'lbfgs'}","['mfcc_3', 'mfcc_5', 'mfcc_11', 'wav_detail_lvl5_std', 'mfcc_10', 'zcr_mean']",0.552212389380531,0.6070038910505836,0.5064935064935064,0.6568193918726567,0.6456456456456456,0.6505295007564297,0.6408345752608048,0.6857605584778069,0.8662420382165605,0.8411037107516651,0.8929292929292929,0.9350716385971795
LR,0.688009872918022,0.68677031423328,0.6896509986673922,0.7475876079228034,0.737948833042371,"{'C': 1.0, 'solver': 'lbfgs'}","['mfcc_5', 'mfcc_11', 'mfcc_8', 'mfcc_10', 'wav_detail_lvl3_std']",0.5365079365079365,0.5248447204968945,0.5487012987012987,0.6197412004940112,0.6468797564687976,0.6609642301710731,0.6333830104321908,0.666813719140073,0.880641925777332,0.8745019920318725,0.8868686868686869,0.9272915794930291
LR,0.6879646669576372,0.7028411623408282,0.6814128797735356,0.7531742001015744,0.7566177154589755,"{'C': 1.0, 'solver': 'lbfgs'}","['mfcc_6', 'mfcc_3', 'mfcc_11', 'mfcc_8', 'wav_detail_lvl3_std']",0.5595854922279793,0.5977859778597786,0.525974025974026,0.6418524193495283,0.6247960848287113,0.69009009009009,0.5707898658718331,0.7158672468731324,0.8795124238162213,0.820647419072616,0.9474747474747475,0.9121334801542658
LR,0.6877417813863888,0.7012393966611605,0.6789645084727053,0.7480954799390553,0.7680085317908074,"{'C': 0.1, 'solver': 'lbfgs'}","['mfcc_6', 'mfcc_11', 'wav_detail_lvl5_std', 'mfcc_8', 'spec_centroid']",0.5490196078431373,0.6086956521739131,0.5,0.6565331613542664,0.6488956587966489,0.6635514018691588,0.6348733233979136,0.7296835450868907,0.8653100775193798,0.8314711359404097,0.902020202020202,0.9178088889312651
LR,0.6876876635897013,0.695944154149323,0.6818205473943179,0.7475876079228034,0.7581547684814338,"{'C': 0.1, 'solver': 'lbfgs'}","['mfcc_3', 'mfcc_5', 'mfcc_11', 'mfcc_8', 'wav_detail_lvl3_std', 'spec_centroid']",0.5517241379310345,0.5882352941176471,0.5194805194805194,0.6303272957505451,0.6391437308868502,0.6562009419152276,0.6229508196721312,0.7012071572601001,0.8721951219512195,0.8433962264150944,0.9030303030303031,0.9429298524336561
LR,0.6876238981169998,0.6942479035972978,0.6868647442417934,0.7506348400203149,0.76013822137313,"{'C': 0.1, 'solver': 'lbfgs'}","['mfcc_6', 'mfcc_3', 'mfcc_5', 'mfcc_8', 'zcr_mean', 'spec_centroid']",0.5584415584415584,0.5584415584415584,0.5584415584415584,0.6111420081112009,0.6230580539656582,0.6902173913043478,0.5678092399403875,0.7253590933706356,0.8813720819437828,0.8340847610459874,0.9343434343434344,0.9439135626375538
LR,0.6876182774202501,0.7054563327700277,0.6783447275250554,0.7567293042153377,0.7582322294625589,"{'C': 1.0, 'solver': 'lbfgs'}","['mfcc_6', 'mfcc_3', 'wav_detail_lvl5_std', 'mfcc_8', 'wav_detail_lvl3_std', 'zcr_mean']",0.5376344086021505,0.6,0.487012987012987,0.6516865267758524,0.6443914081145584,0.6911262798634812,0.6035767511177347,0.7021631361620848,0.8808290155440415,0.8252427184466019,0.9444444444444444,0.9208470254497393
LR,0.687583109450597,0.6991359751544102,0.6796935001853034,0.7475876079228034,0.756600025393229,"{'C': 10.0, 'solver': 'lbfgs'}","['mfcc_3', 'mfcc_5', 'wav_detail_lvl5_std', 'mfcc_10', 'wav_detail_lvl3_std', 'zcr_mean']",0.5486725663716814,0.603112840466926,0.5032467532467533,0.6574677382604883,0.6450640542577242,0.6524390243902439,0.6378539493293591,0.6792292148698715,0.8690127077223851,0.8418560606060606,0.897979797979798,0.9331031230493271
LR,0.6874907461252633,0.6958209327363151,0.6814507289917126,0.7460639918740477,0.749173030778008,"{'C': 0.1, 'solver': 'lbfgs'}","['mfcc_3', 'mfcc_5', 'mfcc_11', 'wav_detail_lvl5_std', 'mfcc_8', 'mfcc_10']",0.5526770293609672,0.5904059040590406,0.5194805194805194,0.6521047880195227,0.6423135464231354,0.656298600311042,0.6289120715350224,0.6509175735594528,0.867481662591687,0.8407582938388626,0.895959595959596,0.9444967307550484
LR,0.6874152340844649,0.695666223683963,0.7058808222742649,0.7450482478415439,0.7592329466261855,"{'C': 1.0, 'solver': 'lbfgs'}","['mfcc_6', 'mfcc_3', 'mfcc_5', 'mfcc_11', 'mfcc_10', 'zcr_mean']",0.6084507042253521,0.5373134328358209,0.7012987012987013,0.6004384790280541,0.5719424460431655,0.7210884353741497,0.47391952309985097,0.7365619758694331,0.8818525519848771,0.8285968028419183,0.9424242424242424,0.9406983849810692
LR,0.6874125779161648,0.7067744268339249,0.6773496084971494,0.7587607922803453,0.7584627473564508,"{'C': 10.0, 'solver': 'lbfgs'}","['mfcc_6', 'mfcc_3', 'wav_detail_lvl5_std', 'mfcc_10', 'wav_detail_lvl3_std', 'zcr_mean', 'spec_centroid']",0.5318761384335154,0.6058091286307054,0.474025974025974,0.6599825770758533,0.6440944881889764,0.6828046744574291,0.6095380029806259,0.6935327499804037,0.8862671071260029,0.8317094774136404,0.9484848484848485,0.9218729150130954
LR,0.6872384409786875,0.6930627542392248,0.6826634810241368,0.7470797359065515,0.7218529700057971,"{'C': 0.1, 'solver': 'lbfgs'}","['mfcc_5', 'mfcc_11', 'mfcc_10', 'wav_detail_lvl3_std', 'zcr_mean']",0.5351629502572899,0.5672727272727273,0.5064935064935064,0.6132744204892325,0.6572908956328646,0.6529411764705882,0.6616989567809239,0.6791833639768396,0.8692614770459082,0.8589743589743589,0.8797979797979798,0.8731011255513187
LR,0.6872322355223112,0.6961445556748839,0.6841305324911883,0.7516505840528187,0.7499912341537183,"{'C': 10.0, 'solver': 'lbfgs'}","['mfcc_6', 'mfcc_3', 'mfcc_8', 'zcr_mean', 'spec_centroid']",0.5566666666666666,0.571917808219178,0.5422077922077922,0.6262857561671943,0.6222583265637693,0.6839285714285714,0.5707898658718331,0.7087249864929128,0.8827717133364974,0.8325872873769025,0.9393939393939394,0.9149629598010477
LR,0.6872172738679704,0.6948146137985277,0.6820153131628541,0.7455561198577958,0.7547066496456679,"{'C': 0.1, 'solver': 'lbfgs'}","['mfcc_3', 'mfcc_5', 'mfcc_8', 'wav_detail_lvl3_std', 'spec_centroid']",0.5597269624573379,0.5899280575539568,0.5324675324675324,0.6315625016280014,0.6321483771251932,0.6565008025682183,0.6095380029806259,0.6956386102559821,0.86977648202138,0.8380149812734082,0.9040404040404041,0.9369188370530199
LR,0.687200408108748,0.6996242602944488,0.680480054250546,0.7491112239715592,0.7599383645655572,"{'C': 0.1, 'solver': 'lbfgs'}","['mfcc_6', 'mfcc_3', 'mfcc_5', 'wav_detail_lvl5_std', 'mfcc_8', 'mfcc_10', 'zcr_mean']",0.5605536332179931,0.6,0.525974025974026,0.6536835452782433,0.6278884462151394,0.6746575342465754,0.587183308494784,0.6845537912442334,0.8731591448931116,0.8242152466367713,0.9282828282828283,0.9415777571741946
LR,0.6871978014677599,0.695976283900861,0.6807607692853596,0.744540375825292,0.7587358139312076,"{'C': 1.0, 'solver': 'lbfgs'}","['mfcc_6', 'mfcc_5', 'mfcc_11', 'wav_detail_lvl5_std', 'mfcc_8', 'mfcc_10', 'zcr_mean']",0.5555555555555556,0.5970149253731343,0.5194805194805194,0.6436840198077787,0.6404833836858006,0.6493108728943339,0.6318926974664679,0.6933762833825582,0.8655544651619235,0.8416030534351145,0.8909090909090909,0.939147138603286
LR,0.6870850016057041,0.6950957372561266,0.6845236123924648,0.7491112239715592,0.7554397472589894,"{'C': 0.1, 'solver': 'lbfgs'}","['mfcc_6', 'mfcc_3', 'mfcc_5', 'mfcc_8', 'mfcc_10', 'wav_detail_lvl3_std', 'zcr_mean']",0.5629139072847682,0.5743243243243243,0.551948051948052,0.6369201168992636,0.6201298701298701,0.6809269162210339,0.5692995529061102,0.6876506000440177,0.8782112274024738,0.8300359712230215,0.9323232323232323,0.941748524833687
LR,0.6870359580752008,0.6942612629575159,0.6815950291360128,0.7440325038090401,0.7377180016902463,"{'C': 0.1, 'solver': 'lbfgs'}","['mfcc_3', 'mfcc_5', 'mfcc_10', 'wav_detail_lvl3_std']",0.5557461406518011,0.5890909090909091,0.525974025974026,0.6382416777047188,0.6403641881638846,0.652241112828439,0.6289120715350224,0.6478650159894113,0.8649975454099166,0.8414517669531996,0.8898989898989899,0.9270473113766086
LR,0.6869387932989133,0.6947197972002698,0.6811861787271623,0.744540375825292,0.7483820169325911,"{'C': 1.0, 'solver': 'lbfgs'}","['mfcc_3', 'mfcc_5', 'mfcc_11', 'wav_detail_lvl5_std', 'mfcc_8', 'mfcc_10', 'wav_detail_lvl3_std']",0.5542168674698795,0.5897435897435898,0.5227272727272727,0.65250949539476,0.6413373860182371,0.6542635658914728,0.6289120715350224,0.6488560887002577,0.8652621264086232,0.840152235965747,0.8919191919191919,0.9437804667027552
LR,0.6869341630251363,0.6963922874679701,0.6804197320590765,0.7440325038090401,0.7491513523275394,"{'C': 0.1, 'solver': 'lbfgs'}","['mfcc_3', 'mfcc_5', 'wav_detail_lvl5_std', 'mfcc_8', 'mfcc_10', 'zcr_mean']",0.5640138408304498,0.6037037037037037,0.5292207792207793,0.6498042584216996,0.6307692307692307,0.6518282988871225,0.6110283159463488,0.6613342969922459,0.8660194174757282,0.8336448598130841,0.901010101010101,0.9363155015686722
LR,0.6868840759611646,0.6964870489873977,0.6799978709814777,0.7455561198577958,0.7498487029503043,"{'C': 1.0, 'solver': 'lbfgs'}","['mfcc_3', 'mfcc_5', 'wav_detail_lvl5_std', 'mfcc_10']",0.548951048951049,0.5946969696969697,0.5097402597402597,0.656677935785067,0.6465712132629993,0.6539634146341463,0.639344262295082,0.6603224307368842,0.8651299656694458,0.8408007626310772,0.8909090909090909,0.9325457423289616
LR,0.6868138836593749,0.7029048489716558,0.6776043021944661,0.7552056881665821,0.7612485163103216,"{'C': 1.0, 'solver': 'lbfgs'}","['mfcc_6', 'mfcc_11', 'wav_detail_lvl5_std', 'mfcc_8', 'mfcc_10', 'wav_detail_lvl3_std', 'zcr_mean', 'spec_centroid']",0.5333333333333333,0.5991902834008097,0.4805194805194805,0.6476525523226915,0.6459627329192547,0.6742301458670988,0.6199701937406855,0.7037599926358077,0.881145584725537,0.8352941176470589,0.9323232323232323,0.9323330039724658
LR,0.6867959719911481,0.7046029979645798,0.6759830940158809,0.7465718638902996,0.75630314070213,"{'C': 0.1, 'solver': 'lbfgs'}","['mfcc_6', 'wav_detail_lvl3_std']",0.5547445255474452,0.6333333333333333,0.4935064935064935,0.6388608748160314,0.6409090909090909,0.6517719568567026,0.6304023845007451,0.7101127120600387,0.8647342995169082,0.8287037037037037,0.9040404040404041,0.9199358352303202
LR,0.6867628420971609,0.6909477619712634,0.6838994945552322,0.7430167597765364,0.7457259102152097,"{'C': 0.1, 'solver': 'lbfgs'}","['mfcc_3', 'mfcc_5', 'mfcc_11', 'mfcc_8', 'wav_detail_lvl3_std']",0.562396006655574,0.5767918088737202,0.5487012987012987,0.6366761403965683,0.6301158301158302,0.6538461538461539,0.6080476900149031,0.6582300410056813,0.8677766895200784,0.8422053231939164,0.8949494949494949,0.94227154924338
LR,0.6866622781869199,0.6967485668116451,0.6800936768149883,0.7480954799390553,0.7344751539137645,"{'C': 0.1, 'solver': 'lbfgs'}","['mfcc_5', 'mfcc_11', 'mfcc_10', 'wav_detail_lvl3_std', 'spec_centroid']",0.5257548845470693,0.5803921568627451,0.4805194805194805,0.6117197259903674,0.667632150615496,0.6492957746478873,0.6870342771982116,0.699169368545596,0.8665997993981945,0.8605577689243028,0.8727272727272727,0.8925363672053299
LR,0.6865966416176521,0.6891835871819051,0.6991811163942311,0.7420010157440325,0.7553256699769335,"{'C': 0.1, 'solver': 'lbfgs'}","['mfcc_6', 'mfcc_3', 'mfcc_5', 'mfcc_11', 'mfcc_8']",0.5985401459854015,0.5437665782493368,0.6655844155844156,0.6096434515434115,0.58469475494411,0.6910569105691057,0.5067064083457526,0.7090505048180054,0.876555023923445,0.8327272727272728,0.9252525252525252,0.9472830535693839
LR,0.6862891178172289,0.7070680829794177,0.6755947452668764,0.755713560182834,0.7606601283106,"{'C': 1.0, 'solver': 'lbfgs'}","['mfcc_6', 'mfcc_3', 'wav_detail_lvl5_std', 'mfcc_8', 'spec_centroid']",0.5374771480804388,0.6150627615062761,0.4772727272727273,0.6556462638644663,0.641390205371248,0.6823529411764706,0.6050670640834576,0.7098242226863887,0.88,0.8237885462555066,0.9444444444444444,0.916509898380945
LR,0.6862288299504428,0.6868346807837127,0.6858195538523407,0.744540375825292,0.7352399776180425,"{'C': 0.1, 'solver': 'lbfgs'}","['mfcc_5', 'mfcc_11', 'mfcc_8', 'wav_detail_lvl3_std', 'zcr_mean']",0.5430894308943089,0.5439739413680782,0.5422077922077922,0.622345485761179,0.6409090909090909,0.6517719568567026,0.6304023845007451,0.6648176723474847,0.8746879680479281,0.8647581441263573,0.8848484848484849,0.9185567747454639
LR,0.686184308590125,0.7006702658381444,0.6770306499814697,0.7491112239715592,0.7461933906943999,"{'C': 0.1, 'solver': 'lbfgs'}","['mfcc_3', 'mfcc_11', 'wav_detail_lvl5_std', 'mfcc_10', 'wav_detail_lvl3_std', 'spec_centroid']",0.538878842676311,0.6081632653061224,0.4837662337662338,0.6621670917483469,0.6467513069454817,0.6482035928143712,0.6453055141579732,0.6664731053277312,0.8729227761485826,0.8456439393939394,0.902020202020202,0.9099399750071219
LR,0.6860546524678702,0.6990046702306537,0.6779500705730213,0.7465718638902996,0.7530328605452787,"{'C': 1.0, 'solver': 'lbfgs'}","['mfcc_6', 'mfcc_8', 'wav_detail_lvl3_std', 'zcr_mean', 'spec_centroid']",0.5528169014084507,0.6038461538461538,0.5097402597402597,0.6268583082248956,0.6402486402486403,0.6688311688311688,0.6140089418777943,0.7149415931536607,0.8650984157465195,0.8243366880146387,0.9101010101010101,0.9172986802572798
LR,0.6860341576990311,0.6955972637244204,0.6791643996562029,0.744540375825292,0.74987531900191,"{'C': 0.1, 'solver': 'lbfgs'}","['mfcc_3', 'mfcc_5', 'mfcc_11', 'wav_detail_lvl5_std', 'mfcc_10']",0.548951048951049,0.5946969696969697,0.5097402597402597,0.6572982839161429,0.6445783132530121,0.6514459665144596,0.6378539493293591,0.6590443370000316,0.8645731108930323,0.8406488549618321,0.8898989898989899,0.9332833360895549
LR,0.6859016703346915,0.7061937933825991,0.675258044930176,0.7552056881665821,0.7673788818769195,"{'C': 10.0, 'solver': 'lbfgs'}","['mfcc_6', 'mfcc_3', 'mfcc_11', 'wav_detail_lvl5_std', 'mfcc_10', 'wav_detail_lvl3_std', 'spec_centroid']",0.5384615384615384,0.6176470588235294,0.4772727272727273,0.6645313876309906,0.6368627450980392,0.6721854304635762,0.6050670640834576,0.7120039636116097,0.8823807274444969,0.8287488908606921,0.9434343434343434,0.9256012943881583
LR,0.6858108650174838,0.7045779975487089,0.6749497315071086,0.7491112239715592,0.7553005091425739,"{'C': 0.1, 'solver': 'lbfgs'}","['mfcc_6', 'mfcc_11', 'mfcc_8', 'wav_detail_lvl3_std', 'zcr_mean', 'spec_centroid']",0.5447897623400365,0.6234309623430963,0.4837662337662338,0.6306172920190933,0.6456571867794004,0.6666666666666666,0.6259314456035767,0.7240879338667624,0.8669856459330143,0.8236363636363636,0.9151515151515152,0.9111963015418656
LR,0.6857858661014015,0.6839291886842148,0.6963857939267776,0.739461655662773,0.7405683807372707,"{'C': 0.1, 'solver': 'lbfgs'}","['mfcc_3', 'mfcc_5', 'mfcc_10', 'zcr_mean', 'spec_centroid']",0.5861561119293078,0.5363881401617251,0.6461038961038961,0.6100408335820496,0.5962014863748968,0.6685185185185185,0.5380029806259314,0.6865005213577957,0.875,0.8468809073724007,0.9050505050505051,0.9251637872719667
LR,0.6857627232992988,0.6930460638618561,0.6807722029033504,0.7465718638902996,0.7590719406186516,"{'C': 0.1, 'solver': 'lbfgs'}","['mfcc_3', 'mfcc_5', 'mfcc_8', 'mfcc_10', 'wav_detail_lvl3_std', 'zcr_mean', 'spec_centroid']",0.5494880546075085,0.579136690647482,0.5227272727272727,0.6365580836304591,0.6342592592592593,0.6576,0.6125186289120715,0.7031954339768643,0.8735408560311284,0.8424015009380863,0.907070707070707,0.9374623042486314
LR,0.6857623022653421,0.7034442982381188,0.6749729930057798,0.7450482478415439,0.7562390928064303,"{'C': 0.1, 'solver': 'lbfgs'}","['mfcc_6', 'wav_detail_lvl3_std', 'spec_centroid']",0.5547445255474452,0.6333333333333333,0.4935064935064935,0.6389474467061046,0.6394557823129252,0.6487730061349694,0.6304023845007451,0.7096310541087477,0.8630865989356555,0.8282265552460538,0.901010101010101,0.9201387776044385
LR,0.6857057917927483,0.6880189793876089,0.6967520639651789,0.739461655662773,0.7517896408491079,"{'C': 10.0, 'solver': 'lbfgs'}","['mfcc_6', 'mfcc_3', 'mfcc_5', 'mfcc_11', 'mfcc_8', 'zcr_mean']",0.6044444444444445,0.555858310626703,0.6623376623376623,0.6137121098701117,0.5811965811965812,0.6813627254509018,0.5067064083457526,0.696675311656429,0.8714763497372193,0.8268359020852222,0.9212121212121213,0.9449815010207828
LR,0.6856316011171221,0.7147794926339741,0.6736013531095498,0.7511427120365668,0.7530347270593705,"{'C': 0.1, 'solver': 'lbfgs'}","['mfcc_5', 'wav_detail_lvl5_std', 'wav_detail_lvl3_std', 'spec_centroid']",0.5137254901960784,0.6485148514851485,0.4253246753246753,0.6368936419880452,0.6830294530154277,0.6450331125827815,0.7257824143070045,0.730320675114218,0.8601398601398601,0.8507905138339921,0.8696969696969697,0.8918898640758479
LR,0.6856073499671195,0.7114372464053993,0.6719178514260481,0.7475876079228034,0.7529034363468812,"{'C': 1.0, 'solver': 'lbfgs'}","['mfcc_6', 'mfcc_11', 'wav_detail_lvl3_std', 'zcr_mean', 'spec_centroid']",0.5492424242424242,0.6590909090909091,0.4707792207792208,0.64447217428544,0.6449659348978047,0.6553846153846153,0.6348733233979136,0.7038432272697208,0.8626136907611297,0.8198362147406734,0.9101010101010101,0.9103949074854826
LR,0.6855607178813857,0.6978011880367087,0.6774943029041389,0.7486033519553073,0.7425183471678153,"{'C': 10.0, 'solver': 'lbfgs'}","['mfcc_3', 'wav_detail_lvl5_std', 'mfcc_10', 'wav_detail_lvl3_std', 'zcr_mean', 'spec_centroid']",0.5330948121645797,0.5936254980079682,0.4837662337662338,0.6527540138470396,0.652271034996277,0.6517857142857143,0.6527570789865872,0.6689270855105462,0.8713163064833006,0.8479923518164436,0.895959595959596,0.9058739421458599
LR,0.6854536624246959,0.69801780539223,0.6770870295460459,0.7460639918740477,0.7570044898455836,"{'C': 0.1, 'solver': 'lbfgs'}","['mfcc_3', 'mfcc_5', 'wav_detail_lvl5_std', 'mfcc_10', 'zcr_mean']",0.5428571428571428,0.6031746031746031,0.4935064935064935,0.6568930003681559,0.6467065868263473,0.649624060150376,0.6438152011922503,0.6809999625711987,0.8667972575905974,0.841254752851711,0.8939393939393939,0.9331205065973961
LR,0.6854514977972972,0.6934769671961322,0.6802762204401548,0.744540375825292,0.755054315534737,"{'C': 10.0, 'solver': 'lbfgs'}","['mfcc_6', 'mfcc_8', 'wav_detail_lvl3_std', 'spec_centroid']",0.555366269165247,0.5842293906810035,0.5292207792207793,0.6214947586274164,0.6344505066250974,0.6650326797385621,0.6065573770491803,0.7225791419166671,0.8665377176015474,0.8311688311688312,0.9050505050505051,0.9210890460601274
LR,0.6853824205623656,0.7032244504085426,0.6760923047808293,0.7546978161503302,0.758027319601382,"{'C': 10.0, 'solver': 'lbfgs'}","['mfcc_6', 'mfcc_3', 'wav_detail_lvl5_std', 'mfcc_8', 'wav_detail_lvl3_std']",0.5350089766606823,0.5983935742971888,0.4837662337662338,0.6516300445808961,0.6417791898332009,0.6870748299319728,0.6020864381520119,0.7017967930559424,0.879359095193214,0.8242049469964664,0.9424242424242424,0.9206551211673076
LR,0.6852432642848768,0.7027021699461374,0.676126211372113,0.7541899441340782,0.7616963246967696,"{'C': 0.1, 'solver': 'lbfgs'}","['mfcc_6', 'mfcc_3', 'mfcc_11', 'wav_detail_lvl5_std', 'mfcc_10']",0.5421903052064632,0.606425702811245,0.4902597402597403,0.6616027954789119,0.6291600633914421,0.6717428087986463,0.5916542473919523,0.7037796621835238,0.8843794242567249,0.8299379982285208,0.9464646464646465,0.9197065164278729
LR,0.6851771242446901,0.698967041708416,0.6784862678305301,0.7516505840528187,0.7559953857711698,"{'C': 10.0, 'solver': 'lbfgs'}","['mfcc_6', 'mfcc_3', 'mfcc_11', 'mfcc_10', 'wav_detail_lvl3_std', 'zcr_mean']",0.5530434782608695,0.5955056179775281,0.5162337662337663,0.6411877018573349,0.6194690265486725,0.6730769230769231,0.5737704918032787,0.7081092761319229,0.8830188679245283,0.8283185840707965,0.9454545454545454,0.9186891793242513
LR,0.6851238506563017,0.6918592390685502,0.6802423138488712,0.7450482478415439,0.756584137225481,"{'C': 10.0, 'solver': 'lbfgs'}","['mfcc_3', 'mfcc_5', 'mfcc_8', 'wav_detail_lvl3_std', 'zcr_mean', 'spec_centroid']",0.5494880546075085,0.579136690647482,0.5227272727272727,0.6360604492230976,0.6335118592195869,0.6509433962264151,0.61698956780924,0.6998276253178339,0.8723716381418093,0.8454976303317535,0.901010101010101,0.9338643371355116
LR,0.6850438188668563,0.6862360381914562,0.684063902096689,0.7430167597765364,0.7366888488245792,"{'C': 0.1, 'solver': 'lbfgs'}","['mfcc_5', 'mfcc_8', 'wav_detail_lvl3_std', 'zcr_mean']",0.5433715220949263,0.5478547854785478,0.538961038961039,0.6229463198592256,0.6399394856278366,0.6497695852534562,0.6304023845007451,0.6696922252785742,0.8718204488778055,0.8610837438423645,0.8828282828282829,0.9174280013359382
LR,0.6848221451860539,0.6973392898160329,0.6772336952664822,0.7552056881665821,0.7521024468981881,"{'C': 10.0, 'solver': 'lbfgs'}","['mfcc_6', 'mfcc_11', 'wav_detail_lvl5_std', 'mfcc_10', 'wav_detail_lvl3_std', 'zcr_mean']",0.5186500888099467,0.5725490196078431,0.474025974025974,0.6409623643230155,0.6522744795682344,0.6757188498402555,0.6304023845007451,0.6996866856207249,0.8835418671799807,0.84375,0.9272727272727272,0.915658290750824
LR,0.6848068436821074,0.7015189536295111,0.6746520631766533,0.7465718638902996,0.7601132097909495,"{'C': 0.1, 'solver': 'lbfgs'}","['mfcc_6', 'wav_detail_lvl5_std', 'zcr_mean']",0.5444646098003629,0.6172839506172839,0.487012987012987,0.6597033770039182,0.6463414634146342,0.6614664586583463,0.6318926974664679,0.7019277679060185,0.8636144578313253,0.8258064516129032,0.9050505050505051,0.9187084844629118
LR,0.6846589695892168,0.698420496804593,0.6777241580520269,0.7511427120365668,0.7568629598639379,"{'C': 0.1, 'solver': 'lbfgs'}","['mfcc_6', 'mfcc_3', 'mfcc_11', 'mfcc_10', 'wav_detail_lvl3_std']",0.5514834205933682,0.5962264150943396,0.512987012987013,0.6425659924917172,0.6196957566052842,0.6695501730103807,0.5767511177347243,0.7078263136195149,0.8827977315689981,0.8294849023090586,0.9434343434343434,0.9201965734805815
LR,0.6846139834300516,0.6970448396261166,0.6790559774166333,0.7496190959878111,0.75705195862283,"{'C': 0.1, 'solver': 'lbfgs'}","['mfcc_6', 'mfcc_3', 'mfcc_11', 'mfcc_8', 'zcr_mean', 'spec_centroid']",0.5547945205479452,0.5869565217391305,0.525974025974026,0.6378960752405861,0.6207455429497569,0.6802841918294849,0.5707898658718331,0.7225618761432548,0.8783018867924528,0.8238938053097346,0.9404040404040404,0.910697924484649
LR,0.684500213120162,0.6970886380649919,0.6797624961559388,0.7516505840528187,0.7532321722882424,"{'C': 0.1, 'solver': 'lbfgs'}","['mfcc_6', 'mfcc_3', 'mfcc_8', 'wav_detail_lvl3_std']",0.5500848896434635,0.5765124555160143,0.525974025974026,0.6364326324419096,0.6213114754098361,0.6903460837887068,0.5648286140089419,0.7092327368244336,0.8821042743071865,0.8244073748902546,0.9484848484848485,0.9140311475983838
LR,0.6844845466189767,0.6993883645007647,0.6756921281511445,0.7552056881665821,0.7579680113801066,"{'C': 10.0, 'solver': 'lbfgs'}","['mfcc_6', 'mfcc_11', 'wav_detail_lvl5_std', 'mfcc_10', 'wav_detail_lvl3_std', 'spec_centroid']",0.5144927536231884,0.5819672131147541,0.461038961038961,0.6434046247782415,0.6585365853658537,0.6739469578783152,0.6438152011922503,0.7049659157486575,0.8804243008678881,0.8422509225092251,0.9222222222222223,0.9255334936134212
LR,0.6843698185605706,0.6974920245291969,0.6791770160622619,0.7516505840528187,0.7532566638738335,"{'C': 0.1, 'solver': 'lbfgs'}","['mfcc_6', 'mfcc_3', 'mfcc_8', 'wav_detail_lvl3_std', 'zcr_mean']",0.5494880546075085,0.579136690647482,0.5227272727272727,0.6361465089871413,0.6219312602291326,0.6896551724137931,0.5663189269746647,0.7092207812395589,0.8816901408450705,0.8236842105263158,0.9484848484848485,0.9144027013948003
LR,0.6842164824495413,0.6936029605657437,0.7044070683414946,0.7440325038090401,0.7559714756881416,"{'C': 0.1, 'solver': 'lbfgs'}","['mfcc_6', 'mfcc_3', 'mfcc_5', 'mfcc_11', 'mfcc_10']",0.6,0.5242718446601942,0.7012987012987013,0.5906103226162845,0.5675430643699003,0.7245370370370371,0.46646795827123694,0.7343742684513775,0.8851063829787233,0.832,0.9454545454545454,0.942929835996763
LR,0.684211003101938,0.6938349526761343,0.7006079530669695,0.7435246317927883,0.7447366413556239,"{'C': 1.0, 'solver': 'lbfgs'}","['mfcc_6', 'mfcc_3', 'mfcc_11', 'mfcc_8']",0.6109510086455331,0.5492227979274611,0.6883116883116883,0.6062444353633093,0.5600722673893406,0.7110091743119266,0.46199701937406856,0.717343143010504,0.8816097332709406,0.8212728857890148,0.9515151515151515,0.9106223456930586
LR,0.6840821271091043,0.6991492775112311,0.6760217317594367,0.7526663280853225,0.7572064954647205,"{'C': 1.0, 'solver': 'lbfgs'}","['mfcc_6', 'mfcc_3', 'mfcc_11', 'mfcc_8', 'mfcc_10', 'wav_detail_lvl3_std', 'zcr_mean', 'spec_centroid']",0.5390070921985816,0.59375,0.4935064935064935,0.6372995597234958,0.6302454473475851,0.6722972972972973,0.5931445603576752,0.7118069197508461,0.8829938417811464,0.8314005352363961,0.9414141414141414,0.92251300691982
LR,0.6838640326925827,0.7009826134986438,0.6732894913222781,0.7425088877602845,0.75441846214718,"{'C': 0.1, 'solver': 'lbfgs'}","['mfcc_6', 'mfcc_11', 'wav_detail_lvl3_std', 'spec_centroid']",0.5537340619307832,0.6307053941908713,0.4935064935064935,0.6388172565327719,0.6375282592313489,0.6448170731707317,0.6304023845007451,0.7059172806547322,0.8603297769156159,0.8274253731343284,0.895959595959596,0.918520849254036
LR,0.6837851522915948,0.6979586339586339,0.6752308408046114,0.7511427120365668,0.7483378670557155,"{'C': 0.1, 'solver': 'lbfgs'}","['mfcc_6', 'mfcc_10', 'wav_detail_lvl3_std', 'zcr_mean']",0.5304659498207885,0.592,0.4805194805194805,0.6220530696803271,0.6425826287471176,0.6634920634920635,0.6229508196721312,0.7031641197218825,0.8783068783068783,0.8383838383838383,0.9222222222222223,0.9197964117649364
LR,0.6837801157549673,0.699221503997364,0.6769238047926572,0.7511427120365668,0.7552368107103792,"{'C': 0.1, 'solver': 'lbfgs'}","['mfcc_6', 'mfcc_3', 'mfcc_11', 'mfcc_8', 'wav_detail_lvl3_std', 'zcr_mean']",0.5495652173913044,0.5917602996254682,0.512987012987013,0.6396122672877272,0.6221498371335505,0.6858168761220825,0.5692995529061102,0.7145881452295187,0.8796252927400469,0.8200873362445414,0.9484848484848485,0.9115100196138912
LR,0.6837573022764122,0.7054522592522278,0.67284318595794,0.7577450482478415,0.7715339967997528,"{'C': 1.0, 'solver': 'lbfgs'}","['mfcc_6', 'mfcc_3', 'mfcc_11', 'wav_detail_lvl5_std', 'mfcc_10', 'wav_detail_lvl3_std', 'zcr_mean', 'spec_centroid']",0.5204460966542751,0.6086956521739131,0.45454545454545453,0.6725562806487229,0.6433021806853583,0.6737357259380098,0.6154992548435171,0.7187442100235533,0.8875236294896031,0.8339253996447602,0.9484848484848485,0.923301499726982
LR,0.6836373936156067,0.6996181806716875,0.6740815650651717,0.750126968004063,0.7505687651826577,"{'C': 0.1, 'solver': 'lbfgs'}","['mfcc_6', 'mfcc_11', 'mfcc_10', 'wav_detail_lvl3_std', 'spec_centroid']",0.5282331511839709,0.6016597510373444,0.4707792207792208,0.6218035041217291,0.6485260770975056,0.6579754601226994,0.639344262295082,0.705950177923923,0.8741529525653436,0.8392193308550185,0.9121212121212121,0.9239526135023213
LR,0.6835533370463427,0.68977979904299,0.6846064075572272,0.7516505840528187,0.7416891721634853,"{'C': 1.0, 'solver': 'lbfgs'}","['mfcc_6', 'mfcc_3', 'mfcc_8', 'mfcc_10', 'zcr_mean', 'spec_centroid']",0.5431309904153354,0.5345911949685535,0.551948051948052,0.6068719168955284,0.6158940397350994,0.6927374301675978,0.5543964232488823,0.6984014134860876,0.8916349809885932,0.8420107719928187,0.9474747474747475,0.9197941861088401
LR,0.6835525672407311,0.7008461358018009,0.6746358984063902,0.7526663280853225,0.7606056683803906,"{'C': 0.1, 'solver': 'lbfgs'}","['mfcc_6', 'mfcc_3', 'mfcc_11', 'wav_detail_lvl5_std', 'mfcc_10', 'zcr_mean']",0.5412186379928315,0.604,0.4902597402597403,0.6591796452511836,0.6258935663224782,0.6700680272108843,0.587183308494784,0.7039819364961873,0.8835454974068836,0.8284703801945181,0.9464646464646465,0.9186554233938008
LR,0.6835485028667282,0.7021416877095162,0.673397913561848,0.7521584560690706,0.7656366399344113,"{'C': 1.0, 'solver': 'lbfgs'}","['mfcc_6', 'mfcc_3', 'mfcc_11', 'wav_detail_lvl5_std', 'mfcc_10', 'spec_centroid']",0.5364963503649635,0.6125,0.4772727272727273,0.6625745910331124,0.6329704510108864,0.6617886178861788,0.6065573770491803,0.7123352955824159,0.8811787072243346,0.8321364452423698,0.9363636363636364,0.9220000331877058
LR,0.6834649072841539,0.6902577406853257,0.6784701030602669,0.7430167597765364,0.7563413317664129,"{'C': 0.1, 'solver': 'lbfgs'}","['mfcc_6', 'mfcc_5', 'mfcc_11', 'mfcc_8', 'mfcc_10', 'wav_detail_lvl3_std', 'zcr_mean']",0.5470085470085471,0.5776173285198556,0.5194805194805194,0.6228845677279706,0.6346300533943554,0.65,0.6199701937406855,0.7064009868457114,0.8687561214495593,0.8431558935361216,0.895959595959596,0.9397384407255568
LR,0.6833836943834868,0.6913410501987974,0.6783762685402029,0.7450482478415439,0.7545412228081534,"{'C': 1.0, 'solver': 'lbfgs'}","['mfcc_6', 'mfcc_11', 'mfcc_8', 'wav_detail_lvl3_std', 'zcr_mean']",0.545144804088586,0.5734767025089605,0.5194805194805194,0.6285074339090656,0.6354410616705699,0.6672131147540984,0.6065573770491803,0.7238240944154344,0.8695652173913043,0.8333333333333334,0.9090909090909091,0.9112921400999601
LR,0.6833083117672109,0.697232409911461,0.6757745290532177,0.750126968004063,0.7561494916634676,"{'C': 1.0, 'solver': 'lbfgs'}","['mfcc_6', 'mfcc_3', 'mfcc_11', 'mfcc_10', 'wav_detail_lvl3_std', 'spec_centroid']",0.545774647887324,0.5961538461538461,0.5032467532467533,0.6400273159106532,0.6223277909738717,0.6638513513513513,0.5856929955290611,0.7067625409823086,0.8818224964404366,0.8316920322291853,0.9383838383838384,0.9216586180974413
LR,0.6832639731804147,0.7022627028856258,0.672201326299687,0.7450482478415439,0.7558523200485762,"{'C': 1.0, 'solver': 'lbfgs'}","['mfcc_6', 'wav_detail_lvl3_std', 'zcr_mean']",0.5494505494505495,0.6302521008403361,0.487012987012987,0.6381134242247091,0.6355283307810107,0.6535433070866141,0.6184798807749627,0.7104338596445074,0.8648130393096836,0.822992700729927,0.9111111111111111,0.9190096762765121
LR,0.6832637169730763,0.6826672243393128,0.684346588444949,0.7420010157440325,0.7340010874936395,"{'C': 0.1, 'solver': 'lbfgs'}","['mfcc_5', 'mfcc_8', 'mfcc_10', 'wav_detail_lvl3_std', 'zcr_mean']",0.5399361022364217,0.5314465408805031,0.5487012987012987,0.6166147179777608,0.6350420811017597,0.6525157232704403,0.6184798807749627,0.6656551019793451,0.8748129675810474,0.864039408866995,0.8858585858585859,0.9197334425238123
LR,0.6831745986703835,0.698142911106979,0.6738020328184263,0.7450482478415439,0.7598551272953502,"{'C': 0.1, 'solver': 'lbfgs'}","['mfcc_6', 'wav_detail_lvl5_std']",0.5405405405405406,0.6072874493927125,0.487012987012987,0.6590592131511123,0.6458966565349544,0.6589147286821705,0.6333830104321908,0.70074785622473,0.8630865989356555,0.8282265552460538,0.901010101010101,0.9197583125102082
LR,0.6829476770344969,0.6966813138315165,0.6750317381464922,0.7531742001015744,0.7536331329983809,"{'C': 1.0, 'solver': 'lbfgs'}","['mfcc_6', 'wav_detail_lvl5_std', 'mfcc_8', 'mfcc_10', 'wav_detail_lvl3_std', 'zcr_mean', 'spec_centroid']",0.5231316725978647,0.5787401574803149,0.4772727272727273,0.6429463624555157,0.6433021806853583,0.6737357259380098,0.6154992548435171,0.6880336211047999,0.8824091778202677,0.837568058076225,0.9323232323232323,0.929919415434827
LR,0.6829280446669587,0.6931563560320638,0.6759681120336859,0.7430167597765364,0.764568862043952,"{'C': 0.1, 'solver': 'lbfgs'}","['mfcc_6', 'mfcc_11', 'wav_detail_lvl5_std', 'mfcc_8']",0.5445026178010471,0.5886792452830188,0.5064935064935064,0.6568731823736607,0.6421455938697318,0.6608832807570978,0.624441132637854,0.7202501815087395,0.8621359223300971,0.8299065420560747,0.896969696969697,0.9165832222494561
LR,0.6829265452450478,0.6895456080339543,0.6785371277174557,0.7435246317927883,0.7573184885255778,"{'C': 0.1, 'solver': 'lbfgs'}","['mfcc_3', 'mfcc_5', 'mfcc_11', 'mfcc_8', 'mfcc_10', 'wav_detail_lvl3_std', 'spec_centroid']",0.5491525423728814,0.574468085106383,0.525974025974026,0.6275049699175392,0.627906976744186,0.654281098546042,0.6035767511177347,0.7000152854833561,0.8717201166180758,0.8398876404494382,0.906060606060606,0.944435210175838
LR,0.6827374868868076,0.6953093873643875,0.6748625994527634,0.7465718638902996,0.7610422620558955,"{'C': 0.1, 'solver': 'lbfgs'}","['mfcc_6', 'wav_detail_lvl5_std', 'mfcc_8', 'wav_detail_lvl3_std']",0.5371024734982333,0.5891472868217055,0.4935064935064935,0.6455785923326673,0.642967542503864,0.6677367576243981,0.6199701937406855,0.7142236386091259,0.8681424446583254,0.8290441176470589,0.9111111111111111,0.9233245552258933
LR,0.6826992971273366,0.6979192070436179,0.6747967575836428,0.7511427120365668,0.7573392572678527,"{'C': 0.1, 'solver': 'lbfgs'}","['mfcc_6', 'mfcc_3', 'mfcc_11', 'wav_detail_lvl5_std', 'mfcc_8', 'mfcc_10']",0.5415929203539823,0.5953307392996109,0.4967532467532468,0.6549597100755651,0.6237072394590294,0.6689419795221843,0.5842026825633383,0.6977757955507695,0.8827977315689981,0.8294849023090586,0.9434343434343434,0.9192822661772233
LR,0.6826868876627991,0.6901440756092789,0.6934595762464615,0.744540375825292,0.7417190062421337,"{'C': 1.0, 'solver': 'lbfgs'}","['mfcc_6', 'mfcc_3', 'mfcc_11', 'mfcc_8', 'spec_centroid']",0.5837037037037037,0.5367847411444142,0.6396103896103896,0.6010345905075393,0.5807017543859649,0.7057569296375267,0.4932935916542474,0.7094159380534507,0.8836552048987282,0.8278905560458959,0.9474747474747475,0.9147064901654111
LR,0.6826849568084729,0.6945058369433443,0.6751098021589824,0.7491112239715592,0.7484991851342953,"{'C': 0.1, 'solver': 'lbfgs'}","['mfcc_6', 'mfcc_10', 'wav_detail_lvl3_std']",0.5283687943262412,0.58203125,0.4837662337662338,0.6206954232327618,0.6427480916030535,0.6588419405320813,0.6274217585692996,0.7029352987692965,0.876937984496124,0.8426443202979516,0.9141414141414141,0.9218668334008273
LR,0.6825576434988769,0.6886347333100699,0.6787145459276607,0.7425088877602845,0.7517907189033665,"{'C': 1.0, 'solver': 'lbfgs'}","['mfcc_3', 'mfcc_5', 'mfcc_8', 'mfcc_10', 'wav_detail_lvl3_std', 'spec_centroid']",0.5521885521885522,0.5734265734265734,0.5324675324675324,0.6272943385206476,0.6246105919003115,0.6541598694942904,0.5976154992548435,0.6909746095978343,0.870873786407767,0.8383177570093457,0.906060606060606,0.9371032085916176
LR,0.6823988445390956,0.6877256338480718,0.6974203392236179,0.7420010157440325,0.7587328992136145,"{'C': 1.0, 'solver': 'lbfgs'}","['mfcc_6', 'mfcc_3', 'mfcc_5', 'mfcc_11']",0.586552217453505,0.5242966751918159,0.6655844155844156,0.6289866314099498,0.5782073813708261,0.7044967880085653,0.4903129657228018,0.703907779867392,0.8824369347929557,0.8343834383438344,0.9363636363636364,0.9433042863635019
LR,0.6822709780644235,0.6888984772765984,0.6783770570655817,0.7435246317927883,0.7578594876322362,"{'C': 0.1, 'solver': 'lbfgs'}","['mfcc_6', 'mfcc_11', 'mfcc_8', 'wav_detail_lvl3_std']",0.5445378151260504,0.5644599303135889,0.525974025974026,0.6272244627165207,0.6342229199372057,0.6699834162520729,0.6020864381520119,0.7290196111645715,0.8680521991300145,0.8322520852641334,0.907070707070707,0.9173343890156166
LR,0.6822507444806755,0.6895533479335126,0.6768910809894416,0.7420010157440325,0.7535009945207775,"{'C': 0.1, 'solver': 'lbfgs'}","['mfcc_3', 'mfcc_5', 'mfcc_11', 'mfcc_10', 'wav_detail_lvl3_std', 'spec_centroid']",0.5463917525773195,0.5802919708029197,0.5162337662337663,0.6365970123417338,0.6311787072243346,0.6444099378881988,0.6184798807749627,0.6918478065330796,0.8691817736403724,0.8439581351094196,0.895959595959596,0.9320581646875188
LR,0.6821644929458316,0.6932636491143919,0.6749331724741561,0.7486033519553073,0.7480408430036892,"{'C': 1.0, 'solver': 'lbfgs'}","['mfcc_6', 'mfcc_10', 'wav_detail_lvl3_std', 'spec_centroid']",0.5265017667844523,0.5775193798449613,0.4837662337662338,0.6198435673591117,0.6432926829268293,0.6583463338533542,0.6289120715350224,0.7023464902540566,0.8766990291262136,0.8439252336448598,0.9121212121212121,0.9219324713978991
LR,0.6821599725203905,0.6948555401480448,0.6743823874971415,0.7465718638902996,0.7602589971307075,"{'C': 0.1, 'solver': 'lbfgs'}","['mfcc_6', 'wav_detail_lvl5_std', 'mfcc_8', 'wav_detail_lvl3_std', 'zcr_mean']",0.5361552028218695,0.5868725868725869,0.4935064935064935,0.6460930594257435,0.6418026418026418,0.6704545454545454,0.6154992548435171,0.7115674293235273,0.8685220729366603,0.8272394881170019,0.9141414141414141,0.9231165026428515
LR,0.6820664494772033,0.703673574345483,0.671193590865722,0.7546978161503302,0.7694416451360864,"{'C': 0.1, 'solver': 'lbfgs'}","['mfcc_6', 'mfcc_3', 'mfcc_11', 'wav_detail_lvl5_std', 'mfcc_10', 'zcr_mean', 'spec_centroid']",0.5259259259259259,0.6120689655172413,0.461038961038961,0.6687439521218309,0.6353677621283255,0.6688632619439868,0.6050670640834576,0.718884959857509,0.8849056603773585,0.8300884955752212,0.9474747474747475,0.9206960234289191
LR,0.6820342552667595,0.7149143434443112,0.6686983023048597,0.7511427120365668,0.7422014799123972,"{'C': 0.1, 'solver': 'lbfgs'}","['mfcc_5', 'wav_detail_lvl5_std', 'wav_detail_lvl3_std', 'zcr_mean', 'spec_centroid']",0.5059760956175299,0.654639175257732,0.41233766233766234,0.6374417717009098,0.6790564689063617,0.6524725274725275,0.7078986587183308,0.733202851345077,0.8610702012763869,0.8376313276026743,0.8858585858585859,0.8559598166912047
LR,0.6820310472050132,0.6916767840504864,0.678841892776319,0.7480954799390553,0.753398036961013,"{'C': 0.1, 'solver': 'lbfgs'}","['mfcc_6', 'mfcc_3', 'mfcc_11', 'mfcc_8', 'mfcc_10', 'wav_detail_lvl3_std']",0.5527638190954773,0.5709342560553633,0.5357142857142857,0.6349912253978219,0.6101141924959217,0.6738738738738739,0.5573770491803278,0.7057814092237933,0.8832151300236407,0.8302222222222222,0.9434343434343434,0.9194214762614237
LR,0.6819519926932222,0.6933118902547988,0.6747888723298558,0.7506348400203149,0.7510375052228792,"{'C': 1.0, 'solver': 'lbfgs'}","['mfcc_6', 'mfcc_11', 'wav_detail_lvl5_std', 'mfcc_10', 'wav_detail_lvl3_std']",0.519434628975265,0.5697674418604651,0.4772727272727273,0.637906922935745,0.6477359938603223,0.6677215189873418,0.6289120715350224,0.6952339948056742,0.8786853552440793,0.8424467099165894,0.9181818181818182,0.9199715979272185
LR,0.6819474671934538,0.7025669023433304,0.6710761005842972,0.7541899441340782,0.7584233610350183,"{'C': 1.0, 'solver': 'lbfgs'}","['mfcc_6', 'mfcc_11', 'wav_detail_lvl5_std', 'mfcc_10', 'zcr_mean', 'spec_centroid']",0.5158878504672897,0.6079295154185022,0.44805194805194803,0.6504641217683113,0.6469248291571754,0.6594427244582043,0.6348733233979136,0.7101673187460691,0.8830297219558965,0.8403284671532847,0.9303030303030303,0.9146386425906745
LR,0.6819179972238527,0.6904302239394587,0.6931394349427137,0.744540375825292,0.7431397258544329,"{'C': 1.0, 'solver': 'lbfgs'}","['mfcc_6', 'mfcc_3', 'mfcc_8', 'zcr_mean']",0.5811209439528023,0.5324324324324324,0.6396103896103896,0.5945633178338449,0.5807590467784642,0.7121212121212122,0.4903129657228018,0.721010999079279,0.8838740009402914,0.8267370272647317,0.9494949494949495,0.9138448606501748
LR,0.6818996565670431,0.6813770152397369,0.6828720459868002,0.7425088877602845,0.7332135685904478,"{'C': 0.1, 'solver': 'lbfgs'}","['mfcc_5', 'mfcc_11', 'mfcc_8', 'mfcc_10', 'wav_detail_lvl3_std', 'zcr_mean']",0.5344,0.526813880126183,0.5422077922077922,0.6151347976690021,0.6314984709480123,0.6483516483516484,0.6154992548435171,0.6622885203276178,0.8798004987531172,0.8689655172413793,0.8909090909090909,0.9222173877747238
LR,0.6817817919847059,0.6809134974583224,0.6833530464678006,0.7409852717115287,0.7415023881622319,"{'C': 1.0, 'solver': 'lbfgs'}","['mfcc_5', 'mfcc_8', 'mfcc_10', 'wav_detail_lvl3_std']",0.5365079365079365,0.5248447204968945,0.5487012987012987,0.6198882751096191,0.6348962336664105,0.6555555555555556,0.6154992548435171,0.6867889939563763,0.8739412057797707,0.8623402163225172,0.8858585858585859,0.9178298954207005
LR,0.6817717563165212,0.6911113336347733,0.6753262523754326,0.7460639918740477,0.730191307572127,"{'C': 0.1, 'solver': 'lbfgs'}","['mfcc_3', 'mfcc_10', 'wav_detail_lvl3_std', 'zcr_mean', 'spec_centroid']",0.5314685314685315,0.5757575757575758,0.4935064935064935,0.6378204676276715,0.6388467374810318,0.6506955177743431,0.6274217585692996,0.6474558644815193,0.875,0.8468809073724007,0.9050505050505051,0.9052975906071905
LR,0.6817537419192296,0.6967718183422557,0.6726129365473628,0.7475876079228034,0.7418825581244528,"{'C': 0.1, 'solver': 'lbfgs'}","['mfcc_3', 'wav_detail_lvl5_std', 'mfcc_10', 'zcr_mean', 'spec_centroid']",0.5245901639344263,0.5975103734439834,0.4675324675324675,0.653822073828407,0.6473214285714286,0.6463595839524517,0.6482861400894188,0.6655798973957572,0.8733496332518338,0.8464454976303317,0.902020202020202,0.906245703149194
LR,0.6816951982677549,0.6985448435687256,0.6715488215488216,0.744540375825292,0.7605639556165271,"{'C': 0.1, 'solver': 'lbfgs'}","['mfcc_6', 'wav_detail_lvl5_std', 'spec_centroid']",0.5364963503649635,0.6125,0.4772727272727273,0.6605500073721607,0.6455026455026455,0.6549079754601227,0.6363636363636364,0.7007062494421115,0.8630865989356555,0.8282265552460538,0.901010101010101,0.9204356100353094
LR,0.6816640343950162,0.6894325476935895,0.6761778597844171,0.744540375825292,0.7271751650088089,"{'C': 0.1, 'solver': 'lbfgs'}","['mfcc_3', 'mfcc_11', 'mfcc_10', 'wav_detail_lvl3_std', 'zcr_mean', 'spec_centroid']",0.5379310344827586,0.5735294117647058,0.5064935064935064,0.6399454042587139,0.6320610687022901,0.647887323943662,0.61698956780924,0.6370247181107905,0.875,0.8468809073724007,0.9050505050505051,0.9045553726569221
LR,0.6816233528709019,0.6953197081168218,0.6727753727753728,0.7430167597765364,0.7455753614082088,"{'C': 0.1, 'solver': 'lbfgs'}","['mfcc_3', 'mfcc_11', 'wav_detail_lvl5_std', 'mfcc_8', 'mfcc_10', 'wav_detail_lvl3_std', 'zcr_mean', 'spec_centroid']",0.539568345323741,0.6048387096774194,0.487012987012987,0.6559126336169706,0.6392215568862275,0.6421052631578947,0.6363636363636364,0.6653474223877271,0.8660801564027371,0.8390151515151515,0.8949494949494949,0.9154660282199286
LR,0.6815112654617761,0.689727748994302,0.6770416893367713,0.7435246317927883,0.7614273966952996,"{'C': 1.0, 'solver': 'lbfgs'}","['mfcc_6', 'mfcc_3', 'mfcc_5', 'mfcc_11', 'mfcc_8', 'mfcc_10', 'wav_detail_lvl3_std', 'zcr_mean']",0.5525423728813559,0.5780141843971631,0.5292207792207793,0.6330091983114585,0.6186708860759493,0.6593591905564924,0.5827123695976155,0.7051398135388447,0.8733205374280231,0.8318098720292505,0.9191919191919192,0.9461331782355955
LR,0.6810825258606895,0.6857990352698996,0.6776382087857499,0.7389537836465211,0.737247987705274,"{'C': 0.1, 'solver': 'lbfgs'}","['mfcc_3', 'mfcc_5', 'mfcc_11', 'mfcc_10', 'wav_detail_lvl3_std']",0.5503355704697986,0.5694444444444444,0.5324675324675324,0.6389648776574132,0.6277820414428242,0.6471518987341772,0.6095380029806259,0.6467682897049852,0.8651299656694458,0.8408007626310772,0.8909090909090909,0.9260107957534238
LR,0.6808414977869274,0.6933771774896224,0.6727371292945064,0.7435246317927883,0.7652523116197402,"{'C': 0.1, 'solver': 'lbfgs'}","['mfcc_6', 'wav_detail_lvl5_std', 'mfcc_8', 'spec_centroid']",0.5364120781527532,0.592156862745098,0.4902597402597403,0.6479805039998634,0.6412213740458015,0.6572769953051644,0.6259314456035767,0.7270407681199237,0.8648910411622276,0.8306976744186046,0.902020202020202,0.9207356627394335
LR,0.6808008918505717,0.6848322961252816,0.6792617825404711,0.7430167597765364,0.7470102570222134,"{'C': 0.1, 'solver': 'lbfgs'}","['mfcc_3', 'mfcc_5', 'mfcc_8', 'mfcc_10', 'wav_detail_lvl3_std']",0.5451559934318555,0.5514950166112956,0.538961038961039,0.6346233997084542,0.6208530805687204,0.6605042016806723,0.5856929955290611,0.6714579230124944,0.8763936015511391,0.842497670083877,0.9131313131313131,0.9349494483456919
LR,0.6805702520503333,0.6910536252683103,0.6766758135610594,0.750126968004063,0.7480907235196752,"{'C': 10.0, 'solver': 'lbfgs'}","['mfcc_6', 'mfcc_3', 'mfcc_8', 'mfcc_10', 'wav_detail_lvl3_std', 'zcr_mean', 'spec_centroid']",0.5371621621621622,0.5598591549295775,0.5162337662337663,0.6317897371748322,0.6183889340927583,0.6810035842293907,0.5663189269746647,0.6919677032291429,0.8861596598960794,0.8322981366459627,0.9474747474747475,0.9205147301550506
LR,0.6804564607599914,0.6964038004618169,0.6723842641875429,0.7491112239715592,0.7606427664152265,"{'C': 10.0, 'solver': 'lbfgs'}","['mfcc_6', 'mfcc_3', 'mfcc_11', 'wav_detail_lvl5_std', 'mfcc_10', 'wav_detail_lvl3_std']",0.5390070921985816,0.59375,0.4935064935064935,0.660124603309592,0.6230031948881789,0.6712564543889845,0.5812220566318927,0.7001166454794103,0.879359095193214,0.8242049469964664,0.9424242424242424,0.921687050456677
LR,0.6803657145966421,0.6933106093127632,0.6718705399033267,0.7414931437277806,0.7421653402230167,"{'C': 0.1, 'solver': 'lbfgs'}","['mfcc_3', 'mfcc_11', 'wav_detail_lvl5_std', 'mfcc_8', 'mfcc_10', 'zcr_mean', 'spec_centroid']",0.5402504472271914,0.601593625498008,0.4902597402597403,0.6518141086672798,0.6356123215627348,0.6409090909090909,0.6304023845007451,0.6642935233571005,0.865234375,0.8374291115311909,0.8949494949494949,0.9103883886446698
LR,0.680215386671739,0.6975121993994883,0.6715665633698421,0.750126968004063,0.7610736385741553,"{'C': 0.1, 'solver': 'lbfgs'}","['mfcc_6', 'mfcc_3', 'mfcc_11', 'wav_detail_lvl5_std', 'mfcc_10', 'wav_detail_lvl3_std', 'zcr_mean']",0.5366726296958855,0.5976095617529881,0.487012987012987,0.6597213194978662,0.6225059856344772,0.6701030927835051,0.5812220566318927,0.7024869690349613,0.8814675446848542,0.8248239436619719,0.9464646464646465,0.9210126271896386
LR,0.679978411287513,0.6869011875894068,0.6956256554617211,0.7425088877602845,0.7549788748949687,"{'C': 0.1, 'solver': 'lbfgs'}","['mfcc_6', 'mfcc_3', 'mfcc_5', 'mfcc_11', 'spec_centroid']",0.5767045454545454,0.5126262626262627,0.6590909090909091,0.6177461783045154,0.5762411347517731,0.7111597374179431,0.4843517138599106,0.702335534151998,0.8869895536562203,0.8369175627240143,0.9434343434343434,0.9448549122283926
LR,0.6799569936483162,0.6948867344220053,0.6707484682894519,0.744540375825292,0.7410471392913028,"{'C': 0.1, 'solver': 'lbfgs'}","['mfcc_3', 'mfcc_11', 'wav_detail_lvl5_std', 'mfcc_10', 'spec_centroid']",0.532608695652174,0.6024590163934426,0.4772727272727273,0.6582008232767285,0.6355421686746988,0.6423135464231354,0.6289120715350224,0.656525491242766,0.8717201166180758,0.8398876404494382,0.906060606060606,0.908415103354414
LR,0.6799232835510799,0.6856788342088137,0.6764778936910084,0.7425088877602845,0.7497042966418661,"{'C': 0.1, 'solver': 'lbfgs'}","['mfcc_6', 'mfcc_11', 'mfcc_8', 'mfcc_10', 'wav_detail_lvl3_std']",0.540268456375839,0.5590277777777778,0.5227272727272727,0.61807153552364,0.6265625,0.6584564860426929,0.5976154992548435,0.7073403933607848,0.8729388942774006,0.8395522388059702,0.9090909090909091,0.9237009610411733
LR,0.6799221117449364,0.6931509855945315,0.6733793832154488,0.7470797359065515,0.7562755378254091,"{'C': 0.1, 'solver': 'lbfgs'}","['mfcc_6', 'mfcc_3', 'mfcc_11', 'wav_detail_lvl5_std', 'mfcc_8', 'mfcc_10', 'wav_detail_lvl3_std', 'zcr_mean']",0.542608695652174,0.5842696629213483,0.5064935064935064,0.6514017975857022,0.6190858059342422,0.6701388888888888,0.5752608047690015,0.696039327267336,0.8780718336483931,0.8250444049733571,0.9383838383838384,0.9213854886231895
LR,0.6795729421527269,0.6880026001323163,0.6739404190223862,0.7460639918740477,0.7485629836027612,"{'C': 0.1, 'solver': 'lbfgs'}","['mfcc_6', 'wav_detail_lvl5_std', 'mfcc_8', 'mfcc_10', 'wav_detail_lvl3_std', 'spec_centroid']",0.5224913494809689,0.5592592592592592,0.4902597402597403,0.6334350337150365,0.6410453497309762,0.6619047619047619,0.6214605067064084,0.6881422867239368,0.875182127246236,0.842843779232928,0.9101010101010101,0.9241116303693102
LR,0.679502029068327,0.6933999772199654,0.6726496029774719,0.7491112239715592,0.7551981518986547,"{'C': 0.1, 'solver': 'lbfgs'}","['mfcc_6', 'mfcc_3', 'mfcc_11', 'wav_detail_lvl5_std', 'mfcc_8', 'mfcc_10', 'zcr_mean']",0.5359019264448336,0.5817490494296578,0.4967532467532468,0.6503770354133943,0.6196957566052842,0.6695501730103807,0.5767511177347243,0.6966910167504352,0.882908404154863,0.8289007092198581,0.9444444444444444,0.9185264035321349
LR,0.6794335604296761,0.6772578187831543,0.6880479265725169,0.7353986795327577,0.7156633774248718,"{'C': 1.0, 'solver': 'lbfgs'}","['mfcc_3', 'mfcc_10', 'zcr_mean', 'spec_centroid']",0.5710014947683109,0.5290858725761773,0.6201298701298701,0.6161921679490437,0.5916870415647921,0.6528776978417267,0.5409836065573771,0.6249522549684638,0.8756121449559255,0.8498098859315589,0.9030303030303031,0.9058457093571081
LR,0.6794261838980175,0.6931289119580012,0.6725451233647955,0.7475876079228034,0.7569577430469353,"{'C': 0.1, 'solver': 'lbfgs'}","['mfcc_6', 'mfcc_3', 'mfcc_11', 'wav_detail_lvl5_std', 'mfcc_8', 'mfcc_10', 'wav_detail_lvl3_std']",0.5384615384615384,0.5833333333333334,0.5,0.6540563101445772,0.6208,0.6701208981001727,0.5782414307004471,0.6949833739647105,0.8790170132325141,0.8259325044404974,0.9393939393939394,0.9218335450315183
LR,0.679424971377335,0.6952849283493819,0.6713717976013057,0.7521584560690706,0.7562025316823302,"{'C': 10.0, 'solver': 'lbfgs'}","['mfcc_6', 'mfcc_3', 'wav_detail_lvl5_std', 'mfcc_8', 'mfcc_10', 'wav_detail_lvl3_std', 'zcr_mean', 'spec_centroid']",0.5204991087344029,0.5770750988142292,0.474025974025974,0.6544625989131693,0.6343402225755167,0.6797274275979557,0.5946348733233979,0.6879879970409132,0.8834355828220859,0.829052258635961,0.9454545454545454,0.9261569990929084
LR,0.6793991003257932,0.6918532795915112,0.6718945899273768,0.7516505840528187,0.7479601973277479,"{'C': 0.1, 'solver': 'lbfgs'}","['mfcc_6', 'wav_detail_lvl5_std', 'mfcc_10', 'wav_detail_lvl3_std', 'spec_centroid']",0.5071428571428571,0.5634920634920635,0.461038961038961,0.6335539984910077,0.6482758620689655,0.667192429022082,0.6304023845007451,0.6859579240360172,0.8827785817655571,0.8448753462603878,0.9242424242424242,0.9243686694562185
LR,0.6793968180173064,0.6964000763568975,0.669906717447701,0.7511427120365668,0.7515589409822123,"{'C': 0.1, 'solver': 'lbfgs'}","['mfcc_6', 'wav_detail_lvl5_std', 'mfcc_10', 'zcr_mean', 'spec_centroid']",0.5128205128205128,0.5882352941176471,0.45454545454545453,0.6432155483221351,0.6457536342769702,0.6635220125786163,0.6289120715350224,0.6931219668432191,0.8796163069544365,0.8374429223744292,0.9262626262626262,0.9183393077812829
LR,0.6793854774592502,0.6859364987034254,0.6757331314708365,0.7409852717115287,0.7557106298802764,"{'C': 1.0, 'solver': 'lbfgs'}","['mfcc_6', 'mfcc_8', 'wav_detail_lvl3_std']",0.5436241610738255,0.5625,0.525974025974026,0.624496494222217,0.6267716535433071,0.664440734557596,0.5931445603576752,0.7227356249379728,0.8677606177606177,0.8308687615526802,0.908080808080808,0.9198997704806393
LR,0.6792709232168889,0.6915677046269035,0.6710378571034309,0.7389537836465211,0.744255967358637,"{'C': 1.0, 'solver': 'lbfgs'}","['mfcc_3', 'mfcc_11', 'wav_detail_lvl5_std', 'mfcc_8', 'mfcc_10', 'wav_detail_lvl3_std', 'spec_centroid']",0.5444839857651246,0.6023622047244095,0.4967532467532468,0.652443651173988,0.6310240963855421,0.6377473363774734,0.624441132637854,0.6649140917536687,0.8623046875,0.834593572778828,0.8919191919191919,0.9154101591482542
LR,0.6791401159216838,0.682585418147946,0.6774572422113406,0.7384459116302692,0.7457817361221681,"{'C': 0.1, 'solver': 'lbfgs'}","['mfcc_3', 'mfcc_5', 'mfcc_11', 'mfcc_8', 'mfcc_10', 'wav_detail_lvl3_std']",0.5493421052631579,0.5566666666666666,0.5422077922077922,0.6333527394324399,0.619233776387803,0.6513157894736842,0.5901639344262295,0.6602199973183434,0.8688444661140907,0.8397737983034873,0.9,0.9437724716157212
LR,0.679118900677062,0.6900922754946728,0.6717976013057981,0.7440325038090401,0.7376274507926995,"{'C': 1.0, 'solver': 'lbfgs'}","['mfcc_3', 'wav_detail_lvl5_std', 'mfcc_10', 'wav_detail_lvl3_std', 'spec_centroid']",0.524822695035461,0.578125,0.4805194805194805,0.6465675790416698,0.641566265060241,0.6484018264840182,0.6348733233979136,0.6575983312099951,0.8709677419354839,0.84375,0.9,0.9087164421264338
LR,0.6790717130587632,0.696755921179315,0.6697588689391968,0.7516505840528187,0.7628641602434589,"{'C': 1.0, 'solver': 'lbfgs'}","['mfcc_6', 'mfcc_3', 'mfcc_11', 'wav_detail_lvl5_std', 'mfcc_8', 'mfcc_10', 'zcr_mean', 'spec_centroid']",0.52,0.5909090909090909,0.4642857142857143,0.6566464225525996,0.6338028169014085,0.6672158154859967,0.6035767511177347,0.7098896477576394,0.8834123222748815,0.8321428571428572,0.9414141414141414,0.9220564104201379
LR,0.6789892962654641,0.692516345882213,0.6724016117458741,0.7480954799390553,0.752680500613179,"{'C': 1.0, 'solver': 'lbfgs'}","['mfcc_6', 'mfcc_3', 'mfcc_10', 'wav_detail_lvl3_std', 'zcr_mean']",0.537521815008726,0.5811320754716981,0.5,0.6397640848867154,0.6174819566960705,0.6684027777777778,0.5737704918032787,0.6996458140849784,0.8819641170915958,0.8280141843971631,0.9434343434343434,0.9186316028678433
LR,0.678799194757917,0.6893178683478066,0.6716052011133978,0.7414931437277806,0.738841986013108,"{'C': 1.0, 'solver': 'lbfgs'}","['mfcc_3', 'wav_detail_lvl5_std', 'mfcc_8', 'mfcc_10', 'wav_detail_lvl3_std', 'zcr_mean', 'spec_centroid']",0.5300353356890459,0.5813953488372093,0.487012987012987,0.6479227906219857,0.6401202103681443,0.6454545454545455,0.6348733233979136,0.6545847851530925,0.8662420382165605,0.8411037107516651,0.8929292929292929,0.9140183822642461
LR,0.6787486507428565,0.6888527432583862,0.6723937264920871,0.7475876079228034,0.7472049620566658,"{'C': 1.0, 'solver': 'lbfgs'}","['mfcc_6', 'wav_detail_lvl5_std', 'mfcc_10', 'wav_detail_lvl3_std']",0.5174825174825175,0.5606060606060606,0.4805194805194805,0.6325091172159739,0.640926640926641,0.6650641025641025,0.6184798807749627,0.686302380797696,0.8778367938194109,0.8408880666049954,0.9181818181818182,0.9228033881563269
LR,0.6787132794572299,0.6942687949884445,0.6695045695045695,0.7470797359065515,0.7594702602208474,"{'C': 0.1, 'solver': 'lbfgs'}","['mfcc_6', 'mfcc_11', 'wav_detail_lvl5_std', 'mfcc_10', 'spec_centroid']",0.5182481751824818,0.5916666666666667,0.461038961038961,0.6450757002607124,0.6425884123401053,0.648936170212766,0.6363636363636364,0.7091642936779216,0.8753032508491024,0.842203548085901,0.9111111111111111,0.9241707867239084
LR,0.6786913370332188,0.6920546467596976,0.6723121141153928,0.750126968004063,0.7511410492722711,"{'C': 0.1, 'solver': 'lbfgs'}","['mfcc_6', 'mfcc_3', 'wav_detail_lvl5_std', 'mfcc_8', 'mfcc_10', 'wav_detail_lvl3_std', 'spec_centroid']",0.5261324041811847,0.5676691729323309,0.4902597402597403,0.6469995597269199,0.6265060240963856,0.6794425087108014,0.5812220566318927,0.6833508753088928,0.8834355828220859,0.829052258635961,0.9454545454545454,0.9230727127810002
LR,0.6786587070476241,0.6896372163863654,0.6732027535306223,0.7465718638902996,0.7532712550548007,"{'C': 0.1, 'solver': 'lbfgs'}","['mfcc_6', 'mfcc_3', 'mfcc_11', 'mfcc_8', 'mfcc_10', 'wav_detail_lvl3_std', 'spec_centroid']",0.5370051635111877,0.5714285714285714,0.5064935064935064,0.6273326119282736,0.6182108626198083,0.6660929432013769,0.5767511177347243,0.7110258949866297,0.8807600950118765,0.831390134529148,0.9363636363636364,0.9214552582494989
LR,0.6784863643341411,0.6887918868421846,0.6716706487198291,0.7450482478415439,0.7497203199832153,"{'C': 0.1, 'solver': 'lbfgs'}","['mfcc_6', 'wav_detail_lvl5_std', 'mfcc_10']",0.5211267605633803,0.5692307692307692,0.4805194805194805,0.6378195837121904,0.6407914764079148,0.6547433903576982,0.6274217585692996,0.6893428103107196,0.8735408560311284,0.8424015009380863,0.907070707070707,0.9219985659267356
LR,0.6781859497082241,0.6888973995415784,0.6711738777312548,0.744540375825292,0.755447913456354,"{'C': 0.1, 'solver': 'lbfgs'}","['mfcc_6', 'mfcc_11', 'wav_detail_lvl5_std', 'mfcc_10']",0.5220458553791887,0.5714285714285714,0.4805194805194805,0.643389451404427,0.6402439024390244,0.6552262090483619,0.6259314456035767,0.7012243337415118,0.8722680913064594,0.8400374181478016,0.907070707070707,0.9217299552231235
LR,0.6781156325550315,0.688062127092727,0.6745128884473147,0.7460639918740477,0.7503946610796786,"{'C': 0.1, 'solver': 'lbfgs'}","['mfcc_6', 'mfcc_3', 'mfcc_11', 'mfcc_8', 'mfcc_10', 'wav_detail_lvl3_std', 'zcr_mean']",0.5430016863406408,0.5649122807017544,0.5227272727272727,0.6286384794551272,0.608130081300813,0.669051878354204,0.5573770491803278,0.7040536992697131,0.8832151300236407,0.8302222222222222,0.9434343434343434,0.9184918045141954
LR,0.6780266067801765,0.6806723796027662,0.6947117545478202,0.7343829355002539,0.7517379848377382,"{'C': 1.0, 'solver': 'lbfgs'}","['mfcc_6', 'mfcc_3', 'mfcc_5', 'mfcc_11', 'mfcc_8', 'mfcc_10']",0.5929078014184397,0.5264483627204031,0.6785714285714286,0.5810829762269591,0.5671902268760908,0.6842105263157895,0.4843517138599106,0.727886069981335,0.873981792045999,0.8313582497721057,0.9212121212121213,0.9462449083049203
LR,0.6779101817997208,0.6836075090143204,0.6736459047934457,0.7374301675977654,0.7451750155072809,"{'C': 0.1, 'solver': 'lbfgs'}","['mfcc_3', 'mfcc_5', 'mfcc_11', 'mfcc_8', 'wav_detail_lvl3_std', 'zcr_mean']",0.5432937181663837,0.5693950177935944,0.5194805194805194,0.6308536603840469,0.6234756097560976,0.6380655226209049,0.6095380029806259,0.6648983555918967,0.8669612174766814,0.8433619866284623,0.8919191919191919,0.9397730305458992
LR,0.6779052687991564,0.6902835341343335,0.672241541094,0.7480954799390553,0.7506816134335881,"{'C': 0.1, 'solver': 'lbfgs'}","['mfcc_6', 'mfcc_3', 'wav_detail_lvl5_std', 'mfcc_8', 'mfcc_10']",0.531951640759931,0.5682656826568265,0.5,0.6495294102850846,0.6188557614826753,0.6736842105263158,0.5722801788375559,0.6835262878600469,0.882908404154863,0.8289007092198581,0.9444444444444444,0.9189891421556329
LR,0.6777921870688616,0.6884298092592461,0.6708387544453118,0.7409852717115287,0.7634169924360416,"{'C': 1.0, 'solver': 'lbfgs'}","['mfcc_6', 'wav_detail_lvl5_std', 'mfcc_8']",0.532399299474606,0.5779467680608364,0.4935064935064935,0.6509468568997105,0.6369230769230769,0.6581875993640699,0.61698956780924,0.7198269193628662,0.8640541848089018,0.8291550603528319,0.902020202020202,0.9194772010455479
LR,0.6774441527240799,0.6846258612786592,0.6995122970532807,0.7364144235652615,0.7341661719704705,"{'C': 0.1, 'solver': 'lbfgs'}","['mfcc_6', 'mfcc_3', 'mfcc_11', 'mfcc_10']",0.6074895977808599,0.5302663438256658,0.711038961038961,0.5897217404127013,0.5444646098003629,0.6960556844547564,0.44709388971684055,0.6927722478511715,0.8803782505910166,0.8275555555555556,0.9404040404040404,0.9200045276475386
LR,0.677284890135225,0.6892824555038861,0.6715681404205994,0.7470797359065515,0.7506310378728682,"{'C': 0.1, 'solver': 'lbfgs'}","['mfcc_6', 'mfcc_3', 'mfcc_10', 'wav_detail_lvl3_std', 'spec_centroid']",0.532871972318339,0.5703703703703704,0.5,0.6374495763305877,0.615878107457899,0.6666666666666666,0.5722801788375559,0.6951559029764383,0.8831045906294368,0.8308103294746215,0.9424242424242424,0.9192876343115786
LR,0.6771987309851975,0.682367218295918,0.67432916203408,0.7435246317927883,0.7430189191338464,"{'C': 1.0, 'solver': 'lbfgs'}","['mfcc_6', 'mfcc_8', 'mfcc_10', 'wav_detail_lvl3_std', 'spec_centroid']",0.5242070116861436,0.5395189003436426,0.5097402597402597,0.6083326254505723,0.6296006264682851,0.6633663366336634,0.5991058122205664,0.6983654588160512,0.8777885548011639,0.8442164179104478,0.9141414141414141,0.9223586731349158
LR,0.6771191695652137,0.6971400212856335,0.6672012868734182,0.7531742001015744,0.758504063479016,"{'C': 1.0, 'solver': 'lbfgs'}","['mfcc_6', 'mfcc_3', 'wav_detail_lvl5_std', 'mfcc_10', 'zcr_mean', 'spec_centroid']",0.5092250922509225,0.5897435897435898,0.44805194805194803,0.6604711833460535,0.6358653093187158,0.66996699669967,0.6050670640834576,0.6961842355313703,0.8862671071260029,0.8317094774136404,0.9484848484848485,0.9188567715596241
LR,0.6769713464735488,0.692037521737953,0.6689269746646797,0.7475876079228034,0.7635118530295052,"{'C': 1.0, 'solver': 'lbfgs'}","['mfcc_6', 'mfcc_3', 'mfcc_11', 'wav_detail_lvl5_std', 'mfcc_8', 'mfcc_10', 'wav_detail_lvl3_std', 'spec_centroid']",0.5240641711229946,0.5810276679841897,0.4772727272727273,0.6565416807962348,0.6277602523659306,0.6666666666666666,0.5931445603576752,0.707740158497667,0.8790896159317212,0.8284182305630027,0.9363636363636364,0.9262537197946138
LR,0.6769590802927922,0.6854158000398556,0.6714581411302722,0.7404773996952768,0.7517771164432397,"{'C': 0.1, 'solver': 'lbfgs'}","['mfcc_6', 'mfcc_11', 'wav_detail_lvl5_std', 'mfcc_8', 'mfcc_10', 'wav_detail_lvl3_std']",0.5335628227194492,0.5677655677655677,0.5032467532467533,0.6372247922207871,0.6289697908597986,0.6548387096774193,0.6050670640834576,0.6937674349192008,0.8683446272991288,0.8336431226765799,0.906060606060606,0.9243391221897314
LR,0.676895977286219,0.6801180220944113,0.6749528856086232,0.7282884713052311,0.7226704300948436,"{'C': 1.0, 'solver': 'lbfgs'}","['mfcc_11', 'wav_detail_lvl5_std', 'wav_detail_lvl3_std', 'zcr_mean']",0.5295109612141653,0.5508771929824562,0.5097402597402597,0.6138756310028458,0.672883787661406,0.648686030428769,0.698956780923994,0.6744104040956027,0.8282931829830856,0.8407908428720083,0.8161616161616162,0.8797252551860822
LR,0.6768843043760496,0.6808656110737089,0.6753408400949384,0.7420010157440325,0.7451000647307784,"{'C': 0.1, 'solver': 'lbfgs'}","['mfcc_6', 'mfcc_8', 'mfcc_10', 'wav_detail_lvl3_std']",0.5287356321839081,0.5348837209302325,0.5227272727272727,0.6146943204417981,0.6250986582478295,0.6644295302013423,0.5901639344262295,0.6985473263443343,0.8768186226964112,0.8432835820895522,0.9131313131313131,0.9220585474062029
LR,0.6768242641530904,0.6820775743433255,0.673361247131739,0.733875063484002,0.7438024712017303,"{'C': 1.0, 'solver': 'lbfgs'}","['mfcc_3', 'mfcc_5', 'mfcc_8', 'wav_detail_lvl3_std', 'zcr_mean']",0.5570469798657718,0.5763888888888888,0.538961038961039,0.6325876313972338,0.6108527131782946,0.6365105008077544,0.587183308494784,0.6643440435412516,0.8625730994152047,0.8333333333333334,0.8939393939393939,0.9344757386667055
LR,0.6766599712473674,0.6857135327249179,0.6710824087873268,0.7420010157440325,0.7501637298928484,"{'C': 0.1, 'solver': 'lbfgs'}","['mfcc_6', 'mfcc_11', 'wav_detail_lvl5_std', 'mfcc_8', 'mfcc_10', 'wav_detail_lvl3_std', 'zcr_mean']",0.5310344827586206,0.5661764705882353,0.5,0.6383192703128822,0.6266562743569758,0.6568627450980392,0.5991058122205664,0.6912270359600802,0.8722891566265061,0.8341013824884793,0.9141414141414141,0.920944883405583
LR,0.6766191428628546,0.6921263838139747,0.6687992335533318,0.750126968004063,0.7508962440975536,"{'C': 10.0, 'solver': 'lbfgs'}","['mfcc_6', 'mfcc_3', 'wav_detail_lvl5_std', 'mfcc_10', 'wav_detail_lvl3_std', 'spec_centroid']",0.5169340463458111,0.5731225296442688,0.4707792207792208,0.6497922603553745,0.6290706910246228,0.673469387755102,0.5901639344262295,0.6795563096125341,0.8838526912181303,0.8297872340425532,0.9454545454545454,0.9233401623247522
LR,0.6765788724997752,0.688663474511324,0.6712479991168516,0.7470797359065515,0.7483228830109115,"{'C': 0.1, 'solver': 'lbfgs'}","['mfcc_6', 'mfcc_3', 'wav_detail_lvl5_std', 'mfcc_8', 'mfcc_10', 'zcr_mean']",0.5301204819277109,0.5641025641025641,0.5,0.6460417890692987,0.617124394184168,0.673721340388007,0.5692995529061102,0.6803517928873316,0.8824917413874469,0.8281665190434012,0.9444444444444444,0.9185750670761045
LR,0.6764898738877773,0.6938504876628864,0.6679109597142384,0.7491112239715592,0.7528110528814137,"{'C': 0.1, 'solver': 'lbfgs'}","['mfcc_6', 'mfcc_3', 'wav_detail_lvl5_std', 'mfcc_10', 'zcr_mean']",0.5251798561151079,0.5887096774193549,0.474025974025974,0.653885620146965,0.6205250596658711,0.6655290102389079,0.5812220566318927,0.6858924771637355,0.8837647058823529,0.8273127753303965,0.9484848484848485,0.9186550613335406
LR,0.676478831216167,0.693311092015957,0.6680710303661123,0.7491112239715592,0.7531776225137893,"{'C': 0.1, 'solver': 'lbfgs'}","['mfcc_6', 'mfcc_3', 'wav_detail_lvl5_std', 'mfcc_10']",0.5242369838420108,0.5863453815261044,0.474025974025974,0.6546050267057553,0.6211278792692613,0.6649659863945578,0.5827123695976155,0.6855856165928423,0.884071630537229,0.8286219081272085,0.9474747474747475,0.9193422242427702
LR,0.6762932715425835,0.6899488390397481,0.6681699903011379,0.7455561198577958,0.7532068803543538,"{'C': 0.1, 'solver': 'lbfgs'}","['mfcc_6', 'mfcc_11', 'wav_detail_lvl5_std', 'mfcc_10', 'zcr_mean']",0.5197132616487455,0.58,0.4707792207792208,0.6446488587055106,0.6318216756341276,0.6523809523809524,0.6125186289120715,0.7009263143230702,0.8773448773448773,0.837465564738292,0.9212121212121213,0.9140454680344803
LR,0.6762789787156634,0.681079895487526,0.6839740102035184,0.7364144235652615,0.7499297577083356,"{'C': 0.1, 'solver': 'lbfgs'}","['mfcc_6', 'mfcc_3', 'mfcc_5', 'mfcc_8', 'zcr_mean']",0.5766312594840668,0.5413105413105413,0.6168831168831169,0.5969466584480658,0.5782720273738238,0.678714859437751,0.503725782414307,0.7105210118045459,0.8739336492890996,0.8232142857142857,0.9313131313131313,0.9423216028723951
LR,0.6762447855983326,0.6870690407635834,0.6697655714049157,0.7470797359065515,0.7471267276930892,"{'C': 0.1, 'solver': 'lbfgs'}","['mfcc_6', 'wav_detail_lvl5_std', 'mfcc_10', 'wav_detail_lvl3_std', 'zcr_mean']",0.512280701754386,0.5572519083969466,0.474025974025974,0.6330503288379968,0.6366459627329193,0.6645056726094003,0.6110283159463488,0.6864390455638659,0.8798076923076923,0.8394495412844036,0.9242424242424242,0.9218908086774051
LR,0.6761051812733009,0.6833422065077164,0.6903918182606708,0.7389537836465211,0.7488934109350233,"{'C': 10.0, 'solver': 'lbfgs'}","['mfcc_6', 'mfcc_3', 'mfcc_5', 'mfcc_10', 'zcr_mean']",0.5763688760806917,0.5181347150259067,0.6493506493506493,0.5872785260777237,0.5691489361702128,0.7024070021881839,0.4783904619970194,0.7176209478608956,0.8827977315689981,0.8294849023090586,0.9434343434343434,0.9417807588664506
LR,0.6760992713332973,0.6895128959390798,0.6699161797522454,0.7486033519553073,0.7494625812845414,"{'C': 0.1, 'solver': 'lbfgs'}","['mfcc_6', 'mfcc_3', 'wav_detail_lvl5_std', 'mfcc_8', 'mfcc_10', 'spec_centroid']",0.5226480836236934,0.5639097744360902,0.487012987012987,0.643513975384935,0.6215780998389694,0.6760070052539404,0.5752608047690015,0.6846288680061741,0.884071630537229,0.8286219081272085,0.9474747474747475,0.9202449004625152
LR,0.6760570536548242,0.6942426108374384,0.6664963451848699,0.7480954799390553,0.7677736335312217,"{'C': 10.0, 'solver': 'lbfgs'}","['mfcc_6', 'mfcc_3', 'mfcc_11', 'wav_detail_lvl5_std', 'mfcc_8', 'mfcc_10', 'wav_detail_lvl3_std', 'zcr_mean', 'spec_centroid']",0.5182481751824818,0.5916666666666667,0.461038961038961,0.6638070167304079,0.63125,0.6633825944170771,0.6020864381520119,0.7108074712552812,0.8786729857819905,0.8276785714285714,0.9363636363636364,0.9287064126079764
LR,0.6759055864226905,0.6887101416042724,0.6698290476979002,0.7460639918740477,0.7506544457014822,"{'C': 0.1, 'solver': 'lbfgs'}","['mfcc_6', 'mfcc_3', 'mfcc_10', 'wav_detail_lvl3_std']",0.5321739130434783,0.5730337078651685,0.4967532467532468,0.637057511966385,0.6131621187800963,0.6643478260869565,0.5692995529061102,0.6954717492087442,0.8823807274444969,0.8287488908606921,0.9434343434343434,0.9194340759293176
LR,0.6757644049657521,0.6840284676447235,0.6713816541685395,0.7414931437277806,0.7460522542947333,"{'C': 0.1, 'solver': 'lbfgs'}","['mfcc_6', 'mfcc_8', 'mfcc_10', 'wav_detail_lvl3_std', 'zcr_mean', 'spec_centroid']",0.533106960950764,0.5587188612099644,0.5097402597402597,0.6194719935030744,0.620744259699129,0.6621621621621622,0.5842026825633383,0.6939229589801021,0.8734419942473634,0.8312043795620438,0.9202020202020202,0.9247618104010233
LR,0.6756144504893329,0.6864316276986845,0.6687065818213359,0.7425088877602845,0.7570961817602192,"{'C': 0.1, 'solver': 'lbfgs'}","['mfcc_6', 'mfcc_11', 'wav_detail_lvl5_std', 'mfcc_8', 'mfcc_10', 'wav_detail_lvl3_std', 'spec_centroid']",0.5211267605633803,0.5692307692307692,0.4805194805194805,0.6390970377644845,0.6339217191097467,0.6534810126582279,0.6154992548435171,0.7046080431180368,0.8717948717948718,0.8365831012070566,0.9101010101010101,0.9275834643981364
LR,0.6755429497508886,0.6866121305351464,0.668531529187267,0.7389537836465211,0.7611188223437505,"{'C': 1.0, 'solver': 'lbfgs'}","['mfcc_6', 'wav_detail_lvl5_std', 'mfcc_8', 'zcr_mean']",0.532399299474606,0.5779467680608364,0.4935064935064935,0.6507871253024119,0.631578947368421,0.6570048309178744,0.6080476900149031,0.7147279171223677,0.8626506024096385,0.8248847926267281,0.9040404040404041,0.9178414246064718
LR,0.6752270172755216,0.6852482843357608,0.6729669844423943,0.7460639918740477,0.7439297520474404,"{'C': 10.0, 'solver': 'lbfgs'}","['mfcc_6', 'mfcc_3', 'mfcc_8', 'mfcc_10', 'wav_detail_lvl3_std', 'spec_centroid']",0.53156146179402,0.54421768707483,0.5194805194805194,0.6223318679608284,0.6094137076796037,0.6833333333333333,0.5499254843517138,0.6896476483515237,0.8847058823529412,0.8281938325991189,0.9494949494949495,0.9198097398299692
LR,0.6751981909306249,0.6810171172375493,0.6936748436748436,0.7353986795327577,0.7379318483414572,"{'C': 1.0, 'solver': 'lbfgs'}","['mfcc_6', 'mfcc_3', 'mfcc_11', 'mfcc_8', 'mfcc_10']",0.5985815602836879,0.5314861460957179,0.685064935064935,0.5783510765936071,0.5461056401074306,0.6838565022421524,0.45454545454545453,0.716467870487789,0.8809073724007561,0.827708703374778,0.9414141414141414,0.9189765979429753
LR,0.675169681052329,0.6825362436218639,0.6886684960455453,0.7399695276790249,0.7219488997706724,"{'C': 0.1, 'solver': 'lbfgs'}","['mfcc_6', 'mfcc_3', 'mfcc_8', 'spec_centroid']",0.5718432510885341,0.5170603674540682,0.6396103896103896,0.5354526528485808,0.566873339238264,0.6986899563318777,0.47690014903129657,0.7082465748984575,0.8867924528301887,0.831858407079646,0.9494949494949495,0.9221474715649788
LR,0.6751599160338317,0.677324371063523,0.6911290894897452,0.7308278313864907,0.7491655533573925,"{'C': 0.1, 'solver': 'lbfgs'}","['mfcc_6', 'mfcc_3', 'mfcc_5', 'mfcc_11', 'mfcc_8', 'mfcc_10', 'zcr_mean']",0.5951359084406295,0.5319693094629157,0.6753246753246753,0.583722200615369,0.5604873803307223,0.6736401673640168,0.4798807749627422,0.718769925787603,0.8698564593301435,0.8263636363636364,0.9181818181818182,0.9450045336692056
LR,0.6751454911710839,0.6870255978791082,0.6697245680852238,0.744540375825292,0.7510805206810777,"{'C': 0.1, 'solver': 'lbfgs'}","['mfcc_6', 'mfcc_3', 'wav_detail_lvl5_std', 'mfcc_8', 'mfcc_10', 'wav_detail_lvl3_std']",0.5301204819277109,0.5641025641025641,0.5,0.6496443873187527,0.6172441579371475,0.6719298245614035,0.5707898658718331,0.6821376412245553,0.8780718336483931,0.8250444049733571,0.9383838383838384,0.9214595334999246
LR,0.6750590672837942,0.6821851176407644,0.6701827013302424,0.7389537836465211,0.752609553468215,"{'C': 1.0, 'solver': 'lbfgs'}","['mfcc_6', 'mfcc_11', 'wav_detail_lvl5_std', 'mfcc_8', 'mfcc_10']",0.5273972602739726,0.5579710144927537,0.5,0.6388971380959746,0.6292307692307693,0.6502384737678856,0.6095380029806259,0.69508516968439,0.8685491723466408,0.8383458646616542,0.901010101010101,0.9238463526242807
LR,0.6749763687694391,0.6820632942475847,0.6937635527799463,0.7348908075165058,0.7406898173582969,"{'C': 10.0, 'solver': 'lbfgs'}","['mfcc_6', 'mfcc_3', 'mfcc_11', 'mfcc_10', 'zcr_mean']",0.6005665722379604,0.5326633165829145,0.6883116883116883,0.6019865345872324,0.5459459459459459,0.6902050113895216,0.45156482861400893,0.7014014989078937,0.8784165881244109,0.823321554770318,0.9414141414141414,0.9186814185797647
LR,0.6748927280939476,0.6830985771112061,0.6692589438491078,0.7414931437277806,0.7482470030302372,"{'C': 0.1, 'solver': 'lbfgs'}","['mfcc_6', 'wav_detail_lvl5_std', 'mfcc_8', 'mfcc_10', 'spec_centroid']",0.5173611111111112,0.5559701492537313,0.4837662337662338,0.6321012902280116,0.6341463414634146,0.6489859594383776,0.6199701937406855,0.6899953986187385,0.8731707317073171,0.8443396226415094,0.9040404040404041,0.9226443202439618
LR,0.6748894003192621,0.6900359401616031,0.6673968411673329,0.7496190959878111,0.7525498590720185,"{'C': 10.0, 'solver': 'lbfgs'}","['mfcc_6', 'mfcc_3', 'wav_detail_lvl5_std', 'mfcc_8', 'mfcc_10', 'zcr_mean', 'spec_centroid']",0.5124555160142349,0.5669291338582677,0.4675324675324675,0.6488676589420271,0.6268894192521878,0.6723549488054608,0.587183308494784,0.6886329682634331,0.8853232656913639,0.8308237378210807,0.9474747474747475,0.9201489500105953
LR,0.6748830492523,0.6814134584285728,0.6711892539761393,0.7389537836465211,0.7441653332791951,"{'C': 1.0, 'solver': 'lbfgs'}","['mfcc_6', 'mfcc_11', 'mfcc_8', 'mfcc_10', 'wav_detail_lvl3_std', 'zcr_mean']",0.5362563237774031,0.5578947368421052,0.5162337662337663,0.6139678568924054,0.6153846153846154,0.6500829187396352,0.5842026825633383,0.7003501956100514,0.8730082085948817,0.8362627197039778,0.9131313131313131,0.9181779473351284
LR,0.6747980634563505,0.6810742116298488,0.6755411255411254,0.7450482478415439,0.7503472204583191,"{'C': 0.1, 'solver': 'lbfgs'}","['mfcc_6', 'mfcc_3', 'mfcc_11', 'mfcc_8', 'mfcc_10', 'zcr_mean', 'spec_centroid']",0.5305466237942122,0.5254777070063694,0.5357142857142857,0.615455166304222,0.6049586776859505,0.6790352504638218,0.5454545454545454,0.7157565303162197,0.8888888888888888,0.8387096774193549,0.9454545454545454,0.9198299647545158
LR,0.6746703497949453,0.68195983451483,0.6708533421648175,0.7369222955815135,0.7540364400859435,"{'C': 0.1, 'solver': 'lbfgs'}","['mfcc_6', 'mfcc_8', 'wav_detail_lvl3_std', 'zcr_mean']",0.5420875420875421,0.5629370629370629,0.5227272727272727,0.6250805008475626,0.615993665874901,0.6570945945945946,0.5797317436661699,0.7183176740923956,0.865929841422393,0.8258478460128322,0.9101010101010101,0.9187111453178722
LR,0.6746532934513555,0.6791671349483211,0.6748405207421602,0.7399695276790249,0.7672426478424917,"{'C': 1.0, 'solver': 'lbfgs'}","['mfcc_6', 'mfcc_3', 'mfcc_5', 'mfcc_11', 'mfcc_8', 'zcr_mean', 'spec_centroid']",0.534621578099839,0.5303514376996805,0.538961038961039,0.6214503473948708,0.6131386861313869,0.6725978647686833,0.563338301043219,0.7340491078153416,0.8761996161228407,0.8345521023765996,0.9222222222222223,0.946228488317263
LR,0.6744258064024983,0.69006443702655,0.6669182062624687,0.7465718638902996,0.7513472410943741,"{'C': 0.1, 'solver': 'lbfgs'}","['mfcc_6', 'mfcc_3', 'wav_detail_lvl5_std', 'mfcc_10', 'wav_detail_lvl3_std', 'zcr_mean']",0.524822695035461,0.578125,0.4805194805194805,0.6507860264582517,0.6169871794871795,0.6672443674176777,0.5737704918032787,0.6821142905314135,0.8814675446848542,0.8248239436619719,0.9464646464646465,0.9211414062934573
LR,0.6742725211815587,0.6887742823954245,0.6664257721634771,0.7460639918740477,0.7609259956486789,"{'C': 0.1, 'solver': 'lbfgs'}","['mfcc_6', 'mfcc_3', 'mfcc_11', 'wav_detail_lvl5_std', 'mfcc_8', 'mfcc_10', 'spec_centroid']",0.5178571428571429,0.5753968253968254,0.4707792207792208,0.6523372188032275,0.624313725490196,0.6589403973509934,0.5931445603576752,0.7086420673544566,0.8806466951973372,0.8319856244384546,0.9353535353535354,0.9217987007883526
LR,0.6742219431662303,0.6815381054695188,0.6695581892303203,0.7409852717115287,0.7477817261042977,"{'C': 0.1, 'solver': 'lbfgs'}","['mfcc_6', 'wav_detail_lvl5_std', 'mfcc_8', 'mfcc_10', 'wav_detail_lvl3_std']",0.5196581196581197,0.5487364620938628,0.4935064935064935,0.6354828672063396,0.6299456943366951,0.656957928802589,0.6050670640834576,0.6846015411110321,0.873062015503876,0.8389199255121043,0.9101010101010101,0.9232607699955211
LR,0.6740546654795132,0.6772595018985621,0.6721015778392828,0.7343829355002539,0.7429362572919027,"{'C': 0.1, 'solver': 'lbfgs'}","['mfcc_3', 'mfcc_5', 'mfcc_11', 'mfcc_10', 'wav_detail_lvl3_std', 'zcr_mean']",0.5388429752066116,0.5488215488215489,0.5292207792207793,0.633466984357559,0.6160990712074303,0.6409017713365539,0.5931445603576752,0.6635609199743469,0.8672219500244978,0.8420551855375833,0.8939393939393939,0.9317808675438025
LR,0.6740465757901769,0.6813115927374535,0.6695755367886514,0.7399695276790249,0.7491919557201393,"{'C': 0.1, 'solver': 'lbfgs'}","['mfcc_6', 'mfcc_11', 'mfcc_8', 'mfcc_10', 'wav_detail_lvl3_std', 'spec_centroid']",0.524701873935264,0.5519713261648745,0.5,0.6112477323075637,0.6250974279033515,0.6552287581699346,0.5976154992548435,0.711459968359635,0.8723404255319149,0.8367346938775511,0.9111111111111111,0.9248681664932192
LR,0.6738831827382566,0.6860064335718968,0.6665235493104346,0.7374301675977654,0.7368014357432955,"{'C': 10.0, 'solver': 'lbfgs'}","['mfcc_11', 'wav_detail_lvl5_std', 'mfcc_10', 'wav_detail_lvl3_std', 'zcr_mean', 'spec_centroid']",0.5090252707581228,0.573170731707317,0.4577922077922078,0.6307537155161979,0.6546242774566474,0.635343618513324,0.6751117734724292,0.7006156311236835,0.858,0.8495049504950495,0.8666666666666667,0.8790349605900051
LR,0.6736646093319621,0.6832114377520832,0.6958227868063934,0.7359065515490096,0.7391546700599182,"{'C': 1.0, 'solver': 'lbfgs'}","['mfcc_6', 'mfcc_3', 'mfcc_5', 'spec_centroid']",0.5788043478260869,0.4976635514018692,0.6915584415584416,0.5625409012953677,0.5586897179253867,0.7172897196261683,0.45752608047690013,0.713158412073053,0.8834997622444127,0.834681042228212,0.9383838383838384,0.9417646968113337
LR,0.6735226030421343,0.690374509790726,0.6649677887382807,0.7470797359065515,0.7525213401145939,"{'C': 0.1, 'solver': 'lbfgs'}","['mfcc_6', 'mfcc_3', 'wav_detail_lvl5_std', 'mfcc_10', 'spec_centroid']",0.516245487364621,0.5813008130081301,0.4642857142857143,0.6525737209950485,0.6219415943172849,0.6610738255033557,0.587183308494784,0.6852272171911163,0.8823807274444969,0.8287488908606921,0.9434343434343434,0.9197630821576168
LR,0.6734111270313269,0.6820464234827076,0.6674879158485716,0.7298120873539868,0.740930103021864,"{'C': 0.1, 'solver': 'lbfgs'}","['mfcc_11', 'wav_detail_lvl5_std', 'mfcc_8', 'mfcc_10', 'wav_detail_lvl3_std', 'zcr_mean', 'spec_centroid']",0.5298245614035088,0.5763358778625954,0.4902597402597403,0.6337601782301953,0.6416184971098265,0.6227208976157083,0.6616989567809239,0.6726692267580902,0.8487903225806451,0.8470824949698189,0.8505050505050505,0.9163609040773065
LR,0.6733411788898837,0.6807641442497063,0.6687420654633769,0.7389537836465211,0.7461992466241524,"{'C': 0.1, 'solver': 'lbfgs'}","['mfcc_6', 'wav_detail_lvl5_std', 'mfcc_8', 'mfcc_10', 'wav_detail_lvl3_std', 'zcr_mean']",0.5255972696245734,0.5539568345323741,0.5,0.6343133001393134,0.6230529595015576,0.6525285481239804,0.5961251862891207,0.680208765708399,0.8713733075435203,0.8358070500927643,0.9101010101010101,0.9240756740247447
LR,0.6730958147506615,0.6776986137386963,0.682979679700991,0.7369222955815135,0.7411888072928109,"{'C': 0.1, 'solver': 'lbfgs'}","['mfcc_6', 'mfcc_3', 'mfcc_5', 'mfcc_8', 'spec_centroid']",0.5553914327917282,0.5094850948509485,0.6103896103896104,0.5596502403703906,0.5834767641996558,0.6904276985743381,0.5052160953800298,0.7204855667624063,0.8804192472606003,0.8331830477908025,0.9333333333333333,0.9434306147456355
LR,0.6728591319520404,0.6754992836101826,0.6811901213540558,0.7359065515490096,0.7571231867661861,"{'C': 0.1, 'solver': 'lbfgs'}","['mfcc_6', 'mfcc_3', 'mfcc_5', 'mfcc_11', 'mfcc_8', 'spec_centroid']",0.5538922155688623,0.5138888888888888,0.6006493506493507,0.601476659161142,0.5849535080304311,0.67578125,0.5156482861400894,0.7208449793693504,0.879731672256828,0.8368277119416591,0.9272727272727272,0.9490479217680657
LR,0.6728403053819961,0.6869549989204328,0.6659802553245177,0.7440325038090401,0.7513243665255013,"{'C': 1.0, 'solver': 'lbfgs'}","['mfcc_6', 'mfcc_3', 'wav_detail_lvl5_std', 'mfcc_10', 'wav_detail_lvl3_std']",0.523725834797891,0.5708812260536399,0.4837662337662338,0.6505375221242317,0.6164931945556446,0.6660899653979239,0.5737704918032787,0.6815802753947394,0.8783018867924528,0.8238938053097346,0.9404040404040404,0.9218553020575324
LR,0.6727675527631649,0.6787884823902438,0.6902680197762164,0.733875063484002,0.739554581747435,"{'C': 0.1, 'solver': 'lbfgs'}","['mfcc_6', 'mfcc_3', 'mfcc_11', 'mfcc_8', 'mfcc_10', 'zcr_mean']",0.5942857142857143,0.5306122448979592,0.6753246753246753,0.5858768108116928,0.5438282647584973,0.680089485458613,0.45305514157973176,0.7151677933522606,0.880188679245283,0.8256637168141593,0.9424242424242424,0.9176191410783516
LR,0.6727524669565367,0.6841921055363422,0.6661296808837793,0.7404773996952768,0.7515805950084582,"{'C': 0.1, 'solver': 'lbfgs'}","['mfcc_6', 'mfcc_11', 'mfcc_8', 'mfcc_10', 'wav_detail_lvl3_std', 'zcr_mean', 'spec_centroid']",0.5253940455341506,0.5703422053231939,0.487012987012987,0.6220485851638535,0.6197183098591549,0.6523887973640856,0.5901639344262295,0.7064352177334752,0.8731450454763044,0.8298453139217471,0.9212121212121213,0.9262579821280458
LR,0.6727248091771392,0.6849479779139074,0.6654381441266687,0.7420010157440325,0.7487784176882579,"{'C': 0.1, 'solver': 'lbfgs'}","['mfcc_6', 'wav_detail_lvl5_std', 'mfcc_10', 'zcr_mean']",0.5177304964539007,0.5703125,0.474025974025974,0.6377599426079138,0.6249033255993813,0.6495176848874598,0.6020864381520119,0.6889584265185957,0.8755406054781355,0.8350137488542622,0.9202020202020202,0.9196168839382646
LR,0.6726620410807649,0.6829339292345976,0.6652161742325676,0.7242254951752158,0.7388438371780718,"{'C': 10.0, 'solver': 'lbfgs'}","['mfcc_3', 'mfcc_11', 'wav_detail_lvl5_std', 'wav_detail_lvl3_std', 'spec_centroid']",0.5518453427065027,0.6015325670498084,0.5097402597402597,0.6654399414943758,0.6333830104321908,0.6333830104321908,0.6333830104321908,0.6668886931355797,0.8327577701036014,0.8138862102217936,0.8525252525252526,0.8842028769042597
LR,0.6726107091480014,0.6828813772223151,0.6656266016921754,0.7364144235652615,0.7366132678739125,"{'C': 0.1, 'solver': 'lbfgs'}","['mfcc_3', 'wav_detail_lvl5_std', 'mfcc_8', 'mfcc_10', 'zcr_mean', 'spec_centroid']",0.5229681978798587,0.5736434108527132,0.4805194805194805,0.6440535100737793,0.6296018031555222,0.6348484848484849,0.624441132637854,0.6563796241563208,0.8652621264086232,0.840152235965747,0.8919191919191919,0.9094066693916373
LR,0.672590264710899,0.680604654584369,0.6672178459063703,0.7379380396140173,0.7249689266645127,"{'C': 0.1, 'solver': 'lbfgs'}","['mfcc_3', 'mfcc_10', 'wav_detail_lvl3_std', 'spec_centroid']",0.5250431778929189,0.5608856088560885,0.4935064935064935,0.6310954376409692,0.620583717357911,0.6402535657686212,0.6020864381520119,0.6366508737030616,0.8721438988818668,0.8406747891283973,0.906060606060606,0.9071604686495072
LR,0.6725687432492217,0.6815549208320943,0.6710520505602472,0.7430167597765364,0.7460995031173446,"{'C': 0.1, 'solver': 'lbfgs'}","['mfcc_6', 'mfcc_3', 'mfcc_8', 'mfcc_10', 'wav_detail_lvl3_std']",0.5313531353135313,0.540268456375839,0.5227272727272727,0.6283056901840873,0.6028075970272502,0.6759259259259259,0.5439642324888226,0.6909098927865339,0.8835454974068836,0.8284703801945181,0.9464646464646465,0.9190829263814126
LR,0.6724611488759162,0.6803710373038104,0.6910119934710098,0.7369222955815135,0.7355572249735957,"{'C': 0.1, 'solver': 'lbfgs'}","['mfcc_6', 'mfcc_3', 'mfcc_5', 'mfcc_8', 'mfcc_10']",0.5726256983240223,0.5024509803921569,0.6655844155844156,0.5656995110531394,0.5575539568345323,0.7029478458049887,0.46199701937406856,0.6995282088989838,0.8872037914691943,0.8357142857142857,0.9454545454545454,0.9414439549686637
LR,0.6723968755423947,0.6831089666696344,0.6654972835300704,0.7420010157440325,0.7498569536859296,"{'C': 0.1, 'solver': 'lbfgs'}","['mfcc_6', 'wav_detail_lvl5_std', 'mfcc_10', 'spec_centroid']",0.5044404973357016,0.5568627450980392,0.461038961038961,0.63768769150177,0.6394557823129252,0.6487730061349694,0.6304023845007451,0.6890600494015401,0.8732943469785575,0.8436911487758946,0.9050505050505051,0.9228231201544788
LR,0.6723239953603718,0.6824681314399154,0.6974755360001262,0.7328593194514982,0.7446135109050568,"{'C': 1.0, 'solver': 'lbfgs'}","['mfcc_6', 'mfcc_3', 'mfcc_5']",0.584,0.49547511312217196,0.711038961038961,0.5764019465261053,0.5536205316223648,0.719047619047619,0.45007451564828616,0.7147491168109014,0.8793514544587506,0.8328816621499548,0.9313131313131313,0.9426894693781636
LR,0.6722493356418447,0.6833942908161164,0.6675774134790529,0.7425088877602845,0.7491848469742757,"{'C': 0.1, 'solver': 'lbfgs'}","['mfcc_6', 'mfcc_3', 'wav_detail_lvl5_std', 'mfcc_8', 'mfcc_10', 'wav_detail_lvl3_std', 'zcr_mean']",0.5264957264957265,0.555956678700361,0.5,0.6465014239912606,0.6116504854368932,0.6690265486725664,0.563338301043219,0.679555661457194,0.8786017949929145,0.8251996450754214,0.9393939393939394,0.9214974554743726
LR,0.6720531227628189,0.6795457331126159,0.6867030965391621,0.7369222955815135,0.7324655820447038,"{'C': 1.0, 'solver': 'lbfgs'}","['mfcc_6', 'mfcc_3', 'mfcc_5', 'mfcc_8', 'mfcc_10', 'spec_centroid']",0.5568181818181818,0.494949494949495,0.6363636363636364,0.5480827432429429,0.5757307351638619,0.7096069868995634,0.4843517138599106,0.7061133934357582,0.8836104513064132,0.8340807174887892,0.9393939393939394,0.9432006094554104
LR,0.6719850627563383,0.6760249042704803,0.6724280273460601,0.7379380396140173,0.7667922969701858,"{'C': 10.0, 'solver': 'lbfgs'}","['mfcc_6', 'mfcc_3', 'mfcc_5', 'mfcc_11', 'mfcc_8', 'mfcc_10', 'zcr_mean', 'spec_centroid']",0.5305466237942122,0.5254777070063694,0.5357142857142857,0.6201188851029679,0.6089068825910932,0.6666666666666666,0.5603576751117735,0.7336764095814625,0.8765016818837098,0.8359303391384051,0.9212121212121213,0.9465815962261268
LR,0.6718885057110651,0.6799800767337295,0.6670203202990089,0.7369222955815135,0.7481268775229402,"{'C': 1.0, 'solver': 'lbfgs'}","['mfcc_6', 'mfcc_11', 'wav_detail_lvl5_std', 'mfcc_8', 'mfcc_10', 'zcr_mean']",0.5308219178082192,0.5615942028985508,0.5032467532467533,0.6381901343254663,0.6140625,0.645320197044335,0.5856929955290611,0.6886792818077747,0.8707810993249759,0.8330258302583026,0.9121212121212121,0.9175112164355793
LR,0.6718569336626022,0.6806304318872547,0.6862012001356264,0.7379380396140173,0.7327025072530211,"{'C': 0.1, 'solver': 'lbfgs'}","['mfcc_6', 'mfcc_3', 'mfcc_8']",0.569364161849711,0.5130208333333334,0.6396103896103896,0.5647761538152872,0.5599284436493739,0.7002237136465325,0.46646795827123694,0.7157572479975691,0.8862781954887218,0.828646748681898,0.9525252525252526,0.917574119946207
LR,0.6715494707655703,0.6801566314712857,0.6655907237874451,0.7323514474352463,0.7326066021251517,"{'C': 1.0, 'solver': 'lbfgs'}","['mfcc_3', 'mfcc_11', 'wav_detail_lvl5_std', 'mfcc_10', 'wav_detail_lvl3_std', 'zcr_mean']",0.537261698440208,0.5762081784386617,0.5032467532467533,0.6519823532687077,0.6162079510703364,0.6326530612244898,0.6005961251862891,0.6420080100621675,0.8611787627861666,0.8316086547507056,0.8929292929292929,0.9038294430445801
LR,0.6715258914908748,0.6770395409304918,0.6677702079341423,0.7369222955815135,0.7486716579160593,"{'C': 1.0, 'solver': 'lbfgs'}","['mfcc_6', 'wav_detail_lvl5_std', 'mfcc_8', 'mfcc_10']",0.5177664974619289,0.5406360424028268,0.4967532467532468,0.6360989316027353,0.6271186440677966,0.6491228070175439,0.6065573770491803,0.6876856957380195,0.8696925329428989,0.8413597733711048,0.9,0.9222303464074231
LR,0.6715209168547484,0.6781110501597559,0.6667443364164676,0.7333671914677501,0.7318308687863478,"{'C': 0.1, 'solver': 'lbfgs'}","['mfcc_3', 'mfcc_11', 'mfcc_8', 'mfcc_10', 'wav_detail_lvl3_std', 'zcr_mean', 'spec_centroid']",0.5308219178082192,0.5615942028985508,0.5032467532467533,0.6218222811738812,0.6189024390243902,0.6333853354134166,0.6050670640834576,0.6632914667634471,0.8648383937316356,0.8393536121673004,0.8919191919191919,0.9103788584217153
LR,0.6714227475203037,0.6834036234878501,0.6637597678581285,0.7379380396140173,0.736060388907181,"{'C': 10.0, 'solver': 'lbfgs'}","['mfcc_3', 'wav_detail_lvl5_std', 'mfcc_10', 'spec_centroid']",0.5178571428571429,0.5753968253968254,0.4707792207792208,0.6478641144161452,0.6268882175226587,0.6355283307810107,0.6184798807749627,0.6528006566731396,0.8695228821811101,0.8392857142857143,0.902020202020202,0.9075163956322584
LR,0.6712626048622489,0.6778361309945969,0.6661998596424826,0.7201625190452006,0.7259135443892255,"{'C': 10.0, 'solver': 'lbfgs'}","['mfcc_3', 'mfcc_11', 'wav_detail_lvl5_std', 'wav_detail_lvl3_std', 'zcr_mean']",0.5507745266781411,0.5860805860805861,0.5194805194805194,0.6565588424250604,0.6340394448502557,0.6217765042979942,0.646795827123696,0.6298590102474729,0.8289738430583501,0.8256513026052105,0.8323232323232324,0.8913227804951434
LR,0.6711009143006432,0.6737946621856127,0.6706633075485534,0.7298120873539868,0.7428249293490531,"{'C': 0.1, 'solver': 'lbfgs'}","['mfcc_3', 'mfcc_5', 'mfcc_8', 'mfcc_10', 'wav_detail_lvl3_std', 'zcr_mean']",0.5495934959349593,0.5504885993485342,0.5487012987012987,0.6279452205126691,0.6003159557661928,0.6386554621848739,0.5663189269746647,0.6644058169967307,0.8633932912007778,0.8322399250234301,0.896969696969697,0.9361237505377596
LR,0.6710129287453263,0.6737160893500304,0.6694410932115851,0.7313357034027425,0.7447497884287714,"{'C': 1.0, 'solver': 'lbfgs'}","['mfcc_3', 'mfcc_5', 'mfcc_11', 'mfcc_8', 'mfcc_10', 'wav_detail_lvl3_std', 'zcr_mean']",0.5370675453047776,0.5451505016722408,0.5292207792207793,0.6237238793571981,0.6094354215003867,0.6334405144694534,0.587183308494784,0.669634713943116,0.8665358194308145,0.8425572519083969,0.8919191919191919,0.9408907719860002
LR,0.6709228085418045,0.6818110403760299,0.6635689447164858,0.7323514474352463,0.7400870790161825,"{'C': 10.0, 'solver': 'lbfgs'}","['mfcc_3', 'mfcc_11', 'wav_detail_lvl5_std', 'mfcc_8', 'mfcc_10', 'spec_centroid']",0.5335689045936396,0.5852713178294574,0.4902597402597403,0.6480889401891262,0.618291761148904,0.6273006134969326,0.6095380029806259,0.6615446258689787,0.8609077598828697,0.8328611898016998,0.8909090909090909,0.9106276709904431
LR,0.6707796542407931,0.6676519064303229,0.6793236817826983,0.7293042153377349,0.7397517483286135,"{'C': 1.0, 'solver': 'lbfgs'}","['mfcc_3', 'mfcc_5', 'mfcc_11', 'mfcc_8', 'mfcc_10', 'zcr_mean', 'spec_centroid']",0.5422222222222223,0.4986376021798365,0.5941558441558441,0.5890653893786769,0.5959839357429719,0.6463414634146342,0.5529061102831595,0.6877294681317966,0.8741328047571854,0.857976653696498,0.8909090909090909,0.9424603874753671
LR,0.6707351277801084,0.6766659471579772,0.6877171401761566,0.7308278313864907,0.7366166107687538,"{'C': 0.1, 'solver': 'lbfgs'}","['mfcc_6', 'mfcc_3', 'mfcc_5', 'mfcc_8', 'mfcc_10', 'zcr_mean']",0.5860597439544808,0.5215189873417722,0.6688311688311688,0.5802514794440917,0.5520926090828139,0.6858407079646017,0.46199701937406856,0.6875860328060419,0.8740530303030303,0.8226381461675579,0.9323232323232323,0.9420123200561277
LR,0.6706087614268738,0.6789815959027722,0.6692963988045953,0.7414931437277806,0.7443780890511859,"{'C': 0.1, 'solver': 'lbfgs'}","['mfcc_6', 'mfcc_3', 'mfcc_8', 'mfcc_10', 'wav_detail_lvl3_std', 'zcr_mean']",0.5271828665568369,0.5351170568561873,0.5194805194805194,0.6258491060419329,0.6013179571663921,0.6721915285451197,0.5439642324888226,0.6884212465013512,0.8833254605573926,0.8296362023070097,0.9444444444444444,0.9188639146102737
LR,0.6704622852783734,0.6782980537265785,0.6656727304268287,0.7364144235652615,0.745132198529943,"{'C': 0.1, 'solver': 'lbfgs'}","['mfcc_6', 'wav_detail_lvl5_std', 'mfcc_8', 'mfcc_10', 'zcr_mean']",0.523972602739726,0.5543478260869565,0.4967532467532468,0.6340924831112442,0.61730319563523,0.6470588235294118,0.5901639344262295,0.6807349356797726,0.8701110574601642,0.8334875115633672,0.9101010101010101,0.9205691767988122
LR,0.6703159788213648,0.6833443734434623,0.6616867346375543,0.7237176231589639,0.742070421263394,"{'C': 10.0, 'solver': 'lbfgs'}","['mfcc_3', 'mfcc_11', 'wav_detail_lvl5_std', 'wav_detail_lvl3_std', 'zcr_mean', 'spec_centroid']",0.5421903052064632,0.606425702811245,0.4902597402597403,0.6707796009147151,0.6344322344322344,0.6239193083573487,0.6453055141579732,0.664126508219979,0.8343253968253969,0.8196881091617934,0.8494949494949495,0.8913051546554877
LR,0.6700460502352693,0.6786131827778371,0.6642447109660224,0.7298120873539868,0.7251582168511322,"{'C': 10.0, 'solver': 'lbfgs'}","['mfcc_11', 'wav_detail_lvl5_std', 'wav_detail_lvl3_std', 'zcr_mean', 'spec_centroid']",0.5044091710758377,0.5521235521235521,0.4642857142857143,0.6063294188240056,0.6739766081871345,0.6614060258249641,0.6870342771982116,0.6934413643543798,0.8317523714428358,0.8223099703849951,0.8414141414141414,0.8757038673750116
LR,0.6699091565662617,0.6781294035531324,0.664460372657094,0.7282884713052311,0.7292970744319621,"{'C': 1.0, 'solver': 'lbfgs'}","['mfcc_11', 'wav_detail_lvl5_std', 'wav_detail_lvl3_std', 'spec_centroid']",0.5070422535211268,0.5538461538461539,0.4675324675324675,0.6134363808221246,0.6729514140681654,0.655367231638418,0.6915052160953801,0.6961719337832635,0.8297338021094928,0.8251748251748252,0.8343434343434344,0.8782829086904982
LR,0.6698965540951279,0.6817421472470174,0.6627437529076873,0.739461655662773,0.7486689823844971,"{'C': 0.1, 'solver': 'lbfgs'}","['mfcc_6', 'wav_detail_lvl5_std', 'mfcc_8', 'mfcc_10', 'zcr_mean', 'spec_centroid']",0.5106382978723404,0.5625,0.4675324675324675,0.6359710705252025,0.6276021588280648,0.6501597444089456,0.6065573770491803,0.6862391472120448,0.8714492055849783,0.8325666973321068,0.9141414141414141,0.9237967294162439
LR,0.6697908801418414,0.6741946016029506,0.6680319983598673,0.7353986795327577,0.7411071152017303,"{'C': 1.0, 'solver': 'lbfgs'}","['mfcc_6', 'mfcc_8', 'mfcc_10', 'wav_detail_lvl3_std', 'zcr_mean']",0.5247524752475248,0.5335570469798657,0.5162337662337663,0.6121520158426226,0.6118577075098814,0.6515151515151515,0.5767511177347243,0.6905875955625173,0.872762457668118,0.8375116063138347,0.9111111111111111,0.9205817342000515
LR,0.6697045475141383,0.6776145016646318,0.6640499451974862,0.7308278313864907,0.734760179396951,"{'C': 1.0, 'solver': 'lbfgs'}","['mfcc_3', 'wav_detail_lvl5_std', 'mfcc_8', 'mfcc_10', 'wav_detail_lvl3_std', 'spec_centroid']",0.5294117647058824,0.5666666666666667,0.4967532467532468,0.64191280681981,0.621580547112462,0.6341085271317829,0.6095380029806259,0.6499764043726938,0.8581213307240705,0.8320683111954459,0.8858585858585859,0.9123913269983494
LR,0.6696351983673047,0.6835907381497984,0.6615006426481836,0.7404773996952768,0.7557213520941692,"{'C': 0.1, 'solver': 'lbfgs'}","['mfcc_6', 'mfcc_11', 'wav_detail_lvl5_std', 'mfcc_8', 'mfcc_10', 'zcr_mean', 'spec_centroid']",0.5081081081081081,0.5708502024291497,0.4577922077922078,0.6408529661293983,0.6273006134969326,0.6461295418641391,0.6095380029806259,0.7019703391043283,0.8734968734968735,0.8337924701561065,0.9171717171717172,0.9243407510487811
LR,0.6693172768752982,0.6759309351364786,0.6874474644966448,0.7308278313864907,0.737331415498334,"{'C': 1.0, 'solver': 'lbfgs'}","['mfcc_6', 'mfcc_3', 'mfcc_11']",0.5925925925925926,0.5279187817258884,0.6753246753246753,0.6259848792846628,0.5377697841726619,0.6780045351473923,0.4456035767511177,0.6776927469919974,0.8775894538606404,0.8218694885361552,0.9414141414141414,0.9083166202183415
LR,0.6693081343890072,0.6682297265304862,0.673308810194056,0.7293042153377349,0.7393835346969094,"{'C': 10.0, 'solver': 'lbfgs'}","['mfcc_3', 'mfcc_5', 'mfcc_8', 'mfcc_10', 'zcr_mean', 'spec_centroid']",0.5356037151702786,0.5118343195266272,0.5616883116883117,0.5891170946565123,0.6036536934074662,0.6462585034013606,0.5663189269746647,0.6908942191493135,0.8686669945892769,0.8465963566634708,0.8919191919191919,0.9381392902849025
LR,0.6691111523329667,0.6776748441024342,0.6629866187243237,0.7262569832402235,0.7177509275488302,"{'C': 10.0, 'solver': 'lbfgs'}","['mfcc_3', 'mfcc_11', 'wav_detail_lvl5_std', 'mfcc_10']",0.5476603119584056,0.587360594795539,0.512987012987013,0.6550579871857185,0.6053231939163498,0.6180124223602484,0.5931445603576752,0.6127115983128559,0.8543499511241447,0.8276515151515151,0.8828282828282829,0.8854831971479159
LR,0.6688455275974211,0.6779883300408893,0.6627835734393112,0.7359065515490096,0.7554902010426617,"{'C': 1.0, 'solver': 'lbfgs'}","['mfcc_6', 'mfcc_11', 'wav_detail_lvl5_std', 'mfcc_8', 'mfcc_10', 'spec_centroid']",0.513986013986014,0.5568181818181818,0.4772727272727273,0.6362343644118672,0.6229007633587786,0.6384976525821596,0.6080476900149031,0.7052612996204657,0.8696498054474708,0.8386491557223265,0.9030303030303031,0.9249749390956524
LR,0.6686288217852532,0.6816174339052051,0.689892287433271,0.7353986795327577,0.705539604608186,"{'C': 0.1, 'solver': 'lbfgs'}","['mfcc_6', 'mfcc_3', 'mfcc_8', 'mfcc_10', 'spec_centroid']",0.5655737704918032,0.4882075471698113,0.672077922077922,0.513858795782927,0.5529953917050692,0.7246376811594203,0.44709388971684055,0.6768841440290605,0.8873173031588873,0.8320070733863837,0.9505050505050505,0.9258758740125705
LR,0.6683329525620986,0.6793831530919424,0.6610302872597954,0.7298120873539868,0.7302790527137092,"{'C': 0.1, 'solver': 'lbfgs'}","['mfcc_3', 'mfcc_11', 'wav_detail_lvl5_std', 'mfcc_10', 'zcr_mean']",0.5361552028218695,0.5868725868725869,0.4935064935064935,0.6528149342935999,0.6082317073170732,0.6224648985959438,0.5946348733233979,0.6359385112432532,0.860611947547353,0.8288119738072965,0.8949494949494949,0.9020837126042744
LR,0.668254683048276,0.6741005932988391,0.6643101585724537,0.7323514474352463,0.7244222369051582,"{'C': 10.0, 'solver': 'lbfgs'}","['mfcc_3', 'mfcc_11', 'mfcc_10', 'wav_detail_lvl3_std', 'spec_centroid']",0.5263157894736842,0.5516014234875445,0.5032467532467533,0.6314710838552161,0.6086286594761171,0.6299840510366826,0.5886736214605067,0.6341998071941484,0.8698196001950268,0.8407163053722903,0.901010101010101,0.9075958196661098
LR,0.6681584036139684,0.6782439151709291,0.662114115392804,0.7282884713052311,0.7382785157765057,"{'C': 10.0, 'solver': 'lbfgs'}","['mfcc_11', 'wav_detail_lvl5_std', 'mfcc_10', 'wav_detail_lvl3_std', 'spec_centroid']",0.5088967971530249,0.562992125984252,0.4642857142857143,0.6272707881312796,0.6462633451957296,0.6185286103542235,0.676602086438152,0.6913600180634194,0.8493150684931506,0.8532110091743119,0.8454545454545455,0.8962047411348183
LR,0.6681234645850264,0.6754159414375739,0.6628099890394972,0.7257491112239716,0.7180094830637266,"{'C': 0.1, 'solver': 'lbfgs'}","['mfcc_3', 'mfcc_11', 'wav_detail_lvl5_std', 'mfcc_10', 'wav_detail_lvl3_std']",0.5429553264604811,0.5766423357664233,0.512987012987013,0.6531573512752958,0.6077684691546078,0.6214953271028038,0.5946348733233979,0.6175020186745545,0.8536465981399902,0.8281101614434948,0.8808080808080808,0.8833690792413292
LR,0.6678620676935156,0.6710638030814472,0.6663027622044017,0.7237176231589639,0.7108652758008219,"{'C': 0.1, 'solver': 'lbfgs'}","['mfcc_3', 'mfcc_11', 'mfcc_10', 'wav_detail_lvl3_std']",0.556836902800659,0.5652173913043478,0.5487012987012987,0.6345211470008448,0.5901639344262295,0.6196721311475409,0.563338301043219,0.6128122637465367,0.8565853658536585,0.8283018867924529,0.8868686868686869,0.8852624166550844
LR,0.6677897782670607,0.6711161213242378,0.6655098999361294,0.718638902996445,0.7002685642850338,"{'C': 0.1, 'solver': 'lbfgs'}","['mfcc_11', 'mfcc_10', 'wav_detail_lvl3_std']",0.5369127516778524,0.5555555555555556,0.5194805194805194,0.6012891519155158,0.6268871315600287,0.6055555555555555,0.6497764530551415,0.6309943581887677,0.8395694515633009,0.8522372528616025,0.8272727272727273,0.8685221827508183
LR,0.6670645378993872,0.6746614414395561,0.661758490447015,0.7308278313864907,0.7325450349414643,"{'C': 1.0, 'solver': 'lbfgs'}","['mfcc_3', 'wav_detail_lvl5_std', 'mfcc_8', 'mfcc_10', 'spec_centroid']",0.5215889464594128,0.5571955719557196,0.4902597402597403,0.6396666290920434,0.6163234172387491,0.63125,0.6020864381520119,0.649515730124065,0.86328125,0.8355387523629489,0.8929292929292929,0.9084527456082845
LR,0.6668012800998531,0.675661887946967,0.6851926761762828,0.7333671914677501,0.7548459918283971,"{'C': 1.0, 'solver': 'lbfgs'}","['mfcc_6', 'mfcc_3', 'mfcc_5', 'mfcc_11', 'mfcc_10', 'spec_centroid']",0.5598885793871866,0.4902439024390244,0.6525974025974026,0.5954750104227345,0.5541516245487365,0.7025171624713958,0.45752608047690013,0.7244704290291888,0.8863636363636364,0.8342245989304813,0.9454545454545454,0.9445925360332678
LR,0.6667566297079932,0.6791279735712109,0.658551951994575,0.7176231589639411,0.7410050012368874,"{'C': 10.0, 'solver': 'lbfgs'}","['mfcc_3', 'mfcc_11', 'wav_detail_lvl5_std', 'mfcc_8', 'wav_detail_lvl3_std', 'zcr_mean', 'spec_centroid']",0.5438282647584973,0.6055776892430279,0.4935064935064935,0.6583365882631806,0.6294416243654822,0.6129943502824858,0.646795827123696,0.6706621748209001,0.827,0.8188118811881188,0.8353535353535354,0.8940162406265816
LR,0.6667496807882497,0.6720165130545365,0.6810958925713023,0.7303199593702387,0.7322587933802902,"{'C': 1.0, 'solver': 'lbfgs'}","['mfcc_6', 'mfcc_3', 'mfcc_11', 'spec_centroid']",0.5764192139737991,0.5224274406332454,0.6428571428571429,0.6205441614311176,0.5441696113074205,0.6681127982646421,0.45901639344262296,0.666407141253473,0.8796602170835299,0.8255093002657219,0.9414141414141414,0.9098250774562804
LR,0.6663967970587374,0.6758175730181929,0.6595636300554333,0.7160995429151854,0.7380425862145034,"{'C': 1.0, 'solver': 'lbfgs'}","['mfcc_3', 'mfcc_11', 'wav_detail_lvl5_std', 'mfcc_8', 'wav_detail_lvl3_std', 'spec_centroid']",0.5473684210526316,0.5954198473282443,0.5064935064935064,0.649391899429697,0.6266471449487555,0.6158273381294964,0.6378539493293591,0.6732394560214622,0.8251748251748252,0.8162055335968379,0.8343434343434344,0.8914964031923511
LR,0.6662173381267835,0.6724629238549017,0.6620427538460326,0.7267648552564754,0.7179738529652249,"{'C': 1.0, 'solver': 'lbfgs'}","['mfcc_3', 'mfcc_10', 'wav_detail_lvl3_std', 'zcr_mean']",0.5365025466893039,0.5622775800711743,0.512987012987013,0.6300234971313432,0.6027820710973725,0.6260032102728732,0.5812220566318927,0.6200760907021476,0.859367396593674,0.8291079812206573,0.8919191919191919,0.9038219710621838
LR,0.6661348707365099,0.6688653079817176,0.6646153178940063,0.728796343321483,0.7304419425357223,"{'C': 1.0, 'solver': 'lbfgs'}","['mfcc_3', 'mfcc_8', 'mfcc_10', 'wav_detail_lvl3_std', 'zcr_mean', 'spec_centroid']",0.5238879736408567,0.5317725752508361,0.5162337662337663,0.6184252918907903,0.6088303640588691,0.6338709677419355,0.5856929955290611,0.6639623466416416,0.865686274509804,0.840952380952381,0.8919191919191919,0.908938189074735
LR,0.6660783248060909,0.6695864407313006,0.6636813095829489,0.7196546470289487,0.7243269360374921,"{'C': 10.0, 'solver': 'lbfgs'}","['mfcc_11', 'wav_detail_lvl5_std', 'mfcc_10', 'wav_detail_lvl3_std', 'zcr_mean']",0.5252525252525253,0.5454545454545454,0.5064935064935064,0.6274825027152301,0.6312005751258087,0.6097222222222223,0.65424739195231,0.6608575666284517,0.8417818740399385,0.8535825545171339,0.8303030303030303,0.8846407387687947
LR,0.6654572280988496,0.670998180141367,0.6617052649839534,0.7277805992889792,0.7296129690830498,"{'C': 0.1, 'solver': 'lbfgs'}","['mfcc_3', 'mfcc_11', 'mfcc_8', 'mfcc_10', 'wav_detail_lvl3_std', 'spec_centroid']",0.5279187817258884,0.5512367491166078,0.5064935064935064,0.6162967786484934,0.6060138781804163,0.6277955271565495,0.5856929955290611,0.6624821331974372,0.8624390243902439,0.8339622641509434,0.8929292929292929,0.9100599954032189
LR,0.6654035106082428,0.6679400417149615,0.6635370094386488,0.7216861350939563,0.7107876284613642,"{'C': 0.1, 'solver': 'lbfgs'}","['mfcc_11', 'wav_detail_lvl5_std', 'mfcc_10', 'wav_detail_lvl3_std']",0.5150501672240803,0.5310344827586206,0.5,0.622246721198091,0.6366932559825961,0.6200564971751412,0.65424739195231,0.6512042142966418,0.844467108618052,0.8527291452111225,0.8363636363636363,0.8589119498893599
LR,0.6647718913516941,0.6720386856623085,0.6596669268800416,0.7272727272727273,0.7298013209777942,"{'C': 1.0, 'solver': 'lbfgs'}","['mfcc_3', 'wav_detail_lvl5_std', 'mfcc_10', 'wav_detail_lvl3_std', 'zcr_mean']",0.5232358003442341,0.5567765567765568,0.4935064935064935,0.6423234996733928,0.612681436210848,0.6285266457680251,0.5976154992548435,0.6410995715552084,0.8583984375,0.8308128544423441,0.8878787878787879,0.9059808917047814
LR,0.6644072029183948,0.6715946185279695,0.6601968159345208,0.7140680548501778,0.732406524882467,"{'C': 1.0, 'solver': 'lbfgs'}","['mfcc_11', 'wav_detail_lvl5_std', 'mfcc_8', 'wav_detail_lvl3_std', 'spec_centroid']",0.5277777777777778,0.5671641791044776,0.4935064935064935,0.6146197707408553,0.6492220650636492,0.6177658142664872,0.684053651266766,0.6930853083071136,0.8162217659137577,0.8298538622129437,0.803030303030303,0.8895144955994321
LR,0.6642614782494213,0.6691831686870784,0.6825164210410112,0.7282884713052311,0.732987085793921,"{'C': 1.0, 'solver': 'lbfgs'}","['mfcc_6', 'mfcc_3', 'mfcc_11', 'mfcc_10', 'spec_centroid']",0.5726375176304654,0.5062344139650873,0.6590909090909091,0.5967779938520409,0.5383244206773619,0.6696230598669624,0.45007451564828616,0.6810498768505002,0.8818224964404366,0.8316920322291853,0.9383838383838384,0.9211333866792223
LR,0.6640093584559844,0.6761499084514843,0.6882825128726768,0.728796343321483,0.7338431848441388,"{'C': 0.1, 'solver': 'lbfgs'}","['mfcc_6', 'mfcc_3', 'mfcc_5', 'mfcc_10', 'spec_centroid']",0.5676037483266398,0.48291571753986334,0.6883116883116883,0.5468137634580494,0.5434380776340111,0.7153284671532847,0.43815201192250375,0.7123008485223795,0.8809862494073021,0.8302055406613047,0.9383838383838384,0.9424149425519874
LR,0.6638963403144365,0.6702413710659737,0.6591394034016985,0.7211782630777044,0.7174060927962822,"{'C': 1.0, 'solver': 'lbfgs'}","['mfcc_3', 'mfcc_11', 'wav_detail_lvl5_std', 'mfcc_8', 'mfcc_10']",0.5401709401709401,0.5703971119133574,0.512987012987013,0.6497419068779373,0.5998481397114654,0.6114551083591331,0.5886736214605067,0.6033172387855849,0.8516699410609038,0.8288718929254302,0.8757575757575757,0.8991591327253246
LR,0.6638427152937275,0.6734604577164621,0.6574468336763419,0.7277805992889792,0.7288900055212416,"{'C': 0.1, 'solver': 'lbfgs'}","['mfcc_3', 'wav_detail_lvl5_std', 'mfcc_10', 'zcr_mean']",0.521891418563923,0.5665399239543726,0.4837662337662338,0.645588113965868,0.6091603053435114,0.6244131455399061,0.5946348733233979,0.6372229700165528,0.8604764219737482,0.8294283036551078,0.8939393939393939,0.9038589325813045
LR,0.6637208802212092,0.6736853736123071,0.6577543585740308,0.7206703910614525,0.7094853013248188,"{'C': 0.1, 'solver': 'lbfgs'}","['mfcc_11', 'mfcc_10', 'wav_detail_lvl3_std', 'zcr_mean', 'spec_centroid']",0.5141843971631206,0.56640625,0.4707792207792208,0.6032149002820645,0.6364280652019844,0.6067567567567568,0.669150521609538,0.6435118334536233,0.8405501782985226,0.8478931140801644,0.8333333333333334,0.8817291702387685
LR,0.6636596841504064,0.6783081896651733,0.6927183623904934,0.7277805992889792,0.735947270518202,"{'C': 0.1, 'solver': 'lbfgs'}","['mfcc_6', 'mfcc_3', 'mfcc_5', 'mfcc_10']",0.576271186440678,0.48148148148148145,0.7175324675324676,0.5511125100611187,0.5338345864661654,0.72264631043257,0.4232488822652757,0.7139165677439979,0.8808732795443759,0.8307967770814683,0.9373737373737374,0.9428127337494892
LR,0.6636531023912547,0.672746441005667,0.6843059793879466,0.7293042153377349,0.7268185835564395,"{'C': 1.0, 'solver': 'lbfgs'}","['mfcc_6', 'mfcc_3', 'mfcc_8', 'mfcc_10', 'zcr_mean']",0.5706371191135734,0.4975845410628019,0.6688311688311688,0.5711964486052963,0.5378304466727438,0.6924882629107981,0.4396423248882265,0.6896089950362171,0.8824917413874469,0.8281665190434012,0.9444444444444444,0.9196503070278051
LR,0.6636491453681489,0.6663459205607407,0.6628222111828669,0.7262569832402235,0.7276762260014277,"{'C': 0.1, 'solver': 'lbfgs'}","['mfcc_3', 'mfcc_8', 'mfcc_10', 'wav_detail_lvl3_std', 'spec_centroid']",0.5261437908496732,0.5296052631578947,0.5227272727272727,0.613960951802962,0.6012558869701727,0.6351575456053068,0.5707898658718331,0.661067107350246,0.8635477582846004,0.8342749529190208,0.8949494949494949,0.9080006188510754
LR,0.663645089199231,0.6689796739046597,0.6596815145995474,0.7242254951752158,0.7392867531547651,"{'C': 0.1, 'solver': 'lbfgs'}","['wav_detail_lvl5_std', 'mfcc_8', 'mfcc_10', 'wav_detail_lvl3_std', 'zcr_mean', 'spec_centroid']",0.5051546391752577,0.5364963503649635,0.4772727272727273,0.6246828288560731,0.6365622723962127,0.6225071225071225,0.6512667660208644,0.676559668848103,0.8492183560262229,0.8479355488418933,0.8505050505050505,0.9166177617601191
LR,0.66354634037342,0.6716428892190763,0.6583315591512312,0.7282884713052311,0.7342927311916437,"{'C': 0.1, 'solver': 'lbfgs'}","['wav_detail_lvl5_std', 'mfcc_10', 'wav_detail_lvl3_std', 'zcr_mean', 'spec_centroid']",0.49029982363315694,0.5366795366795367,0.4512987012987013,0.6093780726267113,0.6483754512635379,0.6288515406162465,0.669150521609538,0.7030733143149503,0.851963746223565,0.8493975903614458,0.8545454545454545,0.8904268066332699
LR,0.6634232233091437,0.6732974457275912,0.6575769403638256,0.7216861350939563,0.7172802584893266,"{'C': 0.1, 'solver': 'lbfgs'}","['mfcc_10', 'wav_detail_lvl3_std', 'zcr_mean', 'spec_centroid']",0.5079928952042628,0.5607843137254902,0.4642857142857143,0.5949070689785245,0.6430092264017033,0.6138211382113821,0.6751117734724292,0.669205873254002,0.8392675483214649,0.8452868852459017,0.8333333333333334,0.8877278332354535
LR,0.6628001713297792,0.6685505838438868,0.6788608173854076,0.7272727272727273,0.7334493732947077,"{'C': 1.0, 'solver': 'lbfgs'}","['mfcc_6', 'mfcc_3', 'mfcc_10', 'zcr_mean']",0.5718390804597702,0.5128865979381443,0.6461038961038961,0.5822366057472816,0.5378450578806767,0.668141592920354,0.45007451564828616,0.6979537062374056,0.8787163756488909,0.8246235606731621,0.9404040404040404,0.9201578078994359
LR,0.6626394876008977,0.6686804718119613,0.6582503410372262,0.7216861350939563,0.7287623072589132,"{'C': 0.1, 'solver': 'lbfgs'}","['mfcc_3', 'mfcc_11', 'wav_detail_lvl5_std', 'mfcc_8', 'mfcc_10', 'zcr_mean']",0.534923339011925,0.5627240143369175,0.5097402597402597,0.6452615101523892,0.5989304812834224,0.6144200626959248,0.5842026825633383,0.6381791794395615,0.8540646425073457,0.8288973384030418,0.8808080808080808,0.9028462321847891
LR,0.662300400838419,0.6679647034034927,0.6580571523194474,0.7206703910614525,0.7176968855701209,"{'C': 0.1, 'solver': 'lbfgs'}","['mfcc_3', 'wav_detail_lvl5_std', 'mfcc_8', 'mfcc_10']",0.5340136054421769,0.5607142857142857,0.5097402597402597,0.6457436553528695,0.6012176560121766,0.614307931570762,0.5886736214605067,0.6069741897314642,0.8516699410609038,0.8288718929254302,0.8757575757575757,0.900372811626029
LR,0.6617491520961578,0.6721747727600554,0.6561248708789692,0.7196546470289487,0.7285408530297165,"{'C': 0.1, 'solver': 'lbfgs'}","['mfcc_11', 'wav_detail_lvl5_std', 'mfcc_10', 'zcr_mean', 'spec_centroid']",0.505338078291815,0.5590551181102362,0.461038961038961,0.6215977074168861,0.6405045550105115,0.6044973544973545,0.6810730253353204,0.6849346283161549,0.8394048229861467,0.8529718456725756,0.8262626262626263,0.8790902233561083
LR,0.6616069383079693,0.667634168686157,0.657580882990719,0.7140680548501778,0.7357755756802945,"{'C': 10.0, 'solver': 'lbfgs'}","['mfcc_11', 'wav_detail_lvl5_std', 'mfcc_8', 'mfcc_10', 'wav_detail_lvl3_std', 'spec_centroid']",0.5257731958762887,0.5583941605839416,0.4967532467532468,0.6291788048593547,0.6257142857142857,0.6008230452674898,0.6527570789865872,0.6652220045803149,0.8333333333333334,0.8436853002070394,0.8232323232323232,0.912925917601214
LR,0.661408303542272,0.6673429742129594,0.6568704216245199,0.718638902996445,0.7070585465771225,"{'C': 1.0, 'solver': 'lbfgs'}","['mfcc_3', 'mfcc_10', 'wav_detail_lvl3_std']",0.5358361774744027,0.564748201438849,0.5097402597402597,0.6262121562996115,0.5995457986373959,0.6092307692307692,0.5901639344262295,0.6151531710360081,0.8488429345150172,0.8280499519692603,0.8707070707070707,0.8798103123957477
LR,0.6611663999791855,0.6665102426333446,0.6578115266639856,0.7160995429151854,0.7321919903232232,"{'C': 0.1, 'solver': 'lbfgs'}","['wav_detail_lvl5_std', 'mfcc_8', 'mfcc_10', 'wav_detail_lvl3_std', 'spec_centroid']",0.5136986301369864,0.5434782608695652,0.487012987012987,0.6177132983903008,0.6339031339031339,0.607094133697135,0.6631892697466468,0.6681822688365425,0.8358974358974359,0.8489583333333334,0.8232323232323232,0.9106804037428265
LR,0.6609507470280978,0.664099916527101,0.658926107286763,0.7191467750126967,0.7232761192606203,"{'C': 0.1, 'solver': 'lbfgs'}","['wav_detail_lvl5_std', 'mfcc_10', 'wav_detail_lvl3_std', 'zcr_mean']",0.5016835016835017,0.5209790209790209,0.4837662337662338,0.6083748852155717,0.6379310344827587,0.6158113730929264,0.6616989567809239,0.6641979454127739,0.8432377049180327,0.8555093555093555,0.8313131313131313,0.8972555271535156
LR,0.6609078712719004,0.6664753324768423,0.6568869806574725,0.7201625190452006,0.7275310995066215,"{'C': 10.0, 'solver': 'lbfgs'}","['wav_detail_lvl5_std', 'wav_detail_lvl3_std', 'spec_centroid']",0.4939550949913644,0.5276752767527675,0.4642857142857143,0.5971583966338703,0.6642335766423357,0.6509298998569385,0.6780923994038748,0.7013215904819516,0.824534942182001,0.8208208208208209,0.8282828282828283,0.8841133114040429
LR,0.6608413840226242,0.6711672894143254,0.6537592947429013,0.7160995429151854,0.7377770657666529,"{'C': 0.1, 'solver': 'lbfgs'}","['mfcc_3', 'wav_detail_lvl5_std', 'wav_detail_lvl3_std', 'zcr_mean', 'spec_centroid']",0.524822695035461,0.578125,0.4805194805194805,0.6589066351588748,0.6271929824561403,0.6154949784791965,0.639344262295082,0.660826298138611,0.8305084745762712,0.8198818897637795,0.8414141414141414,0.8935982640024727
LR,0.6607886177128409,0.6641120746908725,0.659787571262981,0.7216861350939563,0.7173726804985289,"{'C': 0.1, 'solver': 'lbfgs'}","['mfcc_3', 'mfcc_11', 'mfcc_10', 'wav_detail_lvl3_std', 'zcr_mean']",0.5385878489326765,0.5448504983388704,0.5324675324675324,0.630213585739296,0.5824782951854776,0.6191275167785235,0.5499254843517138,0.6197477267235879,0.8612997090203686,0.8283582089552238,0.896969696969697,0.9021567290327029
LR,0.6607062110293549,0.6673366767650849,0.6563121456564079,0.7237176231589639,0.7340967465653893,"{'C': 1.0, 'solver': 'lbfgs'}","['wav_detail_lvl5_std', 'mfcc_10', 'wav_detail_lvl3_std', 'spec_centroid']",0.4912891986062718,0.5300751879699248,0.4577922077922078,0.611350472570178,0.6426512968299711,0.6220362622036262,0.6646795827123696,0.6913006412881176,0.8481781376518218,0.8498985801217038,0.8464646464646465,0.8996391258378722
LR,0.660452160807512,0.6732046013271141,0.6862571854375132,0.7272727272727273,0.7146883562043063,"{'C': 1.0, 'solver': 'lbfgs'}","['mfcc_6', 'mfcc_3', 'mfcc_8', 'mfcc_10']",0.56951871657754,0.48409090909090907,0.6915584415584416,0.5390822289832921,0.5279850746268657,0.7057356608478803,0.4217585692995529,0.6819782486859768,0.8838526912181303,0.8297872340425532,0.9454545454545454,0.92300459094365
LR,0.6602434362338073,0.6660514667813938,0.6560740109920438,0.7120365667851701,0.7248942288548624,"{'C': 1.0, 'solver': 'lbfgs'}","['mfcc_3', 'wav_detail_lvl5_std', 'wav_detail_lvl3_std', 'zcr_mean']",0.5257731958762887,0.5583941605839416,0.4967532467532468,0.6469602335572977,0.6305916305916306,0.6111888111888112,0.6512667660208644,0.6328604041878891,0.8243654822335026,0.8285714285714286,0.8202020202020202,0.8948620488194006
LR,0.6598022779429901,0.6622400360264785,0.6686466538925555,0.7272727272727273,0.7535672229728959,"{'C': 1.0, 'solver': 'lbfgs'}","['mfcc_6', 'mfcc_3', 'mfcc_5', 'mfcc_11', 'mfcc_8', 'mfcc_10', 'spec_centroid']",0.5297619047619048,0.489010989010989,0.577922077922078,0.582897500894406,0.5694915254237288,0.6601178781925344,0.5007451564828614,0.7292605676278301,0.8801534036433365,0.8375912408759124,0.9272727272727272,0.9485436003964518
LR,0.6593528704145944,0.6639383595527851,0.6701830955929317,0.728796343321483,0.7351532713977086,"{'C': 1.0, 'solver': 'lbfgs'}","['mfcc_6', 'mfcc_3', 'mfcc_11', 'mfcc_8', 'mfcc_10', 'spec_centroid']",0.543026706231454,0.5,0.5941558441558441,0.5719520073491008,0.5490877497827976,0.6583333333333333,0.47093889716840537,0.7116379847238571,0.8859441552295315,0.8334817453250223,0.9454545454545454,0.9218698221201675
LR,0.6590661135923349,0.6656862712025106,0.6546144505160899,0.7160995429151854,0.6911080163111714,"{'C': 10.0, 'solver': 'lbfgs'}","['mfcc_10', 'wav_detail_lvl3_std']",0.5095320623916811,0.5464684014869888,0.4772727272727273,0.5899320260114572,0.629842180774749,0.607192254495159,0.65424739195231,0.6246150394831065,0.8378240976105745,0.8433981576253838,0.8323232323232324,0.8587769834389505
LR,0.6589147903766664,0.6653722800529343,0.6552050560247281,0.7145759268664297,0.7135464904765955,"{'C': 0.1, 'solver': 'lbfgs'}","['mfcc_10', 'wav_detail_lvl3_std', 'spec_centroid']",0.5077720207253886,0.5424354243542435,0.4772727272727273,0.5927796111957983,0.634180790960452,0.6026845637583893,0.669150521609538,0.6509442480787727,0.8347915594441585,0.85099685204617,0.8191919191919191,0.8969156121552155
LR,0.6584795360643346,0.6641685002841032,0.6543152051348773,0.7155916708989335,0.7181360830399187,"{'C': 0.1, 'solver': 'lbfgs'}","['mfcc_3', 'mfcc_11', 'wav_detail_lvl5_std', 'mfcc_8', 'mfcc_10', 'wav_detail_lvl3_std']",0.5365025466893039,0.5622775800711743,0.512987012987013,0.6467319215344033,0.5932721712538226,0.609105180533752,0.5782414307004471,0.6048276161515354,0.8456638902498775,0.8211227402473834,0.8717171717171717,0.9028487114338173
LR,0.6584433406188333,0.6650823749085916,0.6538499751614505,0.7191467750126967,0.7302340918369836,"{'C': 10.0, 'solver': 'lbfgs'}","['mfcc_3', 'mfcc_11', 'wav_detail_lvl5_std', 'mfcc_8', 'mfcc_10', 'wav_detail_lvl3_std', 'zcr_mean']",0.5264957264957265,0.555956678700361,0.5,0.6436453563574179,0.5975422427035331,0.6164817749603804,0.5797317436661699,0.6390474565528621,0.8512920526572404,0.822808671065033,0.8818181818181818,0.9080094626006711
LR,0.6583611062182566,0.6659125757179205,0.6532893336172024,0.713052310817674,0.7292161776538929,"{'C': 0.1, 'solver': 'lbfgs'}","['mfcc_11', 'wav_detail_lvl5_std', 'mfcc_8', 'wav_detail_lvl3_std', 'zcr_mean', 'spec_centroid']",0.5104895104895105,0.553030303030303,0.474025974025974,0.6082946965516886,0.6459985580389329,0.6256983240223464,0.6676602086438153,0.6962589937782913,0.8185952501263264,0.8190091001011123,0.8181818181818182,0.8830948426316988
LR,0.658238435308499,0.6638624010371771,0.6541701164651984,0.7191467750126967,0.7255979528033226,"{'C': 0.1, 'solver': 'lbfgs'}","['mfcc_3', 'wav_detail_lvl5_std', 'mfcc_8', 'mfcc_10', 'zcr_mean']",0.5238095238095238,0.55,0.5,0.6400785048151314,0.5974025974025974,0.6128526645768025,0.5827123695976155,0.6334806007877877,0.8535031847133758,0.8287345385347288,0.8797979797979798,0.9032347528070492
LR,0.6581666501189128,0.6635726445916211,0.6762247770444492,0.7262569832402235,0.7069361827011598,"{'C': 0.1, 'solver': 'lbfgs'}","['mfcc_6', 'mfcc_5', 'mfcc_8']",0.5120643431635389,0.4360730593607306,0.6201298701298701,0.4830828322464035,0.5726795096322241,0.6942675159235668,0.4873323397913562,0.7070520809856199,0.8897560975609756,0.8603773584905661,0.9212121212121213,0.9306736348714557
LR,0.6580637592285643,0.6552395014966667,0.6711080358621343,0.7166074149314373,0.7097458640527923,"{'C': 0.1, 'solver': 'lbfgs'}","['mfcc_3', 'mfcc_11', 'mfcc_8', 'mfcc_10', 'zcr_mean', 'spec_centroid']",0.5496402877697841,0.4935400516795866,0.6201298701298701,0.5883488176447021,0.5564784053156147,0.6285178236397748,0.4992548435171386,0.6325294970773918,0.8680725846002942,0.8436606291706387,0.8939393939393939,0.9083592774362826
LR,0.6578821829680513,0.6556614534363066,0.668251208415143,0.718638902996445,0.7063556769237841,"{'C': 0.1, 'solver': 'lbfgs'}","['mfcc_3', 'mfcc_8', 'mfcc_10', 'zcr_mean', 'spec_centroid']",0.5350877192982456,0.4867021276595745,0.5941558441558441,0.5713443183255014,0.569078947368421,0.634862385321101,0.5156482861400894,0.638823958063241,0.8694798822374877,0.8454198473282443,0.8949494949494949,0.9088987543826099
LR,0.657753461844072,0.6602719650042298,0.6568992028008421,0.7196546470289487,0.7222993791367606,"{'C': 0.1, 'solver': 'lbfgs'}","['mfcc_3', 'mfcc_8', 'mfcc_10', 'wav_detail_lvl3_std', 'zcr_mean']",0.5237315875613748,0.528052805280528,0.5194805194805194,0.614227396192542,0.5915492957746479,0.6227347611202636,0.563338301043219,0.6489249611543225,0.8579795021961932,0.830028328611898,0.8878787878787879,0.9037457800634172
LR,0.6577402884311331,0.6619733649052314,0.6546353464386252,0.7155916708989335,0.7181080514761772,"{'C': 1.0, 'solver': 'lbfgs'}","['mfcc_3', 'wav_detail_lvl5_std', 'mfcc_8', 'mfcc_10', 'wav_detail_lvl3_std']",0.5302013422818792,0.5486111111111112,0.512987012987013,0.641843424528441,0.5972434915773354,0.6141732283464567,0.5812220566318927,0.607063712848466,0.8457760314341847,0.8231357552581262,0.8696969696969697,0.9054170170516245
LR,0.6577373495465716,0.6612151752669396,0.6558169517185911,0.7191467750126967,0.7215652297540803,"{'C': 0.1, 'solver': 'lbfgs'}","['mfcc_3', 'mfcc_11', 'mfcc_8', 'mfcc_10', 'wav_detail_lvl3_std', 'zcr_mean']",0.527363184079602,0.5389830508474577,0.5162337662337663,0.6142464079919923,0.5878693623639192,0.6146341463414634,0.563338301043219,0.6473378520340762,0.8579795021961932,0.830028328611898,0.8878787878787879,0.9031114292361727
LR,0.6572071209994025,0.6550153748349712,0.6711411539280392,0.7176231589639411,0.7393810189127725,"{'C': 10.0, 'solver': 'lbfgs'}","['mfcc_3', 'mfcc_5', 'mfcc_11', 'mfcc_10', 'zcr_mean', 'spec_centroid']",0.5449358059914408,0.4860050890585242,0.6201298701298701,0.618787025691524,0.5544388609715243,0.6328871892925431,0.4932935916542474,0.6758296001772844,0.8722466960352423,0.8461538461538461,0.9,0.9235264308695094
LR,0.6570353258753953,0.6629331816542993,0.6524038196169344,0.7140680548501778,0.7136880225553447,"{'C': 0.1, 'solver': 'lbfgs'}","['mfcc_3', 'wav_detail_lvl5_std', 'mfcc_10']",0.5273972602739726,0.5579710144927537,0.5,0.6448877200065125,0.6002994011976048,0.6030075187969924,0.5976154992548435,0.6150730828712084,0.8434093161546086,0.8278210116731517,0.8595959595959596,0.8811032647883132
LR,0.6570336195932064,0.6623002209290308,0.6534253542450265,0.7176231589639411,0.7270074815106956,"{'C': 1.0, 'solver': 'lbfgs'}","['mfcc_3', 'wav_detail_lvl5_std', 'mfcc_8', 'mfcc_10', 'wav_detail_lvl3_std', 'zcr_mean']",0.5236486486486487,0.545774647887324,0.5032467532467533,0.6379527525214965,0.5978428351309707,0.6188197767145136,0.5782414307004471,0.6349197674604761,0.849609375,0.8223062381852552,0.8787878787878788,0.9081499245501141
LR,0.6570011405475324,0.658997038689071,0.6553264889330463,0.707465718638903,0.7162909325369756,"{'C': 10.0, 'solver': 'lbfgs'}","['mfcc_11', 'wav_detail_lvl5_std', 'mfcc_8', 'mfcc_10', 'wav_detail_lvl3_std', 'zcr_mean']",0.5339966832504146,0.5457627118644067,0.5227272727272727,0.6302446037596356,0.6057059253840527,0.5948275862068966,0.61698956780924,0.6141489610194848,0.8313008130081301,0.83640081799591,0.8262626262626263,0.9044792328318066
LR,0.656992089842039,0.6585026120473524,0.6567963002389231,0.7150837988826816,0.715986745905511,"{'C': 1.0, 'solver': 'lbfgs'}","['mfcc_3', 'mfcc_11', 'mfcc_8', 'mfcc_10', 'wav_detail_lvl3_std']",0.5365853658536586,0.5374592833876222,0.5357142857142857,0.623257737711517,0.5814497272018706,0.6094771241830066,0.555886736214605,0.6249155171518505,0.8529411764705882,0.8285714285714286,0.8787878787878788,0.8997869828531657
LR,0.6569752908662502,0.6640761745725664,0.6528812717337308,0.7120365667851701,0.7079242886341294,"{'C': 1.0, 'solver': 'lbfgs'}","['mfcc_11', 'mfcc_10', 'wav_detail_lvl3_std', 'spec_centroid']",0.5095320623916811,0.5464684014869888,0.4772727272727273,0.598173943554078,0.6272022551092319,0.5949197860962567,0.6631892697466468,0.6304188398729665,0.8341915550978373,0.8508403361344538,0.8181818181818182,0.8951800824753438
LR,0.6568886445924089,0.659706651261615,0.6559624346509593,0.7084814626714068,0.7205368812706482,"{'C': 10.0, 'solver': 'lbfgs'}","['wav_detail_lvl5_std', 'wav_detail_lvl3_std', 'zcr_mean']",0.5042016806722689,0.5226480836236934,0.487012987012987,0.5965920383204217,0.6581740976645435,0.6266846361185984,0.6929955290611028,0.6754505399867071,0.8082901554404145,0.8297872340425532,0.7878787878787878,0.8895680655048158
LR,0.6568436747130476,0.6573269309869986,0.6564245105228711,0.7100050787201625,0.709250213800948,"{'C': 0.1, 'solver': 'lbfgs'}","['mfcc_11', 'wav_detail_lvl5_std', 'mfcc_8', 'mfcc_10', 'wav_detail_lvl3_std']",0.5228758169934641,0.5263157894736842,0.5194805194805194,0.6275912329546917,0.6125461254612546,0.6067251461988304,0.6184798807749627,0.5954131538578629,0.8351090816844241,0.8389398572884812,0.8313131313131313,0.9047462545902897
LR,0.6568105850982542,0.6615058247985889,0.6530945678486662,0.7140680548501778,0.7132869623259385,"{'C': 1.0, 'solver': 'lbfgs'}","['mfcc_3', 'wav_detail_lvl5_std', 'mfcc_10', 'wav_detail_lvl3_std']",0.5279187817258884,0.5512367491166078,0.5064935064935064,0.6417110184721507,0.5986394557823129,0.6073619631901841,0.5901639344262295,0.6186776523426698,0.8438735177865613,0.8259187620889749,0.8626262626262626,0.8794722161629949
LR,0.6566529415726419,0.6618463504443649,0.652472027062191,0.7049263585576435,0.7240517095087352,"{'C': 0.1, 'solver': 'lbfgs'}","['mfcc_3', 'mfcc_11', 'wav_detail_lvl5_std', 'mfcc_8', 'wav_detail_lvl3_std', 'zcr_mean']",0.5417376490630323,0.5698924731182796,0.5162337662337663,0.6472892059354983,0.6090775988286969,0.5985611510791367,0.6199701937406855,0.6336174036113777,0.8191435768261964,0.8170854271356784,0.8212121212121212,0.89124851897933
LR,0.6564694834874889,0.6625059842266271,0.653025571878031,0.7100050787201625,0.7062346136439533,"{'C': 0.1, 'solver': 'lbfgs'}","['mfcc_10', 'wav_detail_lvl3_std', 'zcr_mean']",0.5120274914089347,0.5437956204379562,0.4837662337662338,0.5906926589064495,0.6280875088214538,0.596514745308311,0.6631892697466468,0.634741541492943,0.8292934502320783,0.8472075869336143,0.8121212121212121,0.8932696405324675
LR,0.6562995876421911,0.6645491061294848,0.6519243961866913,0.7135601828339259,0.7313015328666618,"{'C': 0.1, 'solver': 'lbfgs'}","['wav_detail_lvl5_std', 'mfcc_10', 'zcr_mean', 'spec_centroid']",0.4982456140350877,0.5419847328244275,0.461038961038961,0.6041371284932372,0.6395511921458625,0.6039735099337749,0.6795827123695977,0.7042098069995064,0.831101956745623,0.8476890756302521,0.8151515151515152,0.8855576631072418
LR,0.6561514917660247,0.6596674259459354,0.6540415868284721,0.7084814626714068,0.7039660524672978,"{'C': 0.1, 'solver': 'lbfgs'}","['mfcc_11', 'wav_detail_lvl5_std', 'wav_detail_lvl3_std']",0.5076142131979695,0.5300353356890459,0.487012987012987,0.6066705454802824,0.6485325697924124,0.6239669421487604,0.6751117734724292,0.661607396073155,0.8123076923076923,0.825,0.8,0.8436202158484563
LR,0.6559062827155457,0.6530497126109596,0.6671366277923655,0.7155916708989335,0.7277562715946551,"{'C': 10.0, 'solver': 'lbfgs'}","['mfcc_3', 'mfcc_5', 'mfcc_8', 'zcr_mean', 'spec_centroid']",0.532561505065123,0.4804177545691906,0.5974025974025974,0.5648930113729717,0.5688524590163935,0.6320582877959927,0.5171385991058122,0.6820490543925496,0.8663048840651209,0.8466730954676953,0.8868686868686869,0.9363267490184439
LR,0.6557745336577453,0.6578649488383851,0.654119256578273,0.712544438801422,0.6968771065048763,"{'C': 0.1, 'solver': 'lbfgs'}","['wav_detail_lvl5_std', 'mfcc_10', 'wav_detail_lvl3_std']",0.5033333333333333,0.5171232876712328,0.4902597402597403,0.6064132761514722,0.6306569343065693,0.6180257510729614,0.6438152011922503,0.6324079182828939,0.8333333333333334,0.8384458077709611,0.8282828282828283,0.8518101250802631
LR,0.6556108712839751,0.662943231787453,0.6511043297928544,0.7191467750126967,0.7205765171597287,"{'C': 1.0, 'solver': 'lbfgs'}","['wav_detail_lvl5_std', 'wav_detail_lvl3_std', 'zcr_mean', 'spec_centroid']",0.47266313932980597,0.5173745173745173,0.43506493506493504,0.5848871997597073,0.670995670995671,0.6503496503496503,0.6929955290611028,0.6907679616416809,0.8231738035264483,0.821105527638191,0.8252525252525252,0.8860743900777979
LR,0.6552535941111738,0.6554245294861496,0.6552212207949912,0.707465718638903,0.7153806737338195,"{'C': 0.1, 'solver': 'lbfgs'}","['wav_detail_lvl5_std', 'mfcc_8', 'mfcc_10', 'wav_detail_lvl3_std', 'zcr_mean']",0.5211726384364821,0.5228758169934641,0.5194805194805194,0.6192257127826215,0.6138032305433186,0.6049204052098408,0.6229508196721312,0.6198161962505342,0.8307849133537207,0.838477366255144,0.8232323232323232,0.9071001121683031
LR,0.6552054022455651,0.6549727735469552,0.6554865595849203,0.707465718638903,0.7096407186475693,"{'C': 0.1, 'solver': 'lbfgs'}","['wav_detail_lvl5_std', 'mfcc_8', 'mfcc_10', 'wav_detail_lvl3_std']",0.5218800648298217,0.5210355987055016,0.5227272727272727,0.6218923952523195,0.6134515890613451,0.6085043988269795,0.6184798807749627,0.6003616972457552,0.8302845528455285,0.8353783231083844,0.8252525252525252,0.906668063444633
LR,0.655059161109063,0.661391722556772,0.6743264021952546,0.7237176231589639,0.7006232950153234,"{'C': 0.1, 'solver': 'lbfgs'}","['mfcc_6', 'mfcc_5', 'mfcc_8', 'mfcc_10']",0.5092838196286472,0.4304932735426009,0.6233766233766234,0.47396865845088804,0.5661375661375662,0.693304535637149,0.4783904619970194,0.6974072718498924,0.8897560975609756,0.8603773584905661,0.9212121212121213,0.9304939547451895
LR,0.6545026770436606,0.6510269405905079,0.6655402581632089,0.7155916708989335,0.7310433731827096,"{'C': 1.0, 'solver': 'lbfgs'}","['mfcc_3', 'mfcc_5', 'mfcc_11', 'mfcc_8', 'zcr_mean', 'spec_centroid']",0.5223665223665224,0.4701298701298701,0.5876623376623377,0.570391889556776,0.5698051948051948,0.6256684491978609,0.5230998509687034,0.6829829893658522,0.8713363139592648,0.8572825024437928,0.8858585858585859,0.9397552406255003
LR,0.6541993360592427,0.6582892249382176,0.6518908838580969,0.7049263585576435,0.706143385469879,"{'C': 1.0, 'solver': 'lbfgs'}","['mfcc_11', 'mfcc_10', 'wav_detail_lvl3_std', 'zcr_mean']",0.5218855218855218,0.541958041958042,0.5032467532467533,0.5995129446058528,0.6109142452161588,0.5824324324324325,0.6423248882265276,0.6357090805552894,0.8297982410760476,0.8504772004241782,0.8101010101010101,0.8832081312484944
LR,0.6532952956567709,0.6629143765139033,0.6465939646267516,0.7089893346876587,0.734878795181494,"{'C': 10.0, 'solver': 'lbfgs'}","['mfcc_3', 'wav_detail_lvl5_std', 'wav_detail_lvl3_std', 'spec_centroid']",0.5159010600706714,0.5658914728682171,0.474025974025974,0.6474390774760398,0.6206896551724138,0.611271676300578,0.6304023845007451,0.6748753480373247,0.8232951717272274,0.8115799803729146,0.8353535353535354,0.8823219600311175
LR,0.653183562863728,0.6543120709776025,0.6533729173073435,0.713052310817674,0.7181605404593654,"{'C': 0.1, 'solver': 'lbfgs'}","['mfcc_3', 'mfcc_8', 'mfcc_10', 'wav_detail_lvl3_std']",0.5242718446601942,0.5225806451612903,0.525974025974026,0.620804432033573,0.5834633385335414,0.6121112929623568,0.5573770491803278,0.6324966397260483,0.8518155053974484,0.8282442748091603,0.8767676767676768,0.9011805496184746
LR,0.6529317321185241,0.6574659150102672,0.6504553734061931,0.7034027425088878,0.7205552922164563,"{'C': 0.1, 'solver': 'lbfgs'}","['mfcc_11', 'mfcc_8', 'mfcc_10', 'wav_detail_lvl3_std', 'zcr_mean', 'spec_centroid']",0.5202702702702703,0.5422535211267606,0.5,0.6031011937196443,0.6115819209039548,0.5812080536912752,0.6453055141579732,0.6498118941445303,0.8269430051813471,0.8489361702127659,0.806060606060606,0.9087527887851944
LR,0.6525062290582818,0.6625566377842621,0.6453307469700912,0.6922295581513459,0.7148258513001746,"{'C': 1.0, 'solver': 'lbfgs'}","['mfcc_3', 'mfcc_11', 'wav_detail_lvl5_std', 'zcr_mean']",0.5674255691768827,0.6159695817490495,0.525974025974026,0.6686754770545198,0.5890804597701149,0.5686546463245492,0.6110283159463488,0.5961243512139786,0.8010126582278481,0.8030456852791878,0.798989898989899,0.8796777256320256
LR,0.6524265269953918,0.6534885016548077,0.6523892318974287,0.702386998476384,0.7267366618926486,"{'C': 1.0, 'solver': 'lbfgs'}","['mfcc_8', 'mfcc_10', 'wav_detail_lvl3_std', 'zcr_mean', 'spec_centroid']",0.5204582651391162,0.5247524752475248,0.5162337662337663,0.5999099629633389,0.6098783106657122,0.5867768595041323,0.6348733233979136,0.6720391216200289,0.8269430051813471,0.8489361702127659,0.806060606060606,0.9082609010945786
LR,0.6524191274337371,0.6560137576684482,0.6511189175123601,0.6993397663788725,0.7039609048405208,"{'C': 1.0, 'solver': 'lbfgs'}","['mfcc_11', 'wav_detail_lvl5_std', 'mfcc_10']",0.5250836120401338,0.5413793103448276,0.5097402597402597,0.6145158920851128,0.6179775280898876,0.5843293492695883,0.6557377049180327,0.6283928546801987,0.81419624217119,0.8423326133909287,0.7878787878787878,0.8689739677562508
LR,0.6522330557173969,0.6586905200433623,0.6492158115108936,0.7059421025901473,0.7274675414313944,"{'C': 0.1, 'solver': 'lbfgs'}","['wav_detail_lvl5_std', 'mfcc_10', 'spec_centroid']",0.5025817555938038,0.5347985347985348,0.474025974025974,0.5994539058317317,0.6304044630404463,0.5923984272608126,0.6736214605067065,0.6880179043502607,0.8237129485179407,0.8488745980707395,0.8,0.894930814112191
LR,0.652187146777274,0.6563159461284305,0.6567529313430953,0.7328593194514982,0.6705358578201795,"{'C': 0.1, 'solver': 'lbfgs'}","['mfcc_6', 'mfcc_5', 'mfcc_11', 'mfcc_10', 'zcr_mean', 'spec_centroid']",0.46646341463414637,0.4396551724137931,0.4967532467532468,0.4850014419149891,0.5936454849498328,0.6761904761904762,0.5290611028315947,0.6087380528386543,0.8964525407478428,0.8531021897810219,0.9444444444444444,0.9178680787068955
LR,0.6521054600212238,0.6629525552984837,0.6793248645707662,0.7176231589639411,0.7244311005034545,"{'C': 1.0, 'solver': 'lbfgs'}","['mfcc_6', 'mfcc_3', 'spec_centroid']",0.5691489361702128,0.481981981981982,0.6948051948051948,0.584227284986907,0.5125815470643057,0.6840796019900498,0.4098360655737705,0.6737527502077076,0.8745858968291529,0.8227960819234195,0.9333333333333333,0.9153132663157489
LR,0.6519058212998371,0.6504974469289936,0.66833715768142,0.7150837988826816,0.7301388804290881,"{'C': 1.0, 'solver': 'lbfgs'}","['mfcc_3', 'mfcc_5', 'mfcc_11', 'mfcc_8', 'spec_centroid']",0.5298196948682385,0.46246973365617433,0.6201298701298701,0.5595865108848155,0.5486875529212532,0.6352941176470588,0.4828614008941878,0.6872584150811589,0.8772102161100196,0.8537284894837476,0.902020202020202,0.94357171532129
LR,0.6517074715050216,0.6586801766293684,0.6487911905944692,0.7044184865413916,0.7252296785673273,"{'C': 1.0, 'solver': 'lbfgs'}","['mfcc_11', 'wav_detail_lvl5_std', 'mfcc_8', 'mfcc_10', 'zcr_mean', 'spec_centroid']",0.5051546391752577,0.5364963503649635,0.4772727272727273,0.6226978437958416,0.623789764868603,0.5819354838709677,0.6721311475409836,0.6474933798537068,0.8261780104712042,0.8576086956521739,0.796969696969697,0.905497812052434
LR,0.6507392213304585,0.6527365154816135,0.6507325400768024,0.6973082783138649,0.7124908256265807,"{'C': 0.1, 'solver': 'lbfgs'}","['mfcc_11', 'wav_detail_lvl5_std', 'mfcc_8', 'wav_detail_lvl3_std', 'zcr_mean']",0.5190082644628099,0.5286195286195287,0.5097402597402597,0.6130779428765146,0.6286116983791402,0.5962566844919787,0.6646795827123696,0.6413841032822487,0.8045977011494253,0.8333333333333334,0.7777777777777778,0.883010430720979
LR,0.6505258314133106,0.6566772911090869,0.6466755770034459,0.7064499746063991,0.7255586520182287,"{'C': 10.0, 'solver': 'lbfgs'}","['wav_detail_lvl5_std', 'mfcc_8', 'wav_detail_lvl3_std', 'zcr_mean', 'spec_centroid']",0.49566724436741766,0.5315985130111525,0.4642857142857143,0.5987061213260402,0.64,0.6145404663923183,0.6676602086438153,0.6842222818964864,0.815910249872514,0.82389289392379,0.8080808080808081,0.8937475528321595
LR,0.6503551028034317,0.6615925910368271,0.6781878109746963,0.7171152869476892,0.7267472038353465,"{'C': 1.0, 'solver': 'lbfgs'}","['mfcc_6', 'mfcc_3']",0.5691489361702128,0.481981981981982,0.6948051948051948,0.5808901982813107,0.5056179775280899,0.6801007556675063,0.40238450074515647,0.6845497710904038,0.8762983947119924,0.8226950354609929,0.9373737373737374,0.9148016421343251
LR,0.6502440430764561,0.6542843395175707,0.6473146768228736,0.7003555104113763,0.722137020253554,"{'C': 0.1, 'solver': 'lbfgs'}","['mfcc_3', 'wav_detail_lvl5_std', 'mfcc_8', 'wav_detail_lvl3_std', 'zcr_mean']",0.5211505922165821,0.5441696113074205,0.5,0.6401442913370774,0.6142754145638067,0.5949720670391061,0.6348733233979136,0.6318493485686214,0.8153061224489796,0.8237113402061855,0.807070707070707,0.8944174208549632
LR,0.6502108597256444,0.6557357882949487,0.6480456398489185,0.7044184865413916,0.7305143584940857,"{'C': 1.0, 'solver': 'lbfgs'}","['wav_detail_lvl5_std', 'mfcc_8', 'mfcc_10', 'zcr_mean', 'spec_centroid']",0.49744463373083475,0.5232974910394266,0.474025974025974,0.6122256574368986,0.627260083449235,0.5880052151238592,0.6721311475409836,0.6733633524443962,0.8259278619968635,0.8559046587215602,0.797979797979798,0.9059540656009625
LR,0.6496157199958384,0.6533850784510825,0.6473339956946514,0.7039106145251397,0.730464831383521,"{'C': 10.0, 'solver': 'lbfgs'}","['wav_detail_lvl5_std', 'mfcc_8', 'wav_detail_lvl3_std', 'spec_centroid']",0.49830508474576274,0.5212765957446809,0.4772727272727273,0.6064470543488305,0.6347390993566834,0.6098901098901099,0.6616989567809239,0.689670750960715,0.8158029758850692,0.8289885297184567,0.803030303030303,0.8952766888410175
LR,0.6495146111171691,0.6492140641396184,0.6665432624449017,0.7140680548501778,0.7277477245779291,"{'C': 1.0, 'solver': 'lbfgs'}","['mfcc_3', 'mfcc_5', 'mfcc_11', 'mfcc_8', 'mfcc_10', 'spec_centroid']",0.5283540802213001,0.4602409638554217,0.6201298701298701,0.5514652816530695,0.5428082191780822,0.6378269617706237,0.47242921013412814,0.6870147319947291,0.877381533952125,0.8495742667928098,0.907070707070707,0.9447631600859887
LR,0.6489306758583836,0.6573589982140015,0.6450318958515681,0.7003555104113763,0.7246954321587649,"{'C': 0.1, 'solver': 'lbfgs'}","['mfcc_11', 'wav_detail_lvl5_std', 'mfcc_10', 'spec_centroid']",0.5078260869565218,0.5468164794007491,0.474025974025974,0.6139928151007957,0.6205943331029716,0.5786082474226805,0.669150521609538,0.6659158055218106,0.8183716075156576,0.8466522678185745,0.7919191919191919,0.894177675853688
LR,0.6486600793704326,0.6566936606362156,0.6426860328499672,0.6912138141188421,0.715857813747049,"{'C': 0.1, 'solver': 'lbfgs'}","['mfcc_3', 'mfcc_11', 'wav_detail_lvl5_std', 'mfcc_8', 'zcr_mean']",0.5545927209705372,0.5947955390334573,0.5194805194805194,0.6587376637665122,0.588150289017341,0.5708274894810659,0.6065573770491803,0.6091328317073025,0.8032372281234194,0.8044579533941236,0.802020202020202,0.8797029457673325
LR,0.6485178481514527,0.6567699050115455,0.6735047587506604,0.7155916708989335,0.7178952526023418,"{'C': 1.0, 'solver': 'lbfgs'}","['mfcc_6', 'mfcc_3', 'mfcc_10']",0.5621621621621622,0.48148148148148145,0.6753246753246753,0.5500935381540369,0.5069124423963134,0.6642512077294686,0.4098360655737705,0.6810218824247529,0.8764789398958827,0.8245770258236865,0.9353535353535354,0.9225703372282356
LR,0.647151891934218,0.6521248880923071,0.6786857647513385,0.7079735906551549,0.6794974241114439,"{'C': 0.1, 'solver': 'lbfgs'}","['mfcc_5', 'mfcc_11', 'mfcc_8', 'mfcc_10']",0.5325153374233129,0.4280078895463511,0.7045454545454546,0.4650385804093591,0.5289403383793411,0.6570796460176991,0.4426229508196721,0.6551403671279512,0.88,0.8712871287128713,0.8888888888888888,0.9183133247970213
LR,0.6471070231834365,0.6510917016045902,0.6459580189088386,0.6932453021838497,0.7171266106580254,"{'C': 0.1, 'solver': 'lbfgs'}","['mfcc_11', 'mfcc_8', 'mfcc_10', 'wav_detail_lvl3_std', 'spec_centroid']",0.5233333333333333,0.5376712328767124,0.5097402597402597,0.5947858125314552,0.6034843205574912,0.5667539267015707,0.6453055141579732,0.6506884491037886,0.814503415659485,0.8488499452354874,0.7828282828282829,0.9059055703388323
LR,0.6470857811469575,0.6559264906931214,0.6409587680079484,0.6998476383951244,0.7346674509252767,"{'C': 0.1, 'solver': 'lbfgs'}","['mfcc_3', 'wav_detail_lvl5_std', 'mfcc_8', 'wav_detail_lvl3_std', 'zcr_mean', 'spec_centroid']",0.5166959578207382,0.5632183908045977,0.4772727272727273,0.6472166307318163,0.6092619392185239,0.5921237693389592,0.6274217585692996,0.6618779595994845,0.8152994464016105,0.8124373119358074,0.8181818181818182,0.8949077624445297
LR,0.6469777072096131,0.6489310803763152,0.6658324068160134,0.7120365667851701,0.721162147649708,"{'C': 1.0, 'solver': 'lbfgs'}","['mfcc_3', 'mfcc_5', 'mfcc_8', 'spec_centroid']",0.53077975376197,0.458628841607565,0.6298701298701299,0.5252985355731217,0.5362445414847161,0.6476793248945147,0.45752608047690013,0.7011394230281225,0.8739088263821533,0.8404850746268657,0.9101010101010101,0.9370484843478797
LR,0.646351650866867,0.646199964127011,0.6692258257832028,0.706957846622651,0.6904875798636346,"{'C': 0.1, 'solver': 'lbfgs'}","['mfcc_3', 'mfcc_11', 'mfcc_8', 'mfcc_10', 'spec_centroid']",0.5503355704697986,0.4691075514874142,0.6655844155844156,0.5258867263878964,0.5209790209790209,0.6300211416490487,0.44411326378539495,0.6333042414862577,0.8677403611517813,0.8394711992445704,0.897979797979798,0.91227177171675
LR,0.6462492772616275,0.6540819010255192,0.6671697458582705,0.7155916708989335,0.7173827307081565,"{'C': 0.1, 'solver': 'lbfgs'}","['mfcc_6', 'mfcc_3', 'mfcc_10', 'spec_centroid']",0.5469613259668509,0.47596153846153844,0.6428571428571429,0.5518020830181457,0.5141294439380127,0.6619718309859155,0.4202682563338301,0.6776032671645065,0.8776570618800189,0.8243123336291038,0.9383838383838384,0.9227428419418177
LR,0.645943041454217,0.6486510737884698,0.6647667147667148,0.7120365667851701,0.7205629631122408,"{'C': 0.1, 'solver': 'lbfgs'}","['mfcc_3', 'mfcc_5', 'mfcc_8', 'mfcc_10', 'spec_centroid']",0.5280437756497948,0.4562647754137116,0.6266233766233766,0.5219349043392569,0.5350877192982456,0.650319829424307,0.45454545454545453,0.7017507339856632,0.8746976294146106,0.8393686165273909,0.9131313131313131,0.9380032510118022
LR,0.645620068277034,0.6598000997031047,0.6360498032629179,0.6871508379888268,0.7313840829984062,"{'C': 0.1, 'solver': 'lbfgs'}","['mfcc_3', 'mfcc_11', 'wav_detail_lvl5_std', 'zcr_mean', 'spec_centroid']",0.5601436265709157,0.6265060240963856,0.5064935064935064,0.6751603716432273,0.5803183791606368,0.5639943741209564,0.5976154992548435,0.6377524276200944,0.7963981990995498,0.7888999008919723,0.804040404040404,0.8812394497318969
LR,0.6452479102959569,0.6474999669584305,0.6638165416853942,0.7089893346876587,0.697794889348249,"{'C': 0.1, 'solver': 'lbfgs'}","['mfcc_6', 'mfcc_5', 'mfcc_8', 'zcr_mean']",0.5120643431635389,0.4360730593607306,0.6201298701298701,0.4860636291700316,0.5548833189282627,0.6604938271604939,0.4783904619970194,0.6682592546369671,0.8687960687960687,0.845933014354067,0.8929292929292929,0.9390617842377483
LR,0.6450812551269031,0.6464630230300433,0.645727375235572,0.6912138141188421,0.7271552654433848,"{'C': 0.1, 'solver': 'lbfgs'}","['mfcc_8', 'mfcc_10', 'wav_detail_lvl3_std', 'spec_centroid']",0.5211726384364821,0.5228758169934641,0.5194805194805194,0.591277287222989,0.6004228329809725,0.56951871657754,0.6348733233979136,0.68468438137088,0.8136482939632546,0.8469945355191257,0.7828282828282829,0.9055041277362855
LR,0.6447873484237873,0.651760618294151,0.6393288860501976,0.6912138141188421,0.6999901483198299,"{'C': 10.0, 'solver': 'lbfgs'}","['mfcc_3', 'mfcc_11', 'wav_detail_lvl5_std', 'wav_detail_lvl3_std']",0.5413793103448276,0.5772058823529411,0.5097402597402597,0.6526468829355183,0.5873715124816447,0.5788712011577424,0.5961251862891207,0.5945616087183362,0.8056112224448898,0.7992047713717694,0.8121212121212121,0.8527619533056348
LR,0.6445166653677292,0.6486933893586571,0.6485751346407084,0.728796343321483,0.6587111461948303,"{'C': 0.1, 'solver': 'lbfgs'}","['mfcc_6', 'mfcc_5', 'mfcc_10', 'zcr_mean', 'spec_centroid']",0.44072948328267475,0.4142857142857143,0.4707792207792208,0.4528573059337923,0.5966666666666667,0.6767485822306238,0.533532041728763,0.595235705585807,0.8961538461538462,0.8550458715596331,0.9414141414141414,0.9280404270648915
LR,0.6443820625456178,0.6471733695168921,0.643954375921589,0.6907059421025902,0.7128488089588364,"{'C': 1.0, 'solver': 'lbfgs'}","['mfcc_11', 'wav_detail_lvl5_std', 'mfcc_10', 'zcr_mean']",0.5190082644628099,0.5286195286195287,0.5097402597402597,0.6149321333643597,0.6040644709180099,0.5701058201058201,0.6423248882265276,0.6424621282126208,0.8100734522560336,0.8427947598253275,0.7797979797979798,0.8811521652995283
LR,0.6443100306036852,0.6468484273944869,0.6728490998982801,0.7054342305738954,0.6753600890068835,"{'C': 0.1, 'solver': 'lbfgs'}","['mfcc_5', 'mfcc_11', 'mfcc_8', 'mfcc_10', 'zcr_mean']",0.5301507537688442,0.4323770491803279,0.685064935064935,0.4580936110781443,0.5264084507042254,0.6430107526881721,0.4456035767511177,0.6507812233957553,0.8763708873379861,0.8651574803149606,0.8878787878787879,0.9172054325467507
LR,0.6441083912528894,0.6501521185042383,0.6808041381811875,0.7079735906551549,0.7028334229496632,"{'C': 0.1, 'solver': 'lbfgs'}","['mfcc_3', 'mfcc_5', 'mfcc_8', 'mfcc_10']",0.5728643216080402,0.4672131147540984,0.7402597402597403,0.5124781717093713,0.48186046511627906,0.6410891089108911,0.3859910581222057,0.6582331834414441,0.8776003870343493,0.8421541318477251,0.9161616161616162,0.9377889136981743
LR,0.6437225639712386,0.6416942110337959,0.6627863332781366,0.7054342305738954,0.7339157803108082,"{'C': 1.0, 'solver': 'lbfgs'}","['mfcc_3', 'mfcc_5', 'zcr_mean', 'spec_centroid']",0.5384615384615384,0.4666666666666667,0.6363636363636364,0.601048283088898,0.523524379811805,0.6144578313253012,0.45603576751117736,0.6738011930371556,0.8691817736403724,0.8439581351094196,0.895959595959596,0.9268978648063708
LR,0.6437170767231897,0.6452425947665631,0.6444192116323264,0.7267648552564754,0.7063403768799265,"{'C': 0.1, 'solver': 'lbfgs'}","['mfcc_6', 'mfcc_5', 'mfcc_8', 'mfcc_10', 'zcr_mean', 'spec_centroid']",0.416403785488959,0.4049079754601227,0.42857142857142855,0.4844180721163387,0.6334913112164297,0.6739495798319328,0.5976154992548435,0.6933981351114167,0.8812561334641805,0.8568702290076335,0.907070707070707,0.941204923412024
LR,0.6436780747495363,0.6416264116476431,0.6465214202919122,0.6866429659725749,0.7077931249150318,"{'C': 0.1, 'solver': 'lbfgs'}","['mfcc_11', 'mfcc_8', 'mfcc_10', 'wav_detail_lvl3_std', 'zcr_mean']",0.5434439178515008,0.5292307692307693,0.5584415584415584,0.5967584722873089,0.5739257101238164,0.5612535612535613,0.587183308494784,0.6275132538073378,0.8136645962732919,0.8343949044585988,0.793939393939394,0.8991076486504486
LR,0.6430554075160341,0.640682766840388,0.657300562218595,0.7084814626714068,0.7173251082422256,"{'C': 1.0, 'solver': 'lbfgs'}","['mfcc_3', 'mfcc_11', 'mfcc_10', 'zcr_mean', 'spec_centroid']",0.5234708392603129,0.46582278481012657,0.5974025974025974,0.6318352700597891,0.5294117647058824,0.6069364161849711,0.46944858420268254,0.6161354644779017,0.8762836185819071,0.8492890995260663,0.9050505050505051,0.9040045901889864
LR,0.6430177051409082,0.6466585905559167,0.6415568645076842,0.6922295581513459,0.7100079461617428,"{'C': 1.0, 'solver': 'lbfgs'}","['wav_detail_lvl5_std', 'mfcc_10', 'zcr_mean']",0.509212730318258,0.5259515570934256,0.4935064935064935,0.5960140118919608,0.6090014064697609,0.5765645805592543,0.6453055141579732,0.6455968409675565,0.8108389786347056,0.83745963401507,0.7858585858585858,0.888412985625711
LR,0.6430107418322054,0.6457502206011935,0.6621661580677974,0.707465718638903,0.6940370602455802,"{'C': 0.1, 'solver': 'lbfgs'}","['mfcc_6', 'mfcc_5', 'mfcc_8', 'mfcc_10', 'zcr_mean']",0.5093333333333333,0.4321266968325792,0.6201298701298701,0.47929964001924963,0.5503472222222222,0.659043659043659,0.47242921013412814,0.6639121962229194,0.869351669941061,0.8460803059273423,0.8939393939393939,0.9388993444945716
LR,0.6429907824659634,0.6478679749804055,0.6389764152059234,0.6886744540375825,0.7028575659157372,"{'C': 1.0, 'solver': 'lbfgs'}","['mfcc_3', 'mfcc_11', 'wav_detail_lvl5_std', 'mfcc_8', 'wav_detail_lvl3_std']",0.5398981324278438,0.5658362989323843,0.5162337662337663,0.6428376275674083,0.5850439882697948,0.5757575757575758,0.5946348733233979,0.5911729946060048,0.8040302267002519,0.8020100502512563,0.806060606060606,0.8745620755737985
LR,0.642979426625132,0.6527841630667154,0.6686726752300522,0.7094972067039106,0.6807835517859332,"{'C': 1.0, 'solver': 'lbfgs'}","['mfcc_6', 'mfcc_8', 'mfcc_10']",0.5113924050632911,0.4190871369294606,0.6558441558441559,0.4445714850397581,0.5398550724637681,0.6882217090069284,0.44411326378539495,0.6731606346844506,0.8776908023483366,0.8510436432637571,0.906060606060606,0.9246185356335906
LR,0.6426135339897087,0.6440466624920951,0.6481970367216269,0.7191467750126967,0.6855988585572433,"{'C': 1.0, 'solver': 'lbfgs'}","['mfcc_6', 'mfcc_8', 'mfcc_10', 'zcr_mean', 'spec_centroid']",0.45103857566765576,0.41530054644808745,0.4935064935064935,0.46583842032067346,0.5960591133004927,0.6636197440585009,0.5409836065573771,0.6654300716696493,0.8807429130009775,0.853219696969697,0.9101010101010101,0.9255280836814074
LR,0.6425310423111515,0.6484187038305932,0.6754240295223902,0.7028948704926359,0.6863811288117158,"{'C': 0.1, 'solver': 'lbfgs'}","['mfcc_5', 'mfcc_11', 'mfcc_8']",0.5278450363196125,0.42084942084942084,0.7077922077922078,0.4759984889477519,0.5236818588025023,0.6540178571428571,0.4366616989567809,0.6666045900084966,0.8760662318113397,0.8703888334995015,0.8818181818181818,0.9165403074788986
LR,0.6424885560909882,0.6435660590095083,0.6559506067702788,0.712544438801422,0.716886499244625,"{'C': 1.0, 'solver': 'lbfgs'}","['mfcc_6', 'mfcc_5', 'mfcc_11', 'mfcc_8']",0.49162011173184356,0.43137254901960786,0.5714285714285714,0.5107300411033182,0.5556499575191164,0.6462450592885376,0.4873323397913562,0.7061300665440671,0.8801955990220048,0.8530805687203792,0.9090909090909091,0.9337993900864898
LR,0.6423006225777438,0.6542762964583568,0.6339897807110922,0.6876587100050787,0.7300279826564956,"{'C': 0.1, 'solver': 'lbfgs'}","['mfcc_3', 'mfcc_11', 'wav_detail_lvl5_std', 'mfcc_8', 'zcr_mean', 'spec_centroid']",0.5444839857651246,0.6023622047244095,0.4967532467532468,0.6605045929764624,0.5818181818181818,0.5681818181818182,0.5961251862891207,0.6480389389732804,0.800599700149925,0.7922848664688428,0.8090909090909091,0.8815404160197442
LR,0.6417482929632535,0.646676173445296,0.6786238655091115,0.7049263585576435,0.7027104177757019,"{'C': 0.1, 'solver': 'lbfgs'}","['mfcc_3', 'mfcc_5', 'mfcc_8']",0.5721455457967378,0.4662576687116564,0.7402597402597403,0.5132804090749986,0.4782205746061168,0.6323529411764706,0.38450074515648286,0.6575975542250901,0.8748787584869059,0.8414179104477612,0.9111111111111111,0.937253290027017
LR,0.6417023717464975,0.64324924913252,0.6455724299986595,0.7201625190452006,0.7089152003647273,"{'C': 0.1, 'solver': 'lbfgs'}","['mfcc_6', 'mfcc_5', 'mfcc_11', 'mfcc_8', 'mfcc_10', 'zcr_mean', 'spec_centroid']",0.4367469879518072,0.40730337078651685,0.4707792207792208,0.4950302316291494,0.6092607636068237,0.6696428571428571,0.5588673621460507,0.6913626677423502,0.8790993636808615,0.8528015194681862,0.907070707070707,0.9403527017226823
LR,0.6411976702597709,0.6451901362481635,0.6664975279729378,0.7049263585576435,0.6918582819720221,"{'C': 0.1, 'solver': 'lbfgs'}","['mfcc_5', 'mfcc_8']",0.5056603773584906,0.4127310061601643,0.6525974025974026,0.45824337021484596,0.5389326334208224,0.652542372881356,0.45901639344262296,0.700458877211853,0.879,0.8702970297029703,0.8878787878787879,0.9168725984893678
LR,0.6405286953760414,0.6427867688249502,0.6389070249725988,0.6927374301675978,0.6898570907478724,"{'C': 1.0, 'solver': 'lbfgs'}","['wav_detail_lvl5_std', 'mfcc_10']",0.5033333333333333,0.5171232876712328,0.4902597402597403,0.5942708716141218,0.6068066618392469,0.5901408450704225,0.624441132637854,0.6165139900913165,0.8114460909555442,0.8210961737331954,0.802020202020202,0.8587864105381788
LR,0.6403320648462705,0.6476076287944714,0.6546519054715776,0.7150837988826816,0.689585989179999,"{'C': 0.1, 'solver': 'lbfgs'}","['mfcc_6', 'mfcc_5', 'mfcc_8', 'mfcc_10', 'spec_centroid']",0.4629878869448183,0.3954022988505747,0.5584415584415584,0.44069897435875005,0.5711790393013101,0.689873417721519,0.4873323397913562,0.6938759573765434,0.8868292682926829,0.8575471698113207,0.9181818181818182,0.9341830358047034
LR,0.6401910352507899,0.6381058275861852,0.6433302580843564,0.6835957338750634,0.7081431891657074,"{'C': 0.1, 'solver': 'lbfgs'}","['mfcc_11', 'mfcc_8', 'mfcc_10', 'wav_detail_lvl3_std']",0.5354330708661418,0.5198776758409785,0.551948051948052,0.6019597277171906,0.574329224075417,0.559322033898305,0.5901639344262295,0.6215300283199029,0.8108108108108109,0.8351177730192719,0.7878787878787878,0.9009398114600284
LR,0.6401347962488785,0.654633440370678,0.6301772605051293,0.6805485017775521,0.7253390088619227,"{'C': 1.0, 'solver': 'lbfgs'}","['mfcc_3', 'mfcc_11', 'wav_detail_lvl5_std', 'spec_centroid']",0.5637342908438061,0.6305220883534136,0.5097402597402597,0.6705678973630146,0.5662033650329188,0.5560344827586207,0.5767511177347243,0.635976021331563,0.7904667328699106,0.77734375,0.804040404040404,0.8694731078911907
LR,0.6399824176198257,0.6431760428431604,0.6647540983606558,0.7039106145251397,0.6840870375820574,"{'C': 0.1, 'solver': 'lbfgs'}","['mfcc_3', 'mfcc_8', 'mfcc_10', 'spec_centroid']",0.530718954248366,0.4442013129102845,0.6590909090909091,0.485405996051887,0.5191111111111111,0.6431718061674009,0.43517138599105815,0.653137947279663,0.8701171875,0.8421550094517959,0.9,0.913717169414622
LR,0.6396751645359867,0.646080310561112,0.6348764774994283,0.691721686135094,0.732977283800278,"{'C': 10.0, 'solver': 'lbfgs'}","['mfcc_3', 'wav_detail_lvl5_std', 'mfcc_8', 'wav_detail_lvl3_std', 'spec_centroid']",0.5112262521588946,0.5461254612546126,0.4805194805194805,0.6353130553652224,0.6001456664238893,0.5868945868945868,0.6140089418777943,0.6715034766896342,0.8076535750251762,0.8052208835341366,0.8101010101010101,0.8921153193459777
LR,0.6393532005397884,0.6444597075444105,0.6654326244490179,0.7034027425088878,0.6902545496527791,"{'C': 0.1, 'solver': 'lbfgs'}","['mfcc_5', 'mfcc_8', 'mfcc_10']",0.506265664160401,0.4122448979591837,0.6558441558441559,0.44945870743541155,0.5348631950573698,0.6558441558441559,0.45156482861400893,0.7039685621320038,0.8769307424015944,0.8652900688298918,0.8888888888888888,0.9173363793909219
LR,0.6392086100548434,0.6390750664194824,0.6406867267523005,0.7201625190452006,0.6879851544423091,"{'C': 1.0, 'solver': 'lbfgs'}","['mfcc_5', 'mfcc_8', 'mfcc_10', 'zcr_mean', 'spec_centroid']",0.39814814814814814,0.37941176470588234,0.41883116883116883,0.43235880242923314,0.6486068111455109,0.6747181964573269,0.624441132637854,0.7114389684106353,0.8708708708708709,0.8630952380952381,0.8787878787878788,0.9201576924870593
LR,0.6390188451323477,0.6447534822903634,0.6696709483594728,0.7013712544438802,0.7166965235757151,"{'C': 1.0, 'solver': 'lbfgs'}","['mfcc_3', 'mfcc_5', 'spec_centroid']",0.5376884422110553,0.4385245901639344,0.6948051948051948,0.5212640435564064,0.5108695652173914,0.651270207852194,0.4202682563338301,0.7020383775002884,0.8684985279685966,0.8444656488549618,0.8939393939393939,0.9267871496704507
LR,0.6389647200091356,0.6416026103759497,0.6383341612849809,0.6851193499238192,0.7017233533418553,"{'C': 10.0, 'solver': 'lbfgs'}","['mfcc_11', 'wav_detail_lvl5_std', 'mfcc_8', 'wav_detail_lvl3_std']",0.5116279069767442,0.5238095238095238,0.5,0.6129650961119869,0.6098591549295774,0.5781041388518025,0.6453055141579732,0.6178976560475237,0.7954070981210856,0.8228941684665226,0.7696969696969697,0.8743073078660556
LR,0.6387783699578884,0.6415778494833937,0.6553119012135405,0.7094972067039106,0.7101229377166766,"{'C': 0.1, 'solver': 'lbfgs'}","['mfcc_6', 'mfcc_5', 'mfcc_11', 'mfcc_8', 'mfcc_10']",0.4864864864864865,0.4166666666666667,0.5844155844155844,0.49300825000718795,0.5474956822107081,0.6509240246406571,0.47242921013412814,0.704500808385182,0.8823529411764706,0.8571428571428571,0.9090909090909091,0.93285975475766
LR,0.63839669576688,0.640443315386129,0.6657543428035231,0.7003555104113763,0.6815160910196821,"{'C': 1.0, 'solver': 'lbfgs'}","['mfcc_5', 'mfcc_11', 'mfcc_8', 'zcr_mean']",0.5175879396984925,0.42213114754098363,0.6688311688311688,0.46826389019577325,0.5227272727272727,0.6321353065539113,0.4456035767511177,0.6617423943423871,0.8748748748748749,0.8670634920634921,0.8828282828282829,0.9145419885208858
LR,0.6380558406965813,0.6362665265738553,0.6406681964059013,0.6835957338750634,0.7101777513955384,"{'C': 1.0, 'solver': 'lbfgs'}","['mfcc_8', 'mfcc_10', 'wav_detail_lvl3_std']",0.5253164556962026,0.5123456790123457,0.538961038961039,0.5979990494600884,0.5784883720930233,0.5645390070921986,0.5931445603576752,0.6312469681894967,0.8103626943005181,0.8319148936170213,0.7898989898989899,0.9012872365370299
LR,0.637910603112971,0.6399657109337161,0.6385324754177214,0.6846114779075673,0.7152390508277445,"{'C': 1.0, 'solver': 'lbfgs'}","['wav_detail_lvl5_std', 'mfcc_8', 'wav_detail_lvl3_std', 'zcr_mean']",0.5032894736842105,0.51,0.4967532467532468,0.6079370463679332,0.6159217877094972,0.5795006570302234,0.6572280178837556,0.6455445590870873,0.7945205479452054,0.8303964757709251,0.7616161616161616,0.8922355470282126
LR,0.637683102450535,0.637735023062601,0.6524085507692065,0.7039106145251397,0.7067479913065745,"{'C': 0.1, 'solver': 'lbfgs'}","['mfcc_6', 'mfcc_5', 'mfcc_11', 'mfcc_8', 'zcr_mean']",0.49930651872399445,0.4358353510895884,0.5844155844155844,0.504309077389922,0.546225614927905,0.6338582677165354,0.4798807749627422,0.6807138477594626,0.8675171736997056,0.8435114503816794,0.8929292929292929,0.9352210487703388
LR,0.6376723002016275,0.6421180886297165,0.6634672249426349,0.7003555104113763,0.6872355919209215,"{'C': 0.1, 'solver': 'lbfgs'}","['mfcc_5', 'mfcc_8', 'zcr_mean']",0.5006226650062267,0.40606060606060607,0.6525974025974026,0.4568121812853264,0.5384615384615384,0.6511627906976745,0.45901639344262296,0.6873407284830908,0.8739326971371171,0.8691308691308691,0.8787878787878788,0.9175538659943476
LR,0.6372236543054234,0.6465367660167582,0.6579033898706029,0.707465718638903,0.6697727129577684,"{'C': 0.1, 'solver': 'lbfgs'}","['mfcc_6', 'mfcc_8', 'mfcc_10', 'spec_centroid']",0.48010269576379977,0.3970276008492569,0.6071428571428571,0.4154640254788528,0.5512934879571811,0.6866666666666666,0.46050670640834573,0.6677739949353781,0.8802747791952895,0.8559160305343512,0.906060606060606,0.9260801184590742
LR,0.6371575526741017,0.6444516486541693,0.65090838123625,0.713052310817674,0.6877811547667024,"{'C': 0.1, 'solver': 'lbfgs'}","['mfcc_6', 'mfcc_5', 'mfcc_8', 'spec_centroid']",0.45614035087719296,0.3903002309468822,0.5487012987012987,0.4386756866847559,0.568935427574171,0.6863157894736842,0.4858420268256334,0.6905481164078983,0.886396879570941,0.8567389255419415,0.9181818181818182,0.9341196612074529
LR,0.636999922620804,0.6438981288153912,0.6691359338900322,0.7013712544438802,0.715404717595384,"{'C': 0.1, 'solver': 'lbfgs'}","['mfcc_3', 'mfcc_5', 'mfcc_10', 'spec_centroid']",0.5368289637952559,0.43610547667342797,0.698051948051948,0.5196429164467645,0.5013723696248856,0.6492890995260664,0.4083457526080477,0.699063694168984,0.87279843444227,0.8462998102466793,0.901010101010101,0.9275075421704038
LR,0.6368314648024999,0.6356941614725734,0.6385202532743516,0.6830878618588115,0.7128137092174631,"{'C': 1.0, 'solver': 'lbfgs'}","['mfcc_8', 'mfcc_10', 'wav_detail_lvl3_std', 'zcr_mean']",0.5239616613418531,0.5157232704402516,0.5324675324675324,0.5939434227775863,0.5764192139737991,0.5633001422475107,0.5901639344262295,0.6438911121958605,0.8101135190918473,0.8280590717299579,0.7929292929292929,0.9006065926789427
LR,0.6361142540560448,0.6402244065847875,0.6611592111592112,0.6998476383951244,0.6870973322410258,"{'C': 0.1, 'solver': 'lbfgs'}","['mfcc_5', 'mfcc_8', 'mfcc_10', 'zcr_mean']",0.5006289308176101,0.4086242299794661,0.6461038961038961,0.45134777291937395,0.5341506129597198,0.6475583864118896,0.45454545454545453,0.690153975983562,0.8735632183908046,0.8644906033630069,0.8828282828282829,0.9197902478201413
LR,0.6359398126683925,0.6355882195273276,0.6385750557881705,0.7145759268664297,0.6908379341714211,"{'C': 1.0, 'solver': 'lbfgs'}","['mfcc_5', 'mfcc_11', 'mfcc_8', 'mfcc_10', 'zcr_mean', 'spec_centroid']",0.40971168437025796,0.38461538461538464,0.4383116883116883,0.4509993387108204,0.6275430359937402,0.6606260296540363,0.5976154992548435,0.7016910853227074,0.8705647176411794,0.8615232443125618,0.8797979797979798,0.9198233784807356
LR,0.6359326289644365,0.6371299292494945,0.645157665649469,0.7079735906551549,0.688416096236509,"{'C': 0.1, 'solver': 'lbfgs'}","['mfcc_5', 'mfcc_8', 'spec_centroid']",0.43370165745856354,0.37740384615384615,0.5097402597402597,0.42752774043818076,0.6001635322976288,0.6648550724637681,0.5469448584202683,0.7206962869998323,0.8739326971371171,0.8691308691308691,0.8787878787878788,0.917024261271514
LR,0.6356895028568564,0.6377813481557043,0.6449317531284744,0.712544438801422,0.7039520750836225,"{'C': 0.1, 'solver': 'lbfgs'}","['mfcc_6', 'mfcc_5', 'mfcc_11', 'mfcc_8', 'spec_centroid']",0.44886363636363635,0.398989898989899,0.512987012987013,0.4785481092376057,0.5733445096395641,0.6551724137931034,0.5096870342771982,0.6970711959852182,0.8848603625673689,0.8591817316841104,0.9121212121212121,0.9362369200280436
LR,0.6355463294998387,0.644086549501501,0.6612037628431071,0.7028948704926359,0.6817885994095246,"{'C': 0.1, 'solver': 'lbfgs'}","['mfcc_6', 'mfcc_8', 'mfcc_10', 'zcr_mean']",0.5115089514066496,0.4219409282700422,0.6493506493506493,0.4532633370087823,0.5226860254083484,0.6682134570765661,0.42921013412816694,0.6687836268431915,0.872444011684518,0.8421052631578947,0.9050505050505051,0.9233188343765999
LR,0.6353646844517148,0.6335032864157836,0.6550686411342149,0.6993397663788725,0.7376701142884708,"{'C': 10.0, 'solver': 'lbfgs'}","['mfcc_3', 'mfcc_5', 'mfcc_11', 'zcr_mean', 'spec_centroid']",0.5266030013642565,0.4541176470588235,0.6266233766233766,0.6174361951576144,0.5103092783505154,0.6024340770791075,0.4426229508196721,0.6692144885618458,0.8691817736403724,0.8439581351094196,0.895959595959596,0.9263596591459525
LR,0.6348458282137912,0.6456062566036991,0.6270192163634786,0.6785170137125445,0.725786277013763,"{'C': 0.1, 'solver': 'lbfgs'}","['mfcc_3', 'mfcc_11', 'wav_detail_lvl5_std', 'mfcc_8', 'spec_centroid']",0.54673721340388,0.5984555984555985,0.5032467532467533,0.6565669540628496,0.5657604702424688,0.5579710144927537,0.5737704918032787,0.651757748295901,0.7920398009950249,0.7803921568627451,0.804040404040404,0.8690341286825383
LR,0.6347395548170814,0.6461890051338411,0.6274292495603971,0.6841036058913154,0.729647653642704,"{'C': 0.1, 'solver': 'lbfgs'}","['mfcc_3', 'wav_detail_lvl5_std', 'zcr_mean', 'spec_centroid']",0.5169340463458111,0.5731225296442688,0.4707792207792208,0.661218129527433,0.5850533807829181,0.5599455040871935,0.6125186289120715,0.6458670308605464,0.8022312373225152,0.8054989816700611,0.798989898989899,0.8818578005401325
LR,0.6345583299771782,0.6343122142625995,0.6363293355096634,0.6764855256475368,0.6993920598385762,"{'C': 0.1, 'solver': 'lbfgs'}","['mfcc_11', 'wav_detail_lvl5_std', 'mfcc_8', 'mfcc_10']",0.5288461538461539,0.5221518987341772,0.5357142857142857,0.6177974386639749,0.5769230769230769,0.5525238744884038,0.6035767511177347,0.5844739443785499,0.7979057591623037,0.8282608695652174,0.7696969696969697,0.8959047964732035
LR,0.6344495396270075,0.6390425651548907,0.6307994070289152,0.6830878618588115,0.711694327774833,"{'C': 10.0, 'solver': 'lbfgs'}","['mfcc_3', 'wav_detail_lvl5_std', 'mfcc_8', 'zcr_mean']",0.5195246179966044,0.5444839857651246,0.4967532467532468,0.6468213474974043,0.5807860262008734,0.5675675675675675,0.5946348733233979,0.6081310766448145,0.8030379746835443,0.8050761421319796,0.8010101010101011,0.8801305591822801
LR,0.6343236786123384,0.6353881051191176,0.6623605295736442,0.6978161503301168,0.7257893113275765,"{'C': 1.0, 'solver': 'lbfgs'}","['mfcc_3', 'mfcc_5', 'mfcc_11', 'mfcc_10', 'spec_centroid']",0.5360824742268041,0.4444444444444444,0.6753246753246753,0.5773984235038493,0.496,0.6145374449339207,0.4157973174366617,0.6682104281693382,0.8708885616102111,0.8471824259789876,0.895959595959596,0.9317590823095422
LR,0.6339642416099465,0.6353107997435093,0.6622666950535803,0.6998476383951244,0.6980633844150926,"{'C': 0.1, 'solver': 'lbfgs'}","['mfcc_3', 'mfcc_11', 'mfcc_10', 'spec_centroid']",0.5416666666666666,0.45217391304347826,0.6753246753246753,0.5811693484113033,0.48473967684021546,0.6094808126410836,0.40238450074515647,0.6029291080260375,0.8754863813229572,0.8442776735459663,0.9090909090909091,0.9100916968079369
LR,0.6338826520540293,0.6395351469589793,0.633250538168571,0.6764855256475368,0.7183300618513444,"{'C': 10.0, 'solver': 'lbfgs'}","['mfcc_11', 'wav_detail_lvl5_std', 'mfcc_8', 'mfcc_10', 'spec_centroid']",0.5141903171953256,0.5292096219931272,0.5,0.6109668605174279,0.5953678474114441,0.548306148055207,0.6512667660208644,0.6420918637296881,0.792089791555318,0.8410896708286039,0.7484848484848485,0.9019314613069171
LR,0.633513705623793,0.6358636221221562,0.6426071803120984,0.7115286947689182,0.7011618362910718,"{'C': 0.1, 'solver': 'lbfgs'}","['mfcc_6', 'mfcc_5', 'mfcc_11', 'mfcc_8', 'mfcc_10', 'spec_centroid']",0.4425531914893617,0.3929471032745592,0.5064935064935064,0.4716662549457952,0.5721476510067114,0.654510556621881,0.5081967213114754,0.6955901967618172,0.8858402743753062,0.8601332064700286,0.9131313131313131,0.9362290571656026
LR,0.6335013092602467,0.640295980867008,0.6286573778377057,0.6795327577450483,0.7134298690749304,"{'C': 0.1, 'solver': 'lbfgs'}","['mfcc_3', 'wav_detail_lvl5_std', 'zcr_mean']",0.5241379310344828,0.5588235294117647,0.4935064935064935,0.657409359533696,0.5806451612903226,0.5593922651933702,0.6035767511177347,0.6027085310432944,0.7957208354559347,0.802672147995889,0.7888888888888889,0.880171716647801
LR,0.6333061086643371,0.6392551366797181,0.6526703411949314,0.702386998476384,0.68077882262611,"{'C': 1.0, 'solver': 'lbfgs'}","['mfcc_6', 'mfcc_8', 'spec_centroid']",0.4946808510638298,0.4189189189189189,0.6038961038961039,0.43579384959736667,0.5354609929078015,0.6608315098468271,0.45007451564828616,0.6815783484912588,0.86977648202138,0.8380149812734082,0.9040404040404041,0.9249642697897046
LR,0.6332511325412654,0.6350575263143191,0.63904462265118,0.7100050787201625,0.6918614748968821,"{'C': 10.0, 'solver': 'lbfgs'}","['mfcc_6', 'mfcc_11', 'mfcc_8', 'mfcc_10', 'zcr_mean', 'spec_centroid']",0.4444444444444444,0.4087193460490463,0.487012987012987,0.49501334071743364,0.5829892650701899,0.6537037037037037,0.526080476900149,0.6612190401249176,0.8723196881091618,0.8427495291902072,0.9040404040404041,0.9193520438482953
LR,0.6330014490643757,0.6329481020701955,0.6362295870492591,0.713052310817674,0.693558286985431,"{'C': 0.1, 'solver': 'lbfgs'}","['mfcc_5', 'mfcc_11', 'mfcc_8', 'zcr_mean', 'spec_centroid']",0.40902255639097745,0.38095238095238093,0.44155844155844154,0.45345534007045246,0.6139240506329114,0.654300168634064,0.5782414307004471,0.7106288176418096,0.8760577401692384,0.8635917566241413,0.8888888888888888,0.916590703244031
LR,0.6329644359759914,0.644469897309654,0.6582057893533304,0.7008633824276282,0.6894346040436217,"{'C': 0.1, 'solver': 'lbfgs'}","['mfcc_6', 'mfcc_8']",0.5051020408163265,0.41596638655462187,0.6428571428571429,0.4637820522608528,0.5261228230980751,0.6833333333333333,0.4277198211624441,0.6822125751844168,0.8676684440135725,0.8341099720410066,0.9040404040404041,0.9223091846855953
LR,0.6325775573008425,0.6322221397954052,0.6421387962371569,0.7054342305738954,0.6984405102863328,"{'C': 0.1, 'solver': 'lbfgs'}","['mfcc_5', 'mfcc_11', 'mfcc_8', 'spec_centroid']",0.44195804195804195,0.3882063882063882,0.512987012987013,0.46168259786951565,0.5770171149144254,0.6366906474820144,0.5275707898658718,0.7163888447429807,0.8787575150300602,0.8717693836978131,0.8858585858585859,0.9172500882465021
LR,0.632335210598542,0.6365481635501512,0.6324328373508701,0.6775012696800407,0.723299874760715,"{'C': 0.1, 'solver': 'lbfgs'}","['wav_detail_lvl5_std', 'mfcc_8', 'mfcc_10', 'spec_centroid']",0.5033112582781457,0.5135135135135135,0.4935064935064935,0.6038137669896819,0.5994513031550068,0.5552731893265566,0.6512667660208644,0.6647537050514926,0.7942430703624733,0.8408577878103838,0.7525252525252525,0.9013321522409705
LR,0.6321227962115415,0.6427845902741741,0.6243106316876809,0.6708989334687658,0.6919601463155653,"{'C': 0.1, 'solver': 'lbfgs'}","['mfcc_3', 'mfcc_11', 'wav_detail_lvl5_std']",0.5588752196836555,0.6091954022988506,0.5162337662337663,0.6681233840884184,0.5521739130434783,0.53737658674189,0.5678092399403875,0.5527584803343568,0.7853192559074912,0.7817817817817818,0.7888888888888889,0.8549985745239208
LR,0.6320294625192248,0.6321521570497215,0.6331894274517226,0.6719146775012697,0.7032892262742186,"{'C': 1.0, 'solver': 'lbfgs'}","['mfcc_11', 'wav_detail_lvl5_std', 'mfcc_8', 'mfcc_10', 'zcr_mean']",0.537842190016103,0.5335463258785943,0.5422077922077922,0.6182387278302401,0.5638829407566024,0.541095890410959,0.5886736214605067,0.5983060506206554,0.7943632567849687,0.8218142548596112,0.7686868686868686,0.8933229003717602
LR,0.6318689299591789,0.6325086481816191,0.6681463345397772,0.6927374301675978,0.7020389980776182,"{'C': 0.1, 'solver': 'lbfgs'}","['mfcc_3', 'mfcc_5', 'mfcc_11', 'mfcc_10']",0.5632040050062578,0.45824847250509165,0.7305194805194806,0.5700943098425918,0.46684831970935514,0.5976744186046512,0.3830104321907601,0.6125806731830121,0.8655544651619235,0.8416030534351145,0.8909090909090909,0.9234420112072504
LR,0.6308500133940995,0.6328901045120141,0.6350621752261096,0.7135601828339259,0.6440056645309374,"{'C': 1.0, 'solver': 'lbfgs'}","['mfcc_6', 'mfcc_10', 'zcr_mean', 'spec_centroid']",0.43797856049004597,0.4144927536231884,0.4642857142857143,0.4329040365960164,0.5695473251028806,0.6360294117647058,0.5156482861400894,0.5775030441285255,0.885024154589372,0.8481481481481481,0.9252525252525252,0.9216099128682702
LR,0.6306852759572015,0.6325080887892703,0.6355309535637405,0.7115286947689182,0.7030835751587617,"{'C': 0.1, 'solver': 'lbfgs'}","['mfcc_6', 'mfcc_5', 'mfcc_11', 'mfcc_8', 'zcr_mean', 'spec_centroid']",0.42011834319526625,0.3858695652173913,0.461038961038961,0.4821339194453547,0.592956592956593,0.6581818181818182,0.5394932935916542,0.6871733282311772,0.8789808917197452,0.8534728829686014,0.906060606060606,0.9399434777997533
LR,0.6306428706113975,0.6339179382702868,0.640471065061229,0.7049263585576435,0.6872098733184876,"{'C': 0.1, 'solver': 'lbfgs'}","['mfcc_5', 'mfcc_8', 'mfcc_10', 'spec_centroid']",0.4250681198910082,0.36619718309859156,0.5064935064935064,0.42078865880086297,0.5911740216486261,0.6698113207547169,0.5290611028315947,0.7239673594120863,0.8756864702945582,0.8657453109575518,0.8858585858585859,0.9168736017425134
LR,0.6305262125204042,0.6414193839553491,0.6554565956205302,0.6983240223463687,0.6891256425402427,"{'C': 0.1, 'solver': 'lbfgs'}","['mfcc_6', 'mfcc_8', 'zcr_mean']",0.5051282051282051,0.4173728813559322,0.6396103896103896,0.4693256569136569,0.521978021978022,0.6769596199524941,0.4247391952309985,0.6778474554408704,0.8644724104549855,0.8299256505576208,0.902020202020202,0.9202038152662009
LR,0.6303914463807182,0.638396309698246,0.6644004447283136,0.6952767902488572,0.6825899253598138,"{'C': 0.1, 'solver': 'lbfgs'}","['mfcc_3', 'mfcc_10', 'spec_centroid']",0.5333333333333333,0.4302788844621514,0.7012987012987013,0.5052467547364219,0.48938134810710987,0.6432038834951457,0.3949329359165425,0.6320823970115861,0.8684596577017115,0.8417061611374408,0.896969696969697,0.9104406243314335
LR,0.6303744953059646,0.631002658483162,0.6408807039954582,0.7028948704926359,0.691313655923322,"{'C': 1.0, 'solver': 'lbfgs'}","['mfcc_5', 'mfcc_11', 'mfcc_8', 'mfcc_10', 'spec_centroid']",0.43621399176954734,0.37767220902612825,0.5162337662337663,0.449915585710959,0.5775225594749795,0.6423357664233577,0.5245901639344263,0.7053938515184572,0.8773869346733668,0.873,0.8818181818181818,0.9186315305405499
LR,0.6300552603878252,0.6306499756933578,0.6644185808120234,0.6927374301675978,0.6883304207844031,"{'C': 0.1, 'solver': 'lbfgs'}","['mfcc_3', 'mfcc_5', 'mfcc_11', 'mfcc_8', 'mfcc_10', 'zcr_mean']",0.5562579013906448,0.4554865424430642,0.7142857142857143,0.4998301112126256,0.46600181323662737,0.5949074074074074,0.3830104321907601,0.6222092866705272,0.8679060665362035,0.8415559772296015,0.895959595959596,0.9429518644700567
LR,0.6297193613966848,0.6296891145857876,0.655745984434509,0.6927374301675978,0.7278213893827794,"{'C': 0.1, 'solver': 'lbfgs'}","['mfcc_3', 'mfcc_5', 'mfcc_11', 'spec_centroid']",0.5279583875162549,0.4403470715835141,0.6590909090909091,0.5812890489394552,0.49604221635883905,0.6051502145922747,0.4202682563338301,0.6721177837414647,0.8651574803149606,0.8435700575815739,0.8878787878787879,0.9300573354674184
LR,0.6293032496312104,0.6311453339468008,0.6344400287023237,0.7110208227526663,0.6545660780163263,"{'C': 10.0, 'solver': 'lbfgs'}","['mfcc_6', 'mfcc_11', 'mfcc_10', 'zcr_mean', 'spec_centroid']",0.44954128440366975,0.42485549132947975,0.4772727272727273,0.46858773730220205,0.5534382767191384,0.6231343283582089,0.4977645305514158,0.5834038362507469,0.8849301877708233,0.8454461821527139,0.9282828282828283,0.9117066604960301
LR,0.6292751836441157,0.6360383814074061,0.6286203171449073,0.654647028948705,0.6868283349200252,"{'C': 10.0, 'solver': 'lbfgs'}","['mfcc_11', 'wav_detail_lvl3_std', 'zcr_mean']",0.5666666666666667,0.5821917808219178,0.551948051948052,0.5976100440921864,0.5714285714285714,0.5215252152521526,0.6318926974664679,0.6028632710506019,0.749730312837109,0.8043981481481481,0.702020202020202,0.8600116896172868
LR,0.6292633945754599,0.6294949484726499,0.6653971408069769,0.6901980700863383,0.70812119877021,"{'C': 0.1, 'solver': 'lbfgs'}","['mfcc_3', 'mfcc_5', 'mfcc_11', 'mfcc_10', 'zcr_mean']",0.5614035087719298,0.45714285714285713,0.7272727272727273,0.5666078078109975,0.4627949183303085,0.5916473317865429,0.38002980625931443,0.6251660740893287,0.8635917566241413,0.8396946564885496,0.8888888888888888,0.9325897144103041
LR,0.6290710345968814,0.6313777324525295,0.6378228025769009,0.702386998476384,0.6812019477123914,"{'C': 0.1, 'solver': 'lbfgs'}","['mfcc_6', 'mfcc_8', 'zcr_mean', 'spec_centroid']",0.4588744588744589,0.412987012987013,0.5162337662337663,0.4632956546863029,0.563973063973064,0.6479690522243714,0.4992548435171386,0.65746489058891,0.8643655809431211,0.8331771321462043,0.897979797979798,0.9228452978619612
LR,0.6288800594906153,0.6286303310821126,0.6623975902664427,0.6912138141188421,0.6929269158839603,"{'C': 0.1, 'solver': 'lbfgs'}","['mfcc_3', 'mfcc_5', 'mfcc_11', 'mfcc_8', 'zcr_mean']",0.5512010113780025,0.45134575569358176,0.7077922077922078,0.5165482087245885,0.4676258992805755,0.5895691609977324,0.38748137108792846,0.6210598034445727,0.8678132678132678,0.8449760765550239,0.8919191919191919,0.9411727354827196
LR,0.6283088789615455,0.6285737444012597,0.664651590061426,0.6901980700863383,0.6940242908561541,"{'C': 10.0, 'solver': 'lbfgs'}","['mfcc_3', 'mfcc_5', 'mfcc_11', 'mfcc_8']",0.5554171855541719,0.4505050505050505,0.724025974025974,0.5180029312735058,0.46195652173913043,0.5889145496535797,0.38002980625931443,0.6214802379616285,0.8675529295913343,0.8463016330451489,0.8898989898989899,0.9425897033333281
LR,0.6279552108715237,0.6351679369695302,0.6228147990443073,0.6800406297613002,0.72286176537696,"{'C': 0.1, 'solver': 'lbfgs'}","['mfcc_3', 'wav_detail_lvl5_std', 'mfcc_8', 'zcr_mean', 'spec_centroid']",0.5034722222222222,0.5410447761194029,0.4707792207792208,0.6454663272776735,0.5745140388768899,0.5557103064066853,0.5946348733233979,0.6414015193461564,0.8058793715154587,0.8087487283825026,0.803030303030303,0.8817174495070501
LR,0.6276369998060917,0.6269465980586767,0.6638737097753492,0.6876587100050787,0.7063363741637825,"{'C': 0.1, 'solver': 'lbfgs'}","['mfcc_3', 'mfcc_5', 'mfcc_11']",0.5593008739076155,0.4543610547667343,0.7272727272727273,0.5780259076201917,0.4616771866546438,0.5844748858447488,0.38152011922503726,0.6160487916956658,0.8619329388560157,0.8420038535645472,0.8828282828282829,0.92493442317549
LR,0.6272358812738185,0.6334894017736065,0.6249595880743422,0.6551549009649569,0.6793420128031721,"{'C': 0.1, 'solver': 'lbfgs'}","['mfcc_11', 'wav_detail_lvl3_std']",0.5622895622895623,0.583916083916084,0.5422077922077922,0.5969403202113586,0.5676975945017182,0.5267857142857143,0.6154992548435171,0.5949314787023722,0.7517204870301747,0.7897664071190211,0.7171717171717171,0.8461542394957857
LR,0.6270639824936368,0.629225380153611,0.6660165274919373,0.6896901980700864,0.7090731717082336,"{'C': 0.1, 'solver': 'lbfgs'}","['mfcc_3', 'mfcc_5', 'mfcc_10', 'zcr_mean']",0.5604938271604938,0.45219123505976094,0.737012987012987,0.5521048761732953,0.4548802946593002,0.5951807228915663,0.368107302533532,0.6403367401864049,0.8658178256611165,0.8403041825095057,0.8929292929292929,0.9347778987650006
LR,0.6270470161617189,0.627848740082968,0.665591906575513,0.6881665820213306,0.6934546461757846,"{'C': 10.0, 'solver': 'lbfgs'}","['mfcc_3', 'mfcc_5', 'mfcc_8', 'zcr_mean']",0.5685785536159601,0.46153846153846156,0.7402597402597403,0.5126734146856634,0.45179063360881544,0.5885167464114832,0.36661698956780925,0.6303663641749038,0.8607718612603811,0.8334910122989593,0.8898989898989899,0.9373241596667866
LR,0.6265257923472817,0.6254535609956466,0.6618692782627209,0.6866429659725749,0.7102948159394796,"{'C': 1.0, 'solver': 'lbfgs'}","['mfcc_3', 'mfcc_5', 'mfcc_11', 'zcr_mean']",0.556390977443609,0.4530612244897959,0.7207792207792207,0.5779088555008466,0.4618149146451033,0.581447963800905,0.3830104321907601,0.620989676298195,0.8613714849531328,0.8418514946962391,0.8818181818181818,0.9319859160193974
LR,0.6264336692252651,0.6289698942969043,0.665785095293292,0.6891823260538344,0.6930210043213636,"{'C': 1.0, 'solver': 'lbfgs'}","['mfcc_3', 'mfcc_5', 'mfcc_8', 'mfcc_10', 'zcr_mean']",0.56575682382134,0.4578313253012048,0.7402597402597403,0.5127361548572088,0.45041705282669137,0.5955882352941176,0.3621460506706408,0.6279286022784495,0.8631271310277643,0.8334901222953904,0.8949494949494949,0.9383982558284323
LR,0.626217612156913,0.6275732371550641,0.6312216623692034,0.7039106145251397,0.692677998216464,"{'C': 1.0, 'solver': 'lbfgs'}","['mfcc_6', 'mfcc_11', 'mfcc_8', 'zcr_mean', 'spec_centroid']",0.43909774436090226,0.40896358543417366,0.474025974025974,0.5055827468638914,0.5714285714285714,0.6361974405850092,0.518628912071535,0.6614669768106858,0.8681265206812652,0.8375586854460094,0.901010101010101,0.910984270974815
LR,0.6261095188983116,0.6252880879091657,0.6276902514607433,0.6683595733875064,0.6980835558887145,"{'C': 0.1, 'solver': 'lbfgs'}","['wav_detail_lvl5_std', 'mfcc_8', 'mfcc_10']",0.5224358974358975,0.5158227848101266,0.5292207792207793,0.6103471448552579,0.569364161849711,0.5525946704067322,0.587183308494784,0.588977302811504,0.7865284974093264,0.8074468085106383,0.7666666666666667,0.8949262199993815
LR,0.6258553784764073,0.6259472201728821,0.6325247005574873,0.7013712544438802,0.62360622165584,"{'C': 0.1, 'solver': 'lbfgs'}","['mfcc_5', 'mfcc_11', 'mfcc_10', 'zcr_mean', 'spec_centroid']",0.4224137931034483,0.3788659793814433,0.4772727272727273,0.3886792954998502,0.5857605177993528,0.6407079646017699,0.5394932935916542,0.6195763054500993,0.8693918245264207,0.8582677165354331,0.8808080808080808,0.8625630640175707
LR,0.6253742612408549,0.6429464553294929,0.6200723077772258,0.6876587100050787,0.6437737480755749,"{'C': 1.0, 'solver': 'lbfgs'}","['wav_detail_lvl5_std', 'wav_detail_lvl3_std']",0.5,0.525,0.4772727272727273,0.5898917606246711,0.5779661016949152,0.6699410609037328,0.5081967213114754,0.5902694831508722,0.7981566820276498,0.7338983050847457,0.8747474747474747,0.7511600004511813
LR,0.6250716024300211,0.6254611897281191,0.663394286345106,0.686135093956323,0.7079643406505136,"{'C': 0.1, 'solver': 'lbfgs'}","['mfcc_3', 'mfcc_5', 'zcr_mean']",0.5573366214549939,0.44930417495029823,0.7337662337662337,0.547436398761848,0.4549590536851683,0.5841121495327103,0.37257824143070045,0.641772072792445,0.8629191321499013,0.8429672447013488,0.8838383838383839,0.9346845503972477
LR,0.6250562033182974,0.6274524306532289,0.6617032936705068,0.6896901980700864,0.6932866342285028,"{'C': 0.1, 'solver': 'lbfgs'}","['mfcc_3', 'mfcc_5', 'mfcc_11', 'mfcc_8', 'mfcc_10']",0.5511221945137157,0.4473684210526316,0.7175324675324676,0.513711590200327,0.45588235294117646,0.5947242206235012,0.36959761549925485,0.6223076412477436,0.8681640625,0.8402646502835539,0.897979797979798,0.9438406712374376
LR,0.6241520146204641,0.6273872443072149,0.6298890544792184,0.706957846622651,0.6920242228615058,"{'C': 0.1, 'solver': 'lbfgs'}","['mfcc_6', 'mfcc_5', 'mfcc_8', 'zcr_mean', 'spec_centroid']",0.4034582132564842,0.3626943005181347,0.45454545454545453,0.45656595643578324,0.5887230514096186,0.6635514018691588,0.5290611028315947,0.6781913528672396,0.8802747791952895,0.8559160305343512,0.906060606060606,0.9413153592814948
LR,0.6240905797007062,0.6235034489392911,0.6252943170975958,0.6668359573387507,0.7038554451740252,"{'C': 0.1, 'solver': 'lbfgs'}","['wav_detail_lvl5_std', 'mfcc_8', 'mfcc_10', 'zcr_mean']",0.5209003215434084,0.5159235668789809,0.525974025974026,0.6068438813700812,0.5648081100651702,0.5492957746478874,0.5812220566318927,0.6105452730560199,0.7865633074935401,0.8052910052910053,0.7686868686868686,0.8941771810959747
LR,0.6237516379736824,0.6242325361889746,0.6234511390249096,0.6708989334687658,0.7017774724600515,"{'C': 1.0, 'solver': 'lbfgs'}","['mfcc_3', 'mfcc_11', 'mfcc_8', 'wav_detail_lvl3_std', 'zcr_mean']",0.5309446254071661,0.5326797385620915,0.5292207792207793,0.624290950234409,0.5409090909090909,0.5500770416024653,0.5320417287630402,0.6059428576809527,0.7994011976047904,0.7899408284023669,0.8090909090909091,0.875098609464793
LR,0.6235186553695143,0.6250843013783749,0.6236675892413598,0.6688674454037582,0.6880542050661256,"{'C': 10.0, 'solver': 'lbfgs'}","['wav_detail_lvl5_std', 'mfcc_8', 'wav_detail_lvl3_std']",0.49917898193760263,0.5049833887043189,0.4935064935064935,0.6056109131389652,0.5908127208480566,0.5618279569892473,0.6229508196721312,0.5903181408124897,0.780564263322884,0.8084415584415584,0.7545454545454545,0.8682335612469217
LR,0.6233841361377662,0.6263071354360169,0.637290942208975,0.6962925342813611,0.6829726510399565,"{'C': 0.1, 'solver': 'lbfgs'}","['mfcc_6', 'mfcc_11', 'mfcc_8', 'mfcc_10', 'spec_centroid']",0.45964432284541723,0.3971631205673759,0.5454545454545454,0.4665716295482192,0.5407725321888412,0.6376518218623481,0.46944858420268254,0.660648378459317,0.8697355533790402,0.844106463878327,0.896969696969697,0.9216979451123333
LR,0.6231443935962089,0.6296977791468648,0.6179007088843155,0.6688674454037582,0.7110803712079359,"{'C': 0.1, 'solver': 'lbfgs'}","['mfcc_3', 'mfcc_11', 'mfcc_8', 'wav_detail_lvl3_std', 'zcr_mean', 'spec_centroid']",0.5326460481099656,0.5656934306569343,0.5032467532467533,0.627397423319164,0.5439763488543976,0.5395894428152492,0.5484351713859911,0.6300230684593903,0.7928107838242636,0.7838104639684107,0.802020202020202,0.8758206218452534
LR,0.6230601340075156,0.6346460735214606,0.6218626546495399,0.6576942610462163,0.6870775805632278,"{'C': 10.0, 'solver': 'lbfgs'}","['wav_detail_lvl3_std', 'zcr_mean']",0.5205479452054794,0.5507246376811594,0.4935064935064935,0.577999592352785,0.5937090432503277,0.5298245614035088,0.6751117734724292,0.6192528005359141,0.7549234135667396,0.8233890214797136,0.696969696969697,0.8639803488009845
LR,0.622590655747158,0.6238163459590688,0.625800156128025,0.7054342305738954,0.6797383773066175,"{'C': 1.0, 'solver': 'lbfgs'}","['mfcc_5', 'mfcc_8', 'zcr_mean', 'spec_centroid']",0.3788546255506608,0.34584450402144773,0.41883116883116883,0.4192324072409588,0.6172248803827751,0.6638078902229846,0.5767511177347243,0.7015166018399299,0.8716924613080379,0.861796643632774,0.8818181818181818,0.9184661228389637
LR,0.6222804035650402,0.6207592972495378,0.6239207058879189,0.6673438293550026,0.698183885583702,"{'C': 1.0, 'solver': 'lbfgs'}","['mfcc_3', 'mfcc_8', 'wav_detail_lvl3_std', 'zcr_mean']",0.5231259968102073,0.5141065830721003,0.5324675324675324,0.6202079207174018,0.5522388059701493,0.5530642750373692,0.5514157973174366,0.5993233807166359,0.791476407914764,0.7951070336391437,0.7878787878787878,0.8750203553170683
LR,0.6221726979198402,0.6302102941705261,0.6436787863017371,0.691721686135094,0.6930099765462185,"{'C': 1.0, 'solver': 'lbfgs'}","['mfcc_6', 'mfcc_11', 'mfcc_8', 'zcr_mean']",0.4831168831168831,0.4025974025974026,0.6038961038961039,0.49258644416874764,0.5211141060197664,0.6561085972850679,0.43219076005961254,0.6774811498718816,0.8622871046228711,0.831924882629108,0.8949494949494949,0.9089623355980264
LR,0.6215993067471649,0.6243330497268518,0.6363868978623077,0.6932453021838497,0.693681496597302,"{'C': 1.0, 'solver': 'lbfgs'}","['mfcc_6', 'mfcc_11', 'mfcc_8', 'spec_centroid']",0.4684931506849315,0.4052132701421801,0.5551948051948052,0.4922018398978857,0.5314926660914582,0.6311475409836066,0.45901639344262296,0.6723265520259025,0.864812103465105,0.8366383380547686,0.8949494949494949,0.9165160978681177
LR,0.6209850202447184,0.6245642218995496,0.6178234333972038,0.6556627729812088,0.7161683691802544,"{'C': 0.1, 'solver': 'lbfgs'}","['mfcc_3', 'mfcc_11', 'wav_detail_lvl3_std', 'zcr_mean', 'spec_centroid']",0.5652173913043478,0.5827586206896552,0.5487012987012987,0.6485814053448058,0.5242290748898678,0.516642547033285,0.5320417287630402,0.6259365914216034,0.7735085945399394,0.7742914979757085,0.7727272727272727,0.8739871107743535
LR,0.6206655224448556,0.6191408933776847,0.6222758419479731,0.6551549009649569,0.7031561087401236,"{'C': 1.0, 'solver': 'lbfgs'}","['mfcc_3', 'mfcc_11', 'wav_detail_lvl3_std', 'zcr_mean']",0.5696,0.5615141955835962,0.577922077922078,0.6442613252263777,0.5160807778608826,0.5180180180180181,0.5141579731743666,0.5917472389713908,0.7763157894736842,0.7778904665314401,0.7747474747474747,0.8734597620226024
LR,0.6205018592821993,0.6281051349228975,0.6146283285627547,0.6602336211274759,0.6908131702572916,"{'C': 0.1, 'solver': 'lbfgs'}","['mfcc_3', 'mfcc_11', 'wav_detail_lvl5_std', 'mfcc_8']",0.542314335060449,0.5793357933579336,0.5097402597402597,0.6611744787234701,0.5428156748911466,0.5289957567185289,0.5573770491803278,0.5533012583649439,0.7763755678950025,0.7759838546922301,0.7767676767676768,0.8579637736834609
LR,0.6204973103113446,0.6246134303164025,0.6187554703948147,0.6622651091924835,0.688189732100942,"{'C': 1.0, 'solver': 'lbfgs'}","['mfcc_3', 'wav_detail_lvl5_std', 'mfcc_8', 'wav_detail_lvl3_std']",0.5125628140703518,0.5294117647058824,0.4967532467532468,0.6290948766542681,0.5742296918767507,0.5416116248348745,0.6110283159463488,0.5729341880603772,0.7746994249869316,0.8028169014084507,0.7484848484848485,0.8625401315881808
LR,0.6200250861883067,0.6212214135222786,0.6600943076352913,0.6815642458100558,0.6672354629348934,"{'C': 0.1, 'solver': 'lbfgs'}","['mfcc_3', 'mfcc_8', 'mfcc_10']",0.562962962962963,0.4541832669322709,0.7402597402597403,0.4917521067650675,0.44136657433056325,0.5800970873786407,0.3561847988077496,0.6058204590034217,0.8557457212713936,0.8293838862559242,0.8838383838383839,0.9041338230361913
LR,0.6199038888176428,0.6210265673721483,0.6565806385478518,0.6830878618588115,0.700303243265429,"{'C': 0.1, 'solver': 'lbfgs'}","['mfcc_3', 'mfcc_5', 'mfcc_10']",0.5452292441140025,0.4408817635270541,0.7142857142857143,0.5213865818042462,0.45214220601640837,0.5821596244131455,0.36959761549925485,0.6539307658738808,0.8623402163225172,0.8400383141762452,0.8858585858585859,0.92559238211816
LR,0.6178902626941711,0.6170963267840576,0.6542071771579968,0.6790248857287964,0.69844593365266,"{'C': 0.1, 'solver': 'lbfgs'}","['mfcc_3', 'mfcc_5']",0.5452292441140025,0.4408817635270541,0.7142857142857143,0.5229601717341227,0.45045045045045046,0.5694760820045558,0.37257824143070045,0.6482908902994677,0.8579910935180604,0.8409311348205626,0.8757575757575757,0.9240867389243891
LR,0.6171954926131025,0.6226515034367498,0.6266624086296217,0.7064499746063991,0.664650706381947,"{'C': 1.0, 'solver': 'lbfgs'}","['mfcc_6', 'mfcc_5', 'mfcc_11', 'zcr_mean', 'spec_centroid']",0.41954022988505746,0.37628865979381443,0.474025974025974,0.46879097804865477,0.535064935064935,0.6384297520661157,0.46050670640834573,0.6074302319738786,0.8969813128893148,0.853236098450319,0.9454545454545454,0.9177309091233077
LR,0.6166435406228615,0.6221939841346965,0.6120671981327718,0.6602336211274759,0.7082105724421778,"{'C': 1.0, 'solver': 'lbfgs'}","['mfcc_3', 'mfcc_11', 'mfcc_8', 'wav_detail_lvl3_std', 'spec_centroid']",0.534923339011925,0.5627240143369175,0.5097402597402597,0.6250710739012783,0.5331347728965004,0.5327380952380952,0.533532041728763,0.6349734354927994,0.7818725099601593,0.7711198428290766,0.7929292929292929,0.8645872079324557
LR,0.6165349176119118,0.6172696344744543,0.6297002026510223,0.6891823260538344,0.6986509003217808,"{'C': 0.1, 'solver': 'lbfgs'}","['mfcc_6', 'mfcc_5', 'mfcc_11', 'mfcc_8', 'mfcc_10', 'zcr_mean']",0.45706371191135736,0.39855072463768115,0.5357142857142857,0.48334934846644,0.5271186440677966,0.6110019646365422,0.46348733233979134,0.6776491324212928,0.8654223968565815,0.8422562141491395,0.8898989898989899,0.9349542200776093
LR,0.6160563545065104,0.6222787706078372,0.634771997886752,0.6881665820213306,0.6987157123737088,"{'C': 1.0, 'solver': 'lbfgs'}","['mfcc_6', 'mfcc_11', 'mfcc_8']",0.4688741721854305,0.3959731543624161,0.5746753246753247,0.49460079681617597,0.5168738898756661,0.6395604395604395,0.4336810730253353,0.6864371767358227,0.8624210014584346,0.831302717900656,0.895959595959596,0.9151091635691276
LR,0.6160171692906684,0.6245444613345629,0.6456363005543333,0.6932453021838497,0.6832217191923315,"{'C': 0.1, 'solver': 'lbfgs'}","['mfcc_6', 'mfcc_5', 'mfcc_11']",0.4875,0.39634146341463417,0.6331168831168831,0.5110846711526078,0.46950092421441775,0.6180048661800487,0.37853949329359166,0.6151111332527913,0.8910505836575876,0.8592870544090057,0.9252525252525252,0.9234693531715954
LR,0.6159182912836708,0.6140408146601869,0.6180875893990648,0.6495683087861859,0.683388003692816,"{'C': 1.0, 'solver': 'lbfgs'}","['mfcc_3', 'mfcc_11', 'wav_detail_lvl3_std']",0.5773524720893142,0.567398119122257,0.5876623376623377,0.6439698333696643,0.4988593155893536,0.5093167701863354,0.488822652757079,0.5528629050118863,0.7715430861723447,0.7654075546719682,0.7777777777777778,0.8533312726968971
LR,0.6154975161824477,0.6241990841331208,0.6110866668243718,0.6434738445911631,0.6835741095259281,"{'C': 1.0, 'solver': 'lbfgs'}","['mfcc_11', 'wav_detail_lvl3_std', 'spec_centroid']",0.5547945205479452,0.5869565217391305,0.525974025974026,0.5968097938563688,0.5467032967032966,0.5070063694267516,0.5931445603576752,0.5932726593704438,0.7449947312961012,0.7786343612334802,0.7141414141414142,0.8606398753509718
LR,0.6147842089070389,0.6174025010231906,0.6569476971116316,0.6815642458100558,0.6795059207762031,"{'C': 0.1, 'solver': 'lbfgs'}","['mfcc_3', 'mfcc_10', 'zcr_mean']",0.5591133004926109,0.4503968253968254,0.737012987012987,0.5475296853394123,0.42144873000940736,0.5714285714285714,0.33383010432190763,0.5827152555596309,0.8637905962190984,0.8303821062441752,0.9,0.9082728214295661
LR,0.614357146121852,0.619005114583434,0.610821722297132,0.6500761808024378,0.705222165795953,"{'C': 0.1, 'solver': 'lbfgs'}","['mfcc_3', 'wav_detail_lvl3_std', 'zcr_mean']",0.5454545454545454,0.5664335664335665,0.525974025974026,0.6397399498672146,0.5294117647058824,0.5103734439834025,0.5499254843517138,0.6020619592319663,0.7682051282051282,0.7802083333333333,0.7565656565656566,0.8738645882886782
LR,0.6140375994943482,0.6125877853008553,0.6533701574685181,0.6764855256475368,0.6601009739034525,"{'C': 1.0, 'solver': 'lbfgs'}","['mfcc_3', 'mfcc_11', 'mfcc_8', 'mfcc_10', 'zcr_mean']",0.5610972568578554,0.45546558704453444,0.7305194805194806,0.4900471508030022,0.42568807339449544,0.5536992840095465,0.34575260804769004,0.5861259473209313,0.855327468230694,0.8285984848484849,0.8838383838383839,0.9041298235864239
LR,0.6137379271128846,0.6137117091365013,0.6139017024262926,0.6561706449974607,0.7041437637996683,"{'C': 10.0, 'solver': 'lbfgs'}","['mfcc_3', 'mfcc_8', 'wav_detail_lvl3_std', 'zcr_mean', 'spec_centroid']",0.5251215559157212,0.5242718446601942,0.525974025974026,0.6194391298306513,0.5330396475770925,0.5253256150506512,0.5409836065573771,0.6171966217164794,0.7830525778458397,0.7915376676986584,0.7747474747474747,0.8757955398518743
LR,0.6137225079030436,0.6169834615340232,0.6580472957522138,0.681056373793804,0.6783410427667141,"{'C': 0.1, 'solver': 'lbfgs'}","['mfcc_3', 'mfcc_11', 'mfcc_10', 'zcr_mean']",0.5616605616605617,0.4500978473581213,0.7467532467532467,0.5540837992224252,0.4151658767772512,0.5703125,0.3263785394932936,0.5765002135911754,0.8643410852713178,0.8305400372439479,0.901010101010101,0.9044391154865415
LR,0.6129454889716205,0.6142200215328226,0.6537790078773685,0.6759776536312849,0.6704180436966998,"{'C': 0.1, 'solver': 'lbfgs'}","['mfcc_3', 'mfcc_8', 'mfcc_10', 'zcr_mean']",0.554601226993865,0.4457593688362919,0.7337662337662337,0.49622935188292955,0.43002780352177944,0.5686274509803921,0.34575260804769004,0.608800757845277,0.8542074363992173,0.8282732447817837,0.8818181818181818,0.9062240213618927
LR,0.6125827767211129,0.6225449969237243,0.6083560034379707,0.6460132046724225,0.68861803794737,"{'C': 10.0, 'solver': 'lbfgs'}","['wav_detail_lvl3_std', 'spec_centroid']",0.5268630849220104,0.5650557620817844,0.4935064935064935,0.5852583457802819,0.5665760869565217,0.5205992509363296,0.6214605067064084,0.6201131032157323,0.7443091582848068,0.7819799777530589,0.7101010101010101,0.8604826648460958
LR,0.6120069128882001,0.6192734175387817,0.6418056442646606,0.6886744540375825,0.6785061431426879,"{'C': 1.0, 'solver': 'lbfgs'}","['mfcc_6', 'mfcc_5', 'mfcc_11', 'zcr_mean']",0.491183879093199,0.4012345679012346,0.6331168831168831,0.512750338856481,0.4602587800369686,0.6058394160583942,0.3710879284649776,0.606246215300594,0.8845780795344326,0.8507462686567164,0.9212121212121213,0.9165218752709884
LR,0.6117046293469038,0.6237233202839365,0.6074712779630812,0.6465210766886744,0.6883700968343001,"{'C': 0.1, 'solver': 'lbfgs'}","['wav_detail_lvl3_std', 'zcr_mean', 'spec_centroid']",0.5174825174825175,0.5606060606060606,0.4805194805194805,0.5750294638998725,0.5725752508361204,0.5194174757281553,0.6378539493293591,0.628597400310622,0.7450561197220738,0.7911464245175936,0.704040404040404,0.8614834262924055
LR,0.6106945289627558,0.61790525093932,0.617538775735497,0.638395124428644,0.6974603442351812,"{'C': 0.1, 'solver': 'lbfgs'}","['mfcc_11', 'wav_detail_lvl5_std', 'zcr_mean']",0.5176848874598071,0.5127388535031847,0.5227272727272727,0.5932143099056497,0.5998707175177763,0.5296803652968036,0.6915052160953801,0.6466210206010841,0.714527981910684,0.8112965340179717,0.6383838383838384,0.8525457021988101
LR,0.6101529716741899,0.6089717768057605,0.6527148928788273,0.6729304215337735,0.6595478597676107,"{'C': 0.1, 'solver': 'lbfgs'}","['mfcc_3', 'mfcc_11', 'mfcc_8', 'mfcc_10']",0.561963190184049,0.4516765285996055,0.7435064935064936,0.5025730899022094,0.4144310823311748,0.5463414634146342,0.33383010432190763,0.5749173378016933,0.8540646425073457,0.8288973384030418,0.8808080808080808,0.9011531515989294
LR,0.6100671987659646,0.6146187313355987,0.6143827029072931,0.6399187404773997,0.6826617772412437,"{'C': 1.0, 'solver': 'lbfgs'}","['mfcc_8', 'wav_detail_lvl3_std', 'zcr_mean']",0.5222929936305732,0.5125,0.5324675324675324,0.5856437191397917,0.5649566955363091,0.5108433734939759,0.6318926974664679,0.6034436290494145,0.7429519071310116,0.8205128205128205,0.6787878787878788,0.858897983534525
LR,0.6099712519804722,0.6105089014106014,0.654841151562463,0.6744540375825292,0.6689281646262915,"{'C': 0.1, 'solver': 'lbfgs'}","['mfcc_3', 'mfcc_11', 'mfcc_10']",0.5665445665445665,0.45401174168297453,0.7532467532467533,0.5556994321595898,0.40789473684210525,0.5521628498727735,0.323397913561848,0.5645857476847862,0.8554744525547445,0.8253521126760563,0.8878787878787879,0.8864993140344982
LR,0.6087142669892547,0.6180443084427308,0.6393375598293631,0.6881665820213306,0.6840435978909684,"{'C': 0.1, 'solver': 'lbfgs'}","['mfcc_6', 'mfcc_5', 'mfcc_11', 'mfcc_10']",0.47831474597273854,0.3867735470941884,0.6266233766233766,0.5148788268096863,0.45623836126629425,0.607940446650124,0.3651266766020864,0.6134417252502062,0.8915896937287312,0.85941893158388,0.9262626262626262,0.9238102416130125
LR,0.6076596914169904,0.6132464858219692,0.6273362035657118,0.6825799898425596,0.6826831651463633,"{'C': 0.1, 'solver': 'lbfgs'}","['mfcc_6', 'mfcc_11', 'mfcc_8', 'mfcc_10', 'zcr_mean']",0.46357615894039733,0.39149888143176736,0.5681818181818182,0.47107136802167066,0.49464285714285716,0.6169265033407573,0.4128166915052161,0.6615337333310702,0.864760058167717,0.8313140726933831,0.901010101010101,0.915444394086349
LR,0.6074532543168306,0.616725995943582,0.607858838186707,0.6389029964448959,0.7082839727997271,"{'C': 0.1, 'solver': 'lbfgs'}","['mfcc_11', 'wav_detail_lvl5_std', 'spec_centroid']",0.511864406779661,0.5354609929078015,0.4902597402597403,0.5926603325474343,0.5886990801576872,0.5264394829612221,0.6676602086438153,0.6746251502884882,0.7217962760131434,0.7882775119617225,0.6656565656565656,0.8575664355632588
LR,0.6067531806940344,0.6109617995691382,0.6103387505026849,0.6323006602336211,0.6891118817921619,"{'C': 1.0, 'solver': 'lbfgs'}","['mfcc_11', 'mfcc_8', 'wav_detail_lvl3_std', 'zcr_mean']",0.5390749601275917,0.5297805642633229,0.5487012987012987,0.5984249293688557,0.5452109845947756,0.4951338199513382,0.6065573770491803,0.6112875667046862,0.735973597359736,0.8079710144927537,0.6757575757575758,0.8576231493029436
LR,0.6061047080271981,0.6054192392549341,0.6454095995079602,0.6678517013712545,0.6591219093883142,"{'C': 1.0, 'solver': 'lbfgs'}","['mfcc_3', 'mfcc_10']",0.5467980295566502,0.44047619047619047,0.7207792207792207,0.5145340262601028,0.4249084249084249,0.5510688836104513,0.34575260804769004,0.5832720853086801,0.8466076696165191,0.8247126436781609,0.8696969696969697,0.8795596165961594
LR,0.6056420900653915,0.599095219636106,0.6161616161616161,0.6510919248349416,0.690393437053324,"{'C': 10.0, 'solver': 'lbfgs'}","['mfcc_3', 'mfcc_11', 'mfcc_8', 'zcr_mean', 'spec_centroid']",0.5384615384615384,0.4945652173913043,0.5909090909090909,0.5884680769869318,0.4810725552050473,0.5108877721943048,0.45454545454545453,0.6029424042278485,0.7973921765295887,0.7918326693227091,0.803030303030303,0.8797698299451917
LR,0.604976460203641,0.6188419648732403,0.5978615191729946,0.6561706449974607,0.632996042584837,"{'C': 0.1, 'solver': 'lbfgs'}",['wav_detail_lvl3_std'],0.519298245614035,0.5648854961832062,0.4805194805194805,0.5776285437957581,0.5269076305220883,0.5714285714285714,0.488822652757079,0.5169807170911647,0.7687235044747998,0.7202118270079435,0.8242424242424242,0.8043788668675882
LR,0.6043504655789439,0.6038642984336923,0.6049065991688942,0.6439817166074149,0.6780931904339861,"{'C': 1.0, 'solver': 'lbfgs'}","['mfcc_3', 'mfcc_11', 'mfcc_8', 'wav_detail_lvl3_std']",0.5395799676898223,0.5369774919614148,0.5422077922077922,0.6272614636231015,0.5033911077618689,0.5091463414634146,0.4977645305514158,0.5533601228956284,0.7700803212851406,0.7654690618762475,0.7747474747474747,0.8536579847832284
LR,0.6038728405194503,0.6181362205693587,0.6457029309488326,0.686135093956323,0.6333784698245788,"{'C': 0.1, 'solver': 'lbfgs'}","['mfcc_6', 'mfcc_5', 'mfcc_10']",0.498812351543943,0.39325842696629215,0.6818181818181818,0.3830971074159127,0.4171539961013645,0.6028169014084507,0.31892697466467956,0.5856199068294947,0.8956521739130435,0.8583333333333333,0.9363636363636364,0.931418395228329
LR,0.603768886408922,0.597064175292148,0.6132093771438033,0.6424581005586593,0.6784605654166574,"{'C': 10.0, 'solver': 'lbfgs'}","['mfcc_3', 'mfcc_8', 'zcr_mean', 'spec_centroid']",0.5492537313432836,0.5082872928176796,0.5974025974025974,0.569624549537871,0.4811683320522675,0.49682539682539684,0.46646795827123694,0.5872125950426118,0.7808845958312151,0.7860798362333674,0.7757575757575758,0.8785445516694896
LR,0.6033931433924412,0.6114723236710208,0.5981028079388735,0.6460132046724225,0.6372367077955492,"{'C': 0.1, 'solver': 'lbfgs'}","['mfcc_3', 'wav_detail_lvl3_std']",0.5420240137221269,0.5745454545454546,0.512987012987013,0.6235563621102045,0.5058365758754864,0.5293159609120521,0.4843517138599106,0.5450857299530523,0.7623188405797101,0.7305555555555555,0.796969696969697,0.7430680313233908
LR,0.6031948950203762,0.6111299366550299,0.633927881468865,0.6825799898425596,0.679542679525374,"{'C': 0.1, 'solver': 'lbfgs'}","['mfcc_6', 'mfcc_5', 'mfcc_11', 'mfcc_10', 'zcr_mean']",0.4794007490636704,0.3894523326572008,0.6233766233766234,0.5142613809338268,0.4450651769087523,0.5930521091811415,0.3561847988077496,0.6060323484866816,0.8851187590887057,0.8508853681267474,0.9222222222222223,0.9183343091556135
LR,0.6030217257235259,0.605056722965665,0.6115818607621887,0.6775012696800407,0.6311530464676318,"{'C': 0.1, 'solver': 'lbfgs'}","['mfcc_5', 'mfcc_11', 'zcr_mean', 'spec_centroid']",0.3923705722070845,0.3380281690140845,0.4675324675324675,0.39136920290941013,0.563011456628478,0.6243194192377496,0.5126676602086438,0.6364221793564802,0.8536831483350151,0.8528225806451613,0.8545454545454545,0.8656677571370053
LR,0.6030062695578958,0.6080209072867747,0.6222127599176779,0.6775012696800407,0.6923745161237305,"{'C': 1.0, 'solver': 'lbfgs'}","['mfcc_6', 'mfcc_11', 'mfcc_8', 'mfcc_10']",0.4508519003931848,0.378021978021978,0.5584415584415584,0.4811242406713477,0.49557522123893805,0.6100217864923747,0.4172876304023845,0.6750329669075643,0.8625916870415647,0.8360189573459715,0.8909090909090909,0.9209663407922797
LR,0.6024393482835199,0.6054041996095082,0.6077732831831192,0.6333164042661249,0.6848095028209101,"{'C': 1.0, 'solver': 'lbfgs'}","['mfcc_11', 'wav_detail_lvl5_std']",0.5047923322683706,0.4968553459119497,0.512987012987013,0.5920398796097588,0.5851703406813628,0.5302663438256658,0.6527570789865872,0.6259099478480094,0.7173553719008264,0.7890909090909091,0.6575757575757576,0.836478681004962
LR,0.6022374900574216,0.6034461641336871,0.6066630394499247,0.6292534281361097,0.6767233409120174,"{'C': 10.0, 'solver': 'lbfgs'}","['mfcc_11', 'mfcc_8', 'wav_detail_lvl3_std']",0.5345911949685535,0.5182926829268293,0.551948051948052,0.5973917425886065,0.5362517099863201,0.49557522123893805,0.5842026825633383,0.5834017836960429,0.7358695652173913,0.7964705882352942,0.6838383838383838,0.849376496451403
LR,0.6020107098394931,0.6120596524780754,0.5951269131597,0.6348400203148806,0.7158527709131707,"{'C': 0.1, 'solver': 'lbfgs'}","['mfcc_3', 'wav_detail_lvl3_std', 'zcr_mean', 'spec_centroid']",0.542608695652174,0.5842696629213483,0.5064935064935064,0.6421741673196725,0.5087842586085735,0.48138297872340424,0.5394932935916542,0.6315353751397768,0.7546391752577319,0.7705263157894737,0.7393939393939394,0.8738487702800631
LR,0.6018944606335329,0.6136685952206263,0.5951355869388656,0.6348400203148806,0.6856171206583159,"{'C': 0.1, 'solver': 'lbfgs'}","['mfcc_11', 'wav_detail_lvl3_std', 'zcr_mean', 'spec_centroid']",0.528169014084507,0.5769230769230769,0.487012987012987,0.5941215410226866,0.5379310344827586,0.5006418485237484,0.5812220566318927,0.6032802874068676,0.7395833333333334,0.7634408602150538,0.7171717171717171,0.8594495335453939
LR,0.6017527869480417,0.6037691510295874,0.599871864625963,0.638395124428644,0.7102299268055584,"{'C': 1.0, 'solver': 'lbfgs'}","['mfcc_3', 'mfcc_11', 'wav_detail_lvl3_std', 'spec_centroid']",0.5454545454545454,0.5555555555555556,0.5357142857142857,0.6437263901965892,0.49592894152479644,0.49264705882352944,0.4992548435171386,0.622465812082968,0.763874873864783,0.7631048387096774,0.7646464646464647,0.8644975781371178
LR,0.6017453412644086,0.6115268913917905,0.6366530251776154,0.6749619095987811,0.6314894697288906,"{'C': 0.1, 'solver': 'lbfgs'}","['mfcc_5', 'mfcc_11', 'mfcc_10']",0.48095238095238096,0.37969924812030076,0.6558441558441559,0.44195476124404,0.44878957169459965,0.598014888337469,0.3591654247391952,0.6012067312834845,0.8754940711462451,0.8568665377176016,0.8949494949494949,0.8513069166591475
LR,0.6014974719000424,0.6042741836351077,0.6035913388372404,0.6312849162011173,0.6844736549224377,"{'C': 1.0, 'solver': 'lbfgs'}","['mfcc_8', 'wav_detail_lvl3_std', 'spec_centroid']",0.5249597423510467,0.5207667731629393,0.5292207792207793,0.5838291936586145,0.5423497267759563,0.5006305170239597,0.5916542473919523,0.6106791213953313,0.7371829465731247,0.7914252607184241,0.6898989898989899,0.858912649713367
LR,0.6012302983722004,0.6084075317197956,0.5962765831618291,0.6434738445911631,0.7164508424019013,"{'C': 1.0, 'solver': 'lbfgs'}","['mfcc_3', 'wav_detail_lvl5_std', 'spec_centroid']",0.5043177892918825,0.5387453874538746,0.474025974025974,0.6487833789429893,0.5405405405405406,0.5170068027210885,0.5663189269746647,0.6431704057362346,0.7588325652841782,0.7694704049844237,0.7484848484848485,0.8573987425264799
LR,0.6005750252769207,0.6059403420238505,0.6193780111812899,0.6851193499238192,0.6663073041860569,"{'C': 0.1, 'solver': 'lbfgs'}","['mfcc_6', 'mfcc_5', 'mfcc_11', 'spec_centroid']",0.4332892998678996,0.36525612472160357,0.5324675324675324,0.4652312687517563,0.47814451382694023,0.5955555555555555,0.39940387481371087,0.607598002869367,0.8902912621359224,0.8570093457943925,0.9262626262626262,0.926092640937047
LR,0.6002985722776079,0.6068677013185937,0.5982132014918901,0.6297613001523616,0.6875486745238092,"{'C': 1.0, 'solver': 'lbfgs'}","['mfcc_11', 'mfcc_8', 'wav_detail_lvl3_std', 'spec_centroid']",0.5302013422818792,0.5486111111111112,0.512987012987013,0.5955381573370121,0.5361527967257844,0.49433962264150944,0.5856929955290611,0.607134332363905,0.7345415778251599,0.7776523702031602,0.695959595959596,0.8599735338705106
LR,0.5998718313827154,0.6055690668548886,0.6182236100268886,0.6856272219400711,0.6681604657179427,"{'C': 1.0, 'solver': 'lbfgs'}","['mfcc_6', 'mfcc_5', 'mfcc_11', 'mfcc_10', 'spec_centroid']",0.4291390728476821,0.3624161073825503,0.525974025974026,0.46913050687395824,0.4785714285714286,0.5968819599109132,0.39940387481371087,0.6087197665149022,0.8919049927290353,0.8574091332712023,0.9292929292929293,0.9266311237649677
LR,0.5991741639579878,0.5987583276204539,0.6194012726799611,0.6505840528186897,0.653260325219544,"{'C': 0.1, 'solver': 'lbfgs'}","['mfcc_8', 'mfcc_10', 'spec_centroid']",0.45363408521303256,0.3693877551020408,0.5876623376623377,0.3740247853927988,0.5324779470729751,0.5763888888888888,0.4947839046199702,0.683421450719444,0.8114104595879557,0.8504983388704319,0.7757575757575758,0.9023347395463894
LR,0.5990023414435508,0.611034978729784,0.6391215038756023,0.6820721178263077,0.6177914843400695,"{'C': 0.1, 'solver': 'lbfgs'}","['mfcc_6', 'mfcc_5']",0.4904306220095694,0.38825757575757575,0.6655844155844156,0.32918483394941583,0.4119922630560928,0.5867768595041323,0.3174366616989568,0.5933539053538068,0.8945841392649904,0.8580705009276438,0.9343434343434344,0.9308357137169856
LR,0.5987076676585309,0.609015674170903,0.6343682728928631,0.6703910614525139,0.6400430215535275,"{'C': 0.1, 'solver': 'lbfgs'}","['mfcc_5', 'mfcc_11', 'mfcc_10', 'zcr_mean']",0.4765258215962441,0.37316176470588236,0.6590909090909091,0.44325355675235834,0.4479553903345725,0.5950617283950618,0.3591654247391952,0.6021984540094429,0.8716417910447761,0.8588235294117647,0.8848484848484849,0.8746770538987814
LR,0.5985731122248024,0.6021811881858407,0.5999183876233056,0.6312849162011173,0.6839191298560002,"{'C': 0.1, 'solver': 'lbfgs'}","['mfcc_8', 'wav_detail_lvl3_std', 'zcr_mean', 'spec_centroid']",0.510569105691057,0.511400651465798,0.5097402597402597,0.5779093533695908,0.547683923705722,0.5043914680050188,0.5991058122205664,0.6148969458552462,0.7374663072776281,0.7907514450867053,0.6909090909090909,0.8589510903431637
LR,0.5983199782654361,0.6047190219617292,0.6036268224792815,0.6287455561198578,0.7033186313974755,"{'C': 0.1, 'solver': 'lbfgs'}","['mfcc_11', 'wav_detail_lvl5_std', 'mfcc_8', 'spec_centroid']",0.499194847020934,0.4952076677316294,0.5032467532467533,0.5877085468391103,0.581319399085565,0.5174418604651163,0.6631892697466468,0.6650278568922461,0.7144456886898096,0.8015075376884422,0.6444444444444445,0.8572194904610702
LR,0.5982066726391565,0.5971930711839498,0.6042812985435936,0.6642965972574911,0.6434887266779249,"{'C': 10.0, 'solver': 'lbfgs'}","['mfcc_8', 'mfcc_10', 'zcr_mean', 'spec_centroid']",0.3829787234042553,0.34005037783375314,0.4383116883116883,0.37104705101876767,0.5939849624060151,0.5993930197268589,0.5886736214605067,0.6563218259157496,0.8176563321071991,0.8521358159912377,0.7858585858585858,0.9030973030992575
LR,0.5981713215132479,0.6027806466964613,0.6020943234057988,0.6353478923311325,0.7001086361821246,"{'C': 1.0, 'solver': 'lbfgs'}","['wav_detail_lvl5_std', 'spec_centroid']",0.477124183006536,0.48026315789473684,0.474025974025974,0.5592713826206823,0.5976095617529881,0.5389221556886228,0.6706408345752608,0.6899390177277577,0.7197802197802198,0.7891566265060241,0.6616161616161617,0.8511155081979339
LR,0.5981684152716417,0.6083928310085079,0.608554317570711,0.6307770441848655,0.6810239552361051,"{'C': 1.0, 'solver': 'lbfgs'}","['wav_detail_lvl5_std', 'zcr_mean']",0.4786053882725832,0.4674922600619195,0.4902597402597403,0.5491037990698909,0.6136363636363636,0.5323110624315444,0.7242921013412816,0.6484593671923029,0.702263493905978,0.82537517053206,0.6111111111111112,0.8455086994461216
LR,0.5979661346891861,0.6084724367619933,0.6315102626578036,0.6820721178263077,0.6240543556561372,"{'C': 0.1, 'solver': 'lbfgs'}","['mfcc_6', 'mfcc_5', 'mfcc_10', 'spec_centroid']",0.4700122399020808,0.37721021611001965,0.6233766233766234,0.35714507905179,0.42843601895734595,0.5885416666666666,0.33681073025335323,0.5838047271462208,0.8954501452081317,0.8596654275092936,0.9343434343434344,0.9312132607704009
LR,0.5977349115236771,0.5987138648844593,0.6097855999495344,0.6800406297613002,0.644148444058738,"{'C': 0.1, 'solver': 'lbfgs'}","['mfcc_6', 'mfcc_11', 'zcr_mean', 'spec_centroid']",0.43243243243243246,0.3848101265822785,0.4935064935064935,0.4508068079689068,0.4884318766066838,0.5745967741935484,0.4247391952309985,0.5676987005474088,0.8723404255319149,0.8367346938775511,0.9111111111111111,0.9139398236598983
LR,0.5960391588119823,0.603214953255241,0.5949013949013949,0.6323006602336211,0.7081869370256642,"{'C': 0.1, 'solver': 'lbfgs'}","['mfcc_11', 'wav_detail_lvl5_std', 'zcr_mean', 'spec_centroid']",0.4906303236797274,0.5161290322580645,0.4675324675324675,0.5860748320704482,0.5758597437626433,0.5258620689655172,0.6363636363636364,0.6836118970338022,0.721627408993576,0.7676537585421412,0.6808080808080809,0.854874081972742
LR,0.5959326020229226,0.6005810547414202,0.5926947066291328,0.638395124428644,0.7124147328297159,"{'C': 1.0, 'solver': 'lbfgs'}","['mfcc_3', 'wav_detail_lvl5_std', 'mfcc_8', 'spec_centroid']",0.49746192893401014,0.519434628975265,0.4772727272727273,0.6343622619669269,0.5335235378031383,0.5116279069767442,0.5573770491803278,0.6465749030528869,0.7568123393316195,0.7706806282722513,0.7434343434343434,0.8563070334693337
LR,0.5953990501347004,0.6053538995077231,0.5897822881429439,0.6262061960385983,0.6876721144354946,"{'C': 1.0, 'solver': 'lbfgs'}","['mfcc_11', 'mfcc_8', 'wav_detail_lvl3_std', 'zcr_mean', 'spec_centroid']",0.5277777777777778,0.5671641791044776,0.4935064935064935,0.5939273989537032,0.5279117849758787,0.491025641025641,0.5707898658718331,0.6106102236921668,0.7305075876504448,0.757871878393051,0.705050505050505,0.8584787206606137
LR,0.5950560287129649,0.6089903927976654,0.6303992303992304,0.664804469273743,0.6335592893509271,"{'C': 0.1, 'solver': 'lbfgs'}","['mfcc_5', 'mfcc_11']",0.46867749419953597,0.36462093862815886,0.6558441558441559,0.44014498490015797,0.45692883895131087,0.6146095717884131,0.36363636363636365,0.6061095529283386,0.8595617529880478,0.8477406679764243,0.8717171717171717,0.8544233302242844
LR,0.5946257881683095,0.6021197213816527,0.588733549389287,0.6333164042661249,0.6246383700260868,"{'C': 0.1, 'solver': 'lbfgs'}","['mfcc_3', 'wav_detail_lvl5_std']",0.5250431778929189,0.5608856088560885,0.4935064935064935,0.6421313497059677,0.5171385991058122,0.5171385991058122,0.5171385991058122,0.5008618944058906,0.7416955875061974,0.7283349561830574,0.7555555555555555,0.730921865966402
LR,0.5945148513885014,0.5980233956272553,0.6135720988180005,0.6724225495175216,0.637583082501648,"{'C': 0.1, 'solver': 'lbfgs'}","['mfcc_5', 'mfcc_11', 'mfcc_10', 'spec_centroid']",0.4267352185089974,0.35319148936170214,0.538961038961039,0.40222947628964467,0.47951176983435045,0.5777310924369747,0.4098360655737705,0.6184517703281879,0.877297565822156,0.863147605083089,0.8919191919191919,0.8920680008871115
LR,0.5941233740205601,0.6038828745107935,0.6033914476537428,0.6201117318435754,0.680556765508569,"{'C': 0.1, 'solver': 'lbfgs'}","['mfcc_11', 'wav_detail_lvl5_std', 'mfcc_8', 'zcr_mean']",0.5023547880690737,0.48632218844984804,0.5194805194805194,0.5952728328597627,0.5797838525111252,0.5055432372505543,0.6795827123695977,0.5955909309262752,0.7002314814814815,0.8197831978319783,0.6111111111111112,0.8508065327396691
LR,0.5940704005239166,0.6003570827932282,0.5970024207729127,0.6343321482986287,0.6970594894814729,"{'C': 0.1, 'solver': 'lbfgs'}","['wav_detail_lvl5_std', 'zcr_mean', 'spec_centroid']",0.46256239600665555,0.47440273037542663,0.4512987012987013,0.5460581003708121,0.600263852242744,0.5384615384615384,0.6780923994038748,0.6940098969567027,0.7193849533223503,0.7882069795427196,0.6616161616161617,0.8511104711169035
LR,0.5940130585365019,0.5957717088162818,0.594696772565625,0.6912138141188421,0.6021841482694095,"{'C': 1.0, 'solver': 'lbfgs'}","['mfcc_5', 'mfcc_10', 'zcr_mean', 'spec_centroid']",0.3042168674698795,0.28370786516853935,0.32792207792207795,0.30020077899413694,0.6015748031496063,0.6377295492487479,0.5692995529061102,0.6238370791165148,0.8762475049900199,0.8658777120315582,0.8868686868686869,0.8825145866975769
LR,0.5939212191142952,0.603113827279937,0.5876647032384738,0.6236668359573387,0.7094414533053922,"{'C': 1.0, 'solver': 'lbfgs'}","['mfcc_3', 'wav_detail_lvl3_std', 'spec_centroid']",0.542314335060449,0.5793357933579336,0.5097402597402597,0.6366538942978829,0.5007012622720898,0.4728476821192053,0.5320417287630402,0.6364916886721494,0.7387480600103467,0.7571580063626723,0.7212121212121212,0.8551787769461443
LR,0.5928108496904231,0.5997259808914108,0.6047650588634195,0.6795327577450483,0.5674395491801657,"{'C': 0.1, 'solver': 'lbfgs'}","['mfcc_5', 'mfcc_10']",0.3876177658142665,0.3310344827586207,0.4675324675324675,0.2730859542281223,0.5117903930131005,0.6181434599156118,0.4366616989567809,0.6192797102880665,0.8790243902439024,0.85,0.9101010101010101,0.8099529830243084
LR,0.5920994794343167,0.6063912375838766,0.6277056277056278,0.6607414931437278,0.641422310452954,"{'C': 1.0, 'solver': 'lbfgs'}","['mfcc_5', 'mfcc_11', 'zcr_mean']",0.46436781609195404,0.3594306049822064,0.6558441558441559,0.44000339042243247,0.45607476635514016,0.6115288220551378,0.36363636363636365,0.6070521297887714,0.8558558558558559,0.8482142857142857,0.8636363636363636,0.8772114111476579
LR,0.591849073222278,0.6043731534813013,0.6043877494697166,0.6241747079735906,0.6570085085399988,"{'C': 0.1, 'solver': 'lbfgs'}","['wav_detail_lvl5_std', 'mfcc_8', 'zcr_mean']",0.4686064318529862,0.4434782608695652,0.4967532467532468,0.5622491698733039,0.6005025125628141,0.5190010857763301,0.7123695976154992,0.56807809244092,0.7064382752510336,0.8506401137980085,0.604040404040404,0.8406982633057725
LR,0.5914486161148588,0.6016401860343755,0.6020564741876216,0.6876587100050787,0.6230122807945109,"{'C': 1.0, 'solver': 'lbfgs'}","['mfcc_6', 'mfcc_5', 'zcr_mean', 'spec_centroid']",0.3641304347826087,0.3130841121495327,0.43506493506493504,0.3280406971867763,0.5128660159716061,0.6337719298245614,0.4307004470938897,0.612538427495896,0.8973493975903615,0.8580645161290322,0.9404040404040404,0.9284577177008604
LR,0.5911300389172948,0.5980713100689466,0.5864756069674103,0.6262061960385983,0.6614960494633119,"{'C': 1.0, 'solver': 'lbfgs'}","['mfcc_3', 'wav_detail_lvl5_std', 'mfcc_8']",0.5171232876712328,0.5471014492753623,0.4902597402597403,0.638902714265336,0.5176304654442877,0.49129852744310576,0.5469448584202683,0.5278351116667935,0.7386363636363636,0.7558139534883721,0.7222222222222222,0.8177503224578062
LR,0.5903955969624161,0.5891650965322953,0.5981075390911457,0.6536312849162011,0.6498050709343272,"{'C': 0.1, 'solver': 'lbfgs'}","['mfcc_11', 'mfcc_8', 'mfcc_10', 'zcr_mean', 'spec_centroid']",0.39609483960948394,0.3471882640586797,0.461038961038961,0.43493772133235375,0.5554716981132075,0.5626911314984709,0.5484351713859911,0.6128237443257882,0.819620253164557,0.8576158940397351,0.7848484848484848,0.9016537471448396
LR,0.5891943189250956,0.5862870866218931,0.625752056079925,0.6358557643473844,0.6386396309584935,"{'C': 1.0, 'solver': 'lbfgs'}","['mfcc_11', 'mfcc_8', 'mfcc_10']",0.512396694214876,0.4025974025974026,0.7045454545454546,0.44748915895480834,0.44763513513513514,0.5165692007797271,0.3949329359165425,0.5708059233623411,0.8075511274252754,0.8396946564885496,0.7777777777777778,0.897623810558331
LR,0.5883675302209023,0.5925536562938275,0.6068597765319077,0.6612493651599797,0.6435819929219752,"{'C': 0.1, 'solver': 'lbfgs'}","['mfcc_5', 'mfcc_11', 'spec_centroid']",0.41509433962264153,0.33880903490759756,0.5357142857142857,0.40578205877113777,0.4883920894239037,0.5772357723577236,0.4232488822652757,0.6326418067462333,0.8616161616161616,0.8616161616161616,0.8616161616161616,0.8923221132485544
LR,0.5876776727480609,0.5970525005823568,0.6302352171204629,0.6714068054850177,0.631958795131056,"{'C': 0.1, 'solver': 'lbfgs'}","['mfcc_6', 'mfcc_10']",0.49578820697954273,0.3938814531548757,0.6688311688311688,0.38827282671576496,0.3840155945419103,0.5549295774647888,0.293591654247392,0.581848214447944,0.8832292167227295,0.842346471127406,0.9282828282828283,0.9257553442294592
LR,0.5872820562539341,0.5916784912531373,0.591539516949353,0.6256983240223464,0.6930177337712591,"{'C': 0.1, 'solver': 'lbfgs'}","['wav_detail_lvl5_std', 'mfcc_8', 'zcr_mean', 'spec_centroid']",0.4620355411954766,0.45980707395498394,0.4642857142857143,0.5473900648990018,0.5820598006644518,0.5251798561151079,0.6527570789865872,0.681599853578688,0.7177508269018743,0.7900485436893204,0.6575757575757576,0.8500632828360877
LR,0.5871446509367697,0.5900175134966849,0.6074614213958477,0.669883189436262,0.6492877848267952,"{'C': 1.0, 'solver': 'lbfgs'}","['mfcc_6', 'mfcc_11', 'mfcc_10', 'spec_centroid']",0.4365079365079365,0.36830357142857145,0.5357142857142857,0.4487137957006975,0.44919786096256686,0.5587583148558758,0.37555886736214605,0.5779374778210161,0.8757281553398059,0.8429906542056075,0.9111111111111111,0.9212120809586719
LR,0.5870187107074598,0.5917208527980851,0.5831638003769152,0.627729812087354,0.6396100753908701,"{'C': 0.1, 'solver': 'lbfgs'}","['mfcc_3', 'wav_detail_lvl5_std', 'wav_detail_lvl3_std']",0.5109983079526227,0.5335689045936396,0.4902597402597403,0.6347872673219995,0.5124340617935192,0.5182926829268293,0.5067064083457526,0.530399515293277,0.7376237623762376,0.7233009708737864,0.7525252525252525,0.7536434435573339
LR,0.5869561611612304,0.5888278252613325,0.6229796008484533,0.6373793803961402,0.6462305451650391,"{'C': 0.1, 'solver': 'lbfgs'}","['mfcc_8', 'mfcc_10']",0.5035460992907801,0.395910780669145,0.6915584415584416,0.40463507976140556,0.45977011494252873,0.5652173913043478,0.38748137108792846,0.6389729966697761,0.7975522692503825,0.8053553038105047,0.7898989898989899,0.8950835590639357
LR,0.5862668541737462,0.5934343939349437,0.595691891593531,0.611477907567293,0.6623568648520365,"{'C': 0.1, 'solver': 'lbfgs'}","['mfcc_11', 'wav_detail_lvl5_std', 'mfcc_8']",0.4992248062015504,0.47774480712166173,0.5227272727272727,0.5950066853226097,0.5657216494845361,0.4982973893303065,0.65424739195231,0.5486554339001631,0.6938541068351523,0.8042609853528628,0.6101010101010101,0.8434084753333366
LR,0.5861819912792653,0.586757286541798,0.5860663622958705,0.6190959878110716,0.6981164857420216,"{'C': 0.1, 'solver': 'lbfgs'}","['mfcc_3', 'mfcc_8', 'wav_detail_lvl3_std', 'spec_centroid']",0.5292207792207793,0.5292207792207793,0.5292207792207793,0.6155310058695843,0.4895003620564808,0.476056338028169,0.503725782414307,0.6240899989200092,0.7398248325605358,0.7549947423764458,0.7252525252525253,0.8547284524364712
LR,0.5860106503225881,0.593453610574915,0.6189510246887296,0.6714068054850177,0.6252768343619114,"{'C': 0.1, 'solver': 'lbfgs'}","['mfcc_6', 'mfcc_10', 'spec_centroid']",0.4657534246575342,0.37777777777777777,0.6071428571428571,0.37308467310590043,0.40681173131504256,0.5569948186528497,0.3204172876304024,0.5767987024900473,0.8854667949951877,0.8455882352941176,0.9292929292929293,0.9259471274897866
LR,0.5846317775679939,0.5800202293095148,0.6186513850448276,0.6338242762823768,0.6353718901631598,"{'C': 1.0, 'solver': 'lbfgs'}","['mfcc_11', 'mfcc_8', 'mfcc_10', 'zcr_mean']",0.5102781136638452,0.40655105973025046,0.685064935064935,0.44133842995277345,0.4344885883347422,0.501953125,0.3830104321907601,0.5700704163505992,0.8091286307053942,0.8315565031982942,0.7878787878787878,0.8947068241861067
LR,0.5845224406923307,0.5889169305302971,0.5896253715925847,0.6211274758760792,0.6952365416491304,"{'C': 0.1, 'solver': 'lbfgs'}","['wav_detail_lvl5_std', 'mfcc_8', 'spec_centroid']",0.46496815286624205,0.45625,0.474025974025974,0.5593981684484427,0.5716180371352785,0.5149342891278376,0.6423248882265276,0.6764886147812762,0.7169811320754716,0.7955665024630542,0.6525252525252525,0.8498228417176721
LR,0.5834351248023969,0.5752194398117693,0.6086848185208841,0.6272219400711021,0.6703747184772725,"{'C': 10.0, 'solver': 'lbfgs'}","['mfcc_3', 'mfcc_11', 'mfcc_8', 'spec_centroid']",0.5343915343915344,0.45089285714285715,0.6558441558441559,0.5552674160640626,0.44110275689223055,0.5019011406844106,0.39344262295081966,0.5885789148296382,0.7748110831234257,0.7728643216080402,0.7767676767676768,0.8672778245381163
LR,0.5832750088200537,0.5813083257704671,0.5993601116551937,0.6343321482986287,0.6453154450005589,"{'C': 0.1, 'solver': 'lbfgs'}","['mfcc_11', 'mfcc_8', 'mfcc_10', 'spec_centroid']",0.4401041666666667,0.3673913043478261,0.5487012987012987,0.43603372624813164,0.5088666152659984,0.5271565495207667,0.4918032786885246,0.5996866587166306,0.800854244527496,0.8493771234428086,0.7575757575757576,0.9002259500369145
LR,0.5798637702117803,0.5848234651957828,0.5814456035767511,0.6124936515997969,0.703223486455579,"{'C': 1.0, 'solver': 'lbfgs'}","['mfcc_11', 'wav_detail_lvl5_std', 'mfcc_8', 'zcr_mean', 'spec_centroid']",0.48355263157894735,0.49,0.4772727272727273,0.5811169602910975,0.5513078470824949,0.501219512195122,0.6125186289120715,0.6731358104061722,0.7047308319738989,0.7632508833922261,0.6545454545454545,0.8554176886694674
LR,0.5785238329161655,0.5777785589866683,0.5794707417658237,0.6099542915185373,0.6597410828560836,"{'C': 0.1, 'solver': 'lbfgs'}","['mfcc_3', 'mfcc_8', 'wav_detail_lvl3_std']",0.5273311897106109,0.5222929936305732,0.5324675324675324,0.615318046530712,0.4842259721203228,0.476878612716763,0.4918032786885246,0.5490633699517979,0.7240143369175627,0.7341640706126688,0.7141414141414142,0.8148418320857409
LR,0.5781733885120294,0.5815722031342601,0.6151739881248078,0.6302691721686136,0.6440761192577975,"{'C': 0.1, 'solver': 'lbfgs'}","['mfcc_8', 'mfcc_10', 'zcr_mean']",0.4929906542056075,0.38503649635036497,0.685064935064935,0.4095522214931442,0.44682752457551383,0.5580357142857143,0.37257824143070045,0.6277405092383627,0.7947019867549668,0.8016443987667009,0.7878787878787878,0.8949356270418859
LR,0.5751491270458834,0.577133687986847,0.5979182930002602,0.6587100050787201,0.6487537020724701,"{'C': 10.0, 'solver': 'lbfgs'}","['mfcc_6', 'mfcc_11', 'spec_centroid']",0.43455497382198954,0.36403508771929827,0.538961038961039,0.45764883884239765,0.420863309352518,0.5306122448979592,0.34873323397913564,0.570277099489324,0.8700290979631425,0.8367537313432836,0.906060606060606,0.9183351678856885
LR,0.5749597129754895,0.581748810848916,0.6069823922282939,0.659217877094972,0.6579686506031943,"{'C': 0.1, 'solver': 'lbfgs'}","['mfcc_6', 'mfcc_11', 'mfcc_10']",0.4449877750611247,0.3568627450980392,0.5909090909090909,0.4688390862050153,0.40074906367041196,0.5390428211586902,0.31892697466467956,0.5849443410330859,0.8791423001949318,0.8493408662900188,0.9111111111111111,0.9201225245714816
LR,0.574665631080974,0.5813773813482825,0.6067832895701749,0.6612493651599797,0.6553805864387621,"{'C': 1.0, 'solver': 'lbfgs'}","['mfcc_6', 'mfcc_11', 'mfcc_10', 'zcr_mean']",0.4502487562189055,0.3649193548387097,0.5876623376623377,0.47153906264603007,0.3947119924457035,0.538659793814433,0.3114754098360656,0.5822870755405422,0.8790361445783132,0.840552995391705,0.9212121212121213,0.9123156211297138
LR,0.5715706938319666,0.578735326378312,0.6045706873575726,0.6556627729812088,0.6538462280257888,"{'C': 0.1, 'solver': 'lbfgs'}","['mfcc_6', 'mfcc_11', 'zcr_mean']",0.4479804161566707,0.35952848722986247,0.5941558441558441,0.4723401668836907,0.39433962264150946,0.5372750642673522,0.3114754098360656,0.5773919019729343,0.8723920426977195,0.8394024276377218,0.908080808080808,0.9118066152207416
LR,0.5711589267348672,0.5868323709676971,0.6132184451856583,0.6627729812087354,0.6094984688358435,"{'C': 0.1, 'solver': 'lbfgs'}","['mfcc_6', 'mfcc_5', 'spec_centroid']",0.44779582366589327,0.3483754512635379,0.6266233766233766,0.3124449646709128,0.37066402378592667,0.5532544378698225,0.2786885245901639,0.585349985131012,0.8950169327527818,0.8588672237697307,0.9343434343434344,0.9307004567056054
LR,0.5711090804289681,0.5756163332041396,0.5702327726917891,0.6749619095987811,0.597184295425241,"{'C': 0.1, 'solver': 'lbfgs'}","['mfcc_5', 'zcr_mean', 'spec_centroid']",0.2478134110787172,0.22486772486772486,0.275974025974026,0.27374458384814737,0.5907643312101911,0.6341880341880342,0.5529061102831595,0.6311053151419029,0.874749498997996,0.8677932405566601,0.8818181818181818,0.8867029872856725
LR,0.5703562383226224,0.5600830508474576,0.5876252769695393,0.601320467242255,0.6726239020725142,"{'C': 10.0, 'solver': 'lbfgs'}","['mfcc_3', 'zcr_mean', 'spec_centroid']",0.556497175141243,0.4925,0.6396103896103896,0.5932241727163574,0.4058641975308642,0.4208,0.3919523099850969,0.546276661668473,0.7487073422957601,0.7669491525423728,0.7313131313131314,0.8783708718327122
LR,0.5702158435101536,0.5774167075571266,0.6039859957892745,0.6541391569324531,0.6555771128970939,"{'C': 10.0, 'solver': 'lbfgs'}","['mfcc_6', 'mfcc_11']",0.4471445929526124,0.3572815533980582,0.5974025974025974,0.47067405374795274,0.3909348441926346,0.5335051546391752,0.30849478390462,0.5777821578804643,0.872568093385214,0.8414634146341463,0.906060606060606,0.9182751270628644
LR,0.5687566447879774,0.5586077600186142,0.5872917307343536,0.6104621635347892,0.6802534671406621,"{'C': 10.0, 'solver': 'lbfgs'}","['mfcc_3', 'mfcc_11', 'zcr_mean', 'spec_centroid']",0.5335195530726257,0.4681372549019608,0.6201298701298701,0.6194294673919919,0.4,0.4297945205479452,0.3740685543964232,0.5429099629998573,0.7727503812913066,0.7778915046059366,0.7676767676767676,0.8784209710301373
LR,0.5679854719761929,0.5573332380529772,0.6093274667045159,0.6216353478923311,0.6356774808523619,"{'C': 1.0, 'solver': 'lbfgs'}","['mfcc_3', 'mfcc_11', 'mfcc_8', 'zcr_mean']",0.550185873605948,0.44488977955911824,0.7207792207792207,0.5153385962015006,0.3513753327417924,0.4342105263157895,0.29508196721311475,0.514384888600228,0.8023952095808383,0.7928994082840237,0.8121212121212121,0.8773089577553571
LR,0.5665320062054887,0.5663838764700602,0.5672292795243615,0.6688674454037582,0.5991489728298571,"{'C': 0.1, 'solver': 'lbfgs'}","['mfcc_10', 'spec_centroid']",0.22115384615384615,0.21835443037974683,0.22402597402597402,0.2730546493376748,0.6569767441860465,0.6411347517730497,0.6736214605067065,0.6292440941535772,0.8214654282765738,0.8396624472573839,0.804040404040404,0.8951481749983193
LR,0.5653967879813929,0.565058885968697,0.5668196405901323,0.5901472828847131,0.6258003897743384,"{'C': 1.0, 'solver': 'lbfgs'}","['mfcc_8', 'wav_detail_lvl3_std']",0.5256410256410257,0.5189873417721519,0.5324675324675324,0.5842549114648725,0.47639484978540775,0.4580467675378267,0.496274217585693,0.4630340768768645,0.6941544885177453,0.7181425485961123,0.6717171717171717,0.8301121809812784
LR,0.5648556516744462,0.5693539106769908,0.6121085957151531,0.6505840528186897,0.6112809969998211,"{'C': 0.1, 'solver': 'lbfgs'}",['mfcc_6'],0.49047619047619045,0.38721804511278196,0.6688311688311688,0.33103499090615573,0.3343166175024582,0.4913294797687861,0.2533532041728763,0.5787992504520127,0.86977414704469,0.8295142071494043,0.9141414141414141,0.9240087496412948
LR,0.5637241439500925,0.5533674215027212,0.6057838336526861,0.6160487557135602,0.6329431555337791,"{'C': 10.0, 'solver': 'lbfgs'}","['mfcc_3', 'mfcc_8', 'zcr_mean']",0.5421245421245421,0.4344422700587084,0.7207792207792207,0.5087992841620461,0.35066079295154184,0.42887931034482757,0.2965722801788376,0.5119050094972535,0.7983870967741935,0.7967806841046278,0.8,0.8781251729420378
LR,0.5634578592002737,0.5636318653903614,0.569802632097714,0.6358557643473844,0.5953985971585601,"{'C': 0.1, 'solver': 'lbfgs'}","['mfcc_11', 'mfcc_10', 'zcr_mean', 'spec_centroid']",0.35310344827586204,0.3069544364508393,0.4155844155844156,0.35054250517983737,0.5136186770428015,0.5374592833876222,0.4918032786885246,0.5575942533266676,0.8236514522821576,0.8464818763326226,0.802020202020202,0.8780590329691752
LR,0.5624950845545164,0.5761391249003794,0.6136328152721595,0.6515997968511935,0.6592520142906224,"{'C': 10.0, 'solver': 'lbfgs'}","['mfcc_6', 'mfcc_10', 'zcr_mean']",0.4748858447488584,0.36619718309859156,0.6753246753246753,0.4477189651075075,0.3360323886639676,0.5236593059936908,0.2473919523099851,0.6062210167766997,0.8765670202507232,0.8385608856088561,0.9181818181818182,0.92381606098766
LR,0.5615829858007565,0.5778686927979538,0.6105354875846679,0.6465210766886744,0.579248622832159,"{'C': 0.1, 'solver': 'lbfgs'}","['mfcc_5', 'mfcc_10', 'zcr_mean']",0.45027322404371584,0.3393739703459638,0.6688311688311688,0.2610508251754014,0.3515392254220457,0.5267857142857143,0.2637853949329359,0.5845932501511677,0.8829365079365079,0.8674463937621832,0.898989898989899,0.8921017931699083
LR,0.5601339038844299,0.5662909573868478,0.5683249355380503,0.6571863890299644,0.6165457598189558,"{'C': 1.0, 'solver': 'lbfgs'}","['mfcc_5', 'mfcc_10', 'spec_centroid']",0.3163538873994638,0.2694063926940639,0.38311688311688313,0.2845472758456334,0.47855917667238423,0.5636363636363636,0.4157973174366617,0.6661983690679139,0.8854886475814413,0.8658301158301158,0.906060606060606,0.89889163454332
LR,0.558825607561004,0.5630754866048985,0.6011086666824372,0.6465210766886744,0.6057793446684436,"{'C': 0.1, 'solver': 'lbfgs'}","['mfcc_6', 'spec_centroid']",0.46859903381642515,0.3730769230769231,0.6298701298701299,0.32368679510877263,0.33852140077821014,0.48739495798319327,0.2593144560357675,0.5696426610009654,0.8693563880883766,0.8287545787545788,0.9141414141414141,0.9240085778955929
LR,0.5567100766262988,0.5466588028582534,0.5841171275597504,0.5921787709497207,0.6459424921377327,"{'C': 1.0, 'solver': 'lbfgs'}","['mfcc_3', 'mfcc_8', 'spec_centroid']",0.5238709677419355,0.4346895074946467,0.6590909090909091,0.4965191536689361,0.4003189792663477,0.4305317324185249,0.3740685543964232,0.5852113985449785,0.7459402828706129,0.7747551686615887,0.7191919191919192,0.8560969241992834
LR,0.5566930919930316,0.5740007749076126,0.6148715886420805,0.6505840528186897,0.686030203102533,"{'C': 0.1, 'solver': 'lbfgs'}","['mfcc_6', 'mfcc_5', 'mfcc_10', 'zcr_mean']",0.47084708470847086,0.3560732113144759,0.6948051948051948,0.5082152797356374,0.3115264797507788,0.5136986301369864,0.22354694485842028,0.619452652695712,0.8877057115198451,0.8522304832713755,0.9262626262626262,0.9304226768762494
LR,0.555718905193712,0.5591310373531223,0.5824150955298496,0.5865921787709497,0.6060782328328033,"{'C': 0.1, 'solver': 'lbfgs'}","['mfcc_8', 'spec_centroid']",0.43601895734597157,0.34328358208955223,0.5974025974025974,0.3726632770936078,0.5289256198347108,0.5333333333333333,0.5245901639344263,0.5962726635496859,0.7022121384004538,0.8007761966364813,0.6252525252525253,0.8492987578551159
LR,0.5530313995777719,0.5383900198730693,0.5992469582633517,0.5992889791772473,0.6332417770517718,"{'C': 0.1, 'solver': 'lbfgs'}","['mfcc_3', 'mfcc_11', 'zcr_mean']",0.5651644336175395,0.4522417153996101,0.7532467532467533,0.5663122647071419,0.31643356643356646,0.38266384778012685,0.2697466467958271,0.4575212854627427,0.7774961986822099,0.780264496439471,0.7747474747474747,0.8758917809854309
LR,0.5514653899255348,0.5527945729427451,0.5518826043416207,0.5911630269172169,0.5945646457811046,"{'C': 1.0, 'solver': 'lbfgs'}",['wav_detail_lvl5_std'],0.4758842443729904,0.4713375796178344,0.4805194805194805,0.540415285657403,0.48973143759873616,0.5210084033613446,0.46199701937406856,0.4546806798771824,0.688780487804878,0.6660377358490566,0.7131313131313132,0.7885979718087284
LR,0.5508070216825481,0.5359821281727976,0.5990096121243662,0.6018283392585069,0.6094462305507126,"{'C': 0.1, 'solver': 'lbfgs'}","['mfcc_3', 'mfcc_11']",0.5672371638141809,0.4549019607843137,0.7532467532467533,0.5618839828044871,0.3031390134529148,0.38063063063063063,0.2518628912071535,0.4105185531759079,0.7820448877805486,0.7724137931034483,0.7919191919191919,0.8559361556717426
LR,0.550564183827993,0.5527150020314536,0.558033890820776,0.6505840528186897,0.6069024929700874,"{'C': 1.0, 'solver': 'lbfgs'}","['mfcc_6', 'zcr_mean', 'spec_centroid']",0.3251088534107402,0.29396325459317585,0.36363636363636365,0.33095311502979563,0.45840407470288624,0.5325443786982249,0.40238450074515647,0.5656825015821062,0.8681796233703525,0.8316373728029602,0.908080808080808,0.9240718622983604
LR,0.548691152368815,0.5486276579339823,0.5670451588484375,0.6084306754697816,0.6035870295457733,"{'C': 1.0, 'solver': 'lbfgs'}","['mfcc_11', 'mfcc_10', 'spec_centroid']",0.4044943820224719,0.3286004056795132,0.525974025974026,0.3803644232484881,0.4340080971659919,0.475177304964539,0.39940387481371087,0.5394480893247399,0.807570977917981,0.8421052631578947,0.7757575757575758,0.8909485760640918
LR,0.5470609099148406,0.5320420765575158,0.590933140933141,0.5896394108684612,0.6374056230066062,"{'C': 0.1, 'solver': 'lbfgs'}","['mfcc_3', 'zcr_mean']",0.5599022004889975,0.44901960784313727,0.7435064935064936,0.5504743972399261,0.3122866894197952,0.3652694610778443,0.2727272727272727,0.4845028149974967,0.768993839835729,0.7818371607515657,0.7565656565656566,0.8772396567823959
LR,0.5462675529078342,0.5497706754231851,0.5529932423375046,0.5713560182833926,0.6062991950920359,"{'C': 0.1, 'solver': 'lbfgs'}","['wav_detail_lvl5_std', 'mfcc_8']",0.4682170542635659,0.44807121661721067,0.4902597402597403,0.5598064856276254,0.5102717031146454,0.4594272076372315,0.5737704918032787,0.4496752908420678,0.6603139013452914,0.7418136020151134,0.5949494949494949,0.8094158088064146
LR,0.5459128567921426,0.549221046947228,0.5671488499357352,0.5810055865921788,0.621132818269332,"{'C': 0.1, 'solver': 'lbfgs'}","['mfcc_11', 'mfcc_8', 'spec_centroid']",0.42663378545006164,0.34393638170974156,0.5616883116883117,0.4472284292111307,0.48712288447387786,0.4811046511627907,0.4932935916542474,0.5592593544874904,0.7239819004524887,0.8226221079691517,0.6464646464646465,0.8569106711093747
LR,0.5452717732703863,0.55391418958674,0.5897266971037463,0.6089385474860335,0.6031473753439434,"{'C': 1.0, 'solver': 'lbfgs'}","['mfcc_11', 'mfcc_10']",0.44660194174757284,0.3344103392568659,0.672077922077922,0.39657060910452085,0.3659889094269871,0.48175182481751827,0.29508196721311475,0.5526267691698098,0.8232244686365993,0.845580404685836,0.802020202020202,0.8602447477574996
LR,0.5452524107069562,0.5535197456672307,0.5887879576404167,0.6079228034535297,0.6068706366374238,"{'C': 1.0, 'solver': 'lbfgs'}","['mfcc_11', 'mfcc_10', 'zcr_mean']",0.4454054054054054,0.3338735818476499,0.6688311688311688,0.38844595804655957,0.3691460055096419,0.48086124401913877,0.2995529061102832,0.5507879605552745,0.8212058212058212,0.8458244111349036,0.797979797979798,0.8813779913104375
LR,0.5447941560198033,0.5293067155851378,0.5909934631246107,0.5947181310309801,0.6029415282747582,"{'C': 1.0, 'solver': 'lbfgs'}","['mfcc_3', 'mfcc_11', 'mfcc_8']",0.562268803945746,0.4532803180914513,0.7402597402597403,0.514785706790617,0.29688888888888887,0.36784140969163,0.2488822652757079,0.4379844249929553,0.7752247752247752,0.766798418972332,0.7838383838383839,0.8560544530407026
LR,0.5444217974706471,0.5323425662116006,0.5738174090633107,0.5855764347384459,0.6583589948736231,"{'C': 1.0, 'solver': 'lbfgs'}","['mfcc_3', 'mfcc_11', 'spec_centroid']",0.5279583875162549,0.4403470715835141,0.6590909090909091,0.5994761758633544,0.35313531353135313,0.3955637707948244,0.31892697466467956,0.5102813932224948,0.7521716913643332,0.7611168562564633,0.7434343434343434,0.8653194155350201
LR,0.5392281829534479,0.5451625040802816,0.5536697971124201,0.5820213306246825,0.6005864737489595,"{'C': 0.1, 'solver': 'lbfgs'}","['mfcc_8', 'zcr_mean', 'spec_centroid']",0.36432160804020103,0.29713114754098363,0.4707792207792208,0.3561697150453093,0.5421511627906976,0.5290780141843971,0.555886736214605,0.5967321464431907,0.711211778029445,0.8092783505154639,0.6343434343434343,0.8488575597583783
LR,0.5391140458691713,0.560903554519082,0.5837043345240066,0.5992889791772473,0.5733527497534779,"{'C': 10.0, 'solver': 'lbfgs'}","['mfcc_10', 'zcr_mean']",0.4195519348268839,0.3056379821958457,0.6688311688311688,0.25135167577868456,0.38789025543992434,0.5310880829015544,0.3055141579731744,0.5796071830705027,0.8098999473407056,0.845984598459846,0.7767676767676768,0.8890993904112465
LR,0.5372940476512815,0.5492208482308912,0.5442879221567746,0.6378872524123921,0.6310502523188636,"{'C': 0.1, 'solver': 'lbfgs'}","['mfcc_5', 'spec_centroid']",0.2729591836734694,0.22478991596638656,0.3474025974025974,0.30790414879903377,0.456540825285338,0.5555555555555556,0.38748137108792846,0.6870019171850973,0.8823821339950372,0.8673170731707317,0.897979797979798,0.8982446909724596
LR,0.5367364475248831,0.5402787985228041,0.5746268303645353,0.5617064499746064,0.6242904656750211,"{'C': 10.0, 'solver': 'lbfgs'}","['mfcc_11', 'mfcc_8', 'zcr_mean']",0.4801812004530011,0.36869565217391304,0.6883116883116883,0.4543593626948015,0.4200913242009132,0.42923794712286156,0.4113263785394933,0.5638408878929333,0.7099368179207353,0.8229027962716379,0.6242424242424243,0.8546711464373287
LR,0.535943982923656,0.5457427258104691,0.5351808482956023,0.6165566277298121,0.5799483517593264,"{'C': 0.1, 'solver': 'lbfgs'}","['mfcc_10', 'zcr_mean', 'spec_centroid']",0.2438391699092088,0.20302375809935205,0.3051948051948052,0.24669704309810622,0.5517241379310345,0.5818181818181818,0.5245901639344263,0.6032215667562306,0.8122686409307245,0.8523862375138734,0.7757575757575758,0.8899264454236422
LR,0.5354125818531975,0.5555876060741576,0.5979624504214668,0.6373793803961402,0.6721374970300659,"{'C': 0.1, 'solver': 'lbfgs'}","['mfcc_6', 'mfcc_5', 'zcr_mean']",0.4439701173959445,0.33068362480127184,0.6753246753246753,0.46343363996707154,0.2716577540106952,0.4810606060606061,0.18926974664679583,0.6234654204371288,0.8906098741529526,0.8550185873605948,0.9292929292929293,0.9295134306859975
LR,0.5353364707937777,0.5530784201414503,0.5769060629716367,0.5611985779583545,0.6195691676328648,"{'C': 0.1, 'solver': 'lbfgs'}","['mfcc_8', 'zcr_mean']",0.43460350154479915,0.31825037707390647,0.685064935064935,0.4212143320036821,0.4669811320754717,0.49417637271214643,0.4426229508196721,0.5934087341492009,0.7044247787610619,0.8468085106382979,0.603030303030303,0.8440844367457117
LR,0.5344318536681394,0.5224215982332289,0.582392622556557,0.5860843067546978,0.561064984647284,"{'C': 0.1, 'solver': 'lbfgs'}",['mfcc_3'],0.5494505494505495,0.44031311154598823,0.7305194805194806,0.5287971334897587,0.2999080036798528,0.3918269230769231,0.2429210134128167,0.41317043811503484,0.7539370078740157,0.7351247600767754,0.7737373737373737,0.7412273823370588
LR,0.5285048905591677,0.5308339419365454,0.5399135776184957,0.5723717623158964,0.6267478438169221,"{'C': 0.1, 'solver': 'lbfgs'}","['mfcc_11', 'mfcc_8', 'zcr_mean', 'spec_centroid']",0.3781624500665779,0.32054176072234764,0.461038961038961,0.4409405444576236,0.49100071994240463,0.47493036211699163,0.5081967213114754,0.582016913047684,0.7163515016685206,0.7970297029702971,0.6505050505050505,0.8572860739454586
LR,0.5258155496865276,0.548250938901252,0.5809476498001088,0.6175723717623159,0.5732650632705516,"{'C': 1.0, 'solver': 'lbfgs'}","['mfcc_5', 'zcr_mean']",0.4098360655737705,0.2994011976047904,0.6493506493506493,0.2538314605557838,0.2898550724637681,0.4745762711864407,0.20864381520119224,0.5732005887125411,0.8777555110220441,0.8707753479125249,0.8848484848484849,0.8927631405433298
LR,0.5249809963642541,0.5091623630103078,0.5687471908783385,0.5667851701371255,0.5794195935824681,"{'C': 1.0, 'solver': 'lbfgs'}","['mfcc_3', 'mfcc_8']",0.5485854858548586,0.4415841584158416,0.724025974025974,0.5019174498779949,0.2889273356401384,0.3443298969072165,0.2488822652757079,0.42093688715738736,0.7374301675977654,0.7415730337078652,0.7333333333333333,0.8154044437120218
LR,0.5239808407730803,0.512741317834818,0.5708904028576159,0.5606907059421026,0.6369764508994958,"{'C': 0.1, 'solver': 'lbfgs'}","['mfcc_3', 'spec_centroid']",0.5285215366705471,0.41197822141560797,0.737012987012987,0.5416841951552439,0.3174872665534805,0.368836291913215,0.2786885245901639,0.5153550237091187,0.7259337190952131,0.7574094401756312,0.696969696969697,0.8538901338341247
LR,0.5239303248825281,0.5253058004633269,0.5660240184830349,0.5485017775520569,0.6159535838943556,"{'C': 1.0, 'solver': 'lbfgs'}","['mfcc_11', 'mfcc_8']",0.48606465997770343,0.3701188455008489,0.7077922077922078,0.45691727384026387,0.38754863813229573,0.40553745928338764,0.3710879284649776,0.5443927000409148,0.6981776765375854,0.8002610966057441,0.6191919191919192,0.8465507778018881
LR,0.5222718329981458,0.5674183390651981,0.6408676933267098,0.6358557643473844,0.6215501568236654,"{'C': 1.0, 'solver': 'lbfgs'}","['mfcc_6', 'zcr_mean']",0.532319391634981,0.3763440860215054,0.9090909090909091,0.3451310964636367,0.16417910447761194,0.49624060150375937,0.09836065573770492,0.5964202847369706,0.8703170028818443,0.8296703296703297,0.9151515151515152,0.923099089270389
LR,0.518240954235743,0.5152075278125726,0.5251827407565113,0.6541391569324531,0.5445939434294933,"{'C': 0.1, 'solver': 'lbfgs'}",['mfcc_10'],0.12716763005780346,0.15639810426540285,0.10714285714285714,0.23022344297053943,0.6133528980190756,0.6040462427745664,0.6229508196721312,0.5938037914930339,0.8142023346303502,0.7851782363977486,0.8454545454545455,0.8097545958249066
LR,0.513385580395513,0.5161336426235393,0.5250542111197849,0.5617064499746064,0.5665574061062489,"{'C': 0.1, 'solver': 'lbfgs'}","['mfcc_11', 'zcr_mean', 'spec_centroid']",0.3638709677419355,0.3019271948608137,0.4577922077922078,0.3604167695873538,0.4426229508196721,0.4426229508196721,0.4426229508196721,0.4767462007971174,0.7336628226249313,0.8038507821901324,0.6747474747474748,0.8625092479342755
LR,0.5048420209974354,0.50902317744155,0.5250404119256578,0.547486033519553,0.5606654430267396,"{'C': 0.1, 'solver': 'lbfgs'}","['mfcc_11', 'spec_centroid']",0.3870967741935484,0.30623818525519847,0.525974025974026,0.38840371652828243,0.3975346687211094,0.41148325358851673,0.38450074515648286,0.43221574294762066,0.7298946200776484,0.8093480934809348,0.6646464646464646,0.8613768696043156
LR,0.4878896155816263,0.4902729394289404,0.5334772392149442,0.5154900964956831,0.5314110579044012,"{'C': 1.0, 'solver': 'lbfgs'}",['mfcc_8'],0.44989339019189767,0.3349206349206349,0.685064935064935,0.3964910190374259,0.3542009884678748,0.39594843462246776,0.3204172876304024,0.38865288182639385,0.6595744680851063,0.7399497487437185,0.5949494949494949,0.8090892728493839
LR,0.485649758281734,0.49057443511320137,0.48881003635101994,0.5769426104621636,0.5668430538476933,"{'C': 0.1, 'solver': 'lbfgs'}",['spec_centroid'],0.17218543046357615,0.17567567567567569,0.16883116883116883,0.27114306957586,0.5596816976127321,0.5041816009557945,0.6289120715350224,0.5722644751363449,0.7250821467688937,0.7918660287081339,0.6686868686868687,0.8571216168308748
LR,0.48027987489777635,0.4955202937605616,0.480302636040341,0.5418994413407822,0.5399168999849621,"{'C': 1.0, 'solver': 'lbfgs'}","['zcr_mean', 'spec_centroid']",0.2247191011235955,0.18255578093306288,0.2922077922077922,0.22723781227811696,0.4937728937728938,0.48559077809798273,0.5022354694485842,0.5324978365447454,0.7223476297968398,0.8184143222506394,0.6464646464646465,0.8600150511320237
LR,0.47891591505708925,0.4867299414483894,0.5276598932336637,0.5154900964956831,0.55394551001658,"{'C': 1.0, 'solver': 'lbfgs'}","['mfcc_11', 'zcr_mean']",0.4322120285423038,0.3150074294205052,0.6883116883116883,0.3941529804320956,0.29219143576826195,0.3346153846153846,0.2593144560357675,0.40656152849703386,0.7123442808607021,0.8105670103092784,0.6353535353535353,0.8611220211206105
LR,0.47595275891467165,0.4797442140395894,0.5286755139214155,0.5220924327069578,0.5512309680100014,"{'C': 0.1, 'solver': 'lbfgs'}",['mfcc_11'],0.4322120285423038,0.3150074294205052,0.6883116883116883,0.3996646134350844,0.2722419928825623,0.33774834437086093,0.22801788375558868,0.41405095766312294,0.723404255319149,0.7864768683274022,0.6696969696969697,0.8399773329317968
LR,0.4740523241256563,0.5017833749813359,0.525394065558,0.5845606907059421,0.5795395872900487,"{'C': 0.1, 'solver': 'lbfgs'}",['mfcc_5'],0.33299284984678246,0.2429210134128167,0.5292207792207793,0.28657343439638033,0.2239297475301866,0.425,0.15201192250372578,0.6340598440946555,0.865234375,0.8374291115311909,0.8949494949494949,0.8179854833791104
LR,0.4382667342422135,0.4712862272033929,0.5508445106805762,0.48857287963433216,0.5013035483077154,"{'C': 0.1, 'solver': 'lbfgs'}",['zcr_mean'],0.44808743169398907,0.2949640287769784,0.9318181818181818,0.2321214710908977,0.17034700315457413,0.2892857142857143,0.12071535022354694,0.418911967340514,0.6963657678780774,0.8296089385474861,0.6,0.8528772064917345
