Algorithm,F1_Macro_Global,Precision_Macro,Recall_Macro,Accuracy,PR_AUC_Macro,Best_Hyperparameters,Features_List,Heavy_F1,Heavy_Precision,Heavy_Recall,Heavy_PR_AUC,Moderate_F1,Moderate_Precision,Moderate_Recall,Moderate_PR_AUC,No Rain_F1,No Rain_Precision,No Rain_Recall,No Rain_PR_AUC
RF,0.7518242469904601,0.7599349844312494,0.7456741497725105,0.808532249873032,0.8063119847160157,"{'n_estimators': 100, 'max_depth': 10}","['mfcc_6', 'mfcc_3', 'mfcc_5', 'mfcc_11', 'wav_detail_lvl5_std', 'spec_centroid']",0.6109215017064846,0.6438848920863309,0.5811688311688312,0.6869389365897111,0.7272727272727273,0.7460815047021944,0.7093889716840537,0.753094894109247,0.9172785119921684,0.8898385565052231,0.9464646464646465,0.9789021234490891
RF,0.7470178763106398,0.7622471868846272,0.7369936681412091,0.8070086338242762,0.8101742415748733,"{'n_estimators': 100, 'max_depth': 10}","['mfcc_6', 'mfcc_3', 'mfcc_5', 'mfcc_11', 'wav_detail_lvl5_std', 'zcr_mean', 'spec_centroid']",0.6028368794326241,0.6640625,0.551948051948052,0.6873028822003787,0.7230769230769231,0.7472178060413355,0.7004470938897168,0.7632906562777548,0.9151398264223722,0.8754612546125461,0.9585858585858585,0.979929186246486
RF,0.7453503708838897,0.7548896280814682,0.7383463834283507,0.8059928897917725,0.8028758399857227,"{'n_estimators': 50, 'max_depth': 10}","['mfcc_6', 'mfcc_3', 'mfcc_5', 'mfcc_11', 'wav_detail_lvl5_std', 'wav_detail_lvl3_std', 'spec_centroid']",0.5916955017301038,0.6333333333333333,0.5551948051948052,0.6767850572332035,0.7269961977186312,0.7422360248447205,0.7123695976154992,0.752224182626073,0.917359413202934,0.8890995260663507,0.9474747474747475,0.9796182800978915
RF,0.7426875365716632,0.7520565742741826,0.7357414898398504,0.8014220416455053,0.7878510613818438,"{'n_estimators': 100, 'max_depth': 10}","['mfcc_6', 'mfcc_3', 'mfcc_11', 'wav_detail_lvl5_std', 'spec_centroid']",0.5941278065630398,0.6346863468634686,0.5584415584415584,0.6522816964101205,0.7239543726235741,0.7391304347826086,0.7093889716840537,0.7406406838764307,0.9099804305283757,0.8823529411764706,0.9393939393939394,0.9706308038589804
RF,0.7419810416161788,0.7557194501652451,0.7328953074854714,0.8070086338242762,0.7992078080182529,"{'n_estimators': 50, 'max_depth': 10}","['mfcc_6', 'mfcc_3', 'mfcc_11', 'wav_detail_lvl5_std', 'wav_detail_lvl3_std', 'zcr_mean']",0.5780141843971631,0.63671875,0.5292207792207793,0.6567369227998647,0.7288006111535523,0.7476489028213166,0.7108792846497765,0.767967024296767,0.9191283292978208,0.8827906976744186,0.9585858585858585,0.9729194769581271
RF,0.7419639769750107,0.7799277102485882,0.7251441030129554,0.8090401218892839,0.7785009571244129,"{'n_estimators': 100, 'max_depth': 5}","['mfcc_6', 'mfcc_3', 'mfcc_5', 'mfcc_11', 'wav_detail_lvl5_std', 'mfcc_10']",0.5753968253968254,0.7397959183673469,0.4707792207792208,0.651449906898104,0.7357664233576642,0.721030042918455,0.7511177347242921,0.7203708595316805,0.9147286821705426,0.8789571694599627,0.9535353535353536,0.9636821049434542
RF,0.7418974712969191,0.7669928644240572,0.727996593570364,0.8070086338242762,0.7890255030487284,"{'n_estimators': 100, 'max_depth': 5}","['mfcc_6', 'mfcc_3', 'mfcc_5', 'mfcc_11', 'wav_detail_lvl5_std', 'mfcc_10', 'wav_detail_lvl3_std', 'zcr_mean']",0.5853658536585366,0.6933333333333334,0.5064935064935064,0.6571750258488376,0.7230188679245283,0.7324159021406728,0.713859910581222,0.7477873012414287,0.9173076923076923,0.8752293577981651,0.9636363636363636,0.962114182055919
RF,0.7413629554788805,0.7555634974269921,0.7321540936295033,0.8070086338242762,0.8016770218253934,"{'n_estimators': 100, 'max_depth': 10}","['mfcc_6', 'mfcc_3', 'mfcc_5', 'mfcc_11', 'wav_detail_lvl5_std', 'zcr_mean']",0.5719424460431655,0.6411290322580645,0.5162337662337663,0.6696631809583374,0.7306547619047619,0.7295690936106983,0.7317436661698957,0.7556419135873722,0.9214916584887144,0.8959923664122137,0.9484848484848485,0.9797259709304706
RF,0.7412378479602806,0.7443565449415274,0.7413080847507078,0.7963433214829863,0.7965346639886391,"{'n_estimators': 50, 'max_depth': 10}","['mfcc_6', 'mfcc_3', 'mfcc_5', 'mfcc_11', 'wav_detail_lvl3_std']",0.6176,0.6088328075709779,0.6266233766233766,0.6753406492579246,0.6916334661354582,0.7431506849315068,0.646795827123696,0.7467860096616449,0.9144800777453839,0.8810861423220974,0.9505050505050505,0.9674773330463482
RF,0.7406892867325429,0.7551950055465264,0.7311944582436386,0.8054850177755206,0.8010192701706339,"{'n_estimators': 50, 'max_depth': 10}","['mfcc_6', 'mfcc_3', 'mfcc_5', 'mfcc_11', 'wav_detail_lvl5_std', 'wav_detail_lvl3_std', 'zcr_mean']",0.5770609318996416,0.644,0.5227272727272727,0.6646459360257038,0.7259036144578314,0.7336377473363774,0.7183308494783904,0.7601257077770847,0.919103313840156,0.8879472693032016,0.9525252525252526,0.978286166709113
RF,0.7404529420540102,0.7484196420251111,0.7346375543096855,0.8019299136617573,0.8013754607575736,"{'n_estimators': 100, 'max_depth': 10}","['mfcc_6', 'mfcc_3', 'mfcc_5', 'mfcc_11', 'wav_detail_lvl5_std', 'wav_detail_lvl3_std']",0.5870307167235495,0.6187050359712231,0.5584415584415584,0.6669195384163953,0.7168073676132003,0.7389240506329114,0.6959761549925484,0.7659624156672744,0.9175207418252807,0.8876298394711992,0.9494949494949495,0.9712444281890513
RF,0.7399344542027982,0.7649558971621461,0.7260808711628384,0.8054850177755206,0.8028109720980009,"{'n_estimators': 100, 'max_depth': 5}","['mfcc_6', 'mfcc_5', 'mfcc_11', 'wav_detail_lvl5_std', 'wav_detail_lvl3_std', 'spec_centroid']",0.5805243445692884,0.6858407079646017,0.5032467532467533,0.6723122266159058,0.7264437689969605,0.7410852713178294,0.7123695976154992,0.7672050852037045,0.9128352490421456,0.8679417122040073,0.9626262626262626,0.9689156044743927
RF,0.7397815910495132,0.7775126055249938,0.7223905723905725,0.8065007618080243,0.7814629336035789,"{'n_estimators': 50, 'max_depth': 5}","['mfcc_6', 'mfcc_3', 'mfcc_5', 'mfcc_11', 'wav_detail_lvl5_std', 'mfcc_10', 'zcr_mean']",0.5798816568047337,0.7386934673366834,0.4772727272727273,0.6358956223621948,0.7261904761904762,0.725111441307578,0.7272727272727273,0.7410096068166271,0.9132726401533301,0.8687329079307201,0.9626262626262626,0.9674835716319149
RF,0.7391601279959525,0.7653651903651904,0.7250699816273588,0.8054850177755206,0.7928950414086783,"{'n_estimators': 100, 'max_depth': 5}","['mfcc_6', 'mfcc_3', 'mfcc_5', 'mfcc_11', 'wav_detail_lvl5_std', 'mfcc_10', 'wav_detail_lvl3_std', 'spec_centroid']",0.5784499054820416,0.6923076923076923,0.4967532467532468,0.6596617373955751,0.7227648384673178,0.7287878787878788,0.7168405365126677,0.7517550122304247,0.9162656400384985,0.875,0.9616161616161616,0.9672683746000347
RF,0.7391101526623869,0.7659001122993829,0.7245905581971156,0.8039614017267649,0.784217074699994,"{'n_estimators': 100, 'max_depth': 5}","['mfcc_6', 'mfcc_3', 'mfcc_11', 'wav_detail_lvl5_std', 'mfcc_10', 'wav_detail_lvl3_std', 'zcr_mean']",0.5849056603773585,0.6981981981981982,0.5032467532467533,0.6521338243441337,0.7191521574564723,0.7307692307692307,0.7078986587183308,0.7405728894855828,0.9132726401533301,0.8687329079307201,0.9626262626262626,0.9599445102702654
RF,0.7386420264423244,0.7783631036641853,0.7212188236778401,0.80802437785678,0.7741985138010913,"{'n_estimators': 50, 'max_depth': 5}","['mfcc_6', 'mfcc_3', 'mfcc_5', 'wav_detail_lvl5_std', 'mfcc_10', 'zcr_mean']",0.5697211155378487,0.7371134020618557,0.4642857142857143,0.6424257838986275,0.7314540059347181,0.7282127031019202,0.7347242921013413,0.7246768610266974,0.9147509578544061,0.8697632058287796,0.9646464646464646,0.9554928964779492
RF,0.7386223222270075,0.7643607439727017,0.7248046428374297,0.8054850177755206,0.7815542685364435,"{'n_estimators': 50, 'max_depth': 5}","['mfcc_6', 'mfcc_3', 'mfcc_5', 'mfcc_11', 'wav_detail_lvl5_std', 'mfcc_10', 'wav_detail_lvl3_std']",0.5746691871455577,0.6877828054298643,0.4935064935064935,0.648974176352314,0.7250936329588015,0.7289156626506024,0.7213114754098361,0.7303879655514045,0.9161041465766635,0.8763837638376384,0.9595959595959596,0.9653006637056118
RF,0.738535249557331,0.7707838622545653,0.722958704925918,0.8075165058405281,0.7887942808388592,"{'n_estimators': 50, 'max_depth': 5}","['mfcc_6', 'mfcc_5', 'mfcc_11', 'wav_detail_lvl5_std', 'mfcc_8', 'mfcc_10', 'wav_detail_lvl3_std', 'zcr_mean', 'spec_centroid']",0.566990291262136,0.7053140096618358,0.474025974025974,0.6487615081767453,0.7354260089686099,0.7376311844077961,0.7332339791356185,0.7455021368941482,0.913189448441247,0.869406392694064,0.9616161616161616,0.9721191974456839
RF,0.7375999866582316,0.758449975240398,0.7250380463495217,0.7938039614017267,0.7751187699078669,"{'n_estimators': 50, 'max_depth': 10}","['mfcc_6', 'mfcc_3', 'zcr_mean']",0.6126126126126126,0.6882591093117408,0.551948051948052,0.6429111504986444,0.704225352112676,0.7413509060955519,0.6706408345752608,0.7445413723592796,0.8959619952494062,0.8457399103139014,0.9525252525252526,0.9379037868656768
RF,0.7375031640124612,0.7751326667752848,0.7206175730765895,0.8059928897917725,0.7759280326819553,"{'n_estimators': 50, 'max_depth': 5}","['mfcc_6', 'mfcc_3', 'mfcc_5', 'mfcc_11', 'wav_detail_lvl5_std', 'mfcc_10', 'spec_centroid']",0.5702970297029702,0.7309644670050761,0.4675324675324675,0.636055590374814,0.7287509238728751,0.7228739002932552,0.7347242921013413,0.7227710494018873,0.9134615384615384,0.8715596330275229,0.9595959595959596,0.9689574582691646
RF,0.737096324772924,0.7625585411544317,0.7231716067781641,0.8029456576942611,0.8016397124020691,"{'n_estimators': 100, 'max_depth': 5}","['mfcc_6', 'mfcc_5', 'mfcc_11', 'wav_detail_lvl5_std', 'wav_detail_lvl3_std', 'zcr_mean']",0.5789473684210527,0.6875,0.5,0.6736232267711311,0.7191521574564723,0.7307692307692307,0.7078986587183308,0.7629657527632044,0.913189448441247,0.869406392694064,0.9616161616161616,0.968330157671872
RF,0.7370190676388088,0.7757015305960042,0.7204949573802032,0.8070086338242762,0.7880938811095105,"{'n_estimators': 50, 'max_depth': 5}","['mfcc_6', 'mfcc_3', 'mfcc_5', 'mfcc_11', 'wav_detail_lvl5_std']",0.562874251497006,0.7305699481865285,0.4577922077922078,0.6737811366202039,0.7328467153284671,0.7181688125894135,0.7481371087928465,0.7243712964126804,0.915336236090953,0.8783658310120706,0.9555555555555556,0.9661292102956471
RF,0.7370078751657698,0.7636150172353204,0.7228175588831327,0.803453529710513,0.7876181918207829,"{'n_estimators': 100, 'max_depth': 5}","['mfcc_6', 'mfcc_5', 'mfcc_11', 'wav_detail_lvl5_std', 'mfcc_10', 'wav_detail_lvl3_std', 'zcr_mean']",0.5757575757575758,0.6909090909090909,0.4935064935064935,0.6538953186780787,0.7218045112781954,0.7283763277693475,0.7153502235469449,0.7427144592961032,0.9134615384615384,0.8715596330275229,0.9595959595959596,0.9662447974881667
RF,0.736931698279593,0.7439351026684279,0.7329106837303558,0.8014220416455053,0.7805942052408207,"{'n_estimators': 50, 'max_depth': None}","['mfcc_6', 'mfcc_3', 'mfcc_11', 'mfcc_8', 'mfcc_10', 'wav_detail_lvl3_std', 'zcr_mean', 'spec_centroid']",0.58,0.5958904109589042,0.564935064935065,0.6208053161621366,0.7076438140267928,0.7508361204013378,0.669150521609538,0.7478464065166649,0.9231512808119865,0.8850787766450418,0.9646464646464646,0.9731308930436606
RF,0.7368995150593981,0.7749210937141537,0.7198172198172198,0.8059928897917725,0.8028197629023947,"{'n_estimators': 100, 'max_depth': 5}","['mfcc_6', 'mfcc_3', 'mfcc_5', 'wav_detail_lvl5_std', 'zcr_mean', 'spec_centroid']",0.5702970297029702,0.7309644670050761,0.4675324675324675,0.6855651956038754,0.7256505576208179,0.7240356083086054,0.7272727272727273,0.7628332236284328,0.9147509578544061,0.8697632058287796,0.9646464646464646,0.960060869474876
RF,0.7367183686386705,0.7694298295880627,0.7212030531702663,0.8059928897917725,0.7843694915883118,"{'n_estimators': 100, 'max_depth': 5}","['mfcc_6', 'mfcc_5', 'wav_detail_lvl5_std', 'mfcc_10', 'zcr_mean']",0.5653021442495126,0.7073170731707317,0.4707792207792208,0.6461388850299465,0.7305122494432071,0.727810650887574,0.7332339791356185,0.7484546956138487,0.9143407122232916,0.8731617647058824,0.9595959595959596,0.9585148941211405
RF,0.7367096576987162,0.7685667812562457,0.7215231944740141,0.8059928897917725,0.7668081895418487,"{'n_estimators': 50, 'max_depth': 5}","['mfcc_6', 'mfcc_3', 'mfcc_5', 'mfcc_11', 'wav_detail_lvl5_std', 'mfcc_8', 'mfcc_10']",0.5642023346303502,0.7038834951456311,0.4707792207792208,0.624160178203602,0.7313101406365655,0.7264705882352941,0.736214605067064,0.7090558042704229,0.914616497829233,0.8753462603878116,0.9575757575757575,0.9672085861515214
RF,0.7364757891613892,0.7603901712134972,0.7231881658111167,0.803453529710513,0.7965362510859313,"{'n_estimators': 100, 'max_depth': 5}","['mfcc_6', 'mfcc_3', 'mfcc_5', 'wav_detail_lvl5_std', 'wav_detail_lvl3_std', 'spec_centroid']",0.5746268656716418,0.6754385964912281,0.5,0.6738377744015542,0.7204874333587205,0.7367601246105919,0.7049180327868853,0.7578133639334065,0.9143130684538057,0.8689717925386715,0.9646464646464646,0.9579576149228328
RF,0.7364287420234863,0.7715421362028874,0.7200659995741964,0.8054850177755206,0.7807274312430724,"{'n_estimators': 100, 'max_depth': 5}","['mfcc_6', 'mfcc_3', 'mfcc_11', 'wav_detail_lvl5_std', 'mfcc_10', 'zcr_mean']",0.5686274509803921,0.7178217821782178,0.4707792207792208,0.646390035577651,0.7268656716417911,0.7279521674140508,0.7257824143070045,0.7342271935438699,0.9137931034482759,0.8688524590163934,0.9636363636363636,0.9615650646076964
RF,0.7364125111972891,0.7699003510057968,0.7203869294033227,0.8039614017267649,0.790260650838388,"{'n_estimators': 50, 'max_depth': 5}","['mfcc_3', 'mfcc_5', 'mfcc_11', 'wav_detail_lvl5_std', 'mfcc_10', 'zcr_mean']",0.5730994152046783,0.7170731707317073,0.4772727272727273,0.6605170139564139,0.7226765799256506,0.7210682492581603,0.7242921013412816,0.7454415960740863,0.9134615384615384,0.8715596330275229,0.9595959595959596,0.9648233424846636
RF,0.7363923062813865,0.7551935547390274,0.7249505200324872,0.8004062976130015,0.7972465491848865,"{'n_estimators': 100, 'max_depth': 10}","['mfcc_6', 'mfcc_3', 'mfcc_11', 'wav_detail_lvl5_std', 'zcr_mean', 'spec_centroid']",0.5776965265082267,0.6610878661087866,0.512987012987013,0.661689669319753,0.7215094339622642,0.7308868501529052,0.7123695976154992,0.7570127857495552,0.9099709583736689,0.8736059479553904,0.9494949494949495,0.9730371924853513
RF,0.736335298351778,0.7605004836051767,0.7227095309062523,0.8004062976130015,0.773346154752006,"{'n_estimators': 50, 'max_depth': 5}","['mfcc_6', 'mfcc_3', 'wav_detail_lvl5_std', 'mfcc_10', 'wav_detail_lvl3_std', 'zcr_mean']",0.5862708719851577,0.683982683982684,0.512987012987013,0.6507782096073702,0.7132974634896234,0.7365079365079366,0.6915052160953801,0.7183474847595869,0.909437559580553,0.8610108303249098,0.9636363636363636,0.9509127698890605
RF,0.7363266778320924,0.7695319136794189,0.7205627705627705,0.8059928897917725,0.8023915509172926,"{'n_estimators': 100, 'max_depth': 5}","['mfcc_6', 'mfcc_3', 'mfcc_5', 'wav_detail_lvl5_std', 'zcr_mean']",0.5653021442495126,0.7073170731707317,0.4707792207792208,0.6795628363764029,0.7294469357249627,0.7316341829085458,0.7272727272727273,0.7665491817766962,0.9142309535218016,0.8696444849589791,0.9636363636363636,0.9610626345987786
RF,0.7361842363181879,0.7425929557687031,0.7316734874111924,0.7993905535804977,0.7978862289592185,"{'n_estimators': 100, 'max_depth': 10}","['mfcc_6', 'mfcc_3', 'mfcc_5', 'mfcc_11', 'wav_detail_lvl5_std', 'mfcc_10', 'wav_detail_lvl3_std', 'zcr_mean', 'spec_centroid']",0.5791245791245792,0.6013986013986014,0.5584415584415584,0.6554672747931597,0.7094281298299846,0.7367576243980738,0.684053651266766,0.7588493053901239,0.92,0.8896226415094339,0.9525252525252526,0.9793421066943717
RF,0.7361678390882728,0.7743137456447781,0.7194466128892358,0.8059928897917725,0.7777618879869742,"{'n_estimators': 100, 'max_depth': 5}","['mfcc_6', 'mfcc_3', 'mfcc_5', 'wav_detail_lvl5_std', 'mfcc_10']",0.5646123260437376,0.7282051282051282,0.461038961038961,0.6570784298976183,0.7295504789977892,0.7215743440233237,0.7377049180327869,0.7185985954228211,0.9143407122232916,0.8731617647058824,0.9595959595959596,0.9576086386404833
RF,0.7359225229010259,0.7523795769796774,0.725536000126164,0.8004062976130015,0.7932997593832214,"{'n_estimators': 100, 'max_depth': 10}","['mfcc_6', 'mfcc_3', 'mfcc_11', 'wav_detail_lvl5_std', 'zcr_mean']",0.5750452079566004,0.6489795918367347,0.5162337662337663,0.6514819164697372,0.7205438066465257,0.7304747320061256,0.7108792846497765,0.7559966170748696,0.9121785540999515,0.8776844070961718,0.9494949494949495,0.9724207446050573
RF,0.735773001653186,0.7711117075598226,0.7194805194805195,0.8054850177755206,0.7785432281261428,"{'n_estimators': 50, 'max_depth': 5}","['mfcc_6', 'mfcc_3', 'wav_detail_lvl5_std', 'mfcc_10', 'zcr_mean']",0.5658153241650294,0.7164179104477612,0.4675324675324675,0.6474996265931093,0.7272727272727273,0.7272727272727273,0.7272727272727273,0.7349304280949331,0.9142309535218016,0.8696444849589791,0.9636363636363636,0.9531996296903862
RF,0.7357321621022653,0.7633034169959024,0.7211837342984883,0.8024377856780092,0.7886104855397201,"{'n_estimators': 100, 'max_depth': 5}","['mfcc_6', 'mfcc_3', 'mfcc_5', 'wav_detail_lvl5_std', 'mfcc_10', 'wav_detail_lvl3_std', 'zcr_mean']",0.5768500948766604,0.6940639269406392,0.4935064935064935,0.6616849409933055,0.7165532879818595,0.7269938650306749,0.706408345752608,0.747740871260489,0.9137931034482759,0.8688524590163934,0.9636363636363636,0.9564056443653655
RF,0.7357262323678363,0.7641873200353312,0.7209349545415119,0.8029456576942611,0.7907385802038686,"{'n_estimators': 100, 'max_depth': 5}","['mfcc_6', 'mfcc_3', 'mfcc_5', 'wav_detail_lvl5_std', 'mfcc_10', 'wav_detail_lvl3_std', 'spec_centroid']",0.5752380952380952,0.695852534562212,0.4902597402597403,0.6683633609146826,0.7180650037792895,0.7285276073619632,0.7078986587183308,0.7469139128024811,0.9138755980861244,0.8681818181818182,0.9646464646464646,0.9569384668944421
RF,0.7355916018517048,0.7690232686763676,0.7193385849123555,0.8029456576942611,0.7804277793021707,"{'n_estimators': 100, 'max_depth': 5}","['mfcc_6', 'mfcc_3', 'mfcc_11', 'wav_detail_lvl5_std', 'mfcc_10', 'zcr_mean', 'spec_centroid']",0.574757281553398,0.714975845410628,0.4805194805194805,0.6385616841013579,0.7208427389014297,0.7279635258358662,0.713859910581222,0.7397498297051983,0.9111747851002865,0.8641304347826086,0.9636363636363636,0.9629718240999557
RF,0.7355649327509983,0.7432222034745283,0.7327328712574613,0.7948197054342305,0.7761345685888307,"{'n_estimators': 100, 'max_depth': 5}","['mfcc_6', 'mfcc_3', 'mfcc_11', 'mfcc_10', 'zcr_mean', 'spec_centroid']",0.6075533661740559,0.6146179401993356,0.6006493506493507,0.637397323485005,0.6838709677419355,0.7451669595782073,0.6318926974664679,0.728086164400805,0.9152704643370033,0.8698817106460418,0.9656565656565657,0.9629202178806822
RF,0.7355290615407261,0.7396031494920828,0.7351702032029901,0.7897409852717115,0.7896281673649451,"{'n_estimators': 100, 'max_depth': 5}","['mfcc_3', 'mfcc_5', 'mfcc_11', 'zcr_mean', 'spec_centroid']",0.6205787781350482,0.6146496815286624,0.6266233766233766,0.678408760392756,0.6778846153846154,0.733102253032929,0.6304023845007451,0.7255308664694653,0.9081237911025145,0.8710575139146568,0.9484848484848485,0.964944875232614
RF,0.7353743266814853,0.7658013387852812,0.7198195853933559,0.8014220416455053,0.7811832777658063,"{'n_estimators': 50, 'max_depth': 5}","['mfcc_6', 'wav_detail_lvl5_std', 'mfcc_10', 'zcr_mean', 'spec_centroid']",0.5747126436781609,0.7009345794392523,0.487012987012987,0.6477342874072786,0.7263078089461713,0.7391975308641975,0.713859910581222,0.7492813653421281,0.905102527420124,0.8572719060523939,0.9585858585858585,0.9465341805480122
RF,0.7353603626378473,0.7598764779878119,0.7217865619504963,0.8014220416455053,0.8049295400452937,"{'n_estimators': 100, 'max_depth': 5}","['mfcc_6', 'mfcc_3', 'mfcc_5', 'mfcc_11', 'wav_detail_lvl5_std', 'wav_detail_lvl3_std', 'zcr_mean', 'spec_centroid']",0.5794392523364486,0.6828193832599119,0.5032467532467533,0.6772676528747532,0.7123287671232876,0.7278382581648523,0.6974664679582713,0.770958116760754,0.9143130684538057,0.8689717925386715,0.9646464646464646,0.9665628505003737
RF,0.7353467879932235,0.7649421113258752,0.7208663528335659,0.8054850177755206,0.7888231266560091,"{'n_estimators': 100, 'max_depth': 5}","['mfcc_6', 'mfcc_5', 'mfcc_11', 'wav_detail_lvl5_std']",0.5598455598455598,0.6904761904761905,0.4707792207792208,0.652495465527433,0.7310549777117384,0.7288888888888889,0.7332339791356185,0.7465555652661747,0.9151398264223722,0.8754612546125461,0.9585858585858585,0.9674183491744197
RF,0.7352200730226648,0.7389827075350167,0.7355187314203707,0.7998984255967496,0.7766093742854672,"{'n_estimators': 50, 'max_depth': None}","['mfcc_6', 'mfcc_3', 'mfcc_11', 'wav_detail_lvl5_std', 'mfcc_8', 'wav_detail_lvl3_std', 'zcr_mean']",0.5746031746031746,0.562111801242236,0.5876623376623377,0.6020518593138745,0.7052208835341366,0.764808362369338,0.65424739195231,0.7529947122356673,0.9258361609306834,0.8900279589934762,0.9646464646464646,0.97478155130686
RF,0.7350900970500485,0.760475649880466,0.7212558843706384,0.8014220416455053,0.7918917323097711,"{'n_estimators': 100, 'max_depth': 5}","['mfcc_6', 'mfcc_3', 'mfcc_5', 'wav_detail_lvl5_std', 'wav_detail_lvl3_std']",0.575187969924812,0.6830357142857143,0.4967532467532468,0.6781999108358124,0.7187263078089462,0.7314814814814815,0.706408345752608,0.7405208761243625,0.9113560134163872,0.8669097538742023,0.9606060606060606,0.9569544099691382
RF,0.7349952999294201,0.7655240662585109,0.7199780789944724,0.8044692737430168,0.7894298760426098,"{'n_estimators': 50, 'max_depth': 5}","['mfcc_6', 'mfcc_5', 'wav_detail_lvl5_std', 'zcr_mean']",0.5637065637065637,0.6952380952380952,0.474025974025974,0.6590120605994081,0.7280898876404495,0.7319277108433735,0.7242921013412816,0.7561305159258752,0.913189448441247,0.869406392694064,0.9616161616161616,0.9531470516025463
RF,0.7349684639179547,0.7422099753716088,0.730467437844487,0.7938039614017267,0.7980785029798239,"{'n_estimators': 50, 'max_depth': 10}","['mfcc_6', 'mfcc_3', 'mfcc_5', 'mfcc_11', 'wav_detail_lvl3_std', 'spec_centroid']",0.5996649916247906,0.6193771626297578,0.5811688311688312,0.6770739183447531,0.6933333333333334,0.7317880794701986,0.6587183308494784,0.7419411760617497,0.9119070667957405,0.8754646840148699,0.9515151515151515,0.9752204145329688
RF,0.7349584147790426,0.7644186431970098,0.7202102997184965,0.803453529710513,0.7918478875548726,"{'n_estimators': 100, 'max_depth': 5}","['mfcc_6', 'mfcc_5', 'mfcc_11', 'wav_detail_lvl5_std', 'mfcc_10', 'wav_detail_lvl3_std', 'spec_centroid']",0.5653846153846154,0.6933962264150944,0.4772727272727273,0.659595419473456,0.7279521674140508,0.7301349325337332,0.7257824143070045,0.7474549325152448,0.9115384615384615,0.8697247706422019,0.9575757575757575,0.968493310675917
RF,0.7348624540460259,0.7661266096365943,0.7186293063342243,0.797866937531742,0.7857317463763005,"{'n_estimators': 100, 'max_depth': 5}","['mfcc_6', 'mfcc_3', 'mfcc_11', 'wav_detail_lvl5_std', 'mfcc_10', 'wav_detail_lvl3_std', 'spec_centroid']",0.5916030534351145,0.7175925925925926,0.5032467532467533,0.6562210816503883,0.7079510703363915,0.7268445839874411,0.6900149031296572,0.7395565969728158,0.9050332383665717,0.8539426523297491,0.9626262626262626,0.9614175605056976
RF,0.7347783996338227,0.7660824765710089,0.7194978670388507,0.8044692737430168,0.7871826480356718,"{'n_estimators': 100, 'max_depth': 5}","['mfcc_6', 'mfcc_3', 'mfcc_5', 'wav_detail_lvl5_std', 'mfcc_10', 'zcr_mean', 'spec_centroid']",0.5647969052224371,0.6985645933014354,0.474025974025974,0.6535909697795682,0.7252252252252253,0.7307110438729199,0.7198211624441133,0.7502998783057959,0.9143130684538057,0.8689717925386715,0.9646464646464646,0.9576570960216512
RF,0.734696830158109,0.7676486476578517,0.7190724575970476,0.8044692737430168,0.7876927916203856,"{'n_estimators': 50, 'max_depth': 5}","['mfcc_6', 'mfcc_3', 'mfcc_5', 'mfcc_11', 'wav_detail_lvl5_std', 'mfcc_10', 'zcr_mean', 'spec_centroid']",0.5653021442495126,0.7073170731707317,0.4707792207792208,0.6555369869240452,0.7228017883755589,0.7228017883755589,0.7228017883755589,0.7442200665291436,0.9159865578492559,0.8728270814272644,0.9636363636363636,0.9633213214079681
RF,0.7346305495635358,0.7706926605767492,0.7185575505247637,0.8065007618080243,0.7798349667386678,"{'n_estimators': 50, 'max_depth': 5}","['mfcc_6', 'mfcc_3', 'mfcc_5', 'wav_detail_lvl5_std', 'mfcc_10', 'spec_centroid']",0.5573122529644269,0.7121212121212122,0.4577922077922078,0.652242997679407,0.7305122494432071,0.727810650887574,0.7332339791356185,0.7295316944131567,0.9160671462829736,0.8721461187214612,0.9646464646464646,0.9577302081234396
RF,0.7346111205677491,0.7534627769447505,0.7231546534825224,0.7948197054342305,0.7599942615790795,"{'n_estimators': 50, 'max_depth': 5}","['mfcc_6', 'mfcc_3', 'mfcc_11', 'mfcc_10', 'spec_centroid']",0.6007194244604317,0.6733870967741935,0.5422077922077922,0.6202363676738689,0.6961926961926962,0.7272727272727273,0.6676602086438153,0.7024134665829088,0.9069212410501193,0.8597285067873304,0.9595959595959596,0.9573329504804604
RF,0.7345896852002193,0.7405440033481007,0.7332994267420497,0.7988826815642458,0.7969842412393735,"{'n_estimators': 100, 'max_depth': None}","['mfcc_6', 'mfcc_3', 'mfcc_11', 'wav_detail_lvl5_std', 'mfcc_8', 'wav_detail_lvl3_std', 'zcr_mean', 'spec_centroid']",0.5806451612903226,0.5769230769230769,0.5844155844155844,0.6439468785022439,0.7005649717514124,0.7640845070422535,0.646795827123696,0.7695168810186972,0.9225589225589226,0.8806244260789715,0.9686868686868687,0.9774889641971798
RF,0.7344636129222405,0.7634900342159,0.7195160031225605,0.8019299136617573,0.7922035562735402,"{'n_estimators': 100, 'max_depth': 5}","['mfcc_6', 'mfcc_5', 'wav_detail_lvl5_std', 'mfcc_10', 'wav_detail_lvl3_std', 'zcr_mean', 'spec_centroid']",0.5725190839694656,0.6944444444444444,0.487012987012987,0.6688970102939479,0.7196969696969697,0.7318952234206472,0.7078986587183308,0.7550520522065014,0.9111747851002865,0.8641304347826086,0.9636363636363636,0.9526616063201716
RF,0.7344144170419434,0.7603841374949099,0.7206530567186306,0.8024377856780092,0.7793076175044321,"{'n_estimators': 100, 'max_depth': 5}","['mfcc_6', 'mfcc_3', 'mfcc_5', 'wav_detail_lvl5_std', 'mfcc_10', 'wav_detail_lvl3_std']",0.5681818181818182,0.6818181818181818,0.487012987012987,0.6530098181081571,0.7207207207207207,0.7261724659606656,0.7153502235469449,0.7293192876592455,0.9143407122232916,0.8731617647058824,0.9595959595959596,0.9555937467458939
RF,0.734408214811431,0.7420759358006531,0.7310178285588123,0.7882173692229558,0.7961899902839923,"{'n_estimators': 50, 'max_depth': 10}","['mfcc_6', 'mfcc_3', 'mfcc_5', 'wav_detail_lvl3_std', 'spec_centroid']",0.6237623762376238,0.6342281879194631,0.6136363636363636,0.6853353184966189,0.6768243785084203,0.7326388888888888,0.6289120715350224,0.7448271008232947,0.9026378896882494,0.8593607305936073,0.9505050505050505,0.9584075515320634
RF,0.7343231790366261,0.7655222252408954,0.7190791600627667,0.7998984255967496,0.7790813456005578,"{'n_estimators': 100, 'max_depth': 5}","['mfcc_3', 'mfcc_5', 'mfcc_11', 'wav_detail_lvl5_std', 'mfcc_10']",0.5736434108527132,0.7115384615384616,0.4805194805194805,0.6565386363983788,0.7200587803085966,0.7101449275362319,0.7302533532041728,0.717065777203496,0.9092673459485686,0.8748832866479925,0.9464646464646465,0.9636396231997987
RF,0.7342388549565394,0.76472724871967,0.719536110519717,0.8039614017267649,0.7733305884553793,"{'n_estimators': 50, 'max_depth': 5}","['mfcc_3', 'mfcc_5', 'mfcc_11', 'wav_detail_lvl5_std', 'mfcc_8', 'mfcc_10', 'zcr_mean', 'spec_centroid']",0.562015503875969,0.6971153846153846,0.4707792207792208,0.6497492235642773,0.7243163340724317,0.718475073313783,0.7302533532041728,0.7015154576307747,0.916384726921218,0.8785912882298424,0.9575757575757575,0.968727084171086
RF,0.7340880642490147,0.7355614294382852,0.7389626160117965,0.7948197054342305,0.7885124475012221,"{'n_estimators': 100, 'max_depth': None}","['mfcc_6', 'mfcc_3', 'mfcc_5', 'mfcc_11', 'mfcc_8', 'wav_detail_lvl3_std', 'zcr_mean']",0.5914634146341463,0.5574712643678161,0.6298701298701299,0.6250542321561113,0.6862265688671557,0.7571942446043165,0.6274217585692996,0.7638491315108618,0.9245742092457421,0.892018779342723,0.9595959595959596,0.9766339788366933
RF,0.7340595358230507,0.7442495991155599,0.7287232197068262,0.7943118334179786,0.7613279304771757,"{'n_estimators': 100, 'max_depth': 5}","['mfcc_6', 'mfcc_3', 'mfcc_10', 'zcr_mean', 'spec_centroid']",0.6026936026936027,0.6258741258741258,0.5811688311688312,0.6239322604540933,0.6864,0.7409326424870466,0.639344262295082,0.7126103397466559,0.9130850047755492,0.8659420289855072,0.9656565656565657,0.9474411912307777
RF,0.7339130758219734,0.7618699276118756,0.7196646401564434,0.7998984255967496,0.7930130611770196,"{'n_estimators': 50, 'max_depth': 5}","['mfcc_3', 'mfcc_5', 'mfcc_11', 'wav_detail_lvl5_std']",0.5708812260536399,0.6962616822429907,0.4837662337662338,0.6821198914218976,0.7207074428887251,0.7128279883381924,0.7287630402384501,0.7407456193942165,0.9101505585235551,0.8765201122544434,0.9464646464646465,0.9561736727149448
RF,0.733902026091593,0.7573251086297161,0.720705099393624,0.7993905535804977,0.7884372818242192,"{'n_estimators': 50, 'max_depth': 5}","['mfcc_6', 'mfcc_3', 'mfcc_11', 'wav_detail_lvl5_std', 'mfcc_10', 'wav_detail_lvl3_std', 'zcr_mean', 'spec_centroid']",0.5799256505576208,0.6782608695652174,0.5064935064935064,0.6598680998323613,0.7093821510297483,0.7265625,0.6929955290611028,0.7439352691161579,0.9123982766874102,0.8671519563239308,0.9626262626262626,0.9615084765241386
RF,0.7338239120332269,0.758262424908775,0.7202083284050498,0.7988826815642458,0.7883448385105541,"{'n_estimators': 50, 'max_depth': 5}","['mfcc_6', 'mfcc_3', 'mfcc_5', 'wav_detail_lvl5_std', 'mfcc_10', 'wav_detail_lvl3_std', 'zcr_mean', 'spec_centroid']",0.582089552238806,0.6842105263157895,0.5064935064935064,0.6622823973654457,0.7078565980167811,0.725,0.6915052160953801,0.7425462161919434,0.9115255858440937,0.8655767484105359,0.9626262626262626,0.9602059019742734
RF,0.7337908080353192,0.7638069249970543,0.7187590187590187,0.7998984255967496,0.7763704424522316,"{'n_estimators': 50, 'max_depth': 5}","['mfcc_6', 'mfcc_5', 'mfcc_11', 'wav_detail_lvl5_std', 'mfcc_8', 'mfcc_10', 'spec_centroid']",0.5703275529865125,0.7014218009478673,0.4805194805194805,0.6344949265363513,0.725111441307578,0.7229629629629629,0.7272727272727273,0.722092347726718,0.9059334298118669,0.8670360110803325,0.9484848484848485,0.9725240530936252
RF,0.7337547427919079,0.7578770070292231,0.7203013743997352,0.7983748095479939,0.771552376583276,"{'n_estimators': 100, 'max_depth': 5}","['mfcc_6', 'mfcc_5', 'wav_detail_lvl5_std', 'mfcc_10', 'wav_detail_lvl3_std']",0.5767790262172284,0.6814159292035398,0.5,0.6562059248704671,0.7174076865109269,0.725609756097561,0.7093889716840537,0.7138024349291027,0.9070775156475686,0.8666053357865685,0.9515151515151515,0.9446487699502583
RF,0.73367555863789,0.7572110211474716,0.7204232015707426,0.7988826815642458,0.7927849583887904,"{'n_estimators': 100, 'max_depth': 5}","['mfcc_6', 'mfcc_5', 'mfcc_11', 'wav_detail_lvl5_std', 'mfcc_10', 'wav_detail_lvl3_std', 'zcr_mean', 'spec_centroid']",0.5772811918063314,0.6768558951965066,0.5032467532467533,0.6607669613680366,0.714828897338403,0.7298136645962733,0.7004470938897168,0.7524122120188169,0.9089165867689357,0.864963503649635,0.9575757575757575,0.9651757017795177
RF,0.7336078378387926,0.7634278383070915,0.718511027527421,0.7988826815642458,0.7911018646125033,"{'n_estimators': 100, 'max_depth': 5}","['mfcc_5', 'mfcc_11', 'wav_detail_lvl5_std', 'mfcc_10', 'wav_detail_lvl3_std', 'spec_centroid']",0.573076923076923,0.7028301886792453,0.4837662337662338,0.6592827381604396,0.7232142857142857,0.7221396731054978,0.7242921013412816,0.7490799964053617,0.9045323047251688,0.8653136531365314,0.9474747474747475,0.9649428592717086
RF,0.7336060450596206,0.7389071021655145,0.7310552835142999,0.7892331132554596,0.7988165746786665,"{'n_estimators': 100, 'max_depth': 10}","['mfcc_6', 'mfcc_3', 'mfcc_5', 'mfcc_11', 'spec_centroid']",0.6108374384236454,0.6179401993355482,0.6038961038961039,0.6829599559398517,0.68300395256917,0.7272727272727273,0.6438152011922503,0.7370377087164524,0.9069767441860465,0.8715083798882681,0.9454545454545454,0.9764520593796957
RF,0.7335990627238584,0.7652454906371159,0.7185094504766636,0.8019299136617573,0.7970161565232762,"{'n_estimators': 100, 'max_depth': 5}","['mfcc_6', 'mfcc_5', 'mfcc_11', 'wav_detail_lvl5_std', 'zcr_mean']",0.5642023346303502,0.7038834951456311,0.4707792207792208,0.6638346246030339,0.7251289609432572,0.717201166180758,0.7332339791356185,0.7599476730593505,0.9114658925979681,0.8746518105849582,0.9515151515151515,0.9672661719074439
RF,0.7335149162340652,0.7559709714204179,0.7205840607479952,0.7973590655154901,0.7706662535211907,"{'n_estimators': 50, 'max_depth': 5}","['mfcc_6', 'mfcc_3', 'mfcc_5', 'mfcc_10', 'spec_centroid']",0.5825602968460112,0.6796536796536796,0.5097402597402597,0.6445196152673061,0.708018154311649,0.7188940092165899,0.6974664679582713,0.7144832445580511,0.9099662975445354,0.8693652253909844,0.9545454545454546,0.9529959007382148
RF,0.733462236926806,0.7513267330727773,0.7225510373051356,0.7973590655154901,0.7579116451358111,"{'n_estimators': 100, 'max_depth': 5}","['mfcc_3', 'mfcc_11', 'mfcc_10', 'wav_detail_lvl3_std']",0.5837837837837838,0.6558704453441295,0.525974025974026,0.6259500207879072,0.7052469135802469,0.7312,0.6810730253353204,0.7024421581179124,0.9113560134163872,0.8669097538742023,0.9606060606060606,0.945342756501614
RF,0.7333867910385702,0.7679430671702852,0.7174047264211199,0.8039614017267649,0.7987290518557343,"{'n_estimators': 100, 'max_depth': 5}","['mfcc_6', 'mfcc_3', 'mfcc_5', 'wav_detail_lvl5_std', 'spec_centroid']",0.5607843137254902,0.7079207920792079,0.4642857142857143,0.6772779229987864,0.726457399103139,0.7286356821589205,0.7242921013412816,0.759900087637924,0.9129186602870814,0.8672727272727273,0.9636363636363636,0.9590091449304923
RF,0.7331565652934581,0.7567292194863101,0.720069153675711,0.7993905535804977,0.7876232622205529,"{'n_estimators': 100, 'max_depth': 5}","['mfcc_3', 'mfcc_5', 'mfcc_11', 'wav_detail_lvl5_std', 'mfcc_10', 'wav_detail_lvl3_std', 'zcr_mean']",0.5730337078651685,0.6769911504424779,0.4967532467532468,0.6666650327806004,0.7137490608564989,0.7196969696969697,0.7078986587183308,0.7322421490803432,0.9126869271587071,0.8734995383194829,0.9555555555555556,0.9639626048007152
RF,0.7331025097728429,0.7640788182976522,0.717886515427499,0.8009141696292534,0.791855024101214,"{'n_estimators': 100, 'max_depth': 5}","['mfcc_3', 'mfcc_5', 'mfcc_11', 'wav_detail_lvl5_std', 'zcr_mean']",0.5686653771760155,0.7033492822966507,0.4772727272727273,0.6823400565389904,0.71875,0.7176820208023774,0.7198211624441133,0.7253021597586445,0.9118921521425133,0.8712051517939282,0.9565656565656566,0.967922856006007
RF,0.7331013584555972,0.7510646285832117,0.7220384958089876,0.7948197054342305,0.7708666858500228,"{'n_estimators': 100, 'max_depth': 5}","['mfcc_6', 'mfcc_11', 'mfcc_10', 'wav_detail_lvl3_std', 'zcr_mean']",0.5899280575539568,0.6612903225806451,0.5324675324675324,0.609509172245386,0.7032457496136012,0.7303370786516854,0.6780923994038748,0.7395732954773021,0.9061302681992337,0.8615664845173042,0.9555555555555556,0.9635175898273801
RF,0.733061761407602,0.7357789139836219,0.7345102074610271,0.7953275774504824,0.789730658180457,"{'n_estimators': 50, 'max_depth': None}","['mfcc_6', 'mfcc_3', 'mfcc_5', 'mfcc_11', 'wav_detail_lvl5_std', 'mfcc_8', 'wav_detail_lvl3_std', 'spec_centroid']",0.5817610062893082,0.5640243902439024,0.6006493506493507,0.6191983846588901,0.6961414790996785,0.7556719022687609,0.6453055141579732,0.7705517947261771,0.9212827988338192,0.8876404494382022,0.9575757575757575,0.9794417951563039
RF,0.7330485850794339,0.7441691781861662,0.7256933109392126,0.7973590655154901,0.799252132811327,"{'n_estimators': 50, 'max_depth': 10}","['mfcc_6', 'mfcc_3', 'mfcc_11', 'wav_detail_lvl5_std', 'wav_detail_lvl3_std', 'spec_centroid']",0.5753899480069324,0.6171003717472119,0.538961038961039,0.6658710298963518,0.7106283941039565,0.7411003236245954,0.6825633383010432,0.7622060232008352,0.9131274131274131,0.8743068391866913,0.9555555555555556,0.9696793453367938
RF,0.7329883906012317,0.7585987427101415,0.7193062553718291,0.8004062976130015,0.7808621642137578,"{'n_estimators': 100, 'max_depth': 5}","['mfcc_6', 'mfcc_5', 'mfcc_11', 'wav_detail_lvl5_std', 'mfcc_10', 'wav_detail_lvl3_std']",0.5671077504725898,0.6787330316742082,0.487012987012987,0.6548719977301061,0.7218045112781954,0.7283763277693475,0.7153502235469449,0.7229088043784109,0.91005291005291,0.8686868686868687,0.9555555555555556,0.9648056905327563
RF,0.7329219467697508,0.7675664548779104,0.7167869167869169,0.8014220416455053,0.7909640127889109,"{'n_estimators': 50, 'max_depth': 5}","['mfcc_6', 'mfcc_5', 'wav_detail_lvl5_std', 'spec_centroid']",0.5647058823529412,0.7128712871287128,0.4675324675324675,0.6724591991068942,0.7261904761904762,0.725111441307578,0.7272727272727273,0.7531798587397631,0.9078694817658349,0.8647166361974405,0.9555555555555556,0.9472529805200752
RF,0.73286436102252,0.7503011377682199,0.7229098163524393,0.8044692737430168,0.7915721550736684,"{'n_estimators': 100, 'max_depth': 10}","['mfcc_3', 'mfcc_5', 'mfcc_11', 'wav_detail_lvl5_std', 'wav_detail_lvl3_std', 'zcr_mean']",0.5461254612546126,0.6324786324786325,0.4805194805194805,0.6599347227232596,0.7290132547864506,0.7205240174672489,0.7377049180327869,0.7355552306935458,0.9234543670264965,0.8979007633587787,0.9505050505050505,0.9792265118041995
RF,0.7328167170936631,0.7597893097248841,0.718616295665476,0.7988826815642458,0.7605399553314296,"{'n_estimators': 50, 'max_depth': 5}","['mfcc_6', 'mfcc_5', 'wav_detail_lvl5_std', 'mfcc_8', 'mfcc_10', 'spec_centroid']",0.5703422053231939,0.6880733944954128,0.487012987012987,0.6302096898189395,0.7215568862275449,0.724812030075188,0.7183308494783904,0.7055335627747455,0.9065510597302505,0.8664825046040515,0.9505050505050505,0.945876613400604
RF,0.7326158567824012,0.7533877284127287,0.7204239900961212,0.7973590655154901,0.7719126658087202,"{'n_estimators': 50, 'max_depth': 5}","['mfcc_6', 'mfcc_5', 'mfcc_11', 'mfcc_10', 'wav_detail_lvl3_std']",0.578268876611418,0.6680851063829787,0.5097402597402597,0.6325700754311514,0.708649468892261,0.7217928902627512,0.6959761549925484,0.7192804347216076,0.9109292248435243,0.8702851885924563,0.9555555555555556,0.9638874872734016
RF,0.732608765333084,0.7348095944067187,0.7361231361231361,0.7958354494667343,0.7866647749054577,"{'n_estimators': 50, 'max_depth': None}","['mfcc_6', 'mfcc_3', 'mfcc_5', 'mfcc_11', 'wav_detail_lvl5_std', 'mfcc_8', 'mfcc_10', 'wav_detail_lvl3_std', 'spec_centroid']",0.5784615384615385,0.5497076023391813,0.6103896103896104,0.6280972022403776,0.69374492282697,0.7625,0.6363636363636364,0.7522603657386746,0.9256198347107438,0.8922211808809747,0.9616161616161616,0.9796367567373211
RF,0.732505024056186,0.7532323636656292,0.7204736671949786,0.7988826815642458,0.7815955846683131,"{'n_estimators': 100, 'max_depth': 5}","['mfcc_6', 'mfcc_3', 'mfcc_11', 'mfcc_10', 'wav_detail_lvl3_std', 'zcr_mean', 'spec_centroid']",0.5761467889908257,0.6624472573839663,0.5097402597402597,0.6423525269697641,0.7070552147239264,0.7282780410742496,0.6870342771982116,0.7446787151554543,0.9143130684538057,0.8689717925386715,0.9646464646464646,0.9577555118797207
RF,0.7324300756514948,0.7566438469906203,0.7190756116985626,0.7983748095479939,0.7759606615193301,"{'n_estimators': 50, 'max_depth': 5}","['mfcc_6', 'mfcc_3', 'mfcc_5', 'mfcc_10', 'wav_detail_lvl3_std', 'spec_centroid']",0.574108818011257,0.68,0.4967532467532468,0.6545177628696461,0.7118133935289691,0.7188449848024316,0.7049180327868853,0.7204245786758339,0.9113680154142582,0.8710865561694291,0.9555555555555556,0.9529396430125103
RF,0.732416498326264,0.7362853092321066,0.7338872724118626,0.7943118334179786,0.7991843303549766,"{'n_estimators': 50, 'max_depth': 10}","['mfcc_6', 'mfcc_3', 'mfcc_5', 'mfcc_11', 'mfcc_8', 'wav_detail_lvl3_std', 'spec_centroid']",0.5880503144654088,0.5701219512195121,0.6071428571428571,0.6600410564897516,0.6888708367181153,0.7571428571428571,0.6318926974664679,0.7581136414967287,0.920328343795268,0.8815911193339501,0.9626262626262626,0.9793982930784494
RF,0.7323684535752983,0.7392392901167099,0.728009209976423,0.7826307770441848,0.7836629477090239,"{'n_estimators': 50, 'max_depth': 10}","['mfcc_3', 'mfcc_5', 'spec_centroid']",0.6277128547579299,0.6460481099656358,0.6103896103896104,0.6843952328308082,0.6755485893416928,0.7123966942148761,0.6423248882265276,0.703948796349176,0.8938439166262724,0.8592730661696178,0.9313131313131313,0.9626448139470877
RF,0.7322437917821848,0.7528402218214723,0.7203344924656401,0.7993905535804977,0.7731025952750633,"{'n_estimators': 100, 'max_depth': 5}","['mfcc_6', 'mfcc_3', 'mfcc_5', 'mfcc_11', 'mfcc_10', 'wav_detail_lvl3_std']",0.5693160813308688,0.6609442060085837,0.5,0.6403424149144983,0.7119155354449472,0.7206106870229008,0.7034277198211625,0.7220987637747351,0.9154997585707387,0.8769657724329325,0.9575757575757575,0.9568666071359565
RF,0.732194289774184,0.755045907121841,0.7194619891341203,0.8004062976130015,0.7536253685005644,"{'n_estimators': 50, 'max_depth': 5}","['mfcc_6', 'mfcc_3', 'wav_detail_lvl5_std', 'mfcc_8', 'mfcc_10', 'zcr_mean']",0.5687732342007435,0.6652173913043479,0.4967532467532468,0.6167282154087693,0.7129770992366412,0.730829420970266,0.6959761549925484,0.6948055909735543,0.9148325358851674,0.8690909090909091,0.9656565656565657,0.9493422991193695
RF,0.7321468326130113,0.764199856890463,0.716771146279343,0.7993905535804977,0.7941288932429716,"{'n_estimators': 100, 'max_depth': 5}","['mfcc_3', 'mfcc_5', 'mfcc_11', 'wav_detail_lvl5_std', 'mfcc_10', 'spec_centroid']",0.5680933852140078,0.7087378640776699,0.474025974025974,0.6716725668369584,0.7182890855457227,0.710948905109489,0.7257824143070045,0.7438873899039051,0.9100580270793037,0.87291280148423,0.9505050505050505,0.9668267229880515
RF,0.7320054582174375,0.7514236351616853,0.7205284697087975,0.7988826815642458,0.7818330532081608,"{'n_estimators': 100, 'max_depth': 5}","['mfcc_6', 'mfcc_3', 'mfcc_5', 'mfcc_11', 'mfcc_10', 'wav_detail_lvl3_std', 'zcr_mean']",0.5714285714285714,0.6554621848739496,0.5064935064935064,0.6452404113214995,0.7092846270928462,0.7247278382581649,0.6944858420268256,0.7375267114409202,0.9153031761308951,0.8740808823529411,0.9606060606060606,0.9627320368620628
RF,0.7319583295744766,0.7659274338737645,0.7157776043021945,0.7983748095479939,0.7831709550957014,"{'n_estimators': 50, 'max_depth': 5}","['mfcc_5', 'mfcc_11', 'wav_detail_lvl5_std', 'mfcc_10', 'zcr_mean', 'spec_centroid']",0.5703125,0.7156862745098039,0.474025974025974,0.6379766130524944,0.7211895910780669,0.7195845697329377,0.7228017883755589,0.7461240159931729,0.9043728976453628,0.8625114573785518,0.9505050505050505,0.9654122362414372
RF,0.7319556925668169,0.7453587980049697,0.7231049763836649,0.7932960893854749,0.8113996412043828,"{'n_estimators': 50, 'max_depth': 10}","['mfcc_6', 'mfcc_3', 'mfcc_5', 'mfcc_11', 'wav_detail_lvl3_std', 'zcr_mean', 'spec_centroid']",0.5880281690140845,0.6423076923076924,0.5422077922077922,0.6965569906579209,0.699537750385208,0.7240829346092504,0.676602086438152,0.761735410093533,0.9083011583011583,0.8696857670979667,0.9505050505050505,0.9759065228616944
RF,0.7319182369470436,0.7618442478950387,0.7169320054565956,0.797866937531742,0.7821649659096009,"{'n_estimators': 100, 'max_depth': 5}","['mfcc_6', 'mfcc_5', 'wav_detail_lvl5_std', 'mfcc_10', 'spec_centroid']",0.5703275529865125,0.7014218009478673,0.4805194805194805,0.6562510226210773,0.7195845697329377,0.7163958641063516,0.7228017883755589,0.7354533103776456,0.9058425881216804,0.8677150786308974,0.9474747474747475,0.95479056473008
RF,0.7319088526984544,0.7548759717363224,0.7191252887974199,0.7998984255967496,0.7872551757480762,"{'n_estimators': 50, 'max_depth': 5}","['mfcc_6', 'mfcc_3', 'mfcc_5', 'mfcc_11', 'mfcc_10', 'wav_detail_lvl3_std', 'zcr_mean', 'spec_centroid']",0.5698324022346368,0.6681222707423581,0.4967532467532468,0.6502442971471492,0.7102661596958175,0.7251552795031055,0.6959761549925484,0.7474144010490045,0.9156279961649089,0.8713503649635036,0.9646464646464646,0.9641068290480754
RF,0.731863675308014,0.758468452990746,0.7178656195049636,0.8004062976130015,0.7969801458779656,"{'n_estimators': 100, 'max_depth': 5}","['mfcc_6', 'mfcc_3', 'mfcc_5', 'wav_detail_lvl5_std', 'wav_detail_lvl3_std', 'zcr_mean']",0.5681818181818182,0.6818181818181818,0.487012987012987,0.6769057789886403,0.7130961392884179,0.7246153846153847,0.7019374068554396,0.7554966339540437,0.9143130684538057,0.8689717925386715,0.9646464646464646,0.9585380246912126
RF,0.7318436562817242,0.756229703932688,0.7184187700581143,0.797866937531742,0.7663299581480261,"{'n_estimators': 50, 'max_depth': 5}","['mfcc_6', 'mfcc_3', 'mfcc_5', 'mfcc_10', 'wav_detail_lvl3_std']",0.574108818011257,0.68,0.4967532467532468,0.6467751996557655,0.7104072398190046,0.7190839694656489,0.7019374068554396,0.7051356486459376,0.911014911014911,0.869605142332415,0.9565656565656566,0.947079026142375
RF,0.7318202504307892,0.7708023927792663,0.7144241004896742,0.8009141696292534,0.7791946836847475,"{'n_estimators': 50, 'max_depth': 5}","['mfcc_6', 'mfcc_3', 'wav_detail_lvl5_std', 'mfcc_10', 'zcr_mean', 'spec_centroid']",0.5674603174603174,0.7295918367346939,0.4642857142857143,0.6503647455153632,0.718562874251497,0.7218045112781954,0.7153502235469449,0.7353647008242711,0.909437559580553,0.8610108303249098,0.9636363636363636,0.9518546047146085
RF,0.7318007442473209,0.7525534876040855,0.7197663599302944,0.7983748095479939,0.7892449964653824,"{'n_estimators': 100, 'max_depth': 5}","['mfcc_6', 'mfcc_3', 'mfcc_5', 'mfcc_11', 'mfcc_10', 'wav_detail_lvl3_std', 'spec_centroid']",0.5719557195571956,0.6623931623931624,0.5032467532467533,0.6557639693196711,0.709628506444276,0.7222222222222222,0.6974664679582713,0.7483024308741266,0.9138180067404911,0.8730450781968722,0.9585858585858585,0.9636685892023494
RF,0.7317756539214794,0.7681055306201624,0.7156873181463346,0.8019299136617573,0.7828580516837369,"{'n_estimators': 100, 'max_depth': 5}","['mfcc_6', 'mfcc_5', 'mfcc_11', 'wav_detail_lvl5_std', 'mfcc_10', 'zcr_mean']",0.5584158415841585,0.7157360406091371,0.4577922077922078,0.6419507730139824,0.7260677466863034,0.7176128093158661,0.7347242921013413,0.738957816118967,0.9108433734939759,0.8709677419354839,0.9545454545454546,0.9676655659182615
RF,0.7317587228096958,0.7657391118129399,0.7160248070084135,0.8009141696292534,0.7736836201386529,"{'n_estimators': 50, 'max_depth': 5}","['mfcc_6', 'mfcc_5', 'wav_detail_lvl5_std']",0.5607843137254902,0.7079207920792079,0.4642857142857143,0.6535528629167218,0.725925925925926,0.7216494845360825,0.7302533532041728,0.7228712750154292,0.9085659287776708,0.8676470588235294,0.9535353535353536,0.9446267224838075
RF,0.731684679184677,0.7495309826930107,0.7207961740748626,0.7943118334179786,0.7694081475352812,"{'n_estimators': 100, 'max_depth': 5}","['mfcc_6', 'mfcc_10', 'wav_detail_lvl3_std', 'zcr_mean']",0.585278276481149,0.6546184738955824,0.5292207792207793,0.63023184272249,0.704422032583398,0.7346278317152104,0.676602086438152,0.7335534955807683,0.9053537284894837,0.8593466424682396,0.9565656565656566,0.9444391043025853
RF,0.7316782776944774,0.7564664275844502,0.7182247928149567,0.7983748095479939,0.7647212964362998,"{'n_estimators': 50, 'max_depth': 5}","['mfcc_6', 'mfcc_5', 'wav_detail_lvl5_std', 'mfcc_8', 'mfcc_10', 'zcr_mean']",0.568738229755179,0.6771300448430493,0.4902597402597403,0.6172248321208759,0.7172932330827068,0.723823975720789,0.7108792846497765,0.729000269158117,0.9090033702455464,0.8684452621895125,0.9535353535353536,0.9479387880299067
RF,0.7316565893231771,0.7535484793704206,0.7191808798366175,0.7983748095479939,0.7900427753668241,"{'n_estimators': 100, 'max_depth': 5}","['mfcc_6', 'mfcc_5', 'mfcc_11', 'wav_detail_lvl5_std', 'wav_detail_lvl3_std']",0.5703703703703704,0.6637931034482759,0.5,0.6636754968149017,0.7138508371385084,0.7293934681181959,0.698956780923994,0.7428307453112588,0.9107485604606526,0.8674588665447898,0.9585858585858585,0.9636220839743119
RF,0.7316113610207129,0.7619695745359683,0.7163962024617763,0.7993905535804977,0.7759062832993354,"{'n_estimators': 100, 'max_depth': 5}","['mfcc_6', 'wav_detail_lvl5_std', 'mfcc_10', 'zcr_mean']",0.5653846153846154,0.6933962264150944,0.4772727272727273,0.6338294771862771,0.7245283018867924,0.7339449541284404,0.7153502235469449,0.7459635789794922,0.904921165790731,0.8585675430643699,0.9565656565656566,0.9479257937322371
RF,0.7315187057803568,0.7339276587659062,0.7342803523131393,0.7917724733367192,0.7928817630878121,"{'n_estimators': 100, 'max_depth': None}","['mfcc_6', 'mfcc_3', 'mfcc_5', 'mfcc_11', 'wav_detail_lvl5_std', 'mfcc_8', 'mfcc_10', 'spec_centroid']",0.5909797822706065,0.5671641791044776,0.6168831168831169,0.6284024093147261,0.6855753646677472,0.7513321492007105,0.6304023845007451,0.7665767477164562,0.9180009704027171,0.8832866479925303,0.9555555555555556,0.983666132232254
RF,0.7315014190703031,0.7506102651439258,0.7199114485999732,0.7948197054342305,0.7812489922476257,"{'n_estimators': 50, 'max_depth': 5}","['mfcc_6', 'mfcc_5', 'mfcc_11', 'mfcc_10', 'wav_detail_lvl3_std', 'zcr_mean']",0.5802919708029197,0.6625,0.5162337662337663,0.6403749446147491,0.7072243346007605,0.7220496894409938,0.6929955290611028,0.7368090684722114,0.9069879518072289,0.8672811059907835,0.9505050505050505,0.9665629636559164
RF,0.7314847561632553,0.7514274161599145,0.719607866329178,0.7953275774504824,0.7732235145677041,"{'n_estimators': 50, 'max_depth': 5}","['mfcc_6', 'mfcc_10', 'wav_detail_lvl3_std', 'zcr_mean', 'spec_centroid']",0.5802919708029197,0.6625,0.5162337662337663,0.6292062343520384,0.7075978511128166,0.7294303797468354,0.6870342771982116,0.7428492878964302,0.9065644465740297,0.8623518687329079,0.9555555555555556,0.9476150214546435
RF,0.7313642081994054,0.7618936127643913,0.7163074933566737,0.7998984255967496,0.7987437554825361,"{'n_estimators': 100, 'max_depth': 5}","['mfcc_6', 'mfcc_5', 'wav_detail_lvl5_std', 'zcr_mean', 'spec_centroid']",0.5637065637065637,0.6952380952380952,0.474025974025974,0.6733515551047246,0.7215568862275449,0.724812030075188,0.7183308494783904,0.7650011853332207,0.9088291746641075,0.8656307129798904,0.9565656565656566,0.9578785260096631
RF,0.7313348146600958,0.7538671039532036,0.7186458653671769,0.7983748095479939,0.7888979265344386,"{'n_estimators': 100, 'max_depth': 5}","['mfcc_6', 'mfcc_3', 'mfcc_5', 'mfcc_10', 'wav_detail_lvl3_std', 'zcr_mean', 'spec_centroid']",0.5740740740740741,0.6681034482758621,0.5032467532467533,0.6626146576013154,0.7059724349157733,0.7259842519685039,0.6870342771982116,0.7490763148178079,0.9139579349904398,0.867513611615245,0.9656565656565657,0.9550028071841924
RF,0.7313246021225176,0.7623734302333375,0.7160595021250759,0.7988826815642458,0.7890186927644517,"{'n_estimators': 100, 'max_depth': 5}","['mfcc_3', 'mfcc_5', 'mfcc_11', 'wav_detail_lvl5_std', 'mfcc_10', 'zcr_mean', 'spec_centroid']",0.5686653771760155,0.7033492822966507,0.4772727272727273,0.6708489700208184,0.7148175725986597,0.7142857142857143,0.7153502235469449,0.7325940017803559,0.9104908565928778,0.8694852941176471,0.9555555555555556,0.9636131064921809
RF,0.7312568608913671,0.7520138089758343,0.7191982273949487,0.7973590655154901,0.7839371621192054,"{'n_estimators': 50, 'max_depth': 5}","['mfcc_6', 'mfcc_5', 'wav_detail_lvl5_std', 'mfcc_10', 'wav_detail_lvl3_std', 'zcr_mean']",0.5724770642201835,0.6582278481012658,0.5064935064935064,0.6536004901389363,0.7122026093630084,0.7341772151898734,0.6915052160953801,0.7443994182053604,0.9090909090909091,0.8636363636363636,0.9595959595959596,0.9538115780133194
RF,0.7311382541418463,0.7451778912770676,0.7223755904083773,0.8029456576942611,0.7988163359233749,"{'n_estimators': 50, 'max_depth': 10}","['mfcc_3', 'mfcc_5', 'mfcc_11', 'wav_detail_lvl5_std', 'wav_detail_lvl3_std', 'zcr_mean', 'spec_centroid']",0.5451263537906137,0.6138211382113821,0.4902597402597403,0.6734202602031087,0.7240089753178759,0.7267267267267268,0.7213114754098361,0.7445720830452048,0.9242794333170493,0.8949858088930936,0.9555555555555556,0.9784566645218107
RF,0.7311348549968034,0.7368210647787304,0.7290102429446691,0.7932960893854749,0.7833261688816844,"{'n_estimators': 100, 'max_depth': None}","['mfcc_6', 'mfcc_3', 'mfcc_11', 'wav_detail_lvl5_std', 'wav_detail_lvl3_std', 'zcr_mean', 'spec_centroid']",0.5840130505709625,0.5868852459016394,0.5811688311688312,0.6430383055243503,0.6943335993615323,0.7474226804123711,0.6482861400894188,0.7355911530675978,0.915057915057915,0.8761552680221811,0.9575757575757575,0.9713490480531051
RF,0.7311230871219841,0.7636626237579122,0.7156234475906608,0.7953275774504824,0.7956656812775366,"{'n_estimators': 100, 'max_depth': 5}","['mfcc_3', 'mfcc_5', 'wav_detail_lvl5_std', 'mfcc_10', 'spec_centroid']",0.5730994152046783,0.7170731707317073,0.4772727272727273,0.6777903535697816,0.717201166180758,0.7018544935805991,0.7332339791356185,0.750522506199078,0.9030686799805163,0.8720602069614299,0.9363636363636364,0.9586841840637497
RF,0.7311072684676273,0.7389108740291297,0.7285505326488932,0.7861858811579482,0.7924239408459263,"{'n_estimators': 50, 'max_depth': 10}","['mfcc_6', 'mfcc_3', 'mfcc_5', 'spec_centroid']",0.618657937806874,0.6237623762376238,0.6136363636363636,0.673871298066662,0.6726094003241491,0.7371225577264654,0.6184798807749627,0.7429246410131527,0.9020544672718586,0.8558476881233001,0.9535353535353536,0.960475883457964
RF,0.7310335597291711,0.7649467288896715,0.7149382190365797,0.8004062976130015,0.7793739889121015,"{'n_estimators': 100, 'max_depth': 5}","['mfcc_6', 'mfcc_3', 'mfcc_11', 'wav_detail_lvl5_std', 'mfcc_10', 'spec_centroid']",0.5653021442495126,0.7073170731707317,0.4707792207792208,0.6524166247848401,0.7174076865109269,0.725609756097561,0.7093889716840537,0.7252098695263327,0.9103908484270734,0.8619133574007221,0.9646464646464646,0.9604954724251317
RF,0.7310246317337966,0.7505522379638668,0.7194470071519251,0.7968511934992382,0.7786048431896381,"{'n_estimators': 100, 'max_depth': 5}","['mfcc_6', 'mfcc_5', 'mfcc_10', 'wav_detail_lvl3_std', 'zcr_mean']",0.5740402193784278,0.6569037656903766,0.5097402597402597,0.633002507865164,0.7074102368220015,0.725705329153605,0.6900149031296572,0.7490683179173032,0.9116234390009607,0.8690476190476191,0.9585858585858585,0.953743703786447
RF,0.7309843024560125,0.7532018205392818,0.7183308494783905,0.7968511934992382,0.7757770202117272,"{'n_estimators': 50, 'max_depth': 5}","['mfcc_6', 'mfcc_5', 'wav_detail_lvl5_std', 'wav_detail_lvl3_std']",0.5714285714285714,0.6666666666666666,0.5,0.6672191499854175,0.7137433561123766,0.7275541795665634,0.7004470938897168,0.7192861329342886,0.9077809798270894,0.8653846153846154,0.9545454545454546,0.9408257777154759
RF,0.7309782898141872,0.7556295609982276,0.7177437923339562,0.7998984255967496,0.7700688217723535,"{'n_estimators': 50, 'max_depth': 5}","['mfcc_6', 'mfcc_5', 'wav_detail_lvl5_std', 'mfcc_8', 'mfcc_10', 'wav_detail_lvl3_std', 'spec_centroid']",0.5612052730696798,0.6681614349775785,0.4837662337662338,0.6452969878810471,0.7205438066465257,0.7304747320061256,0.7108792846497765,0.7160295812441707,0.9111857897263562,0.868252516010979,0.9585858585858585,0.9488798961918428
RF,0.7309738683434777,0.7640493157734536,0.7155670680260844,0.7983748095479939,0.7764006123218462,"{'n_estimators': 100, 'max_depth': 5}","['mfcc_6', 'mfcc_5', 'mfcc_11', 'wav_detail_lvl5_std', 'mfcc_10']",0.5636007827788649,0.7093596059113301,0.4675324675324675,0.6288614547822251,0.7228739002932552,0.7113997113997114,0.7347242921013413,0.735027658120171,0.9064469219583131,0.8713886300093197,0.9444444444444444,0.9653127240631423
RF,0.7308991066822728,0.7640971866695435,0.7154069973742105,0.7983748095479939,0.7737316991681938,"{'n_estimators': 50, 'max_depth': 5}","['mfcc_6', 'mfcc_5', 'mfcc_11', 'wav_detail_lvl5_std', 'mfcc_8', 'mfcc_10', 'zcr_mean', 'spec_centroid']",0.5636007827788649,0.7093596059113301,0.4675324675324675,0.6203724037923511,0.7229977957384276,0.7130434782608696,0.7332339791356185,0.7304965594201601,0.9060987415295256,0.8698884758364313,0.9454545454545454,0.9703261342920705
RF,0.7307945440414888,0.7511581451876254,0.718811849959391,0.7953275774504824,0.7743357420686564,"{'n_estimators': 50, 'max_depth': 5}","['mfcc_3', 'mfcc_5', 'mfcc_11', 'mfcc_10', 'wav_detail_lvl3_std']",0.5756457564575646,0.6666666666666666,0.5064935064935064,0.6503089489301128,0.706766917293233,0.7132018209408194,0.7004470938897168,0.7223227641763071,0.9099709583736689,0.8736059479553904,0.9494949494949495,0.9503755130995495
RF,0.7307537025567497,0.7507576706634751,0.7189336771303986,0.7958354494667343,0.7835771097010668,"{'n_estimators': 100, 'max_depth': 5}","['mfcc_6', 'wav_detail_lvl5_std', 'mfcc_10', 'wav_detail_lvl3_std', 'zcr_mean', 'spec_centroid']",0.5740402193784278,0.6569037656903766,0.5097402597402597,0.6567556045684305,0.7116564417177914,0.7330173775671406,0.6915052160953801,0.7473547425136008,0.9065644465740297,0.8623518687329079,0.9555555555555556,0.9466209820211693
RF,0.7306979780274853,0.7408041002803091,0.7235504932226243,0.7953275774504824,0.7798349473634204,"{'n_estimators': 100, 'max_depth': 10}","['mfcc_6', 'mfcc_3', 'mfcc_11', 'wav_detail_lvl5_std', 'wav_detail_lvl3_std']",0.568935427574171,0.6150943396226415,0.5292207792207793,0.644882587463715,0.708649468892261,0.7217928902627512,0.6959761549925484,0.7340876759566067,0.9145090376160234,0.8855250709555346,0.9454545454545454,0.9605345786699396
RF,0.7306788552831387,0.7566058352157676,0.7168389594619103,0.7983748095479939,0.7883340718964206,"{'n_estimators': 100, 'max_depth': 5}","['mfcc_6', 'mfcc_5', 'wav_detail_lvl5_std', 'mfcc_10', 'wav_detail_lvl3_std', 'spec_centroid']",0.5660377358490566,0.6756756756756757,0.487012987012987,0.6673680867462058,0.718299164768413,0.7321981424148607,0.7049180327868853,0.7461736533370013,0.9076996652319465,0.8619436875567665,0.9585858585858585,0.9514604756060543
RF,0.730647071649117,0.7513153969614333,0.7187345744722794,0.797866937531742,0.7748552242238297,"{'n_estimators': 100, 'max_depth': 5}","['mfcc_6', 'mfcc_3', 'mfcc_11', 'mfcc_10', 'wav_detail_lvl3_std', 'zcr_mean']",0.5724770642201835,0.6582278481012658,0.5064935064935064,0.6291317724661019,0.7050691244239631,0.7274167987321711,0.684053651266766,0.7368342269173136,0.9143950263032042,0.8683015440508629,0.9656565656565657,0.9585996732880734
RF,0.7306085994703749,0.7536009718558855,0.7176026462911708,0.7958354494667343,0.7984152516098498,"{'n_estimators': 50, 'max_depth': 5}","['mfcc_3', 'mfcc_5', 'mfcc_11', 'wav_detail_lvl5_std', 'mfcc_10', 'wav_detail_lvl3_std', 'zcr_mean', 'spec_centroid']",0.5762081784386617,0.6739130434782609,0.5032467532467533,0.6707804844966112,0.7072243346007605,0.7220496894409938,0.6929955290611028,0.7598320988457924,0.9083932853717026,0.8648401826484018,0.9565656565656566,0.9646331714871459
RF,0.7306047050834441,0.7556557880165463,0.7171042982518392,0.7983748095479939,0.7775037800595143,"{'n_estimators': 50, 'max_depth': 5}","['mfcc_6', 'mfcc_3', 'mfcc_5', 'zcr_mean', 'spec_centroid']",0.568738229755179,0.6771300448430493,0.4902597402597403,0.6477698107995931,0.7099697885196374,0.7197549770290965,0.7004470938897168,0.7260263988440517,0.913106096975516,0.8700823421774931,0.9606060606060606,0.9587151305348983
RF,0.7305292621740832,0.7529010465119031,0.7178506375227687,0.7968511934992382,0.7592347274315981,"{'n_estimators': 100, 'max_depth': 5}","['mfcc_6', 'mfcc_5', 'mfcc_10', 'wav_detail_lvl3_std']",0.5714285714285714,0.6666666666666666,0.5,0.6334507698669299,0.710806697108067,0.7262830482115086,0.6959761549925484,0.7129964206305575,0.9093525179856116,0.8657534246575342,0.9575757575757575,0.9312569917973068
RF,0.7304716621941787,0.7548243522492449,0.7167325085357872,0.7922803453529711,0.7651961436320786,"{'n_estimators': 50, 'max_depth': 5}","['mfcc_6', 'mfcc_11', 'mfcc_10', 'wav_detail_lvl3_std', 'spec_centroid']",0.5914972273567468,0.6866952789699571,0.5194805194805194,0.6189743520914706,0.6986831913245546,0.7274193548387097,0.6721311475409836,0.7128892758453754,0.9012345679012346,0.850358422939068,0.9585858585858585,0.9637248029593897
RF,0.7304546289902145,0.7524505153568235,0.7179724646937761,0.7973590655154901,0.7922893231847302,"{'n_estimators': 50, 'max_depth': 5}","['mfcc_6', 'mfcc_3', 'mfcc_5', 'wav_detail_lvl3_std', 'zcr_mean']",0.5730129390018485,0.6652360515021459,0.5032467532467533,0.6660731705618038,0.7054322876817138,0.7248427672955975,0.6870342771982116,0.7526036075386473,0.9129186602870814,0.8672727272727273,0.9636363636363636,0.9581911914537393
RF,0.7302604320318625,0.7600691467818593,0.7157835182425346,0.7953275774504824,0.7819018513277557,"{'n_estimators': 100, 'max_depth': 5}","['mfcc_3', 'mfcc_5', 'wav_detail_lvl5_std', 'mfcc_10']",0.5686653771760155,0.7033492822966507,0.4772727272727273,0.6648949692665814,0.7160493827160493,0.6983002832861189,0.7347242921013413,0.7200960553363933,0.9060665362035225,0.8785578747628083,0.9353535353535354,0.9607145293802923
RF,0.7301779378021968,0.750664431125229,0.7180836467721714,0.7943118334179786,0.7777114653873857,"{'n_estimators': 100, 'max_depth': 5}","['mfcc_6', 'mfcc_5', 'mfcc_10', 'wav_detail_lvl3_std', 'spec_centroid']",0.5772058823529411,0.6652542372881356,0.5097402597402597,0.648332396755319,0.7066869300911854,0.7209302325581395,0.6929955290611028,0.7374294009656442,0.9066410009624639,0.8658088235294118,0.9515151515151515,0.9473725984411939
RF,0.7301473412789234,0.7613550622490161,0.7153514063350129,0.7998984255967496,0.7857164590912075,"{'n_estimators': 100, 'max_depth': 5}","['mfcc_6', 'mfcc_5', 'mfcc_11', 'wav_detail_lvl5_std', 'mfcc_10', 'spec_centroid']",0.556420233463035,0.6941747572815534,0.4642857142857143,0.6472664919770511,0.7243163340724317,0.718475073313783,0.7302533532041728,0.740144268905904,0.9097054563013037,0.8714153561517114,0.9515151515151515,0.969738616390667
RF,0.7301264385944753,0.732864103776325,0.7344901000638705,0.7932960893854749,0.7986648365002829,"{'n_estimators': 50, 'max_depth': None}","['mfcc_6', 'mfcc_3', 'mfcc_5', 'mfcc_11', 'wav_detail_lvl5_std', 'mfcc_8', 'wav_detail_lvl3_std', 'zcr_mean']",0.5801526717557252,0.547550432276657,0.6168831168831169,0.6529847349667104,0.6858080393765381,0.7627737226277372,0.6229508196721312,0.7639393975086449,0.9244186046511628,0.888268156424581,0.9636363636363636,0.9790703770254932
RF,0.7299546591339364,0.7515322793479559,0.7182847207437372,0.7968511934992382,0.8003210373737261,"{'n_estimators': 50, 'max_depth': 10}","['mfcc_3', 'mfcc_5', 'mfcc_11', 'wav_detail_lvl5_std', 'zcr_mean', 'spec_centroid']",0.5590994371482176,0.6622222222222223,0.4837662337662338,0.6776296428628399,0.7197080291970803,0.7052932761087267,0.7347242921013413,0.744487075871351,0.9110565110565111,0.8870813397129187,0.9363636363636364,0.9788463933869873
RF,0.7299340348656638,0.7588748293280059,0.7152094717668489,0.7973590655154901,0.7757749162214725,"{'n_estimators': 100, 'max_depth': 5}","['mfcc_6', 'mfcc_11', 'wav_detail_lvl5_std', 'mfcc_10', 'zcr_mean', 'spec_centroid']",0.5632183908045977,0.6869158878504673,0.4772727272727273,0.6310388161252661,0.7238525206922498,0.7310030395136778,0.7168405365126677,0.7335386370885503,0.9027311931001437,0.8587055606198724,0.9515151515151515,0.962747295450601
RF,0.7298881917385294,0.7339923597243212,0.73291423209456,0.7861858811579482,0.7780277474715213,"{'n_estimators': 50, 'max_depth': 10}","['mfcc_6', 'mfcc_3', 'mfcc_5', 'wav_detail_lvl3_std']",0.6137071651090342,0.5898203592814372,0.6396103896103896,0.6656702180410364,0.6672158154859967,0.7458563535911602,0.6035767511177347,0.7225070779619307,0.9087415946205571,0.8663003663003663,0.9555555555555556,0.9459059464115965
RF,0.729886307782877,0.7529147293083872,0.7169789227166277,0.7963433214829863,0.7701744249421735,"{'n_estimators': 100, 'max_depth': 5}","['mfcc_6', 'mfcc_3', 'mfcc_10', 'wav_detail_lvl3_std', 'zcr_mean', 'spec_centroid']",0.575139146567718,0.670995670995671,0.5032467532467533,0.63524789642836,0.7029096477794793,0.7228346456692913,0.684053651266766,0.724677548441986,0.9116101290014333,0.8649138712601995,0.9636363636363636,0.9505978299561746
RF,0.7298662166508101,0.7325543231386357,0.7322037707283608,0.7917724733367192,0.7896621784093334,"{'n_estimators': 50, 'max_depth': None}","['mfcc_6', 'mfcc_3', 'mfcc_5', 'mfcc_11', 'mfcc_8', 'mfcc_10', 'wav_detail_lvl3_std', 'zcr_mean', 'spec_centroid']",0.5834633385335414,0.5615615615615616,0.6071428571428571,0.6461433032629402,0.6866396761133603,0.75177304964539,0.6318926974664679,0.7462360572655384,0.9194956353055286,0.8843283582089553,0.9575757575757575,0.9766071746995217
RF,0.7298337047687934,0.7548944265426414,0.7163256294403836,0.7973590655154901,0.7895342746355033,"{'n_estimators': 100, 'max_depth': 5}","['mfcc_6', 'mfcc_11', 'wav_detail_lvl5_std', 'mfcc_10', 'wav_detail_lvl3_std', 'zcr_mean', 'spec_centroid']",0.5649717514124294,0.672645739910314,0.487012987012987,0.6567408756614449,0.7170953101361573,0.728110599078341,0.706408345752608,0.757381918141573,0.9074340527577938,0.8639269406392694,0.9555555555555556,0.9544800301034919
RF,0.7298325977176031,0.7472777649443311,0.7193575095214438,0.7988826815642458,0.7777161316646971,"{'n_estimators': 50, 'max_depth': 5}","['mfcc_6', 'mfcc_3', 'mfcc_5', 'mfcc_11', 'wav_detail_lvl5_std', 'mfcc_8', 'wav_detail_lvl3_std']",0.56,0.6363636363636364,0.5,0.6501688481805746,0.7128712871287128,0.7289719626168224,0.6974664679582713,0.7142120770491986,0.9166265060240963,0.8764976958525346,0.9606060606060606,0.9687674697643176
RF,0.7297235664050339,0.7501089470932117,0.7177800645013761,0.7948197054342305,0.7759335390212891,"{'n_estimators': 50, 'max_depth': 5}","['mfcc_6', 'wav_detail_lvl5_std', 'mfcc_10', 'wav_detail_lvl3_std', 'zcr_mean']",0.5740402193784278,0.6569037656903766,0.5097402597402597,0.6547735827057408,0.7097767513471901,0.7340764331210191,0.6870342771982116,0.7285746768138174,0.9053537284894837,0.8593466424682396,0.9565656565656566,0.9444523575443095
RF,0.7296032235322882,0.7550453762977481,0.7159558110377783,0.7958354494667343,0.7774411886146275,"{'n_estimators': 100, 'max_depth': 5}","['mfcc_5', 'mfcc_11', 'wav_detail_lvl5_std', 'mfcc_10', 'wav_detail_lvl3_std', 'zcr_mean']",0.5671077504725898,0.6787330316742082,0.487012987012987,0.6562888879221156,0.7166416791604198,0.7209653092006033,0.7123695976154992,0.7151911166477051,0.9050602409638554,0.8654377880184332,0.9484848484848485,0.960843561274062
RF,0.7295911875484283,0.7591394295916238,0.7148727714301485,0.7968511934992382,0.792714780272798,"{'n_estimators': 50, 'max_depth': 5}","['mfcc_3', 'mfcc_5', 'mfcc_11', 'wav_detail_lvl5_std', 'mfcc_10', 'wav_detail_lvl3_std', 'spec_centroid']",0.5664739884393064,0.6966824644549763,0.4772727272727273,0.6721452555002512,0.7131208302446257,0.7094395280235988,0.7168405365126677,0.7434319513519689,0.9091787439613527,0.8712962962962963,0.9505050505050505,0.9625671339661738
RF,0.7295683117269579,0.7493841202439929,0.717885332639431,0.7948197054342305,0.7845401569777847,"{'n_estimators': 100, 'max_depth': 5}","['mfcc_6', 'mfcc_5', 'mfcc_10', 'wav_detail_lvl3_std', 'zcr_mean', 'spec_centroid']",0.5766423357664233,0.6583333333333333,0.512987012987013,0.6546979270657024,0.7025365103766333,0.7253968253968254,0.6810730253353204,0.7461893984360459,0.9095260890378172,0.8644222020018199,0.9595959595959596,0.9527331454316057
RF,0.7295583272437547,0.7438806761673106,0.7208024822778922,0.7988826815642458,0.7962101093465738,"{'n_estimators': 50, 'max_depth': 10}","['mfcc_3', 'mfcc_5', 'mfcc_11', 'wav_detail_lvl5_std', 'wav_detail_lvl3_std', 'spec_centroid']",0.5480943738656987,0.6213991769547325,0.4902597402597403,0.6650109902628967,0.7215282880235121,0.7115942028985507,0.7317436661698957,0.7438508029101365,0.9190523198420533,0.8986486486486487,0.9404040404040404,0.9797685348666879
RF,0.7295393998796587,0.7516072195315139,0.7169674890986366,0.7943118334179786,0.7855158545146668,"{'n_estimators': 50, 'max_depth': 5}","['mfcc_3', 'mfcc_5', 'mfcc_11', 'wav_detail_lvl5_std', 'mfcc_10', 'wav_detail_lvl3_std']",0.5735567970204841,0.6724890829694323,0.5,0.6656657277452538,0.7065868263473054,0.7097744360902256,0.7034277198211625,0.7277674733175572,0.9084745762711864,0.8725581395348837,0.9474747474747475,0.9631143624811893
RF,0.7295240325837343,0.7601259324996806,0.7142880798618503,0.7953275774504824,0.7977671909722183,"{'n_estimators': 50, 'max_depth': 5}","['mfcc_3', 'mfcc_5', 'wav_detail_lvl5_std', 'zcr_mean']",0.5714285714285714,0.7047619047619048,0.4805194805194805,0.6910508257335851,0.7112100965107646,0.7085798816568047,0.713859910581222,0.736720285888389,0.9059334298118669,0.8670360110803325,0.9484848484848485,0.9655304612946807
RF,0.729520337988865,0.7521918028387492,0.7166855912757552,0.7938039614017267,0.7627613311743607,"{'n_estimators': 50, 'max_depth': 5}","['mfcc_6', 'mfcc_11', 'wav_detail_lvl5_std', 'mfcc_8', 'mfcc_10', 'zcr_mean']",0.5708955223880597,0.6710526315789473,0.4967532467532468,0.5963825036824429,0.7162162162162162,0.7216338880484114,0.7108792846497765,0.7332539152122151,0.9014492753623189,0.8638888888888889,0.9424242424242424,0.9586475746284244
RF,0.7294941464011121,0.7324377716806459,0.7306215945560207,0.7968511934992382,0.7860825036838212,"{'n_estimators': 50, 'max_depth': None}","['mfcc_6', 'mfcc_3', 'mfcc_11', 'wav_detail_lvl5_std', 'mfcc_8', 'mfcc_10', 'wav_detail_lvl3_std', 'zcr_mean', 'spec_centroid']",0.5606299212598426,0.5443425076452599,0.577922077922078,0.6268727553059883,0.6987951807228916,0.7578397212543554,0.6482861400894188,0.7560050111219533,0.9290573372206026,0.8951310861423221,0.9656565656565657,0.9753697446235217
RF,0.7294932230512657,0.7464963812294624,0.719560160543767,0.7983748095479939,0.7880837495946613,"{'n_estimators': 50, 'max_depth': 10}","['mfcc_3', 'mfcc_11', 'wav_detail_lvl5_std', 'wav_detail_lvl3_std', 'zcr_mean']",0.5514705882352942,0.635593220338983,0.487012987012987,0.6632327856575578,0.7205882352941176,0.7111756168359942,0.7302533532041728,0.734660811926736,0.9164208456243854,0.89272030651341,0.9414141414141414,0.9663576511996901
RF,0.72941635714364,0.7569079900102191,0.7153861014516752,0.797866937531742,0.8059677048800401,"{'n_estimators': 100, 'max_depth': 5}","['mfcc_3', 'mfcc_5', 'mfcc_11', 'wav_detail_lvl5_std', 'spec_centroid']",0.5621414913957935,0.6837209302325581,0.4772727272727273,0.6939476715357242,0.7153502235469449,0.7153502235469449,0.7153502235469449,0.7579178862842557,0.9107573564881813,0.8716528162511542,0.9535353535353536,0.9660375568201405
RF,0.7292213405715273,0.7504354695838691,0.7170885277442655,0.7963433214829863,0.7834554747257081,"{'n_estimators': 100, 'max_depth': 5}","['mfcc_6', 'mfcc_5', 'mfcc_11', 'wav_detail_lvl3_std']",0.5666666666666667,0.6594827586206896,0.4967532467532468,0.6474891208299461,0.7100681302043906,0.7215384615384616,0.698956780923994,0.7380167861707955,0.9109292248435243,0.8702851885924563,0.9555555555555556,0.9648605171763828
RF,0.7291691982211651,0.7608111217710908,0.7135981201554972,0.7938039614017267,0.8046632144273423,"{'n_estimators': 100, 'max_depth': 5}","['mfcc_3', 'mfcc_5', 'wav_detail_lvl5_std', 'zcr_mean', 'spec_centroid']",0.5736434108527132,0.7115384615384616,0.4805194805194805,0.6937644811545215,0.7110125646711013,0.7052785923753666,0.7168405365126677,0.7541947300261356,0.902851619139681,0.865616311399444,0.9434343434343434,0.9660304321013702
RF,0.7291463804494844,0.7549269604064124,0.7155304015959754,0.7958354494667343,0.792939590272833,"{'n_estimators': 100, 'max_depth': 5}","['mfcc_5', 'wav_detail_lvl5_std', 'mfcc_10', 'zcr_mean', 'spec_centroid']",0.5654648956356736,0.680365296803653,0.4837662337662338,0.6604230207365742,0.7148175725986597,0.7142857142857143,0.7153502235469449,0.7625669711869255,0.90715667311412,0.8701298701298701,0.9474747474747475,0.9558287788949995
RF,0.7291448236100417,0.7328370660124214,0.7263623747230303,0.7826307770441848,0.7733568340030524,"{'n_estimators': 50, 'max_depth': 5}","['mfcc_3', 'mfcc_5', 'mfcc_11', 'mfcc_10', 'spec_centroid']",0.6059602649006622,0.6182432432432432,0.5941558441558441,0.658735708599447,0.6809815950920245,0.7014218009478673,0.6616989567809239,0.6996915588292064,0.9004926108374385,0.8788461538461538,0.9232323232323232,0.9616432345805038
RF,0.7290161032536876,0.7330557156526925,0.731066717132291,0.7912646013204673,0.781542511385827,"{'n_estimators': 50, 'max_depth': None}","['mfcc_6', 'mfcc_3', 'mfcc_5', 'mfcc_11', 'wav_detail_lvl5_std', 'mfcc_8', 'zcr_mean', 'spec_centroid']",0.584375,0.5632530120481928,0.6071428571428571,0.6072930009513735,0.684640522875817,0.7576853526220615,0.624441132637854,0.7593526064893922,0.9180327868852459,0.8782287822878229,0.9616161616161616,0.9779819267167154
RF,0.7289964601307268,0.7546614125714944,0.7155852041097943,0.7958354494667343,0.7869270139034971,"{'n_estimators': 100, 'max_depth': 5}","['mfcc_5', 'wav_detail_lvl5_std', 'mfcc_10', 'spec_centroid']",0.5627376425855514,0.6788990825688074,0.4805194805194805,0.6536820932877153,0.7174556213017751,0.7121879588839941,0.7228017883755589,0.7508831535589128,0.9067961165048544,0.8728971962616823,0.9434343434343434,0.9562157948638634
RF,0.7289850640024383,0.757582321726634,0.7145195120604958,0.7958354494667343,0.7682278433577379,"{'n_estimators': 50, 'max_depth': 5}","['mfcc_6', 'mfcc_11', 'wav_detail_lvl5_std', 'mfcc_8', 'mfcc_10', 'zcr_mean', 'spec_centroid']",0.564299424184261,0.6901408450704225,0.4772727272727273,0.6257491367696002,0.7182156133828996,0.7166172106824926,0.7198211624441133,0.7178678359778607,0.9044401544401545,0.865988909426987,0.9464646464646465,0.9610665573257526
RF,0.7289734292124198,0.7423649425021793,0.720390477767527,0.7887252412392077,0.7943363368909936,"{'n_estimators': 50, 'max_depth': 10}","['mfcc_6', 'mfcc_3', 'mfcc_5', 'wav_detail_lvl3_std', 'zcr_mean', 'spec_centroid']",0.5944055944055944,0.6439393939393939,0.551948051948052,0.6823238830185367,0.6890101325019485,0.7222222222222222,0.6587183308494784,0.7391182541242345,0.9035045607297167,0.8609332113449222,0.9505050505050505,0.9615668735302093
RF,0.7289496396925127,0.7422928702937815,0.7210240579093039,0.7932960893854749,0.802269655843105,"{'n_estimators': 100, 'max_depth': 10}","['mfcc_6', 'mfcc_5', 'mfcc_11', 'wav_detail_lvl5_std', 'zcr_mean', 'spec_centroid']",0.5798611111111112,0.6231343283582089,0.5422077922077922,0.6696339457966488,0.6966824644549763,0.7411764705882353,0.6572280178837556,0.7613143817849096,0.9103053435114504,0.8625678119349005,0.9636363636363636,0.9758606399477563
RF,0.7289444745090937,0.7312830515459163,0.73388884946262,0.7912646013204673,0.7823610292739934,"{'n_estimators': 50, 'max_depth': None}","['mfcc_6', 'mfcc_5', 'mfcc_11', 'wav_detail_lvl5_std', 'mfcc_8', 'wav_detail_lvl3_std', 'zcr_mean', 'spec_centroid']",0.5796661608497724,0.5441595441595442,0.6201298701298701,0.6064485216194857,0.6858080393765381,0.7627737226277372,0.6229508196721312,0.7625982705447389,0.9213592233009709,0.8869158878504673,0.9585858585858585,0.9780362956577556
RF,0.7289366026913684,0.7485087383705035,0.7172501754468968,0.7932960893854749,0.7829268406818106,"{'n_estimators': 100, 'max_depth': 5}","['mfcc_6', 'mfcc_5', 'mfcc_11', 'mfcc_10', 'wav_detail_lvl3_std', 'spec_centroid']",0.575091575091575,0.6596638655462185,0.5097402597402597,0.6449895083164439,0.7051671732522796,0.7193798449612403,0.6915052160953801,0.7343739839218681,0.9065510597302505,0.8664825046040515,0.9505050505050505,0.9694170298071197
RF,0.7289101038698734,0.7542535992329963,0.7152938439823685,0.7968511934992382,0.7867898990053773,"{'n_estimators': 100, 'max_depth': 5}","['mfcc_6', 'mfcc_3', 'wav_detail_lvl5_std', 'mfcc_10', 'wav_detail_lvl3_std', 'zcr_mean', 'spec_centroid']",0.5676691729323309,0.6741071428571429,0.4902597402597403,0.6613078837646412,0.7088414634146342,0.7254290171606864,0.6929955290611028,0.7481984742878852,0.9102196752626552,0.8632246376811594,0.9626262626262626,0.9508633389636054
RF,0.7288833750692477,0.7306932087660375,0.7305171149433445,0.7953275774504824,0.7784400960943919,"{'n_estimators': 50, 'max_depth': None}","['mfcc_3', 'mfcc_5', 'mfcc_11', 'wav_detail_lvl5_std', 'mfcc_8', 'wav_detail_lvl3_std', 'spec_centroid']",0.5620094191522763,0.5440729483282675,0.5811688311688312,0.6094616617798917,0.6959297685554668,0.7491408934707904,0.6497764530551415,0.743736343698589,0.9287109375,0.8988657844990549,0.9606060606060606,0.9821222828046952
RF,0.7288123840000788,0.7555159419434703,0.715241801307375,0.7998984255967496,0.7710304003876326,"{'n_estimators': 50, 'max_depth': 5}","['mfcc_6', 'mfcc_3', 'mfcc_5', 'mfcc_11', 'wav_detail_lvl5_std', 'mfcc_8', 'mfcc_10', 'zcr_mean', 'spec_centroid']",0.5534351145038168,0.6712962962962963,0.4707792207792208,0.6323856436874683,0.7191011235955056,0.7228915662650602,0.7153502235469449,0.7102054209407838,0.9139009139009139,0.8723599632690542,0.9595959595959596,0.9705001365346456
RF,0.7287657320540806,0.7468314403554102,0.717713828369566,0.792788217369223,0.7716806333130414,"{'n_estimators': 50, 'max_depth': 5}","['mfcc_5', 'wav_detail_lvl5_std', 'mfcc_10', 'wav_detail_lvl3_std', 'zcr_mean']",0.572992700729927,0.6541666666666667,0.5097402597402597,0.6567402196987413,0.7068575734740015,0.7149390243902439,0.698956780923994,0.7099914392323408,0.9064469219583131,0.8713886300093197,0.9444444444444444,0.9483102410080421
RF,0.7287382000293984,0.7399749688112237,0.7213714033386166,0.781615033011681,0.7946490709040374,"{'n_estimators': 100, 'max_depth': 10}","['mfcc_3', 'mfcc_5', 'zcr_mean', 'spec_centroid']",0.6185567010309279,0.656934306569343,0.5844155844155844,0.696750012001674,0.6744913928012519,0.7100494233937397,0.6423248882265276,0.7242756320711478,0.8931665062560153,0.8529411764705882,0.9373737373737374,0.9629215686392901
RF,0.7287186176090041,0.754465416122729,0.7151329848051159,0.7983748095479939,0.8001466714016109,"{'n_estimators': 100, 'max_depth': 5}","['mfcc_6', 'mfcc_3', 'mfcc_5', 'wav_detail_lvl5_std', 'wav_detail_lvl3_std', 'zcr_mean', 'spec_centroid']",0.5622641509433962,0.6711711711711712,0.4837662337662338,0.6763438228163475,0.710806697108067,0.7262830482115086,0.6959761549925484,0.763264170919272,0.9130850047755492,0.8659420289855072,0.9656565656565657,0.960832020469213
RF,0.7286120998626483,0.738176722331401,0.7215874592923773,0.7877094972067039,0.7936225997829175,"{'n_estimators': 100, 'max_depth': 10}","['mfcc_3', 'mfcc_5', 'wav_detail_lvl5_std', 'spec_centroid']",0.5833333333333334,0.6268656716417911,0.5454545454545454,0.6862247052704665,0.7009841029523088,0.7123076923076923,0.6900149031296572,0.7273826758931307,0.9015188633023028,0.8753568030447193,0.9292929292929293,0.9672604181851553
RF,0.7285174051317557,0.7508516863483633,0.7160228356949668,0.7963433214829863,0.7705729724807956,"{'n_estimators': 50, 'max_depth': 5}","['mfcc_6', 'mfcc_3', 'mfcc_5', 'mfcc_10', 'wav_detail_lvl3_std', 'zcr_mean']",0.5661080074487895,0.6637554585152838,0.4935064935064935,0.6436114746202034,0.7065052950075643,0.717357910906298,0.6959761549925484,0.7166735933993728,0.9129389129389129,0.8714416896235078,0.9585858585858585,0.9514338494228107
RF,0.7284740868196868,0.74934112593523,0.7164655926951009,0.7953275774504824,0.7726864731739561,"{'n_estimators': 50, 'max_depth': 5}","['mfcc_6', 'mfcc_3', 'mfcc_10', 'wav_detail_lvl3_std', 'zcr_mean']",0.5698529411764706,0.6567796610169492,0.5032467532467533,0.6363596504263366,0.7055214723926381,0.7266982622432859,0.6855439642324889,0.7348775211681464,0.9100478468899521,0.8645454545454545,0.9606060606060606,0.9468222479273852
RF,0.728424849112852,0.7484783750422777,0.7167143724520774,0.7948197054342305,0.78672799959638,"{'n_estimators': 50, 'max_depth': 5}","['mfcc_6', 'mfcc_5', 'wav_detail_lvl3_std', 'zcr_mean']",0.5714285714285714,0.6554621848739496,0.5064935064935064,0.6562329611225522,0.7034482758620689,0.7239747634069401,0.684053651266766,0.7516990819516423,0.9103977000479156,0.8659981768459435,0.9595959595959596,0.9522519557149453
RF,0.728359281576277,0.7572649456534045,0.714253384745188,0.7973590655154901,0.7920978137066507,"{'n_estimators': 100, 'max_depth': 5}","['mfcc_6', 'mfcc_5', 'mfcc_11', 'wav_detail_lvl5_std', 'spec_centroid']",0.555984555984556,0.6857142857142857,0.4675324675324675,0.6563134501403968,0.7207074428887251,0.7128279883381924,0.7287630402384501,0.7514971068414643,0.9083858458555502,0.8732525629077353,0.9464646464646465,0.9684828841380909
RF,0.7282823643790751,0.7680173220819722,0.710290650454585,0.7953275774504824,0.7710339811598255,"{'n_estimators': 50, 'max_depth': 5}","['mfcc_6', 'mfcc_3', 'mfcc_11', 'wav_detail_lvl5_std', 'mfcc_10']",0.5742574257425742,0.7360406091370558,0.4707792207792208,0.6480347441656303,0.7064150943396227,0.7155963302752294,0.6974664679582713,0.7061982337935812,0.9041745730550285,0.8524150268336315,0.9626262626262626,0.9588689655202651
RF,0.728248447214464,0.752299914697175,0.7153478579708087,0.7983748095479939,0.7932933130296349,"{'n_estimators': 100, 'max_depth': 5}","['mfcc_6', 'mfcc_5', 'wav_detail_lvl5_std', 'wav_detail_lvl3_std', 'zcr_mean']",0.556390977443609,0.6607142857142857,0.4805194805194805,0.661429699718096,0.7161241483724451,0.7276923076923076,0.7049180327868853,0.7612018761365947,0.9122302158273381,0.8684931506849315,0.9606060606060606,0.9572483632342141
RF,0.728238873790947,0.7480384241438717,0.7165925452810699,0.7943118334179786,0.7886461166879878,"{'n_estimators': 100, 'max_depth': 5}","['mfcc_3', 'mfcc_5', 'mfcc_11', 'wav_detail_lvl3_std']",0.5698529411764706,0.6567796610169492,0.5032467532467533,0.6748209921093983,0.7045454545454546,0.7164869029275809,0.6929955290611028,0.7333077433769613,0.9103182256509161,0.8708487084870848,0.9535353535353536,0.9578096145776039
RF,0.7282321266253254,0.7476679497194961,0.71666469535322,0.7932960893854749,0.7941263114745872,"{'n_estimators': 100, 'max_depth': 5}","['mfcc_3', 'mfcc_5', 'mfcc_11', 'wav_detail_lvl3_std', 'spec_centroid']",0.5724770642201835,0.6582278481012658,0.5064935064935064,0.6834769701824288,0.7034795763993948,0.7142857142857143,0.6929955290611028,0.7376267062155373,0.9087397392563978,0.8704902867715079,0.9505050505050505,0.9612752580257956
RF,0.7282151366575986,0.7499190453397144,0.7159680331811479,0.7963433214829863,0.7895116997833674,"{'n_estimators': 50, 'max_depth': 5}","['mfcc_6', 'mfcc_3', 'mfcc_5', 'mfcc_11', 'wav_detail_lvl3_std', 'zcr_mean']",0.5666666666666667,0.6594827586206896,0.4967532467532468,0.6601714362555776,0.7042682926829268,0.7207488299531981,0.6885245901639344,0.747935981688425,0.9137104506232023,0.8695255474452555,0.9626262626262626,0.9604276814060998
RF,0.7282095708470635,0.748771872631922,0.7161844833975981,0.7932960893854749,0.7841977702830958,"{'n_estimators': 50, 'max_depth': 10}","['mfcc_6', 'mfcc_3', 'wav_detail_lvl5_std', 'zcr_mean', 'spec_centroid']",0.5724770642201835,0.6582278481012658,0.5064935064935064,0.6514645833556874,0.7075038284839203,0.7275590551181103,0.6885245901639344,0.7472438513454398,0.9046478198370868,0.8605287146763901,0.9535353535353536,0.9538848761481602
RF,0.7281466239575668,0.7632473853163507,0.712073112073112,0.7943118334179786,0.7922954199070777,"{'n_estimators': 100, 'max_depth': 5}","['mfcc_3', 'mfcc_5', 'wav_detail_lvl5_std', 'mfcc_10', 'zcr_mean', 'spec_centroid']",0.5669291338582677,0.72,0.4675324675324675,0.6736430928839905,0.7139722019019751,0.7011494252873564,0.7272727272727273,0.7410769397214287,0.9035385361124576,0.8685927306616962,0.9414141414141414,0.9621662271158141
RF,0.7281232291980778,0.7511822849573028,0.715098683951143,0.7912646013204673,0.7594188540088901,"{'n_estimators': 100, 'max_depth': 5}","['mfcc_6', 'mfcc_3', 'mfcc_11', 'mfcc_10', 'wav_detail_lvl3_std']",0.5882352941176471,0.6779661016949152,0.5194805194805194,0.6265351349638971,0.6915306915306916,0.7224025974025974,0.6631892697466468,0.7018688137908611,0.9046037019458947,0.8531781557743957,0.9626262626262626,0.9498526132719123
RF,0.7280317873097996,0.7557207776129227,0.7140168271315813,0.7983748095479939,0.760973128229869,"{'n_estimators': 50, 'max_depth': 5}","['mfcc_6', 'mfcc_3', 'mfcc_11', 'wav_detail_lvl5_std', 'mfcc_8', 'mfcc_10', 'zcr_mean', 'spec_centroid']",0.5583173996175909,0.6790697674418604,0.474025974025974,0.628981289597081,0.7117117117117117,0.7170953101361573,0.706408345752608,0.6940567712406953,0.914066250600096,0.8709972552607502,0.9616161616161616,0.9598813238518308
RF,0.7277981225380241,0.740399654374094,0.719825499333696,0.7983748095479939,0.783419507294325,"{'n_estimators': 100, 'max_depth': 10}","['mfcc_3', 'mfcc_5', 'mfcc_11', 'wav_detail_lvl5_std', 'wav_detail_lvl3_std']",0.5431654676258992,0.6088709677419355,0.4902597402597403,0.6505254961288307,0.7177597641857038,0.7099125364431487,0.7257824143070045,0.7234458499751838,0.9224691358024691,0.9024154589371981,0.9434343434343434,0.9762871757789604
RF,0.7277907596374362,0.7291833918333847,0.7304291943636206,0.7943118334179786,0.7967901292378198,"{'n_estimators': 50, 'max_depth': None}","['mfcc_6', 'mfcc_3', 'mfcc_5', 'mfcc_11', 'wav_detail_lvl5_std', 'mfcc_8', 'wav_detail_lvl3_std', 'zcr_mean', 'spec_centroid']",0.5581395348837209,0.5341246290801187,0.5844155844155844,0.6458889446664592,0.6971153846153846,0.7538994800693241,0.6482861400894188,0.7625103203827601,0.928117359413203,0.8995260663507109,0.9585858585858585,0.98197112266424
RF,0.7277168019285738,0.7461576940579859,0.7165393198180082,0.7912646013204673,0.7764305509883286,"{'n_estimators': 50, 'max_depth': 5}","['mfcc_6', 'mfcc_11', 'mfcc_10', 'wav_detail_lvl3_std', 'zcr_mean', 'spec_centroid']",0.5797101449275363,0.6557377049180327,0.5194805194805194,0.6346948162441105,0.6979246733282091,0.7206349206349206,0.676602086438152,0.7340760367504919,0.9055155875299761,0.8621004566210045,0.9535353535353536,0.9605207999703833
RF,0.7277122226491487,0.7478108519657214,0.7158860265417643,0.7922803453529711,0.7758352306871622,"{'n_estimators': 50, 'max_depth': 5}","['mfcc_3', 'mfcc_5', 'mfcc_10', 'wav_detail_lvl3_std', 'zcr_mean']",0.5719557195571956,0.6623931623931624,0.5032467532467533,0.6454741554259719,0.7042042042042042,0.7095310136157338,0.698956780923994,0.7231737938907613,0.9069767441860465,0.8715083798882681,0.9454545454545454,0.9588577427447538
RF,0.7276983373949077,0.7468576206067176,0.7162451998517572,0.7902488572879635,0.7878837316626991,"{'n_estimators': 50, 'max_depth': 5}","['mfcc_3', 'mfcc_5', 'mfcc_10', 'wav_detail_lvl3_std', 'spec_centroid']",0.574585635359116,0.6638297872340425,0.5064935064935064,0.6679160873036096,0.7047477744807121,0.7016248153618907,0.7078986587183308,0.739476097100491,0.903761602344895,0.8751182592242195,0.9343434343434344,0.9562590105839964
RF,0.7276662044300228,0.7485401848597878,0.7157200419495502,0.7953275774504824,0.7996998967668962,"{'n_estimators': 100, 'max_depth': 5}","['mfcc_6', 'mfcc_5', 'wav_detail_lvl3_std', 'zcr_mean', 'spec_centroid']",0.567219152854512,0.6553191489361702,0.5,0.6781087487851383,0.703902065799541,0.7232704402515723,0.6855439642324889,0.7645211567288347,0.9118773946360154,0.8670309653916212,0.9616161616161616,0.9564697847867158
RF,0.7275837743931527,0.7472487293504463,0.7159530511989529,0.792788217369223,0.7814539373573481,"{'n_estimators': 50, 'max_depth': 5}","['mfcc_3', 'mfcc_11', 'wav_detail_lvl5_std', 'mfcc_10', 'wav_detail_lvl3_std']",0.5740402193784278,0.6569037656903766,0.5097402597402597,0.6621568903263483,0.7008416220351951,0.720125786163522,0.6825633383010432,0.7217626081570491,0.9078694817658349,0.8647166361974405,0.9555555555555556,0.9604423135886473
RF,0.727554585294807,0.7328473007121222,0.7267933038424842,0.7877094972067039,0.7874201390582362,"{'n_estimators': 50, 'max_depth': None}","['mfcc_6', 'mfcc_3', 'mfcc_5', 'mfcc_11', 'mfcc_8', 'mfcc_10', 'zcr_mean', 'spec_centroid']",0.5925925925925926,0.5878594249201278,0.5974025974025974,0.6372849681376834,0.6795803066989508,0.7411971830985915,0.6274217585692996,0.7521123960556539,0.9104908565928778,0.8694852941176471,0.9555555555555556,0.972863052981371
RF,0.7275387135633754,0.7537956849163175,0.7140168271315813,0.7983748095479939,0.7751578912844074,"{'n_estimators': 50, 'max_depth': 5}","['mfcc_6', 'mfcc_3', 'mfcc_5', 'mfcc_11', 'wav_detail_lvl5_std', 'mfcc_8', 'spec_centroid']",0.5551330798479087,0.6697247706422018,0.474025974025974,0.641166952583708,0.713855421686747,0.7214611872146118,0.706408345752608,0.7151827949393565,0.9136276391554703,0.870201096892139,0.9616161616161616,0.9691239263301575
RF,0.7275272844987052,0.7512727649689522,0.7147359622769459,0.792788217369223,0.7968031794836131,"{'n_estimators': 50, 'max_depth': 5}","['mfcc_3', 'mfcc_5', 'wav_detail_lvl5_std', 'mfcc_10', 'wav_detail_lvl3_std', 'spec_centroid']",0.5660377358490566,0.6756756756756757,0.487012987012987,0.675203434540939,0.7102941176470589,0.7010159651669086,0.7198211624441133,0.7527212619554565,0.90625,0.8771266540642723,0.9373737373737374,0.962484841954444
RF,0.7274742754913156,0.7511638932277903,0.7140893714664207,0.7882173692229558,0.7576272329849113,"{'n_estimators': 100, 'max_depth': 5}","['mfcc_6', 'mfcc_10', 'wav_detail_lvl3_std', 'spec_centroid']",0.5944954128440367,0.6835443037974683,0.525974025974026,0.6267243500800066,0.690625,0.7257799671592775,0.6587183308494784,0.7082885352510607,0.89730241362991,0.8441674087266251,0.9575757575757575,0.9378688136236666
RF,0.7274737791979171,0.7577148672905226,0.7126361191934962,0.7968511934992382,0.7801391366115,"{'n_estimators': 100, 'max_depth': 5}","['mfcc_6', 'mfcc_11', 'wav_detail_lvl5_std', 'mfcc_10', 'zcr_mean']",0.555984555984556,0.6857142857142857,0.4675324675324675,0.6317025825224845,0.7222222222222222,0.7276853252647504,0.7168405365126677,0.746951931624511,0.9042145593869731,0.8597449908925319,0.9535353535353536,0.9617628956875047
RF,0.7274241319501984,0.756340287957935,0.7123305656092542,0.792788217369223,0.782278644405587,"{'n_estimators': 100, 'max_depth': 5}","['mfcc_6', 'mfcc_3', 'mfcc_11', 'wav_detail_lvl5_std', 'mfcc_10', 'wav_detail_lvl3_std']",0.5795454545454546,0.6954545454545454,0.4967532467532468,0.6562437249239614,0.6984615384615385,0.7217806041335453,0.676602086438152,0.7302036260150145,0.9042654028436019,0.8517857142857143,0.9636363636363636,0.960388582277785
RF,0.7274142916022024,0.7376535915807744,0.7222170968072609,0.7831386490604367,0.7463641006075296,"{'n_estimators': 50, 'max_depth': 5}","['mfcc_6', 'mfcc_3', 'mfcc_11', 'mfcc_10']",0.6151260504201681,0.6376306620209059,0.5941558441558441,0.6116841795477379,0.6677367576243981,0.7234782608695652,0.6199701937406855,0.6814150190079691,0.899380066762041,0.8518518518518519,0.9525252525252526,0.9459931032668817
RF,0.7273157894038181,0.734096278360291,0.7243626743626744,0.7882173692229558,0.7798086651686343,"{'n_estimators': 50, 'max_depth': 10}","['mfcc_6', 'mfcc_3', 'mfcc_11', 'mfcc_10', 'wav_detail_lvl3_std', 'spec_centroid']",0.5897858319604613,0.5986622073578596,0.5811688311688312,0.6403777905308525,0.6821086261980831,0.7349397590361446,0.6363636363636364,0.7280126080647381,0.91005291005291,0.8686868686868687,0.9555555555555556,0.9710355969103126
RF,0.7272438350788729,0.7303296216319687,0.7272861322041649,0.7958354494667343,0.7819213951256009,"{'n_estimators': 100, 'max_depth': None}","['mfcc_6', 'mfcc_3', 'mfcc_11', 'wav_detail_lvl5_std', 'mfcc_8', 'mfcc_10', 'zcr_mean']",0.5559105431309904,0.5471698113207547,0.564935064935065,0.6083134473268575,0.695859872611465,0.747008547008547,0.6512667660208644,0.7590829370789667,0.9299610894941635,0.8968105065666041,0.9656565656565657,0.9783678009709783
RF,0.7272151331322494,0.7512286300708685,0.7144587956063365,0.7988826815642458,0.776138962144903,"{'n_estimators': 50, 'max_depth': 5}","['mfcc_6', 'mfcc_3', 'mfcc_5', 'mfcc_11', 'wav_detail_lvl5_std', 'mfcc_8', 'zcr_mean']",0.5526315789473685,0.65625,0.4772727272727273,0.6357608252624465,0.7137433561123766,0.7275541795665634,0.7004470938897168,0.7244377020430569,0.9152704643370033,0.8698817106460418,0.9656565656565657,0.9682183591292057
RF,0.727212807995497,0.7334575981621817,0.723387662731925,0.7922803453529711,0.7879042839027894,"{'n_estimators': 50, 'max_depth': 10}","['mfcc_6', 'mfcc_3', 'mfcc_11', 'wav_detail_lvl5_std', 'mfcc_8', 'spec_centroid']",0.5676126878130217,0.584192439862543,0.551948051948052,0.6199562349736133,0.6979655712050078,0.7347611202635914,0.6646795827123696,0.7675051032104242,0.9160601649684619,0.8814192343604108,0.9535353535353536,0.9762515135243308
RF,0.7271783601929732,0.7536669927015005,0.7131352557582066,0.792788217369223,0.7806211778380131,"{'n_estimators': 50, 'max_depth': 5}","['mfcc_5', 'wav_detail_lvl5_std', 'mfcc_10', 'zcr_mean']",0.5692599620493358,0.684931506849315,0.487012987012987,0.6484898347082203,0.7086142322097378,0.7123493975903614,0.7049180327868853,0.7382225940992,0.9036608863198459,0.8637200736648251,0.9474747474747475,0.9551511047066189
RF,0.7271756982443693,0.7356123101879687,0.7213682492371016,0.7877094972067039,0.7519523271569258,"{'n_estimators': 50, 'max_depth': 5}","['mfcc_6', 'mfcc_3', 'mfcc_5', 'mfcc_11', 'mfcc_10']",0.5870307167235495,0.6187050359712231,0.5584415584415584,0.6182582569047154,0.6857585139318886,0.7133655394524959,0.6602086438152012,0.6876111592820735,0.9087378640776699,0.874766355140187,0.9454545454545454,0.9499875652839885
RF,0.7270799681445036,0.7311227097929095,0.7267030176866243,0.7912646013204673,0.7908309318327307,"{'n_estimators': 100, 'max_depth': None}","['mfcc_6', 'mfcc_3', 'mfcc_5', 'mfcc_11', 'mfcc_8', 'mfcc_10', 'wav_detail_lvl3_std', 'spec_centroid']",0.5746388443017657,0.5682539682539682,0.5811688311688312,0.6406793289397025,0.6869495596477182,0.7422145328719724,0.639344262295082,0.754256123850147,0.9196515004840271,0.8828996282527881,0.9595959595959596,0.9775573427083424
RF,0.727049291304717,0.7292532056644486,0.7307000528312004,0.7836465210766886,0.7912881336332026,"{'n_estimators': 100, 'max_depth': None}","['mfcc_6', 'mfcc_3', 'mfcc_5', 'mfcc_11', 'mfcc_8', 'spec_centroid']",0.6037151702786377,0.5769230769230769,0.6331168831168831,0.629738351524472,0.6699266503667481,0.7392086330935251,0.6125186289120715,0.7655928111512248,0.9075060532687651,0.8716279069767442,0.9464646464646465,0.9785332382239114
RF,0.7269976423853697,0.759090158239073,0.7117470568290241,0.7973590655154901,0.7864296523411253,"{'n_estimators': 100, 'max_depth': 5}","['mfcc_6', 'mfcc_3', 'mfcc_5', 'wav_detail_lvl5_std']",0.556420233463035,0.6941747572815534,0.4642857142857143,0.6674635182511219,0.7155688622754491,0.718796992481203,0.7123695976154992,0.7360126592058669,0.9090038314176245,0.8642987249544627,0.9585858585858585,0.9558127795663872
RF,0.726994476621058,0.7528849931241948,0.7129507408195933,0.7907567293042154,0.7652694907289566,"{'n_estimators': 100, 'max_depth': 5}","['mfcc_6', 'mfcc_3', 'mfcc_10', 'wav_detail_lvl3_std', 'spec_centroid']",0.587360594795539,0.6869565217391305,0.512987012987013,0.633936172978585,0.6900311526479751,0.7226753670473083,0.6602086438152012,0.7167056310881417,0.9035916824196597,0.8490230905861457,0.9656565656565657,0.9451666681201433
RF,0.7269452280179168,0.7465813645577387,0.715367571105276,0.792788217369223,0.7793923520485201,"{'n_estimators': 50, 'max_depth': 5}","['mfcc_6', 'mfcc_5', 'mfcc_11', 'mfcc_10', 'wav_detail_lvl3_std', 'zcr_mean', 'spec_centroid']",0.5714285714285714,0.6554621848739496,0.5064935064935064,0.6498582879858633,0.700228832951945,0.7171875,0.684053651266766,0.7237060996049568,0.9091782796732341,0.8670944087992667,0.9555555555555556,0.9646126685547399
RF,0.726899915851234,0.7326719848778672,0.7301102358479407,0.7836465210766886,0.7917275944766735,"{'n_estimators': 100, 'max_depth': None}","['mfcc_6', 'mfcc_3', 'mfcc_5', 'wav_detail_lvl5_std', 'mfcc_8', 'mfcc_10', 'spec_centroid']",0.6118012422360248,0.5863095238095238,0.6396103896103896,0.6412945952766782,0.6638865721434529,0.7537878787878788,0.5931445603576752,0.758936584388625,0.9050119331742243,0.857918552036199,0.9575757575757575,0.9749516037647172
RF,0.7268510819675726,0.7314195696361967,0.7257642782232946,0.7902488572879635,0.7878267503637115,"{'n_estimators': 100, 'max_depth': None}","['mfcc_6', 'mfcc_3', 'mfcc_11', 'mfcc_8', 'wav_detail_lvl3_std', 'zcr_mean']",0.5751211631663974,0.572347266881029,0.577922077922078,0.6300025352865591,0.6900958466453674,0.7435456110154905,0.6438152011922503,0.7626710944364121,0.915336236090953,0.8783658310120706,0.9555555555555556,0.9708066213681634
RF,0.7268408815058417,0.7523487047607421,0.7133276559506068,0.7953275774504824,0.7868219325059712,"{'n_estimators': 50, 'max_depth': 5}","['mfcc_6', 'mfcc_5', 'wav_detail_lvl5_std', 'wav_detail_lvl3_std', 'spec_centroid']",0.5595463137996219,0.669683257918552,0.4805194805194805,0.6600033690892814,0.7145015105740181,0.7243491577335375,0.7049180327868853,0.7455078814000864,0.9064748201438849,0.863013698630137,0.9545454545454546,0.9549545470285459
RF,0.7267859113356018,0.7360344015985513,0.7212984647410877,0.7841543930929405,0.7831946871528245,"{'n_estimators': 50, 'max_depth': 10}","['mfcc_6', 'mfcc_3', 'mfcc_11', 'zcr_mean']",0.596964586846543,0.6210526315789474,0.5746753246753247,0.6453937447456439,0.6867088607594937,0.7318718381112985,0.646795827123696,0.7378710386538416,0.8966842864007689,0.8551787351054079,0.9424242424242424,0.966319278058988
RF,0.726541814867422,0.746738552616963,0.7146941704318753,0.7917724733367192,0.783861504085427,"{'n_estimators': 50, 'max_depth': 5}","['mfcc_6', 'mfcc_5', 'wav_detail_lvl3_std', 'spec_centroid']",0.5724770642201835,0.6582278481012658,0.5064935064935064,0.6511833912719293,0.7007633587786259,0.7183098591549296,0.684053651266766,0.7531285387491292,0.9063850216034566,0.8636779505946935,0.9535353535353536,0.9472725822352226
RF,0.7264784425088059,0.7474775900189375,0.7144114840836152,0.792788217369223,0.7730682588084167,"{'n_estimators': 50, 'max_depth': 5}","['mfcc_3', 'mfcc_5', 'mfcc_11', 'mfcc_10', 'wav_detail_lvl3_std', 'zcr_mean']",0.5666666666666667,0.6594827586206896,0.4967532467532468,0.641108661246495,0.7049056603773585,0.7140672782874617,0.6959761549925484,0.714713694549272,0.9078630004823927,0.8688827331486612,0.9505050505050505,0.9633824206294829
RF,0.7264331698234292,0.7527531637064158,0.7125828937304347,0.7938039614017267,0.7949735507239852,"{'n_estimators': 50, 'max_depth': 5}","['mfcc_3', 'mfcc_5', 'wav_detail_lvl5_std', 'wav_detail_lvl3_std', 'zcr_mean']",0.5654648956356736,0.680365296803653,0.4837662337662338,0.6862212808674769,0.7057057057057057,0.7110438729198184,0.7004470938897168,0.7333239584608507,0.9081289081289081,0.8668503213957759,0.9535353535353536,0.9653754128436282
RF,0.7264178255523652,0.7468536168132943,0.7145774686758294,0.7897409852717115,0.7808358703819825,"{'n_estimators': 100, 'max_depth': 5}","['mfcc_3', 'mfcc_5', 'wav_detail_lvl5_std', 'mfcc_10', 'wav_detail_lvl3_std']",0.5714285714285714,0.6666666666666666,0.5,0.6664345040880382,0.7036215816703622,0.6979472140762464,0.7093889716840537,0.7178150104235471,0.9042033235581622,0.8759469696969697,0.9343434343434344,0.9582580966343622
RF,0.7263455980426533,0.7322301006303357,0.7243327103982842,0.7811071609954292,0.7642375087498839,"{'n_estimators': 100, 'max_depth': 10}","['mfcc_6', 'mfcc_3', 'mfcc_11', 'wav_detail_lvl3_std']",0.6101141924959217,0.6131147540983607,0.6071428571428571,0.6425246101249729,0.6714743589743589,0.7261698440207972,0.624441132637854,0.705728049632274,0.8974482426576793,0.8574057037718491,0.9414141414141414,0.9444598664924051
RF,0.7263100008632569,0.7565164216706867,0.7114726499972401,0.7907567293042154,0.7881443645909055,"{'n_estimators': 50, 'max_depth': 5}","['mfcc_3', 'mfcc_5', 'wav_detail_lvl5_std']",0.5686653771760155,0.7033492822966507,0.4772727272727273,0.68746726888729,0.709583028529627,0.6968390804597702,0.7228017883755589,0.7183630215760282,0.9006815968841285,0.8693609022556391,0.9343434343434344,0.9586028033093985
RF,0.7262988656639832,0.763396571643498,0.7092249584052862,0.7953275774504824,0.7717645984760731,"{'n_estimators': 100, 'max_depth': 5}","['mfcc_6', 'mfcc_3', 'wav_detail_lvl5_std', 'mfcc_10', 'spec_centroid']",0.5658153241650294,0.7164179104477612,0.4675324675324675,0.648899147209697,0.7082066869300911,0.7224806201550388,0.6944858420268256,0.7161064721326551,0.9048745858968291,0.8512911843276937,0.9656565656565657,0.9502881760858671
RF,0.7262241427237096,0.7371895655425768,0.718849699177568,0.787201625190452,0.798023136279558,"{'n_estimators': 50, 'max_depth': 10}","['mfcc_6', 'mfcc_5', 'wav_detail_lvl5_std', 'wav_detail_lvl3_std', 'zcr_mean', 'spec_centroid']",0.5823223570190641,0.6245353159851301,0.5454545454545454,0.6835061716219841,0.6934984520123839,0.7214170692431562,0.6676602086438153,0.7527358937299734,0.902851619139681,0.865616311399444,0.9434343434343434,0.9578273434867166
RF,0.7261961577245812,0.729545681820707,0.7269849155095057,0.7917724733367192,0.7761518250723972,"{'n_estimators': 100, 'max_depth': None}","['mfcc_3', 'mfcc_11', 'wav_detail_lvl5_std', 'mfcc_8', 'mfcc_10', 'wav_detail_lvl3_std']",0.5714285714285714,0.5590062111801242,0.5844155844155844,0.6124750068681516,0.6822204344328238,0.7412587412587412,0.6318926974664679,0.7395994651233664,0.9249394673123487,0.8883720930232558,0.9646464646464646,0.9763810032256741
RF,0.7261568566811621,0.7608740465883322,0.7108292132882297,0.7968511934992382,0.7667992622954295,"{'n_estimators': 50, 'max_depth': 5}","['mfcc_6', 'mfcc_5', 'wav_detail_lvl5_std', 'mfcc_10']",0.549407114624506,0.702020202020202,0.4512987012987013,0.642577943069773,0.7228739002932552,0.7113997113997114,0.7347242921013413,0.716927326210673,0.9061895551257253,0.8692022263450835,0.9464646464646465,0.9408925176058426
RF,0.7261010642189981,0.7627415588397337,0.7100454190618125,0.7973590655154901,0.7835454391196652,"{'n_estimators': 50, 'max_depth': 5}","['mfcc_6', 'mfcc_5', 'wav_detail_lvl5_std', 'mfcc_10', 'zcr_mean', 'spec_centroid']",0.5515873015873016,0.7091836734693877,0.4512987012987013,0.656109247421213,0.7189349112426036,0.7136563876651982,0.7242921013412816,0.7403987675507486,0.9077809798270894,0.8653846153846154,0.9545454545454546,0.9541283023870339
RF,0.7260927621490397,0.7314521158062305,0.7244505949423982,0.7892331132554596,0.7757462045694729,"{'n_estimators': 100, 'max_depth': None}","['mfcc_6', 'mfcc_3', 'mfcc_11', 'mfcc_8', 'wav_detail_lvl3_std', 'spec_centroid']",0.5788617886178862,0.5798045602605864,0.577922077922078,0.6164835065825194,0.6848,0.7392055267702936,0.6378539493293591,0.7442895527294626,0.914616497829233,0.8753462603878116,0.9575757575757575,0.9664655543964369
RF,0.7260580081131293,0.7459808615442386,0.7143740291281274,0.7917724733367192,0.7748798230417892,"{'n_estimators': 100, 'max_depth': 5}","['mfcc_3', 'mfcc_11', 'mfcc_10', 'wav_detail_lvl3_std', 'spec_centroid']",0.5714285714285714,0.6554621848739496,0.5064935064935064,0.6432792401289675,0.6993114001530222,0.7185534591194969,0.6810730253353204,0.7265875633011625,0.9074340527577938,0.8639269406392694,0.9555555555555556,0.9547726656952373
RF,0.7260446891657191,0.7300965574740985,0.7273216158462059,0.7922803453529711,0.7742754119236125,"{'n_estimators': 50, 'max_depth': None}","['mfcc_6', 'mfcc_3', 'mfcc_11', 'wav_detail_lvl5_std', 'mfcc_8', 'wav_detail_lvl3_std', 'spec_centroid']",0.5660377358490566,0.5487804878048781,0.5844155844155844,0.6080651431608666,0.6888708367181153,0.7571428571428571,0.6318926974664679,0.7393835245199964,0.9232254949299855,0.8843663274745606,0.9656565656565657,0.9753775680899743
RF,0.7260106241684235,0.7278730298742427,0.7296477657133394,0.7902488572879635,0.7819189778421981,"{'n_estimators': 100, 'max_depth': None}","['mfcc_6', 'mfcc_3', 'mfcc_5', 'mfcc_11', 'wav_detail_lvl5_std', 'mfcc_8', 'mfcc_10', 'wav_detail_lvl3_std']",0.5731895223420647,0.5454545454545454,0.6038961038961039,0.6127120437926099,0.6801948051948052,0.7468805704099821,0.624441132637854,0.7515172739134106,0.9246475449684006,0.8912839737582006,0.9606060606060606,0.9815276158205741
RF,0.7259780496042668,0.7309704401007315,0.7240393789574119,0.7943118334179786,0.7768443918694277,"{'n_estimators': 50, 'max_depth': None}","['mfcc_6', 'mfcc_3', 'mfcc_11', 'wav_detail_lvl5_std', 'mfcc_8', 'mfcc_10', 'wav_detail_lvl3_std', 'spec_centroid']",0.5588235294117647,0.5625,0.5551948051948052,0.6144836634415339,0.6936507936507936,0.7419354838709677,0.6512667660208644,0.7396134585901329,0.925459825750242,0.8884758364312267,0.9656565656565657,0.9764360535766161
RF,0.7259629977268766,0.7474489040836308,0.7138922401217483,0.7948197054342305,0.7626419724895769,"{'n_estimators': 100, 'max_depth': 5}","['mfcc_6', 'mfcc_3', 'wav_detail_lvl5_std', 'mfcc_8', 'mfcc_10', 'wav_detail_lvl3_std', 'zcr_mean']",0.5619223659889094,0.6523605150214592,0.4935064935064935,0.6472453661644093,0.7044410413476263,0.7244094488188977,0.6855439642324889,0.6899799537375432,0.9115255858440937,0.8655767484105359,0.9626262626262626,0.9507005975667783
RF,0.7259142163585421,0.7271380891392494,0.7288517493435526,0.7902488572879635,0.7906675759284058,"{'n_estimators': 100, 'max_depth': None}","['mfcc_6', 'mfcc_3', 'mfcc_5', 'mfcc_11', 'wav_detail_lvl5_std', 'mfcc_8', 'mfcc_10', 'wav_detail_lvl3_std', 'zcr_mean']",0.5674418604651162,0.543026706231454,0.5941558441558441,0.6268028937922835,0.6869983948635634,0.7443478260869565,0.6378539493293591,0.7645756267130092,0.9233023937469468,0.8940397350993378,0.9545454545454546,0.9806242072799244
RF,0.7258720957393462,0.7306157872202989,0.7259034529526334,0.7897409852717115,0.7913165056210434,"{'n_estimators': 100, 'max_depth': None}","['mfcc_3', 'mfcc_5', 'mfcc_11', 'mfcc_8', 'mfcc_10', 'wav_detail_lvl3_std', 'zcr_mean', 'spec_centroid']",0.5782747603833865,0.5691823899371069,0.5876623376623377,0.6459340588246236,0.6812297734627831,0.7451327433628319,0.6274217585692996,0.746052688399765,0.918111753371869,0.8775322283609577,0.9626262626262626,0.9819627696387414
RF,0.7258440695716595,0.7425462270595853,0.7156869238836453,0.7943118334179786,0.7894261098163059,"{'n_estimators': 50, 'max_depth': 5}","['mfcc_6', 'mfcc_5', 'mfcc_11', 'wav_detail_lvl3_std', 'zcr_mean']",0.558983666061706,0.6337448559670782,0.5,0.644164031507011,0.7040971168437026,0.7171561051004637,0.6915052160953801,0.7576516237079873,0.9144514258095698,0.8767377201112141,0.9555555555555556,0.9664626742339194
RF,0.7257456716966878,0.7334573681275677,0.7203423777194269,0.7841543930929405,0.7755782623673211,"{'n_estimators': 100, 'max_depth': 10}","['mfcc_3', 'mfcc_5', 'wav_detail_lvl3_std']",0.5908319185059423,0.6192170818505338,0.564935064935065,0.6757761245048279,0.6836813611755607,0.7106109324758842,0.6587183308494784,0.7009822461102236,0.9027237354085603,0.8705440900562852,0.9373737373737374,0.9499764164869114
RF,0.7256383890504162,0.7453863538633455,0.7141418084041035,0.792788217369223,0.7978236531282651,"{'n_estimators': 100, 'max_depth': 5}","['mfcc_6', 'mfcc_5', 'mfcc_11', 'wav_detail_lvl3_std', 'zcr_mean', 'spec_centroid']",0.5677655677655677,0.6512605042016807,0.5032467532467533,0.6710562686168111,0.6983154670750383,0.7181102362204724,0.6795827123695977,0.753087037780544,0.9108341323106424,0.8667883211678832,0.9595959595959596,0.9693276529874404
RF,0.7256317808389663,0.7451958113039842,0.7140042107255221,0.7902488572879635,0.7927396610441223,"{'n_estimators': 100, 'max_depth': 5}","['mfcc_3', 'mfcc_5', 'mfcc_11', 'mfcc_10', 'wav_detail_lvl3_std', 'spec_centroid']",0.5724770642201835,0.6582278481012658,0.5064935064935064,0.6644320661046533,0.6984848484848485,0.7103235747303543,0.6870342771982116,0.7477072873142477,0.9059334298118669,0.8670360110803325,0.9484848484848485,0.9660796297134662
RF,0.7256085778249086,0.7489892532744667,0.7128923899415703,0.7902488572879635,0.7877287931234945,"{'n_estimators': 50, 'max_depth': 5}","['mfcc_5', 'wav_detail_lvl5_std', 'mfcc_10', 'wav_detail_lvl3_std', 'spec_centroid']",0.5649717514124294,0.672645739910314,0.487012987012987,0.6625389355405321,0.7103905674281503,0.7026239067055393,0.7183308494783904,0.7524916340709987,0.9014634146341464,0.8716981132075472,0.9333333333333333,0.9481558097589528
RF,0.7256070019707918,0.7456963572320664,0.7139695156088598,0.7922803453529711,0.7673531303020747,"{'n_estimators': 50, 'max_depth': 5}","['mfcc_5', 'mfcc_11', 'wav_detail_lvl5_std', 'mfcc_8', 'mfcc_10', 'wav_detail_lvl3_std', 'spec_centroid']",0.5619223659889094,0.6523605150214592,0.4935064935064935,0.6373952349063817,0.7082706766917293,0.7147192716236722,0.7019374068554396,0.7003181384125429,0.9066279632317368,0.8700092850510678,0.9464646464646465,0.9643460175872994
RF,0.7256052219958508,0.743730118699461,0.7146941704318753,0.7917724733367192,0.791313818281658,"{'n_estimators': 100, 'max_depth': 5}","['mfcc_3', 'mfcc_5', 'mfcc_11', 'wav_detail_lvl3_std', 'zcr_mean']",0.5683060109289617,0.6473029045643154,0.5064935064935064,0.6824169143792116,0.6986301369863014,0.713841368584759,0.684053651266766,0.7269606652967582,0.9098795180722892,0.8700460829493087,0.9535353535353536,0.9645638751690041
RF,0.7255600992679848,0.7442019261750823,0.7143077929963176,0.7897409852717115,0.7932978018302806,"{'n_estimators': 100, 'max_depth': 5}","['mfcc_3', 'mfcc_5', 'wav_detail_lvl3_std', 'spec_centroid']",0.5714285714285714,0.6554621848739496,0.5064935064935064,0.6832085523815802,0.6997742663656885,0.7066869300911854,0.6929955290611028,0.7366689984142105,0.9054774600096946,0.8704566635601119,0.9434343434343434,0.9600158546950511
RF,0.7254967617162551,0.7544750926822098,0.7111789242936783,0.7963433214829863,0.800668928817465,"{'n_estimators': 50, 'max_depth': 5}","['mfcc_6', 'mfcc_5', 'mfcc_11', 'wav_detail_lvl5_std', 'wav_detail_lvl3_std', 'zcr_mean', 'spec_centroid']",0.5538461538461539,0.6792452830188679,0.4675324675324675,0.6719180445029419,0.7122464312546957,0.7181818181818181,0.706408345752608,0.7610790339834547,0.9103977000479156,0.8659981768459435,0.9595959595959596,0.9690097079659985
RF,0.7253657898877975,0.72705473430248,0.7308210914768293,0.7856780091416963,0.7802051586942161,"{'n_estimators': 50, 'max_depth': None}","['mfcc_6', 'mfcc_3', 'mfcc_5', 'mfcc_11', 'mfcc_8', 'wav_detail_lvl3_std']",0.5896656534954408,0.5542857142857143,0.6298701298701299,0.6201266427862345,0.6694011484823625,0.7445255474452555,0.6080476900149031,0.7503741251738036,0.9170305676855895,0.8823529411764706,0.9545454545454546,0.9701147081226107
RF,0.7253589119202649,0.7534543963111323,0.7111525086934923,0.7907567293042154,0.7727022195689365,"{'n_estimators': 100, 'max_depth': 5}","['mfcc_5', 'mfcc_11', 'wav_detail_lvl5_std', 'mfcc_10']",0.564299424184261,0.6901408450704225,0.4772727272727273,0.6427705077684572,0.711340206185567,0.7030567685589519,0.7198211624441133,0.7216033064586773,0.9004371053909664,0.8671655753040225,0.9363636363636364,0.9537328444796747
RF,0.7253436459946682,0.7440340349301625,0.7137585850700604,0.7846622651091925,0.7728188551372952,"{'n_estimators': 100, 'max_depth': 5}","['mfcc_6', 'mfcc_3', 'zcr_mean', 'spec_centroid']",0.5916515426497277,0.6707818930041153,0.5292207792207793,0.6501481807894159,0.6864988558352403,0.703125,0.6706408345752608,0.7263474249139812,0.8978805394990366,0.858195211786372,0.9414141414141414,0.9419609597084884
RF,0.7252791115770467,0.7549812433658438,0.7108639084048921,0.7948197054342305,0.7906542266654203,"{'n_estimators': 100, 'max_depth': 5}","['mfcc_6', 'mfcc_5', 'mfcc_11', 'wav_detail_lvl5_std', 'mfcc_10', 'zcr_mean', 'spec_centroid']",0.5531914893617021,0.6842105263157895,0.4642857142857143,0.6539465053723317,0.7171492204899778,0.7144970414201184,0.7198211624441133,0.7490829803690343,0.90549662487946,0.8662361623616236,0.9484848484848485,0.9689331942548951
RF,0.7252212731516049,0.7618768750633067,0.7081269368154613,0.792788217369223,0.7847664373653135,"{'n_estimators': 100, 'max_depth': 5}","['mfcc_3', 'mfcc_11', 'wav_detail_lvl5_std', 'mfcc_10', 'zcr_mean', 'spec_centroid']",0.5686274509803921,0.7178217821782178,0.4707792207792208,0.6687395985888852,0.7056145675265554,0.7187017001545595,0.6929955290611028,0.7244544290791611,0.9014218009478673,0.8491071428571428,0.9606060606060606,0.9611052844278941
RF,0.7252075465646982,0.7415673344809622,0.7153659940545186,0.7958354494667343,0.7887250599043286,"{'n_estimators': 100, 'max_depth': 5}","['mfcc_6', 'mfcc_5', 'mfcc_11', 'wav_detail_lvl5_std', 'mfcc_8', 'wav_detail_lvl3_std', 'zcr_mean']",0.5497287522603979,0.6204081632653061,0.4935064935064935,0.6507958877852942,0.7115531752104055,0.7311320754716981,0.6929955290611028,0.7449334493675406,0.9143407122232916,0.8731617647058824,0.9595959595959596,0.970445842560151
RF,0.7251541438328203,0.7495492559607079,0.711060645486875,0.7805992889791773,0.7589962879472046,"{'n_estimators': 50, 'max_depth': 5}","['mfcc_6', 'mfcc_3', 'spec_centroid']",0.6102941176470589,0.7033898305084746,0.538961038961039,0.6498217194862856,0.6780715396578538,0.7089430894308943,0.6497764530551415,0.6974730679040411,0.8870967741935484,0.8363148479427549,0.9444444444444444,0.9296940764512872
RF,0.7249367666756816,0.7447725869097175,0.7136434603647718,0.7953275774504824,0.7576982677896837,"{'n_estimators': 50, 'max_depth': 5}","['mfcc_6', 'mfcc_3', 'wav_detail_lvl5_std', 'mfcc_8', 'mfcc_10', 'zcr_mean', 'spec_centroid']",0.5551470588235294,0.6398305084745762,0.4902597402597403,0.6301065718953467,0.7054322876817138,0.7248427672955975,0.6870342771982116,0.6941161220106244,0.9142309535218016,0.8696444849589791,0.9636363636363636,0.9488721094630801
RF,0.7249192027115855,0.751810124659035,0.7106182827494303,0.7892331132554596,0.7600853975638858,"{'n_estimators': 50, 'max_depth': 5}","['mfcc_6', 'mfcc_11', 'wav_detail_lvl5_std', 'mfcc_8', 'mfcc_10', 'spec_centroid']",0.5692599620493358,0.684931506849315,0.487012987012987,0.6148799025085656,0.7097744360902256,0.716236722306525,0.7034277198211625,0.7059325225266064,0.8957232099951946,0.854262144821265,0.9414141414141414,0.9594437676564852
RF,0.7248403714434014,0.7503315878478732,0.7113464859366498,0.7902488572879635,0.8011215500300755,"{'n_estimators': 50, 'max_depth': 5}","['mfcc_3', 'mfcc_5', 'wav_detail_lvl5_std', 'wav_detail_lvl3_std', 'zcr_mean', 'spec_centroid']",0.5654648956356736,0.680365296803653,0.4837662337662338,0.6906940137762814,0.7061435973353072,0.7014705882352941,0.7108792846497765,0.7448153527039462,0.9029126213592233,0.8691588785046729,0.9393939393939394,0.9678552836099986
RF,0.7248132872079881,0.7439230409884744,0.7134735331456644,0.7902488572879635,0.7807504974524925,"{'n_estimators': 50, 'max_depth': 5}","['mfcc_3', 'mfcc_5', 'mfcc_11', 'mfcc_10', 'wav_detail_lvl3_std', 'zcr_mean', 'spec_centroid']",0.5661764705882353,0.652542372881356,0.5,0.6610525931445562,0.7022556390977444,0.708649468892261,0.6959761549925484,0.7182280618632965,0.9060077519379846,0.8705772811918063,0.9444444444444444,0.9629708373496251
RF,0.7248046922981759,0.7442729843328063,0.7136269013318194,0.7948197054342305,0.7810594298634213,"{'n_estimators': 50, 'max_depth': 5}","['mfcc_6', 'mfcc_5', 'wav_detail_lvl5_std', 'mfcc_8', 'wav_detail_lvl3_std', 'zcr_mean', 'spec_centroid']",0.5541284403669725,0.6371308016877637,0.4902597402597403,0.6532984719274685,0.7084927314460597,0.7279874213836478,0.6900149031296572,0.7357333940670053,0.9117929050814957,0.8677007299270073,0.9606060606060606,0.9541464235957898
RF,0.7247575105480983,0.7435777394563011,0.7136119193496242,0.7912646013204673,0.7761574756005203,"{'n_estimators': 50, 'max_depth': 5}","['mfcc_6', 'mfcc_11', 'wav_detail_lvl5_std', 'mfcc_10', 'wav_detail_lvl3_std', 'zcr_mean']",0.5646630236794171,0.6431535269709544,0.5032467532467533,0.6419822856889016,0.7045280122793554,0.7262658227848101,0.684053651266766,0.7266171791758315,0.9050814956855225,0.8613138686131386,0.9535353535353536,0.9598729619368278
RF,0.724716225675369,0.7413413196350884,0.7143251405546488,0.7887252412392077,0.7799901467898417,"{'n_estimators': 100, 'max_depth': 10}","['mfcc_3', 'mfcc_5', 'wav_detail_lvl5_std', 'wav_detail_lvl3_std']",0.5714285714285714,0.6448979591836734,0.512987012987013,0.67335415266368,0.6980273141122914,0.7109737248840804,0.6855439642324889,0.707400978182986,0.9046927914852443,0.8681522748375116,0.9444444444444444,0.959215309522859
RF,0.7246352503539879,0.7447762329377837,0.7129759736317114,0.7912646013204673,0.7889886744592159,"{'n_estimators': 50, 'max_depth': 5}","['mfcc_5', 'mfcc_11', 'wav_detail_lvl5_std', 'mfcc_8', 'zcr_mean', 'spec_centroid']",0.5619223659889094,0.6523605150214592,0.4935064935064935,0.656427372822489,0.7057938299473289,0.7127659574468085,0.698956780923994,0.7388606174680604,0.9061895551257253,0.8692022263450835,0.9464646464646465,0.9716780330870987
RF,0.7246230614373271,0.7312770757773065,0.723862355009896,0.7861858811579482,0.7529336429987156,"{'n_estimators': 100, 'max_depth': 5}","['mfcc_6', 'mfcc_3', 'mfcc_10', 'zcr_mean']",0.5935483870967742,0.5897435897435898,0.5974025974025974,0.6033624545386587,0.6677551020408163,0.7382671480144405,0.6095380029806259,0.7109022556762958,0.9125656951743908,0.8658204895738894,0.9646464646464646,0.9445362187811923
RF,0.7246143746781887,0.7298371811403389,0.7221228680245074,0.7943118334179786,0.7837562500572351,"{'n_estimators': 100, 'max_depth': None}","['mfcc_3', 'mfcc_11', 'wav_detail_lvl5_std', 'mfcc_8', 'mfcc_10', 'wav_detail_lvl3_std', 'zcr_mean', 'spec_centroid']",0.5535420098846787,0.5618729096989966,0.5454545454545454,0.6194893607730108,0.6929755327545383,0.7365771812080537,0.65424739195231,0.7514779246959111,0.9273255813953488,0.8910614525139665,0.9666666666666667,0.9803014647027835
RF,0.7245743926812142,0.7494296137295805,0.7113464859366498,0.7902488572879635,0.7887801360644294,"{'n_estimators': 50, 'max_depth': 5}","['mfcc_3', 'mfcc_5', 'wav_detail_lvl5_std', 'mfcc_10', 'wav_detail_lvl3_std', 'zcr_mean', 'spec_centroid']",0.5643939393939394,0.6772727272727272,0.4837662337662338,0.6711174529766954,0.70509977827051,0.6994134897360704,0.7108792846497765,0.7326733264364746,0.904229460379193,0.8716026241799437,0.9393939393939394,0.962549628780118
RF,0.724502754365374,0.7268183020706683,0.7264881445209314,0.7912646013204673,0.7848332389928393,"{'n_estimators': 50, 'max_depth': None}","['mfcc_3', 'mfcc_5', 'mfcc_11', 'wav_detail_lvl5_std', 'mfcc_8', 'mfcc_10', 'wav_detail_lvl3_std', 'zcr_mean', 'spec_centroid']",0.5642633228840125,0.5454545454545454,0.5844155844155844,0.6105121268290132,0.6811594202898551,0.7408056042031523,0.6304023845007451,0.7596586586236022,0.9280855199222546,0.8941947565543071,0.9646464646464646,0.9843289315259025
RF,0.7244903896351865,0.7412335235580819,0.7145829883534801,0.7948197054342305,0.781082116580139,"{'n_estimators': 50, 'max_depth': 5}","['mfcc_6', 'mfcc_3', 'mfcc_5', 'wav_detail_lvl5_std', 'mfcc_8', 'wav_detail_lvl3_std', 'zcr_mean', 'spec_centroid']",0.554954954954955,0.6234817813765182,0.5,0.6545443944344516,0.7032457496136012,0.7303370786516854,0.6780923994038748,0.7275286112816896,0.9152704643370033,0.8698817106460418,0.9656565656565657,0.9611733440242763
RF,0.7244888368819545,0.741349782508176,0.7144438136241416,0.7953275774504824,0.7880406656003407,"{'n_estimators': 100, 'max_depth': 5}","['mfcc_6', 'mfcc_5', 'mfcc_11', 'wav_detail_lvl5_std', 'mfcc_8', 'wav_detail_lvl3_std', 'spec_centroid']",0.5480943738656987,0.6213991769547325,0.4902597402597403,0.6496694369346535,0.7119938884644768,0.7304075235109718,0.6944858420268256,0.7404229223870749,0.9133782483156881,0.8722426470588235,0.9585858585858585,0.9740296374792937
RF,0.7243555519238748,0.7511118353920795,0.7109194994440896,0.7932960893854749,0.7768562716254211,"{'n_estimators': 50, 'max_depth': 5}","['mfcc_6', 'mfcc_5', 'mfcc_11', 'wav_detail_lvl5_std', 'mfcc_8', 'mfcc_10']",0.5517241379310345,0.6728971962616822,0.4675324675324675,0.6352949542677393,0.7163958641063516,0.7101024890190337,0.7228017883755589,0.7283730114590811,0.9049466537342385,0.8703358208955224,0.9424242424242424,0.9669008491494431
RF,0.724320986461156,0.7446250331714639,0.7126175888470971,0.7917724733367192,0.7975410272998223,"{'n_estimators': 100, 'max_depth': 5}","['mfcc_3', 'mfcc_5', 'mfcc_11', 'wav_detail_lvl3_std', 'zcr_mean', 'spec_centroid']",0.56353591160221,0.6510638297872341,0.4967532467532468,0.6736504975051378,0.7006854531607006,0.7165109034267912,0.6855439642324889,0.7537269886919189,0.9087415946205571,0.8663003663003663,0.9555555555555556,0.9652455957024104
RF,0.7242327004384946,0.7536737018163833,0.709799004880972,0.7932960893854749,0.7694983410580912,"{'n_estimators': 100, 'max_depth': 5}","['mfcc_5', 'mfcc_11', 'wav_detail_lvl5_std', 'mfcc_10', 'zcr_mean']",0.555984555984556,0.6857142857142857,0.4675324675324675,0.6392483666764784,0.7102526002971769,0.7081481481481482,0.7123695976154992,0.7111009812894307,0.9064609450337512,0.8671586715867159,0.9494949494949495,0.9581456752083649
RF,0.7241933204042189,0.7272981523932955,0.7308400160859178,0.781615033011681,0.7771355360818147,"{'n_estimators': 50, 'max_depth': None}","['mfcc_6', 'mfcc_3', 'mfcc_5', 'wav_detail_lvl5_std', 'mfcc_8', 'zcr_mean', 'spec_centroid']",0.6024096385542169,0.5617977528089888,0.6493506493506493,0.6143588520400546,0.6622185154295246,0.7518939393939394,0.5916542473919523,0.7492706730754025,0.9079518072289157,0.8682027649769585,0.9515151515151515,0.967777083129987
RF,0.7241483933808187,0.7455226197843753,0.7119110701077914,0.7897409852717115,0.7850538109179324,"{'n_estimators': 100, 'max_depth': 5}","['mfcc_3', 'mfcc_5', 'wav_detail_lvl5_std', 'mfcc_10', 'wav_detail_lvl3_std', 'zcr_mean']",0.5677179962894249,0.6623376623376623,0.4967532467532468,0.664327217221519,0.6993217784476262,0.7073170731707317,0.6915052160953801,0.7286585518362295,0.9054054054054054,0.866913123844732,0.9474747474747475,0.9621756636960483
RF,0.7241295627388684,0.7428286633471428,0.7132022804153951,0.7932960893854749,0.7880361680330571,"{'n_estimators': 100, 'max_depth': 5}","['mfcc_6', 'mfcc_5', 'mfcc_11', 'wav_detail_lvl3_std', 'spec_centroid']",0.5567765567765568,0.6386554621848739,0.4935064935064935,0.6525351610374343,0.7031963470319634,0.71850699844479,0.6885245901639344,0.7441251238303124,0.9124157844080847,0.8713235294117647,0.9575757575757575,0.9674482192314248
RF,0.7241117283835751,0.7259492019481127,0.7268082858246793,0.7912646013204673,0.7953332339070998,"{'n_estimators': 100, 'max_depth': None}","['mfcc_6', 'mfcc_3', 'mfcc_5', 'mfcc_11', 'wav_detail_lvl5_std', 'mfcc_8', 'mfcc_10', 'wav_detail_lvl3_std', 'zcr_mean', 'spec_centroid']",0.5590062111801242,0.5357142857142857,0.5844155844155844,0.6382507611789185,0.684931506849315,0.7456140350877193,0.6333830104321908,0.7647445108298827,0.9283974671212859,0.896519285042333,0.9626262626262626,0.983004429712498
RF,0.7239939368387668,0.7548399753394736,0.7086627398102808,0.7912646013204673,0.800825321102219,"{'n_estimators': 100, 'max_depth': 5}","['mfcc_5', 'wav_detail_lvl5_std', 'zcr_mean']",0.5626204238921002,0.6919431279620853,0.474025974025974,0.6779916508112334,0.7105064247921391,0.7208588957055214,0.7004470938897168,0.7683112480864005,0.898854961832061,0.8517179023508138,0.9515151515151515,0.956173064409023
RF,0.7239142523502881,0.7293438169985044,0.7227280612526514,0.7887252412392077,0.7847024583192416,"{'n_estimators': 100, 'max_depth': None}","['mfcc_6', 'mfcc_3', 'mfcc_11', 'mfcc_8', 'mfcc_10', 'wav_detail_lvl3_std', 'spec_centroid']",0.5728155339805825,0.5709677419354838,0.5746753246753247,0.634003478778548,0.6822204344328238,0.7412587412587412,0.6318926974664679,0.7477898120519826,0.9167067886374579,0.8758049678012879,0.9616161616161616,0.9723140841271942
RF,0.7238793145817781,0.7259214903596289,0.7295953287756567,0.7856780091416963,0.7881224662197045,"{'n_estimators': 50, 'max_depth': None}","['mfcc_3', 'mfcc_5', 'mfcc_11', 'mfcc_8', 'mfcc_10', 'wav_detail_lvl3_std', 'spec_centroid']",0.5848484848484848,0.5482954545454546,0.6266233766233766,0.6437410567402291,0.6672158154859967,0.7458563535911602,0.6035767511177347,0.7430954109252916,0.9195736434108527,0.8836126629422719,0.9585858585858585,0.9775309309935929
RF,0.7237983984013533,0.7428260959094705,0.7128813505862687,0.7948197054342305,0.7696790751247876,"{'n_estimators': 50, 'max_depth': 5}","['mfcc_6', 'mfcc_3', 'mfcc_5', 'mfcc_8', 'mfcc_10', 'wav_detail_lvl3_std', 'zcr_mean', 'spec_centroid']",0.5504587155963303,0.6329113924050633,0.487012987012987,0.6385653163894578,0.7068702290076336,0.7245696400625978,0.6900149031296572,0.7128849444388415,0.914066250600096,0.8709972552607502,0.9616161616161616,0.9575869645460635
RF,0.7237686010280497,0.7256143877857187,0.7348654381441267,0.7841543930929405,0.7837696715134904,"{'n_estimators': 50, 'max_depth': 10}","['mfcc_6', 'mfcc_3', 'mfcc_5', 'mfcc_11', 'mfcc_8']",0.5895953757225434,0.53125,0.6623376623376623,0.6213166605348025,0.6605042016806723,0.7572254335260116,0.5856929955290611,0.7527699939427047,0.9212062256809338,0.8883677298311444,0.9565656565656566,0.9772223600629638
RF,0.7237433933897482,0.7293432267884322,0.7323831602520127,0.7785678009141697,0.77738174574504,"{'n_estimators': 100, 'max_depth': None}","['mfcc_6', 'mfcc_3', 'mfcc_5', 'mfcc_8', 'spec_centroid']",0.6181277860326895,0.5698630136986301,0.6753246753246753,0.6183845232402587,0.6524338172502135,0.764,0.5692995529061102,0.7462003458130023,0.9006685768863419,0.8541666666666666,0.9525252525252526,0.9675603681818589
RF,0.7235667028453076,0.7450880092868393,0.711710390398915,0.7948197054342305,0.7631023122840285,"{'n_estimators': 100, 'max_depth': 5}","['mfcc_6', 'mfcc_3', 'mfcc_5', 'wav_detail_lvl5_std', 'mfcc_8', 'mfcc_10', 'wav_detail_lvl3_std']",0.550185873605948,0.6434782608695652,0.4805194805194805,0.6443763331048509,0.7077625570776256,0.7231726283048211,0.6929955290611028,0.6898188673224419,0.912751677852349,0.8686131386861314,0.9616161616161616,0.9551117364247927
RF,0.7235368612381107,0.7424340125757612,0.7122319999369179,0.7882173692229558,0.8019413460476118,"{'n_estimators': 100, 'max_depth': 5}","['mfcc_3', 'mfcc_5', 'wav_detail_lvl3_std', 'zcr_mean', 'spec_centroid']",0.5688073394495413,0.6540084388185654,0.5032467532467533,0.6906406687980848,0.6967644845748683,0.7036474164133738,0.6900149031296572,0.7512686902520167,0.9050387596899225,0.8696461824953445,0.9434343434343434,0.963914679092734
RF,0.7235203943631688,0.7508642344749253,0.7094630930696505,0.7912646013204673,0.7524932531193104,"{'n_estimators': 100, 'max_depth': 5}","['mfcc_6', 'wav_detail_lvl5_std', 'mfcc_8', 'mfcc_10', 'zcr_mean', 'spec_centroid']",0.5572519083969466,0.6759259259259259,0.474025974025974,0.6090555576455667,0.7132132132132132,0.7186081694402421,0.7078986587183308,0.7076203821943363,0.9000960614793467,0.858058608058608,0.9464646464646465,0.9408038195180282
RF,0.7234986555093065,0.7477746082621888,0.7105784622178065,0.792788217369223,0.7707414800900415,"{'n_estimators': 50, 'max_depth': 5}","['mfcc_6', 'mfcc_5', 'wav_detail_lvl5_std', 'mfcc_8', 'mfcc_10', 'zcr_mean', 'spec_centroid']",0.5547169811320755,0.6621621621621622,0.4772727272727273,0.6282721643895632,0.7077385424492862,0.7136363636363636,0.7019374068554396,0.7299189808646489,0.9080404429465575,0.8675252989880404,0.9525252525252526,0.9540332950159124
RF,0.7234847791880176,0.7596660966496835,0.7076553986390052,0.792788217369223,0.7515457374422398,"{'n_estimators': 50, 'max_depth': 5}","['mfcc_5', 'wav_detail_lvl5_std', 'mfcc_10']",0.5515873015873016,0.7091836734693877,0.4512987012987013,0.6171947558220171,0.717948717948718,0.7060518731988472,0.7302533532041728,0.7100692537674995,0.9009183180280329,0.8637627432808156,0.9414141414141414,0.927373202737203
RF,0.7233905587191397,0.7283209410007471,0.7215945560207855,0.7897409852717115,0.7679377517381684,"{'n_estimators': 100, 'max_depth': None}","['mfcc_6', 'mfcc_11', 'mfcc_8', 'wav_detail_lvl3_std', 'zcr_mean']",0.5602605863192183,0.5620915032679739,0.5584415584415584,0.6076005447752246,0.6931637519872814,0.7427597955706985,0.6497764530551415,0.7355543430485033,0.9167473378509197,0.8801115241635687,0.9565656565656566,0.9606583673907768
RF,0.723370172369615,0.7409191067171644,0.7128663686040735,0.7912646013204673,0.782080355752543,"{'n_estimators': 100, 'max_depth': 5}","['mfcc_5', 'mfcc_11', 'wav_detail_lvl5_std', 'mfcc_8', 'wav_detail_lvl3_std', 'zcr_mean', 'spec_centroid']",0.558983666061706,0.6337448559670782,0.5,0.6525540751110007,0.7029096477794793,0.7228346456692913,0.684053651266766,0.733202936512594,0.9082172032676598,0.8661778185151238,0.9545454545454546,0.9604840556340342
RF,0.7232890051900531,0.7582038817154929,0.7072090932746672,0.7922803453529711,0.7784497093805256,"{'n_estimators': 50, 'max_depth': 5}","['mfcc_6', 'wav_detail_lvl5_std', 'zcr_mean']",0.5540275049115914,0.7014925373134329,0.4577922077922078,0.6511016456204315,0.718562874251497,0.7218045112781954,0.7153502235469449,0.7396032860888067,0.8972766364070712,0.8513145965548504,0.9484848484848485,0.9446441964323388
RF,0.7232570616127022,0.7426509231249275,0.7122245089458205,0.7943118334179786,0.7712559194571172,"{'n_estimators': 100, 'max_depth': 5}","['mfcc_6', 'mfcc_5', 'wav_detail_lvl5_std', 'mfcc_8', 'mfcc_10', 'wav_detail_lvl3_std', 'zcr_mean', 'spec_centroid']",0.5494505494505495,0.6302521008403361,0.487012987012987,0.6477073462494051,0.7092307692307692,0.7329093799682035,0.6870342771982116,0.7116897671921076,0.9110898661567878,0.8647912885662432,0.9626262626262626,0.9543706449298395
RF,0.7232322922442691,0.7340356098579783,0.7162944826879253,0.7841543930929405,0.7845912717811907,"{'n_estimators': 100, 'max_depth': 10}","['mfcc_5', 'wav_detail_lvl5_std', 'spec_centroid']",0.5817555938037866,0.6190476190476191,0.5487012987012987,0.6649528350344461,0.6880375293197811,0.7236842105263158,0.6557377049180327,0.7343918709486574,0.8999037536092397,0.859375,0.9444444444444444,0.9544291093604685
RF,0.7231895686116047,0.74030323184791,0.7126574093787209,0.7882173692229558,0.7952237735729564,"{'n_estimators': 100, 'max_depth': 5}","['mfcc_3', 'mfcc_5', 'wav_detail_lvl3_std', 'zcr_mean']",0.5672727272727273,0.6446280991735537,0.5064935064935064,0.6890775109017154,0.6958490566037736,0.7048929663608563,0.6870342771982116,0.7365706895058219,0.9064469219583131,0.8713886300093197,0.9444444444444444,0.9600231203113316
RF,0.7231891947343047,0.7441567871028162,0.7112203218760597,0.7897409852717115,0.7727374361532323,"{'n_estimators': 100, 'max_depth': 5}","['mfcc_5', 'mfcc_11', 'wav_detail_lvl5_std', 'mfcc_10', 'wav_detail_lvl3_std']",0.5602968460111317,0.6536796536796536,0.4902597402597403,0.6441116935172565,0.7063253012048193,0.7138508371385084,0.698956780923994,0.7165937428363192,0.9029454369869628,0.8649398704902868,0.9444444444444444,0.9575068721061212
RF,0.7231468565503788,0.7405077607281062,0.7130039662826548,0.7938039614017267,0.7752356201088966,"{'n_estimators': 100, 'max_depth': 5}","['mfcc_6', 'mfcc_3', 'mfcc_5', 'wav_detail_lvl5_std', 'mfcc_8', 'wav_detail_lvl3_std', 'spec_centroid']",0.5533453887884268,0.6244897959183674,0.4967532467532468,0.6511919462724338,0.7017001545595054,0.7287319422150883,0.676602086438152,0.7159435618795733,0.9143950263032042,0.8683015440508629,0.9656565656565657,0.9585713521746827
RF,0.7231407747787921,0.7454850646306342,0.7106983180753673,0.7887252412392077,0.7676060042241746,"{'n_estimators': 100, 'max_depth': 5}","['mfcc_3', 'mfcc_11', 'mfcc_10', 'wav_detail_lvl3_std', 'zcr_mean']",0.5761467889908257,0.6624472573839663,0.5097402597402597,0.6335843573587043,0.6890101325019485,0.7222222222222222,0.6587183308494784,0.7124265642390212,0.9042654028436019,0.8517857142857143,0.9636363636363636,0.9568070910747983
RF,0.7231328435503998,0.7476237857116107,0.7105504695668629,0.7902488572879635,0.7527630516433043,"{'n_estimators': 50, 'max_depth': 5}","['mfcc_3', 'mfcc_5', 'wav_detail_lvl5_std', 'mfcc_8', 'mfcc_10', 'spec_centroid']",0.5551330798479087,0.6697247706422018,0.474025974025974,0.6383793032926891,0.7079388201019665,0.6923076923076923,0.7242921013412816,0.6629808626671734,0.9063266307013241,0.880838894184938,0.9333333333333333,0.9569289889700503
RF,0.7231122111196334,0.7393321179157958,0.7133422436701126,0.7912646013204673,0.7849958330018575,"{'n_estimators': 50, 'max_depth': 5}","['mfcc_6', 'mfcc_3', 'mfcc_5', 'mfcc_11', 'zcr_mean', 'spec_centroid']",0.5637342908438061,0.6305220883534136,0.5097402597402597,0.658772597143526,0.6918918918918919,0.717948717948718,0.6676602086438153,0.7336260685503627,0.9137104506232023,0.8695255474452555,0.9626262626262626,0.9625888333116837
RF,0.7230977268047784,0.7375916836238977,0.7140751780096043,0.7831386490604367,0.7781608274766662,"{'n_estimators': 50, 'max_depth': 5}","['mfcc_6', 'mfcc_3', 'mfcc_11', 'zcr_mean', 'spec_centroid']",0.5905096660808435,0.6436781609195402,0.5454545454545454,0.6487810936657822,0.6802189210320563,0.7154605263157895,0.6482861400894188,0.7280669254898119,0.8985645933014355,0.8536363636363636,0.9484848484848485,0.9576344632744045
RF,0.7230862479514029,0.7424252667335609,0.71176755848887,0.7902488572879635,0.7678154780544705,"{'n_estimators': 50, 'max_depth': 5}","['mfcc_6', 'mfcc_11', 'wav_detail_lvl5_std', 'mfcc_8', 'mfcc_10', 'wav_detail_lvl3_std', 'zcr_mean']",0.5604395604395604,0.6428571428571429,0.4967532467532468,0.6392212102037634,0.7043544690603514,0.7225705329153606,0.6870342771982116,0.7099861292456356,0.9044647143542967,0.8618481244281794,0.9515151515151515,0.9542390947140125
RF,0.7230000394010102,0.7420877459244405,0.7118937225494603,0.7907567293042154,0.7805602968515858,"{'n_estimators': 50, 'max_depth': 5}","['mfcc_3', 'mfcc_5', 'mfcc_11', 'wav_detail_lvl5_std', 'mfcc_8', 'mfcc_10', 'wav_detail_lvl3_std', 'spec_centroid']",0.5571955719557196,0.6452991452991453,0.4902597402597403,0.6536718219199127,0.7020958083832335,0.7052631578947368,0.698956780923994,0.7206484535236902,0.9097087378640777,0.8757009345794392,0.9464646464646465,0.9673606151111545
RF,0.7229764818564369,0.7423388372738703,0.7119591701558915,0.7943118334179786,0.752526411172305,"{'n_estimators': 50, 'max_depth': 5}","['mfcc_6', 'mfcc_3', 'mfcc_5', 'wav_detail_lvl5_std', 'mfcc_8', 'mfcc_10']",0.5488029465930019,0.6340425531914894,0.4837662337662338,0.6250823429753841,0.7057034220532319,0.7204968944099379,0.6915052160953801,0.6756876719629735,0.9144230769230769,0.8724770642201835,0.9606060606060606,0.956809218578557
RF,0.7229330290762842,0.7437848727783135,0.7113023285154432,0.7938039614017267,0.776771976059455,"{'n_estimators': 50, 'max_depth': 5}","['mfcc_6', 'mfcc_5', 'wav_detail_lvl5_std', 'mfcc_8', 'mfcc_10', 'wav_detail_lvl3_std', 'zcr_mean']",0.5508317929759704,0.6394849785407726,0.4837662337662338,0.6459122953065038,0.7069625095638867,0.7264150943396226,0.6885245901639344,0.7308612671207807,0.9110047846889953,0.8654545454545455,0.9616161616161616,0.9535423657510806
RF,0.7229212036327425,0.7282216825380677,0.7241284823252037,0.7846622651091925,0.760897541960631,"{'n_estimators': 100, 'max_depth': 5}","['mfcc_6', 'mfcc_3', 'mfcc_11', 'mfcc_10', 'zcr_mean']",0.5927099841521395,0.5789473684210527,0.6071428571428571,0.6071861530663494,0.6617405582922824,0.7367458866544789,0.6005961251862891,0.7148499567244998,0.9143130684538057,0.8689717925386715,0.9646464646464646,0.9606565160910436
RF,0.7229044482344196,0.757922844229625,0.7073849344341148,0.7943118334179786,0.7666693812383585,"{'n_estimators': 100, 'max_depth': 5}","['mfcc_3', 'mfcc_11', 'wav_detail_lvl5_std', 'mfcc_10']",0.549407114624506,0.702020202020202,0.4512987012987013,0.6448648900699291,0.7103905674281503,0.7026239067055393,0.7183308494783904,0.7021195554581563,0.9089156626506024,0.8691244239631336,0.9525252525252526,0.9530236981869897
RF,0.7229012520043289,0.7335505374471502,0.7153758506217524,0.7851701371254444,0.772638452453986,"{'n_estimators': 50, 'max_depth': 5}","['mfcc_3', 'mfcc_5', 'mfcc_10', 'wav_detail_lvl3_std']",0.5719298245614035,0.6221374045801527,0.5292207792207793,0.650476086984572,0.6907993966817496,0.6992366412213741,0.6825633383010432,0.7174197100558994,0.9059745347698335,0.879277566539924,0.9343434343434344,0.9500195603214864
RF,0.7227029989439976,0.7296347786910845,0.7204192589438492,0.7897409852717115,0.7774662236866844,"{'n_estimators': 50, 'max_depth': None}","['mfcc_3', 'mfcc_11', 'wav_detail_lvl5_std', 'mfcc_8', 'wav_detail_lvl3_std', 'zcr_mean', 'spec_centroid']",0.5662847790507365,0.570957095709571,0.5616883116883117,0.6232868876831626,0.6833199033037872,0.743859649122807,0.6318926974664679,0.7368787085799045,0.9185043144774688,0.8740875912408759,0.9676767676767677,0.9722330747969863
RF,0.7226872840204911,0.744366830280143,0.7104034095837375,0.7892331132554596,0.794207592145327,"{'n_estimators': 100, 'max_depth': 5}","['mfcc_6', 'wav_detail_lvl5_std', 'wav_detail_lvl3_std', 'zcr_mean', 'spec_centroid']",0.5602968460111317,0.6536796536796536,0.4902597402597403,0.6696190502881033,0.7076689445709947,0.7213622291021672,0.6944858420268256,0.765986101060192,0.9000960614793467,0.858058608058608,0.9464646464646465,0.9470176250876856
RF,0.7225591147640845,0.7447786794584466,0.7101711888597135,0.7902488572879635,0.7949720118466521,"{'n_estimators': 100, 'max_depth': 5}","['mfcc_5', 'mfcc_11', 'wav_detail_lvl5_std', 'mfcc_10', 'wav_detail_lvl3_std', 'zcr_mean', 'spec_centroid']",0.5586592178770949,0.6550218340611353,0.487012987012987,0.6613088756655182,0.7050796057619408,0.7175925925925926,0.6929955290611028,0.7630605161043544,0.9039385206532181,0.8617216117216118,0.9505050505050505,0.9605466437700836
RF,0.7225358802691039,0.7410297471809599,0.7116074878369961,0.7902488572879635,0.7646538336273636,"{'n_estimators': 50, 'max_depth': 5}","['mfcc_3', 'mfcc_11', 'wav_detail_lvl5_std', 'mfcc_8', 'mfcc_10', 'wav_detail_lvl3_std', 'spec_centroid']",0.5594149908592322,0.6401673640167364,0.4967532467532468,0.6448887226643086,0.700152207001522,0.7153965785381027,0.6855439642324889,0.6946558094157665,0.9080404429465575,0.8675252989880404,0.9525252525252526,0.9544169688020159
RF,0.7225267689649777,0.7413373263690767,0.7115168074184467,0.7861858811579482,0.7808437312982237,"{'n_estimators': 50, 'max_depth': 5}","['mfcc_3', 'mfcc_11', 'wav_detail_lvl5_std', 'mfcc_10', 'wav_detail_lvl3_std', 'zcr_mean']",0.5801801801801801,0.6518218623481782,0.5227272727272727,0.6605334416516173,0.6854020296643247,0.719672131147541,0.65424739195231,0.7222465969002569,0.9019980970504282,0.8525179856115108,0.9575757575757575,0.9597511553427969
RF,0.7224443067094702,0.7285275570601236,0.7217360963262602,0.7846622651091925,0.7665664367872944,"{'n_estimators': 100, 'max_depth': None}","['mfcc_6', 'mfcc_3', 'wav_detail_lvl5_std', 'wav_detail_lvl3_std', 'zcr_mean', 'spec_centroid']",0.5819935691318328,0.5764331210191083,0.5876623376623377,0.6398181636244246,0.6764227642276422,0.7441860465116279,0.6199701937406855,0.7168121400780633,0.9089165867689357,0.864963503649635,0.9575757575757575,0.9430690066593953
RF,0.7223956729907984,0.7419559474032683,0.7110054487103667,0.7897409852717115,0.7769777516151749,"{'n_estimators': 50, 'max_depth': 5}","['mfcc_6', 'mfcc_5', 'wav_detail_lvl5_std', 'mfcc_8', 'spec_centroid']",0.5588235294117647,0.6440677966101694,0.4935064935064935,0.6463672713615644,0.7036474164133738,0.7178294573643411,0.6900149031296572,0.7283362983437809,0.904716073147257,0.8639705882352942,0.9494949494949495,0.9562296851401791
RF,0.7223825797306329,0.7492255106516709,0.7086355356847159,0.787201625190452,0.7822966299002788,"{'n_estimators': 50, 'max_depth': 5}","['mfcc_5', 'mfcc_11', 'wav_detail_lvl5_std', 'mfcc_8', 'mfcc_10', 'spec_centroid']",0.5621414913957935,0.6837209302325581,0.4772727272727273,0.6406168263873099,0.7077826725403817,0.6975397973950795,0.7183308494783904,0.7354936433079385,0.8972235752557234,0.8664158043273753,0.9303030303030303,0.9707794200055881
RF,0.7223765929448067,0.7412904497354184,0.7115676673053722,0.7938039614017267,0.7705482085633671,"{'n_estimators': 50, 'max_depth': 5}","['mfcc_6', 'mfcc_3', 'mfcc_5', 'wav_detail_lvl5_std', 'mfcc_8', 'wav_detail_lvl3_std']",0.5494505494505495,0.6302521008403361,0.487012987012987,0.6475558779346686,0.7034482758620689,0.7239747634069401,0.684053651266766,0.7054796893478553,0.9142309535218016,0.8696444849589791,0.9636363636363636,0.9586090584075776
RF,0.7223452087907507,0.7397528790134901,0.7121365883660965,0.7932960893854749,0.7820504319053949,"{'n_estimators': 100, 'max_depth': 5}","['mfcc_6', 'mfcc_5', 'mfcc_11', 'wav_detail_lvl5_std', 'mfcc_8', 'mfcc_10', 'wav_detail_lvl3_std', 'zcr_mean']",0.5480943738656987,0.6213991769547325,0.4902597402597403,0.6411390329951114,0.7071483474250576,0.7301587301587301,0.6855439642324889,0.7382042565488798,0.9117929050814957,0.8677007299270073,0.9606060606060606,0.9668080061721935
RF,0.7223269899022172,0.7252841427746071,0.729189632468321,0.7800914169629254,0.7828128547702645,"{'n_estimators': 50, 'max_depth': None}","['mfcc_6', 'mfcc_3', 'mfcc_5', 'wav_detail_lvl5_std', 'mfcc_8', 'mfcc_10', 'wav_detail_lvl3_std', 'zcr_mean', 'spec_centroid']",0.6024096385542169,0.5617977528089888,0.6493506493506493,0.6318280313012288,0.656093489148581,0.74573055028463,0.5856929955290611,0.7444648814594573,0.9084778420038536,0.8683241252302025,0.9525252525252526,0.9721456515501076
RF,0.7222838654396888,0.7413190639226267,0.7110062372357455,0.7882173692229558,0.7796450220025353,"{'n_estimators': 100, 'max_depth': 5}","['mfcc_5', 'mfcc_11', 'mfcc_10', 'wav_detail_lvl3_std', 'zcr_mean', 'spec_centroid']",0.5641025641025641,0.6470588235294118,0.5,0.6402622083461877,0.6990881458966566,0.7131782945736435,0.6855439642324889,0.7375518170958946,0.9036608863198459,0.8637200736648251,0.9474747474747475,0.9611210405655236
RF,0.7222761449360401,0.7458908723161691,0.7093211585014864,0.7887252412392077,0.7884838225847646,"{'n_estimators': 50, 'max_depth': 5}","['mfcc_5', 'wav_detail_lvl5_std', 'mfcc_10', 'wav_detail_lvl3_std', 'zcr_mean', 'spec_centroid']",0.5628517823639775,0.6666666666666666,0.487012987012987,0.6611230670778581,0.7012791572610986,0.7082066869300911,0.6944858420268256,0.7509407170755575,0.9026974951830443,0.8627992633517495,0.9464646464646465,0.953387683600878
RF,0.7222394864966982,0.738409453466562,0.7126846135042856,0.7922803453529711,0.7788803088085624,"{'n_estimators': 50, 'max_depth': 5}","['mfcc_6', 'mfcc_3', 'mfcc_5', 'wav_detail_lvl5_std', 'mfcc_8', 'wav_detail_lvl3_std', 'zcr_mean']",0.5555555555555556,0.62,0.5032467532467533,0.6552662072325971,0.6972049689440993,0.7277147487844409,0.669150521609538,0.7200941701437243,0.9139579349904398,0.867513611615245,0.9656565656565657,0.9612805490493661
RF,0.7222317735787852,0.7404354550287565,0.711673723968806,0.7922803453529711,0.763670537100183,"{'n_estimators': 50, 'max_depth': 5}","['mfcc_6', 'mfcc_3', 'mfcc_11', 'wav_detail_lvl5_std', 'mfcc_8', 'mfcc_10', 'wav_detail_lvl3_std', 'zcr_mean']",0.5563636363636364,0.6322314049586777,0.4967532467532468,0.6452103769102846,0.6964560862865947,0.7208931419457735,0.6736214605067065,0.6893339444141494,0.9138755980861244,0.8681818181818182,0.9646464646464646,0.9564672899761153
RF,0.7222300541470043,0.725387649020961,0.7228715728715729,0.7882173692229558,0.7752892467799577,"{'n_estimators': 100, 'max_depth': None}","['mfcc_6', 'mfcc_3', 'mfcc_11', 'wav_detail_lvl5_std', 'mfcc_8', 'mfcc_10', 'spec_centroid']",0.5619047619047619,0.5496894409937888,0.5746753246753247,0.5965193105103306,0.6848436246992783,0.7413194444444444,0.6363636363636364,0.7493275319847734,0.9199417758369723,0.8851540616246498,0.9575757575757575,0.9800208978447691
RF,0.7222202717776008,0.756949861006838,0.7058745140712354,0.7907567293042154,0.760724785521079,"{'n_estimators': 50, 'max_depth': 5}","['mfcc_6', 'mfcc_3', 'mfcc_11', 'wav_detail_lvl5_std', 'mfcc_8', 'mfcc_10']",0.5625,0.7058823529411765,0.4675324675324675,0.6273277504495357,0.7024981074943225,0.7138461538461538,0.6915052160953801,0.6918819081568008,0.9016627078384798,0.8511210762331839,0.9585858585858585,0.9629646979569007
RF,0.7221621464473259,0.7400026260724037,0.7115735812457125,0.7907567293042154,0.7785279617046291,"{'n_estimators': 100, 'max_depth': 5}","['mfcc_6', 'mfcc_5', 'mfcc_11', 'wav_detail_lvl5_std', 'mfcc_8', 'mfcc_10', 'wav_detail_lvl3_std']",0.5521023765996343,0.6317991631799164,0.4902597402597403,0.6397414687777668,0.7075757575757575,0.7195685670261941,0.6959761549925484,0.7294643988770837,0.9068083051665862,0.8686401480111008,0.9484848484848485,0.9663780174590366
RF,0.7221350477263303,0.7313519629831687,0.7157799698783306,0.7938039614017267,0.7852941360582636,"{'n_estimators': 50, 'max_depth': 10}","['mfcc_3', 'mfcc_11', 'wav_detail_lvl5_std', 'mfcc_10', 'zcr_mean']",0.5352112676056338,0.5846153846153846,0.4935064935064935,0.6463183757340604,0.7072808320950966,0.7051851851851851,0.7093889716840537,0.7366898384795301,0.9239130434782609,0.9042553191489362,0.9444444444444444,0.9728741939612002
RF,0.7221195686603489,0.7444616923150583,0.7098171409646818,0.7907567293042154,0.7899528854274656,"{'n_estimators': 100, 'max_depth': 5}","['mfcc_6', 'mfcc_5', 'mfcc_11', 'wav_detail_lvl5_std', 'mfcc_8', 'spec_centroid']",0.5532710280373832,0.6519823788546255,0.4805194805194805,0.6490097574835479,0.7088989441930619,0.7175572519083969,0.7004470938897168,0.748163100911112,0.9041887337506018,0.8638454461821528,0.9484848484848485,0.9726857978877366
RF,0.7221075781344956,0.7366300218619157,0.7131317073940026,0.7912646013204673,0.7641534596791844,"{'n_estimators': 50, 'max_depth': 5}","['mfcc_6', 'mfcc_5', 'wav_detail_lvl5_std', 'mfcc_8', 'mfcc_10', 'wav_detail_lvl3_std']",0.5525846702317291,0.6126482213438735,0.5032467532467533,0.6442483858801292,0.7031611410948342,0.7284345047923323,0.6795827123695977,0.7016611768503903,0.9105769230769231,0.8688073394495412,0.9565656565656566,0.9465508163070334
RF,0.7221008014881148,0.75095232937056,0.7069930373209061,0.7861858811579482,0.7530451927784733,"{'n_estimators': 100, 'max_depth': 5}","['mfcc_6', 'mfcc_3', 'mfcc_10', 'spec_centroid']",0.5795454545454546,0.6954545454545454,0.4967532467532468,0.6193869254229644,0.6887009992313605,0.7111111111111111,0.6676602086438153,0.6958768966189175,0.8980559506875296,0.8462913315460232,0.9565656565656566,0.9438717562935377
RF,0.7219508299228029,0.732948218298958,0.7142935995395012,0.7846622651091925,0.7946061830409851,"{'n_estimators': 50, 'max_depth': 10}","['mfcc_3', 'mfcc_5', 'wav_detail_lvl5_std', 'wav_detail_lvl3_std', 'spec_centroid']",0.5684210526315789,0.6183206106870229,0.525974025974026,0.6797191980623141,0.6949924127465857,0.7078825347758887,0.6825633383010432,0.7366252404411444,0.9024390243902439,0.8726415094339622,0.9343434343434344,0.967474110619497
RF,0.7219453467013635,0.7439020629267356,0.7095864972914153,0.7887252412392077,0.7909807656673117,"{'n_estimators': 50, 'max_depth': 5}","['mfcc_6', 'mfcc_3', 'wav_detail_lvl5_std', 'wav_detail_lvl3_std', 'zcr_mean']",0.5613382899628253,0.6565217391304348,0.4902597402597403,0.6685289119309598,0.7020470053070508,0.7145061728395061,0.6900149031296572,0.7497743569970193,0.9024507448342143,0.8606782768102658,0.9484848484848485,0.9546390280739562
RF,0.7219370240455225,0.7384739509561694,0.7117517879812962,0.7882173692229558,0.7653976111848207,"{'n_estimators': 50, 'max_depth': 5}","['mfcc_5', 'mfcc_11', 'mfcc_10', 'wav_detail_lvl3_std', 'zcr_mean']",0.5615942028985508,0.6352459016393442,0.5032467532467533,0.6269714853772318,0.6980273141122914,0.7109737248840804,0.6855439642324889,0.7102552845892953,0.9061895551257253,0.8692022263450835,0.9464646464646465,0.9589660635879349
RF,0.721905129548027,0.7466872826091148,0.7084999093195815,0.7882173692229558,0.7747719589582013,"{'n_estimators': 50, 'max_depth': 5}","['mfcc_6', 'wav_detail_lvl5_std', 'mfcc_10', 'wav_detail_lvl3_std', 'spec_centroid']",0.5687732342007435,0.6652173913043479,0.4967532467532468,0.6551401054764769,0.6977466977466977,0.7288961038961039,0.669150521609538,0.7250701132924808,0.8991954566966398,0.8459483526268923,0.9595959595959596,0.9441056581056462
RF,0.7218823458418381,0.7465120626869554,0.7080776539792932,0.7821229050279329,0.7535114320188884,"{'n_estimators': 100, 'max_depth': 5}","['mfcc_6', 'mfcc_11', 'mfcc_10', 'wav_detail_lvl3_std']",0.5914972273567468,0.6866952789699571,0.5194805194805194,0.6096661661161801,0.6822066822066822,0.7126623376623377,0.65424739195231,0.6910977416182491,0.8919431279620853,0.8401785714285714,0.9505050505050505,0.959770388322236
RF,0.7218098429969334,0.727226544928309,0.7206349206349206,0.7882173692229558,0.7880598308639349,"{'n_estimators': 100, 'max_depth': None}","['mfcc_6', 'mfcc_3', 'mfcc_11', 'wav_detail_lvl5_std', 'mfcc_8', 'zcr_mean', 'spec_centroid']",0.5621970920840065,0.5594855305466238,0.564935064935065,0.6231330914044452,0.6870474658085277,0.7465034965034965,0.6363636363636364,0.7642862681422901,0.9161849710982659,0.8756906077348067,0.9606060606060606,0.9767601330450695
RF,0.7217687183842657,0.737969768474612,0.7116855518494862,0.7861858811579482,0.7577733563737139,"{'n_estimators': 50, 'max_depth': 5}","['mfcc_5', 'mfcc_10', 'wav_detail_lvl3_std', 'zcr_mean']",0.5636363636363636,0.640495867768595,0.5032467532467533,0.6284299836640127,0.6974664679582713,0.6974664679582713,0.6974664679582713,0.6939578770063943,0.9042033235581622,0.8759469696969697,0.9343434343434344,0.9509322084507348
RF,0.7217576115596249,0.7397179906056853,0.7114075966534982,0.7938039614017267,0.770958886728903,"{'n_estimators': 100, 'max_depth': 5}","['mfcc_6', 'mfcc_3', 'mfcc_5', 'wav_detail_lvl5_std', 'mfcc_8', 'spec_centroid']",0.546448087431694,0.6224066390041494,0.487012987012987,0.6485221143928397,0.7040737893927748,0.726984126984127,0.6825633383010432,0.7061623414517821,0.9147509578544061,0.8697632058287796,0.9646464646464646,0.958192204342087
RF,0.7217394862414358,0.7447828778064599,0.7091054968104148,0.7902488572879635,0.8006442342960064,"{'n_estimators': 50, 'max_depth': 5}","['mfcc_5', 'mfcc_11', 'wav_detail_lvl5_std', 'wav_detail_lvl3_std', 'spec_centroid']",0.5559701492537313,0.6535087719298246,0.4837662337662338,0.6691179266038413,0.7063310450038138,0.7234375,0.6900149031296572,0.7658592529328732,0.9029172644667623,0.857402361489555,0.9535353535353536,0.9669555233513051
RF,0.7217101878950926,0.739389204397135,0.7111489603292882,0.7892331132554596,0.7833241207468248,"{'n_estimators': 50, 'max_depth': 5}","['mfcc_3', 'mfcc_5', 'mfcc_11', 'wav_detail_lvl5_std', 'mfcc_8', 'spec_centroid']",0.5567765567765568,0.6386554621848739,0.4935064935064935,0.6633976757676157,0.6991747936984246,0.7039274924471299,0.6944858420268256,0.7184830458108992,0.9091792132102963,0.8755846585594013,0.9454545454545454,0.9680916406619592
RF,0.7216848557889021,0.7351032654900059,0.7130295933574623,0.7851701371254444,0.7860634087109369,"{'n_estimators': 50, 'max_depth': 10}","['mfcc_5', 'wav_detail_lvl5_std', 'wav_detail_lvl3_std', 'zcr_mean']",0.5714285714285714,0.6254826254826255,0.525974025974026,0.6780244842616038,0.6918918918918919,0.717948717948718,0.6676602086438153,0.7243227541992328,0.9017341040462428,0.861878453038674,0.9454545454545454,0.9558429876719743
RF,0.7216797927181021,0.755447090430844,0.7055378137345351,0.7902488572879635,0.7615714767172487,"{'n_estimators': 50, 'max_depth': 5}","['mfcc_6', 'wav_detail_lvl5_std', 'mfcc_10', 'spec_centroid']",0.5592233009708738,0.6956521739130435,0.4675324675324675,0.6258400569127988,0.7089381207028266,0.7272727272727273,0.6915052160953801,0.7198777452458629,0.8968779564806055,0.8434163701067615,0.9575757575757575,0.9389966279930841
RF,0.7216640487047495,0.7388080265971594,0.7114813237764057,0.7897409852717115,0.7725880614829809,"{'n_estimators': 50, 'max_depth': 5}","['mfcc_6', 'wav_detail_lvl5_std', 'mfcc_8', 'mfcc_10', 'wav_detail_lvl3_std', 'zcr_mean', 'spec_centroid']",0.5585585585585585,0.6275303643724697,0.5032467532467533,0.646036562412481,0.6996904024767802,0.7278582930756844,0.6736214605067065,0.7284908171073916,0.9067431850789096,0.8610354223433242,0.9575757575757575,0.9432368049290701
RF,0.7216230066462218,0.7234919745944485,0.7227828637664704,0.7887252412392077,0.7682733757454688,"{'n_estimators': 50, 'max_depth': None}","['mfcc_3', 'mfcc_11', 'wav_detail_lvl5_std', 'mfcc_8', 'mfcc_10', 'spec_centroid']",0.5569620253164557,0.5432098765432098,0.5714285714285714,0.5837763017267,0.6825775656324582,0.7320819112627986,0.639344262295082,0.7420445445559968,0.9253294289897511,0.8951841359773371,0.9575757575757575,0.9789992809537096
RF,0.7215599695792793,0.7459074496458525,0.7084652142029192,0.7902488572879635,0.8015022626756269,"{'n_estimators': 100, 'max_depth': 5}","['mfcc_5', 'mfcc_11', 'wav_detail_lvl5_std', 'wav_detail_lvl3_std', 'zcr_mean', 'spec_centroid']",0.5580524344569289,0.6592920353982301,0.4837662337662338,0.6744970265262199,0.7029096477794793,0.7228346456692913,0.684053651266766,0.7656828081020373,0.90371782650143,0.855595667870036,0.9575757575757575,0.9643269533986232
RF,0.7215351882661429,0.750204404326137,0.7072272293583769,0.7897409852717115,0.7813649591539803,"{'n_estimators': 50, 'max_depth': 5}","['mfcc_3', 'mfcc_5', 'wav_detail_lvl5_std', 'mfcc_10', 'zcr_mean']",0.5576923076923077,0.6839622641509434,0.4707792207792208,0.6702982420326395,0.7023809523809523,0.7013372956909361,0.7034277198211625,0.7094376801034841,0.9045323047251688,0.8653136531365314,0.9474747474747475,0.9643589553258174
RF,0.7215147287674704,0.7249663762884673,0.7212933393261262,0.7856780091416963,0.7765874536662496,"{'n_estimators': 100, 'max_depth': None}","['mfcc_3', 'mfcc_5', 'mfcc_11', 'mfcc_8', 'wav_detail_lvl3_std', 'spec_centroid']",0.572347266881029,0.5668789808917197,0.577922077922078,0.6218993584951705,0.6746411483253588,0.725557461406518,0.6304023845007451,0.7316827100978603,0.9175557710960233,0.8824626865671642,0.9555555555555556,0.9761802924057177
RF,0.7214831072708944,0.7385443492844442,0.7111994259535243,0.7892331132554596,0.766808358838643,"{'n_estimators': 100, 'max_depth': 5}","['mfcc_5', 'mfcc_11', 'wav_detail_lvl5_std', 'mfcc_8', 'mfcc_10', 'wav_detail_lvl3_std', 'zcr_mean']",0.5579710144927537,0.6311475409836066,0.5,0.6362406692264132,0.6993114001530222,0.7185534591194969,0.6810730253353204,0.7051532391400075,0.9071669071669072,0.8659320477502296,0.9525252525252526,0.9590311681495081
RF,0.7214558527330289,0.7249462726474697,0.7206333435841632,0.7912646013204673,0.7781780706115135,"{'n_estimators': 50, 'max_depth': None}","['mfcc_3', 'mfcc_11', 'wav_detail_lvl5_std', 'mfcc_8', 'mfcc_10', 'zcr_mean', 'spec_centroid']",0.5501618122977346,0.5483870967741935,0.551948051948052,0.6098533040025985,0.6856690419635788,0.731418918918919,0.6453055141579732,0.7450298107794544,0.9285367039377734,0.895032802249297,0.9646464646464646,0.9796510970524874
RF,0.7214393801465238,0.7274775013702506,0.725462667265946,0.7785678009141697,0.7819428148024006,"{'n_estimators': 100, 'max_depth': None}","['mfcc_6', 'mfcc_3', 'mfcc_5', 'mfcc_8', 'zcr_mean', 'spec_centroid']",0.6080246913580247,0.5794117647058824,0.6396103896103896,0.6317257611548527,0.654911838790932,0.75,0.5812220566318927,0.7463215474436229,0.9013816102906146,0.8530207394048692,0.9555555555555556,0.967781135808726
RF,0.7213613910806721,0.7297768024125695,0.7169012529668267,0.7755205688166582,0.7748059216310955,"{'n_estimators': 100, 'max_depth': 10}","['mfcc_6', 'mfcc_3', 'mfcc_11', 'spec_centroid']",0.6076794657762938,0.6254295532646048,0.5909090909090909,0.6507054026568087,0.6677290836653387,0.7174657534246576,0.624441132637854,0.712319953358053,0.8886756238003839,0.8464351005484461,0.9353535353535354,0.9613924088784249
RF,0.7212648046104015,0.7376834841730829,0.7112593538823048,0.7877094972067039,0.7682214864122919,"{'n_estimators': 50, 'max_depth': 5}","['mfcc_3', 'mfcc_5', 'wav_detail_lvl5_std', 'mfcc_8', 'mfcc_10', 'wav_detail_lvl3_std', 'spec_centroid']",0.5547445255474452,0.6333333333333333,0.4935064935064935,0.6507635787192569,0.7038690476190477,0.7028231797919762,0.7049180327868853,0.6950519550985343,0.9051808406647116,0.8768939393939394,0.9353535353535354,0.9588489254190845
RF,0.7212594576327694,0.7254228242351912,0.7204590794754729,0.7861858811579482,0.7788404689297934,"{'n_estimators': 50, 'max_depth': None}","['mfcc_6', 'mfcc_3', 'mfcc_11', 'mfcc_8', 'mfcc_10', 'wav_detail_lvl3_std', 'zcr_mean']",0.568659127625202,0.5659163987138264,0.5714285714285714,0.623029967417539,0.6783719074221868,0.7302405498281787,0.6333830104321908,0.7416530635022682,0.9167473378509197,0.8801115241635687,0.9565656565656566,0.9718383758695728
RF,0.7212128998284667,0.7277260221493173,0.7244848957963712,0.7795835449466735,0.7926704080355704,"{'n_estimators': 100, 'max_depth': None}","['mfcc_6', 'mfcc_3', 'mfcc_5', 'mfcc_8', 'mfcc_10', 'wav_detail_lvl3_std', 'zcr_mean']",0.6065318818040435,0.582089552238806,0.6331168831168831,0.6664860510818207,0.6526845637583892,0.746641074856046,0.5797317436661699,0.7448481871410444,0.9044222539229672,0.8544474393530997,0.9606060606060606,0.9666769858838462
RF,0.7212126381896563,0.7234964014293622,0.7249122765516208,0.7841543930929405,0.7782245923544618,"{'n_estimators': 50, 'max_depth': None}","['mfcc_6', 'mfcc_3', 'mfcc_5', 'mfcc_11', 'mfcc_8', 'mfcc_10', 'wav_detail_lvl3_std']",0.5771604938271605,0.55,0.6071428571428571,0.6323286918627057,0.6688417618270799,0.7387387387387387,0.6110283159463488,0.7315812975617358,0.9176356589147286,0.8817504655493482,0.9565656565656566,0.9707637876389443
RF,0.7211314588024657,0.7341536670706,0.7126944700715191,0.781615033011681,0.7808400018343163,"{'n_estimators': 100, 'max_depth': 5}","['mfcc_6', 'wav_detail_lvl3_std', 'zcr_mean', 'spec_centroid']",0.5814360770577933,0.6311787072243346,0.538961038961039,0.6435140519052438,0.6863354037267081,0.7163695299837926,0.6587183308494784,0.7520061766554982,0.8956228956228957,0.8549127640036731,0.9404040404040404,0.9469997769422072
RF,0.7211245475625273,0.7502905598477335,0.7064493490722997,0.787201625190452,0.7917243675028128,"{'n_estimators': 100, 'max_depth': 5}","['mfcc_6', 'mfcc_3', 'wav_detail_lvl5_std', 'zcr_mean']",0.5615384615384615,0.6886792452830188,0.474025974025974,0.6627866514755805,0.7049180327868853,0.7049180327868853,0.7049180327868853,0.7602991634541431,0.896917148362235,0.8572744014732965,0.9404040404040404,0.9520872875787145
RF,0.7211241362979232,0.747243914613373,0.707371529502677,0.7877094972067039,0.7928352135858284,"{'n_estimators': 100, 'max_depth': 5}","['mfcc_6', 'wav_detail_lvl5_std', 'zcr_mean', 'spec_centroid']",0.5578747628083491,0.6712328767123288,0.4772727272727273,0.6611405920521047,0.7097744360902256,0.716236722306525,0.7034277198211625,0.7691720083184884,0.8957232099951946,0.854262144821265,0.9414141414141414,0.9481930403868922
RF,0.7211095131062141,0.7436321561387548,0.7089063941522958,0.7922803453529711,0.7632885093505034,"{'n_estimators': 50, 'max_depth': 5}","['mfcc_6', 'mfcc_3', 'wav_detail_lvl5_std', 'mfcc_8', 'mfcc_10', 'wav_detail_lvl3_std', 'zcr_mean', 'spec_centroid']",0.5512104283054003,0.6462882096069869,0.4805194805194805,0.6419487958057403,0.7013782542113323,0.721259842519685,0.6825633383010432,0.6956413361164488,0.9107398568019093,0.8633484162895928,0.9636363636363636,0.9522753961293212
RF,0.7210707495357341,0.7363466178935791,0.7115400689171181,0.7821229050279329,0.7765364524537599,"{'n_estimators': 50, 'max_depth': 5}","['mfcc_6', 'wav_detail_lvl3_std', 'zcr_mean']",0.5805309734513274,0.6381322957198443,0.5324675324675324,0.6576516271122738,0.6884735202492211,0.7210440456769984,0.6587183308494784,0.7338629176746266,0.8942077549066539,0.8498635122838945,0.9434343434343434,0.9380948125743791
RF,0.7209478686466623,0.7373496639599498,0.711248314527003,0.7922803453529711,0.7716703318787298,"{'n_estimators': 100, 'max_depth': 5}","['mfcc_6', 'mfcc_3', 'mfcc_5', 'wav_detail_lvl5_std', 'mfcc_8', 'mfcc_10', 'wav_detail_lvl3_std', 'zcr_mean']",0.5487364620938628,0.6178861788617886,0.4935064935064935,0.6481137225664477,0.6989992301770592,0.7229299363057324,0.676602086438152,0.7086105621992805,0.9151079136690647,0.8712328767123287,0.9636363636363636,0.9582867108704612
RF,0.7209288774658013,0.7406429870234191,0.7098120155497204,0.7922803453529711,0.7751500652789689,"{'n_estimators': 50, 'max_depth': 5}","['mfcc_6', 'mfcc_5', 'wav_detail_lvl5_std', 'mfcc_8', 'zcr_mean']",0.5477941176470589,0.6313559322033898,0.4837662337662338,0.6452173642305892,0.7039877300613497,0.7251184834123223,0.684053651266766,0.7217869382375062,0.9110047846889953,0.8654545454545455,0.9616161616161616,0.9584458933688113
RF,0.7208941858903892,0.7242693161711288,0.7219111489603293,0.7882173692229558,0.7917225042704655,"{'n_estimators': 100, 'max_depth': None}","['mfcc_3', 'mfcc_5', 'mfcc_11', 'wav_detail_lvl5_std', 'mfcc_8', 'wav_detail_lvl3_std', 'zcr_mean', 'spec_centroid']",0.560126582278481,0.5462962962962963,0.5746753246753247,0.6370198710324894,0.6790322580645162,0.7398945518453427,0.6274217585692996,0.7558328627295305,0.9235237173281704,0.8866171003717472,0.9636363636363636,0.9823147790493768
RF,0.7207890143811498,0.7355140961639446,0.7114348007790632,0.7821229050279329,0.7698271183926865,"{'n_estimators': 50, 'max_depth': 10}","['mfcc_6', 'mfcc_3', 'wav_detail_lvl5_std', 'spec_centroid']",0.5769911504424778,0.6342412451361867,0.5292207792207793,0.6413018207081561,0.6914728682170542,0.7205169628432956,0.6646795827123696,0.7220686329301389,0.8939030244839175,0.8517840805123513,0.9404040404040404,0.9461109015397641
RF,0.7207622631396408,0.7448106250618021,0.7077255773977086,0.787201625190452,0.7698889645116379,"{'n_estimators': 50, 'max_depth': 5}","['mfcc_6', 'mfcc_3', 'mfcc_11', 'wav_detail_lvl5_std', 'mfcc_8', 'zcr_mean']",0.5612052730696798,0.6681614349775785,0.4837662337662338,0.6500707370899911,0.6991017964071856,0.7022556390977444,0.6959761549925484,0.6988872462777349,0.901979719942057,0.8640148011100832,0.9434343434343434,0.9607089101671878
RF,0.7206418245105185,0.7476207467899477,0.7065999574196296,0.7887252412392077,0.7818154147596638,"{'n_estimators': 100, 'max_depth': 5}","['mfcc_6', 'mfcc_3', 'wav_detail_lvl5_std', 'mfcc_10', 'wav_detail_lvl3_std', 'spec_centroid']",0.5649717514124294,0.672645739910314,0.487012987012987,0.6654125465438097,0.6939721792890263,0.7207062600321027,0.669150521609538,0.7298993567272114,0.9029815428300993,0.8495102404274265,0.9636363636363636,0.9501343410079701
RF,0.720369348265506,0.7217633646038903,0.7213024073679811,0.776536312849162,0.7443046981795116,"{'n_estimators': 100, 'max_depth': 5}","['mfcc_3', 'mfcc_5', 'mfcc_11', 'mfcc_10']",0.5964912280701754,0.5862068965517241,0.6071428571428571,0.6136004303831765,0.6619273301737757,0.704201680672269,0.624441132637854,0.6693965171850994,0.9026894865525672,0.8748815165876778,0.9323232323232323,0.9499171469702589
RF,0.720313629958245,0.7423483582108638,0.707974357154685,0.7866937531742001,0.7975961627945036,"{'n_estimators': 50, 'max_depth': 5}","['mfcc_5', 'wav_detail_lvl5_std', 'zcr_mean', 'spec_centroid']",0.5597014925373134,0.6578947368421053,0.487012987012987,0.6706130192692815,0.7002253944402704,0.706060606060606,0.6944858420268256,0.7637586559292944,0.9010140028971512,0.8630897317298798,0.9424242424242424,0.958416813184935
RF,0.7202058848981511,0.7354613018903718,0.7106529778660926,0.787201625190452,0.7912996059996941,"{'n_estimators': 50, 'max_depth': 5}","['mfcc_5', 'mfcc_11', 'wav_detail_lvl5_std', 'mfcc_8', 'wav_detail_lvl3_std', 'spec_centroid']",0.554954954954955,0.6234817813765182,0.5,0.6585653223700367,0.701062215477997,0.714064914992272,0.6885245901639344,0.744692963847007,0.9046004842615012,0.8688372093023256,0.9434343434343434,0.9706405317820387
RF,0.7201783258673311,0.7225204873796627,0.7250017741821021,0.7821229050279329,0.7761289446752784,"{'n_estimators': 100, 'max_depth': None}","['mfcc_6', 'mfcc_5', 'mfcc_11', 'mfcc_8', 'wav_detail_lvl3_std', 'spec_centroid']",0.5801526717557252,0.547550432276657,0.6168831168831169,0.6135031666410675,0.6655710764174199,0.7417582417582418,0.6035767511177347,0.7418265133009105,0.914811229428848,0.8782527881040892,0.9545454545454546,0.9730571540838568
RF,0.7201680809861094,0.723152120810388,0.7211174981666786,0.7836465210766886,0.7641398904856086,"{'n_estimators': 100, 'max_depth': None}","['mfcc_6', 'mfcc_5', 'mfcc_11', 'mfcc_8', 'mfcc_10', 'wav_detail_lvl3_std']",0.5705229793977813,0.5572755417956656,0.5844155844155844,0.5966038454416424,0.6763052208835342,0.7334494773519163,0.6274217585692996,0.7285193488933224,0.9136760426770126,0.878731343283582,0.9515151515151515,0.9672964771218614
RF,0.7201508987437341,0.737590953846579,0.7098143811258565,0.7877094972067039,0.7689728488983962,"{'n_estimators': 50, 'max_depth': 5}","['mfcc_6', 'wav_detail_lvl5_std', 'mfcc_8', 'mfcc_10', 'wav_detail_lvl3_std', 'zcr_mean']",0.5595667870036101,0.6300813008130082,0.5032467532467533,0.642721302572345,0.6960556844547564,0.7234726688102894,0.6706408345752608,0.7202441919698803,0.9048302247728359,0.8592188919164396,0.9555555555555556,0.9439530521529634
RF,0.720114481643568,0.7258182131244867,0.7199256420567895,0.7831386490604367,0.7782163288429814,"{'n_estimators': 50, 'max_depth': None}","['mfcc_6', 'mfcc_3', 'mfcc_11', 'mfcc_8', 'wav_detail_lvl3_std', 'zcr_mean', 'spec_centroid']",0.5801282051282052,0.5727848101265823,0.5876623376623377,0.617437827476865,0.6693811074918566,0.7378815080789947,0.6125186289120715,0.7495265681525132,0.9108341323106424,0.8667883211678832,0.9595959595959596,0.9676845908995659
RF,0.7201118428009643,0.7361088474909613,0.7101944503583848,0.7861858811579482,0.7951406491857962,"{'n_estimators': 100, 'max_depth': 5}","['mfcc_5', 'wav_detail_lvl5_std', 'wav_detail_lvl3_std', 'spec_centroid']",0.5553539019963702,0.6296296296296297,0.4967532467532468,0.677372258077777,0.7032306536438768,0.7090909090909091,0.6974664679582713,0.7521864026013362,0.9017509727626459,0.8696060037523452,0.9363636363636364,0.9558632868782753
RF,0.7200780649694472,0.7321259093513204,0.7124035042067828,0.7902488572879635,0.7677473984519616,"{'n_estimators': 100, 'max_depth': 5}","['mfcc_6', 'mfcc_3', 'mfcc_5', 'mfcc_11', 'wav_detail_lvl5_std', 'mfcc_8']",0.5492957746478874,0.6,0.5064935064935064,0.6329020779317668,0.6949152542372882,0.7192982456140351,0.6721311475409836,0.7015534100762367,0.916023166023166,0.8770794824399261,0.9585858585858585,0.9687867073478814
RF,0.720023934928601,0.7386652496395848,0.7089686876572122,0.7861858811579482,0.7997396949735921,"{'n_estimators': 100, 'max_depth': 5}","['mfcc_5', 'wav_detail_lvl5_std', 'wav_detail_lvl3_std', 'zcr_mean', 'spec_centroid']",0.5577981651376147,0.6413502109704642,0.4935064935064935,0.6777964485918837,0.7018867924528301,0.7110091743119266,0.6929955290611028,0.7653484105822868,0.9003868471953579,0.8636363636363636,0.9404040404040404,0.9560742257466057
RF,0.7198952405055085,0.7483503333118443,0.7055882793587712,0.7902488572879635,0.7517032904096874,"{'n_estimators': 100, 'max_depth': 5}","['mfcc_6', 'mfcc_3', 'wav_detail_lvl5_std', 'mfcc_8', 'mfcc_10', 'spec_centroid']",0.5561904761904762,0.6728110599078341,0.474025974025974,0.6322045637315057,0.6978527607361963,0.7187993680884676,0.6780923994038748,0.6750209205153533,0.905642484589853,0.8534405719392315,0.9646464646464646,0.9478843869822032
RF,0.7198061382156044,0.7356467869781097,0.7098750975800155,0.7846622651091925,0.7786078863538957,"{'n_estimators': 50, 'max_depth': 5}","['mfcc_5', 'mfcc_10', 'wav_detail_lvl3_std', 'zcr_mean', 'spec_centroid']",0.5615942028985508,0.6352459016393442,0.5032467532467533,0.6412530821315342,0.6951951951951952,0.7004538577912254,0.6900149031296572,0.7396021853842415,0.9026290165530672,0.8712406015037594,0.9363636363636364,0.9549683915459113
RF,0.7196143119260187,0.7568754431827504,0.7027215953445461,0.787201625190452,0.7614462126175999,"{'n_estimators': 50, 'max_depth': 5}","['mfcc_6', 'wav_detail_lvl5_std', 'spec_centroid']",0.5573122529644269,0.7121212121212122,0.4577922077922078,0.6447465998017978,0.7096774193548387,0.7145015105740181,0.7049180327868853,0.7060472491726043,0.8918532634587899,0.8440036068530208,0.9454545454545454,0.9335447888783976
RF,0.7196085771775061,0.7437023584700816,0.7067261214802198,0.7892331132554596,0.784384020683422,"{'n_estimators': 100, 'max_depth': 5}","['mfcc_3', 'mfcc_11', 'wav_detail_lvl5_std', 'mfcc_10', 'wav_detail_lvl3_std', 'spec_centroid']",0.5553470919324578,0.6577777777777778,0.4805194805194805,0.6666646045316402,0.6966463414634146,0.7129485179407177,0.6810730253353204,0.728617139131897,0.906832298136646,0.8603807796917498,0.9585858585858585,0.9578703183867288
RF,0.7195777587906225,0.7346788757288455,0.7100848453307469,0.7861858811579482,0.7863638943722874,"{'n_estimators': 50, 'max_depth': 5}","['mfcc_5', 'mfcc_11', 'wav_detail_lvl3_std', 'zcr_mean', 'spec_centroid']",0.5575539568345323,0.625,0.5032467532467533,0.6539703699868967,0.6960486322188449,0.710077519379845,0.6825633383010432,0.7436808607385468,0.9051306873184899,0.8689591078066915,0.9444444444444444,0.9614404523914184
RF,0.7195224878439879,0.7399859445110158,0.7077401651172144,0.7831386490604367,0.7772754213648209,"{'n_estimators': 50, 'max_depth': 5}","['mfcc_6', 'mfcc_11', 'wav_detail_lvl5_std', 'mfcc_10', 'wav_detail_lvl3_std']",0.5745454545454546,0.6528925619834711,0.512987012987013,0.6532729456485359,0.6890101325019485,0.7222222222222222,0.6587183308494784,0.7202148910989493,0.8950118764845606,0.8448430493273542,0.9515151515151515,0.9583384273469775
RF,0.7193996457197552,0.7229331728075937,0.7179223933322295,0.7882173692229558,0.7730810343438592,"{'n_estimators': 100, 'max_depth': None}","['mfcc_3', 'mfcc_11', 'mfcc_8', 'mfcc_10', 'wav_detail_lvl3_std', 'spec_centroid']",0.5481239804241436,0.5508196721311476,0.5454545454545454,0.5996386611852648,0.6875981161695447,0.7263681592039801,0.6527570789865872,0.7434028090198186,0.9224768405655778,0.8916116870876531,0.9555555555555556,0.9762016328264944
RF,0.719298380490712,0.7411540207527484,0.7070983054589611,0.7861858811579482,0.7783476019069283,"{'n_estimators': 100, 'max_depth': 5}","['mfcc_3', 'mfcc_11', 'mfcc_10', 'wav_detail_lvl3_std', 'zcr_mean', 'spec_centroid']",0.567219152854512,0.6553191489361702,0.5,0.6496169074400705,0.6867749419953596,0.7138263665594855,0.6616989567809239,0.7308099743477766,0.9039010466222646,0.85431654676259,0.9595959595959596,0.9546159239329379
RF,0.7192717712710376,0.7223689475790316,0.7213280344427885,0.7836465210766886,0.7877690847170838,"{'n_estimators': 100, 'max_depth': None}","['mfcc_6', 'mfcc_3', 'mfcc_5', 'mfcc_11', 'mfcc_8', 'mfcc_10', 'wav_detail_lvl3_std', 'zcr_mean']",0.5705329153605015,0.5515151515151515,0.5909090909090909,0.6322423206584553,0.6704545454545454,0.7361853832442068,0.6154992548435171,0.7547816793844566,0.9168278529980658,0.8794063079777366,0.9575757575757575,0.9762832541083395
RF,0.7192716807063576,0.7302166890510217,0.7117908199875412,0.7861858811579482,0.7731684440443529,"{'n_estimators': 100, 'max_depth': 10}","['mfcc_6', 'mfcc_3', 'mfcc_11', 'wav_detail_lvl5_std']",0.5512367491166078,0.6046511627906976,0.5064935064935064,0.6370082875383003,0.6972201352366642,0.703030303030303,0.6915052160953801,0.7200690708315592,0.9093581577658011,0.8829686013320647,0.9373737373737374,0.9624279737631994
RF,0.7192236285860979,0.7264232929214991,0.7162187842515712,0.7836465210766886,0.7521045453155154,"{'n_estimators': 50, 'max_depth': 5}","['mfcc_6', 'mfcc_8', 'mfcc_10', 'wav_detail_lvl3_std', 'zcr_mean']",0.570957095709571,0.5805369127516778,0.5616883116883117,0.6167735643733265,0.6778846153846154,0.733102253032929,0.6304023845007451,0.7003992768861157,0.9088291746641075,0.8656307129798904,0.9565656565656566,0.9391407946871039
RF,0.7191983467626887,0.7430049647460244,0.7064063744391613,0.7800914169629254,0.7342483145383866,"{'n_estimators': 50, 'max_depth': 5}","['mfcc_6', 'mfcc_10', 'wav_detail_lvl3_std']",0.5927272727272728,0.6735537190082644,0.5292207792207793,0.6055389757090942,0.6741035856573705,0.7243150684931506,0.6304023845007451,0.6789309964575926,0.8907641819034224,0.8311461067366579,0.9595959595959596,0.9182749714484731
RF,0.7190834866830706,0.7389371855311909,0.707633319928402,0.7861858811579482,0.7896095574896816,"{'n_estimators': 50, 'max_depth': 5}","['mfcc_5', 'mfcc_11', 'wav_detail_lvl5_std', 'wav_detail_lvl3_std', 'zcr_mean']",0.5604395604395604,0.6428571428571429,0.4967532467532468,0.6609675833565928,0.6948501152959262,0.7174603174603175,0.6736214605067065,0.7468128290438749,0.9019607843137255,0.8564940962761126,0.9525252525252526,0.9610482600685774
RF,0.7190366815045373,0.7357784123036394,0.7087546030168981,0.7846622651091925,0.7595974279856291,"{'n_estimators': 100, 'max_depth': 5}","['mfcc_5', 'mfcc_11', 'mfcc_10', 'wav_detail_lvl3_std']",0.5615942028985508,0.6352459016393442,0.5032467532467533,0.6257019346322301,0.6935361216730038,0.7080745341614907,0.6795827123695977,0.7084223543816093,0.901979719942057,0.8640148011100832,0.9434343434343434,0.9446679949430481
RF,0.7190180859926131,0.7363149977052134,0.7084727051940166,0.7841543930929405,0.7895592007861311,"{'n_estimators': 100, 'max_depth': 5}","['mfcc_3', 'mfcc_5', 'mfcc_10', 'wav_detail_lvl3_std', 'zcr_mean', 'spec_centroid']",0.5620437956204379,0.6416666666666667,0.5,0.6642930487573366,0.6921921921921922,0.697428139183056,0.6870342771982116,0.743553075084254,0.902818270165209,0.8698501872659176,0.9383838383838384,0.9608314785168027
RF,0.719011402918808,0.7254668894656628,0.7161458456540424,0.7861858811579482,0.7863227466149348,"{'n_estimators': 100, 'max_depth': None}","['mfcc_3', 'mfcc_5', 'mfcc_11', 'mfcc_8', 'wav_detail_lvl3_std', 'zcr_mean', 'spec_centroid']",0.5619834710743802,0.5723905723905723,0.551948051948052,0.6381896212532906,0.678343949044586,0.7282051282051282,0.6348733233979136,0.7417745809113555,0.9167067886374579,0.8758049678012879,0.9616161616161616,0.9790040376801581
RF,0.7189835290584163,0.7487072448484349,0.7038724481347433,0.7851701371254444,0.7822840334898178,"{'n_estimators': 100, 'max_depth': 5}","['mfcc_3', 'wav_detail_lvl5_std', 'mfcc_10', 'zcr_mean', 'spec_centroid']",0.5659655831739961,0.6883720930232559,0.4805194805194805,0.6739016323018374,0.6951219512195121,0.7113884555382215,0.6795827123695977,0.7210985719730346,0.8958630527817404,0.8463611859838275,0.9515151515151515,0.9518518961945811
RF,0.7189649419611112,0.7344730756064654,0.7091851378736624,0.7831386490604367,0.7759458596414003,"{'n_estimators': 100, 'max_depth': 5}","['mfcc_5', 'mfcc_10', 'wav_detail_lvl3_std', 'spec_centroid']",0.5615942028985508,0.6352459016393442,0.5032467532467533,0.6420251971964472,0.6940298507462687,0.695067264573991,0.6929955290611028,0.7411263209381166,0.9012707722385142,0.8731060606060606,0.9313131313131313,0.9446860607896368
RF,0.7189157658629731,0.7475823358355312,0.7042970690511674,0.7866937531742001,0.7821477863908431,"{'n_estimators': 50, 'max_depth': 5}","['mfcc_6', 'mfcc_11', 'wav_detail_lvl5_std', 'mfcc_10', 'wav_detail_lvl3_std', 'spec_centroid']",0.56,0.6774193548387096,0.4772727272727273,0.6533617416276795,0.6993114001530222,0.7185534591194969,0.6810730253353204,0.7315568332721492,0.8974358974358975,0.8467741935483871,0.9545454545454546,0.9615247842727008
RF,0.7188655226028597,0.7345001967970908,0.70930105110433,0.7866937531742001,0.7809900033395115,"{'n_estimators': 100, 'max_depth': 5}","['mfcc_5', 'mfcc_11', 'wav_detail_lvl5_std', 'mfcc_8', 'mfcc_10', 'wav_detail_lvl3_std', 'zcr_mean', 'spec_centroid']",0.5565529622980251,0.6224899598393574,0.5032467532467533,0.6549604850539381,0.6933128362797848,0.7158730158730159,0.6721311475409836,0.7253662221355273,0.9067307692307692,0.865137614678899,0.9525252525252526,0.9626433028290691
RF,0.7188302230886242,0.724567142667501,0.7177437923339562,0.7831386490604367,0.7619117661764013,"{'n_estimators': 50, 'max_depth': None}","['mfcc_6', 'mfcc_3', 'mfcc_11', 'mfcc_8', 'mfcc_10', 'zcr_mean', 'spec_centroid']",0.5728155339805825,0.5709677419354838,0.5746753246753247,0.5867422249740414,0.6720516962843296,0.7336860670194003,0.6199701937406855,0.7290761247024917,0.9116234390009607,0.8690476190476191,0.9585858585858585,0.9699169488526704
RF,0.7187935385613318,0.7355293732828523,0.7085606257737406,0.7851701371254444,0.7642092624230221,"{'n_estimators': 50, 'max_depth': 5}","['mfcc_5', 'wav_detail_lvl5_std', 'mfcc_10', 'wav_detail_lvl3_std']",0.5563636363636364,0.6322314049586777,0.4967532467532468,0.6529435614148503,0.6978851963746223,0.7075038284839203,0.6885245901639344,0.7012826685411353,0.9021317829457365,0.866852886405959,0.9404040404040404,0.9384015573130808
RF,0.7187486155460917,0.7467414518538501,0.7049964910620649,0.7866937531742001,0.7842080793525902,"{'n_estimators': 100, 'max_depth': 5}","['mfcc_5', 'mfcc_11', 'wav_detail_lvl5_std', 'mfcc_10', 'spec_centroid']",0.5510597302504817,0.6777251184834123,0.4642857142857143,0.6451262946309559,0.7048458149779736,0.6946454413892909,0.7153502235469449,0.7415244899648776,0.9003403014098201,0.8678537956888472,0.9353535353535354,0.9659734534619367
RF,0.7187479023661535,0.7367717569703799,0.7082885845180927,0.7897409852717115,0.7921563674124362,"{'n_estimators': 100, 'max_depth': 10}","['mfcc_3', 'mfcc_11', 'wav_detail_lvl5_std', 'wav_detail_lvl3_std', 'zcr_mean', 'spec_centroid']",0.5457875457875457,0.6260504201680672,0.4837662337662338,0.662806487248342,0.6990881458966566,0.7131782945736435,0.6855439642324889,0.7452703048138666,0.9113680154142582,0.8710865561694291,0.9555555555555556,0.9683923101750997
RF,0.718653594962249,0.736326466962136,0.7084983322688241,0.7912646013204673,0.7747796906293635,"{'n_estimators': 50, 'max_depth': 5}","['mfcc_6', 'mfcc_3', 'mfcc_5', 'wav_detail_lvl5_std', 'mfcc_8', 'mfcc_10', 'zcr_mean']",0.5428051001821493,0.6182572614107884,0.4837662337662338,0.6400792733276167,0.6989247311827957,0.7210776545166403,0.6780923994038748,0.7239861293461424,0.9142309535218016,0.8696444849589791,0.9636363636363636,0.9602736692143314
RF,0.7185931953988977,0.7415020723452975,0.706256160354521,0.7861858811579482,0.7861263424144999,"{'n_estimators': 50, 'max_depth': 5}","['mfcc_5', 'wav_detail_lvl5_std']",0.5499058380414312,0.6547085201793722,0.474025974025974,0.6714457382461427,0.7072808320950966,0.7051851851851851,0.7093889716840537,0.7459858854824396,0.898592916060165,0.8646125116713352,0.9353535353535354,0.9409474035149176
RF,0.7185645390128697,0.7289446509443657,0.7127488783226488,0.7739969527679025,0.7748848765729349,"{'n_estimators': 50, 'max_depth': 10}","['mfcc_6', 'mfcc_3', 'mfcc_11', 'wav_detail_lvl3_std', 'spec_centroid']",0.6023688663282571,0.6289752650176679,0.577922077922078,0.6363374976327009,0.6661354581673307,0.7157534246575342,0.6229508196721312,0.7272364312873403,0.887189292543021,0.8421052631578947,0.9373737373737374,0.961080700798764
RF,0.7185029374276118,0.7229390955098921,0.7214664206467485,0.7846622651091925,0.7740102418141301,"{'n_estimators': 50, 'max_depth': None}","['mfcc_6', 'mfcc_3', 'mfcc_11', 'wav_detail_lvl5_std', 'mfcc_8', 'mfcc_10', 'wav_detail_lvl3_std']",0.5674418604651162,0.543026706231454,0.5941558441558441,0.6042150374387569,0.6683168316831684,0.7486136783733827,0.6035767511177347,0.7411672956902717,0.9197501201345507,0.8771769019248395,0.9666666666666667,0.9766483923133615
RF,0.7184585229280956,0.7428793270606406,0.7052634069027511,0.7836465210766886,0.7631870163646449,"{'n_estimators': 100, 'max_depth': 5}","['mfcc_5', 'mfcc_11', 'wav_detail_lvl5_std']",0.5584905660377358,0.6666666666666666,0.4805194805194805,0.6380349161993533,0.7045624532535527,0.7072072072072072,0.7019374068554396,0.7177962365440279,0.8923225494929986,0.8547641073080481,0.9333333333333333,0.9337298963505535
RF,0.7183149409225198,0.7192583786871268,0.7225853381591086,0.7877094972067039,0.7744875614892285,"{'n_estimators': 50, 'max_depth': None}","['mfcc_3', 'mfcc_5', 'mfcc_11', 'wav_detail_lvl5_std', 'mfcc_8', 'mfcc_10', 'zcr_mean']",0.5465648854961832,0.515850144092219,0.5811688311688312,0.5994685152898318,0.6758286176232822,0.7385159010600707,0.6229508196721312,0.7422427110091945,0.9325513196480938,0.9034090909090909,0.9636363636363636,0.9817514581686588
RF,0.7183103412655022,0.7382406341900012,0.7068877691828512,0.7861858811579482,0.776163894793604,"{'n_estimators': 50, 'max_depth': 5}","['mfcc_6', 'mfcc_11', 'wav_detail_lvl5_std', 'mfcc_8', 'mfcc_10', 'wav_detail_lvl3_std', 'zcr_mean', 'spec_centroid']",0.5577981651376147,0.6413502109704642,0.4935064935064935,0.654809015619613,0.693783576362241,0.7151898734177216,0.6736214605067065,0.7175408610701351,0.9033492822966507,0.8581818181818182,0.9535353535353536,0.9561418076910639
RF,0.7182405525406788,0.7317670754498219,0.7095001537624488,0.7846622651091925,0.7728990888676107,"{'n_estimators': 50, 'max_depth': 5}","['mfcc_5', 'wav_detail_lvl5_std', 'mfcc_8', 'mfcc_10', 'wav_detail_lvl3_std', 'zcr_mean']",0.5561497326203209,0.616600790513834,0.5064935064935064,0.6449537735084417,0.6940639269406392,0.7091757387247278,0.6795827123695977,0.720277254348652,0.9045079980610761,0.869524697110904,0.9424242424242424,0.9534662387457383
RF,0.7182395694116979,0.7249629859015186,0.7196784393505705,0.7805992889791773,0.766041188020786,"{'n_estimators': 50, 'max_depth': None}","['mfcc_6', 'mfcc_3', 'mfcc_8', 'wav_detail_lvl3_std', 'zcr_mean', 'spec_centroid']",0.5768025078369906,0.5575757575757576,0.5974025974025974,0.6126584552159486,0.6738589211618258,0.7602996254681648,0.6050670640834576,0.7337860390485531,0.9040572792362769,0.8570135746606334,0.9565656565656566,0.9516790697978563
RF,0.7180824113259696,0.7320341974752615,0.7090964287685599,0.7836465210766886,0.7693732374999387,"{'n_estimators': 100, 'max_depth': 5}","['mfcc_5', 'wav_detail_lvl5_std', 'mfcc_8', 'mfcc_10', 'wav_detail_lvl3_std', 'spec_centroid']",0.5539568345323741,0.6209677419354839,0.5,0.645967178362593,0.6985789080029918,0.7012012012012012,0.6959761549925484,0.7113104856416905,0.9017114914425428,0.8739336492890996,0.9313131313131313,0.9508420484955324
RF,0.7180033625940059,0.7297236123849435,0.7104720112916834,0.7866937531742001,0.7815972023645896,"{'n_estimators': 100, 'max_depth': 5}","['mfcc_5', 'mfcc_11', 'wav_detail_lvl5_std', 'mfcc_8', 'wav_detail_lvl3_std', 'zcr_mean']",0.5508771929824562,0.5992366412213741,0.5097402597402597,0.6547975140128535,0.6929012345679012,0.7184,0.669150521609538,0.7259538838401651,0.9102316602316602,0.8715341959334566,0.9525252525252526,0.9640402092407502
RF,0.7179971918030524,0.7196647195964476,0.7215760256743864,0.7846622651091925,0.7765419989821022,"{'n_estimators': 50, 'max_depth': None}","['mfcc_3', 'mfcc_5', 'mfcc_11', 'wav_detail_lvl5_std', 'mfcc_8', 'zcr_mean', 'spec_centroid']",0.5577812018489985,0.530791788856305,0.5876623376623377,0.6140280085491615,0.6726094003241491,0.7371225577264654,0.6184798807749627,0.7363395487192231,0.9236009732360098,0.8910798122065727,0.9585858585858585,0.9792584396779218
RF,0.7179222475169266,0.7336269224398024,0.7081028867914113,0.7826307770441848,0.7948878781487302,"{'n_estimators': 100, 'max_depth': 5}","['mfcc_5', 'wav_detail_lvl3_std', 'zcr_mean', 'spec_centroid']",0.558983666061706,0.6337448559670782,0.5,0.6695454801983707,0.6935123042505593,0.6940298507462687,0.6929955290611028,0.7600042383977978,0.9012707722385142,0.8731060606060606,0.9313131313131313,0.9551139158500217
RF,0.7179043279905203,0.7204640401111079,0.720231589903721,0.7780599288979178,0.781016817958362,"{'n_estimators': 50, 'max_depth': 10}","['mfcc_6', 'mfcc_3', 'mfcc_5', 'mfcc_11']",0.5871271585557299,0.5683890577507599,0.6071428571428571,0.6534451685483954,0.6580226904376013,0.7211367673179396,0.6050670640834576,0.7223278531330375,0.9085631349782293,0.871866295264624,0.9484848484848485,0.9672774321936529
RF,0.717868409462902,0.7197317846768865,0.7192175462667266,0.7841543930929405,0.76585317376882,"{'n_estimators': 100, 'max_depth': None}","['mfcc_3', 'mfcc_11', 'wav_detail_lvl5_std', 'mfcc_8', 'mfcc_10']",0.560126582278481,0.5462962962962963,0.5746753246753247,0.5911072753919173,0.671451355661882,0.7221269296740995,0.6274217585692996,0.733518994930953,0.9220272904483431,0.8907721280602636,0.9555555555555556,0.9729332509835896
RF,0.7178048381007738,0.7311602586947435,0.7095656013688801,0.7882173692229558,0.7819348850346706,"{'n_estimators': 50, 'max_depth': 5}","['mfcc_6', 'mfcc_5', 'mfcc_11', 'wav_detail_lvl5_std', 'mfcc_8', 'wav_detail_lvl3_std']",0.5451327433628319,0.5992217898832685,0.5,0.6508857685785511,0.6981424148606811,0.7262479871175523,0.6721311475409836,0.7273350836252901,0.9101393560788082,0.8680109990834097,0.9565656565656566,0.9675838029001708
RF,0.717747357745822,0.7326823953278904,0.7084510207461028,0.7851701371254444,0.7736482960044581,"{'n_estimators': 100, 'max_depth': 5}","['mfcc_6', 'mfcc_5', 'wav_detail_lvl3_std']",0.5555555555555556,0.62,0.5032467532467533,0.6708865336853554,0.6921898928024502,0.7118110236220473,0.6736214605067065,0.7206678607667497,0.90549662487946,0.8662361623616236,0.9484848484848485,0.929390493561269
RF,0.7177192682148688,0.7349144793513241,0.7072808490841278,0.7836465210766886,0.7769796752825934,"{'n_estimators': 50, 'max_depth': 5}","['mfcc_3', 'mfcc_5', 'wav_detail_lvl5_std', 'mfcc_8', 'wav_detail_lvl3_std', 'zcr_mean', 'spec_centroid']",0.5626134301270418,0.6378600823045267,0.5032467532467533,0.6623801105951928,0.686976389946687,0.7024922118380063,0.6721311475409836,0.7064121099047678,0.9035679845708775,0.8643911439114391,0.9464646464646465,0.9621468053478197
RF,0.7177126233585408,0.734576237899832,0.7071440399309251,0.7795835449466735,0.7794574093516115,"{'n_estimators': 50, 'max_depth': 5}","['mfcc_6', 'mfcc_3', 'wav_detail_lvl3_std', 'zcr_mean']",0.572463768115942,0.6475409836065574,0.512987012987013,0.6498609671866298,0.6853252647503782,0.695852534562212,0.6751117734724292,0.7469088739907748,0.8953488372093024,0.8603351955307262,0.9333333333333333,0.9416023868774299
RF,0.7176993837805624,0.7470469434654529,0.7026857174398158,0.7831386490604367,0.7845176515143777,"{'n_estimators': 50, 'max_depth': 5}","['mfcc_6', 'mfcc_3', 'wav_detail_lvl5_std', 'wav_detail_lvl3_std', 'spec_centroid']",0.5659655831739961,0.6883720930232559,0.4805194805194805,0.6674567712906248,0.6934749620637329,0.7063369397217929,0.6810730253353204,0.7372248125827703,0.8936576061039581,0.8464317976513098,0.9464646464646465,0.9488713706697383
RF,0.7175680149174868,0.7325916706895456,0.708466002728298,0.7887252412392077,0.781377667186622,"{'n_estimators': 100, 'max_depth': 5}","['mfcc_6', 'mfcc_5', 'mfcc_11', 'wav_detail_lvl5_std', 'mfcc_8', 'mfcc_10', 'wav_detail_lvl3_std', 'spec_centroid']",0.5421903052064632,0.606425702811245,0.4902597402597403,0.6433387821324648,0.7004608294930875,0.722662440570523,0.6795827123695977,0.7308964599603474,0.91005291005291,0.8686868686868687,0.9555555555555556,0.9698977594670541
RF,0.7175310678985339,0.7415140734951416,0.7047492883558458,0.7841543930929405,0.7896700994809769,"{'n_estimators': 50, 'max_depth': 5}","['mfcc_6', 'mfcc_11', 'wav_detail_lvl5_std', 'zcr_mean']",0.5519848771266541,0.6606334841628959,0.474025974025974,0.6481889831475404,0.7057949479940565,0.7037037037037037,0.7078986587183308,0.759577560966766,0.894813378574891,0.8602050326188257,0.9323232323232323,0.9612437543286242
RF,0.7175251297196956,0.7330592025814181,0.7079708087904809,0.7851701371254444,0.7811529797577753,"{'n_estimators': 50, 'max_depth': 5}","['mfcc_3', 'mfcc_5', 'mfcc_11', 'wav_detail_lvl5_std', 'mfcc_8', 'wav_detail_lvl3_std']",0.5575539568345323,0.625,0.5032467532467533,0.6671006392274241,0.6870696250956388,0.7059748427672956,0.669150521609538,0.7057185810134954,0.9079518072289157,0.8682027649769585,0.9515151515151515,0.9706397190324065
RF,0.7174714369483942,0.7314105061280752,0.7092793666564159,0.7877094972067039,0.7646797472275101,"{'n_estimators': 50, 'max_depth': 5}","['mfcc_6', 'mfcc_5', 'wav_detail_lvl5_std', 'mfcc_8']",0.5492957746478874,0.6,0.5064935064935064,0.6433568730983606,0.6933333333333334,0.7317880794701986,0.6587183308494784,0.7046503436526532,0.9097852028639618,0.8624434389140272,0.9626262626262626,0.9460320249315161
RF,0.7174420630111462,0.7366101136922388,0.705934836262705,0.7800914169629254,0.7868661273306778,"{'n_estimators': 100, 'max_depth': 5}","['mfcc_6', 'mfcc_3', 'mfcc_11', 'wav_detail_lvl3_std', 'zcr_mean']",0.5740402193784278,0.6569037656903766,0.5097402597402597,0.6523007169919061,0.6813688212927757,0.6956521739130435,0.6676602086438153,0.7527184971874008,0.896917148362235,0.8572744014732965,0.9404040404040404,0.9555791678127266
RF,0.7173973516957028,0.7282722501722406,0.7102058839763759,0.7882173692229558,0.7809241235162204,"{'n_estimators': 50, 'max_depth': 10}","['mfcc_3', 'mfcc_11', 'wav_detail_lvl5_std', 'mfcc_10', 'wav_detail_lvl3_std', 'zcr_mean', 'spec_centroid']",0.5422535211267606,0.5923076923076923,0.5,0.6404225196407194,0.693069306930693,0.7087227414330218,0.6780923994038748,0.727668327612542,0.9168692270296548,0.8837863167760075,0.9525252525252526,0.9746815232954
RF,0.7173807345610698,0.7222161585547323,0.7158473887982084,0.7851701371254444,0.7661799692757745,"{'n_estimators': 50, 'max_depth': None}","['mfcc_6', 'mfcc_11', 'wav_detail_lvl5_std', 'mfcc_8', 'zcr_mean', 'spec_centroid']",0.5487012987012987,0.5487012987012987,0.5487012987012987,0.5719164806222937,0.6900398406374502,0.7414383561643836,0.6453055141579732,0.7528034564932289,0.9134010643444606,0.8765088207985144,0.9535353535353536,0.9738199707118007
RF,0.7173129851710618,0.7340216951732851,0.7073671926130943,0.7877094972067039,0.7704706889463061,"{'n_estimators': 50, 'max_depth': 5}","['mfcc_3', 'mfcc_5', 'mfcc_11', 'wav_detail_lvl5_std', 'mfcc_8', 'mfcc_10', 'wav_detail_lvl3_std', 'zcr_mean']",0.546448087431694,0.6224066390041494,0.487012987012987,0.6459848358865414,0.693939393939394,0.7057010785824345,0.6825633383010432,0.7018335668877046,0.9115514741420976,0.8739573679332715,0.9525252525252526,0.9635936640646718
RF,0.7172439641000857,0.7251989392713916,0.7137357178340785,0.7795835449466735,0.7662172629709243,"{'n_estimators': 50, 'max_depth': 10}","['mfcc_6', 'mfcc_3', 'mfcc_5']",0.5813953488372093,0.5952380952380952,0.5681818181818182,0.6427371743234317,0.6655974338412189,0.7204861111111112,0.6184798807749627,0.7088172546302118,0.9047391096218286,0.8598726114649682,0.9545454545454546,0.9470973599591297
RF,0.7171240109603034,0.7196926381659142,0.7198933125162633,0.7805992889791773,0.7579017366651614,"{'n_estimators': 100, 'max_depth': None}","['mfcc_6', 'mfcc_5', 'mfcc_11', 'mfcc_8', 'wav_detail_lvl3_std']",0.5692068429237948,0.5462686567164179,0.5941558441558441,0.5822929825611194,0.669374492282697,0.7357142857142858,0.6140089418777943,0.7275804566385687,0.9127906976744186,0.8770949720670391,0.9515151515151515,0.9638317707957959
RF,0.717120223409514,0.7436773014849382,0.7031824884283902,0.7836465210766886,0.7844059194379195,"{'n_estimators': 50, 'max_depth': 5}","['mfcc_3', 'wav_detail_lvl5_std', 'mfcc_10', 'wav_detail_lvl3_std', 'zcr_mean', 'spec_centroid']",0.5616698292220114,0.6757990867579908,0.4805194805194805,0.6692365836852937,0.6913207547169812,0.7003058103975535,0.6825633383010432,0.7321140588448072,0.8983700862895494,0.8549270072992701,0.9464646464646465,0.9518671157836571
RF,0.7170882138138679,0.7365769660215996,0.7057392819687901,0.7836465210766886,0.7848469586011326,"{'n_estimators': 100, 'max_depth': 5}","['mfcc_5', 'mfcc_11', 'wav_detail_lvl5_std', 'zcr_mean']",0.5561694290976059,0.6425531914893617,0.4902597402597403,0.654693356712805,0.6959152798789713,0.706605222734255,0.6855439642324889,0.7352111165609791,0.8991799324650265,0.8605724838411819,0.9414141414141414,0.9646364025296135
RF,0.7170735034922543,0.7333757281925268,0.7069658331953415,0.7821229050279329,0.7754360244301829,"{'n_estimators': 50, 'max_depth': 5}","['mfcc_5', 'mfcc_11', 'mfcc_10', 'wav_detail_lvl3_std', 'spec_centroid']",0.558983666061706,0.6337448559670782,0.5,0.6311598553920091,0.6927710843373494,0.700152207001522,0.6855439642324889,0.7338972077706102,0.8994657600777076,0.8662301216089804,0.9353535353535354,0.9612510101279294
RF,0.7170363139141354,0.7235521311409125,0.7239175517864043,0.7770441848654139,0.7805726414167614,"{'n_estimators': 50, 'max_depth': None}","['mfcc_6', 'mfcc_3', 'mfcc_5', 'mfcc_8', 'wav_detail_lvl3_std', 'zcr_mean']",0.5945945945945946,0.553072625698324,0.6428571428571429,0.6247933897021587,0.6513213981244672,0.7609561752988048,0.5692995529061102,0.7568449168446252,0.9051929490233445,0.8566275924256087,0.9595959595959596,0.9600796177035004
RF,0.7169621712343699,0.731565831342046,0.7079361136738186,0.787201625190452,0.7795646952780982,"{'n_estimators': 100, 'max_depth': 5}","['mfcc_6', 'mfcc_5', 'mfcc_11', 'wav_detail_lvl5_std', 'mfcc_8', 'mfcc_10', 'zcr_mean']",0.5431654676258992,0.6088709677419355,0.4902597402597403,0.6309116204044638,0.6986301369863014,0.713841368584759,0.684053651266766,0.7376051622418618,0.9090909090909091,0.8719851576994434,0.9494949494949495,0.9701773031879692
RF,0.7169154531716758,0.7318499578696575,0.7076175494208282,0.7841543930929405,0.789538283842638,"{'n_estimators': 100, 'max_depth': 5}","['mfcc_5', 'wav_detail_lvl3_std', 'zcr_mean']",0.5555555555555556,0.62,0.5032467532467533,0.6599689599727855,0.6906584992343032,0.710236220472441,0.6721311475409836,0.7609869833708056,0.9045323047251688,0.8653136531365314,0.9474747474747475,0.9476589081843231
RF,0.716913160064793,0.7367285161588771,0.7053860225991374,0.7826307770441848,0.7902630543564925,"{'n_estimators': 50, 'max_depth': 5}","['mfcc_6', 'mfcc_11', 'wav_detail_lvl5_std', 'wav_detail_lvl3_std', 'zcr_mean']",0.5571955719557196,0.6452991452991453,0.4902597402597403,0.6660704138778016,0.6973584905660377,0.7064220183486238,0.6885245901639344,0.7494321843209234,0.8961854176726219,0.8584643848288621,0.9373737373737374,0.9552865648707525
RF,0.7168810399378062,0.7196238920652115,0.7173597804745345,0.776536312849162,0.7810391626917657,"{'n_estimators': 100, 'max_depth': 5}","['mfcc_3', 'mfcc_5', 'mfcc_11', 'mfcc_10', 'zcr_mean', 'spec_centroid']",0.5856,0.5772870662460567,0.5941558441558441,0.6679370382621029,0.659217877094972,0.7096219931271478,0.6154992548435171,0.7110328014754292,0.9058252427184466,0.8719626168224299,0.9424242424242424,0.9641476483377651
RF,0.716874357395131,0.7218763404505367,0.7155595770349868,0.7877094972067039,0.7780259805478411,"{'n_estimators': 100, 'max_depth': None}","['mfcc_6', 'mfcc_11', 'mfcc_8', 'mfcc_10', 'wav_detail_lvl3_std', 'zcr_mean']",0.5413290113452188,0.540453074433657,0.5422077922077922,0.6185784235495017,0.688,0.7426597582037997,0.6408345752608048,0.7473445469812372,0.9212940608401738,0.8825161887141536,0.9636363636363636,0.9681549711127845
RF,0.7168644713136829,0.7353908534455117,0.7058618976651764,0.7826307770441848,0.7863069852092538,"{'n_estimators': 50, 'max_depth': 5}","['mfcc_6', 'mfcc_3', 'wav_detail_lvl3_std', 'zcr_mean', 'spec_centroid']",0.5620437956204379,0.6416666666666667,0.5,0.660598024573309,0.6885496183206107,0.7057902973395931,0.6721311475409836,0.7517396233440272,0.9,0.8587155963302753,0.9454545454545454,0.946583307710425
RF,0.7168055988407129,0.7217522189609812,0.7219497867038851,0.7785678009141697,0.7814474240782608,"{'n_estimators': 50, 'max_depth': None}","['mfcc_6', 'mfcc_3', 'mfcc_5', 'mfcc_8', 'wav_detail_lvl3_std', 'zcr_mean', 'spec_centroid']",0.5796661608497724,0.5441595441595442,0.6201298701298701,0.6294515960244538,0.6633165829145728,0.7571701720841301,0.5901639344262295,0.74847870928634,0.9074340527577938,0.8639269406392694,0.9555555555555556,0.966411966923989
RF,0.7167009826866456,0.730376815846051,0.7083240681601337,0.7861858811579482,0.7672892407022448,"{'n_estimators': 50, 'max_depth': 5}","['mfcc_6', 'mfcc_5', 'wav_detail_lvl5_std', 'mfcc_8', 'wav_detail_lvl3_std']",0.5486725663716814,0.603112840466926,0.5032467532467533,0.6448336564301067,0.6935608999224204,0.7233009708737864,0.6661698956780924,0.7071881039370098,0.9078694817658349,0.8647166361974405,0.9555555555555556,0.949845961739618
RF,0.7166576125324959,0.7333657263161708,0.7064517146484359,0.7826307770441848,0.7761066263698614,"{'n_estimators': 100, 'max_depth': 5}","['mfcc_5', 'wav_detail_lvl5_std', 'mfcc_8', 'mfcc_10', 'wav_detail_lvl3_std', 'zcr_mean', 'spec_centroid']",0.5537340619307832,0.6307053941908713,0.4935064935064935,0.6523052772815469,0.6977443609022557,0.7040971168437026,0.6915052160953801,0.7254143999083215,0.8984944147644488,0.8652946679139383,0.9343434343434344,0.9506002019197158
RF,0.7165721786582337,0.7438045700372262,0.7025796607763821,0.7846622651091925,0.774993089512939,"{'n_estimators': 100, 'max_depth': 5}","['mfcc_6', 'mfcc_11', 'wav_detail_lvl5_std', 'mfcc_10', 'spec_centroid']",0.5523809523809524,0.6682027649769585,0.4707792207792208,0.6309499184330596,0.7024981074943225,0.7138461538461538,0.6915052160953801,0.7313133433228562,0.8948374760994264,0.8493647912885662,0.9454545454545454,0.9627160067829013
RF,0.7165576251084436,0.7261918961365579,0.7112305727059827,0.7856780091416963,0.759290416157603,"{'n_estimators': 50, 'max_depth': 5}","['mfcc_6', 'mfcc_3', 'mfcc_8', 'mfcc_10', 'wav_detail_lvl3_std', 'zcr_mean', 'spec_centroid']",0.5544217687074829,0.5821428571428572,0.5292207792207793,0.6347275504855552,0.6814580031695721,0.727580372250423,0.6408345752608048,0.697299737325813,0.9137931034482759,0.8688524590163934,0.9636363636363636,0.9458439606614407
RF,0.7164957519246548,0.7358111202462706,0.7052641954281299,0.7821229050279329,0.7935461544183285,"{'n_estimators': 100, 'max_depth': 5}","['mfcc_5', 'mfcc_11', 'wav_detail_lvl5_std', 'spec_centroid']",0.5545286506469501,0.6437768240343348,0.487012987012987,0.663138746371982,0.6985074626865672,0.6995515695067265,0.6974664679582713,0.7481625246766382,0.8964511424404472,0.8641049671977507,0.9313131313131313,0.9693371922063652
RF,0.7164950752679181,0.7163857644491084,0.7210303661123333,0.7811071609954292,0.7494142756832781,"{'n_estimators': 50, 'max_depth': 10}","['mfcc_3', 'mfcc_5', 'mfcc_11', 'mfcc_8', 'mfcc_10']",0.5596330275229358,0.5289017341040463,0.5941558441558441,0.5725746326438388,0.6693418940609952,0.7252173913043478,0.6214605067064084,0.7008461090278097,0.9205103042198234,0.8950381679389313,0.9474747474747475,0.9748220853781855
RF,0.7163780547743159,0.7342405273386069,0.7060361617738667,0.7877094972067039,0.7812362122892758,"{'n_estimators': 50, 'max_depth': 5}","['mfcc_6', 'mfcc_5', 'wav_detail_lvl5_std', 'mfcc_8', 'zcr_mean', 'spec_centroid']",0.5421245421245421,0.6218487394957983,0.4805194805194805,0.6568490607532705,0.6975683890577508,0.7116279069767442,0.684053651266766,0.7301683718082672,0.9094412331406551,0.8692449355432781,0.9535353535353536,0.9566912043062894
RF,0.7163746657115242,0.7198278461832679,0.7181849722833329,0.7851701371254444,0.7863920281062627,"{'n_estimators': 100, 'max_depth': None}","['mfcc_6', 'mfcc_3', 'mfcc_5', 'mfcc_11', 'wav_detail_lvl5_std', 'mfcc_8', 'mfcc_10', 'zcr_mean']",0.5517241379310345,0.5333333333333333,0.5714285714285714,0.6204474036858723,0.6742485783915516,0.7410714285714286,0.6184798807749627,0.7545504094184433,0.9231512808119865,0.8850787766450418,0.9646464646464646,0.9841782712144729
RF,0.7163487846210753,0.7338466586210028,0.7056694974727762,0.7800914169629254,0.7938579423275335,"{'n_estimators': 100, 'max_depth': 5}","['mfcc_6', 'wav_detail_lvl5_std', 'wav_detail_lvl3_std', 'zcr_mean']",0.5652173913043478,0.639344262295082,0.5064935064935064,0.670516474041788,0.6901300688599847,0.7091194968553459,0.6721311475409836,0.7609007606822734,0.8936988936988937,0.8530762167125804,0.9383838383838384,0.950156592258539
RF,0.7163426780818085,0.7458344697176312,0.701751314866069,0.7821229050279329,0.7913471644478718,"{'n_estimators': 100, 'max_depth': 5}","['mfcc_6', 'mfcc_11', 'wav_detail_lvl5_std', 'zcr_mean', 'spec_centroid']",0.555984555984556,0.6857142857142857,0.4675324675324675,0.6570884640731083,0.7022222222222222,0.6980854197349042,0.706408345752608,0.7548780736441196,0.8908212560386474,0.8537037037037037,0.9313131313131313,0.9620749556263873
RF,0.7162668579859139,0.7199948257368215,0.7168239774797152,0.7780599288979178,0.772825444633166,"{'n_estimators': 50, 'max_depth': None}","['mfcc_3', 'mfcc_5', 'mfcc_11', 'mfcc_8', 'zcr_mean', 'spec_centroid']",0.5814696485623003,0.5723270440251572,0.5909090909090909,0.6191223544970322,0.6580645161290323,0.7170474516695958,0.6080476900149031,0.7238759557105079,0.9092664092664092,0.8706099815157117,0.9515151515151515,0.9754780236919579
RF,0.7162096441140559,0.7492748698406534,0.7008721090688305,0.7877094972067039,0.7719987125795379,"{'n_estimators': 100, 'max_depth': 5}","['mfcc_3', 'mfcc_11', 'wav_detail_lvl5_std', 'mfcc_10', 'spec_centroid']",0.546875,0.6862745098039216,0.45454545454545453,0.6466213903099818,0.6998491704374057,0.7083969465648855,0.6915052160953801,0.7137738554290831,0.9019047619047619,0.8531531531531531,0.9565656565656566,0.9556008919995487
RF,0.7161680366842441,0.7241647669839777,0.7124188804516672,0.7846622651091925,0.7858735459360683,"{'n_estimators': 50, 'max_depth': 5}","['mfcc_6', 'mfcc_3', 'mfcc_5', 'mfcc_11', 'mfcc_8', 'wav_detail_lvl3_std', 'zcr_mean', 'spec_centroid']",0.5575959933222037,0.5738831615120275,0.5422077922077922,0.6557327594843153,0.6757188498402555,0.7280550774526678,0.6304023845007451,0.7352174492078134,0.9151892668902731,0.8705560619872379,0.9646464646464646,0.9666704291160763
RF,0.7161272378215112,0.7195446069854622,0.72817953145822,0.7785678009141697,0.7553007135898532,"{'n_estimators': 100, 'max_depth': 10}","['mfcc_6', 'mfcc_11', 'mfcc_8', 'zcr_mean']",0.5657708628005658,0.5012531328320802,0.6493506493506493,0.5275315973899014,0.6655376799322608,0.7705882352941177,0.5856929955290611,0.7712376714579783,0.9170731707317074,0.8867924528301887,0.9494949494949495,0.9671328719216801
RF,0.7161089410442639,0.7256737105654073,0.710469251452858,0.7836465210766886,0.778461250439919,"{'n_estimators': 50, 'max_depth': 5}","['mfcc_6', 'mfcc_3', 'mfcc_5', 'mfcc_10', 'zcr_mean', 'spec_centroid']",0.5606837606837607,0.592057761732852,0.5324675324675324,0.6595982850413109,0.6750590086546027,0.715,0.639344262295082,0.7187979141021552,0.9125840537944284,0.86996336996337,0.9595959595959596,0.9569875521762907
RF,0.715962203696217,0.7232023661734276,0.722108674567691,0.7724733367191468,0.7878532126470269,"{'n_estimators': 100, 'max_depth': None}","['mfcc_6', 'mfcc_3', 'mfcc_5', 'mfcc_8', 'mfcc_10', 'spec_centroid']",0.6158536585365854,0.5804597701149425,0.6558441558441559,0.6600664896866995,0.6347305389221557,0.7449799196787149,0.5529061102831595,0.737399104978796,0.89730241362991,0.8441674087266251,0.9575757575757575,0.9660940432755853
RF,0.7158900236908564,0.7336322347193459,0.7053529045332324,0.781615033011681,0.7810373894730832,"{'n_estimators': 50, 'max_depth': 5}","['mfcc_3', 'mfcc_5', 'mfcc_11', 'spec_centroid']",0.5551470588235294,0.6398305084745762,0.4902597402597403,0.6718473443918521,0.6903703703703704,0.6863033873343152,0.6944858420268256,0.7109360267003086,0.9021526418786693,0.8747628083491461,0.9313131313131313,0.9603287973270889
RF,0.7158545555749699,0.7319372344864336,0.7064241162601818,0.7866937531742001,0.7780394294573156,"{'n_estimators': 100, 'max_depth': 5}","['mfcc_6', 'mfcc_5', 'wav_detail_lvl5_std', 'mfcc_8', 'wav_detail_lvl3_std', 'spec_centroid']",0.5457809694793537,0.6104417670682731,0.4935064935064935,0.651567925087968,0.6935608999224204,0.7233009708737864,0.6661698956780924,0.7296945498177277,0.9082217973231358,0.8620689655172413,0.9595959595959596,0.9528558134662515
RF,0.7158525038376234,0.73063444158181,0.7070088078284801,0.7882173692229558,0.7686512509689954,"{'n_estimators': 100, 'max_depth': 5}","['mfcc_6', 'mfcc_3', 'mfcc_5', 'wav_detail_lvl5_std', 'mfcc_8', 'mfcc_10', 'wav_detail_lvl3_std', 'spec_centroid']",0.5412186379928315,0.604,0.4902597402597403,0.6469822831966939,0.6918335901386748,0.7161084529505582,0.669150521609538,0.7010536219998372,0.914505283381364,0.8717948717948718,0.9616161616161616,0.9579178477104551
RF,0.7158284371327112,0.720667019683796,0.7142557503213242,0.7760284408329101,0.781411157566667,"{'n_estimators': 50, 'max_depth': None}","['mfcc_6', 'mfcc_3', 'mfcc_11', 'wav_detail_lvl3_std', 'zcr_mean', 'spec_centroid']",0.5798045602605864,0.5816993464052288,0.577922077922078,0.6467114302172816,0.6677290836653387,0.7174657534246576,0.624441132637854,0.7302847002684497,0.8999516674722088,0.8628359592215014,0.9404040404040404,0.9672373422142699
RF,0.7158010982069873,0.7213581557026162,0.7132350042186107,0.7866937531742001,0.7785856666118032,"{'n_estimators': 100, 'max_depth': None}","['mfcc_3', 'mfcc_11', 'wav_detail_lvl5_std', 'mfcc_8', 'mfcc_10', 'wav_detail_lvl3_std', 'zcr_mean']",0.5454545454545454,0.5555555555555556,0.5357142857142857,0.6125153126126167,0.6787974683544303,0.7234401349072512,0.639344262295082,0.742472727099334,0.9231512808119865,0.8850787766450418,0.9646464646464646,0.9807689601234589
RF,0.7157470432695138,0.729931106484505,0.7067387378862788,0.781615033011681,0.7742729403503673,"{'n_estimators': 100, 'max_depth': 10}","['mfcc_3', 'mfcc_11', 'wav_detail_lvl5_std', 'wav_detail_lvl3_std']",0.5487364620938628,0.6178861788617886,0.4935064935064935,0.6505290754171521,0.6999255398361877,0.6994047619047619,0.7004470938897168,0.7191726836513412,0.8985791278784909,0.8725023786869648,0.9262626262626262,0.9531170619826085
RF,0.7156665528115966,0.7194388891598784,0.7161482112301786,0.781615033011681,0.7800894931687302,"{'n_estimators': 100, 'max_depth': None}","['mfcc_6', 'mfcc_5', 'mfcc_11', 'mfcc_8', 'wav_detail_lvl3_std', 'zcr_mean', 'spec_centroid']",0.5605095541401274,0.55,0.5714285714285714,0.6160290907156816,0.6720386784850927,0.7315789473684211,0.6214605067064084,0.7489172774282532,0.9144514258095698,0.8767377201112141,0.9555555555555556,0.9753221113622561
RF,0.7155316330571129,0.7312918176600102,0.7054605382474235,0.7770441848654139,0.7632093734851407,"{'n_estimators': 100, 'max_depth': 5}","['mfcc_3', 'mfcc_10', 'wav_detail_lvl3_std', 'spec_centroid']",0.5703971119133574,0.6422764227642277,0.512987012987013,0.6417448593855372,0.6822289156626506,0.6894977168949772,0.6751117734724292,0.7097386478236649,0.8939688715953308,0.8621013133208255,0.9282828282828283,0.9381446132462201
RF,0.7155195855336673,0.7169625362487698,0.7195002326149867,0.7831386490604367,0.7829284616367002,"{'n_estimators': 100, 'max_depth': None}","['mfcc_3', 'mfcc_5', 'mfcc_11', 'wav_detail_lvl5_std', 'mfcc_8', 'mfcc_10', 'spec_centroid']",0.5521472392638037,0.5232558139534884,0.5844155844155844,0.6129752235855741,0.6699107866991079,0.7348754448398577,0.6154992548435171,0.7518451336981335,0.9245007306380906,0.8927563499529633,0.9585858585858585,0.9839650276263932
RF,0.7155178509205458,0.7318794570676038,0.7056340138307351,0.7836465210766886,0.7755310175661344,"{'n_estimators': 100, 'max_depth': 5}","['mfcc_3', 'mfcc_5', 'wav_detail_lvl5_std', 'mfcc_8', 'spec_centroid']",0.5474452554744526,0.625,0.487012987012987,0.6609823220803772,0.694091249065071,0.6966966966966966,0.6915052160953801,0.7011085136175632,0.9050170482221139,0.8739416745061148,0.9383838383838384,0.9645022170004628
RF,0.7154703640258907,0.720765866598986,0.7143188323516192,0.7841543930929405,0.7832461893458996,"{'n_estimators': 100, 'max_depth': None}","['mfcc_6', 'mfcc_11', 'wav_detail_lvl5_std', 'mfcc_8', 'wav_detail_lvl3_std', 'zcr_mean', 'spec_centroid']",0.5501618122977346,0.5483870967741935,0.551948051948052,0.6204164850293092,0.680064308681672,0.7382198952879581,0.6304023845007451,0.7536469770012478,0.9161849710982659,0.8756906077348067,0.9606060606060606,0.9756751060071421
RF,0.7154164889939456,0.7390374296952169,0.7025595533792255,0.7826307770441848,0.772327467931489,"{'n_estimators': 50, 'max_depth': 5}","['mfcc_6', 'mfcc_11', 'wav_detail_lvl5_std', 'mfcc_8', 'mfcc_10', 'wav_detail_lvl3_std', 'spec_centroid']",0.5586592178770949,0.6550218340611353,0.487012987012987,0.6398772309028256,0.6913010007698229,0.714968152866242,0.669150521609538,0.717265832601273,0.8962892483349191,0.8471223021582733,0.9515151515151515,0.9598393402903684
RF,0.715390807072536,0.7296953760918855,0.7069540053146609,0.7882173692229558,0.7677702710354858,"{'n_estimators': 100, 'max_depth': 5}","['mfcc_6', 'mfcc_3', 'mfcc_5', 'wav_detail_lvl5_std', 'mfcc_8', 'zcr_mean']",0.5409252669039146,0.5984251968503937,0.4935064935064935,0.6398908585234638,0.6899766899766899,0.7207792207792207,0.6616989567809239,0.7037245423429942,0.9152704643370033,0.8698817106460418,0.9656565656565657,0.9596954122399997
RF,0.7152550621768512,0.7343121225352833,0.7039469637830292,0.7795835449466735,0.7745051467831443,"{'n_estimators': 50, 'max_depth': 5}","['mfcc_3', 'mfcc_10', 'wav_detail_lvl3_std', 'zcr_mean', 'spec_centroid']",0.56672760511883,0.6485355648535565,0.5032467532467533,0.6507338922985879,0.6819221967963387,0.6984375,0.6661698956780924,0.7252225304486842,0.8971153846153846,0.8559633027522936,0.9424242424242424,0.9475590176021604
RF,0.7152538874278004,0.7430744195349006,0.7018707764609404,0.787201625190452,0.7931330146965111,"{'n_estimators': 100, 'max_depth': 5}","['mfcc_5', 'mfcc_11', 'wav_detail_lvl5_std', 'zcr_mean', 'spec_centroid']",0.5366795366795367,0.6619047619047619,0.4512987012987013,0.6591065235134321,0.7066666666666667,0.7025036818851251,0.7108792846497765,0.7532592261996552,0.9024154589371981,0.8648148148148148,0.9434343434343434,0.9670332943764458
RF,0.715209961384842,0.7262556388482689,0.7082377246311672,0.7821229050279329,0.7708483640671102,"{'n_estimators': 100, 'max_depth': 5}","['mfcc_5', 'wav_detail_lvl5_std', 'mfcc_8', 'zcr_mean']",0.5555555555555556,0.5970149253731343,0.5194805194805194,0.6473903558956091,0.6853582554517134,0.7177814029363785,0.6557377049180327,0.706177103244292,0.904716073147257,0.8639705882352942,0.9494949494949495,0.9589776330614294
RF,0.7152066009693323,0.7238805312779153,0.7089710532333483,0.781615033011681,0.7612955743171396,"{'n_estimators': 50, 'max_depth': 5}","['mfcc_3', 'mfcc_5', 'wav_detail_lvl5_std', 'mfcc_8', 'mfcc_10', 'wav_detail_lvl3_std']",0.5495652173913044,0.5917602996254682,0.512987012987013,0.6447394489543363,0.6883018867924529,0.6972477064220184,0.6795827123695977,0.6796528918720615,0.9077526987242395,0.8826335877862596,0.9343434343434344,0.9594943821250207
RF,0.7151956092055834,0.730225474612753,0.7062482751007342,0.7846622651091925,0.760566070482882,"{'n_estimators': 100, 'max_depth': 5}","['mfcc_6', 'wav_detail_lvl5_std', 'mfcc_8', 'mfcc_10', 'zcr_mean']",0.5480427046263345,0.6062992125984252,0.5,0.6144806505309083,0.6931464174454829,0.7259380097879282,0.6631892697466468,0.7246172504689992,0.904397705544933,0.8584392014519057,0.9555555555555556,0.9426003104487388
RF,0.7151620341985954,0.7314746096873171,0.7052807544610823,0.7826307770441848,0.7743075784538721,"{'n_estimators': 100, 'max_depth': 5}","['mfcc_5', 'wav_detail_lvl5_std', 'mfcc_8', 'mfcc_10', 'zcr_mean', 'spec_centroid']",0.5474452554744526,0.625,0.487012987012987,0.6463582415292182,0.6960418222554144,0.6976047904191617,0.6944858420268256,0.7225198454418529,0.9019990248659191,0.8718190386427899,0.9343434343434344,0.9540446483905454
RF,0.7151424795169783,0.7305661105218827,0.7058070951513574,0.7826307770441848,0.7808046855152279,"{'n_estimators': 100, 'max_depth': 5}","['mfcc_5', 'wav_detail_lvl5_std', 'wav_detail_lvl3_std']",0.5535714285714286,0.6150793650793651,0.5032467532467533,0.6674905117180834,0.6914728682170542,0.7205169628432956,0.6646795827123696,0.7364894624736414,0.9003831417624522,0.8561020036429873,0.9494949494949495,0.9384340823539586
RF,0.7150076545646256,0.71695502626905,0.7193259685062964,0.7780599288979178,0.7715368854769779,"{'n_estimators': 100, 'max_depth': None}","['mfcc_6', 'mfcc_5', 'mfcc_11', 'mfcc_8', 'wav_detail_lvl3_std', 'zcr_mean']",0.5705521472392638,0.5406976744186046,0.6038961038961039,0.6058065832086239,0.6617647058823529,0.7323688969258589,0.6035767511177347,0.7404485855723703,0.9127061105722599,0.8777985074626866,0.9505050505050505,0.9683554876499395
RF,0.7148845967613876,0.7200510700701394,0.7210796489485013,0.7750126968004063,0.7724029501953055,"{'n_estimators': 100, 'max_depth': None}","['mfcc_6', 'mfcc_3', 'mfcc_5', 'mfcc_8', 'mfcc_10', 'wav_detail_lvl3_std']",0.593939393939394,0.5568181818181818,0.6363636363636364,0.6313588864928827,0.6452702702702703,0.7446393762183235,0.5692995529061102,0.7279082093353755,0.9054441260744985,0.8586956521739131,0.9575757575757575,0.9579417547576582
RF,0.7148563720789073,0.7250221691487472,0.7078339996372783,0.7811071609954292,0.7676268366937201,"{'n_estimators': 50, 'max_depth': 5}","['mfcc_3', 'mfcc_5', 'mfcc_8', 'mfcc_10', 'wav_detail_lvl3_std', 'spec_centroid']",0.553415061295972,0.6007604562737643,0.512987012987013,0.6417985808265328,0.6843702579666161,0.6970633693972179,0.6721311475409836,0.7015147569538819,0.9067837969741337,0.8772426817752597,0.9383838383838384,0.9595671723007457
RF,0.7148401753975523,0.728324745291607,0.7067781641552133,0.7861858811579482,0.7626811514505271,"{'n_estimators': 50, 'max_depth': 5}","['mfcc_6', 'mfcc_3', 'mfcc_5', 'wav_detail_lvl5_std', 'mfcc_8']",0.5441696113074205,0.5968992248062015,0.5,0.6447858875766268,0.6884735202492211,0.7210440456769984,0.6587183308494784,0.6844902876574093,0.9118773946360154,0.8670309653916212,0.9616161616161616,0.958767279117545
RF,0.7148385299404776,0.71930518419489,0.7154207965683376,0.7790756729304216,0.7896243683982324,"{'n_estimators': 100, 'max_depth': None}","['mfcc_6', 'mfcc_3', 'mfcc_5', 'mfcc_11', 'mfcc_8', 'mfcc_10', 'spec_centroid']",0.5700636942675159,0.559375,0.5811688311688312,0.6354269761997638,0.663961038961039,0.7290552584670231,0.6095380029806259,0.7567450119919428,0.9104908565928778,0.8694852941176471,0.9555555555555556,0.9767011170029909
RF,0.7148360919151786,0.7232593380467288,0.7104534809452843,0.781615033011681,0.7710722533305456,"{'n_estimators': 100, 'max_depth': None}","['mfcc_6', 'mfcc_11', 'wav_detail_lvl5_std', 'wav_detail_lvl3_std', 'zcr_mean', 'spec_centroid']",0.5570469798657718,0.5763888888888888,0.538961038961039,0.6226925360168898,0.6809864757358791,0.7303754266211604,0.6378539493293591,0.7226275656333491,0.9064748201438849,0.863013698630137,0.9545454545454546,0.9678966583413978
RF,0.7147503454798794,0.7158719854256489,0.7182405633225306,0.7836465210766886,0.7860962720881792,"{'n_estimators': 100, 'max_depth': 10}","['mfcc_6', 'mfcc_3', 'mfcc_5', 'mfcc_11', 'mfcc_8', 'zcr_mean']",0.5454545454545454,0.5190615835777126,0.5746753246753247,0.6248299505650907,0.6720386784850927,0.7315789473684211,0.6214605067064084,0.7524882072920356,0.9267578125,0.8969754253308129,0.9585858585858585,0.9809706584074112
RF,0.7147392343744166,0.7204611579526116,0.7135914176897783,0.781615033011681,0.76468564697045,"{'n_estimators': 50, 'max_depth': None}","['mfcc_6', 'mfcc_3', 'mfcc_11', 'mfcc_8', 'mfcc_10', 'spec_centroid']",0.5607779578606159,0.5598705501618123,0.5616883116883117,0.5945338193378494,0.6698950766747377,0.7306338028169014,0.6184798807749627,0.7295313755663224,0.9135446685878963,0.8708791208791209,0.9606060606060606,0.9699917460071781
RF,0.7146138202800122,0.732844126796249,0.7040991491811163,0.7790756729304216,0.7657482626600712,"{'n_estimators': 50, 'max_depth': 5}","['mfcc_5', 'wav_detail_lvl5_std', 'mfcc_8', 'mfcc_10', 'spec_centroid']",0.5508317929759704,0.6394849785407726,0.4837662337662338,0.6356811702375466,0.6998535871156661,0.6877697841726619,0.7123695976154992,0.7139985058213414,0.8931560807483998,0.8712776176753122,0.9161616161616162,0.9475651119213255
RF,0.7144469292698249,0.7182831120294692,0.7160626562265907,0.7760284408329101,0.7670982413228566,"{'n_estimators': 100, 'max_depth': None}","['mfcc_6', 'mfcc_3', 'mfcc_11', 'mfcc_8', 'spec_centroid']",0.5763779527559055,0.5596330275229358,0.5941558441558441,0.5945847499876551,0.6628664495114006,0.7307001795332136,0.6065573770491803,0.7427924934624177,0.9040963855421686,0.864516129032258,0.9474747474747475,0.9639174805184971
RF,0.7143881705310946,0.7309581649291128,0.7043376781081698,0.781615033011681,0.7852894156800475,"{'n_estimators': 100, 'max_depth': 5}","['mfcc_5', 'mfcc_11', 'wav_detail_lvl5_std', 'wav_detail_lvl3_std']",0.5507246376811594,0.6229508196721312,0.4935064935064935,0.6647860368286074,0.6941266209000763,0.7109375,0.6780923994038748,0.731836905457968,0.8983132530120482,0.8589861751152074,0.9414141414141414,0.9592453047535675
RF,0.7143335682915274,0.7254042109709378,0.7071546850235375,0.7831386490604367,0.7701438401203645,"{'n_estimators': 100, 'max_depth': 5}","['mfcc_3', 'mfcc_5', 'mfcc_11', 'wav_detail_lvl5_std', 'mfcc_8', 'mfcc_10', 'wav_detail_lvl3_std']",0.5499124343257443,0.596958174904943,0.5097402597402597,0.6474516027134697,0.6820631254811393,0.7054140127388535,0.6602086438152012,0.6956460628177286,0.9110251450676983,0.8738404452690167,0.9515151515151515,0.9673338548298952
RF,0.714301563192076,0.7171544562402309,0.7165751977227387,0.7785678009141697,0.7764937212455761,"{'n_estimators': 50, 'max_depth': 10}","['mfcc_6', 'mfcc_5', 'mfcc_8', 'wav_detail_lvl3_std', 'spec_centroid']",0.5665101721439749,0.5468277945619335,0.5876623376623377,0.6428480645909906,0.663961038961039,0.7290552584670231,0.6095380029806259,0.7299131673813604,0.9124334784712144,0.8755803156917363,0.9525252525252526,0.9567199317643775
RF,0.7141524361296212,0.7273627952176968,0.7061047634818127,0.7851701371254444,0.7729189018941555,"{'n_estimators': 50, 'max_depth': 5}","['mfcc_3', 'mfcc_5', 'mfcc_11', 'wav_detail_lvl5_std', 'mfcc_8', 'wav_detail_lvl3_std', 'zcr_mean']",0.5451327433628319,0.5992217898832685,0.5,0.6633786055978936,0.6847405112316034,0.7129032258064516,0.6587183308494784,0.692757625261258,0.9125840537944284,0.86996336996337,0.9595959595959596,0.9626204748233148
RF,0.7141040747030568,0.7240115124420505,0.7074251492284279,0.781615033011681,0.7743932188842525,"{'n_estimators': 100, 'max_depth': 5}","['mfcc_5', 'wav_detail_lvl5_std', 'mfcc_8', 'spec_centroid']",0.5460869565217391,0.5880149812734082,0.5097402597402597,0.6465898984070286,0.6927803379416283,0.7147385103011094,0.6721311475409836,0.7178633680208311,0.903444929645803,0.869281045751634,0.9404040404040404,0.9587263902248978
RF,0.7140068713070904,0.719752039953098,0.7101956331464528,0.7755205688166582,0.7733174441434789,"{'n_estimators': 100, 'max_depth': 10}","['mfcc_5', 'wav_detail_lvl3_std', 'spec_centroid']",0.5695142378559463,0.5882352941176471,0.551948051948052,0.649945538280173,0.672360248447205,0.7017828200972447,0.6453055141579732,0.7232185381126179,0.9001461276181199,0.8692380056444027,0.9333333333333333,0.946788256037646
RF,0.7139883062435168,0.7289046829350295,0.7046917260032014,0.7811071609954292,0.7641165532935492,"{'n_estimators': 100, 'max_depth': 5}","['mfcc_6', 'mfcc_3', 'wav_detail_lvl5_std', 'mfcc_8', 'zcr_mean', 'spec_centroid']",0.5529622980251346,0.6184738955823293,0.5,0.6409187207062029,0.6870229007633588,0.704225352112676,0.6706408345752608,0.7009489439722767,0.901979719942057,0.8640148011100832,0.9434343434343434,0.9504819952021681
RF,0.7139714236759919,0.7282416646771693,0.7049945197486182,0.7821229050279329,0.7743350206256583,"{'n_estimators': 100, 'max_depth': 5}","['mfcc_5', 'mfcc_11', 'wav_detail_lvl3_std', 'zcr_mean']",0.5457809694793537,0.6104417670682731,0.4935064935064935,0.6409185010384615,0.6940015186028854,0.7074303405572755,0.6810730253353204,0.7237969041143293,0.9021317829457365,0.866852886405959,0.9404040404040404,0.9582896567241839
RF,0.7139638676482711,0.7189282466422564,0.7136627792365496,0.7821229050279329,0.7709346232211561,"{'n_estimators': 100, 'max_depth': None}","['mfcc_6', 'mfcc_11', 'wav_detail_lvl5_std', 'mfcc_8', 'wav_detail_lvl3_std', 'zcr_mean']",0.5512820512820513,0.5443037974683544,0.5584415584415584,0.6005271060675846,0.6758286176232822,0.7385159010600707,0.6229508196721312,0.741247217738275,0.91478093403948,0.8739650413983441,0.9595959595959596,0.971029545857609
RF,0.7138343748199762,0.7264030185955109,0.7055807883676737,0.7805992889791773,0.7801627202790855,"{'n_estimators': 50, 'max_depth': 5}","['mfcc_3', 'mfcc_5', 'wav_detail_lvl5_std', 'mfcc_8', 'wav_detail_lvl3_std', 'spec_centroid']",0.5516014234875445,0.610236220472441,0.5032467532467533,0.6615150189752635,0.6853252647503782,0.695852534562212,0.6751117734724292,0.713342432700824,0.9045764362220059,0.8731203007518797,0.9383838383838384,0.965630709161169
RF,0.7137885620979958,0.7278378984513347,0.7050276378145229,0.7831386490604367,0.741848413341566,"{'n_estimators': 50, 'max_depth': 5}","['mfcc_6', 'mfcc_5', 'wav_detail_lvl5_std', 'mfcc_8', 'mfcc_10']",0.5438282647584973,0.6055776892430279,0.4935064935064935,0.6106406664035935,0.6926605504587156,0.7111459968602826,0.6751117734724292,0.6760532312871437,0.9048768710767745,0.8667900092506938,0.9464646464646465,0.9388513423339612
RF,0.7137707133327714,0.7358394389012458,0.7010219288907814,0.7750126968004063,0.7704380689474163,"{'n_estimators': 100, 'max_depth': 5}","['mfcc_6', 'mfcc_3', 'wav_detail_lvl3_std', 'spec_centroid']",0.5767097966728281,0.6695278969957081,0.5064935064935064,0.6539756694272948,0.6758199847444699,0.6921875,0.6602086438152012,0.7209465306651778,0.8887823585810163,0.8458029197080292,0.9363636363636364,0.9363920067497765
RF,0.7137512426463221,0.7155152732954034,0.716806629921384,0.7790756729304216,0.7840380999238157,"{'n_estimators': 50, 'max_depth': 10}","['mfcc_6', 'mfcc_11', 'mfcc_8', 'wav_detail_lvl3_std', 'spec_centroid']",0.5581395348837209,0.5341246290801187,0.5844155844155844,0.6318020862548838,0.6677445432497979,0.7296819787985865,0.6154992548435171,0.7528951276847489,0.9153696498054474,0.8827392120075047,0.9505050505050505,0.9674170858318144
RF,0.7136652246484472,0.7196962145377217,0.7115952656936263,0.7729812087353987,0.7655853005433911,"{'n_estimators': 100, 'max_depth': 10}","['mfcc_6', 'mfcc_11', 'wav_detail_lvl3_std', 'spec_centroid']",0.5816993464052288,0.5855263157894737,0.577922077922078,0.6144796299109939,0.6655974338412189,0.7204861111111112,0.6184798807749627,0.7192779296277906,0.8936988936988937,0.8530762167125804,0.9383838383838384,0.9629983420913886
RF,0.713511502274086,0.7150231059384083,0.7148869648869649,0.7851701371254444,0.769255024879797,"{'n_estimators': 100, 'max_depth': None}","['mfcc_3', 'mfcc_5', 'mfcc_11', 'wav_detail_lvl5_std', 'mfcc_8', 'zcr_mean']",0.5331230283911672,0.5184049079754601,0.5487012987012987,0.5918763937545979,0.6783161239078633,0.7261904761904762,0.6363636363636364,0.7329286277439991,0.9290953545232273,0.9004739336492891,0.9595959595959596,0.9829600531407938
RF,0.7134910806655825,0.7279610502521301,0.7044263872132724,0.7811071609954292,0.7875854993794905,"{'n_estimators': 50, 'max_depth': 5}","['mfcc_5', 'mfcc_11', 'wav_detail_lvl3_std', 'spec_centroid']",0.5483870967741935,0.612,0.4967532467532468,0.6470146565506955,0.6916030534351145,0.7089201877934272,0.6751117734724292,0.7519472508330469,0.9004830917874396,0.8629629629629629,0.9414141414141414,0.9637945907547292
RF,0.713486172654154,0.7244558752033005,0.7058528296233214,0.7760284408329101,0.7488169273841415,"{'n_estimators': 50, 'max_depth': 5}","['mfcc_5', 'mfcc_10', 'wav_detail_lvl3_std']",0.5598591549295775,0.6115384615384616,0.5162337662337663,0.6265382093441524,0.6862745098039216,0.6946564885496184,0.6780923994038748,0.6936448750239774,0.8943248532289628,0.8671726755218216,0.9232323232323232,0.9262676977842946
RF,0.7132668230925746,0.7232363272157881,0.7064158367437057,0.7785678009141697,0.7880604610816754,"{'n_estimators': 50, 'max_depth': 5}","['mfcc_5', 'mfcc_11', 'wav_detail_lvl5_std', 'mfcc_8', 'spec_centroid']",0.554006968641115,0.5977443609022557,0.5162337662337663,0.6449065103871121,0.6850152905198776,0.7032967032967034,0.6676602086438153,0.7469321783522272,0.9007782101167315,0.8686679174484052,0.9353535353535354,0.972342694505687
RF,0.7131227964587087,0.7274187613975881,0.7040372499388893,0.7760284408329101,0.7871675913308726,"{'n_estimators': 50, 'max_depth': 5}","['mfcc_6', 'mfcc_11', 'wav_detail_lvl3_std', 'zcr_mean', 'spec_centroid']",0.5683836589698046,0.6274509803921569,0.5194805194805194,0.6590596567814604,0.6764252696456087,0.7001594896331739,0.65424739195231,0.7472829188807325,0.8945594607607126,0.8546458141674333,0.9383838383838384,0.9551601983304248
RF,0.7130978874043983,0.7264415093757765,0.7048135531742089,0.781615033011681,0.7724205234294143,"{'n_estimators': 100, 'max_depth': 5}","['mfcc_5', 'mfcc_11', 'wav_detail_lvl5_std', 'mfcc_8', 'mfcc_10', 'wav_detail_lvl3_std']",0.5486725663716814,0.603112840466926,0.5032467532467533,0.644216461862293,0.6867749419953596,0.7138263665594855,0.6616989567809239,0.7136849784305198,0.9038461538461539,0.8623853211009175,0.9494949494949495,0.95936012999543
RF,0.7130705128637861,0.7233698121931805,0.7068534683288782,0.7790756729304216,0.7819795779130653,"{'n_estimators': 50, 'max_depth': 5}","['mfcc_5', 'wav_detail_lvl5_std', 'mfcc_8', 'wav_detail_lvl3_std', 'zcr_mean']",0.5601374570446735,0.5948905109489051,0.5292207792207793,0.6662512426600244,0.6755695208169678,0.7142857142857143,0.6408345752608048,0.7227551767378974,0.9035045607297167,0.8609332113449222,0.9505050505050505,0.956932314341274
RF,0.7130191921472044,0.7198765945646146,0.7091051025477255,0.7826307770441848,0.7737407361540601,"{'n_estimators': 100, 'max_depth': None}","['mfcc_6', 'mfcc_11', 'mfcc_8', 'wav_detail_lvl3_std', 'zcr_mean', 'spec_centroid']",0.5436241610738255,0.5625,0.525974025974026,0.6070867297603098,0.6823899371069182,0.7221297836938436,0.646795827123696,0.7458159144765901,0.9130434782608695,0.875,0.9545454545454546,0.9683195642252806
RF,0.7129975076311915,0.7277088070467709,0.7037529865398717,0.7800914169629254,0.7753719860652456,"{'n_estimators': 100, 'max_depth': 5}","['mfcc_3', 'mfcc_5', 'wav_detail_lvl5_std', 'mfcc_8', 'mfcc_10', 'wav_detail_lvl3_std', 'zcr_mean', 'spec_centroid']",0.5513513513513514,0.6194331983805668,0.4967532467532468,0.6570400883707739,0.6842900302114804,0.6937212863705973,0.6751117734724292,0.7063054809917109,0.9033511413307431,0.8699719363891487,0.9393939393939394,0.9627703888332522
RF,0.7128072306874449,0.7251237368498428,0.7046593964626752,0.7785678009141697,0.7740298602257547,"{'n_estimators': 100, 'max_depth': 5}","['mfcc_5', 'mfcc_8', 'mfcc_10', 'wav_detail_lvl3_std', 'zcr_mean', 'spec_centroid']",0.5531914893617021,0.609375,0.5064935064935064,0.6435047450613922,0.6848899012908124,0.6981424148606811,0.6721311475409836,0.7259739942525184,0.9003403014098201,0.8678537956888472,0.9353535353535354,0.9526108413633537
RF,0.7127676862541938,0.7222320016573569,0.7063436866715556,0.7795835449466735,0.7788417595611866,"{'n_estimators': 100, 'max_depth': 5}","['mfcc_5', 'wav_detail_lvl5_std', 'mfcc_8', 'wav_detail_lvl3_std', 'spec_centroid']",0.5476603119584056,0.587360594795539,0.512987012987013,0.6586091303033894,0.6887009992313605,0.7111111111111111,0.6676602086438153,0.7213519440517195,0.9019417475728155,0.8682242990654205,0.9383838383838384,0.9565642043284508
RF,0.7127420227413421,0.7163479097529611,0.7117703183276953,0.776536312849162,0.7918210934457696,"{'n_estimators': 50, 'max_depth': 10}","['mfcc_6', 'mfcc_3', 'mfcc_5', 'mfcc_11', 'zcr_mean']",0.564935064935065,0.564935064935065,0.564935064935065,0.6678710636662486,0.665083135391924,0.7094594594594594,0.6259314456035767,0.732119151400369,0.9082078678970374,0.8746492048643593,0.9444444444444444,0.9754730652706909
RF,0.7126718492880109,0.7162910702229182,0.7166272403977323,0.7755205688166582,0.7722269129699336,"{'n_estimators': 50, 'max_depth': None}","['mfcc_6', 'mfcc_3', 'mfcc_11', 'mfcc_8', 'mfcc_10', 'wav_detail_lvl3_std']",0.5771604938271605,0.55,0.6071428571428571,0.6199457363158837,0.6512396694214876,0.7309833024118738,0.587183308494784,0.7295265596952939,0.9096153846153846,0.8678899082568807,0.9555555555555556,0.9672084428986233
RF,0.7126673360607138,0.7285192677090278,0.7029195152145973,0.7790756729304216,0.7631763651760316,"{'n_estimators': 100, 'max_depth': 5}","['mfcc_5', 'mfcc_11', 'wav_detail_lvl3_std']",0.5513513513513514,0.6194331983805668,0.4967532467532468,0.6376976393944392,0.6916602907421576,0.710691823899371,0.6736214605067065,0.7197736802295851,0.894990366088632,0.8554327808471455,0.9383838383838384,0.9320577759040704
RF,0.7126067673851257,0.7425940632918727,0.6980357832816849,0.7826307770441848,0.7741706708981475,"{'n_estimators': 50, 'max_depth': 5}","['mfcc_3', 'wav_detail_lvl5_std', 'mfcc_10', 'zcr_mean']",0.5482625482625483,0.6761904761904762,0.461038961038961,0.6613757269783186,0.6907993966817496,0.6992366412213741,0.6825633383010432,0.7099667686873253,0.8987583572110793,0.8523550724637681,0.9505050505050505,0.9511695170287984
RF,0.7125066422995476,0.7235474101889822,0.7060507494933724,0.7836465210766886,0.7797856387788654,"{'n_estimators': 50, 'max_depth': 5}","['mfcc_6', 'mfcc_5', 'wav_detail_lvl5_std', 'mfcc_8', 'wav_detail_lvl3_std', 'zcr_mean']",0.5432525951557093,0.5814814814814815,0.5097402597402597,0.6545482242746417,0.6823899371069182,0.7221297836938436,0.646795827123696,0.731358417936292,0.9118773946360154,0.8670309653916212,0.9616161616161616,0.9534502741256627
RF,0.7124866729298692,0.7144579604694906,0.7138658245215622,0.7724733367191468,0.7799728282523596,"{'n_estimators': 100, 'max_depth': 5}","['mfcc_3', 'mfcc_5', 'mfcc_10', 'zcr_mean', 'spec_centroid']",0.580952380952381,0.5683229813664596,0.5941558441558441,0.6695840729763123,0.6522781774580336,0.7034482758620689,0.6080476900149031,0.7107453238813838,0.904229460379193,0.8716026241799437,0.9393939393939394,0.9595890878993827
RF,0.712445295865734,0.7243615753917908,0.7045182504198898,0.7745048247841544,0.7823066125402143,"{'n_estimators': 50, 'max_depth': 5}","['mfcc_6', 'mfcc_11', 'wav_detail_lvl3_std', 'zcr_mean']",0.5684210526315789,0.6183206106870229,0.525974025974026,0.6396301838968601,0.6748654880860876,0.6968253968253968,0.65424739195231,0.7445098600068217,0.8940493468795355,0.8579387186629527,0.9333333333333333,0.9627797937169611
RF,0.7124168697786285,0.7142871628321307,0.7136884063113572,0.7734890807516506,0.7535827425744018,"{'n_estimators': 100, 'max_depth': None}","['mfcc_3', 'mfcc_11', 'mfcc_8', 'mfcc_10', 'wav_detail_lvl3_std']",0.5746031746031746,0.562111801242236,0.5876623376623377,0.5869176088971566,0.6570972886762361,0.7066895368782161,0.6140089418777943,0.7126075764353331,0.9055501460564752,0.8740601503759399,0.9393939393939394,0.9612230423907157
RF,0.7123449464415401,0.7172216525976407,0.7114809295137164,0.7821229050279329,0.7578557870772435,"{'n_estimators': 50, 'max_depth': None}","['mfcc_6', 'mfcc_11', 'wav_detail_lvl5_std', 'mfcc_8', 'mfcc_10', 'wav_detail_lvl3_std']",0.5419354838709678,0.5384615384615384,0.5454545454545454,0.5785142452689996,0.6795180722891566,0.7369337979094077,0.6304023845007451,0.7258616596366004,0.9155812831644959,0.876269621421976,0.9585858585858585,0.9691914563261306
RF,0.7122819590563584,0.7381783100169342,0.6985018017804903,0.7775520568816658,0.790006669303385,"{'n_estimators': 50, 'max_depth': 5}","['mfcc_6', 'mfcc_11', 'wav_detail_lvl5_std', 'wav_detail_lvl3_std', 'spec_centroid']",0.5595463137996219,0.669683257918552,0.4805194805194805,0.6570731683066059,0.6878787878787879,0.699537750385208,0.676602086438152,0.7517052156030083,0.8894207754906653,0.8453139217470428,0.9383838383838384,0.9612416240005409
RF,0.712259950305957,0.7207939225469806,0.706730852632492,0.7800914169629254,0.7544337096109989,"{'n_estimators': 50, 'max_depth': 5}","['mfcc_6', 'mfcc_5', 'mfcc_8', 'mfcc_10', 'wav_detail_lvl3_std']",0.547945205479452,0.5797101449275363,0.5194805194805194,0.6267793046037449,0.6822066822066822,0.7126623376623377,0.65424739195231,0.703806844646974,0.9066279632317368,0.8700092850510678,0.9464646464646465,0.9327149795822777
RF,0.7122377432876063,0.7192293861832022,0.7100103296824608,0.7750126968004063,0.7871328353160782,"{'n_estimators': 100, 'max_depth': 10}","['mfcc_6', 'mfcc_3', 'mfcc_5', 'zcr_mean']",0.5779967159277504,0.584717607973422,0.5714285714285714,0.6540435590148949,0.655367231638418,0.7147887323943662,0.6050670640834576,0.7436215763277262,0.9033492822966507,0.8581818181818182,0.9535353535353536,0.9637333706056138
RF,0.7122313268286097,0.7383948097795133,0.6983180753672557,0.7739969527679025,0.7425846131230304,"{'n_estimators': 100, 'max_depth': 5}","['mfcc_6', 'mfcc_3', 'mfcc_10', 'wav_detail_lvl3_std']",0.5862708719851577,0.683982683982684,0.512987012987013,0.6224304552563602,0.6614296936370778,0.6993355481727574,0.6274217585692996,0.6768827243303407,0.8889934148635936,0.8318661971830986,0.9545454545454546,0.9284406597823902
RF,0.7121764759810079,0.724564463579172,0.7077228175588832,0.7673946165566278,0.7241367416423549,"{'n_estimators': 50, 'max_depth': 5}","['mfcc_6', 'mfcc_3', 'mfcc_10']",0.6153846153846154,0.6344827586206897,0.5974025974025974,0.5702221318395874,0.6359143327841845,0.7108655616942909,0.5752608047690015,0.6741990652659514,0.8852304797742239,0.8283450704225352,0.9505050505050505,0.9279890278215259
RF,0.712146847790745,0.7354580955747445,0.6997567399206743,0.7694261046216353,0.7241540022107924,"{'n_estimators': 100, 'max_depth': 5}","['mfcc_6', 'mfcc_3']",0.6028880866425993,0.6788617886178862,0.5422077922077922,0.6156993276949941,0.6532905296950241,0.7078260869565217,0.6065573770491803,0.6515976273866008,0.8802619270346118,0.8196864111498258,0.9505050505050505,0.9051650515507822
RF,0.7120883399220194,0.7156258436191031,0.7157914034963215,0.7790756729304216,0.7814867422786387,"{'n_estimators': 100, 'max_depth': None}","['mfcc_6', 'mfcc_5', 'mfcc_11', 'wav_detail_lvl5_std', 'mfcc_8', 'zcr_mean', 'spec_centroid']",0.556923076923077,0.5292397660818714,0.5876623376623377,0.6025418233130401,0.6622734761120264,0.7403314917127072,0.5991058122205664,0.760493908786625,0.9170684667309547,0.8773062730627307,0.9606060606060606,0.9814244947362507
RF,0.712042897885046,0.7163749662155885,0.7130248622051901,0.7775520568816658,0.7700654498469692,"{'n_estimators': 100, 'max_depth': 10}","['mfcc_6', 'mfcc_3', 'mfcc_11', 'mfcc_8', 'wav_detail_lvl3_std']",0.5650793650793651,0.5527950310559007,0.577922077922078,0.6157805840185812,0.6590724165988608,0.7258064516129032,0.6035767511177347,0.7286242213042625,0.911976911976912,0.8705234159779615,0.9575757575757575,0.9657915442180641
RF,0.7119992328760665,0.7199304998568395,0.7157752387260583,0.7694261046216353,0.7847798298728342,"{'n_estimators': 100, 'max_depth': None}","['mfcc_6', 'mfcc_3', 'mfcc_5', 'mfcc_8', 'mfcc_10', 'zcr_mean', 'spec_centroid']",0.609642301710731,0.5850746268656717,0.6363636363636364,0.6483025787990816,0.6321155480033984,0.7351778656126482,0.5543964232488823,0.7394386593051245,0.8942398489140698,0.8395390070921985,0.9565656565656566,0.9665982515142965
RF,0.7117950613384059,0.7162416095161369,0.7272088567170535,0.765871000507872,0.7485424960180472,"{'n_estimators': 50, 'max_depth': None}","['mfcc_6', 'mfcc_3', 'mfcc_5', 'mfcc_8']",0.609308885754584,0.5386533665835411,0.7012987012987013,0.5737996503447917,0.6325823223570191,0.7556935817805382,0.5439642324888226,0.7266220208627111,0.8934939759036145,0.8543778801843318,0.9363636363636364,0.9452058168466386
RF,0.7117927722058975,0.7137576453941764,0.7164340516799532,0.7745048247841544,0.7681254829351132,"{'n_estimators': 100, 'max_depth': None}","['mfcc_3', 'mfcc_5', 'wav_detail_lvl5_std', 'mfcc_8', 'mfcc_10', 'zcr_mean']",0.5736196319018405,0.5436046511627907,0.6071428571428571,0.6139331925869257,0.6508196721311476,0.7231329690346083,0.5916542473919523,0.715410049101055,0.9109390125847048,0.8745353159851301,0.9505050505050505,0.9750332071173587
RF,0.7117679559159757,0.7160354361139188,0.7130090916976162,0.7755205688166582,0.7859513863124375,"{'n_estimators': 100, 'max_depth': None}","['mfcc_6', 'mfcc_3', 'mfcc_5', 'mfcc_11', 'mfcc_8', 'zcr_mean', 'spec_centroid']",0.569620253164557,0.5555555555555556,0.5844155844155844,0.6279374263068056,0.658516707416463,0.7266187050359713,0.6020864381520119,0.7537491312392337,0.9071669071669072,0.8659320477502296,0.9525252525252526,0.9761676013912735
RF,0.7117267891859331,0.7335289194396473,0.6994413297691985,0.7770441848654139,0.7829636965262091,"{'n_estimators': 100, 'max_depth': 5}","['mfcc_6', 'wav_detail_lvl5_std', 'wav_detail_lvl3_std', 'spec_centroid']",0.5582255083179297,0.648068669527897,0.4902597402597403,0.665249069811226,0.6881720430107527,0.7099841521394612,0.6676602086438153,0.7395955876951,0.8887828162291169,0.8425339366515837,0.9404040404040404,0.9440464320723014
RF,0.7116651389277232,0.7168433752754214,0.7165748034600493,0.770949720670391,0.787820918553442,"{'n_estimators': 50, 'max_depth': None}","['mfcc_6', 'mfcc_3', 'mfcc_5', 'mfcc_8', 'mfcc_10', 'wav_detail_lvl3_std', 'spec_centroid']",0.5960061443932412,0.565597667638484,0.6298701298701299,0.6512872868056325,0.6386554621848739,0.7321772639691715,0.5663189269746647,0.7476579609713231,0.9003338102050549,0.8527551942186089,0.9535353535353536,0.9645175078833703
RF,0.711625444688667,0.7200099751379382,0.7075931051340887,0.7821229050279329,0.7718944251368823,"{'n_estimators': 100, 'max_depth': 5}","['mfcc_6', 'mfcc_3', 'mfcc_5', 'mfcc_8', 'wav_detail_lvl3_std', 'spec_centroid']",0.5469798657718121,0.5659722222222222,0.5292207792207793,0.6450708897619929,0.6735833998403831,0.7250859106529209,0.6289120715350224,0.7144271974432436,0.9143130684538057,0.8689717925386715,0.9646464646464646,0.9561851882054108
RF,0.7115552343398347,0.7140503833852788,0.7159341265898643,0.7800914169629254,0.7689458057949548,"{'n_estimators': 100, 'max_depth': 10}","['mfcc_6', 'mfcc_5', 'mfcc_11', 'wav_detail_lvl5_std', 'mfcc_8']",0.5449010654490106,0.5128939828080229,0.5811688311688312,0.6013322188092587,0.6688524590163935,0.7431693989071039,0.6080476900149031,0.7283064449226331,0.9209121785540999,0.8860877684407096,0.9585858585858585,0.9771987536529723
RF,0.7115131872761312,0.7262376014930053,0.7026474739589493,0.7836465210766886,0.7843841350471524,"{'n_estimators': 100, 'max_depth': 5}","['mfcc_6', 'mfcc_5', 'mfcc_11', 'wav_detail_lvl5_std', 'mfcc_8', 'zcr_mean']",0.5359712230215827,0.6008064516129032,0.4837662337662338,0.6393475695969826,0.6891271056661562,0.7086614173228346,0.6706408345752608,0.7436250774303614,0.9094412331406551,0.8692449355432781,0.9535353535353536,0.9701797581141133
RF,0.7113869078474649,0.7162532292615253,0.7106813647797253,0.7805992889791773,0.760848511414116,"{'n_estimators': 100, 'max_depth': None}","['mfcc_3', 'mfcc_11', 'mfcc_8', 'mfcc_10', 'zcr_mean', 'spec_centroid']",0.5492730210016155,0.5466237942122186,0.551948051948052,0.5942884147258383,0.667739340305712,0.7255244755244755,0.6184798807749627,0.7143130926046005,0.9171483622350675,0.8766114180478821,0.9616161616161616,0.9739440269119088
RF,0.711338307082988,0.714621606218245,0.7131833558063065,0.7805992889791773,0.7730094944258709,"{'n_estimators': 100, 'max_depth': None}","['mfcc_6', 'mfcc_3', 'mfcc_11', 'wav_detail_lvl5_std', 'mfcc_8', 'wav_detail_lvl3_std']",0.5454545454545454,0.5272727272727272,0.564935064935065,0.6050827038209817,0.6688311688311688,0.7344028520499108,0.6140089418777943,0.7422094460617753,0.9197292069632496,0.8821892393320965,0.9606060606060606,0.9717363333948553
RF,0.7113192088930042,0.7269170125775704,0.7018695936728724,0.7811071609954292,0.7664997631169328,"{'n_estimators': 50, 'max_depth': 5}","['mfcc_3', 'mfcc_5', 'wav_detail_lvl5_std', 'mfcc_8', 'mfcc_10', 'wav_detail_lvl3_std', 'zcr_mean']",0.5434782608695652,0.6147540983606558,0.487012987012987,0.6513574749616586,0.6838514025777104,0.6959876543209876,0.6721311475409836,0.6881549254816655,0.9066279632317368,0.8700092850510678,0.9464646464646465,0.9599868889074743
RF,0.7111893243177895,0.7135601216161084,0.7143393340114651,0.7770441848654139,0.780763572118576,"{'n_estimators': 100, 'max_depth': None}","['mfcc_6', 'mfcc_5', 'mfcc_11', 'mfcc_8', 'mfcc_10', 'wav_detail_lvl3_std', 'zcr_mean']",0.5581395348837209,0.5341246290801187,0.5844155844155844,0.6229327934219973,0.660699755899105,0.7275985663082437,0.6050670640834576,0.7482195125358793,0.9147286821705426,0.8789571694599627,0.9535353535353536,0.9711384103978519
RF,0.7111751753153887,0.7152621087793934,0.7079507013933243,0.7673946165566278,0.7706128550178301,"{'n_estimators': 100, 'max_depth': 5}","['mfcc_3', 'mfcc_5', 'mfcc_10', 'spec_centroid']",0.5809682804674458,0.5979381443298969,0.564935064935065,0.6579283376463914,0.6615853658536586,0.6770670826833073,0.646795827123696,0.7002310409494054,0.8909718796250616,0.8707810993249759,0.9121212121212121,0.9536791864576932
RF,0.7109925051730489,0.7227269459328908,0.70392843343663,0.7745048247841544,0.770706377567104,"{'n_estimators': 50, 'max_depth': 5}","['mfcc_6', 'mfcc_11', 'mfcc_8', 'mfcc_10', 'wav_detail_lvl3_std', 'spec_centroid']",0.5674740484429066,0.6074074074074074,0.5324675324675324,0.6302017481405882,0.6703383162863886,0.71,0.6348733233979136,0.7194881743125212,0.8951651507898516,0.8507734303912647,0.9444444444444444,0.9624292102482029
RF,0.7109691091672027,0.7144109231738097,0.7100611895693861,0.7826307770441848,0.7696406813227986,"{'n_estimators': 100, 'max_depth': None}","['mfcc_3', 'mfcc_11', 'wav_detail_lvl5_std', 'mfcc_8', 'mfcc_10', 'zcr_mean']",0.5357142857142857,0.5357142857142857,0.5357142857142857,0.5945196094190914,0.6735177865612648,0.7171717171717171,0.6348733233979136,0.7348613961831235,0.9236752552260573,0.8903467666354264,0.9595959595959596,0.9795410383661811
RF,0.7109571434206083,0.7127848769222848,0.723475583311649,0.776536312849162,0.7659977559660239,"{'n_estimators': 100, 'max_depth': 10}","['mfcc_6', 'mfcc_5', 'mfcc_11', 'mfcc_8']",0.556497175141243,0.4925,0.6396103896103896,0.575967391002495,0.6498316498316499,0.746615087040619,0.5752608047690015,0.7504080863812046,0.9265426052889324,0.8992395437262357,0.9555555555555556,0.9716177905143718
RF,0.7109567990350584,0.7130187658069809,0.7151743823874971,0.7750126968004063,0.7543268500957097,"{'n_estimators': 100, 'max_depth': None}","['mfcc_5', 'mfcc_11', 'mfcc_8', 'wav_detail_lvl3_std', 'zcr_mean']",0.565284178187404,0.5364431486880467,0.5974025974025974,0.5921824939600933,0.6557645134914145,0.7264492753623188,0.5976154992548435,0.7064698943005631,0.9118217054263565,0.8761638733705773,0.9505050505050505,0.9643281620264726
RF,0.7109205438220982,0.7207067870004144,0.7046550595730924,0.7785678009141697,0.7798230817658065,"{'n_estimators': 50, 'max_depth': 5}","['mfcc_5', 'mfcc_11', 'wav_detail_lvl5_std', 'mfcc_8', 'zcr_mean']",0.5492227979274611,0.5867158671586716,0.5162337662337663,0.6486368024140409,0.679098679098679,0.7094155844155844,0.6512667660208644,0.7225225327552284,0.9044401544401545,0.865988909426987,0.9464646464646465,0.9683099101281503
RF,0.7109129393910406,0.7268632278786716,0.7013223570600621,0.7805992889791773,0.7791232286700523,"{'n_estimators': 50, 'max_depth': 5}","['mfcc_5', 'mfcc_11', 'wav_detail_lvl5_std', 'mfcc_8', 'mfcc_10', 'zcr_mean', 'spec_centroid']",0.5391621129326047,0.6141078838174274,0.4805194805194805,0.6423281763139196,0.6902255639097744,0.6965098634294385,0.684053651266766,0.7297983390281285,0.9033511413307431,0.8699719363891487,0.9393939393939394,0.9652431706681088
RF,0.7107790117156659,0.7129426165254878,0.7107909698073632,0.7805992889791773,0.7676207438240698,"{'n_estimators': 100, 'max_depth': None}","['mfcc_3', 'mfcc_5', 'mfcc_11', 'mfcc_8', 'wav_detail_lvl3_std', 'zcr_mean']",0.5401929260450161,0.535031847133758,0.5454545454545454,0.6062167735048765,0.6698187549251379,0.7107023411371237,0.6333830104321908,0.7213677412738783,0.9223253541768441,0.8930936613055819,0.9535353535353536,0.9752777166934545
RF,0.7105619091750599,0.7110640675158582,0.713647008728976,0.7800914169629254,0.7683652327224291,"{'n_estimators': 100, 'max_depth': 10}","['mfcc_3', 'mfcc_5', 'mfcc_11', 'mfcc_8', 'wav_detail_lvl3_std']",0.5395348837209303,0.516320474777448,0.564935064935065,0.6153648338319009,0.6661341853035144,0.7177280550774526,0.6214605067064084,0.7128291998962807,0.9260166585007349,0.8991436726926736,0.9545454545454546,0.9769016644391058
RF,0.7105120853638907,0.7123680924134174,0.7113630449696023,0.7739969527679025,0.7597309554133028,"{'n_estimators': 50, 'max_depth': 5}","['mfcc_3', 'mfcc_5', 'mfcc_11', 'mfcc_8', 'mfcc_10', 'wav_detail_lvl3_std']",0.5645933014354066,0.554858934169279,0.5746753246753247,0.6424193830574941,0.6571428571428571,0.7028862478777589,0.61698956780924,0.6792208890761339,0.9098000975134081,0.879359095193214,0.9424242424242424,0.9575525941062801
RF,0.7104479260982485,0.7474021405102992,0.6936858830301453,0.7800914169629254,0.742901764806524,"{'n_estimators': 100, 'max_depth': 5}","['mfcc_6', 'wav_detail_lvl5_std', 'mfcc_10']",0.5529411764705883,0.698019801980198,0.4577922077922078,0.6124908950360848,0.6877409406322282,0.7124600638977636,0.6646795827123696,0.6913651510470105,0.8906616611919287,0.8317265556529361,0.9585858585858585,0.9248492483364765
RF,0.7104437764431127,0.7200656232398006,0.7043522658276756,0.7775520568816658,0.7740408889560725,"{'n_estimators': 100, 'max_depth': 5}","['mfcc_3', 'mfcc_5', 'wav_detail_lvl5_std', 'mfcc_8', 'wav_detail_lvl3_std', 'zcr_mean']",0.5551724137931034,0.5919117647058824,0.5227272727272727,0.6627956833310125,0.669260700389105,0.7003257328990228,0.6408345752608048,0.6925506544927148,0.9068982151471298,0.8679593721144968,0.9494949494949495,0.9667763290444901
RF,0.7104425954948934,0.7229586104205324,0.7024550737665493,0.7811071609954292,0.757795888948451,"{'n_estimators': 50, 'max_depth': 5}","['mfcc_3', 'mfcc_5', 'mfcc_11', 'wav_detail_lvl5_std', 'mfcc_8', 'mfcc_10']",0.5383244206773619,0.5968379446640316,0.4902597402597403,0.6155468222888735,0.6828528072837633,0.6955177743431221,0.6706408345752608,0.6871459362654119,0.9101505585235551,0.8765201122544434,0.9464646464646465,0.9706949082910675
RF,0.7104347870008384,0.7108084242750096,0.7137913088732762,0.7780599288979178,0.7657909387460107,"{'n_estimators': 100, 'max_depth': None}","['mfcc_3', 'mfcc_5', 'mfcc_11', 'wav_detail_lvl5_std', 'mfcc_8']",0.5440494590417311,0.5191740412979351,0.5714285714285714,0.5926493599314462,0.6666666666666666,0.7189655172413794,0.6214605067064084,0.7236272931466726,0.9205882352941176,0.8942857142857142,0.9484848484848485,0.9810961631599132
RF,0.7103866709050607,0.7326924838836897,0.6981414456824293,0.7734890807516506,0.7704301144759484,"{'n_estimators': 50, 'max_depth': 5}","['mfcc_6', 'mfcc_3', 'wav_detail_lvl5_std', 'mfcc_10', 'wav_detail_lvl3_std']",0.5776965265082267,0.6610878661087866,0.512987012987013,0.6609201885638795,0.6630007855459544,0.7009966777408638,0.6289120715350224,0.7056048723412998,0.890462700661001,0.8359929078014184,0.9525252525252526,0.9447652825226661
RF,0.7103822727693344,0.7132366244977759,0.7133308100521215,0.7724733367191468,0.7764831527499009,"{'n_estimators': 50, 'max_depth': None}","['mfcc_6', 'mfcc_3', 'mfcc_5', 'mfcc_11', 'mfcc_8', 'mfcc_10', 'zcr_mean']",0.573208722741433,0.5508982035928144,0.5974025974025974,0.6131991635296862,0.6530612244897959,0.7220216606498195,0.5961251862891207,0.7419300449680735,0.9048768710767745,0.8667900092506938,0.9464646464646465,0.974320249751943
RF,0.7103343947317861,0.7206057029697663,0.7041192565782729,0.7800914169629254,0.7753277520713867,"{'n_estimators': 100, 'max_depth': 5}","['mfcc_6', 'mfcc_5', 'mfcc_8', 'mfcc_10', 'wav_detail_lvl3_std', 'zcr_mean', 'spec_centroid']",0.5457685664939551,0.5830258302583026,0.512987012987013,0.6469335406301053,0.676056338028169,0.7116968698517299,0.6438152011922503,0.7249875977851851,0.9091782796732341,0.8670944087992667,0.9555555555555556,0.9540621177988695
RF,0.7103336439331432,0.729272193952284,0.6993325132669396,0.7755205688166582,0.7787557639294356,"{'n_estimators': 100, 'max_depth': 5}","['mfcc_3', 'wav_detail_lvl5_std', 'mfcc_10', 'wav_detail_lvl3_std', 'zcr_mean']",0.5636363636363636,0.640495867768595,0.5032467532467533,0.6628152304068201,0.6728538283062645,0.6993569131832797,0.6482861400894188,0.7197791822661506,0.894510739856802,0.8479638009049774,0.9464646464646465,0.9536728791153363
RF,0.7103194103142186,0.7237159534334414,0.7024657188591615,0.7846622651091925,0.7684471664589644,"{'n_estimators': 100, 'max_depth': 5}","['mfcc_6', 'mfcc_3', 'mfcc_5', 'wav_detail_lvl5_std', 'mfcc_8', 'mfcc_10', 'zcr_mean', 'spec_centroid']",0.5319148936170213,0.5859375,0.487012987012987,0.6395434531258685,0.6842923794712286,0.7154471544715447,0.6557377049180327,0.7076767320989384,0.9147509578544061,0.8697632058287796,0.9646464646464646,0.9581213141520863
RF,0.7102700184678831,0.7226418214908631,0.702367941712204,0.7785678009141697,0.7807311693433029,"{'n_estimators': 50, 'max_depth': 5}","['mfcc_5', 'wav_detail_lvl5_std', 'mfcc_8', 'zcr_mean', 'spec_centroid']",0.5441696113074205,0.5968992248062015,0.5,0.6570434594906979,0.6856264411990777,0.707936507936508,0.6646795827123696,0.7253785039632987,0.9010140028971512,0.8630897317298798,0.9424242424242424,0.9597715445759123
RF,0.7102448984697949,0.716165729574266,0.7070864775782809,0.776536312849162,0.7554526716566863,"{'n_estimators': 50, 'max_depth': None}","['mfcc_3', 'mfcc_11', 'wav_detail_lvl5_std', 'zcr_mean', 'spec_centroid']",0.5514950166112956,0.564625850340136,0.538961038961039,0.6073638313429595,0.6745468873128447,0.7157190635451505,0.6378539493293591,0.7002079030393304,0.9046927914852443,0.8681522748375116,0.9444444444444444,0.9587862805877689
RF,0.7101935022662204,0.7229217964022746,0.7019102027298748,0.7760284408329101,0.765607047841029,"{'n_estimators': 100, 'max_depth': 5}","['mfcc_6', 'wav_detail_lvl5_std', 'mfcc_8', 'zcr_mean']",0.549645390070922,0.60546875,0.5032467532467533,0.6287049871826647,0.6860198624904508,0.7037617554858934,0.669150521609538,0.7238854514839554,0.8949152542372881,0.8595348837209302,0.9333333333333333,0.9442307048564665
RF,0.7101922098974179,0.7442366011960434,0.6938814373240603,0.776536312849162,0.7642622487388415,"{'n_estimators': 50, 'max_depth': 5}","['mfcc_6', 'mfcc_3', 'wav_detail_lvl5_std', 'mfcc_10']",0.5675675675675675,0.7,0.4772727272727273,0.6493893510510289,0.6728682170542636,0.7011308562197092,0.646795827123696,0.6971506702152241,0.8901408450704226,0.8315789473684211,0.9575757575757575,0.9462467249502716
RF,0.7098489117907955,0.7157651567759115,0.7063417153581089,0.7750126968004063,0.777997656421349,"{'n_estimators': 100, 'max_depth': 5}","['mfcc_3', 'mfcc_5', 'mfcc_8', 'wav_detail_lvl3_std', 'zcr_mean', 'spec_centroid']",0.5585284280936454,0.5758620689655173,0.5422077922077922,0.6624580544587431,0.6651017214397497,0.700164744645799,0.6333830104321908,0.7065594307582926,0.9059165858389913,0.871268656716418,0.9434343434343434,0.9649754840470113
RF,0.7097855936613963,0.7124168423291883,0.7104724055543729,0.7775520568816658,0.7612394962976415,"{'n_estimators': 100, 'max_depth': None}","['mfcc_3', 'mfcc_11', 'mfcc_8', 'mfcc_10', 'spec_centroid']",0.5477707006369427,0.5375,0.5584415584415584,0.5916771106325601,0.6661341853035144,0.7177280550774526,0.6214605067064084,0.720915172447965,0.9154518950437318,0.8820224719101124,0.9515151515151515,0.9711262058123993
RF,0.7097131348855487,0.7142400714461891,0.713983314802987,0.7729812087353987,0.7700574206234446,"{'n_estimators': 100, 'max_depth': None}","['mfcc_6', 'mfcc_5', 'mfcc_8', 'mfcc_10', 'wav_detail_lvl3_std', 'zcr_mean']",0.5753846153846154,0.5467836257309941,0.6071428571428571,0.6255574031366533,0.6466666666666666,0.7334593572778828,0.5782414307004471,0.7287998383859059,0.907088122605364,0.8624772313296903,0.9565656565656566,0.9558150203477747
RF,0.7097029779324991,0.7225358145913029,0.7016389499996057,0.7790756729304216,0.7797287981115089,"{'n_estimators': 100, 'max_depth': 5}","['mfcc_5', 'wav_detail_lvl5_std', 'mfcc_8', 'wav_detail_lvl3_std', 'zcr_mean', 'spec_centroid']",0.5425531914893617,0.59765625,0.4967532467532468,0.653109292541661,0.6825518831667948,0.7047619047619048,0.6616989567809239,0.7270105260003696,0.9040038591413411,0.8651892890120036,0.9464646464646465,0.9590665757924959
RF,0.7096826650484681,0.7235449978859066,0.7020316356381929,0.7689182326053834,0.7585891377137944,"{'n_estimators': 50, 'max_depth': 5}","['mfcc_6', 'wav_detail_lvl3_std', 'spec_centroid']",0.5837651122625216,0.6236162361623616,0.5487012987012987,0.6394866114634313,0.6624,0.7150259067357513,0.61698956780924,0.7081065293917377,0.8828828828828829,0.8319928507596068,0.9404040404040404,0.9281742722862141
RF,0.7096730096747398,0.7161249201482965,0.7047989654547031,0.7699339766378872,0.7757565582353912,"{'n_estimators': 50, 'max_depth': 10}","['mfcc_3', 'wav_detail_lvl5_std', 'wav_detail_lvl3_std', 'spec_centroid']",0.5517241379310345,0.5882352941176471,0.5194805194805194,0.6547787471376441,0.6871794871794872,0.6757925072046109,0.698956780923994,0.7280367170617403,0.8901154039136979,0.8843469591226321,0.895959595959596,0.9444542105067897
RF,0.7096596098564603,0.7184712798599092,0.7045288955125021,0.7780599288979178,0.7587641812038924,"{'n_estimators': 50, 'max_depth': 5}","['mfcc_6', 'mfcc_8', 'mfcc_10', 'wav_detail_lvl3_std', 'zcr_mean', 'spec_centroid']",0.5476190476190477,0.575,0.5227272727272727,0.6248699874773802,0.6755905511811023,0.7161936560934892,0.639344262295082,0.7098112609550766,0.9057692307692308,0.8642201834862385,0.9515151515151515,0.9416112951792205
RF,0.7094967020171744,0.7291042131747586,0.698619292061915,0.7780599288979178,0.7629874932612216,"{'n_estimators': 50, 'max_depth': 5}","['mfcc_6', 'wav_detail_lvl5_std', 'mfcc_8', 'mfcc_10', 'wav_detail_lvl3_std', 'spec_centroid']",0.5527272727272727,0.628099173553719,0.4935064935064935,0.6419645787948406,0.6786551993745114,0.7138157894736842,0.646795827123696,0.7064469332092573,0.8971076339497392,0.8453976764968723,0.9555555555555556,0.9405509677795673
RF,0.7094195690588511,0.7132370600260508,0.7122095269636254,0.7739969527679025,0.7713489502576554,"{'n_estimators': 100, 'max_depth': 10}","['mfcc_6', 'mfcc_3', 'mfcc_5', 'mfcc_8', 'wav_detail_lvl3_std']",0.5678627145085804,0.5465465465465466,0.5909090909090909,0.634529558299259,0.6507806080525883,0.7252747252747253,0.5901639344262295,0.7192618130833381,0.9096153846153846,0.8678899082568807,0.9555555555555556,0.9602554793903689
RF,0.7094069694676005,0.7139590345311064,0.7090573967623147,0.7689182326053834,0.773328113240348,"{'n_estimators': 100, 'max_depth': 10}","['mfcc_3', 'mfcc_5', 'zcr_mean']",0.5838709677419355,0.5801282051282052,0.5876623376623377,0.640828773488327,0.6478646253021757,0.7052631578947368,0.5991058122205664,0.7167891405872305,0.8964853153586905,0.8564857405703772,0.9404040404040404,0.9623664256454865
RF,0.7092729167974036,0.7295725036956959,0.6979999053769546,0.7785678009141697,0.748010847935071,"{'n_estimators': 100, 'max_depth': 5}","['mfcc_6', 'wav_detail_lvl5_std', 'mfcc_8', 'mfcc_10', 'spec_centroid']",0.5467889908256881,0.6286919831223629,0.4837662337662338,0.611129451803604,0.6847405112316034,0.7129032258064516,0.6587183308494784,0.6924386535936867,0.8962892483349191,0.8471223021582733,0.9515151515151515,0.9404644384079222
RF,0.7091946822276295,0.7190408734043539,0.702915966850393,0.7775520568816658,0.7570448349702911,"{'n_estimators': 50, 'max_depth': 5}","['mfcc_6', 'mfcc_3', 'wav_detail_lvl5_std', 'mfcc_8', 'zcr_mean']",0.5467128027681661,0.5851851851851851,0.512987012987013,0.6380828968949039,0.6754658385093167,0.7050243111831442,0.6482861400894188,0.6830325298623873,0.9054054054054054,0.866913123844732,0.9474747474747475,0.9500190781535821
RF,0.7091120634198279,0.7153298506900091,0.7064635425291163,0.7755205688166582,0.7705018388339943,"{'n_estimators': 100, 'max_depth': None}","['mfcc_6', 'mfcc_3', 'mfcc_11', 'mfcc_8', 'zcr_mean', 'spec_centroid']",0.5544554455445545,0.5637583892617449,0.5454545454545454,0.5929585064990978,0.6677290836653387,0.7174657534246576,0.624441132637854,0.7450673102409219,0.9051516610495908,0.8647654093836247,0.9494949494949495,0.9734796997619631
RF,0.7090317630247137,0.7201354941781538,0.7030168980988654,0.7775520568816658,0.7482951330612853,"{'n_estimators': 50, 'max_depth': 5}","['mfcc_3', 'mfcc_11', 'mfcc_8', 'mfcc_10', 'wav_detail_lvl3_std', 'zcr_mean']",0.5567010309278351,0.5912408759124088,0.525974025974026,0.6187572130625164,0.6624305003971406,0.7091836734693877,0.6214605067064084,0.6774626457707176,0.9079637577491655,0.8599819331526649,0.9616161616161616,0.9486655403506217
RF,0.709018193233696,0.7342819711793999,0.6957900630031778,0.7760284408329101,0.7873558168759328,"{'n_estimators': 100, 'max_depth': 5}","['mfcc_6', 'mfcc_11', 'wav_detail_lvl5_std', 'spec_centroid']",0.5464895635673624,0.6575342465753424,0.4675324675324675,0.6468051651420192,0.6931732933233309,0.6978851963746223,0.6885245901639344,0.7533132168738662,0.8873917228103946,0.8474264705882353,0.9313131313131313,0.9619490686119128
RF,0.7089793648400509,0.7408121332201333,0.6938510790969806,0.7785678009141697,0.7667749800845337,"{'n_estimators': 100, 'max_depth': 5}","['mfcc_6', 'mfcc_11', 'wav_detail_lvl5_std', 'mfcc_10']",0.5436893203883495,0.6763285024154589,0.45454545454545453,0.6279312559385853,0.6944655041698257,0.7067901234567902,0.6825633383010432,0.7134146331347505,0.8887832699619772,0.8393177737881508,0.9444444444444444,0.9589790511802654
RF,0.7088715452351174,0.7126372033088996,0.7084837445493184,0.7785678009141697,0.7789166480798113,"{'n_estimators': 100, 'max_depth': 10}","['mfcc_6', 'mfcc_5', 'mfcc_8', 'wav_detail_lvl3_std', 'zcr_mean']",0.5410628019323671,0.536741214057508,0.5454545454545454,0.6340721655043149,0.6693290734824281,0.7211703958691911,0.624441132637854,0.7428762216515052,0.9162227602905569,0.88,0.9555555555555556,0.9598015570836139
RF,0.7087447883849106,0.716244878131488,0.704471727422547,0.7826307770441848,0.7684762010575444,"{'n_estimators': 50, 'max_depth': None}","['mfcc_6', 'mfcc_11', 'mfcc_8', 'mfcc_10', 'wav_detail_lvl3_std', 'zcr_mean', 'spec_centroid']",0.5279187817258884,0.5512367491166078,0.5064935064935064,0.596923425074813,0.6802827965435978,0.7192691029900332,0.6453055141579732,0.7402424409605856,0.9180327868852459,0.8782287822878229,0.9616161616161616,0.9682627371372347
RF,0.708682687122312,0.7235980189646818,0.6995465979072536,0.7770441848654139,0.7649629046818313,"{'n_estimators': 100, 'max_depth': 5}","['mfcc_6', 'mfcc_3', 'wav_detail_lvl5_std', 'mfcc_8', 'wav_detail_lvl3_std', 'zcr_mean']",0.5457809694793537,0.6104417670682731,0.4935064935064935,0.6511648279022839,0.6804597701149425,0.7003154574132492,0.6616989567809239,0.6952372141011531,0.8998073217726397,0.860036832412523,0.9434343434343434,0.9484866720420565
RF,0.708640098076173,0.7298065027517837,0.6969724568085224,0.7780599288979178,0.7507785382570858,"{'n_estimators': 100, 'max_depth': 5}","['mfcc_6', 'mfcc_3', 'wav_detail_lvl5_std', 'mfcc_8', 'spec_centroid']",0.5444444444444444,0.6336206896551724,0.4772727272727273,0.6305676480624415,0.6855828220858896,0.7061611374407583,0.6661698956780924,0.67343677504601,0.8958930276981852,0.8496376811594203,0.9474747474747475,0.9483311916628061
RF,0.708633036565456,0.7110125697781718,0.7159380692167577,0.7724733367191468,0.758069626328003,"{'n_estimators': 50, 'max_depth': 10}","['mfcc_6', 'mfcc_5', 'mfcc_8', 'spec_centroid']",0.5616641901931649,0.5178082191780822,0.6136363636363636,0.5822421707840323,0.653910149750416,0.7401129943502824,0.5856929955290611,0.7390118363266647,0.9103247697527872,0.875116495806151,0.9484848484848485,0.9529548718733121
RF,0.7086147851556698,0.7136808876659946,0.7075067616051222,0.7780599288979178,0.7858397047714836,"{'n_estimators': 100, 'max_depth': 10}","['mfcc_6', 'mfcc_5', 'mfcc_8', 'wav_detail_lvl3_std', 'zcr_mean', 'spec_centroid']",0.5454545454545454,0.5454545454545454,0.5454545454545454,0.6504981378546318,0.666131621187801,0.7217391304347827,0.6184798807749627,0.7438359148499394,0.9142581888246628,0.8738489871086557,0.9585858585858585,0.9631850616098796
RF,0.7085663778844213,0.7128792429945138,0.7078982644556415,0.7785678009141697,0.7683982582481605,"{'n_estimators': 100, 'max_depth': 10}","['mfcc_6', 'mfcc_11', 'wav_detail_lvl5_std', 'mfcc_8', 'wav_detail_lvl3_std']",0.5387096774193548,0.5352564102564102,0.5422077922077922,0.609981126044841,0.6725380304243395,0.726643598615917,0.6259314456035767,0.7251447793523794,0.9144514258095698,0.8767377201112141,0.9555555555555556,0.9700688693472613
RF,0.70851847011571,0.7121653456788968,0.7071917457163358,0.776536312849162,0.7611547215554261,"{'n_estimators': 100, 'max_depth': None}","['mfcc_6', 'mfcc_3', 'mfcc_11', 'mfcc_8', 'mfcc_10', 'zcr_mean']",0.5448613376835236,0.5475409836065573,0.5422077922077922,0.5775898575013964,0.6682427107959023,0.7090301003344481,0.6318926974664679,0.7326133573236364,0.9124513618677043,0.8799249530956847,0.9474747474747475,0.9732609498412457
RF,0.7084802973413736,0.7214273197353086,0.7003792807071495,0.7795835449466735,0.7603105298930622,"{'n_estimators': 100, 'max_depth': 5}","['mfcc_5', 'mfcc_11', 'wav_detail_lvl5_std', 'mfcc_8', 'mfcc_10', 'zcr_mean']",0.5347593582887701,0.5928853754940712,0.487012987012987,0.6070119903967758,0.6844919786096256,0.7021943573667712,0.6676602086438153,0.7098481371170563,0.9061895551257253,0.8692022263450835,0.9464646464646465,0.9640714621653544
RF,0.7083523488513473,0.7142355946523532,0.704270259188292,0.7734890807516506,0.7632583306546077,"{'n_estimators': 50, 'max_depth': 5}","['mfcc_5', 'mfcc_11', 'wav_detail_lvl5_std', 'mfcc_8']",0.5497470489038786,0.5719298245614035,0.5292207792207793,0.6324882859435198,0.6743827160493827,0.6992,0.6512667660208644,0.6912737096020544,0.9009272816007808,0.8715769593956563,0.9323232323232323,0.966012996418249
RF,0.7081993299676258,0.7233724668784763,0.6985230919657148,0.7689182326053834,0.7401011275423025,"{'n_estimators': 100, 'max_depth': 5}","['mfcc_3', 'mfcc_10', 'wav_detail_lvl3_std']",0.5724508050089445,0.6374501992031872,0.5194805194805194,0.6155563708558535,0.6641162968630452,0.6823899371069182,0.646795827123696,0.6783381557640196,0.888030888030888,0.8502772643253235,0.9292929292929293,0.9264088560070343
RF,0.7081971447186302,0.7138356992225043,0.7091926288647601,0.7760284408329101,0.7479047998775145,"{'n_estimators': 100, 'max_depth': None}","['mfcc_6', 'mfcc_8', 'wav_detail_lvl3_std', 'zcr_mean', 'spec_centroid']",0.5488958990536278,0.5337423312883436,0.564935064935065,0.5815833394421059,0.6672144617912901,0.7435897435897436,0.6050670640834576,0.7163938945159258,0.9084810733109727,0.8641750227894257,0.9575757575757575,0.9457371656745115
RF,0.708093624040954,0.7176965900548935,0.7025402345074476,0.7790756729304216,0.7730989771054477,"{'n_estimators': 50, 'max_depth': 10}","['mfcc_6', 'wav_detail_lvl5_std', 'mfcc_8', 'wav_detail_lvl3_std', 'zcr_mean', 'spec_centroid']",0.5376712328767124,0.5688405797101449,0.5097402597402597,0.6302571263040974,0.6787401574803149,0.7195325542570952,0.6423248882265276,0.7335847137834984,0.9078694817658349,0.8647166361974405,0.9555555555555556,0.9554550912287473
RF,0.7077983736530022,0.7120057836324009,0.707667620782375,0.776536312849162,0.7728997055190048,"{'n_estimators': 100, 'max_depth': None}","['mfcc_3', 'mfcc_11', 'wav_detail_lvl5_std', 'mfcc_8', 'wav_detail_lvl3_std', 'spec_centroid']",0.5457463884430177,0.5396825396825397,0.551948051948052,0.6139860552322669,0.6645213193885761,0.722027972027972,0.6154992548435171,0.7350237486799228,0.9131274131274131,0.8743068391866913,0.9555555555555556,0.9696893126448244
RF,0.707793182971265,0.7396222600050771,0.6930617651929127,0.7739969527679025,0.7708538637208076,"{'n_estimators': 100, 'max_depth': 5}","['mfcc_3', 'wav_detail_lvl5_std', 'mfcc_10', 'spec_centroid']",0.547945205479452,0.6896551724137931,0.45454545454545453,0.659727077430946,0.6865454545454546,0.6704545454545454,0.7034277198211625,0.7007277769441018,0.8888888888888888,0.8587570621468926,0.9212121212121213,0.952106736787375
RF,0.7077562309250188,0.7261007025054361,0.6967153975350696,0.7704418486541391,0.7672729517454296,"{'n_estimators': 100, 'max_depth': 5}","['mfcc_3', 'wav_detail_lvl5_std', 'mfcc_10', 'wav_detail_lvl3_std']",0.5614678899082569,0.6455696202531646,0.4967532467532468,0.6598723345394921,0.6721556886227545,0.675187969924812,0.669150521609538,0.6934356666425133,0.8896451142440447,0.8575445173383318,0.9242424242424242,0.9485108540542835
RF,0.7076862664988434,0.7188028811391948,0.7006454080224572,0.7780599288979178,0.7598232846024192,"{'n_estimators': 100, 'max_depth': 5}","['mfcc_5', 'wav_detail_lvl5_std', 'mfcc_8', 'mfcc_10', 'wav_detail_lvl3_std']",0.5359019264448336,0.5817490494296578,0.4967532467532468,0.6431575372691886,0.6831530139103554,0.709470304975923,0.6587183308494784,0.6927231569424432,0.9040038591413411,0.8651892890120036,0.9464646464646465,0.9435891595956256
RF,0.7076690939531532,0.7097248985564718,0.7170699973978664,0.7745048247841544,0.7770110769305157,"{'n_estimators': 50, 'max_depth': 10}","['mfcc_6', 'mfcc_5', 'mfcc_11', 'mfcc_8', 'zcr_mean']",0.5531295487627366,0.5013192612137203,0.6168831168831169,0.597796285386575,0.6476987447698744,0.7385496183206107,0.5767511177347243,0.758565563904597,0.9221789883268483,0.8893058161350844,0.9575757575757575,0.9746713815003752
RF,0.7075507844871813,0.7254643545153895,0.6972027062190996,0.7724733367191468,0.7609610452600792,"{'n_estimators': 50, 'max_depth': 5}","['mfcc_3', 'mfcc_10', 'wav_detail_lvl3_std', 'zcr_mean']",0.5657657657657658,0.6356275303643725,0.5097402597402597,0.6306446054983562,0.6630265210608425,0.6955810147299509,0.6333830104321908,0.703562513162137,0.8938600666349358,0.8451845184518452,0.9484848484848485,0.9486760171197444
RF,0.7074916066496703,0.7125473216717411,0.7052902167656266,0.7800914169629254,0.77415418839164,"{'n_estimators': 100, 'max_depth': 10}","['mfcc_6', 'mfcc_11', 'wav_detail_lvl5_std', 'mfcc_8', 'zcr_mean']",0.5263157894736842,0.5333333333333333,0.5194805194805194,0.6001067934178005,0.680379746835443,0.7251264755480608,0.6408345752608048,0.7492514537707684,0.9157792836398838,0.879182156133829,0.9555555555555556,0.9731043179863512
RF,0.7074097838248133,0.7136575678625778,0.7079676546889662,0.7745048247841544,0.7739949748686558,"{'n_estimators': 100, 'max_depth': None}","['mfcc_6', 'mfcc_3', 'wav_detail_lvl5_std', 'mfcc_8', 'wav_detail_lvl3_std', 'zcr_mean', 'spec_centroid']",0.5564387917329093,0.5451713395638629,0.5681818181818182,0.6206667493548556,0.6584362139917695,0.7352941176470589,0.5961251862891207,0.7434763206953604,0.9073543457497613,0.8605072463768116,0.9595959595959596,0.9578418545557514
RF,0.707358271251905,0.7270897559100519,0.6967532467532468,0.7780599288979178,0.7601768785926407,"{'n_estimators': 100, 'max_depth': 5}","['mfcc_6', 'mfcc_3', 'wav_detail_lvl5_std', 'mfcc_8', 'mfcc_10', 'wav_detail_lvl3_std', 'spec_centroid']",0.5490909090909091,0.6239669421487604,0.4902597402597403,0.6414181138353542,0.6708562450903378,0.7093023255813954,0.6363636363636364,0.6883389290997365,0.902127659574468,0.848,0.9636363636363636,0.9507735928428314
RF,0.7072449390756814,0.7282197986349429,0.6954383806842822,0.7719654647028948,0.7776783427959327,"{'n_estimators': 100, 'max_depth': 5}","['mfcc_3', 'wav_detail_lvl5_std', 'mfcc_10', 'wav_detail_lvl3_std', 'spec_centroid']",0.5522388059701493,0.6491228070175439,0.4805194805194805,0.6641734465549314,0.6795252225519288,0.6765140324963073,0.6825633383010432,0.7182796682525117,0.8899707887049659,0.8590225563909775,0.9232323232323232,0.950581913580355
RF,0.7071491090226454,0.7091387062433756,0.7121034703001916,0.7755205688166582,0.744619724172377,"{'n_estimators': 100, 'max_depth': None}","['mfcc_5', 'mfcc_11', 'wav_detail_lvl5_std', 'mfcc_8', 'wav_detail_lvl3_std']",0.5424242424242425,0.5085227272727273,0.5811688311688312,0.5689300230028079,0.660655737704918,0.7340619307832422,0.6005961251862891,0.6970483277018794,0.9183673469387755,0.8848314606741573,0.9545454545454546,0.967880821812444
RF,0.7070541021650644,0.7094811718897734,0.7101006158383208,0.7714575926866429,0.7654046803035985,"{'n_estimators': 100, 'max_depth': None}","['mfcc_5', 'mfcc_11', 'mfcc_8', 'wav_detail_lvl3_std', 'zcr_mean', 'spec_centroid']",0.5638629283489096,0.5419161676646707,0.5876623376623377,0.6073216060146502,0.6482084690553745,0.7145421903052065,0.5931445603576752,0.7196494769628465,0.9090909090909091,0.8719851576994434,0.9494949494949495,0.9692429579332986
RF,0.7070415284564445,0.7273696287625117,0.6959927140255009,0.7745048247841544,0.7433061300229706,"{'n_estimators': 100, 'max_depth': 5}","['mfcc_6', 'mfcc_3', 'wav_detail_lvl5_std', 'mfcc_8', 'mfcc_10']",0.56,0.6363636363636364,0.5,0.6224367953314109,0.6650943396226415,0.7038269550748752,0.6304023845007451,0.6630129567847035,0.8960302457466919,0.8419182948490231,0.9575757575757575,0.9444686379527972
RF,0.7070252596798455,0.7230839212485455,0.6973115227213588,0.7739969527679025,0.7528374848853631,"{'n_estimators': 50, 'max_depth': 5}","['mfcc_3', 'wav_detail_lvl5_std', 'mfcc_8', 'mfcc_10', 'zcr_mean', 'spec_centroid']",0.5523465703971119,0.6219512195121951,0.4967532467532468,0.6421964009843844,0.6707503828483921,0.6897637795275591,0.6527570789865872,0.667001559586149,0.8979788257940328,0.8575367647058824,0.9424242424242424,0.9493144940855559
RF,0.707022780616637,0.7128182149463465,0.705882005062333,0.7679024885728797,0.7589219348113659,"{'n_estimators': 100, 'max_depth': 10}","['mfcc_6', 'mfcc_11', 'wav_detail_lvl3_std']",0.5737439222042139,0.5728155339805825,0.5746753246753247,0.6212169467400491,0.6548100242522231,0.715547703180212,0.6035767511177347,0.7073473887890394,0.8925143953934741,0.850091407678245,0.9393939393939394,0.9482014689050091
RF,0.7069628071634092,0.72129041629461,0.697709728037597,0.7699339766378872,0.7628388049404401,"{'n_estimators': 50, 'max_depth': 5}","['mfcc_3', 'wav_detail_lvl5_std', 'mfcc_8', 'mfcc_10', 'wav_detail_lvl3_std', 'spec_centroid']",0.5575539568345323,0.625,0.5032467532467533,0.6487201504669915,0.6721680420105026,0.676737160120846,0.6676602086438153,0.6874003121559249,0.8911664226451927,0.8621340887629839,0.9222222222222223,0.9523959521984039
RF,0.7069225944169752,0.7269283939928264,0.6955428602969587,0.7734890807516506,0.7716058142568768,"{'n_estimators': 100, 'max_depth': 5}","['mfcc_6', 'mfcc_11', 'wav_detail_lvl5_std', 'mfcc_8', 'spec_centroid']",0.5454545454545454,0.6363636363636364,0.4772727272727273,0.6285934319260418,0.6856714178544636,0.6903323262839879,0.6810730253353204,0.7249940285826523,0.8896418199419167,0.854089219330855,0.9282828282828283,0.9612299822619368
RF,0.7069202940839237,0.7186568123373949,0.6992662771351296,0.7734890807516506,0.7681894930793066,"{'n_estimators': 100, 'max_depth': 5}","['mfcc_6', 'wav_detail_lvl5_std', 'mfcc_8', 'zcr_mean', 'spec_centroid']",0.545774647887324,0.5961538461538461,0.5032467532467533,0.6344427577485394,0.6799693016116654,0.7009493670886076,0.6602086438152012,0.7259756274180239,0.8950169327527818,0.8588672237697307,0.9343434343434344,0.9441500940713565
RF,0.7068089261737519,0.7226991191714404,0.6972070431086825,0.7724733367191468,0.7496484639656984,"{'n_estimators': 50, 'max_depth': 5}","['mfcc_6', 'wav_detail_lvl5_std', 'mfcc_8', 'spec_centroid']",0.5519713261648745,0.616,0.5,0.6138434032013624,0.6795665634674922,0.7069243156199678,0.65424739195231,0.6955932971438131,0.8888888888888888,0.8451730418943534,0.9373737373737374,0.9395086915519196
RF,0.7067880662367768,0.7112147671060057,0.7089619851914933,0.7739969527679025,0.7625264603649962,"{'n_estimators': 50, 'max_depth': None}","['mfcc_6', 'mfcc_5', 'mfcc_11', 'mfcc_8', 'mfcc_10', 'zcr_mean']",0.5539906103286385,0.5347432024169184,0.5746753246753247,0.5835336644881914,0.6557107641741988,0.7307692307692307,0.5946348733233979,0.7361369439820337,0.9106628242074928,0.8681318681318682,0.9575757575757575,0.9679087726247633
RF,0.7067325383918281,0.7104278839594026,0.7121563015005639,0.770949720670391,0.7510102930913599,"{'n_estimators': 100, 'max_depth': 10}","['mfcc_6', 'mfcc_5', 'mfcc_8', 'wav_detail_lvl3_std']",0.5692541856925418,0.5358166189111748,0.6071428571428571,0.6083144108224505,0.6422018348623854,0.7291666666666666,0.5737704918032787,0.7008419397033131,0.9087415946205571,0.8663003663003663,0.9555555555555556,0.943874528748316
RF,0.7067197999413889,0.7064556681628537,0.7130256507305689,0.7760284408329101,0.7749871862332512,"{'n_estimators': 50, 'max_depth': 10}","['mfcc_3', 'mfcc_5', 'mfcc_11', 'mfcc_8', 'spec_centroid']",0.5397301349325337,0.5013927576601671,0.5844155844155844,0.6183602814904433,0.6520681265206812,0.7153024911032029,0.5991058122205664,0.7263279105191799,0.9283611383709519,0.9026717557251909,0.9555555555555556,0.9802733666901304
RF,0.7066493699577098,0.7141489356283875,0.7100272829781026,0.766378872524124,0.767624124946706,"{'n_estimators': 100, 'max_depth': None}","['mfcc_6', 'mfcc_3', 'mfcc_5', 'mfcc_8', 'mfcc_10', 'zcr_mean']",0.5959438377535101,0.5735735735735735,0.6201298701298701,0.614403484562085,0.6294416243654822,0.7279843444227005,0.5543964232488823,0.7235001022739891,0.8945626477541371,0.8408888888888889,0.9555555555555556,0.9649687880040434
RF,0.7065542486418456,0.7094052238212383,0.708311846016764,0.7689182326053834,0.7537077146449335,"{'n_estimators': 50, 'max_depth': None}","['mfcc_5', 'mfcc_11', 'mfcc_8', 'mfcc_10', 'spec_centroid']",0.5678233438485805,0.5521472392638037,0.5844155844155844,0.5894718106383712,0.6504854368932039,0.7115044247787611,0.5991058122205664,0.7064955995006259,0.9013539651837524,0.8645640074211502,0.9414141414141414,0.9651557337958034
RF,0.7065540218290117,0.7107543165210037,0.7083765050978165,0.7739969527679025,0.7905031337662889,"{'n_estimators': 100, 'max_depth': None}","['mfcc_6', 'mfcc_5', 'mfcc_11', 'mfcc_8', 'mfcc_10', 'wav_detail_lvl3_std', 'zcr_mean', 'spec_centroid']",0.5534591194968553,0.5365853658536586,0.5714285714285714,0.634687661667254,0.6546644844517185,0.7259528130671506,0.5961251862891207,0.7590114585525972,0.9115384615384615,0.8697247706422019,0.9575757575757575,0.9778102810790154
RF,0.7065444306042177,0.7092887621234181,0.7093692585495864,0.776536312849162,0.7601100760241261,"{'n_estimators': 100, 'max_depth': None}","['mfcc_6', 'mfcc_3', 'mfcc_11', 'wav_detail_lvl5_std', 'mfcc_8']",0.5403726708074534,0.5178571428571429,0.564935064935065,0.5858710343481202,0.6596091205211726,0.7271095152603232,0.6035767511177347,0.7226000633221937,0.9196515004840271,0.8828996282527881,0.9595959595959596,0.9718591304020641
RF,0.7065344380723965,0.7361673013304321,0.6915844628959382,0.7714575926866429,0.7623920322842657,"{'n_estimators': 100, 'max_depth': 5}","['mfcc_6', 'mfcc_11', 'wav_detail_lvl5_std']",0.5566218809980806,0.6807511737089202,0.4707792207792208,0.631479930887033,0.6813020439061317,0.6923076923076923,0.6706408345752608,0.7107712736837288,0.8816793893129771,0.8354430379746836,0.9333333333333333,0.9449248922820354
RF,0.7060641728921953,0.7192989936715426,0.6977901576262232,0.7770441848654139,0.7636977848845622,"{'n_estimators': 50, 'max_depth': 5}","['mfcc_3', 'mfcc_5', 'wav_detail_lvl5_std', 'mfcc_8', 'mfcc_10', 'zcr_mean', 'spec_centroid']",0.5340501792114696,0.596,0.4837662337662338,0.6360008093171556,0.6777862016679302,0.6898148148148148,0.6661698956780924,0.6929957753763056,0.9063561377971858,0.8720821661998133,0.9434343434343434,0.9620967699602253
RF,0.7060240094732384,0.710771974088008,0.702530377940214,0.7739969527679025,0.7522798998678467,"{'n_estimators': 50, 'max_depth': 5}","['mfcc_3', 'mfcc_5', 'wav_detail_lvl5_std', 'mfcc_8', 'mfcc_10']",0.5387205387205387,0.5594405594405595,0.5194805194805194,0.627163899957472,0.6697247706422018,0.6875981161695447,0.6527570789865872,0.6691738821224196,0.9096267190569745,0.8852772466539197,0.9353535353535354,0.9605019175236488
RF,0.7060123193003941,0.7080436999323417,0.7096744178711392,0.7729812087353987,0.7556689221283106,"{'n_estimators': 100, 'max_depth': None}","['mfcc_6', 'mfcc_5', 'mfcc_11', 'mfcc_8', 'mfcc_10']",0.5485362095531587,0.5219941348973607,0.577922077922078,0.5808976042498508,0.6563517915309446,0.7235188509874326,0.6005961251862891,0.7218038505890022,0.9131489568170791,0.8786181139122315,0.9505050505050505,0.9643053115460787
RF,0.7059923813483362,0.7329221757298741,0.6922022725301414,0.7739969527679025,0.7508861001792653,"{'n_estimators': 100, 'max_depth': 5}","['mfcc_6', 'mfcc_11', 'wav_detail_lvl5_std', 'mfcc_8', 'mfcc_10']",0.5475285171102662,0.6605504587155964,0.4675324675324675,0.5857408595053474,0.6824067022086824,0.6978193146417445,0.6676602086438153,0.7086863829194753,0.88804192472606,0.8403967538322813,0.9414141414141414,0.9582310581129732
RF,0.705942892525016,0.7167595730782083,0.6985439878882502,0.7694261046216353,0.7479620923889666,"{'n_estimators': 50, 'max_depth': 5}","['mfcc_11', 'mfcc_8', 'mfcc_10', 'wav_detail_lvl3_std', 'spec_centroid']",0.5508771929824562,0.5992366412213741,0.5097402597402597,0.6076916314360583,0.6793602437166794,0.6947040498442367,0.6646795827123696,0.6956627057698144,0.8875912408759125,0.856338028169014,0.9212121212121213,0.940531939961027
RF,0.7059353359064297,0.7136538815768718,0.7012498127252226,0.7739969527679025,0.7707014893795301,"{'n_estimators': 100, 'max_depth': 5}","['mfcc_5', 'wav_detail_lvl5_std', 'mfcc_8', 'wav_detail_lvl3_std']",0.5423728813559322,0.5673758865248227,0.5194805194805194,0.6483977019969022,0.6734534064212999,0.7095709570957096,0.6408345752608048,0.7132251704247669,0.901979719942057,0.8640148011100832,0.9434343434343434,0.9504815957169211
RF,0.7058957304005357,0.7107677939607742,0.705110038716596,0.7780599288979178,0.7713065720023371,"{'n_estimators': 100, 'max_depth': None}","['mfcc_3', 'mfcc_11', 'wav_detail_lvl5_std', 'mfcc_8', 'wav_detail_lvl3_std', 'zcr_mean']",0.5339805825242718,0.532258064516129,0.5357142857142857,0.6138903023306785,0.6655948553054662,0.7225130890052356,0.61698956780924,0.7275839645103804,0.918111753371869,0.8775322283609577,0.9626262626262626,0.9724454491659523
RF,0.7058161579764297,0.7092324188901967,0.7062652283963758,0.7760284408329101,0.7671212970564595,"{'n_estimators': 50, 'max_depth': None}","['mfcc_3', 'mfcc_11', 'mfcc_8', 'mfcc_10', 'wav_detail_lvl3_std', 'zcr_mean', 'spec_centroid']",0.5399361022364217,0.5314465408805031,0.5487012987012987,0.6018651195279465,0.6602409638554216,0.7160278745644599,0.6125186289120715,0.7273718920911503,0.9172714078374455,0.8802228412256268,0.9575757575757575,0.9721268795502818
RF,0.7055286812186327,0.717741215280309,0.697703025571878,0.7745048247841544,0.7812451260399648,"{'n_estimators': 50, 'max_depth': 10}","['mfcc_3', 'wav_detail_lvl5_std', 'wav_detail_lvl3_std', 'zcr_mean', 'spec_centroid']",0.5390070921985816,0.59375,0.4935064935064935,0.6656397048243009,0.6768525592055004,0.6943573667711599,0.6602086438152012,0.7301266473708705,0.9007263922518159,0.8651162790697674,0.9393939393939394,0.9479690259247227
RF,0.7054990277908249,0.7088090780233651,0.7107223680994172,0.766378872524124,0.7821741079593383,"{'n_estimators': 100, 'max_depth': None}","['mfcc_3', 'mfcc_5', 'mfcc_8', 'mfcc_10', 'wav_detail_lvl3_std', 'zcr_mean', 'spec_centroid']",0.5819295558958653,0.5507246376811594,0.6168831168831169,0.6500871236008726,0.6339434276206323,0.7175141242937854,0.5678092399403875,0.7248178754750242,0.9006240998559769,0.8581884720951509,0.9474747474747475,0.9716173248021182
RF,0.7054834055697268,0.712383326168486,0.7007033646377908,0.7719654647028948,0.7683670591000804,"{'n_estimators': 50, 'max_depth': 5}","['mfcc_3', 'mfcc_5', 'wav_detail_lvl5_std', 'mfcc_8', 'wav_detail_lvl3_std']",0.545144804088586,0.5734767025089605,0.5194805194805194,0.6561445719133575,0.6697459584295612,0.6926751592356688,0.6482861400894188,0.6855164006604746,0.9015594541910331,0.8709981167608286,0.9343434343434344,0.9634402047264091
RF,0.7054526867116536,0.7100192478013975,0.7121909966172261,0.7689182326053834,0.7677706566373418,"{'n_estimators': 50, 'max_depth': None}","['mfcc_6', 'mfcc_5', 'mfcc_8', 'mfcc_10', 'wav_detail_lvl3_std', 'spec_centroid']",0.5761689291101055,0.5380281690140845,0.6201298701298701,0.6253870686056532,0.6334459459459459,0.7309941520467836,0.5588673621460507,0.7264519910182378,0.9067431850789096,0.8610354223433242,0.9575757575757575,0.9514729102881341
RF,0.7054004369078469,0.7194252315729844,0.6964666177780932,0.770949720670391,0.7574157962823068,"{'n_estimators': 50, 'max_depth': 5}","['mfcc_11', 'wav_detail_lvl5_std', 'mfcc_8', 'mfcc_10', 'wav_detail_lvl3_std', 'spec_centroid']",0.5448028673835126,0.608,0.4935064935064935,0.6226580826286287,0.683371298405467,0.6965944272445821,0.6706408345752608,0.7084180024912088,0.8880271449345614,0.8536812674743709,0.9252525252525252,0.9411713037270831
RF,0.7053793155359948,0.7100636659046721,0.70687042162452,0.7704418486541391,0.7770544160331534,"{'n_estimators': 100, 'max_depth': None}","['mfcc_6', 'mfcc_5', 'mfcc_11', 'mfcc_8', 'mfcc_10', 'spec_centroid']",0.5624012638230648,0.5476923076923077,0.577922077922078,0.6207410551969922,0.6491803278688525,0.7213114754098361,0.5901639344262295,0.7381415750192943,0.9045563549160671,0.8611872146118722,0.9525252525252526,0.9722806178831737
RF,0.7052412297286649,0.7185470236468549,0.6993691796970486,0.7613001523616049,0.7274348046135998,"{'n_estimators': 50, 'max_depth': 10}","['mfcc_6', 'mfcc_3', 'wav_detail_lvl3_std']",0.6044142614601019,0.6334519572953736,0.577922077922078,0.6275601674087472,0.6318367346938776,0.6985559566787004,0.5767511177347243,0.656190324717519,0.879472693032015,0.8236331569664903,0.9434343434343434,0.8985539217145331
RF,0.7052055888464456,0.7118723521059348,0.7053966676917497,0.7694261046216353,0.77848161617167,"{'n_estimators': 100, 'max_depth': None}","['mfcc_6', 'mfcc_5', 'mfcc_11', 'mfcc_8', 'mfcc_10', 'zcr_mean', 'spec_centroid']",0.5705128205128205,0.5632911392405063,0.577922077922078,0.613447306915751,0.6441515650741351,0.7200736648250461,0.5827123695976155,0.746264291530274,0.900952380952381,0.8522522522522522,0.9555555555555556,0.975733250068985
RF,0.7050978715051596,0.7203882822500876,0.6956871604412589,0.7714575926866429,0.7826296788250957,"{'n_estimators': 100, 'max_depth': 10}","['mfcc_3', 'mfcc_11', 'wav_detail_lvl5_std', 'wav_detail_lvl3_std', 'spec_centroid']",0.5418181818181819,0.6157024793388429,0.4837662337662338,0.6524099825966391,0.680565897244974,0.6800595238095238,0.6810730253353204,0.7327176931090592,0.8929095354523228,0.8654028436018958,0.9222222222222223,0.9627613607695891
RF,0.705046037033077,0.7166862487795843,0.6976324525504854,0.7724733367191468,0.7739105353290298,"{'n_estimators': 100, 'max_depth': 5}","['mfcc_6', 'wav_detail_lvl5_std', 'mfcc_8', 'wav_detail_lvl3_std', 'zcr_mean']",0.543859649122807,0.5916030534351145,0.5032467532467533,0.6556483325612175,0.6754250386398764,0.7014446227929374,0.6512667660208644,0.7219603218245827,0.8958534233365477,0.8570110701107011,0.9383838383838384,0.9441229516012889
RF,0.7050422995856499,0.7101753682483235,0.7055815768930523,0.7623158963941087,0.7699811876177373,"{'n_estimators': 100, 'max_depth': 10}","['mfcc_6', 'mfcc_3', 'mfcc_11']",0.592,0.583596214511041,0.6006493506493507,0.6562554692851643,0.6356209150326797,0.7034358047016275,0.5797317436661699,0.7040635626343159,0.88750598372427,0.8434940855323021,0.9363636363636364,0.9496245309337312
RF,0.7049932875440857,0.7092722181916882,0.7062841530054644,0.7719654647028948,0.775781935838757,"{'n_estimators': 100, 'max_depth': None}","['mfcc_6', 'mfcc_5', 'mfcc_11', 'mfcc_8', 'mfcc_10', 'wav_detail_lvl3_std', 'spec_centroid']",0.5537974683544303,0.5401234567901234,0.5681818181818182,0.6168114356104892,0.6525285481239804,0.7207207207207207,0.5961251862891207,0.7376810596785438,0.9086538461538461,0.8669724770642202,0.9545454545454546,0.972853312227238
RF,0.7049710840004716,0.7099667388536476,0.7032897278798919,0.7714575926866429,0.7575801053683818,"{'n_estimators': 50, 'max_depth': 5}","['mfcc_5', 'mfcc_11', 'mfcc_8', 'mfcc_10', 'wav_detail_lvl3_std']",0.5490196078431373,0.5526315789473685,0.5454545454545454,0.6300228460917328,0.6629482071713148,0.7123287671232876,0.6199701937406855,0.6913831620111159,0.9029454369869628,0.8649398704902868,0.9444444444444444,0.9513343080022968
RF,0.7049173815120412,0.7076067232815918,0.7038255308747111,0.7699339766378872,0.7636041188641283,"{'n_estimators': 50, 'max_depth': 5}","['mfcc_5', 'mfcc_8', 'mfcc_10', 'wav_detail_lvl3_std', 'zcr_mean']",0.5513866231647635,0.5540983606557377,0.5487012987012987,0.6287175817486936,0.6572989851678376,0.6901639344262295,0.6274217585692996,0.7141056950556302,0.9060665362035225,0.8785578747628083,0.9353535353535354,0.9479890797880608
RF,0.7048152710444159,0.7134638180821732,0.6995438380684282,0.7739969527679025,0.7677765932310048,"{'n_estimators': 50, 'max_depth': 5}","['mfcc_3', 'mfcc_5', 'wav_detail_lvl5_std', 'mfcc_8', 'zcr_mean']",0.5445205479452054,0.5760869565217391,0.5162337662337663,0.6603823697225486,0.6625,0.6962233169129721,0.6318926974664679,0.6786514965763786,0.9074252651880425,0.8680811808118081,0.9505050505050505,0.9642959133940873
RF,0.7047800769272929,0.7068608308550358,0.7079037841332924,0.7679024885728797,0.7651161351091732,"{'n_estimators': 50, 'max_depth': None}","['mfcc_6', 'mfcc_5', 'mfcc_11', 'mfcc_8', 'zcr_mean', 'spec_centroid']",0.5629860031104199,0.5402985074626866,0.5876623376623377,0.5763995957196854,0.6482534524776604,0.7125,0.5946348733233979,0.7466593548867936,0.9031007751937985,0.8677839851024208,0.9414141414141414,0.9722894547210406
RF,0.7046823535498286,0.7075177626109603,0.7084344617131503,0.7679024885728797,0.7580235714584335,"{'n_estimators': 100, 'max_depth': None}","['mfcc_6', 'mfcc_5', 'mfcc_11', 'mfcc_8', 'spec_centroid']",0.5656877897990726,0.5398230088495575,0.5941558441558441,0.5611719260420656,0.645320197044335,0.7184643510054844,0.5856929955290611,0.7400236170715564,0.9030390738060782,0.8642659279778393,0.9454545454545454,0.9728751712616786
RF,0.7046822610234451,0.7140453817024892,0.7017386984600099,0.7729812087353987,0.7620421142618267,"{'n_estimators': 50, 'max_depth': 10}","['mfcc_6', 'mfcc_3', 'mfcc_8', 'wav_detail_lvl3_std', 'spec_centroid']",0.5562913907284768,0.5675675675675675,0.5454545454545454,0.6273107258311168,0.6530612244897959,0.7220216606498195,0.5961251862891207,0.7092572510317202,0.9046941678520626,0.8525469168900804,0.9636363636363636,0.9495583659226429
RF,0.7046171302740897,0.7110489297621934,0.7013002783494587,0.7739969527679025,0.7690465423844891,"{'n_estimators': 50, 'max_depth': 5}","['mfcc_6', 'mfcc_5', 'zcr_mean', 'spec_centroid']",0.5409015025041736,0.5567010309278351,0.525974025974026,0.6299009066567642,0.665086887835703,0.7075630252100841,0.6274217585692996,0.7218399756299886,0.9078630004823927,0.8688827331486612,0.9505050505050505,0.9553987448667145
RF,0.704588711067732,0.7266312617928573,0.6923099062443324,0.7694261046216353,0.7797530419876425,"{'n_estimators': 50, 'max_depth': 5}","['mfcc_6', 'mfcc_11', 'wav_detail_lvl5_std', 'wav_detail_lvl3_std']",0.5582255083179297,0.648068669527897,0.4902597402597403,0.6532226777563258,0.6707787201233616,0.694888178913738,0.6482861400894188,0.7302943223807027,0.8847619047619047,0.8369369369369369,0.9383838383838384,0.9557421258258988
RF,0.704484212708122,0.713306653502392,0.6984335943352337,0.770949720670391,0.7505533259727134,"{'n_estimators': 100, 'max_depth': 5}","['mfcc_5', 'mfcc_11', 'wav_detail_lvl5_std', 'mfcc_8', 'mfcc_10']",0.5432525951557093,0.5814814814814815,0.5097402597402597,0.6058335750962945,0.6733128834355828,0.693522906793049,0.65424739195231,0.6861698975389323,0.896887159533074,0.8649155722326454,0.9313131313131313,0.9596565052829135
RF,0.7043601827870889,0.7060287720932723,0.7095316947775965,0.7719654647028948,0.781842932390333,"{'n_estimators': 50, 'max_depth': 10}","['mfcc_6', 'mfcc_3', 'mfcc_11', 'mfcc_8', 'zcr_mean']",0.5462822458270106,0.5128205128205128,0.5844155844155844,0.6086590625884843,0.6508196721311476,0.7231329690346083,0.5916542473919523,0.7615341693867151,0.9159786304031083,0.882132834424696,0.9525252525252526,0.9753355651957993
RF,0.7043334128170854,0.7046809915780403,0.7082968640345689,0.7653631284916201,0.7559660255835601,"{'n_estimators': 100, 'max_depth': 5}","['mfcc_3', 'mfcc_5', 'mfcc_10', 'zcr_mean']",0.5696594427244582,0.5443786982248521,0.5974025974025974,0.6332396333328604,0.6409017713365539,0.6970227670753065,0.5931445603576752,0.6777050229689964,0.9024390243902439,0.8726415094339622,0.9343434343434344,0.9569534204488237
RF,0.7042363795152907,0.7093054202072514,0.7028966479786152,0.7739969527679025,0.751823752822158,"{'n_estimators': 100, 'max_depth': 10}","['mfcc_6', 'mfcc_11', 'wav_detail_lvl5_std', 'mfcc_8']",0.5365853658536586,0.5374592833876222,0.5357142857142857,0.5738961302449896,0.6677341873498799,0.7214532871972318,0.6214605067064084,0.7150583216003898,0.9083895853423336,0.8690036900369004,0.9515151515151515,0.9665168066210947
RF,0.7041558807266858,0.7333638539415789,0.6908046112964147,0.7653631284916201,0.7294505576093422,"{'n_estimators': 100, 'max_depth': 5}","['mfcc_11', 'wav_detail_lvl5_std', 'mfcc_8', 'mfcc_10']",0.5475728155339806,0.6811594202898551,0.4577922077922078,0.5863230279353782,0.6931254429482636,0.6608108108108108,0.7287630402384501,0.665283174223461,0.8717693836978131,0.8581213307240705,0.8858585858585859,0.9367454706691875
RF,0.704151766942792,0.7095349471660439,0.7015332875988612,0.7714575926866429,0.7765010723016248,"{'n_estimators': 100, 'max_depth': 5}","['mfcc_5', 'mfcc_11', 'mfcc_8', 'mfcc_10', 'wav_detail_lvl3_std', 'zcr_mean', 'spec_centroid']",0.5463576158940397,0.5574324324324325,0.5357142857142857,0.6336885851550689,0.6614048934490924,0.7030201342281879,0.624441132637854,0.7355752081042483,0.9046927914852443,0.8681522748375116,0.9444444444444444,0.9602394236455571
RF,0.704151002591577,0.7190990476147056,0.6956071251153219,0.770949720670391,0.7568778781317831,"{'n_estimators': 50, 'max_depth': 5}","['mfcc_6', 'wav_detail_lvl5_std', 'mfcc_8', 'wav_detail_lvl3_std', 'spec_centroid']",0.5502645502645502,0.6023166023166023,0.5064935064935064,0.6396681781068682,0.6724546172059984,0.714765100671141,0.6348733233979136,0.6898321506423919,0.8897338403041825,0.8402154398563735,0.9454545454545454,0.941133305646089
RF,0.7040191083799437,0.7061030854289281,0.7102819766754194,0.7628237684103606,0.7759829209915345,"{'n_estimators': 100, 'max_depth': None}","['mfcc_3', 'mfcc_5', 'mfcc_8', 'mfcc_10', 'zcr_mean', 'spec_centroid']",0.5866261398176292,0.5514285714285714,0.6266233766233766,0.6482717120359454,0.629045643153527,0.7097378277153558,0.5648286140089419,0.7085159158981073,0.8963855421686747,0.8571428571428571,0.9393939393939394,0.9711611350405513
RF,0.7038528467369485,0.7092708565826845,0.7030192636750013,0.7729812087353987,0.7659532105108581,"{'n_estimators': 100, 'max_depth': 10}","['mfcc_6', 'mfcc_8', 'wav_detail_lvl3_std', 'zcr_mean']",0.5436893203883495,0.5419354838709678,0.5454545454545454,0.6140690021090713,0.6591276252019386,0.7195767195767195,0.6080476900149031,0.7351839790540506,0.9087415946205571,0.8663003663003663,0.9555555555555556,0.9486066503694521
RF,0.7037890625,0.7084295849681244,0.7007928622682722,0.7699339766378872,0.762781546091308,"{'n_estimators': 50, 'max_depth': 5}","['mfcc_5', 'mfcc_8', 'mfcc_10', 'wav_detail_lvl3_std', 'spec_centroid']",0.5433333333333333,0.5582191780821918,0.5292207792207793,0.6310593824826026,0.6666666666666666,0.6946688206785138,0.6408345752608048,0.7093050312973534,0.9013671875,0.8724007561436673,0.9323232323232323,0.9479802244939677
RF,0.7035411884941011,0.7060872143455651,0.7074716722257706,0.7724733367191468,0.7776136555472478,"{'n_estimators': 50, 'max_depth': None}","['mfcc_3', 'mfcc_5', 'mfcc_11', 'mfcc_8', 'mfcc_10', 'wav_detail_lvl3_std', 'zcr_mean']",0.5446153846153846,0.5175438596491229,0.5746753246753247,0.6272678177391985,0.6491803278688525,0.7213114754098361,0.5901639344262295,0.7301211310175549,0.9168278529980658,0.8794063079777366,0.9575757575757575,0.9754520178849904
RF,0.703530082333805,0.7102833528735765,0.7029983677524662,0.7724733367191468,0.7486988915611419,"{'n_estimators': 50, 'max_depth': 5}","['mfcc_6', 'mfcc_3', 'mfcc_8', 'mfcc_10', 'wav_detail_lvl3_std', 'zcr_mean']",0.5525040387722132,0.5498392282958199,0.5551948051948052,0.6182972875714661,0.6486486486486487,0.72,0.5901639344262295,0.6804262985322759,0.909437559580553,0.8610108303249098,0.9636363636363636,0.9473730885796839
RF,0.7034722252331284,0.7327094919098484,0.6883235161923685,0.7648552564753682,0.7810283555877809,"{'n_estimators': 100, 'max_depth': 5}","['mfcc_3', 'wav_detail_lvl5_std', 'zcr_mean', 'spec_centroid']",0.5659655831739961,0.6883720930232559,0.4805194805194805,0.6838938710858877,0.6696900982615268,0.6794478527607362,0.6602086438152012,0.7206636629270803,0.8747609942638623,0.8303085299455535,0.9242424242424242,0.9385275327503744
RF,0.7034642675931906,0.7110834539561969,0.7005188496991774,0.7699339766378872,0.744612103974679,"{'n_estimators': 100, 'max_depth': None}","['mfcc_3', 'mfcc_11', 'mfcc_8', 'zcr_mean', 'spec_centroid']",0.5572139303482587,0.5694915254237288,0.5454545454545454,0.5802304720134762,0.6516492357200322,0.708041958041958,0.6035767511177347,0.6938943303893438,0.9015296367112811,0.8557168784029038,0.9525252525252526,0.9597115095212169
RF,0.7033625431486157,0.7064435202785342,0.7110101798626388,0.7638395124428644,0.7465551886328501,"{'n_estimators': 50, 'max_depth': None}","['mfcc_6', 'mfcc_5', 'mfcc_8', 'zcr_mean', 'spec_centroid']",0.5705794947994056,0.5260273972602739,0.6233766233766234,0.5637952941220975,0.6437552388935457,0.735632183908046,0.5722801788375559,0.725755690885434,0.8957528957528957,0.8576709796672828,0.9373737373737374,0.9501145808910187
RF,0.7032584589960984,0.7064311802695866,0.7050950567344011,0.7745048247841544,0.7545814710124734,"{'n_estimators': 50, 'max_depth': None}","['mfcc_6', 'mfcc_11', 'wav_detail_lvl5_std', 'mfcc_8', 'wav_detail_lvl3_std', 'spec_centroid']",0.5289514866979655,0.5105740181268882,0.5487012987012987,0.5772672007059632,0.6650446066504461,0.7295373665480427,0.6110283159463488,0.7213189793863809,0.9157792836398838,0.879182156133829,0.9555555555555556,0.9651582329450765
RF,0.7032026369390344,0.7073587330992673,0.7030559301051106,0.7755205688166582,0.7200102059930483,"{'n_estimators': 100, 'max_depth': 10}","['mfcc_6', 'mfcc_8', 'zcr_mean', 'spec_centroid']",0.5207667731629393,0.5125786163522013,0.5292207792207793,0.49316235368134254,0.6768488745980707,0.7347294938917975,0.6274217585692996,0.7165748210188996,0.9119922630560928,0.8747680890538033,0.9525252525252526,0.950293443278903
RF,0.703049493459774,0.7115412993243413,0.6992899328964902,0.7760284408329101,0.7730589196433217,"{'n_estimators': 100, 'max_depth': None}","['mfcc_3', 'mfcc_11', 'mfcc_8', 'wav_detail_lvl3_std', 'zcr_mean', 'spec_centroid']",0.5335570469798657,0.5520833333333334,0.5162337662337663,0.6250699730142479,0.6634615384615384,0.7175043327556326,0.61698956780924,0.7334463904293788,0.9121298949379179,0.865036231884058,0.9646464646464646,0.9606603954863387
RF,0.703021889323414,0.7059743590959867,0.7081474384753074,0.7689182326053834,0.7720107041056146,"{'n_estimators': 100, 'max_depth': None}","['mfcc_6', 'mfcc_3', 'mfcc_5', 'mfcc_11', 'mfcc_8', 'mfcc_10']",0.5579268292682927,0.5258620689655172,0.5941558441558441,0.6042134415086107,0.6412593206296603,0.7220149253731343,0.5767511177347243,0.7366703145013598,0.9098795180722892,0.8700460829493087,0.9535353535353536,0.9751483563068732
RF,0.7028984603598137,0.709264022018071,0.7085204109794274,0.7643473844591163,0.7520689512285607,"{'n_estimators': 50, 'max_depth': None}","['mfcc_6', 'mfcc_3', 'mfcc_5', 'mfcc_8', 'zcr_mean']",0.5823170731707317,0.5488505747126436,0.6201298701298701,0.5713329208933055,0.6304163126593033,0.733201581027668,0.5529061102831595,0.7211521650463736,0.8959619952494062,0.8457399103139014,0.9525252525252526,0.9637217677460029
RF,0.7028073803462256,0.7125833315624326,0.6960960108501092,0.770949720670391,0.7549989064492407,"{'n_estimators': 100, 'max_depth': 5}","['mfcc_5', 'wav_detail_lvl5_std', 'mfcc_8', 'mfcc_10']",0.5291005291005291,0.5791505791505791,0.487012987012987,0.6141019571893095,0.6831091180866966,0.6851574212893553,0.6810730253353204,0.7115025370243874,0.8962124938514511,0.8734419942473634,0.9202020202020202,0.9393922251340255
RF,0.7028036356780504,0.704401932937488,0.706806551068846,0.7638395124428644,0.7434619545003094,"{'n_estimators': 100, 'max_depth': 10}","['mfcc_5', 'wav_detail_lvl3_std']",0.5679012345679012,0.5411764705882353,0.5974025974025974,0.6226288732348843,0.6433224755700325,0.7091561938958707,0.5886736214605067,0.6907917193865332,0.8971871968962173,0.8628731343283582,0.9343434343434344,0.9169652708795107
RF,0.7027118543837055,0.7123873926941715,0.7006919310197999,0.7689182326053834,0.7472977048221042,"{'n_estimators': 50, 'max_depth': 5}","['mfcc_6', 'mfcc_3', 'mfcc_8', 'mfcc_10', 'wav_detail_lvl3_std', 'spec_centroid']",0.5681444991789819,0.574750830564784,0.5616883116883117,0.6237707851453417,0.639141205615194,0.7166666666666667,0.5767511177347243,0.6733852659287421,0.9008498583569405,0.8457446808510638,0.9636363636363636,0.9447370633922286
RF,0.7026680213234227,0.7083179707626023,0.7006631498434777,0.7679024885728797,0.757804714434419,"{'n_estimators': 50, 'max_depth': 5}","['mfcc_3', 'mfcc_11', 'mfcc_10', 'spec_centroid']",0.5592105263157895,0.5666666666666667,0.551948051948052,0.6274700506477886,0.646964856230032,0.6970740103270223,0.6035767511177347,0.695783920469062,0.9018286814244466,0.8612132352941176,0.9464646464646465,0.9501601721864061
RF,0.7026669221372545,0.7051523717025576,0.7119978078994471,0.7679024885728797,0.7697533647885318,"{'n_estimators': 50, 'max_depth': None}","['mfcc_5', 'mfcc_11', 'mfcc_8', 'mfcc_10', 'wav_detail_lvl3_std', 'zcr_mean']",0.5592972181551976,0.5093333333333333,0.6201298701298701,0.6246369806050283,0.6358284272497897,0.7297297297297297,0.563338301043219,0.7230903256262019,0.9128751210067764,0.8763940520446096,0.9525252525252526,0.9615327881343652
RF,0.7025777432647744,0.7155147327338294,0.7006808916644983,0.7577450482478415,0.753492233010686,"{'n_estimators': 100, 'max_depth': 5}","['mfcc_3', 'zcr_mean', 'spec_centroid']",0.6111111111111112,0.6151315789473685,0.6071428571428571,0.6593790880363979,0.6221470836855453,0.71875,0.5484351713859911,0.6921248286407955,0.8744750349976668,0.8126626192541196,0.9464646464646465,0.9089727823548649
RF,0.7024488401390542,0.7226708330174483,0.6911204157105796,0.7643473844591163,0.7692042129639157,"{'n_estimators': 100, 'max_depth': 5}","['mfcc_6', 'mfcc_3', 'wav_detail_lvl5_std', 'wav_detail_lvl3_std']",0.572463768115942,0.6475409836065574,0.512987012987013,0.6625291387551453,0.6540880503144654,0.6921797004991681,0.6199701937406855,0.7096935343728663,0.8807947019867549,0.8282918149466192,0.9404040404040404,0.9353899657637356
RF,0.7023556429066312,0.7112154913085851,0.6996155938778891,0.7653631284916201,0.7593250330481439,"{'n_estimators': 50, 'max_depth': 5}","['mfcc_6', 'mfcc_11', 'mfcc_8', 'mfcc_10', 'wav_detail_lvl3_std']",0.570957095709571,0.5805369127516778,0.5616883116883117,0.6223470749380524,0.6443719412724307,0.7117117117117117,0.5886736214605067,0.7027724173126836,0.8917378917378918,0.8413978494623656,0.9484848484848485,0.9528556068936955
RF,0.7023483194269712,0.712193185224416,0.697680158335896,0.7694261046216353,0.7509872297399228,"{'n_estimators': 50, 'max_depth': 5}","['mfcc_6', 'mfcc_8', 'mfcc_10', 'wav_detail_lvl3_std', 'spec_centroid']",0.5540540540540541,0.5774647887323944,0.5324675324675324,0.6208869639983199,0.6548956661316212,0.7095652173913043,0.6080476900149031,0.6952694411909525,0.8980952380952381,0.8495495495495495,0.9525252525252526,0.9368052840304959
RF,0.7023463452013697,0.7031460740602915,0.703521160078537,0.7719654647028948,0.7283813118943052,"{'n_estimators': 100, 'max_depth': 10}","['mfcc_3', 'mfcc_11', 'mfcc_8', 'mfcc_10']",0.5301587301587302,0.5186335403726708,0.5422077922077922,0.540504169425122,0.660377358490566,0.6988352745424293,0.6259314456035767,0.677159930488808,0.9165029469548134,0.8919694072657743,0.9424242424242424,0.9674798357689854
RF,0.7022230215488139,0.7070309833028817,0.7002361633509174,0.770949720670391,0.7728572124384302,"{'n_estimators': 50, 'max_depth': 5}","['mfcc_6', 'mfcc_3', 'mfcc_5', 'mfcc_11', 'mfcc_10', 'spec_centroid']",0.5436573311367381,0.5518394648829431,0.5357142857142857,0.6441964823407947,0.6534810126582279,0.6964586846543002,0.6154992548435171,0.7139170825325558,0.9095307208514756,0.872794800371402,0.9494949494949495,0.9604580724419403
RF,0.7019825563515552,0.704443913827868,0.7071929285044037,0.765871000507872,0.7643833209237488,"{'n_estimators': 50, 'max_depth': None}","['mfcc_3', 'mfcc_5', 'mfcc_8', 'wav_detail_lvl3_std', 'spec_centroid']",0.5601217656012176,0.5272206303724928,0.5974025974025974,0.6173129580131158,0.6424442609413707,0.7203703703703703,0.5797317436661699,0.7121533831383552,0.9033816425120773,0.8657407407407407,0.9444444444444444,0.963683621619775
RF,0.7018803332187616,0.7056771037354933,0.7038716596093645,0.7699339766378872,0.763800595597571,"{'n_estimators': 50, 'max_depth': 5}","['mfcc_5', 'mfcc_11', 'mfcc_8', 'wav_detail_lvl3_std']",0.5463108320251178,0.5288753799392097,0.564935064935065,0.6191530853448614,0.6503267973856209,0.7197106690777577,0.5931445603576752,0.7119994425751124,0.9090033702455464,0.8684452621895125,0.9535353535353536,0.960249258872739
RF,0.701855099860842,0.7044208774406773,0.7052614355893044,0.7623158963941087,0.754374828850088,"{'n_estimators': 100, 'max_depth': None}","['mfcc_3', 'mfcc_5', 'mfcc_8', 'zcr_mean', 'spec_centroid']",0.5763239875389408,0.5538922155688623,0.6006493506493507,0.6088182893694022,0.6333878887070377,0.7023593466424682,0.5767511177347243,0.6899024446846663,0.8958534233365477,0.8570110701107011,0.9383838383838384,0.9644037524961955
RF,0.7017109845096193,0.7069901266469025,0.709516318532712,0.760792280345353,0.7693714852764133,"{'n_estimators': 100, 'max_depth': None}","['mfcc_6', 'mfcc_3', 'mfcc_5', 'mfcc_8', 'mfcc_10']",0.5915915915915916,0.5502793296089385,0.6396103896103896,0.6272303304538949,0.621160409556314,0.7265469061876247,0.5424739195230999,0.7267217670968431,0.8923809523809524,0.8441441441441442,0.9464646464646465,0.9541623582785019
RF,0.7015970466135563,0.7067538028475552,0.7040687909540368,0.7633316404266125,0.7580239395395351,"{'n_estimators': 50, 'max_depth': 5}","['mfcc_3', 'mfcc_10', 'zcr_mean', 'spec_centroid']",0.5786163522012578,0.5609756097560976,0.5974025974025974,0.6191346877359486,0.6301824212271974,0.7102803738317757,0.5663189269746647,0.7095322670916223,0.8959923664122137,0.849005424954792,0.9484848484848485,0.9454048637910341
RF,0.7015846883551422,0.7239746705019262,0.6896096010850109,0.7699339766378872,0.756415143905015,"{'n_estimators': 50, 'max_depth': 5}","['mfcc_6', 'wav_detail_lvl5_std', 'mfcc_10', 'wav_detail_lvl3_std']",0.5471349353049908,0.6351931330472103,0.4805194805194805,0.6449082131466045,0.6697819314641744,0.7014681892332789,0.6408345752608048,0.6903641683283209,0.8878371982962613,0.8352626892252895,0.9474747474747475,0.9339730502401193
RF,0.7015593717017445,0.7048149575459242,0.7018889125446502,0.7679024885728797,0.7763334168676126,"{'n_estimators': 100, 'max_depth': 5}","['mfcc_5', 'mfcc_11', 'mfcc_8', 'wav_detail_lvl3_std', 'spec_centroid']",0.5472,0.5394321766561514,0.5551948051948052,0.6341644026257935,0.6538461538461539,0.707105719237435,0.6080476900149031,0.7275599256189814,0.9036319612590799,0.867906976744186,0.9424242424242424,0.9672759223580627
RF,0.7015195513022688,0.712844300044582,0.6945646945646945,0.7668867445403759,0.7317402462285169,"{'n_estimators': 100, 'max_depth': 5}","['mfcc_11', 'mfcc_10', 'wav_detail_lvl3_std']",0.5486111111111112,0.5895522388059702,0.512987012987013,0.569379658367751,0.6682316118935837,0.7034596375617792,0.6363636363636364,0.7030108164511968,0.8877159309021113,0.8455210237659964,0.9343434343434344,0.9228302638666027
RF,0.7012326533107608,0.7156630277974715,0.6922097635212389,0.7679024885728797,0.7765510556641754,"{'n_estimators': 50, 'max_depth': 10}","['mfcc_3', 'wav_detail_lvl5_std', 'wav_detail_lvl3_std', 'zcr_mean']",0.538878842676311,0.6081632653061224,0.4837662337662338,0.660933699936636,0.6736526946107785,0.6766917293233082,0.6706408345752608,0.7286753331036359,0.8911664226451927,0.8621340887629839,0.9222222222222223,0.940044133952254
RF,0.7011411720309079,0.7179055720628723,0.6914389799635701,0.7673946165566278,0.7628738760282682,"{'n_estimators': 100, 'max_depth': 5}","['mfcc_6', 'mfcc_3', 'wav_detail_lvl5_std', 'mfcc_8', 'wav_detail_lvl3_std', 'spec_centroid']",0.5529622980251346,0.6184738955823293,0.5,0.6495563994518647,0.6614664586583463,0.6939443535188216,0.6318926974664679,0.6900646585113567,0.8889947594092424,0.8412984670874661,0.9424242424242424,0.9490005701215831
RF,0.701055118562055,0.7052715997863678,0.7025579763284683,0.7689182326053834,0.7768675390557952,"{'n_estimators': 100, 'max_depth': 10}","['mfcc_6', 'mfcc_3', 'mfcc_5', 'mfcc_11', 'mfcc_10', 'zcr_mean']",0.5506329113924051,0.5370370370370371,0.564935064935065,0.6265635371901014,0.6437908496732027,0.7124773960216998,0.587183308494784,0.7285339693575311,0.9087415946205571,0.8663003663003663,0.9555555555555556,0.9755051106197529
RF,0.7008695604182039,0.7059600140872075,0.7020836783131865,0.765871000507872,0.7606973457899552,"{'n_estimators': 50, 'max_depth': None}","['mfcc_6', 'mfcc_3', 'mfcc_8', 'wav_detail_lvl3_std', 'zcr_mean']",0.5520504731861199,0.5368098159509203,0.5681818181818182,0.6054692058803527,0.6546349466776046,0.7281021897810219,0.5946348733233979,0.7329026298347222,0.8959232613908873,0.8529680365296803,0.9434343434343434,0.9437202016547906
RF,0.7008083542624787,0.7237072884316924,0.6889184585905898,0.7623158963941087,0.7652969142393259,"{'n_estimators': 100, 'max_depth': 5}","['mfcc_6', 'wav_detail_lvl5_std', 'wav_detail_lvl3_std']",0.5760869565217391,0.6516393442622951,0.5162337662337663,0.6615841861659452,0.6511627906976745,0.7048611111111112,0.6050670640834576,0.7060540289092803,0.8751753155680224,0.814621409921671,0.9454545454545454,0.9282525276427521
RF,0.7007288206427992,0.705972532824569,0.7025031738146493,0.7689182326053834,0.783316765470745,"{'n_estimators': 100, 'max_depth': None}","['mfcc_3', 'mfcc_5', 'mfcc_11', 'mfcc_8', 'mfcc_10', 'zcr_mean', 'spec_centroid']",0.5520504731861199,0.5368098159509203,0.5681818181818182,0.6363259882999435,0.641914191419142,0.7190388170055453,0.5797317436661699,0.7337320055089239,0.9082217973231358,0.8620689655172413,0.9595959595959596,0.9798923026033679
RF,0.7006634336463757,0.7091072113635204,0.7087092628076235,0.7653631284916201,0.7685790593639586,"{'n_estimators': 100, 'max_depth': 5}","['mfcc_3', 'mfcc_11', 'mfcc_10', 'zcr_mean', 'spec_centroid']",0.5825825825825826,0.5418994413407822,0.6298701298701299,0.6298623817419982,0.6151172893136403,0.7375,0.5275707898658718,0.7187405133272416,0.9042904290429042,0.847922192749779,0.9686868686868687,0.9571342830226364
RF,0.7006379795963932,0.702605691078797,0.7061272364551053,0.765871000507872,0.7409794285076431,"{'n_estimators': 50, 'max_depth': None}","['mfcc_6', 'mfcc_3', 'mfcc_11', 'mfcc_8', 'mfcc_10']",0.5562310030395137,0.5228571428571429,0.5941558441558441,0.5609744623537324,0.6380873866446826,0.7140221402214022,0.5767511177347243,0.6981321381506138,0.9075955491049831,0.8709377901578459,0.9474747474747475,0.9638316850185832
RF,0.7006122151029791,0.7062597060963457,0.6971877242369046,0.7689182326053834,0.7652929629719788,"{'n_estimators': 50, 'max_depth': 5}","['mfcc_3', 'mfcc_5', 'mfcc_8', 'mfcc_10', 'wav_detail_lvl3_std', 'zcr_mean']",0.540268456375839,0.5590277777777778,0.5227272727272727,0.6366288456000353,0.6562743569758379,0.6879084967320261,0.6274217585692996,0.6987033690477502,0.9052938319572608,0.8718428437792329,0.9414141414141414,0.960546674268151
RF,0.7005127653616343,0.7193258864095607,0.6905719963097012,0.7577450482478415,0.7387302960483552,"{'n_estimators': 100, 'max_depth': 5}","['mfcc_6', 'wav_detail_lvl3_std']",0.5901060070671378,0.6472868217054264,0.5422077922077922,0.6275730786730803,0.6414182111200645,0.6982456140350877,0.5931445603576752,0.6736901627176273,0.8700140778977006,0.8124452234881683,0.9363636363636364,0.9149276467543582
RF,0.7004774085006099,0.7297810657661468,0.6871754232409969,0.7699339766378872,0.7366943911515692,"{'n_estimators': 100, 'max_depth': 5}","['mfcc_11', 'wav_detail_lvl5_std', 'mfcc_10']",0.5234375,0.6568627450980392,0.43506493506493504,0.5886171422912618,0.6997084548104956,0.6847360912981455,0.7153502235469449,0.7030529010844675,0.878286270691334,0.8477443609022557,0.9111111111111111,0.9184131300789784
RF,0.6998377869321502,0.7284467319826115,0.6851985901166229,0.7638395124428644,0.7728721365568387,"{'n_estimators': 100, 'max_depth': 5}","['mfcc_3', 'wav_detail_lvl5_std', 'zcr_mean']",0.5583173996175909,0.6790697674418604,0.474025974025974,0.6851745899833289,0.6611195158850227,0.6712749615975423,0.6512667660208644,0.7003068360997593,0.8800764452938366,0.8349954669084315,0.9303030303030303,0.9331349835874279
RF,0.6997542952933288,0.718986340565222,0.6888470970438183,0.7628237684103606,0.7557087069369383,"{'n_estimators': 50, 'max_depth': 5}","['mfcc_11', 'wav_detail_lvl5_std', 'mfcc_8', 'mfcc_10', 'spec_centroid']",0.5427509293680297,0.6347826086956522,0.474025974025974,0.6121529894831076,0.6798534798534799,0.6685878962536023,0.6915052160953801,0.7152037566144391,0.8766584766584766,0.8535885167464115,0.901010101010101,0.9397693747132683
RF,0.6997487708803961,0.706610225035189,0.6964918505902112,0.7704418486541391,0.7584512177319617,"{'n_estimators': 100, 'max_depth': None}","['mfcc_11', 'mfcc_8', 'mfcc_10', 'wav_detail_lvl3_std', 'zcr_mean', 'spec_centroid']",0.5342237061769616,0.5498281786941581,0.5194805194805194,0.5957870384593662,0.659253375694996,0.70578231292517,0.6184798807749627,0.7144211620161506,0.9057692307692308,0.8642201834862385,0.9515151515151515,0.9651454527203678
RF,0.6996797469950642,0.7173491067438725,0.690633501289239,0.7689182326053834,0.7574410111005808,"{'n_estimators': 100, 'max_depth': 5}","['mfcc_6', 'mfcc_3', 'wav_detail_lvl5_std', 'mfcc_8', 'mfcc_10', 'wav_detail_lvl3_std']",0.5516014234875445,0.610236220472441,0.5032467532467533,0.6409155922297357,0.6528,0.7046632124352331,0.6080476900149031,0.6846405789602268,0.8946378174976481,0.8371478873239436,0.9606060606060606,0.94676686211178
RF,0.6996530724807107,0.7073016495564617,0.6956418202319842,0.7689182326053834,0.7634985096798214,"{'n_estimators': 100, 'max_depth': 5}","['mfcc_5', 'wav_detail_lvl5_std', 'mfcc_8', 'mfcc_10', 'zcr_mean']",0.5387205387205387,0.5594405594405595,0.5194805194805194,0.622807948471901,0.6587490102929533,0.7027027027027027,0.6199701937406855,0.7142681210337832,0.9014896684286401,0.8597616865261228,0.9474747474747475,0.9534194595337798
RF,0.6993994961947704,0.7251327784031045,0.6862504829717945,0.766378872524124,0.7564157711680703,"{'n_estimators': 50, 'max_depth': 5}","['mfcc_11', 'wav_detail_lvl5_std', 'mfcc_10', 'zcr_mean', 'spec_centroid']",0.5343511450381679,0.6481481481481481,0.45454545454545453,0.6083921860549711,0.6890881913303438,0.6911544227886057,0.6870342771982116,0.7275374197614889,0.8747591522157996,0.8360957642725598,0.9171717171717172,0.9333177076877508
RF,0.6993336883370537,0.7009737199969616,0.7005977022370465,0.7643473844591163,0.7620581662645307,"{'n_estimators': 100, 'max_depth': 5}","['mfcc_5', 'mfcc_8', 'wav_detail_lvl3_std', 'spec_centroid']",0.5451664025356577,0.5325077399380805,0.5584415584415584,0.6292943797759468,0.6523468575974543,0.6996587030716723,0.6110283159463488,0.7035146873409605,0.9004878048780488,0.870754716981132,0.9323232323232323,0.9533654316766851
RF,0.699315266648394,0.7346253583793002,0.6828681033599066,0.765871000507872,0.7613847249419426,"{'n_estimators': 50, 'max_depth': 5}","['mfcc_6', 'mfcc_3', 'wav_detail_lvl5_std']",0.556420233463035,0.6941747572815534,0.4642857142857143,0.6633891009039125,0.6625386996904025,0.6892109500805152,0.6378539493293591,0.6856731774742284,0.8789868667917449,0.8204903677758318,0.9464646464646465,0.9350918964476872
RF,0.6992615507803256,0.7011541493106757,0.6995769561343333,0.7750126968004063,0.7513712134899176,"{'n_estimators': 50, 'max_depth': 10}","['mfcc_3', 'mfcc_11', 'mfcc_8', 'mfcc_10', 'zcr_mean']",0.5096153846153846,0.5031645569620253,0.5162337662337663,0.5501062763459219,0.6624605678233438,0.7035175879396985,0.6259314456035767,0.727433658561621,0.9257086999022482,0.896780303030303,0.9565656565656566,0.97657370556221
RF,0.6991451968557754,0.7050766807991263,0.6979131675852988,0.7668867445403759,0.7492030329166268,"{'n_estimators': 100, 'max_depth': None}","['mfcc_11', 'wav_detail_lvl5_std', 'mfcc_8', 'wav_detail_lvl3_std', 'zcr_mean', 'spec_centroid']",0.5422077922077922,0.5422077922077922,0.5422077922077922,0.5837298595409234,0.65642683912692,0.7173144876325088,0.6050670640834576,0.7103733904875387,0.8988009592326139,0.8557077625570776,0.9464646464646465,0.9535058487214184
RF,0.6990703120886993,0.704209632556171,0.6975185106332646,0.7724733367191468,0.7577826154033996,"{'n_estimators': 50, 'max_depth': None}","['mfcc_3', 'mfcc_11', 'wav_detail_lvl5_std', 'mfcc_8', 'zcr_mean', 'spec_centroid']",0.5237315875613748,0.528052805280528,0.5194805194805194,0.5951653132204863,0.6597444089456869,0.7108433734939759,0.6154992548435171,0.7114130649362848,0.9137349397590362,0.8737327188940092,0.9575757575757575,0.9667694680534279
RF,0.6989830596187584,0.7185214121089585,0.6880897184175874,0.7689182326053834,0.7661215704507409,"{'n_estimators': 100, 'max_depth': 5}","['mfcc_11', 'wav_detail_lvl5_std', 'mfcc_10', 'wav_detail_lvl3_std', 'spec_centroid']",0.5286506469500925,0.6137339055793991,0.4642857142857143,0.6176658629018568,0.6829268292682927,0.6989079563182528,0.6676602086438153,0.7371787359705619,0.8853717026378897,0.8429223744292238,0.9323232323232323,0.9435201124798038
RF,0.6988681141768271,0.703124840086025,0.6974853925673599,0.7714575926866429,0.7626796752294233,"{'n_estimators': 100, 'max_depth': None}","['mfcc_3', 'mfcc_11', 'wav_detail_lvl5_std', 'mfcc_8', 'spec_centroid']",0.5228758169934641,0.5263157894736842,0.5194805194805194,0.6000292396639384,0.6613798572561459,0.7067796610169491,0.6214605067064084,0.7218568785614028,0.9123486682808717,0.8762790697674419,0.9515151515151515,0.9661529074629287
RF,0.6988670841966904,0.7049654967123656,0.6962462249347494,0.7648552564753682,0.7540783760167028,"{'n_estimators': 100, 'max_depth': 5}","['mfcc_3', 'mfcc_8', 'mfcc_10', 'wav_detail_lvl3_std', 'zcr_mean', 'spec_centroid']",0.5538971807628524,0.5661016949152542,0.5422077922077922,0.6337524485854948,0.6428003182179793,0.689419795221843,0.6020864381520119,0.6826858941813092,0.8999037536092397,0.859375,0.9444444444444444,0.9457967852833042
RF,0.6988166567482693,0.7011632988789733,0.7043873552070273,0.766378872524124,0.7525718805351435,"{'n_estimators': 100, 'max_depth': 10}","['mfcc_6', 'mfcc_11', 'mfcc_8', 'wav_detail_lvl3_std']",0.5446293494704992,0.509915014164306,0.5844155844155844,0.5862819672408742,0.6413223140495867,0.7198515769944341,0.5782414307004471,0.7120996561739946,0.9104983067247219,0.8737233054781801,0.9505050505050505,0.9593340181905612
RF,0.6988109673365114,0.7193020574923444,0.6881997177079144,0.760792280345353,0.7475901732567062,"{'n_estimators': 50, 'max_depth': 5}","['wav_detail_lvl5_std', 'mfcc_10', 'spec_centroid']",0.5338345864661654,0.6339285714285714,0.461038961038961,0.5934326764240949,0.6992103374012921,0.6745152354570637,0.7257824143070045,0.7338606995666915,0.8633879781420765,0.8494623655913979,0.8777777777777778,0.9154771437793323
RF,0.6986898859576053,0.7078480286256336,0.6921963585898011,0.7613001523616049,0.7509248714580495,"{'n_estimators': 100, 'max_depth': 5}","['mfcc_11', 'wav_detail_lvl5_std', 'mfcc_8', 'mfcc_10', 'wav_detail_lvl3_std', 'zcr_mean']",0.5460869565217391,0.5880149812734082,0.5097402597402597,0.6227701086627241,0.668693009118541,0.6821705426356589,0.6557377049180327,0.6926256899899713,0.8812896922325354,0.8533585619678334,0.9111111111111111,0.9373788157214533
RF,0.698622131499049,0.7009915285517695,0.7012841135791955,0.7643473844591163,0.7711705250426647,"{'n_estimators': 100, 'max_depth': 5}","['mfcc_3', 'mfcc_5', 'mfcc_8', 'wav_detail_lvl3_std', 'zcr_mean']",0.554858934169279,0.5363636363636364,0.5746753246753247,0.6591739374603122,0.6352558895207149,0.6982142857142857,0.5827123695976155,0.689449408267916,0.9057515708071532,0.8683966635773864,0.9464646464646465,0.964888229399766
RF,0.6983474294105089,0.7031184565128413,0.6981402628943613,0.7673946165566278,0.7799964099794799,"{'n_estimators': 50, 'max_depth': 5}","['mfcc_6', 'mfcc_3', 'mfcc_5', 'mfcc_11', 'mfcc_10', 'zcr_mean', 'spec_centroid']",0.5460420032310178,0.5434083601286174,0.5487012987012987,0.6441094020678972,0.6402586903799515,0.6996466431095406,0.5901639344262295,0.7303950892655361,0.9087415946205571,0.8663003663003663,0.9555555555555556,0.9654847386050063
RF,0.6983341762914002,0.7028740478289768,0.7000749099109754,0.7648552564753682,0.772404790825261,"{'n_estimators': 100, 'max_depth': None}","['mfcc_3', 'wav_detail_lvl5_std', 'mfcc_8', 'mfcc_10', 'wav_detail_lvl3_std', 'zcr_mean', 'spec_centroid']",0.5569620253164557,0.5432098765432098,0.5714285714285714,0.6302720264466197,0.6338259441707718,0.7056672760511883,0.5752608047690015,0.7192639512638214,0.9042145593869731,0.8597449908925319,0.9535353535353536,0.9676783947653419
RF,0.6981611385352616,0.7144292116123775,0.688707133789101,0.7638395124428644,0.7626775253308068,"{'n_estimators': 50, 'max_depth': 5}","['mfcc_3', 'wav_detail_lvl5_std', 'mfcc_8', 'wav_detail_lvl3_std', 'zcr_mean', 'spec_centroid']",0.5555555555555556,0.62,0.5032467532467533,0.6648196161741922,0.6500389711613406,0.6813725490196079,0.6214605067064084,0.6891256428432919,0.8888888888888888,0.8419150858175248,0.9414141414141414,0.9340873169749364
RF,0.6981547719779678,0.7159778554733727,0.6878425157113682,0.766378872524124,0.7408240926614837,"{'n_estimators': 50, 'max_depth': 5}","['mfcc_11', 'wav_detail_lvl5_std', 'mfcc_10', 'wav_detail_lvl3_std']",0.5328467153284672,0.6083333333333333,0.474025974025974,0.6043223439919183,0.6799693016116654,0.7009493670886076,0.6602086438152012,0.6784205849040007,0.881648298993771,0.8386508659981768,0.9292929292929293,0.9397293490885323
RF,0.6979914000951922,0.7014882214843259,0.6961437166355199,0.7679024885728797,0.7390251966803335,"{'n_estimators': 50, 'max_depth': None}","['mfcc_3', 'mfcc_11', 'wav_detail_lvl5_std', 'zcr_mean']",0.5230263157894737,0.53,0.5162337662337663,0.5878497928547448,0.6671862821512081,0.6993464052287581,0.6378539493293591,0.679780806647276,0.903761602344895,0.8751182592242195,0.9343434343434344,0.9494449905389796
RF,0.6978981271719474,0.69719066427631,0.7040573573360458,0.7613001523616049,0.7626885466152636,"{'n_estimators': 50, 'max_depth': 5}","['mfcc_5', 'mfcc_8', 'wav_detail_lvl3_std', 'zcr_mean']",0.552870090634441,0.5169491525423728,0.5941558441558441,0.6320480444135346,0.6359223300970874,0.695575221238938,0.5856929955290611,0.7003846856416831,0.9049019607843137,0.8790476190476191,0.9323232323232323,0.9556329097905731
RF,0.6978094905812768,0.7035274616783974,0.6964859366498711,0.7734890807516506,0.7463351793198659,"{'n_estimators': 50, 'max_depth': None}","['mfcc_3', 'mfcc_11', 'wav_detail_lvl5_std', 'mfcc_8', 'zcr_mean']",0.5196078431372549,0.5230263157894737,0.5162337662337663,0.5830506552336306,0.6553945249597424,0.712784588441331,0.6065573770491803,0.6930053963199022,0.918426103646833,0.8747714808043876,0.9666666666666667,0.962949486406065
RF,0.6978094795010357,0.6984114776426197,0.7055614694958957,0.760284408329101,0.7644217134152301,"{'n_estimators': 100, 'max_depth': 5}","['mfcc_3', 'mfcc_5', 'mfcc_11', 'mfcc_10', 'zcr_mean']",0.5697151424287856,0.5292479108635098,0.6168831168831169,0.6482107901153444,0.6192052980132451,0.6964618249534451,0.5573770491803278,0.6821300359150954,0.9045079980610761,0.869524697110904,0.9424242424242424,0.9629243142152507
RF,0.6977944576514404,0.7020546404688662,0.7018163682098107,0.7613001523616049,0.758726852286841,"{'n_estimators': 50, 'max_depth': None}","['mfcc_6', 'mfcc_5', 'mfcc_8', 'mfcc_10', 'zcr_mean', 'spec_centroid']",0.5656877897990726,0.5398230088495575,0.5941558441558441,0.5950920289308703,0.6306156405990017,0.7137476459510358,0.5648286140089419,0.7264328054622289,0.897079942556247,0.8525932666060054,0.9464646464646465,0.9546557224674238
RF,0.6976531110456318,0.6994178720938464,0.7017095230209985,0.7643473844591163,0.7700914695711104,"{'n_estimators': 100, 'max_depth': None}","['mfcc_3', 'mfcc_5', 'mfcc_11', 'mfcc_8', 'mfcc_10', 'zcr_mean']",0.5493827160493827,0.5235294117647059,0.577922077922078,0.6183951980595359,0.6351020408163265,0.7021660649819494,0.5797317436661699,0.7152938392673143,0.9084745762711864,0.8725581395348837,0.9474747474747475,0.9765853713864809
RF,0.6975965991402854,0.6995923636330929,0.6980085791561201,0.7618080243778568,0.7755063359732118,"{'n_estimators': 100, 'max_depth': 5}","['mfcc_5', 'mfcc_11', 'mfcc_8', 'mfcc_10', 'wav_detail_lvl3_std', 'spec_centroid']",0.5480769230769231,0.5411392405063291,0.5551948051948052,0.6390680887224424,0.6471518987341772,0.6897133220910624,0.6095380029806259,0.7228649042085387,0.8975609756097561,0.8679245283018868,0.9292929292929293,0.9645860149886545
RF,0.6975642774470899,0.6992595825804525,0.6985842026825634,0.7724733367191468,0.7673491874614923,"{'n_estimators': 100, 'max_depth': 10}","['mfcc_3', 'mfcc_5', 'mfcc_11', 'mfcc_8', 'mfcc_10', 'spec_centroid']",0.5111111111111111,0.5,0.5227272727272727,0.609442457250823,0.6587301587301587,0.7045840407470289,0.6184798807749627,0.7130006031349017,0.9228515625,0.8931947069943289,0.9545454545454546,0.979604501998752
RF,0.697562737888195,0.6988052907765098,0.7104534809452843,0.7648552564753682,0.76009589814192,"{'n_estimators': 100, 'max_depth': 10}","['mfcc_3', 'mfcc_5', 'mfcc_11', 'mfcc_8', 'zcr_mean']",0.550354609929078,0.48866498740554154,0.6298701298701299,0.5892134081065687,0.6199324324324325,0.7153996101364523,0.5469448584202683,0.710983056787585,0.9224011713030746,0.8923512747875354,0.9545454545454546,0.9800912295316061
RF,0.6974901280752345,0.7014514886268758,0.7024881918324541,0.7653631284916201,0.7298034342446013,"{'n_estimators': 50, 'max_depth': 10}","['mfcc_6', 'mfcc_5', 'mfcc_8']",0.5440729483282675,0.5114285714285715,0.5811688311688312,0.5505681531103276,0.6416666666666667,0.7277882797731569,0.5737704918032787,0.7085653756207367,0.9067307692307692,0.865137614678899,0.9525252525252526,0.9302767740027394
RF,0.6973366689227588,0.7033682595295172,0.6979975398008186,0.766378872524124,0.7548184251300656,"{'n_estimators': 100, 'max_depth': None}","['mfcc_6', 'mfcc_3', 'mfcc_8', 'zcr_mean', 'spec_centroid']",0.5454545454545454,0.5360501567398119,0.5551948051948052,0.5818130365234072,0.6419753086419753,0.7169117647058824,0.5812220566318927,0.7265551757493478,0.9045801526717557,0.8571428571428571,0.9575757575757575,0.9560870631174416
RF,0.6970955986628994,0.7002901289115915,0.7058252312350671,0.7633316404266125,0.7561661841877793,"{'n_estimators': 100, 'max_depth': 5}","['mfcc_6', 'mfcc_5', 'mfcc_8', 'mfcc_10', 'zcr_mean']",0.5483870967741935,0.5,0.6071428571428571,0.5741339555588477,0.6352148272957034,0.7306201550387597,0.5618479880774963,0.7398136825086096,0.9076848719188013,0.8702502316960148,0.9484848484848485,0.9545509144958805
RF,0.6970836938963217,0.6980923230923232,0.6985775002168445,0.7613001523616049,0.7452833684892458,"{'n_estimators': 100, 'max_depth': 5}","['mfcc_5', 'mfcc_8', 'mfcc_10', 'wav_detail_lvl3_std']",0.5443037974683544,0.5308641975308642,0.5584415584415584,0.6188650369154856,0.6492478226444972,0.6925675675675675,0.6110283159463488,0.6848502993818343,0.8976994615761136,0.8708452041785375,0.9262626262626262,0.9321347691704175
RF,0.6969265672977375,0.6986691589138082,0.7052622241146831,0.760792280345353,0.7605325566070166,"{'n_estimators': 50, 'max_depth': 5}","['mfcc_6', 'mfcc_11', 'mfcc_8', 'mfcc_10', 'zcr_mean', 'spec_centroid']",0.55,0.5026881720430108,0.6071428571428571,0.5814337545441569,0.6394671107410491,0.7245283018867924,0.5722801788375559,0.7374086599319126,0.9013125911521633,0.8687910028116214,0.9363636363636364,0.9627552553449801
RF,0.6967640545410037,0.6998604528814646,0.6959477680789156,0.7638395124428644,0.7804212939711223,"{'n_estimators': 50, 'max_depth': 5}","['mfcc_5', 'mfcc_8', 'wav_detail_lvl3_std', 'zcr_mean', 'spec_centroid']",0.5398373983739837,0.5407166123778502,0.538961038961039,0.6537362825902554,0.6482649842271293,0.6884422110552764,0.6125186289120715,0.7292415936974618,0.9021897810218978,0.8704225352112676,0.9363636363636364,0.9582860056256495
RF,0.6967556637571066,0.6979326681554854,0.6986271773157019,0.7628237684103606,0.7615717311918636,"{'n_estimators': 50, 'max_depth': 5}","['mfcc_3', 'mfcc_5', 'wav_detail_lvl5_std', 'mfcc_8']",0.5425867507886435,0.5276073619631901,0.5584415584415584,0.6561607154748497,0.6438247011952192,0.6917808219178082,0.6020864381520119,0.6658001830528183,0.9038555392874573,0.874409820585458,0.9353535353535354,0.962754295047923
RF,0.6967126790671667,0.6972348454578482,0.7082400902073034,0.760792280345353,0.7515437720052732,"{'n_estimators': 100, 'max_depth': None}","['mfcc_3', 'mfcc_5', 'mfcc_11', 'mfcc_8']",0.5590778097982709,0.5025906735751295,0.6298701298701299,0.5840077833866696,0.6202849958088852,0.7088122605363985,0.5514157973174366,0.7011166140212266,0.9107752315943443,0.8803016022620169,0.9434343434343434,0.9695069186079237
RF,0.6966897348995481,0.6962215927844692,0.7010585953208904,0.760792280345353,0.7532333812775209,"{'n_estimators': 50, 'max_depth': 5}","['mfcc_3', 'mfcc_5', 'mfcc_8', 'mfcc_10', 'wav_detail_lvl3_std']",0.551617873651772,0.5249266862170088,0.5811688311688312,0.6324859420693302,0.6330128205128205,0.6845753899480069,0.5886736214605067,0.6752234889675541,0.9054385105340519,0.879162702188392,0.9333333333333333,0.9519907127956783
RF,0.6966085469904266,0.7005890918966436,0.6942469188370827,0.7623158963941087,0.7544002800656542,"{'n_estimators': 50, 'max_depth': 10}","['mfcc_3', 'mfcc_8', 'mfcc_10', 'wav_detail_lvl3_std', 'spec_centroid']",0.5439469320066335,0.5559322033898305,0.5324675324675324,0.6160109656502948,0.6464646464646465,0.6753246753246753,0.6199701937406855,0.6872378274134782,0.8994140625,0.8705103969754253,0.9303030303030303,0.9599520471331897
RF,0.6965590827499284,0.699191656321822,0.6976643878283223,0.7673946165566278,0.7445680536265717,"{'n_estimators': 50, 'max_depth': None}","['mfcc_11', 'mfcc_8', 'mfcc_10', 'wav_detail_lvl3_std', 'zcr_mean']",0.526148969889065,0.5139318885448917,0.538961038961039,0.5960474223481612,0.6532905296950241,0.7078260869565217,0.6065573770491803,0.6846194639458879,0.9102377486656963,0.8758169934640523,0.9474747474747475,0.9530372745856663
RF,0.6964175057935827,0.7008430314885432,0.6942958074105614,0.7653631284916201,0.7566151145011998,"{'n_estimators': 50, 'max_depth': 10}","['mfcc_3', 'mfcc_5', 'mfcc_11', 'zcr_mean']",0.5355371900826447,0.5454545454545454,0.525974025974026,0.6064579529556298,0.6488609583660644,0.686046511627907,0.6154992548435171,0.6898486142238117,0.9048543689320389,0.8710280373831776,0.9414141414141414,0.9735387763241579
RF,0.6963366913096692,0.7188457582129342,0.6845827517958666,0.765871000507872,0.751877041090938,"{'n_estimators': 100, 'max_depth': 5}","['mfcc_11', 'wav_detail_lvl5_std', 'mfcc_10', 'zcr_mean']",0.5217391304347826,0.6244343891402715,0.44805194805194803,0.6100180840608733,0.6895522388059702,0.6905829596412556,0.6885245901639344,0.711129500736409,0.8777187046882552,0.8415199258572753,0.9171717171717172,0.9344835384755315
RF,0.6962256300029998,0.7019200755188475,0.7072615302123499,0.7633316404266125,0.7108416131463123,"{'n_estimators': 100, 'max_depth': 10}","['mfcc_6', 'mfcc_8', 'zcr_mean']",0.5413105413105413,0.48223350253807107,0.6168831168831169,0.46835264511294855,0.6386266094420601,0.7530364372469636,0.5543964232488823,0.7206373097083255,0.9087397392563978,0.8704902867715079,0.9505050505050505,0.9435348846176628
RF,0.6961875083753358,0.7235129404088734,0.6823729094220897,0.7623158963941087,0.7494654800293832,"{'n_estimators': 100, 'max_depth': 5}","['mfcc_6', 'wav_detail_lvl5_std']",0.5526315789473685,0.65625,0.4772727272727273,0.6330014599566001,0.6598746081504702,0.6958677685950413,0.6274217585692996,0.685703948961527,0.8760563380281691,0.8184210526315789,0.9424242424242424,0.9296910311700224
RF,0.6960517032546022,0.7007607378596069,0.6931922661430857,0.7734890807516506,0.7570790697909366,"{'n_estimators': 50, 'max_depth': 10}","['mfcc_11', 'wav_detail_lvl5_std', 'mfcc_8', 'mfcc_10', 'wav_detail_lvl3_std']",0.4991624790619765,0.5155709342560554,0.4837662337662338,0.5888134737922908,0.6718386346004654,0.7006472491909385,0.6453055141579732,0.7187575909740345,0.9171539961013645,0.8860640301318268,0.9505050505050505,0.9636661446064845
RF,0.6957647160640623,0.7128172722505637,0.6858893383483547,0.7638395124428644,0.7508714525159047,"{'n_estimators': 100, 'max_depth': 5}","['mfcc_11', 'mfcc_10', 'wav_detail_lvl3_std', 'spec_centroid']",0.5362318840579711,0.6065573770491803,0.4805194805194805,0.5990453453179051,0.6676970633693973,0.6934189406099518,0.6438152011922503,0.712065190198919,0.8833652007648184,0.838475499092559,0.9333333333333333,0.9415038220308899
RF,0.6957356781886919,0.7012835900115187,0.6964027472224193,0.7633316404266125,0.7499702870239663,"{'n_estimators': 50, 'max_depth': 10}","['mfcc_6', 'mfcc_8', 'wav_detail_lvl3_std', 'spec_centroid']",0.549520766773163,0.5408805031446541,0.5584415584415584,0.609039912586262,0.6365873666940115,0.708029197080292,0.5782414307004471,0.6953393093258309,0.9010989010989011,0.8549410698096102,0.9525252525252526,0.9455316391598063
RF,0.6956853755982708,0.7325940441721545,0.6787441156293615,0.7587607922803453,0.7552815220367398,"{'n_estimators': 50, 'max_depth': 5}","['mfcc_3', 'wav_detail_lvl5_std', 'mfcc_10']",0.5573122529644269,0.7121212121212122,0.4577922077922078,0.642594143063069,0.6557620817843867,0.6543026706231454,0.6572280178837556,0.6805340283610825,0.873981792045999,0.8313582497721057,0.9212121212121213,0.9427163946860682
RF,0.6956289665705611,0.7143802628724019,0.6857407013144718,0.7511427120365668,0.7750834520257149,"{'n_estimators': 50, 'max_depth': 10}","['mfcc_3', 'wav_detail_lvl5_std', 'spec_centroid']",0.5518518518518518,0.6422413793103449,0.4837662337662338,0.6593530987495569,0.6736990154711674,0.6378162450066578,0.713859910581222,0.7295890777642455,0.861336032388664,0.8630831643002028,0.8595959595959596,0.9363081795633422
RF,0.6955778536334436,0.6963689500689769,0.6992990009383452,0.7668867445403759,0.758585485732365,"{'n_estimators': 100, 'max_depth': 10}","['mfcc_6', 'mfcc_11', 'mfcc_8', 'zcr_mean', 'spec_centroid']",0.5137614678899083,0.48554913294797686,0.5454545454545454,0.542638843864588,0.6596942880128721,0.7167832167832168,0.6110283159463488,0.7606381050298902,0.9132778049975502,0.8867745004757374,0.9414141414141414,0.9724795083026163
RF,0.6952354957955676,0.6956980553587077,0.6960274091421632,0.7567293042153377,0.7519279017561623,"{'n_estimators': 50, 'max_depth': 5}","['mfcc_5', 'mfcc_10', 'zcr_mean', 'spec_centroid']",0.5504,0.5425867507886435,0.5584415584415584,0.6135181775885336,0.6428015564202335,0.6726384364820847,0.6154992548435171,0.6908939392539668,0.8925049309664694,0.871868978805395,0.9141414141414141,0.9513715884259866
RF,0.6951496792832706,0.6984357614603036,0.704318359236392,0.7613001523616049,0.7551663141966737,"{'n_estimators': 50, 'max_depth': 5}","['mfcc_6', 'mfcc_5', 'mfcc_8', 'zcr_mean']",0.5451895043731778,0.4947089947089947,0.6071428571428571,0.5768121442517073,0.6345991561181434,0.7315175097276264,0.5603576751117735,0.7363756453087642,0.9056603773584906,0.8690807799442897,0.9454545454545454,0.9523111530295497
RF,0.6950653229328226,0.697765581314674,0.7009308542095427,0.7633316404266125,0.7500954974656594,"{'n_estimators': 50, 'max_depth': 5}","['mfcc_6', 'mfcc_5', 'mfcc_8', 'mfcc_10', 'spec_centroid']",0.5291479820627802,0.4903047091412742,0.5746753246753247,0.5814023647716635,0.6506622516556292,0.7318435754189944,0.5856929955290611,0.7168627060168984,0.9053857350800583,0.8711484593837535,0.9424242424242424,0.9520214216084162
RF,0.695016069557631,0.7045628928992137,0.6915288718567408,0.7562214321990859,0.7428754013053211,"{'n_estimators': 50, 'max_depth': 5}","['mfcc_6', 'mfcc_8', 'mfcc_10', 'wav_detail_lvl3_std']",0.5733333333333334,0.589041095890411,0.5584415584415584,0.6248719561072679,0.629780309194467,0.6935483870967742,0.5767511177347243,0.6796908503504411,0.8819345661450925,0.8310991957104558,0.9393939393939394,0.9240633974582548
RF,0.6949146124743807,0.7061301482258533,0.692727036169659,0.760284408329101,0.7422299185863609,"{'n_estimators': 100, 'max_depth': 5}","['mfcc_6', 'mfcc_3', 'mfcc_8', 'mfcc_10', 'wav_detail_lvl3_std']",0.570957095709571,0.5805369127516778,0.5616883116883117,0.6270550860442231,0.6216666666666667,0.7051039697542533,0.555886736214605,0.6609982416237575,0.8921200750469043,0.8327495621716288,0.9606060606060606,0.9386364280911023
RF,0.6947892770992325,0.7059138298092211,0.6878421214486788,0.7587607922803453,0.7538048669657781,"{'n_estimators': 50, 'max_depth': 5}","['mfcc_3', 'wav_detail_lvl5_std', 'mfcc_8', 'zcr_mean', 'spec_centroid']",0.554006968641115,0.5977443609022557,0.5162337662337663,0.6540838845915196,0.6443579766536965,0.6742671009771987,0.61698956780924,0.6762618155964173,0.886002886002886,0.8457300275482094,0.9303030303030303,0.9310689007093975
RF,0.6946633031458234,0.7127223346340994,0.684293757244577,0.7623158963941087,0.7545954374971222,"{'n_estimators': 50, 'max_depth': 5}","['mfcc_11', 'mfcc_10', 'wav_detail_lvl3_std', 'zcr_mean', 'spec_centroid']",0.5364963503649635,0.6125,0.4772727272727273,0.600284116339828,0.6661538461538462,0.6883942766295708,0.6453055141579732,0.7296070178903156,0.8813397129186603,0.8372727272727273,0.9303030303030303,0.9338951782612233
RF,0.6946359917941459,0.7157711281818995,0.6831488183947201,0.7613001523616049,0.7642573225638402,"{'n_estimators': 100, 'max_depth': 5}","['mfcc_11', 'wav_detail_lvl5_std', 'mfcc_10', 'spec_centroid']",0.5290806754221389,0.6266666666666667,0.4577922077922078,0.6117786299279762,0.6810408921933085,0.6795252225519288,0.6825633383010432,0.7397168890881541,0.8737864077669902,0.8411214953271028,0.9090909090909091,0.9412764486753901
RF,0.6945913786416931,0.7134171724869893,0.6844849746489091,0.7587607922803453,0.7338908706512394,"{'n_estimators': 100, 'max_depth': 5}","['mfcc_6', 'wav_detail_lvl5_std', 'mfcc_8']",0.5591397849462365,0.624,0.5064935064935064,0.6095666513944992,0.6475735879077168,0.6945392491467577,0.6065573770491803,0.6688637838222762,0.8770607630711258,0.8217122683142101,0.9404040404040404,0.9232421767369432
RF,0.6944356232668647,0.7127108468135007,0.6838186707039166,0.760792280345353,0.7720802625668445,"{'n_estimators': 100, 'max_depth': 5}","['mfcc_11', 'wav_detail_lvl5_std', 'mfcc_10', 'wav_detail_lvl3_std', 'zcr_mean', 'spec_centroid']",0.5357798165137615,0.6160337552742616,0.474025974025974,0.6334124824727203,0.6707224334600761,0.6847826086956522,0.6572280178837556,0.7453209341075644,0.8768046198267565,0.8373161764705882,0.9202020202020202,0.9375073711202485
RF,0.6943259402950889,0.7126725863323592,0.6843946884930491,0.7623158963941087,0.742622639360329,"{'n_estimators': 50, 'max_depth': 5}","['mfcc_6', 'wav_detail_lvl5_std', 'mfcc_8', 'mfcc_10']",0.5441441441441441,0.611336032388664,0.4902597402597403,0.6236110493394931,0.6550907655880032,0.6963087248322147,0.6184798807749627,0.6737994182497499,0.8837429111531191,0.8303730017761989,0.9444444444444444,0.9304574504917442
RF,0.6942750073382445,0.6978985530583305,0.6973414866857489,0.7643473844591163,0.7665192388707759,"{'n_estimators': 50, 'max_depth': 10}","['mfcc_6', 'mfcc_3', 'mfcc_8', 'zcr_mean']",0.5389408099688473,0.5179640718562875,0.5616883116883117,0.6016144345321864,0.6337448559670782,0.7077205882352942,0.5737704918032787,0.7404745584844187,0.9101393560788082,0.8680109990834097,0.9565656565656566,0.9574687235957228
RF,0.6942353246275635,0.7003224314487659,0.6919909477286526,0.7587607922803453,0.751392939225429,"{'n_estimators': 100, 'max_depth': None}","['mfcc_3', 'mfcc_8', 'wav_detail_lvl3_std', 'zcr_mean', 'spec_centroid']",0.5544554455445545,0.5637583892617449,0.5454545454545454,0.6133726621609029,0.6368,0.687392055267703,0.5931445603576752,0.6947209679252102,0.8914505283381364,0.8498168498168498,0.9373737373737374,0.946085187590174
RF,0.694105592090522,0.6969551340411085,0.6962103470300192,0.760792280345353,0.753457389829656,"{'n_estimators': 50, 'max_depth': None}","['mfcc_3', 'wav_detail_lvl5_std', 'mfcc_8', 'mfcc_10', 'zcr_mean']",0.5488958990536278,0.5337423312883436,0.564935064935065,0.5954033304562932,0.6303818034118602,0.6928571428571428,0.5782414307004471,0.7066651183579771,0.9030390738060782,0.8642659279778393,0.9454545454545454,0.9583037206746974
RF,0.6940987547978376,0.6991473655575552,0.7040983606557377,0.7628237684103606,0.7432785980803892,"{'n_estimators': 100, 'max_depth': 5}","['mfcc_6', 'mfcc_3', 'mfcc_8', 'mfcc_10', 'zcr_mean']",0.5526315789473685,0.5026595744680851,0.6136363636363636,0.5797926302057742,0.6163090128755365,0.7267206477732794,0.5350223546944859,0.7019010205117825,0.9133556725706079,0.8680618744313012,0.9636363636363636,0.9481421435236106
RF,0.6940945538477958,0.7044908399772013,0.6878902214967789,0.7633316404266125,0.759144609010343,"{'n_estimators': 100, 'max_depth': 5}","['mfcc_3', 'wav_detail_lvl5_std', 'mfcc_8', 'mfcc_10', 'wav_detail_lvl3_std', 'zcr_mean']",0.5381944444444444,0.5783582089552238,0.5032467532467533,0.6469459931050396,0.646875,0.6798029556650246,0.61698956780924,0.6793099141579007,0.8972142170989433,0.8553113553113553,0.9434343434343434,0.9511779197680887
RF,0.6940495310228698,0.6968809954506455,0.6933578564726105,0.7628237684103606,0.7617814160586484,"{'n_estimators': 100, 'max_depth': 10}","['mfcc_3', 'mfcc_11', 'wav_detail_lvl5_std', 'mfcc_8', 'wav_detail_lvl3_std']",0.5292207792207793,0.5292207792207793,0.5292207792207793,0.6234897522100815,0.6503937007874016,0.6894824707846411,0.6154992548435171,0.7009366102230712,0.9025341130604289,0.871939736346516,0.9353535353535354,0.960917885742792
RF,0.6939293400360348,0.6969295253554822,0.7040388269896467,0.7562214321990859,0.7446014557969726,"{'n_estimators': 100, 'max_depth': None}","['mfcc_3', 'mfcc_5', 'mfcc_8', 'wav_detail_lvl3_std']",0.5573294629898403,0.5039370078740157,0.6233766233766234,0.5835797958506216,0.6294416243654822,0.7279843444227005,0.5543964232488823,0.6975596188162363,0.8950169327527818,0.8588672237697307,0.9343434343434344,0.9526649527240598
RF,0.6938824868160062,0.700579655137017,0.6962052216150577,0.7623158963941087,0.7534652025588447,"{'n_estimators': 100, 'max_depth': 10}","['mfcc_6', 'mfcc_3', 'mfcc_8', 'spec_centroid']",0.5494505494505495,0.5319148936170213,0.5681818181818182,0.596981076801128,0.6309623430962343,0.7194656488549618,0.5618479880774963,0.7107777338220642,0.9012345679012346,0.850358422939068,0.9585858585858585,0.9526367970533421
RF,0.6937526814020143,0.6998036945648655,0.6912595904399184,0.7638395124428644,0.7528131576911669,"{'n_estimators': 100, 'max_depth': None}","['mfcc_3', 'mfcc_11', 'mfcc_8', 'wav_detail_lvl3_std', 'zcr_mean']",0.5339966832504146,0.5457627118644067,0.5227272727272727,0.6189853028035086,0.6449044585987261,0.6923076923076923,0.6035767511177347,0.6931219368276513,0.9023569023569024,0.8613406795224977,0.9474747474747475,0.9463322334423403
RF,0.6936261895579164,0.693584715339412,0.6978126305995159,0.7577450482478415,0.7253146985155884,"{'n_estimators': 100, 'max_depth': 5}","['mfcc_5', 'mfcc_11', 'mfcc_10', 'zcr_mean', 'spec_centroid']",0.5493827160493827,0.5235294117647059,0.577922077922078,0.5451339509232017,0.6302250803858521,0.6841186736474695,0.5842026825633383,0.6712106734737934,0.9012707722385142,0.8731060606060606,0.9313131313131313,0.9595994711497698
RF,0.6934296767377349,0.6975331886312194,0.6947492095033079,0.7679024885728797,0.7667017382903917,"{'n_estimators': 100, 'max_depth': None}","['mfcc_11', 'wav_detail_lvl5_std', 'mfcc_8', 'mfcc_10', 'wav_detail_lvl3_std', 'zcr_mean', 'spec_centroid']",0.5189873417721519,0.5061728395061729,0.5324675324675324,0.5965507231279983,0.6454767726161369,0.7122302158273381,0.5901639344262295,0.7288934957771273,0.9158249158249159,0.8741965105601469,0.9616161616161616,0.9746609959660493
RF,0.6933651704435024,0.6964774071761659,0.6981733809602662,0.7684103605891316,0.7541848926495014,"{'n_estimators': 100, 'max_depth': 10}","['mfcc_6', 'mfcc_11', 'mfcc_8', 'mfcc_10', 'zcr_mean']",0.5105740181268882,0.4774011299435028,0.5487012987012987,0.5277322198273926,0.6479338842975206,0.7272727272727273,0.5842026825633383,0.763250475644617,0.9215876089060987,0.8847583643122676,0.9616161616161616,0.9715719824764947
RF,0.693296059450768,0.707204062548178,0.6859196965754343,0.7618080243778568,0.7554336865263935,"{'n_estimators': 100, 'max_depth': 5}","['mfcc_6', 'wav_detail_lvl5_std', 'mfcc_8', 'mfcc_10', 'wav_detail_lvl3_std']",0.541958041958042,0.5871212121212122,0.5032467532467533,0.6388410805309659,0.650199203187251,0.6986301369863014,0.6080476900149031,0.6892210898463841,0.8877309332070109,0.8358608385370205,0.9464646464646465,0.9382388892018304
RF,0.6932174985481402,0.7090489007225615,0.6837638681900976,0.760792280345353,0.7430392449956292,"{'n_estimators': 50, 'max_depth': 5}","['mfcc_11', 'mfcc_10', 'wav_detail_lvl3_std', 'zcr_mean']",0.5316455696202531,0.6,0.4772727272727273,0.5983552946128256,0.668199233716475,0.6876971608832808,0.6497764530551415,0.6934486351958316,0.8798076923076923,0.8394495412844036,0.9242424242424242,0.9373138051782306
RF,0.693216024616022,0.694030801228454,0.6970844274122964,0.7567293042153377,0.7577652974324618,"{'n_estimators': 100, 'max_depth': 10}","['mfcc_3', 'mfcc_5', 'mfcc_8', 'mfcc_10', 'spec_centroid']",0.5550387596899224,0.5311572700296736,0.5811688311688312,0.6196188443973542,0.6262135922330098,0.6849557522123894,0.5767511177347243,0.6850922235711823,0.8983957219251337,0.865979381443299,0.9333333333333333,0.9685848243288493
RF,0.692904204819346,0.7009387032261497,0.6899151546692531,0.7572371762315896,0.7564760152819505,"{'n_estimators': 100, 'max_depth': None}","['mfcc_3', 'mfcc_11', 'mfcc_8', 'wav_detail_lvl3_std', 'spec_centroid']",0.5538971807628524,0.5661016949152542,0.5422077922077922,0.6135506853819467,0.6397415185783522,0.6984126984126984,0.5901639344262295,0.7106399175924005,0.8850739151168335,0.8383017163504969,0.9373737373737374,0.9452374428715045
RF,0.6928735261587855,0.6930210920841752,0.6993715452731847,0.7567293042153377,0.7299615701907456,"{'n_estimators': 100, 'max_depth': 10}","['mfcc_3', 'mfcc_5', 'mfcc_11']",0.556732223903177,0.5212464589235127,0.5974025974025974,0.5924028541910196,0.6191646191646192,0.6872727272727273,0.563338301043219,0.6370722690743065,0.9027237354085603,0.8705440900562852,0.9373737373737374,0.9604095873069107
RF,0.6928070414638445,0.692168566728982,0.7005641899084522,0.755713560182834,0.7489046181629506,"{'n_estimators': 100, 'max_depth': 5}","['mfcc_5', 'mfcc_8', 'wav_detail_lvl3_std']",0.549777117384844,0.5068493150684932,0.6006493506493507,0.6247517930734134,0.6290849673202614,0.6962025316455697,0.5737704918032787,0.6924421588950636,0.8995590396864283,0.873453853472883,0.9272727272727272,0.9295199025203749
RF,0.6928062050588432,0.6954248486186415,0.6941854138575451,0.7668867445403759,0.7416639824913611,"{'n_estimators': 50, 'max_depth': None}","['mfcc_11', 'wav_detail_lvl5_std', 'mfcc_8', 'mfcc_10', 'zcr_mean']",0.5110410094637224,0.49693251533742333,0.525974025974026,0.557144101709433,0.6532582461786002,0.7097902097902098,0.6050670640834576,0.7027286574626943,0.9141193595342066,0.8795518207282913,0.9515151515151515,0.9651191883019559
RF,0.692656877767598,0.6996816563033197,0.6927810501580994,0.7618080243778568,0.7591111037675744,"{'n_estimators': 100, 'max_depth': None}","['mfcc_6', 'mfcc_3', 'mfcc_8', 'mfcc_10', 'zcr_mean', 'spec_centroid']",0.5475040257648953,0.5431309904153354,0.551948051948052,0.5936718126506612,0.629232039636664,0.7055555555555556,0.5678092399403875,0.7225998138336652,0.9012345679012346,0.850358422939068,0.9585858585858585,0.9610616848183968
RF,0.6926443310198285,0.6959513306383202,0.6901387016141115,0.7572371762315896,0.7500952689954493,"{'n_estimators': 100, 'max_depth': 5}","['mfcc_5', 'wav_detail_lvl5_std', 'mfcc_8']",0.5324459234608985,0.5460750853242321,0.5194805194805194,0.6200050345444724,0.6564885496183206,0.672926447574335,0.6408345752608048,0.6921764493847562,0.8889985199802664,0.8688524590163934,0.9101010101010101,0.9381043230571193
RF,0.6924861143759525,0.6943540118970812,0.6945079207374288,0.7623158963941087,0.7641142299099544,"{'n_estimators': 100, 'max_depth': None}","['mfcc_3', 'mfcc_5', 'wav_detail_lvl5_std', 'mfcc_8', 'zcr_mean', 'spec_centroid']",0.5283018867924528,0.5121951219512195,0.5454545454545454,0.6094568728527734,0.6414790996784566,0.6963350785340314,0.5946348733233979,0.7094254288108371,0.9076773566569485,0.8745318352059925,0.9434343434343434,0.9734603880662527
RF,0.6919403913200474,0.6955080400517618,0.6926221622942935,0.7679024885728797,0.759209423722635,"{'n_estimators': 100, 'max_depth': None}","['mfcc_11', 'wav_detail_lvl5_std', 'mfcc_8', 'mfcc_10', 'zcr_mean', 'spec_centroid']",0.505564387917329,0.4953271028037383,0.5162337662337663,0.571924106384182,0.6548387096774193,0.7135325131810193,0.6050670640834576,0.7365604594526867,0.915418076365394,0.8776645041705282,0.9565656565656566,0.9691437053310361
RF,0.6917066032748828,0.702307834153676,0.7072891286006041,0.7582529202640934,0.7352967183841831,"{'n_estimators': 100, 'max_depth': 5}","['mfcc_3', 'mfcc_11', 'mfcc_10', 'zcr_mean']",0.5795454545454546,0.5151515151515151,0.6623376623376623,0.5730231076516418,0.5893980233602875,0.7420814479638009,0.488822652757079,0.6759330398824037,0.9061763319189062,0.8496905393457118,0.9707070707070707,0.9569340076185034
RF,0.6916631201478177,0.7162175893331328,0.6802001277411113,0.7541899441340782,0.7305492640154282,"{'n_estimators': 100, 'max_depth': 5}","['wav_detail_lvl5_std', 'mfcc_8', 'mfcc_10', 'spec_centroid']",0.5287356321839081,0.6448598130841121,0.44805194805194803,0.597685697226875,0.6826855123674912,0.6491935483870968,0.7198211624441133,0.6712614147202933,0.863568215892054,0.8545994065281899,0.8727272727272727,0.9227006800991165
RF,0.6912956416591886,0.7104323669021575,0.6805821682870863,0.7562214321990859,0.7593737040829085,"{'n_estimators': 100, 'max_depth': 5}","['wav_detail_lvl5_std', 'mfcc_10', 'zcr_mean', 'spec_centroid']",0.5251396648044693,0.6157205240174672,0.4577922077922078,0.6108113353532103,0.6849112426035503,0.6798825256975036,0.6900149031296572,0.7396188549738749,0.8638360175695461,0.8356940509915014,0.8939393939393939,0.9276909219216404
RF,0.6907016812662449,0.6928252812102921,0.6954076281945133,0.7653631284916201,0.7449565364721166,"{'n_estimators': 50, 'max_depth': 10}","['mfcc_6', 'mfcc_11', 'mfcc_8', 'mfcc_10', 'spec_centroid']",0.509090909090909,0.4772727272727273,0.5454545454545454,0.5211436377697921,0.6431501230516817,0.7153284671532847,0.5842026825633383,0.7413811325298398,0.9198640116561437,0.8858746492048644,0.9565656565656566,0.9723448391167175
RF,0.6905152655282826,0.7066547819689477,0.6806105552007192,0.7496190959878111,0.7461868335244409,"{'n_estimators': 100, 'max_depth': 10}","['mfcc_3', 'wav_detail_lvl5_std', 'wav_detail_lvl3_std']",0.5627240143369175,0.628,0.5097402597402597,0.6613722830100279,0.6434648105181748,0.6688102893890675,0.6199701937406855,0.6717830926014152,0.8653569717297557,0.8231540565177757,0.9121212121212121,0.9054051249618795
RF,0.6901958131483464,0.6928398079366577,0.7003780979190815,0.7567293042153377,0.7576301398860373,"{'n_estimators': 100, 'max_depth': 10}","['mfcc_6', 'mfcc_3', 'mfcc_11', 'mfcc_8']",0.5518248175182482,0.5013262599469496,0.6136363636363636,0.5939270938898809,0.611864406779661,0.7092337917485265,0.5380029806259314,0.7122243783083902,0.9068982151471298,0.8679593721144968,0.9494949494949495,0.9667389474598413
RF,0.6901407401629728,0.6986670825654584,0.6873591496542316,0.755713560182834,0.748594168469716,"{'n_estimators': 50, 'max_depth': None}","['mfcc_3', 'mfcc_11', 'wav_detail_lvl3_std', 'zcr_mean', 'spec_centroid']",0.5496688741721855,0.5608108108108109,0.538961038961039,0.5935626828262048,0.6357723577235772,0.6994633273703041,0.5827123695976155,0.7012657846355072,0.8849809885931559,0.8357271095152603,0.9404040404040404,0.9509540379474363
RF,0.6901325768112369,0.6918839225991583,0.7000090680418548,0.7536820721178263,0.7561757955696393,"{'n_estimators': 50, 'max_depth': None}","['mfcc_3', 'mfcc_5', 'mfcc_8', 'mfcc_10', 'zcr_mean']",0.5609397944199707,0.5120643431635389,0.6201298701298701,0.6082947053657355,0.6099410278011794,0.7015503875968992,0.5394932935916542,0.693993033774506,0.8995169082125604,0.862037037037037,0.9404040404040404,0.9662396475686763
RF,0.6899740765309149,0.7142573891294205,0.6776389973111284,0.7541899441340782,0.7427798481001785,"{'n_estimators': 100, 'max_depth': 5}","['wav_detail_lvl5_std', 'mfcc_10', 'zcr_mean']",0.5267175572519084,0.6388888888888888,0.44805194805194803,0.5882090587864514,0.6842490842490843,0.6729106628242075,0.6959761549925484,0.7195489651438484,0.8589555880917521,0.8309726156751652,0.8888888888888888,0.9205815203702357
RF,0.6896522089462461,0.6926686301686301,0.6931757071101333,0.7562214321990859,0.7440783196168654,"{'n_estimators': 50, 'max_depth': 5}","['mfcc_3', 'mfcc_8', 'mfcc_10', 'wav_detail_lvl3_std', 'zcr_mean']",0.5522620904836193,0.5315315315315315,0.5746753246753247,0.622951892776922,0.6156378600823045,0.6875,0.5573770491803278,0.6645566538874244,0.9010566762728146,0.8589743589743589,0.9474747474747475,0.9447264121862498
RF,0.6895367004131762,0.6893080022704577,0.698965848965849,0.7511427120365668,0.7626525993695231,"{'n_estimators': 50, 'max_depth': 10}","['mfcc_3', 'mfcc_5', 'mfcc_8', 'spec_centroid']",0.5642540620384048,0.5176151761517616,0.6201298701298701,0.6393364347001494,0.6074688796680497,0.6853932584269663,0.5454545454545454,0.6809292070509648,0.896887159533074,0.8649155722326454,0.9313131313131313,0.9676921563574552
RF,0.689513279330213,0.7054359602972199,0.679982494736593,0.7511427120365668,0.74139518405782,"{'n_estimators': 50, 'max_depth': 5}","['wav_detail_lvl5_std', 'mfcc_8', 'mfcc_10', 'wav_detail_lvl3_std', 'spec_centroid']",0.5347985347985348,0.6134453781512605,0.474025974025974,0.6195153091202781,0.6681286549707602,0.6556671449067432,0.6810730253353204,0.6758753667922173,0.8656126482213439,0.8471953578336557,0.8848484848484849,0.9287948762609649
RF,0.6894082925788495,0.6907252937669836,0.6948832588176851,0.7531742001015744,0.7486702153860927,"{'n_estimators': 100, 'max_depth': None}","['mfcc_3', 'wav_detail_lvl5_std', 'mfcc_8', 'mfcc_10', 'wav_detail_lvl3_std']",0.5565749235474006,0.5260115606936416,0.5909090909090909,0.6119408067231341,0.6151315789473685,0.6862385321100918,0.5573770491803278,0.6806723619522553,0.8965183752417795,0.859925788497217,0.9363636363636364,0.9533974774828885
RF,0.6892435757502025,0.7049024465060114,0.6800037849218178,0.7582529202640934,0.7615204818339306,"{'n_estimators': 100, 'max_depth': 5}","['mfcc_11', 'wav_detail_lvl5_std', 'mfcc_10', 'wav_detail_lvl3_std', 'zcr_mean']",0.5207956600361664,0.5877551020408164,0.4675324675324675,0.6196025162865063,0.6712749615975423,0.6925515055467512,0.6512667660208644,0.7250472942254064,0.8756601056168987,0.8344007319304666,0.9212121212121213,0.9399116349898791
RF,0.689048692644247,0.7064275942836663,0.6798539650998667,0.7541899441340782,0.7415612582672582,"{'n_estimators': 50, 'max_depth': 5}","['mfcc_6', 'mfcc_3', 'wav_detail_lvl5_std', 'mfcc_8']",0.5561497326203209,0.616600790513834,0.5064935064935064,0.6306359925317456,0.6321656050955414,0.6786324786324787,0.5916542473919523,0.656866920343595,0.8788307402168788,0.8240495137046862,0.9414141414141414,0.9371808619264341
RF,0.6887157396208775,0.6902136069169961,0.6885395721461295,0.7541899441340782,0.7617622217623684,"{'n_estimators': 100, 'max_depth': 10}","['mfcc_3', 'wav_detail_lvl5_std', 'mfcc_8', 'wav_detail_lvl3_std', 'spec_centroid']",0.529886914378029,0.5273311897106109,0.5324675324675324,0.6302471364130864,0.6448598130841121,0.6753670473083198,0.61698956780924,0.7028884892587094,0.8914004914004914,0.8679425837320575,0.9161616161616162,0.9521510396153093
RF,0.6886597159944842,0.689796121207562,0.690702102997185,0.7506348400203149,0.7522083929417726,"{'n_estimators': 100, 'max_depth': None}","['mfcc_3', 'wav_detail_lvl5_std', 'mfcc_8', 'mfcc_10', 'spec_centroid']",0.5529225908372828,0.5384615384615384,0.5681818181818182,0.6011617920228208,0.6246006389776357,0.6729776247848537,0.5827123695976155,0.6934943201759447,0.8884559181685339,0.8579492003762935,0.9212121212121213,0.9619690666265522
RF,0.6886521095981569,0.6968262491704723,0.6838679535400848,0.7546978161503302,0.7636875506862427,"{'n_estimators': 50, 'max_depth': 10}","['mfcc_3', 'wav_detail_lvl3_std', 'zcr_mean', 'spec_centroid']",0.5417376490630323,0.5698924731182796,0.5162337662337663,0.6454671427813007,0.6373626373626373,0.6733001658374793,0.6050670640834576,0.7114125242582726,0.8868560423688011,0.8472861085556578,0.9303030303030303,0.9341829850191548
RF,0.6883888979807803,0.6998305444702302,0.6814546716186061,0.7541899441340782,0.7584038432459765,"{'n_estimators': 100, 'max_depth': 5}","['mfcc_3', 'wav_detail_lvl5_std', 'mfcc_8', 'wav_detail_lvl3_std', 'zcr_mean']",0.5454545454545454,0.5909090909090909,0.5064935064935064,0.6650563156897252,0.6344505066250974,0.6650326797385621,0.6065573770491803,0.670043350504212,0.8852616418626981,0.8435498627630376,0.9313131313131313,0.9401118635439925
RF,0.6883653011164407,0.6895021333680204,0.6893371655666738,0.7511427120365668,0.7407636934767217,"{'n_estimators': 50, 'max_depth': 5}","['mfcc_3', 'mfcc_10', 'spec_centroid']",0.5463258785942492,0.5377358490566038,0.5551948051948052,0.5936128348300882,0.6293375394321766,0.6683417085427136,0.5946348733233979,0.695326997780061,0.8894324853228963,0.8624288425047438,0.9181818181818182,0.9333512478200157
RF,0.6883354524079336,0.6925088846287514,0.687428145624867,0.760792280345353,0.7437265910163271,"{'n_estimators': 50, 'max_depth': 10}","['mfcc_6', 'mfcc_5', 'spec_centroid']",0.5179153094462541,0.5196078431372549,0.5162337662337663,0.5889613923820993,0.6427432216905901,0.6912521440823327,0.6005961251862891,0.6925177642864001,0.9043478260869565,0.8666666666666667,0.9454545454545454,0.9497006163804815
RF,0.688203245616461,0.6914221037288025,0.6905999889606447,0.760284408329101,0.7666737240648311,"{'n_estimators': 100, 'max_depth': 5}","['mfcc_6', 'mfcc_3', 'mfcc_5', 'mfcc_10', 'zcr_mean']",0.5283018867924528,0.5121951219512195,0.5454545454545454,0.6275817613331653,0.6258169934640523,0.6925858951175407,0.5707898658718331,0.7182173787837088,0.9104908565928778,0.8694852941176471,0.9555555555555556,0.9542220320776192
RF,0.6880385973140721,0.6917551374986329,0.6877821935198986,0.760284408329101,0.7510573857010798,"{'n_estimators': 50, 'max_depth': 10}","['mfcc_6', 'mfcc_5', 'mfcc_11', 'zcr_mean']",0.5210355987055016,0.5193548387096775,0.5227272727272727,0.5755521565871631,0.6368,0.687392055267703,0.5931445603576752,0.709308362623842,0.9062801932367149,0.8685185185185185,0.9474747474747475,0.9683116378922344
RF,0.6874107015923016,0.6922239917122797,0.6897704602622635,0.7516505840528187,0.7460785761022496,"{'n_estimators': 100, 'max_depth': None}","['mfcc_3', 'mfcc_8', 'mfcc_10', 'zcr_mean', 'spec_centroid']",0.5632911392405063,0.5493827160493827,0.577922077922078,0.5956089816895466,0.6076158940397351,0.6834264432029795,0.5469448584202683,0.681577010253514,0.8913250714966635,0.8438628158844765,0.9444444444444444,0.9610497363636881
RF,0.6873776623432978,0.6879893056614966,0.7029786546179988,0.7455561198577958,0.7184287211414656,"{'n_estimators': 50, 'max_depth': None}","['mfcc_3', 'mfcc_5', 'mfcc_8']",0.5774647887323944,0.5099502487562189,0.6655844155844156,0.5434775202164401,0.5955631399317406,0.6966067864271457,0.5201192250372578,0.6657393019300101,0.8891050583657587,0.8574108818011257,0.9232323232323232,0.946069341277947
RF,0.6869630760875346,0.7011950469088818,0.678006844400287,0.7511427120365668,0.7499995613587124,"{'n_estimators': 100, 'max_depth': 5}","['mfcc_10', 'wav_detail_lvl3_std', 'zcr_mean', 'spec_centroid']",0.5306859205776173,0.5975609756097561,0.4772727272727273,0.6058889904527122,0.6616541353383458,0.6676783004552352,0.6557377049180327,0.7161916170213565,0.8685491723466408,0.8383458646616542,0.901010101010101,0.9279180766020687
RF,0.6868593950633355,0.7034543398706857,0.6770673164115788,0.7516505840528187,0.75802956985696,"{'n_estimators': 50, 'max_depth': 10}","['mfcc_3', 'mfcc_11', 'wav_detail_lvl5_std']",0.5294117647058824,0.6101694915254238,0.4675324675324675,0.6339144370710549,0.6573323507737656,0.6501457725947521,0.6646795827123696,0.7038094149045632,0.8738340697103584,0.8500477554918816,0.898989898989899,0.9363648575952623
RF,0.6867669519048468,0.6867383217764339,0.6908952917149639,0.7516505840528187,0.7389863807693885,"{'n_estimators': 50, 'max_depth': 10}","['mfcc_3', 'mfcc_5', 'mfcc_8', 'mfcc_10']",0.5401234567901234,0.5147058823529411,0.5681818181818182,0.5881620501733197,0.6237942122186495,0.6771378708551483,0.5782414307004471,0.66868166214139,0.8963831867057673,0.8683712121212122,0.9262626262626262,0.9601154299934554
RF,0.6865818256042058,0.6903554687028156,0.6873193291226078,0.7592686642965972,0.761584165699575,"{'n_estimators': 100, 'max_depth': 10}","['mfcc_6', 'mfcc_5', 'mfcc_11', 'mfcc_10', 'zcr_mean', 'spec_centroid']",0.5216,0.5141955835962145,0.5292207792207793,0.5904867505154013,0.6310679611650486,0.6902654867256637,0.5812220566318927,0.7221977745304119,0.9070775156475686,0.8666053357865685,0.9515151515151515,0.9720679720529118
RF,0.6865183709364611,0.6916102351716771,0.6990868876114779,0.7531742001015744,0.7307971820893041,"{'n_estimators': 100, 'max_depth': 5}","['mfcc_6', 'mfcc_8', 'mfcc_10', 'zcr_mean', 'spec_centroid']",0.5337078651685393,0.47029702970297027,0.6168831168831169,0.5346014093493846,0.6242476354256233,0.7378048780487805,0.5409836065573771,0.7176737095988431,0.9015996122152206,0.8667287977632805,0.9393939393939394,0.9401164273196845
RF,0.6864212680371882,0.6976576106906597,0.6789637199473265,0.7496190959878111,0.7355929137815288,"{'n_estimators': 100, 'max_depth': 5}","['mfcc_10', 'wav_detail_lvl3_std', 'zcr_mean']",0.5352112676056338,0.5846153846153846,0.4935064935064935,0.5811120167072057,0.6559633027522935,0.673469387755102,0.639344262295082,0.7041634969206658,0.8680892337536372,0.8348880597014925,0.9040404040404041,0.9215032277167149
RF,0.6864088522225914,0.694353603591904,0.6805155378925871,0.7465718638902996,0.7349735109961966,"{'n_estimators': 50, 'max_depth': 5}","['mfcc_10', 'wav_detail_lvl3_std', 'spec_centroid']",0.5356521739130434,0.5767790262172284,0.5,0.578373773478623,0.6582278481012658,0.6577380952380952,0.6587183308494784,0.714002421239772,0.8653465346534653,0.8485436893203884,0.8828282828282829,0.9125443382701945
RF,0.6863713227116119,0.6906186543312959,0.7072146129523178,0.7480954799390553,0.7300692183534813,"{'n_estimators': 100, 'max_depth': 5}","['mfcc_5', 'mfcc_11', 'mfcc_8', 'mfcc_10', 'zcr_mean']",0.5672043010752689,0.48394495412844035,0.685064935064935,0.5408160390633714,0.5912280701754385,0.7185501066098081,0.5022354694485842,0.6867492950725201,0.9006815968841285,0.8693609022556391,0.9343434343434344,0.9626423209245522
RF,0.6859039388516175,0.687054515721929,0.6855250396234003,0.7516505840528187,0.7421228569483153,"{'n_estimators': 50, 'max_depth': 10}","['mfcc_3', 'mfcc_11', 'wav_detail_lvl5_std', 'mfcc_8']",0.525974025974026,0.525974025974026,0.525974025974026,0.6025169197128915,0.6394453004622496,0.6618819776714514,0.6184798807749627,0.6706795395276856,0.892292490118577,0.8733075435203095,0.9121212121212121,0.9531721116043689
RF,0.6856534985880973,0.6903219136926076,0.6845362287985238,0.7572371762315896,0.7550108586556714,"{'n_estimators': 100, 'max_depth': 5}","['mfcc_6', 'mfcc_3', 'mfcc_5', 'mfcc_10']",0.5237315875613748,0.528052805280528,0.5194805194805194,0.6209225680049899,0.6314948041566747,0.6810344827586207,0.5886736214605067,0.7009223055677182,0.9017341040462428,0.861878453038674,0.9454545454545454,0.9431877023943065
RF,0.685637054078443,0.6891803073860839,0.6878906157594682,0.7541899441340782,0.7586420541705593,"{'n_estimators': 100, 'max_depth': None}","['mfcc_5', 'mfcc_11', 'mfcc_8', 'mfcc_10', 'zcr_mean', 'spec_centroid']",0.5345911949685535,0.5182926829268293,0.551948051948052,0.5979290912428928,0.6252045826513911,0.6932849364791288,0.5692995529061102,0.7095480963743442,0.8971153846153846,0.8559633027522936,0.9424242424242424,0.9684489748944412
RF,0.6855603045253211,0.6842657774672456,0.6918911992682485,0.7480954799390553,0.7311094093478753,"{'n_estimators': 50, 'max_depth': 10}","['mfcc_3', 'mfcc_8', 'mfcc_10', 'spec_centroid']",0.5476550680786687,0.5127478753541076,0.5876623376623377,0.5817718692241206,0.6150121065375302,0.670774647887324,0.5678092399403875,0.6531613005110197,0.8940137389597644,0.8692748091603053,0.9202020202020202,0.9583950583084856
RF,0.6855205808824635,0.6899429512923488,0.6961926052089987,0.7541899441340782,0.7368086606335055,"{'n_estimators': 50, 'max_depth': 5}","['mfcc_6', 'mfcc_5', 'mfcc_8', 'mfcc_10']",0.5300859598853869,0.47435897435897434,0.6006493506493507,0.5659975144009904,0.6216908625106746,0.728,0.5424739195230999,0.7180647432537455,0.9047849202513292,0.8674698795180723,0.9454545454545454,0.9263637242457807
RF,0.6846891502458456,0.6902406150168995,0.6853413132101657,0.7480954799390553,0.7315244958052848,"{'n_estimators': 100, 'max_depth': None}","['mfcc_3', 'mfcc_11', 'zcr_mean', 'spec_centroid']",0.5486443381180224,0.5391849529780565,0.5584415584415584,0.5640991270182389,0.6272577996715928,0.6983546617915904,0.5692995529061102,0.6859930697050106,0.8781653129479217,0.8331822302810517,0.9282828282828283,0.9444812906926049
RF,0.6845188617529043,0.6905907875962322,0.684341857292677,0.750126968004063,0.7409611898668168,"{'n_estimators': 50, 'max_depth': 5}","['mfcc_3', 'mfcc_8', 'wav_detail_lvl3_std', 'zcr_mean']",0.5551948051948052,0.5551948051948052,0.5551948051948052,0.647733907151526,0.6088379705400983,0.6751361161524501,0.5543964232488823,0.6516721927286093,0.8895238095238095,0.8414414414414414,0.9434343434343434,0.9234774697203151
RF,0.6839307394474035,0.6851055213453098,0.6906910636418834,0.7552056881665821,0.7528727330379982,"{'n_estimators': 100, 'max_depth': 10}","['mfcc_6', 'mfcc_5', 'mfcc_11']",0.5247376311844077,0.48746518105849584,0.5681818181818182,0.5849176299306658,0.6148760330578512,0.6901669758812616,0.5543964232488823,0.7131499968396904,0.9121785540999515,0.8776844070961718,0.9494949494949495,0.9605505723436383
RF,0.683901460245746,0.6901724019666787,0.6793690219919727,0.7475876079228034,0.7263446643423226,"{'n_estimators': 50, 'max_depth': 5}","['mfcc_3', 'wav_detail_lvl5_std', 'mfcc_8', 'mfcc_10']",0.5392491467576792,0.5683453237410072,0.512987012987013,0.6236077684856804,0.6290076335877862,0.6447574334898278,0.6140089418777943,0.6134053067024867,0.8834476003917727,0.8574144486692015,0.9111111111111111,0.9420209178388005
RF,0.6837166866454529,0.6931929369467769,0.6772995371356026,0.7506348400203149,0.7683286171924951,"{'n_estimators': 100, 'max_depth': 10}","['mfcc_3', 'mfcc_11', 'wav_detail_lvl5_std', 'spec_centroid']",0.5132743362831859,0.5642023346303502,0.4707792207792208,0.6354805775013744,0.6597785977859778,0.6535087719298246,0.6661698956780924,0.7147123983724459,0.8780971258671952,0.8618677042801557,0.8949494949494949,0.954792875703665
RF,0.6835012692415798,0.6868404003895607,0.681084064690622,0.7384459116302692,0.7079016852059764,"{'n_estimators': 100, 'max_depth': 5}","['mfcc_10', 'wav_detail_lvl3_std']",0.5562913907284768,0.5675675675675675,0.5454545454545454,0.5607207053905185,0.6359447004608295,0.6561014263074485,0.61698956780924,0.6570793055777874,0.8582677165354331,0.836852207293666,0.8808080808080808,0.9059050446496231
RF,0.6833611076259762,0.6842970986901781,0.6929564970548577,0.7404773996952768,0.7519383192248014,"{'n_estimators': 100, 'max_depth': None}","['mfcc_5', 'mfcc_8', 'mfcc_10', 'zcr_mean', 'spec_centroid']",0.5786350148367952,0.5327868852459017,0.6331168831168831,0.6085949070210733,0.5944584382871536,0.6807692307692308,0.5275707898658718,0.6924589485778171,0.8769898697539797,0.8393351800554016,0.9181818181818182,0.9547611020755139
RF,0.683325053816857,0.696566234817601,0.7075536788651542,0.7440325038090401,0.7115018688125133,"{'n_estimators': 50, 'max_depth': 5}","['mfcc_6', 'mfcc_8', 'mfcc_10', 'spec_centroid']",0.5636363636363636,0.4696969696969697,0.7045454545454546,0.5125843205712226,0.5974499089253188,0.7681498829039812,0.488822652757079,0.6902118934762436,0.8888888888888888,0.8518518518518519,0.9292929292929293,0.9317093923900737
RF,0.68276397784885,0.6849592027636539,0.6877494697166829,0.750126968004063,0.7183312926482527,"{'n_estimators': 100, 'max_depth': None}","['mfcc_11', 'mfcc_8', 'mfcc_10', 'wav_detail_lvl3_std']",0.5398773006134969,0.5116279069767442,0.5714285714285714,0.5499009916922093,0.611065235342692,0.6851851851851852,0.5514157973174366,0.6597065209189974,0.8973493975903615,0.8580645161290322,0.9404040404040404,0.9453863653335512
RF,0.6827165134436948,0.6844423603818681,0.6994117600674977,0.7440325038090401,0.7131014116981073,"{'n_estimators': 100, 'max_depth': 5}","['mfcc_5', 'mfcc_11', 'mfcc_8', 'mfcc_10']",0.5587828492392808,0.4867469879518072,0.6558441558441559,0.5187012852517032,0.5957081545064378,0.7024291497975709,0.5171385991058122,0.6656105811680167,0.8936585365853659,0.8641509433962264,0.9252525252525252,0.954992368674602
RF,0.6826144959441062,0.6876393296470004,0.6936756322002223,0.7506348400203149,0.7247698443786644,"{'n_estimators': 100, 'max_depth': 5}","['mfcc_6', 'mfcc_8', 'mfcc_10', 'zcr_mean']",0.5263157894736842,0.46835443037974683,0.6006493506493507,0.5113471907394654,0.622107969151671,0.7318548387096774,0.5409836065573771,0.7262982843324763,0.8994197292069632,0.862708719851577,0.9393939393939394,0.9366640580640511
RF,0.6826023418195719,0.6859954608394765,0.6847408511342938,0.744540375825292,0.7390919982381497,"{'n_estimators': 100, 'max_depth': None}","['mfcc_3', 'mfcc_11', 'mfcc_8', 'spec_centroid']",0.5511811023622047,0.5351681957186545,0.5681818181818182,0.5857627453672238,0.619281045751634,0.6853526220614828,0.5648286140089419,0.692894429028223,0.8773448773448773,0.837465564738292,0.9212121212121213,0.9386188203190027
RF,0.682527730880523,0.6794226345991469,0.6907774071708497,0.7435246317927883,0.7144694775899065,"{'n_estimators': 50, 'max_depth': 5}","['mfcc_3', 'mfcc_5', 'mfcc_10']",0.5468053491827637,0.5041095890410959,0.5974025974025974,0.5792557529964288,0.6073717948717948,0.6568457538994801,0.5648286140089419,0.6467947014618384,0.8934060485870104,0.8773125608568647,0.9101010101010101,0.9173579783114525
RF,0.6824472478638229,0.6901676030735673,0.6879722281361625,0.7506348400203149,0.7479513342384317,"{'n_estimators': 50, 'max_depth': None}","['mfcc_6', 'mfcc_3', 'mfcc_8', 'mfcc_10', 'spec_centroid']",0.5577812018489985,0.530791788856305,0.5876623376623377,0.6056587085526546,0.5945017182130584,0.7018255578093306,0.5156482861400894,0.6966206957013409,0.8950588235294118,0.8378854625550661,0.9606060606060606,0.9415745984612998
RF,0.6820028691513533,0.6867875717458407,0.678957411744297,0.7293042153377349,0.7394546374272691,"{'n_estimators': 100, 'max_depth': 10}","['mfcc_3', 'mfcc_11', 'wav_detail_lvl3_std']",0.5913621262458472,0.6054421768707483,0.577922077922078,0.6398400453627646,0.6105919003115264,0.6394779771615008,0.5842026825633383,0.6766163517582291,0.8440545808966862,0.815442561205273,0.8747474747474747,0.9019075151608136
RF,0.6818909452860136,0.6948013904364831,0.6759858538547063,0.7486033519553073,0.7482043910005687,"{'n_estimators': 50, 'max_depth': 5}","['mfcc_6', 'mfcc_3', 'wav_detail_lvl5_std', 'mfcc_8', 'wav_detail_lvl3_std']",0.5482758620689655,0.5845588235294118,0.5162337662337663,0.644707261707921,0.6176232821341956,0.6749116607773852,0.5692995529061102,0.6629348375919195,0.8797736916548797,0.8249336870026526,0.9424242424242424,0.9369710737018656
RF,0.6818770577814951,0.689553595626223,0.6835032605524409,0.7506348400203149,0.7252299610146528,"{'n_estimators': 50, 'max_depth': 10}","['mfcc_6', 'mfcc_3', 'mfcc_8', 'wav_detail_lvl3_std']",0.5486443381180224,0.5391849529780565,0.5584415584415584,0.5794645775542415,0.6045340050377834,0.6923076923076923,0.5365126676602087,0.6637136095550399,0.8924528301886793,0.8371681415929203,0.9555555555555556,0.9325116959346769
RF,0.6817468465098994,0.6842073788722111,0.683703545998628,0.7546978161503302,0.7569454610535719,"{'n_estimators': 100, 'max_depth': 10}","['mfcc_6', 'mfcc_5', 'zcr_mean']",0.5094339622641509,0.49390243902439024,0.525974025974026,0.5889903921116338,0.6321746160064673,0.6908127208480566,0.5827123695976155,0.7301515408013101,0.9036319612590799,0.867906976744186,0.9424242424242424,0.9516944502477718
RF,0.6817237749785482,0.6953913067734186,0.6730990624433248,0.744540375825292,0.753142800143014,"{'n_estimators': 100, 'max_depth': 5}","['wav_detail_lvl5_std', 'mfcc_10', 'wav_detail_lvl3_std', 'spec_centroid']",0.5244122965641953,0.5918367346938775,0.4707792207792208,0.6179980711169755,0.6612305411415864,0.6578171091445427,0.6646795827123696,0.7104282770669199,0.8595284872298625,0.8365200764818356,0.8838383838383839,0.9310020522451466
RF,0.6815844497584411,0.6842580875267069,0.6865063594571792,0.7511427120365668,0.7287623172607435,"{'n_estimators': 50, 'max_depth': None}","['mfcc_5', 'mfcc_11', 'mfcc_8', 'zcr_mean', 'spec_centroid']",0.5290519877675841,0.5,0.5616883116883117,0.544493145197622,0.6158940397350994,0.6927374301675978,0.5543964232488823,0.6778007199780999,0.8998073217726397,0.860036832412523,0.9434343434343434,0.9639930866065085
RF,0.6815690962339861,0.684196033982425,0.6853247541772132,0.7475876079228034,0.734549238041622,"{'n_estimators': 100, 'max_depth': None}","['mfcc_11', 'wav_detail_lvl5_std', 'mfcc_8', 'wav_detail_lvl3_std', 'spec_centroid']",0.5292307692307693,0.5029239766081871,0.5584415584415584,0.5677751750833642,0.6300246103363413,0.7007299270072993,0.5722801788375559,0.6949128334238048,0.8854519091348477,0.8489341983317887,0.9252525252525252,0.9409597056176973
RF,0.6815640849083918,0.681760439402561,0.6910872976446747,0.7465718638902996,0.7503075142947168,"{'n_estimators': 100, 'max_depth': 10}","['mfcc_3', 'mfcc_5', 'mfcc_8', 'zcr_mean']",0.5478645066273933,0.5013477088948787,0.6038961038961039,0.5961957469038577,0.5983333333333334,0.6786389413988658,0.5350223546944859,0.6869174946683126,0.8984944147644488,0.8652946679139383,0.9343434343434344,0.9678093013119796
RF,0.6813963189352839,0.695349838739229,0.6724524716327994,0.7399695276790249,0.7531111927698584,"{'n_estimators': 100, 'max_depth': 5}","['mfcc_3', 'wav_detail_lvl3_std', 'zcr_mean']",0.5597147950089126,0.6205533596837944,0.5097402597402597,0.6657976008212654,0.6197398622800306,0.6367924528301887,0.6035767511177347,0.6849892538213881,0.8647342995169082,0.8287037037037037,0.9040404040404041,0.9085467236669216
RF,0.6810807061676294,0.6849382098454075,0.6790007806401249,0.7430167597765364,0.7192802914061787,"{'n_estimators': 50, 'max_depth': None}","['mfcc_11', 'mfcc_8', 'wav_detail_lvl3_std', 'zcr_mean', 'spec_centroid']",0.5337726523887973,0.5418060200668896,0.525974025974026,0.567819459838965,0.640625,0.6732348111658456,0.6110283159463488,0.6645218725938781,0.8688444661140907,0.8397737983034873,0.9,0.9254995417856929
RF,0.6807695256763001,0.6792551732274411,0.6911645731317861,0.7440325038090401,0.7541956547475097,"{'n_estimators': 100, 'max_depth': 5}","['mfcc_5', 'mfcc_8', 'zcr_mean', 'spec_centroid']",0.5391304347826087,0.4869109947643979,0.6038961038961039,0.5839335388927294,0.6080525883319639,0.6776556776556777,0.5514157973174366,0.7187357566858629,0.8951255539143279,0.8731988472622478,0.9181818181818182,0.9599176686639369
RF,0.6802707720852942,0.6928772904558295,0.6743090546369235,0.7414931437277806,0.7551979285821012,"{'n_estimators': 50, 'max_depth': 10}","['mfcc_3', 'wav_detail_lvl3_std', 'spec_centroid']",0.5538461538461539,0.5848375451263538,0.525974025974026,0.6377176266879581,0.6267206477732794,0.6861702127659575,0.5767511177347243,0.7102416281477362,0.8602455146364495,0.8076241134751773,0.9202020202020202,0.9176345309106094
RF,0.6801922793433715,0.6850591208542625,0.6832371332371333,0.7521584560690706,0.7463289850064344,"{'n_estimators': 100, 'max_depth': None}","['mfcc_6', 'mfcc_5', 'mfcc_11', 'mfcc_10', 'spec_centroid']",0.5297805642633229,0.5121212121212121,0.5487012987012987,0.573264157987781,0.6089850249584027,0.6892655367231638,0.5454545454545454,0.703915910745629,0.9018112488083889,0.8537906137184116,0.9555555555555556,0.9618068862858933
RF,0.6801172782351456,0.6937863185514085,0.6716193945702144,0.7465718638902996,0.7604189329437464,"{'n_estimators': 50, 'max_depth': 5}","['wav_detail_lvl5_std', 'mfcc_10', 'wav_detail_lvl3_std', 'zcr_mean', 'spec_centroid']",0.5179856115107914,0.5806451612903226,0.4675324675324675,0.6173285616375568,0.6570561456752656,0.6692426584234931,0.6453055141579732,0.7318205447097945,0.8653100775193798,0.8314711359404097,0.902020202020202,0.9321076924838881
RF,0.6799496885430393,0.6836430295432255,0.6931788612116482,0.750126968004063,0.7367891806620556,"{'n_estimators': 100, 'max_depth': 10}","['mfcc_6', 'mfcc_11', 'mfcc_8', 'spec_centroid']",0.5117565698478561,0.4457831325301205,0.6006493506493507,0.5077424451821829,0.6172208013640239,0.7211155378486056,0.5394932935916542,0.7355900680797856,0.910871694417238,0.8840304182509505,0.9393939393939394,0.967035028724198
RF,0.6798647997095758,0.692035130670757,0.6721161655587885,0.7470797359065515,0.7467930049261415,"{'n_estimators': 50, 'max_depth': 5}","['wav_detail_lvl5_std', 'mfcc_10', 'wav_detail_lvl3_std', 'zcr_mean']",0.5133689839572193,0.5691699604743083,0.4675324675324675,0.604713945305463,0.6600760456273764,0.6739130434782609,0.646795827123696,0.7040309320228744,0.8661493695441319,0.8330223880597015,0.902020202020202,0.9316341374500874
RF,0.6795739850491258,0.6825292795365083,0.6783080610949463,0.7384459116302692,0.7463440588035821,"{'n_estimators': 100, 'max_depth': 10}","['mfcc_3', 'mfcc_8', 'wav_detail_lvl3_std', 'spec_centroid']",0.5540983606557377,0.5596026490066225,0.5487012987012987,0.6158348689554272,0.6129788897576232,0.6447368421052632,0.5842026825633383,0.6858049490985944,0.8716447047340166,0.8432483474976393,0.902020202020202,0.9373923583567245
RF,0.6789606380805746,0.679893322101735,0.6899553694635662,0.744540375825292,0.7184539428303968,"{'n_estimators': 50, 'max_depth': 5}","['mfcc_5', 'mfcc_11', 'mfcc_10', 'spec_centroid']",0.5300859598853869,0.47435897435897434,0.6006493506493507,0.5147788055974316,0.6113902847571189,0.6978967495219885,0.5439642324888226,0.675110764125641,0.895405669599218,0.8674242424242424,0.9252525252525252,0.9654722587681178
RF,0.6789590605110761,0.6871090018417895,0.6731128616374518,0.7420010157440325,0.7418335136560992,"{'n_estimators': 100, 'max_depth': 5}","['wav_detail_lvl5_std', 'mfcc_8', 'mfcc_10', 'zcr_mean', 'spec_centroid']",0.5277777777777778,0.5671641791044776,0.4935064935064935,0.5991863622917534,0.6414523449319214,0.6513056835637481,0.6318926974664679,0.6981431723782315,0.8676470588235294,0.8428571428571429,0.8939393939393939,0.9281710062983126
RF,0.6786016315207347,0.6888156875368994,0.6969204141335288,0.7475876079228034,0.7190296458631895,"{'n_estimators': 50, 'max_depth': 10}","['mfcc_6', 'mfcc_11', 'mfcc_8']",0.523936170212766,0.4436936936936937,0.6396103896103896,0.4846872793125421,0.604982206405694,0.7505518763796909,0.5067064083457526,0.7158016126817623,0.906886517943744,0.8722014925373134,0.9444444444444444,0.9566000455952641
RF,0.678528299252973,0.6808837061394607,0.6797029624898477,0.7450482478415439,0.7367968301493333,"{'n_estimators': 50, 'max_depth': None}","['wav_detail_lvl5_std', 'mfcc_8', 'wav_detail_lvl3_std', 'zcr_mean', 'spec_centroid']",0.5238095238095238,0.5124223602484472,0.5357142857142857,0.5969376582940409,0.6287089013632718,0.6805555555555556,0.5842026825633383,0.6798847926839497,0.8830664725861233,0.8496732026143791,0.9191919191919192,0.933568039470009
RF,0.6781790634425086,0.6814413813167998,0.6850176235422137,0.7465718638902996,0.7237543543945305,"{'n_estimators': 100, 'max_depth': None}","['mfcc_5', 'mfcc_11', 'mfcc_8', 'zcr_mean']",0.5307346326836582,0.49303621169916434,0.5746753246753247,0.5369601639236586,0.6095717884130982,0.698076923076923,0.5409836065573771,0.6774610164286727,0.8942307692307693,0.8532110091743119,0.9393939393939394,0.9568418828312601
RF,0.677961592470378,0.6924167276771959,0.6692573667983505,0.744540375825292,0.7398453846833823,"{'n_estimators': 100, 'max_depth': 5}","['wav_detail_lvl5_std', 'mfcc_10', 'wav_detail_lvl3_std']",0.5206463195691203,0.5823293172690763,0.4707792207792208,0.601769188539261,0.6492307692307693,0.670906200317965,0.6289120715350224,0.6944664077072904,0.8640076886112446,0.8240146654445463,0.908080808080808,0.9233005578035955
RF,0.6779321094459846,0.6797510104885892,0.6831153060661257,0.7516505840528187,0.7604849148247221,"{'n_estimators': 50, 'max_depth': 10}","['mfcc_6', 'mfcc_5', 'mfcc_11', 'mfcc_10', 'zcr_mean']",0.5114155251141552,0.4813753581661891,0.5454545454545454,0.5982450374781022,0.6128500823723229,0.6850828729281768,0.5543964232488823,0.7125361658725153,0.9095307208514756,0.872794800371402,0.9494949494949495,0.9706735411235488
RF,0.6777129095613854,0.6811993854979211,0.6772707559592805,0.7486033519553073,0.7294545269714189,"{'n_estimators': 100, 'max_depth': None}","['mfcc_11', 'wav_detail_lvl5_std', 'mfcc_8', 'wav_detail_lvl3_std', 'zcr_mean']",0.5032258064516129,0.5,0.5064935064935064,0.566356349955002,0.6438247011952192,0.6917808219178082,0.6020864381520119,0.6798968565121809,0.8860882210373243,0.8518173345759553,0.9232323232323232,0.9421103744470739
RF,0.6773559239646008,0.68668445505458,0.6752592277182442,0.744540375825292,0.751269630337843,"{'n_estimators': 100, 'max_depth': 5}","['mfcc_6', 'wav_detail_lvl5_std', 'mfcc_8', 'wav_detail_lvl3_std']",0.5421487603305785,0.5521885521885522,0.5324675324675324,0.6398650968793669,0.6112026359143328,0.6832412523020258,0.5529061102831595,0.6768887760686926,0.8787163756488909,0.8246235606731621,0.9404040404040404,0.9370550180654698
RF,0.6766972625896349,0.6789125126138318,0.6796272640534936,0.744540375825292,0.742699091002257,"{'n_estimators': 100, 'max_depth': None}","['mfcc_8', 'mfcc_10', 'wav_detail_lvl3_std', 'zcr_mean', 'spec_centroid']",0.5289514866979655,0.5105740181268882,0.5487012987012987,0.6101750977928131,0.6107491856677525,0.6732495511669659,0.5588673621460507,0.6823263660434048,0.8903911154031868,0.8529139685476411,0.9313131313131313,0.9355958091705532
RF,0.6766414287238686,0.6784999749296583,0.6820910115992084,0.7450482478415439,0.737463370647856,"{'n_estimators': 100, 'max_depth': 10}","['mfcc_5', 'mfcc_11', 'mfcc_10', 'zcr_mean']",0.5312977099236641,0.5014409221902018,0.564935064935065,0.5703973666344686,0.6033057851239669,0.6771799628942486,0.5439642324888226,0.6793030004777911,0.8953207911239749,0.8568790397045245,0.9373737373737374,0.9626897448313086
RF,0.6760637465620993,0.6765028230284779,0.6794738958673384,0.7399695276790249,0.7379371758598214,"{'n_estimators': 50, 'max_depth': 10}","['mfcc_3', 'mfcc_11', 'mfcc_8', 'wav_detail_lvl3_std']",0.5358255451713395,0.5149700598802395,0.5584415584415584,0.610438300382013,0.6093247588424437,0.6614310645724258,0.5648286140089419,0.670481344196469,0.8830409356725146,0.8531073446327684,0.9151515151515152,0.9328918830009822
RF,0.6759299119460372,0.6739218623229108,0.6877427672509638,0.7389537836465211,0.7344249987619,"{'n_estimators': 100, 'max_depth': 5}","['mfcc_5', 'mfcc_8', 'mfcc_10', 'zcr_mean']",0.5342857142857143,0.4770408163265306,0.6071428571428571,0.5478012412797537,0.600328947368421,0.6697247706422018,0.5439642324888226,0.7005564544910523,0.8931750741839762,0.875,0.9121212121212121,0.9549173005148942
RF,0.6752811812239511,0.6817988180164235,0.6818725900693114,0.7435246317927883,0.7237563501780744,"{'n_estimators': 100, 'max_depth': 10}","['mfcc_6', 'mfcc_3', 'mfcc_8', 'mfcc_10']",0.5487804878048781,0.5172413793103449,0.5844155844155844,0.5704099895183964,0.5871244635193134,0.6923076923076923,0.5096870342771982,0.6584493604117752,0.8899385923476618,0.8358473824312334,0.9515151515151515,0.9424097006040518
RF,0.6752544609861683,0.6750871646543123,0.6806779741205972,0.7409852717115287,0.7368099175123688,"{'n_estimators': 100, 'max_depth': 5}","['mfcc_5', 'zcr_mean']",0.5304878048780488,0.5,0.564935064935065,0.5524745502757228,0.6055194805194806,0.6648841354723708,0.555886736214605,0.7034483649045878,0.8897560975609756,0.8603773584905661,0.9212121212121213,0.9545068373567958
RF,0.6751821141681909,0.6784535386714364,0.6787705312295476,0.7475876079228034,0.7501803199346663,"{'n_estimators': 100, 'max_depth': None}","['wav_detail_lvl5_std', 'mfcc_8', 'mfcc_10', 'wav_detail_lvl3_std', 'zcr_mean', 'spec_centroid']",0.5147286821705427,0.49258160237388726,0.538961038961039,0.5989951735345577,0.6122112211221122,0.6857670979667283,0.5529061102831595,0.6995910771520428,0.8986064392119173,0.8570119156736938,0.9444444444444444,0.9519547091173985
RF,0.6749532743106332,0.6812040857947522,0.6861180107081747,0.744540375825292,0.6903124962524133,"{'n_estimators': 50, 'max_depth': 10}","['mfcc_6', 'mfcc_8', 'spec_centroid']",0.5163120567375886,0.45843828715365237,0.5909090909090909,0.4519001750532788,0.613126079447323,0.728952772073922,0.5290611028315947,0.6797779445011489,0.895421686746988,0.8562211981566821,0.9383838383838384,0.9392593692028122
RF,0.6748490815081517,0.6761056919334778,0.6771079254685812,0.7455561198577958,0.7299839810261437,"{'n_estimators': 50, 'max_depth': 10}","['mfcc_3', 'mfcc_8', 'mfcc_10', 'zcr_mean']",0.5133858267716536,0.4984709480122324,0.5292207792207793,0.5470884549910282,0.6142742582197274,0.6649305555555556,0.5707898658718331,0.6796958555416388,0.896887159533074,0.8649155722326454,0.9313131313131313,0.9631676325457639
RF,0.6746171977104006,0.6770329739273838,0.6787689541787904,0.7506348400203149,0.7496148879399316,"{'n_estimators': 50, 'max_depth': 5}","['mfcc_6', 'mfcc_5', 'mfcc_11', 'spec_centroid']",0.49617151607963245,0.46956521739130436,0.525974025974026,0.5781805787652594,0.6195562859490551,0.6904761904761905,0.5618479880774963,0.70196705719666,0.9081237911025145,0.8710575139146568,0.9484848484848485,0.9686970278578753
RF,0.6745884492561071,0.6747933444295616,0.6824277119359087,0.7455561198577958,0.7111604384318376,"{'n_estimators': 50, 'max_depth': 10}","['mfcc_3', 'mfcc_11', 'mfcc_10']",0.5155555555555555,0.47411444141689374,0.564935064935065,0.5540547015826218,0.6023102310231023,0.6746765249537893,0.5439642324888226,0.6388017563870277,0.9058995611896635,0.8755890669180019,0.9383838383838384,0.9406248573258634
RF,0.6744657136575526,0.6773386354218979,0.6747510231116789,0.7420010157440325,0.7193260089574668,"{'n_estimators': 100, 'max_depth': None}","['mfcc_3', 'mfcc_8', 'zcr_mean', 'spec_centroid']",0.5258064516129032,0.5224358974358975,0.5292207792207793,0.572031838266915,0.6118210862619808,0.6592082616179001,0.5707898658718331,0.6493399730051237,0.8857696030977735,0.8503717472118959,0.9242424242424242,0.9366062156003614
RF,0.674344100414496,0.6812168984157497,0.6696693713087156,0.7379380396140173,0.744370531457382,"{'n_estimators': 100, 'max_depth': 5}","['wav_detail_lvl5_std', 'mfcc_8', 'mfcc_10', 'wav_detail_lvl3_std', 'zcr_mean']",0.5255972696245734,0.5539568345323741,0.5,0.6200749664446562,0.6322282189668466,0.6549520766773163,0.6110283159463488,0.6848829102377341,0.8652068126520681,0.8347417840375587,0.897979797979798,0.9281537176897555
RF,0.6742381682204415,0.6901739149079177,0.665039150285052,0.7328593194514982,0.7132795257078725,"{'n_estimators': 100, 'max_depth': 5}","['wav_detail_lvl5_std', 'mfcc_10']",0.5220588235294118,0.6016949152542372,0.461038961038961,0.5779258630713076,0.661849710982659,0.6423562412342216,0.6825633383010432,0.6523780415439,0.8388059701492537,0.8264705882352941,0.8515151515151516,0.9095346725084101
RF,0.6739032085305968,0.6763314120112472,0.6717577807741743,0.7318435754189944,0.7460453975678387,"{'n_estimators': 100, 'max_depth': 10}","['mfcc_3', 'wav_detail_lvl5_std', 'mfcc_8', 'spec_centroid']",0.53,0.5445205479452054,0.5162337662337663,0.6097604043380326,0.6282335550628233,0.6231671554252199,0.6333830104321908,0.6826591524683439,0.8634760705289672,0.8613065326633166,0.8656565656565657,0.9457166358971401
RF,0.6737026334331789,0.6787009464681489,0.6753763237369794,0.7541899441340782,0.7138684423123397,"{'n_estimators': 100, 'max_depth': None}","['mfcc_6', 'mfcc_11', 'mfcc_8', 'mfcc_10']",0.4811320754716981,0.46646341463414637,0.4967532467532468,0.49137180811566705,0.6309719934102141,0.7053406998158379,0.5707898658718331,0.6916828647483027,0.9090038314176245,0.8642987249544627,0.9585858585858585,0.9585506540730491
RF,0.6735575632619936,0.6753893080273518,0.6736190949305704,0.7399695276790249,0.7256803154505563,"{'n_estimators': 50, 'max_depth': 10}","['mfcc_3', 'mfcc_8', 'mfcc_10', 'wav_detail_lvl3_std']",0.5242718446601942,0.5225806451612903,0.525974025974026,0.6047097764387495,0.6116352201257862,0.6472545757071547,0.5797317436661699,0.638321654537536,0.884765625,0.8563327032136105,0.9151515151515152,0.9340095153753832
RF,0.673452542074901,0.6735183251163067,0.6777864515569435,0.7450482478415439,0.7357756310743536,"{'n_estimators': 100, 'max_depth': 10}","['mfcc_11', 'mfcc_8', 'mfcc_10', 'zcr_mean', 'spec_centroid']",0.49165402124430957,0.46153846153846156,0.525974025974026,0.528911982808918,0.6329317269076306,0.686411149825784,0.587183308494784,0.7164629951947673,0.895771878072763,0.8726053639846744,0.9202020202020202,0.9619519152193757
RF,0.673333677447323,0.676581062840349,0.6767684652930553,0.7420010157440325,0.7182364129985853,"{'n_estimators': 100, 'max_depth': None}","['mfcc_3', 'mfcc_11', 'mfcc_8', 'zcr_mean']",0.53125,0.5120481927710844,0.551948051948052,0.5632649894892003,0.599009900990099,0.6709796672828097,0.5409836065573771,0.6525199880267436,0.8897411313518696,0.8467153284671532,0.9373737373737374,0.9389242614798123
RF,0.6729364786374052,0.6809516766063971,0.66731444026526,0.7389537836465211,0.73405154996845,"{'n_estimators': 100, 'max_depth': 10}","['mfcc_11', 'wav_detail_lvl5_std', 'wav_detail_lvl3_std', 'zcr_mean']",0.5034722222222222,0.5410447761194029,0.4707792207792208,0.5864104822347824,0.6580547112462006,0.6713178294573643,0.6453055141579732,0.6872684637118723,0.8572825024437928,0.8304924242424242,0.8858585858585859,0.9284757039586953
RF,0.6729360560765484,0.6777017317772208,0.6724339412864003,0.7506348400203149,0.75365480569971,"{'n_estimators': 100, 'max_depth': 10}","['mfcc_6', 'mfcc_5', 'mfcc_11', 'zcr_mean', 'spec_centroid']",0.49592169657422513,0.49836065573770494,0.4935064935064935,0.5883716726768916,0.6188557614826753,0.6736842105263158,0.5722801788375559,0.7025386230180547,0.9040307101727447,0.8610603290676416,0.9515151515151515,0.9700541214041837
RF,0.6728158806130788,0.6757279497651515,0.6921368249237102,0.7369222955815135,0.7108844458763303,"{'n_estimators': 100, 'max_depth': 5}","['mfcc_5', 'mfcc_11', 'mfcc_8']",0.5466847090663058,0.46867749419953597,0.6558441558441559,0.501743602646665,0.5761531766753699,0.6924686192468619,0.4932935916542474,0.6893448798112987,0.895609756097561,0.8660377358490566,0.9272727272727272,0.9415648551710276
RF,0.6728133206867133,0.6725840257384048,0.6886838722904297,0.7353986795327577,0.705821889075643,"{'n_estimators': 100, 'max_depth': 5}","['mfcc_5', 'mfcc_8', 'mfcc_10']",0.532967032967033,0.46190476190476193,0.6298701298701299,0.5317535886353815,0.5942760942760943,0.6827852998065764,0.526080476900149,0.6766519208256542,0.8911968348170128,0.873062015503876,0.9101010101010101,0.9090601577658933
RF,0.6727515506240178,0.6721927559058541,0.6844794549712582,0.7369222955815135,0.6961242465666199,"{'n_estimators': 50, 'max_depth': None}","['mfcc_5', 'mfcc_8', 'spec_centroid']",0.5212464589235127,0.4623115577889447,0.5974025974025974,0.49177786982778343,0.608119304059652,0.6847014925373134,0.5469448584202683,0.6553480954956314,0.8888888888888888,0.8695652173913043,0.9090909090909091,0.9412467743764448
RF,0.6724396055721641,0.6724680729215252,0.6885951631853272,0.7359065515490096,0.6961692890346495,"{'n_estimators': 50, 'max_depth': 5}","['mfcc_5', 'mfcc_8']",0.5258855585831063,0.45305164319248825,0.6266233766233766,0.5084012185449757,0.5971404541631623,0.6853281853281853,0.5290611028315947,0.6631908649849666,0.8942928039702234,0.8790243902439024,0.9101010101010101,0.9169157835740064
RF,0.6722021568083486,0.680483121194675,0.6795984828771714,0.7425088877602845,0.7212073817734304,"{'n_estimators': 50, 'max_depth': 10}","['mfcc_6', 'mfcc_3', 'mfcc_8']",0.547112462006079,0.5142857142857142,0.5844155844155844,0.5816149664490727,0.577893820713664,0.694560669456067,0.4947839046199702,0.6507224253577973,0.8916001877053027,0.8326029798422436,0.9595959595959596,0.9312847535134212
RF,0.6719832802302302,0.6784410787656263,0.6794238245057919,0.7465718638902996,0.698972882404015,"{'n_estimators': 100, 'max_depth': 5}","['mfcc_6', 'mfcc_10', 'zcr_mean']",0.5051698670605613,0.4634146341463415,0.5551948051948052,0.44334497906889864,0.6101113967437874,0.717741935483871,0.5305514157973175,0.7189415088880621,0.9006685768863419,0.8541666666666666,0.9525252525252526,0.9346321592550842
RF,0.6719661263195794,0.6908702903663907,0.6608162026194814,0.7282884713052311,0.7510543861603228,"{'n_estimators': 50, 'max_depth': 5}","['mfcc_3', 'mfcc_11', 'wav_detail_lvl3_std', 'zcr_mean']",0.5646630236794171,0.6431535269709544,0.5032467532467533,0.6511712106446023,0.600924499229584,0.6220095693779905,0.5812220566318927,0.6793197755510166,0.850310856049737,0.8074477747502271,0.897979797979798,0.9226721722853495
RF,0.6718330821217711,0.6768341314456822,0.6711178924293678,0.7384459116302692,0.7359898620480284,"{'n_estimators': 50, 'max_depth': None}","['mfcc_11', 'wav_detail_lvl5_std', 'wav_detail_lvl3_std', 'zcr_mean', 'spec_centroid']",0.517799352750809,0.5161290322580645,0.5194805194805194,0.5870210941449304,0.6279257465698144,0.6848591549295775,0.5797317436661699,0.6836741704682803,0.86977414704469,0.8295142071494043,0.9141414141414141,0.9372743215308743
RF,0.6716581340245084,0.6793780798575924,0.6667139781893879,0.7511427120365668,0.6935675476181787,"{'n_estimators': 100, 'max_depth': 5}","['mfcc_5', 'mfcc_11', 'spec_centroid']",0.46935201401050786,0.5095057034220533,0.43506493506493504,0.45905613352411917,0.6525037936267072,0.6646058732612056,0.6408345752608048,0.6838768659082209,0.8931185944363104,0.8640226628895185,0.9242424242424242,0.9377696434221962
RF,0.6715513723176078,0.6711545555585295,0.6750297668330455,0.7328593194514982,0.7244899592757933,"{'n_estimators': 50, 'max_depth': 10}","['mfcc_11', 'wav_detail_lvl5_std', 'mfcc_8', 'wav_detail_lvl3_std']",0.5263157894736842,0.5029585798816568,0.551948051948052,0.5810956428003655,0.6205250596658711,0.6655290102389079,0.5812220566318927,0.6610431774127513,0.8678132678132678,0.8449760765550239,0.8919191919191919,0.9313310576142633
RF,0.6710692005358987,0.6719510201205283,0.6767420496928693,0.7364144235652615,0.7276786541554268,"{'n_estimators': 100, 'max_depth': None}","['mfcc_5', 'mfcc_8', 'mfcc_10', 'spec_centroid']",0.5234493192133132,0.49008498583569404,0.5616883116883117,0.5714316698968565,0.6098360655737705,0.6775956284153005,0.5543964232488823,0.6646045955300284,0.8799222168206126,0.8481724461105904,0.9141414141414141,0.9469996970393955
RF,0.6702442226868338,0.6728154138595189,0.6772285698515207,0.7399695276790249,0.7301888010051605,"{'n_estimators': 100, 'max_depth': None}","['mfcc_6', 'mfcc_5', 'mfcc_10', 'zcr_mean', 'spec_centroid']",0.5279034690799397,0.49295774647887325,0.5681818181818182,0.5653665333739546,0.5889261744966443,0.6737044145873321,0.5230998509687034,0.6838600128507516,0.8939030244839175,0.8517840805123513,0.9404040404040404,0.9413398567907755
RF,0.6693749428564519,0.6788791226262122,0.6636095537734882,0.7430167597765364,0.7278460124154461,"{'n_estimators': 50, 'max_depth': 10}","['mfcc_5', 'zcr_mean', 'spec_centroid']",0.4973730297723292,0.5399239543726235,0.461038961038961,0.5738011136751399,0.6280864197530864,0.6512,0.6065573770491803,0.6588183086568857,0.8826653790439402,0.845513413506013,0.9232323232323232,0.9509186149143131
RF,0.6693368754571072,0.6700929499700816,0.6737184491282852,0.7430167597765364,0.7305092720492793,"{'n_estimators': 100, 'max_depth': 5}","['mfcc_6', 'mfcc_5']",0.4954128440366973,0.4682080924855491,0.525974025974026,0.5757173123275945,0.612012987012987,0.6720142602495544,0.5618479880774963,0.6966239262082805,0.9005847953216374,0.8700564971751412,0.9333333333333333,0.9191865776119632
RF,0.6692764075391557,0.6688538194163934,0.6836589943147321,0.7348908075165058,0.7292619601388074,"{'n_estimators': 50, 'max_depth': 5}","['mfcc_5', 'mfcc_8', 'zcr_mean']",0.5279329608938548,0.4632352941176471,0.6136363636363636,0.5185331647140883,0.5836837678721615,0.6698841698841699,0.5171385991058122,0.7284567135222862,0.8962124938514511,0.8734419942473634,0.9202020202020202,0.9407960021800478
RF,0.6692078273667156,0.6773793558633892,0.6634802356113831,0.7328593194514982,0.7287003326969369,"{'n_estimators': 100, 'max_depth': 5}","['wav_detail_lvl5_std', 'mfcc_8', 'mfcc_10', 'wav_detail_lvl3_std']",0.5208333333333334,0.5597014925373134,0.487012987012987,0.6143680720241781,0.6246200607902735,0.6372093023255814,0.6125186289120715,0.6458771452116516,0.8621700879765396,0.8352272727272727,0.8909090909090909,0.9258557808549808
RF,0.6689550555169018,0.6737150293719266,0.6670881334815761,0.7359065515490096,0.7463575770642848,"{'n_estimators': 100, 'max_depth': 5}","['mfcc_3', 'wav_detail_lvl5_std', 'mfcc_8', 'zcr_mean']",0.527363184079602,0.5389830508474577,0.5162337662337663,0.6577170825806076,0.6001583531274742,0.6402027027027027,0.5648286140089419,0.64386744524445,0.8793436293436293,0.8419593345656192,0.9202020202020202,0.9374882033677968
RF,0.6687436882489511,0.6737084348583976,0.6662034080066868,0.7206703910614525,0.71677486786781,"{'n_estimators': 50, 'max_depth': 10}","['mfcc_3', 'spec_centroid']",0.5577557755775577,0.5671140939597316,0.5487012987012987,0.5869205462836531,0.6151419558359621,0.6532663316582915,0.5812220566318927,0.6624723561146648,0.8333333333333334,0.8007448789571695,0.8686868686868687,0.9009317012051117
RF,0.667743042556948,0.6784218128369591,0.6613638334949811,0.7364144235652615,0.7413272946815049,"{'n_estimators': 50, 'max_depth': 10}","['mfcc_11', 'wav_detail_lvl5_std', 'wav_detail_lvl3_std', 'spec_centroid']",0.5026178010471204,0.5433962264150943,0.4675324675324675,0.5975804939996356,0.6416861826697893,0.6737704918032786,0.6125186289120715,0.7021381660418009,0.8589251439539347,0.8180987202925045,0.9040404040404041,0.924263224003078
RF,0.6676031851644163,0.6757024623808432,0.6726472374013358,0.7369222955815135,0.7159977711559428,"{'n_estimators': 100, 'max_depth': 10}","['mfcc_6', 'mfcc_8', 'wav_detail_lvl3_std']",0.5434782608695652,0.5208333333333334,0.5681818181818182,0.5838390022552038,0.576592082616179,0.6822810590631364,0.4992548435171386,0.6457615525029438,0.8827392120075047,0.8239929947460596,0.9505050505050505,0.9183927587096805
RF,0.6673504347844622,0.6713380991294673,0.6651180028229209,0.7420010157440325,0.7266087913624572,"{'n_estimators': 100, 'max_depth': 5}","['mfcc_6', 'mfcc_11', 'zcr_mean', 'spec_centroid']",0.48747913188647746,0.5017182130584192,0.474025974025974,0.5199417969306678,0.6247086247086248,0.6525974025974026,0.5991058122205664,0.6964767109367757,0.8898635477582846,0.85969868173258,0.9222222222222223,0.9634078662199282
RF,0.6672705237061672,0.6718292587659466,0.665783912505224,0.7491112239715592,0.7257445787144007,"{'n_estimators': 50, 'max_depth': 5}","['mfcc_6', 'mfcc_11', 'mfcc_10', 'zcr_mean', 'spec_centroid']",0.46534653465346537,0.47315436241610737,0.4577922077922078,0.4971689233195805,0.6349206349206349,0.6791171477079796,0.5961251862891207,0.7171774181131254,0.9015444015444015,0.8632162661737524,0.9434343434343434,0.9628873947104962
RF,0.666852923056668,0.6699984545952219,0.6772782469503781,0.7414931437277806,0.7772028296520229,"{'n_estimators': 50, 'max_depth': 5}","['mfcc_6', 'mfcc_5', 'mfcc_10', 'zcr_mean']",0.5050505050505051,0.45454545454545453,0.5681818181818182,0.6375173453553836,0.5877342419080068,0.6858846918489065,0.5141579731743666,0.7404628513678938,0.9077740222114921,0.8695652173913043,0.9494949494949495,0.9536282922327914
RF,0.6667679470248387,0.6661402743876971,0.6719008981304063,0.739461655662773,0.7031257425710907,"{'n_estimators': 100, 'max_depth': 5}","['mfcc_5', 'mfcc_10', 'spec_centroid']",0.47023809523809523,0.4340659340659341,0.512987012987013,0.4836686138846675,0.6368715083798883,0.6855670103092784,0.5946348733233979,0.690203407424205,0.8931942374565326,0.8787878787878788,0.908080808080808,0.9355052064043997
RF,0.6667476766446243,0.6695754327002102,0.6646630236794172,0.7267648552564754,0.7434937006369434,"{'n_estimators': 100, 'max_depth': 10}","['wav_detail_lvl5_std', 'wav_detail_lvl3_std', 'zcr_mean']",0.5082508250825083,0.5167785234899329,0.5,0.6048226716476092,0.6513409961685823,0.6703470031545742,0.6333830104321908,0.7048516344582093,0.8406512086827824,0.8216007714561234,0.8606060606060606,0.9208067958050116
RF,0.6664111352843217,0.6651835842380561,0.6684716012584865,0.7247333671914677,0.7238088469530374,"{'n_estimators': 100, 'max_depth': 5}","['mfcc_8', 'mfcc_10', 'wav_detail_lvl3_std', 'spec_centroid']",0.5316455696202531,0.5185185185185185,0.5454545454545454,0.589780001819642,0.6044718581341557,0.6261980830670927,0.5842026825633383,0.6599361405138529,0.8631159780985564,0.8508341511285574,0.8757575757575757,0.9217103985256172
RF,0.666245436805585,0.6742949525898516,0.6605370646354253,0.7308278313864907,0.7282074769829728,"{'n_estimators': 100, 'max_depth': 5}","['wav_detail_lvl5_std', 'mfcc_8', 'mfcc_10', 'zcr_mean']",0.5121951219512195,0.5526315789473685,0.4772727272727273,0.5966687016880136,0.6254709871891485,0.6326219512195121,0.6184798807749627,0.6651327975707433,0.8610702012763869,0.8376313276026743,0.8858585858585859,0.9228209316901614
RF,0.6659894750082764,0.6670075519571058,0.6668760201547087,0.7389537836465211,0.7376819299481765,"{'n_estimators': 50, 'max_depth': 10}","['mfcc_8', 'mfcc_10', 'wav_detail_lvl3_std', 'zcr_mean']",0.48881789137380194,0.4811320754716981,0.4967532467532468,0.6081404954147921,0.6184107002360346,0.655,0.5856929955290611,0.6692337452467186,0.8907398334149926,0.8648905803996194,0.9181818181818182,0.935671549183019
RF,0.6656603452432209,0.6671058293874363,0.6654645597268548,0.7318435754189944,0.7318063165108897,"{'n_estimators': 50, 'max_depth': 10}","['mfcc_3', 'wav_detail_lvl5_std', 'mfcc_8', 'wav_detail_lvl3_std']",0.5089141004862237,0.5080906148867314,0.5097402597402597,0.6061408817553842,0.6147859922178989,0.6433224755700325,0.5886736214605067,0.651342024334111,0.8732809430255403,0.8499043977055449,0.897979797979798,0.9379360434431739
RF,0.6653815658927308,0.6674557543611853,0.6688769033031328,0.7384459116302692,0.6924887859760389,"{'n_estimators': 50, 'max_depth': None}","['mfcc_11', 'mfcc_8', 'mfcc_10', 'zcr_mean']",0.49382716049382713,0.47058823529411764,0.5194805194805194,0.4802958991357376,0.6122448979591837,0.6768953068592057,0.5588673621460507,0.648547904120308,0.8900726392251816,0.8548837209302326,0.9282828282828283,0.9486225546720708
RF,0.6653174112286248,0.6639817194363856,0.6732977708387544,0.733875063484002,0.6988223078513284,"{'n_estimators': 50, 'max_depth': None}","['mfcc_5', 'mfcc_11', 'mfcc_8', 'spec_centroid']",0.5125925925925926,0.4713896457765668,0.5616883116883117,0.4834040002869533,0.5889070146818923,0.6504504504504505,0.5380029806259314,0.6578552473050598,0.8944526264113893,0.8701050620821394,0.9202020202020202,0.9552076759619721
RF,0.665194839528502,0.6633717007176035,0.6772924404071946,0.7308278313864907,0.7422056487566061,"{'n_estimators': 100, 'max_depth': 5}","['mfcc_5', 'mfcc_10', 'zcr_mean']",0.5213675213675214,0.46446700507614214,0.5941558441558441,0.5809513643511701,0.5818181818181818,0.6530612244897959,0.5245901639344263,0.7035597661676205,0.8923988153998026,0.8725868725868726,0.9131313131313131,0.9421058157510279
RF,0.6649909913007317,0.6680068232971242,0.6741742167971676,0.7409852717115287,0.7649420983793634,"{'n_estimators': 100, 'max_depth': 5}","['mfcc_6', 'mfcc_5', 'mfcc_11', 'mfcc_10']",0.4934687953555878,0.4461942257217848,0.551948051948052,0.6113217524456664,0.5939086294416244,0.6868884540117417,0.5230998509687034,0.7181561832989919,0.9075955491049831,0.8709377901578459,0.9474747474747475,0.9653483593934319
RF,0.664550517073601,0.686560229932723,0.6525701984718378,0.718638902996445,0.7006959315832765,"{'n_estimators': 100, 'max_depth': 5}","['wav_detail_lvl5_std', 'mfcc_8', 'mfcc_10']",0.5348399246704332,0.6367713004484304,0.461038961038961,0.5674707885674284,0.6334776334776335,0.6139860139860139,0.65424739195231,0.6247521525275682,0.8253339930727362,0.8089233753637245,0.8424242424242424,0.9098648536548328
RF,0.664515200215873,0.674162953143787,0.6585503749438176,0.7196546470289487,0.7420040301699194,"{'n_estimators': 50, 'max_depth': 5}","['mfcc_3', 'mfcc_11', 'wav_detail_lvl3_std', 'spec_centroid']",0.5576592082616179,0.5934065934065934,0.525974025974026,0.6417043028865423,0.5935787000783085,0.6254125412541254,0.5648286140089419,0.6705628604274727,0.8423076923076923,0.8036697247706422,0.8848484848484849,0.9137449271957433
RF,0.6633735990599922,0.6662888850772166,0.6661024767582145,0.7196546470289487,0.7117515785746987,"{'n_estimators': 100, 'max_depth': 10}","['mfcc_3', 'mfcc_8', 'wav_detail_lvl3_std']",0.5673534072900158,0.5541795665634675,0.5811688311688312,0.620907921382547,0.5693191140278917,0.6332116788321168,0.5171385991058122,0.61049890854434,0.853448275862069,0.8114754098360656,0.9,0.9038479057972092
RF,0.6630816059918362,0.6669891456325798,0.6741923528808774,0.7384459116302692,0.7453529431017976,"{'n_estimators': 50, 'max_depth': 5}","['mfcc_6', 'mfcc_5', 'mfcc_10', 'spec_centroid']",0.49572649572649574,0.4416243654822335,0.564935064935065,0.5633568424771089,0.5873287671232876,0.6901408450704225,0.511177347242921,0.7231981331031663,0.9061895551257253,0.8692022263450835,0.9464646464646465,0.9495038537251176
RF,0.662744866981056,0.6665954580150717,0.6604657030886539,0.7303199593702387,0.754266977287496,"{'n_estimators': 100, 'max_depth': 10}","['wav_detail_lvl5_std', 'wav_detail_lvl3_std', 'zcr_mean', 'spec_centroid']",0.4900662251655629,0.5,0.4805194805194805,0.618324160384748,0.640746500777605,0.6699186991869919,0.6140089418777943,0.7150849495114879,0.857421875,0.8298676748582231,0.8868686868686869,0.929391821966252
RF,0.6625831741465206,0.6626975387601405,0.6717857734251177,0.7333671914677501,0.7249482995612854,"{'n_estimators': 50, 'max_depth': 5}","['mfcc_5', 'mfcc_11', 'zcr_mean', 'spec_centroid']",0.5102639296187683,0.46524064171123,0.564935064935065,0.5264882456393664,0.5806988352745425,0.6572504708097928,0.5201192250372578,0.6826728873922225,0.8967867575462513,0.8656015037593985,0.9303030303030303,0.9656837656522672
RF,0.6625376163935387,0.6705086805006317,0.6570979111962719,0.7267648552564754,0.7136362665744995,"{'n_estimators': 100, 'max_depth': 10}","['mfcc_11', 'wav_detail_lvl5_std', 'wav_detail_lvl3_std']",0.5043177892918825,0.5387453874538746,0.474025974025974,0.5814589129604043,0.6369915579432079,0.6566455696202531,0.6184798807749627,0.656554805729206,0.8463035019455253,0.8161350844277674,0.8787878787878788,0.9028950810338883
RF,0.6621895740562773,0.6644510497565402,0.6662479596905827,0.739461655662773,0.7279808096254529,"{'n_estimators': 50, 'max_depth': 5}","['mfcc_6', 'mfcc_11', 'mfcc_10', 'zcr_mean']",0.4763358778625954,0.4495677233429395,0.5064935064935064,0.493845590974065,0.6119770303527482,0.6806569343065694,0.555886736214605,0.7240800188867603,0.8982558139534884,0.8631284916201117,0.9363636363636364,0.9660168190155332
RF,0.6606826116163059,0.6622662154338876,0.6609581371876455,0.7308278313864907,0.7109393210446718,"{'n_estimators': 50, 'max_depth': None}","['mfcc_11', 'wav_detail_lvl5_std', 'mfcc_8', 'zcr_mean', 'spec_centroid']",0.483974358974359,0.4778481012658228,0.4902597402597403,0.538245038535638,0.6273584905660378,0.6638935108153078,0.5946348733233979,0.669246727442705,0.8707149853085211,0.8450570342205324,0.897979797979798,0.9253261971556723
RF,0.6601095384658594,0.6590408671099505,0.6733521790898841,0.7262569832402235,0.7163059144398121,"{'n_estimators': 50, 'max_depth': 10}","['mfcc_3', 'mfcc_5']",0.5255681818181818,0.4671717171717172,0.6006493506493507,0.5780851001710281,0.5654362416107382,0.6468330134357005,0.5022354694485842,0.6378466872323505,0.8893241919686582,0.8631178707224335,0.9171717171717172,0.9329859559160574
RF,0.6595093334583569,0.660422496757195,0.6689313115542624,0.7308278313864907,0.6682360518819387,"{'n_estimators': 100, 'max_depth': 5}","['mfcc_5', 'mfcc_11', 'mfcc_10']",0.49927431059506533,0.45144356955380577,0.5584415584415584,0.4387888122186762,0.5864661654135338,0.6673003802281369,0.5230998509687034,0.6524183603351218,0.8927875243664717,0.8625235404896422,0.9252525252525252,0.913500983092018
RF,0.659204731883526,0.6601180508324428,0.6591114107507551,0.718638902996445,0.7481358646479813,"{'n_estimators': 100, 'max_depth': 10}","['wav_detail_lvl5_std', 'wav_detail_lvl3_std', 'spec_centroid']",0.5056360708534622,0.5015974440894568,0.5097402597402597,0.6121195311401637,0.6332046332046332,0.657051282051282,0.6110283159463488,0.7147152699334615,0.8387734915924827,0.8217054263565892,0.8565656565656565,0.917572792870319
RF,0.6591764615155672,0.6610392804889959,0.6750530283317168,0.7277805992889792,0.73268658135551,"{'n_estimators': 100, 'max_depth': 5}","['mfcc_6', 'mfcc_5', 'mfcc_10']",0.5137362637362637,0.4452380952380952,0.6071428571428571,0.5785383521305889,0.5694682675814752,0.6707070707070707,0.4947839046199702,0.7048574512956497,0.8943248532289628,0.8671726755218216,0.9232323232323232,0.9146639406402917
RF,0.6585693667120456,0.6639124522184203,0.6605508638295524,0.7115286947689182,0.7230373931030197,"{'n_estimators': 100, 'max_depth': 10}","['mfcc_3', 'zcr_mean']",0.5833333333333334,0.5759493670886076,0.5909090909090909,0.634769069793293,0.5524126455906821,0.6252354048964218,0.4947839046199702,0.6438875788676004,0.8399621212121212,0.7905525846702317,0.895959595959596,0.8904555306481658
RF,0.6582914616505263,0.6630640205904438,0.669625213887509,0.7247333671914677,0.6911519547176234,"{'n_estimators': 50, 'max_depth': 5}","['mfcc_6', 'mfcc_8', 'mfcc_10']",0.5244956772334294,0.47150259067357514,0.5909090909090909,0.5039605061810624,0.5773552290406223,0.6872427983539094,0.4977645305514158,0.6627906629170746,0.8730234786775275,0.8304466727438469,0.9202020202020202,0.9067046950547335
RF,0.6580983837955389,0.6602460579655026,0.6619039733793832,0.733875063484002,0.7061292583038211,"{'n_estimators': 100, 'max_depth': None}","['mfcc_11', 'mfcc_8', 'mfcc_10', 'spec_centroid']",0.4792626728110599,0.45481049562682213,0.5064935064935064,0.48325067713468456,0.6044226044226044,0.6709090909090909,0.5499254843517138,0.6817138397319529,0.8906098741529526,0.8550185873605948,0.9292929292929293,0.9534232580448257
RF,0.6576149105813127,0.6565088403566235,0.6624066583082977,0.7155916708989335,0.6912803984854898,"{'n_estimators': 50, 'max_depth': None}","['mfcc_11', 'wav_detail_lvl5_std', 'mfcc_8', 'spec_centroid']",0.5221374045801527,0.49279538904899134,0.5551948051948052,0.5252512028997799,0.6038338658146964,0.6506024096385542,0.563338301043219,0.6493085027936332,0.8468734613490891,0.8261287223823247,0.8686868686868687,0.8992814897630568
RF,0.6565971739357463,0.661352319240703,0.6538949211080359,0.7465718638902996,0.6932429312929106,"{'n_estimators': 100, 'max_depth': 5}","['mfcc_5', 'spec_centroid']",0.4007029876977153,0.4367816091954023,0.37012987012987014,0.43841169351881953,0.6764275256222547,0.6647482014388489,0.6885245901639344,0.6862412204660706,0.8926610084872691,0.8825271470878578,0.9030303030303031,0.9550758798938415
RF,0.6559604881100031,0.6571573337544068,0.6702079341423604,0.7216861350939563,0.7101821384650199,"{'n_estimators': 50, 'max_depth': 10}","['mfcc_3', 'mfcc_8', 'zcr_mean']",0.5467625899280576,0.4909560723514212,0.6168831168831169,0.5705261216765256,0.540120793787748,0.6413934426229508,0.46646795827123694,0.6341911626664245,0.8809980806142035,0.8391224862888482,0.9272727272727272,0.9258291310521093
RF,0.6549132649693238,0.6574953628227759,0.660748389436914,0.7282884713052311,0.7315686459186482,"{'n_estimators': 100, 'max_depth': 10}","['mfcc_3', 'mfcc_10', 'zcr_mean']",0.5038167938931297,0.4755043227665706,0.5357142857142857,0.5804823416705156,0.5730994152046783,0.6520912547528517,0.511177347242921,0.6617858975600073,0.887823585810163,0.8448905109489051,0.9353535353535354,0.9524376985254218
RF,0.6548518855743651,0.6569294706305656,0.6562920382592514,0.7206703910614525,0.704867332025675,"{'n_estimators': 100, 'max_depth': None}","['wav_detail_lvl5_std', 'mfcc_8', 'wav_detail_lvl3_std', 'zcr_mean']",0.5087440381558028,0.4984423676012461,0.5194805194805194,0.554469893453117,0.5943775100401606,0.6445993031358885,0.5514157973174366,0.6380865211764115,0.8614341085271318,0.8277467411545624,0.897979797979798,0.922045581447496
RF,0.6546308708036713,0.655809230246284,0.6568242928898668,0.7176231589639411,0.692843657395333,"{'n_estimators': 50, 'max_depth': None}","['mfcc_8', 'mfcc_10', 'zcr_mean', 'spec_centroid']",0.526984126984127,0.515527950310559,0.538961038961039,0.5151642045199061,0.5746388443017657,0.6226086956521739,0.533532041728763,0.6414798002621565,0.8622696411251213,0.8292910447761194,0.897979797979798,0.9218869674039365
RF,0.6544885607651967,0.6560905324871203,0.6594240610634053,0.7079735906551549,0.7295926930011208,"{'n_estimators': 100, 'max_depth': 10}","['mfcc_3', 'mfcc_11', 'spec_centroid']",0.5546995377503852,0.5278592375366569,0.5844155844155844,0.6176201348391118,0.5754328112118714,0.6439114391143912,0.5201192250372578,0.6611384057894346,0.8333333333333334,0.7965009208103131,0.8737373737373737,0.9100195383748163
RF,0.6542904472697956,0.6882361155230144,0.6481406571570506,0.7211782630777044,0.7000892651241873,"{'n_estimators': 50, 'max_depth': 5}","['mfcc_3', 'wav_detail_lvl3_std']",0.5719298245614035,0.6221374045801527,0.5292207792207793,0.6453485790430056,0.5459459459459459,0.6902050113895216,0.45156482861400893,0.6262695841208145,0.8449955713020372,0.7523659305993691,0.9636363636363636,0.8286496322087423
RF,0.6530598337195038,0.6528202723560557,0.6550591788296707,0.718638902996445,0.6838121078878355,"{'n_estimators': 50, 'max_depth': None}","['mfcc_11', 'wav_detail_lvl5_std', 'mfcc_8', 'zcr_mean']",0.48589341692789967,0.4696969696969697,0.5032467532467533,0.5176406781989966,0.6175548589341693,0.6512396694214876,0.587183308494784,0.6308433796457641,0.8557312252964426,0.8375241779497099,0.8747474747474747,0.9029522658187454
RF,0.6528937797233414,0.6522493840446266,0.6655004376315852,0.7191467750126967,0.6740923221015375,"{'n_estimators': 50, 'max_depth': 10}","['mfcc_11', 'mfcc_8', 'mfcc_10']",0.4972067039106145,0.4362745098039216,0.577922077922078,0.45295489182856025,0.5813953488372093,0.6566604127579737,0.5216095380029806,0.632342559008976,0.8800792864222002,0.8638132295719845,0.896969696969697,0.9369795154670763
RF,0.6528093469730193,0.6495626224172635,0.6611631537861046,0.7089893346876587,0.7022679478154945,"{'n_estimators': 50, 'max_depth': 5}","['mfcc_8', 'mfcc_10', 'wav_detail_lvl3_std']",0.5402985074626866,0.5,0.5876623376623377,0.5595519927039063,0.5652173913043478,0.6147110332749562,0.5230998509687034,0.6395220919869602,0.8529121421520237,0.833976833976834,0.8727272727272727,0.907729758755617
RF,0.652727173027229,0.6560527708782931,0.651508843312122,0.7176231589639411,0.698501064571423,"{'n_estimators': 100, 'max_depth': None}","['mfcc_11', 'mfcc_8', 'wav_detail_lvl3_std', 'zcr_mean']",0.49673202614379086,0.5,0.4935064935064935,0.5737679575152828,0.6141732283464567,0.6510851419031719,0.5812220566318927,0.6281979750012695,0.8472762645914397,0.8170731707317073,0.8797979797979798,0.8935372611977167
RF,0.6513368807547303,0.6513274843827968,0.665716493585346,0.7084814626714068,0.6939939381846888,"{'n_estimators': 100, 'max_depth': None}","['mfcc_3', 'mfcc_11', 'mfcc_8']",0.5542857142857143,0.49489795918367346,0.6298701298701299,0.5692963792119838,0.5482493595217762,0.642,0.4783904619970194,0.5994478062137031,0.8514755684567006,0.8170844939647168,0.8888888888888888,0.9132376291283794
RF,0.650567747773204,0.6713401706759948,0.6389866660358464,0.7013712544438802,0.720718273467012,"{'n_estimators': 100, 'max_depth': 10}","['mfcc_3', 'wav_detail_lvl5_std']",0.5345794392523364,0.6299559471365639,0.4642857142857143,0.643829643141467,0.5997150997150997,0.5743519781718963,0.6274217585692996,0.6347970543313655,0.817408704352176,0.8097125867195243,0.8252525252525252,0.8835281229282038
RF,0.6504144626182103,0.6493070301422704,0.6542777501793894,0.7145759268664297,0.7356249369400735,"{'n_estimators': 50, 'max_depth': 10}","['wav_detail_lvl5_std', 'mfcc_8', 'wav_detail_lvl3_std', 'spec_centroid']",0.49538461538461537,0.47076023391812866,0.5227272727272727,0.5990349951424901,0.5985748218527316,0.6385135135135135,0.563338301043219,0.6760044259768936,0.8572839506172839,0.8386473429951691,0.8767676767676768,0.9318353897008363
RF,0.650020252354016,0.6551091870240806,0.6646839196019524,0.7252412392077197,0.7180115993074638,"{'n_estimators': 50, 'max_depth': 5}","['mfcc_5', 'mfcc_11', 'zcr_mean']",0.5006993006993007,0.4398034398034398,0.5811688311688312,0.5249019985516079,0.5521472392638037,0.6702127659574468,0.46944858420268254,0.6977953099962196,0.8972142170989433,0.8553113553113553,0.9434343434343434,0.931337489374564
RF,0.6496341696341431,0.6549280473754822,0.6585622028244978,0.7282884713052311,0.6819257174114504,"{'n_estimators': 100, 'max_depth': 5}","['mfcc_6', 'mfcc_11', 'mfcc_10']",0.47883211678832116,0.4350132625994695,0.5324675324675324,0.43269337966975524,0.5743766122098022,0.6788617886178862,0.4977645305514158,0.669898711660532,0.8956937799043062,0.850909090909091,0.9454545454545454,0.9431850609040638
RF,0.6494627947471767,0.6501084775381152,0.6574890197841018,0.7028948704926359,0.7157564217950388,"{'n_estimators': 100, 'max_depth': 10}","['mfcc_3', 'mfcc_11', 'zcr_mean']",0.5619335347432024,0.5254237288135594,0.6038961038961039,0.6061420425105292,0.5518394648829431,0.6285714285714286,0.4918032786885246,0.6295013382315549,0.8346153846153846,0.7963302752293578,0.8767676767676768,0.9116258846430326
RF,0.6489701400063418,0.6569395555443646,0.6433239498813269,0.7115286947689182,0.7351943926991226,"{'n_estimators': 50, 'max_depth': 10}","['wav_detail_lvl5_std', 'zcr_mean', 'spec_centroid']",0.4886561954624782,0.5283018867924528,0.45454545454545453,0.6012601758077685,0.6325301204819277,0.639269406392694,0.6259314456035767,0.7014279206973703,0.8257241040746195,0.8032473734479465,0.8494949494949495,0.902895081592229
RF,0.6489146828703347,0.6517639160267602,0.6670660547709728,0.7135601828339259,0.6489139186446553,"{'n_estimators': 100, 'max_depth': 5}","['mfcc_5', 'mfcc_10']",0.4876140808344198,0.4074074074074074,0.6071428571428571,0.4319856309688247,0.5799319727891157,0.6752475247524753,0.5081967213114754,0.670218475487027,0.8791979949874686,0.872636815920398,0.8858585858585859,0.8445376494781142
RF,0.6481365476455095,0.6664236047096884,0.674486867109818,0.7145759268664297,0.676881751667383,"{'n_estimators': 50, 'max_depth': 5}","['mfcc_6', 'mfcc_8']",0.5294117647058824,0.43670886075949367,0.672077922077922,0.4937481182908927,0.5446009389671361,0.7360406091370558,0.43219076005961254,0.6291376524332603,0.8703969392635102,0.8265213442325159,0.9191919191919192,0.9077594842779959
RF,0.6481201153221384,0.6481082420922527,0.6487028757520561,0.6957846622651092,0.7124564852505301,"{'n_estimators': 50, 'max_depth': 5}","['wav_detail_lvl5_std', 'mfcc_8', 'zcr_mean', 'spec_centroid']",0.5227272727272727,0.5227272727272727,0.5227272727272727,0.5895867531567547,0.6092619392185239,0.5921237693389592,0.6274217585692996,0.6517709663032084,0.8123711340206186,0.8294736842105264,0.795959595959596,0.8960117362916272
RF,0.6479066034231997,0.645482517813775,0.6512368020564742,0.7064499746063991,0.7147387979588077,"{'n_estimators': 50, 'max_depth': 10}","['mfcc_8', 'wav_detail_lvl3_std', 'zcr_mean', 'spec_centroid']",0.5038880248833593,0.4835820895522388,0.525974025974026,0.596944366876839,0.5941807044410413,0.6110236220472441,0.5782414307004471,0.6347275696755947,0.8456510809451986,0.8418418418418419,0.8494949494949495,0.9125444573239896
RF,0.6464013654453443,0.660616105568537,0.6367728810351762,0.6896901980700864,0.7113652479913695,"{'n_estimators': 50, 'max_depth': 5}","['mfcc_3', 'wav_detail_lvl5_std', 'mfcc_8']",0.5601436265709157,0.6265060240963856,0.5064935064935064,0.640744797126836,0.572463768115942,0.5571227080394923,0.5886736214605067,0.5951816645415141,0.8065967016491754,0.798219584569733,0.8151515151515152,0.8981692823057581
RF,0.6456526347267699,0.649969401442946,0.6471727422547094,0.7282884713052311,0.6758117530633522,"{'n_estimators': 100, 'max_depth': None}","['mfcc_6', 'mfcc_11', 'mfcc_10', 'spec_centroid']",0.4608,0.45425867507886436,0.4675324675324675,0.4298334146620562,0.5840853158326497,0.6496350364963503,0.5305514157973175,0.6444233369108908,0.89207258834766,0.8460144927536232,0.9434343434343434,0.9531785076171096
RF,0.6454863228839676,0.648858858696436,0.6433148818394719,0.6891823260538344,0.7196358889214389,"{'n_estimators': 50, 'max_depth': 5}","['wav_detail_lvl3_std', 'zcr_mean', 'spec_centroid']",0.5335570469798657,0.5520833333333334,0.5162337662337663,0.6028229267819425,0.6070150322118826,0.5840220385674931,0.6318926974664679,0.6706248389858622,0.7958868894601543,0.8104712041884817,0.7818181818181819,0.8854599009965123
RF,0.6450192069536478,0.6417904972090166,0.6576979790094545,0.7059421025901473,0.7221072584889127,"{'n_estimators': 100, 'max_depth': 10}","['mfcc_3', 'mfcc_8', 'spec_centroid']",0.5287356321839081,0.4742268041237113,0.5974025974025974,0.5781758400102528,0.5421487603305785,0.608534322820037,0.488822652757079,0.6581111815999937,0.8641732283464567,0.8426103646833013,0.8868686868686869,0.9300347538564914
RF,0.6449680244305518,0.6552744935772058,0.6709357430668906,0.7150837988826816,0.7353364351487679,"{'n_estimators': 100, 'max_depth': 5}","['mfcc_6', 'mfcc_11', 'zcr_mean']",0.517948717948718,0.4279661016949153,0.6558441558441559,0.5317516200293678,0.5288197621225984,0.6848341232227488,0.4307004470938897,0.7170200133657658,0.888135593220339,0.8530232558139534,0.9262626262626262,0.9572376720511699
RF,0.644215704001041,0.6483444830747617,0.643579037841333,0.7303199593702387,0.6834058331353333,"{'n_estimators': 100, 'max_depth': 5}","['mfcc_11', 'mfcc_10', 'zcr_mean', 'spec_centroid']",0.4174757281553398,0.4161290322580645,0.41883116883116883,0.4520257776665227,0.6325060048038431,0.6833910034602076,0.5886736214605067,0.6664651170101656,0.8826653790439402,0.845513413506013,0.9232323232323232,0.931726604729312
RF,0.6436149070452898,0.6430952815905617,0.6487277143014848,0.7034027425088878,0.6970040891805662,"{'n_estimators': 100, 'max_depth': None}","['mfcc_11', 'mfcc_8', 'wav_detail_lvl3_std', 'spec_centroid']",0.5129770992366413,0.484149855907781,0.5454545454545454,0.5567190313849757,0.5772029102667745,0.6307420494699647,0.5320417287630402,0.6419163877385629,0.8406647116324536,0.8143939393939394,0.8686868686868687,0.8923768484181602
RF,0.6431284386786963,0.6509970435758571,0.6372333798563307,0.6952767902488572,0.7062672905780665,"{'n_estimators': 100, 'max_depth': 5}","['mfcc_11', 'wav_detail_lvl5_std', 'zcr_mean']",0.5147826086956522,0.5543071161048689,0.4805194805194805,0.5872214397174762,0.6140089418777943,0.6140089418777943,0.6140089418777943,0.6513670404439409,0.8005937654626423,0.7846750727449079,0.8171717171717172,0.8802133915727822
RF,0.6426600899456526,0.6446813390254349,0.6445883503260553,0.7176231589639411,0.6617807245076784,"{'n_estimators': 100, 'max_depth': 5}","['mfcc_10', 'zcr_mean', 'spec_centroid']",0.4318529862174579,0.40869565217391307,0.4577922077922078,0.40301347553892997,0.6388443017656501,0.6921739130434783,0.5931445603576752,0.6662634792337829,0.8572829818538499,0.8331744518589133,0.8828282828282829,0.9160652187503224
RF,0.6424039357669714,0.6475922181170501,0.642385998943376,0.7237176231589639,0.6616068626655217,"{'n_estimators': 100, 'max_depth': None}","['mfcc_6', 'mfcc_10', 'zcr_mean', 'spec_centroid']",0.46078431372549017,0.46381578947368424,0.4577922077922078,0.43462006657742314,0.5842148087876322,0.6433691756272402,0.5350223546944859,0.6245194369086928,0.8822126847877921,0.8355916892502259,0.9343434343434344,0.9256810845104491
RF,0.6418458984094499,0.6506171239325649,0.6355971896955502,0.6988318943626206,0.7361571898237956,"{'n_estimators': 100, 'max_depth': 5}","['mfcc_11', 'wav_detail_lvl5_std', 'zcr_mean', 'spec_centroid']",0.4982456140350877,0.5419847328244275,0.461038961038961,0.6056674579132384,0.6207928197456993,0.6231231231231231,0.6184798807749627,0.709334709743363,0.8064992614475628,0.7867435158501441,0.8272727272727273,0.8934694018147854
RF,0.6407602812949729,0.6404492904971552,0.6490230170558039,0.7105129507364144,0.6882548227609532,"{'n_estimators': 100, 'max_depth': 10}","['mfcc_8', 'mfcc_10', 'zcr_mean']",0.46264367816091956,0.41494845360824745,0.5227272727272727,0.48515966053312914,0.5910204081632653,0.6534296028880866,0.5394932935916542,0.655905722504587,0.8686167575607338,0.8529698149951315,0.8848484848484849,0.9236990852451431
RF,0.6402506292286484,0.6961347280673768,0.6954178790244364,0.7120365667851701,0.6891892529264584,"{'n_estimators': 100, 'max_depth': 5}","['mfcc_6', 'zcr_mean']",0.5446623093681917,0.4098360655737705,0.8116883116883117,0.3980812387602499,0.48580441640378547,0.825,0.3442622950819672,0.7206768730152197,0.8902851619139681,0.8535681186283596,0.9303030303030303,0.9488096470039057
RF,0.639160560331431,0.6430010254461666,0.6365749611651251,0.6820721178263077,0.7082817577443673,"{'n_estimators': 100, 'max_depth': 5}","['wav_detail_lvl3_std', 'zcr_mean']",0.531986531986532,0.5524475524475524,0.512987012987013,0.5962947007756119,0.595561918396564,0.5730027548209367,0.6199701937406855,0.6470190179623819,0.7899332306111967,0.8035527690700105,0.7767676767676768,0.8815315544951084
RF,0.6374960865483484,0.6715049266092482,0.6900622146523786,0.7079735906551549,0.6981364634401105,"{'n_estimators': 100, 'max_depth': 5}","['mfcc_6', 'zcr_mean', 'spec_centroid']",0.5515695067264574,0.4212328767123288,0.7987012987012987,0.4460927071124723,0.47213779128672745,0.7373417721518988,0.3472429210134128,0.7045652287089215,0.8887809616318602,0.8559401309635173,0.9242424242424242,0.9437514544989374
RF,0.6371954128579628,0.6379784401584518,0.6373946332962727,0.6856272219400711,0.7092654625271585,"{'n_estimators': 100, 'max_depth': 5}","['wav_detail_lvl5_std', 'zcr_mean']",0.4967105263157895,0.5033333333333333,0.4902597402597403,0.571458441904175,0.6289398280802292,0.6055172413793104,0.65424739195231,0.6783180075238042,0.7859358841778697,0.8050847457627118,0.7676767676767676,0.8780199381534963
RF,0.6356941395382251,0.6489733762076412,0.6271788927526633,0.6876587100050787,0.6820373319688818,"{'n_estimators': 100, 'max_depth': 5}","['mfcc_11', 'wav_detail_lvl5_std']",0.5063291139240507,0.5714285714285714,0.45454545454545453,0.5662631600918049,0.6138032305433186,0.6049204052098408,0.6229508196721312,0.6197389160368538,0.786950074147306,0.7705711519845111,0.804040404040404,0.8601099197779866
RF,0.6356110273760063,0.6354847176235967,0.6374151349561186,0.6785170137125445,0.6989457251249019,"{'n_estimators': 50, 'max_depth': 5}","['wav_detail_lvl5_std', 'mfcc_8', 'zcr_mean']",0.5185185185185185,0.5143769968051118,0.5227272727272727,0.577925808030354,0.5990063875088716,0.5718157181571816,0.6289120715350224,0.6360041424951965,0.789308176100629,0.8202614379084967,0.7606060606060606,0.8829072248491553
RF,0.6350033696337563,0.633212337999293,0.6456114620049047,0.7013712544438802,0.6885987492524112,"{'n_estimators': 100, 'max_depth': 10}","['mfcc_3', 'mfcc_8', 'mfcc_10']",0.5102639296187683,0.46524064171123,0.564935064935065,0.5365931776353831,0.5291181364392679,0.5988700564971752,0.47391952309985097,0.5981871490908198,0.8656280428432327,0.8355263157894737,0.897979797979798,0.9310159210310308
RF,0.6348118131104263,0.6400409102022006,0.6305297313494035,0.6830878618588115,0.7043908345394692,"{'n_estimators': 100, 'max_depth': 5}","['mfcc_11', 'wav_detail_lvl3_std', 'zcr_mean']",0.5272108843537415,0.5535714285714286,0.5032467532467533,0.5992364714841565,0.5804038893044129,0.5825825825825826,0.5782414307004471,0.6289533432569875,0.7968206656731247,0.7839687194525904,0.8101010101010101,0.8849826888772636
RF,0.6338602450303865,0.632768503726135,0.6351299884086768,0.6820721178263077,0.6995426743441072,"{'n_estimators': 50, 'max_depth': 10}","['wav_detail_lvl5_std', 'mfcc_8', 'spec_centroid']",0.5160256410256411,0.509493670886076,0.5227272727272727,0.5620844543310315,0.5792188651436994,0.5728862973760933,0.5856929955290611,0.6381250749007088,0.8063362289218191,0.8159255429162358,0.796969696969697,0.8984184938005814
RF,0.6334198886627357,0.6388651787437543,0.6370425567146879,0.7201625190452006,0.6684021323148648,"{'n_estimators': 50, 'max_depth': 5}","['mfcc_6', 'mfcc_10', 'spec_centroid']",0.43143297380585516,0.41055718475073316,0.45454545454545453,0.41029473141469297,0.5798319327731093,0.6647398843930635,0.5141579731743666,0.6662992618170733,0.8889947594092424,0.8412984670874661,0.9424242424242424,0.928612403712828
RF,0.6331291319496236,0.6368202003718523,0.6302876540581459,0.6947689182326053,0.7085616914745659,"{'n_estimators': 50, 'max_depth': 10}","['mfcc_11', 'wav_detail_lvl3_std', 'zcr_mean', 'spec_centroid']",0.48067226890756304,0.49825783972125437,0.4642857142857143,0.5658836020741518,0.5987841945288754,0.6108527131782946,0.587183308494784,0.6515171696539898,0.8199309324124322,0.8013500482160077,0.8393939393939394,0.9082843026955563
RF,0.6329608557484975,0.630132198535047,0.6365205529139956,0.6886744540375825,0.6967935218627684,"{'n_estimators': 50, 'max_depth': 10}","['mfcc_8', 'wav_detail_lvl3_std', 'zcr_mean']",0.4968944099378882,0.47619047619047616,0.5194805194805194,0.5920931536431597,0.5738077214231643,0.583076923076923,0.5648286140089419,0.6037015163722671,0.8281804358844399,0.8311291963377416,0.8252525252525252,0.8945858955728782
RF,0.6323436959410209,0.6348265623089347,0.6370835600343797,0.706957846622651,0.6388350769158914,"{'n_estimators': 100, 'max_depth': 5}","['mfcc_10', 'zcr_mean']",0.4294117647058823,0.3924731182795699,0.474025974025974,0.35501967036251625,0.6103363412633306,0.6788321167883211,0.5543964232488823,0.6576444044457931,0.8572829818538499,0.8331744518589133,0.8828282828282829,0.9038411559393649
RF,0.631547714881708,0.6320230435819886,0.6321245239278027,0.686135093956323,0.6957446110992197,"{'n_estimators': 100, 'max_depth': 5}","['wav_detail_lvl5_std', 'wav_detail_lvl3_std']",0.49122807017543857,0.4827586206896552,0.5,0.5833620579891352,0.6055900621118012,0.6320907617504052,0.5812220566318927,0.6465287852209133,0.7978250123578843,0.7812197483059051,0.8151515151515152,0.8573429900876107
RF,0.6315086126365163,0.6329165369180748,0.6419854280510018,0.7008633824276282,0.6234594100465413,"{'n_estimators': 100, 'max_depth': 5}",['mfcc_5'],0.4410958904109589,0.3815165876777251,0.5227272727272727,0.3690287962970008,0.5902720527617478,0.6605166051660517,0.533532041728763,0.628369758345914,0.8631578947368421,0.8567164179104477,0.8696969696969697,0.8729796754967089
RF,0.6313963232202227,0.6384013293104203,0.6383984261033441,0.713052310817674,0.6647457396506277,"{'n_estimators': 100, 'max_depth': 5}","['mfcc_11', 'mfcc_10', 'zcr_mean']",0.43001443001443,0.38701298701298703,0.4837662337662338,0.42017975501535987,0.5849056603773585,0.6888888888888889,0.5081967213114754,0.6552703857973856,0.8792688792688793,0.8393021120293848,0.9232323232323232,0.9187870781391376
RF,0.6313055645110442,0.6276008866868631,0.6397842594563906,0.6815642458100558,0.6890969030724191,"{'n_estimators': 50, 'max_depth': 10}","['mfcc_11', 'mfcc_8', 'wav_detail_lvl3_std']",0.5289747399702823,0.4876712328767123,0.577922077922078,0.5830573370477147,0.5524419535628503,0.596885813148789,0.5141579731743666,0.5993776835939627,0.8125,0.7982456140350878,0.8272727272727273,0.8848556885755798
RF,0.6301658515029239,0.6321184404194319,0.6360190507731491,0.7120365667851701,0.6968851813823366,"{'n_estimators': 100, 'max_depth': 5}","['mfcc_6', 'mfcc_11', 'spec_centroid']",0.4464555052790347,0.4169014084507042,0.4805194805194805,0.47550794937065977,0.5574043261231281,0.6308851224105462,0.4992548435171386,0.6621018082438237,0.8866377231066088,0.8485687903970452,0.9282828282828283,0.9530457865325263
RF,0.6300994207639373,0.6375038493720194,0.647710910825665,0.7054342305738954,0.6404233788845745,"{'n_estimators': 50, 'max_depth': 5}","['mfcc_6', 'mfcc_10']",0.4897400820793434,0.4231678486997636,0.5811688311688312,0.3775689044685167,0.5219730941704036,0.6554054054054054,0.4336810730253353,0.6341944347865734,0.878585086042065,0.8339382940108893,0.9282828282828283,0.909506797398633
RF,0.6297794734263114,0.6332701911801267,0.6267231250837808,0.6729304215337735,0.6746497983359682,"{'n_estimators': 50, 'max_depth': 5}","['mfcc_11', 'wav_detail_lvl3_std']",0.5360134003350083,0.5536332179930796,0.5194805194805194,0.5739296497708072,0.5724962630792227,0.5742128935532234,0.5707898658718331,0.5846578144453392,0.780828756864703,0.771964461994077,0.7898989898989899,0.8653619307917584
RF,0.6293994226859069,0.6326409214813238,0.626778321860289,0.6805485017775521,0.7105033319281583,"{'n_estimators': 100, 'max_depth': 5}","['wav_detail_lvl5_std', 'spec_centroid']",0.4924114671163575,0.512280701754386,0.474025974025974,0.570782885501931,0.6105417276720352,0.6,0.6214605067064084,0.6919759164386948,0.7852450732693279,0.7856420626895855,0.7848484848484848,0.8687511938438488
RF,0.6290255084178127,0.6344644518349607,0.6253905171937958,0.691721686135094,0.7146814326540715,"{'n_estimators': 100, 'max_depth': 10}","['mfcc_11', 'wav_detail_lvl5_std', 'spec_centroid']",0.47377326565143824,0.49469964664310956,0.45454545454545453,0.5811057694932037,0.6027820710973725,0.6260032102728732,0.5812220566318927,0.6759020028655479,0.8105211885046274,0.7826904985888994,0.8404040404040404,0.887036525603463
RF,0.6289926931196684,0.6272665885202674,0.632611044086454,0.6896901980700864,0.6983999882144131,"{'n_estimators': 50, 'max_depth': 10}","['wav_detail_lvl5_std', 'mfcc_8', 'wav_detail_lvl3_std']",0.48148148148148145,0.4588235294117647,0.5064935064935064,0.57554126257978,0.5774647887323944,0.6079077429983526,0.5499254843517138,0.613414189336096,0.8280318091451292,0.815068493150685,0.8414141414141414,0.9062445127273631
RF,0.6286384969215116,0.6260217328056523,0.6389078134979774,0.6901980700863383,0.682179243136785,"{'n_estimators': 100, 'max_depth': 10}","['mfcc_11', 'mfcc_8', 'zcr_mean', 'spec_centroid']",0.4730878186968839,0.41959798994974873,0.5422077922077922,0.4855533980912117,0.5711987127916331,0.6206293706293706,0.5290611028315947,0.6423603281391728,0.8416289592760181,0.8378378378378378,0.8454545454545455,0.9186240031799708
RF,0.6276337923954872,0.6247887617816245,0.6311010179862638,0.6780091416962926,0.6801021977093428,"{'n_estimators': 100, 'max_depth': 10}","['mfcc_11', 'wav_detail_lvl5_std', 'mfcc_8']",0.5046728971962616,0.48502994011976047,0.525974025974026,0.5718702408834323,0.5731523378582202,0.5801526717557252,0.5663189269746647,0.576099616653199,0.8050761421319796,0.8091836734693878,0.8010101010101011,0.8923367355913969
RF,0.6230053362091247,0.6178546436892017,0.6319124106009352,0.6724225495175216,0.6823078183250124,"{'n_estimators': 50, 'max_depth': 10}","['mfcc_8', 'wav_detail_lvl3_std', 'spec_centroid']",0.5207100591715976,0.4782608695652174,0.5714285714285714,0.5680386560772364,0.5380392156862746,0.5678807947019867,0.511177347242921,0.5908165373343333,0.8102667337695018,0.8074222668004012,0.8131313131313131,0.8880682615634675
RF,0.6209921419531539,0.6236430045663932,0.623221678139711,0.7064499746063991,0.6563305439173167,"{'n_estimators': 50, 'max_depth': 5}","['mfcc_11', 'mfcc_10', 'spec_centroid']",0.3842662632375189,0.3597733711048159,0.41233766233766234,0.3933583546024437,0.6094003241491086,0.6678507992895204,0.5603576751117735,0.6570530674343467,0.869309838472834,0.8433048433048433,0.896969696969697,0.9185802097151599
RF,0.6164240492275911,0.6223469910451194,0.6413605216883905,0.6942610462163534,0.6739342425540226,"{'n_estimators': 50, 'max_depth': 5}","['mfcc_5', 'mfcc_11']",0.4781491002570694,0.39574468085106385,0.6038961038961039,0.47063613551990235,0.48007246376811596,0.6120092378752887,0.3949329359165425,0.6254249532058186,0.8910505836575876,0.8592870544090057,0.9252525252525252,0.9257416389363464
RF,0.6162773553945206,0.615926291306178,0.618489343079507,0.6627729812087354,0.6885451088382952,"{'n_estimators': 100, 'max_depth': 5}","['wav_detail_lvl3_std', 'spec_centroid']",0.5165354330708661,0.5015290519877675,0.5324675324675324,0.5842776401036465,0.5590551181102362,0.5926544240400667,0.5290611028315947,0.6153206018679449,0.7732415150024594,0.7535953978907,0.793939393939394,0.8660370845432944
RF,0.6161119094047272,0.6213857856747818,0.6268473178309244,0.6993397663788725,0.6839006410379707,"{'n_estimators': 50, 'max_depth': 5}","['mfcc_6', 'mfcc_11']",0.4340425531914894,0.3853904282115869,0.4967532467532468,0.45426540424850576,0.5329861111111112,0.6382536382536382,0.45752608047690013,0.6459944191655779,0.881307063911581,0.84051329055912,0.9262626262626262,0.9514420996998281
RF,0.6156410106790339,0.6221153429315674,0.6387398575923166,0.6729304215337735,0.6740601335766527,"{'n_estimators': 100, 'max_depth': 5}","['mfcc_8', 'mfcc_10', 'spec_centroid']",0.4570737605804111,0.36416184971098264,0.6136363636363636,0.45560646359248946,0.5521367521367522,0.6472945891783567,0.481371087928465,0.653525315543346,0.8377125193199382,0.8548895899053628,0.8212121212121212,0.9130486215941226
RF,0.613679010098452,0.6145970229939696,0.6140499451974861,0.6622651091924835,0.6922330259670092,"{'n_estimators': 50, 'max_depth': 5}","['mfcc_11', 'wav_detail_lvl3_std', 'spec_centroid']",0.5161290322580645,0.5128205128205128,0.5194805194805194,0.574360904215942,0.54375,0.5714285714285714,0.518628912071535,0.6283464915889586,0.7811579980372915,0.7595419847328244,0.804040404040404,0.8739916820961268
RF,0.6123605626931301,0.6097135287609841,0.6156266016921754,0.6521076688674454,0.6376856102804154,"{'n_estimators': 100, 'max_depth': 5}",['wav_detail_lvl3_std'],0.5297805642633229,0.5121212121212121,0.5487012987012987,0.5673862864434459,0.5457317073170732,0.5585023400936038,0.533532041728763,0.5403258757353876,0.761569416498994,0.7585170340681363,0.7646464646464647,0.8053446686624126
RF,0.6120559566684771,0.6079303883211465,0.6241154716564553,0.665312341289995,0.6511802674126624,"{'n_estimators': 100, 'max_depth': 10}","['mfcc_8', 'zcr_mean', 'spec_centroid']",0.46537396121883656,0.4057971014492754,0.5454545454545454,0.46959218330209324,0.5623052959501558,0.5889070146818923,0.5380029806259314,0.5856749015134786,0.8084886128364389,0.8290870488322718,0.7888888888888889,0.8982737174224154
RF,0.607840304750923,0.6064824671992278,0.6185228554081013,0.6703910614525139,0.6352746022356612,"{'n_estimators': 50, 'max_depth': None}","['mfcc_11', 'mfcc_8', 'zcr_mean']",0.4721030042918455,0.4219948849104859,0.5357142857142857,0.4700223963003888,0.5285832642916322,0.5951492537313433,0.47540983606557374,0.5635426407568781,0.8228346456692913,0.8023032629558541,0.8444444444444444,0.8722587696497167
RF,0.6070687325742127,0.6048097277605474,0.6234838628281252,0.6642965972574911,0.6555691399405302,"{'n_estimators': 100, 'max_depth': 10}","['mfcc_11', 'mfcc_8', 'spec_centroid']",0.46808510638297873,0.3963963963963964,0.5714285714285714,0.45003106518554725,0.5311475409836065,0.5901639344262295,0.4828614008941878,0.6208056535664156,0.8219735503560529,0.8278688524590164,0.8161616161616162,0.8958707010696281
RF,0.6057244560099107,0.6100186257917704,0.6069835750163618,0.6988318943626206,0.6247872000639602,"{'n_estimators': 50, 'max_depth': 5}","['mfcc_11', 'mfcc_10']",0.3560371517027864,0.34023668639053256,0.37337662337662336,0.34617444970970573,0.592956592956593,0.6581818181818182,0.5394932935916542,0.6293477372395161,0.8681796233703525,0.8316373728029602,0.908080808080808,0.8988394132426587
RF,0.6044234795858444,0.599519611700397,0.630340485258518,0.6566785170137125,0.6690783518569411,"{'n_estimators': 100, 'max_depth': 10}","['mfcc_3', 'mfcc_11']",0.5587044534412956,0.4780600461893764,0.672077922077922,0.57278936067059,0.4448336252189142,0.5392781316348195,0.37853949329359166,0.557809562464193,0.8097323600973236,0.7812206572769953,0.8404040404040404,0.8766361324360401
RF,0.6037986708744295,0.6018834996667666,0.6387055567383436,0.664804469273743,0.674790938437351,"{'n_estimators': 100, 'max_depth': 5}","['mfcc_3', 'mfcc_10']",0.5370138017565872,0.4376278118609407,0.6948051948051948,0.5325942250986684,0.43243243243243246,0.5466970387243736,0.35767511177347244,0.5885674365951368,0.8419497784342689,0.8213256484149856,0.8636363636363636,0.9032111536182479
RF,0.6033612074007282,0.6100079816874892,0.6079392677753334,0.6764855256475368,0.6095260491096252,"{'n_estimators': 50, 'max_depth': 5}","['mfcc_10', 'spec_centroid']",0.3512064343163539,0.2990867579908676,0.4253246753246753,0.2778086433224775,0.6302040816326531,0.6967509025270758,0.5752608047690015,0.6420829680468857,0.8286731062531775,0.834186284544524,0.8232323232323232,0.9086865359595122
RF,0.5967057424428105,0.5888843176007296,0.6173089205876092,0.6475368207211782,0.6358565590189164,"{'n_estimators': 100, 'max_depth': 10}","['mfcc_3', 'mfcc_8']",0.5315068493150685,0.4597156398104265,0.6298701298701299,0.5263711572143182,0.4494195688225539,0.5065420560747663,0.4038748137108793,0.5010468636465326,0.8091908091908092,0.8003952569169961,0.8181818181818182,0.8801516561958982
RF,0.5906685377768932,0.5921133603143339,0.5980669300341431,0.6734382935500254,0.6134727859575217,"{'n_estimators': 50, 'max_depth': None}","['mfcc_6', 'spec_centroid']",0.3988355167394469,0.36147757255936674,0.4448051948051948,0.3540634223591048,0.5167224080267558,0.5885714285714285,0.46050670640834573,0.5855891255649706,0.8564476885644768,0.8262910798122066,0.8888888888888888,0.9007658099484899
RF,0.5892500657540343,0.6113679174734526,0.6236226432947745,0.6708989334687658,0.6296554955576884,"{'n_estimators': 100, 'max_depth': 10}",['mfcc_6'],0.46265060240963857,0.367816091954023,0.6233766233766234,0.37216435926399066,0.4381139489194499,0.6426512968299711,0.3323397913561848,0.6049586264844922,0.8669856459330143,0.8236363636363636,0.9151515151515152,0.9118435009245826
RF,0.5884667049410796,0.5826807399841107,0.6006860170794597,0.6358557643473844,0.6325430507744002,"{'n_estimators': 50, 'max_depth': 10}","['mfcc_8', 'wav_detail_lvl3_std']",0.48863636363636365,0.43434343434343436,0.5584415584415584,0.5367081730823078,0.5027667984189723,0.5353535353535354,0.47391952309985097,0.5062474452343542,0.7739969527679025,0.7783452502553626,0.7696969696969697,0.8546735340065388
RF,0.5883800479034684,0.5870032144272905,0.608847254748894,0.6394108684611478,0.6138632995929229,"{'n_estimators': 100, 'max_depth': 10}","['mfcc_8', 'zcr_mean']",0.4534005037783375,0.37037037037037035,0.5844155844155844,0.4209971268999717,0.5100563153660499,0.5541958041958042,0.47242921013412814,0.5457050515983172,0.8016833245660179,0.8364434687156971,0.7696969696969697,0.8748877202804796
RF,0.5853809078224269,0.59275294965926,0.5941806827052728,0.6094464195022854,0.6292551798805558,"{'n_estimators': 50, 'max_depth': 5}","['wav_detail_lvl5_std', 'mfcc_8']",0.5053929121725732,0.4809384164222874,0.5324675324675324,0.5570522262679889,0.5485122897800776,0.4845714285714286,0.6318926974664679,0.49012878306406804,0.7022375215146299,0.8127490039840638,0.6181818181818182,0.8405845303096102
RF,0.5829946487181044,0.5821492034670329,0.5958227868063933,0.6480446927374302,0.6241657425496888,"{'n_estimators': 50, 'max_depth': 10}","['mfcc_8', 'mfcc_10']",0.4254742547425474,0.36511627906976746,0.5097402597402597,0.4546937365792196,0.5070189925681255,0.5685185185185185,0.45752608047690013,0.5529953331725908,0.81649069884364,0.8128128128128128,0.8202020202020202,0.864808157897256
RF,0.5817588995663384,0.5805855960043068,0.6015876958499909,0.6424581005586593,0.6446554057127275,"{'n_estimators': 50, 'max_depth': 5}","['mfcc_11', 'zcr_mean', 'spec_centroid']",0.4688741721854305,0.3959731543624161,0.5746753246753247,0.444845035016296,0.4690721649484536,0.5537525354969574,0.4068554396423249,0.6052412907064716,0.8073303615651313,0.7920310981535471,0.8232323232323232,0.8838798914154148
RF,0.5751876254545781,0.5720470475784881,0.6010909248614166,0.6262061960385983,0.6113931823136614,"{'n_estimators': 50, 'max_depth': 10}","['mfcc_11', 'mfcc_8']",0.47869674185463656,0.38979591836734695,0.6201298701298701,0.45099551439892355,0.4575273338940286,0.525096525096525,0.40536512667660207,0.5103910978670979,0.7893388006150692,0.8012486992715921,0.7777777777777778,0.8727929346749626
RF,0.5604268716976678,0.5606391461143047,0.5858376899360506,0.6048755713560183,0.5979166948116439,"{'n_estimators': 100, 'max_depth': 5}","['mfcc_8', 'spec_centroid']",0.44471153846153844,0.3530534351145038,0.6006493506493507,0.3820173634488205,0.4760357432981316,0.5232142857142857,0.4366616989567809,0.5487248762952676,0.7605333333333333,0.8056497175141243,0.7202020202020202,0.8630078446908435
RF,0.5602142498395287,0.5663646096794639,0.5728211072473367,0.5855764347384459,0.6056815336248449,"{'n_estimators': 100, 'max_depth': 5}",['wav_detail_lvl5_std'],0.4659606656580938,0.43626062322946174,0.5,0.5329608352218066,0.5604113110539846,0.49265536723163844,0.6497764530551415,0.4992782831102198,0.6542707728065078,0.7701778385772914,0.5686868686868687,0.7848054825425083
RF,0.5558629739977882,0.5573525614771035,0.5647162491424786,0.6241747079735906,0.612707026619327,"{'n_estimators': 100, 'max_depth': 10}","['zcr_mean', 'spec_centroid']",0.36193029490616624,0.3082191780821918,0.4383116883116883,0.36953957119815883,0.5097402597402597,0.5597147950089126,0.46795827123695977,0.5799520616753266,0.7959183673469388,0.8041237113402062,0.7878787878787878,0.8886294469844954
RF,0.5499382105179565,0.5494492273995379,0.5674579518841814,0.6160487557135602,0.5901592306378535,"{'n_estimators': 50, 'max_depth': 10}","['mfcc_11', 'zcr_mean']",0.4228723404255319,0.3581081081081081,0.5162337662337663,0.39552935604037903,0.43583118001722654,0.5163265306122449,0.3770491803278688,0.5160775847346367,0.7911111111111111,0.7739130434782608,0.8090909090909091,0.8588707511385446
RF,0.5487939011422214,0.5518631821324997,0.5467796623534329,0.6272219400711021,0.5997356695791994,"{'n_estimators': 100, 'max_depth': 5}","['mfcc_11', 'spec_centroid']",0.34196891191709844,0.36531365313653136,0.32142857142857145,0.35383704195856064,0.5234604105571847,0.5151515151515151,0.5320417287630402,0.5764519569917971,0.780952380952381,0.7751243781094528,0.7868686868686868,0.8689180097872407
RF,0.5418344982261222,0.5571375876197199,0.5432896490273539,0.6155408836973083,0.5476928350305225,"{'n_estimators': 100, 'max_depth': 5}",['mfcc_10'],0.2694684796044499,0.21756487025948104,0.3538961038961039,0.2281088173630329,0.5630743525480367,0.6406844106463878,0.5022354694485842,0.6095561104242126,0.7929606625258799,0.8131634819532909,0.7737373737373737,0.8054135773043218
RF,0.533025325865165,0.5337875495695591,0.5847077330683889,0.6043676993397664,0.5626546584531144,"{'n_estimators': 50, 'max_depth': 10}",['mfcc_3'],0.5418227215980025,0.44016227180527384,0.7045454545454546,0.49298023079460607,0.28252032520325204,0.4440894568690096,0.20715350223546944,0.45636263278984374,0.7747329307942405,0.7171109200343938,0.8424242424242424,0.738621111774893
RF,0.5217814984567216,0.5320890718073789,0.5543242731767322,0.5388522092432707,0.5325240347693273,"{'n_estimators': 100, 'max_depth': 5}",['mfcc_8'],0.4588235294117647,0.35977859778597787,0.6331168831168831,0.38768243292591553,0.452697967764541,0.42724867724867727,0.481371087928465,0.3970018836761704,0.6538229981938591,0.8092399403874814,0.5484848484848485,0.812887787705896
RF,0.5188181122853922,0.5463366983950099,0.5751429202248874,0.5794819705434231,0.573969232555149,"{'n_estimators': 100, 'max_depth': 10}",['zcr_mean'],0.43495531281032773,0.3133047210300429,0.711038961038961,0.3114853750859949,0.34773869346733666,0.5339506172839507,0.2578241430700447,0.5506124370966763,0.7737603305785123,0.7917547568710359,0.7565656565656566,0.8598098854827757
RF,0.5086962360468062,0.515522268684172,0.5463964390193898,0.5845606907059421,0.5497044383864592,"{'n_estimators': 100, 'max_depth': 10}",['mfcc_11'],0.4154929577464789,0.32536764705882354,0.5746753246753247,0.36059032580476974,0.32463768115942027,0.46153846153846156,0.2503725782414307,0.4653317884064752,0.7859580692345197,0.7596606974552309,0.8141414141414142,0.8231912009481325
RF,0.5052285855123684,0.5106450828935593,0.5123518557944787,0.5896394108684612,0.573029825526484,"{'n_estimators': 100, 'max_depth': 5}",['spec_centroid'],0.31412103746397696,0.2823834196891192,0.3538961038961039,0.2973541400031372,0.4365217391304348,0.524008350730689,0.3740685543964232,0.5709462252245712,0.7650429799426934,0.7255434782608695,0.8090909090909091,0.8507891113517434
