file_name,timestamp,period,mm_5min,mm_hr,category,recorder,location,file_path,extension,year,month,day,hour,minute,second,wet
SMM11307_20240524_014500_0-6_moderate_night.wav,2024-05-24 01:45:00,overnight,0.6,7.2,moderate,SMM11307,Chavascal,C:\Users\ggrmi\Documents\SI-Tarcisio\Sound-of-Rainfall\RAC-semiurban-forest-ML-2026\data\raw\Chavascal\moderate\SMM11307_20240524_014500_0-6_moderate_night.wav,.wav,2024,05,24,01,45,00,
SMM11307_20240122_021500_1-4_heavy_night.wav,2024-01-22 02:15:00,overnight,1.4,16.8,heavy,SMM11307,Chavascal,C:\Users\ggrmi\Documents\SI-Tarcisio\Sound-of-Rainfall\RAC-semiurban-forest-ML-2026\data\raw\Chavascal\heavy\SMM11307_20240122_021500_1-4_heavy_night.wav,.wav,2024,01,22,02,15,00,
SMM11307_20240113_071500_4-0_heavy_morning.wav,2024-01-13 07:15:00,morning,4.0,48.0,heavy,SMM11307,Chavascal,C:\Users\ggrmi\Documents\SI-Tarcisio\Sound-of-Rainfall\RAC-semiurban-forest-ML-2026\data\raw\Chavascal\heavy\SMM11307_20240113_071500_4-0_heavy_morning.wav,.wav,2024,01,13,07,15,00,
SMM11307_20240120_140000_0-0_no-rain_afternoon.wav,2024-01-20 14:00:00,afternoon,0.0,0.0,no-rain,SMM11307,Chavascal,C:\Users\ggrmi\Documents\SI-Tarcisio\Sound-of-Rainfall\RAC-semiurban-forest-ML-2026\data\raw\Chavascal\no_rain\SMM11307_20240120_140000_0-0_no-rain_afternoon.wav,.wav,2024,01,20,14,00,00,
SMM11307_20240113_043500_0-2_light_night.wav,2024-01-13 04:35:00,overnight,0.2,2.4,light,SMM11307,Chavascal,C:\Users\ggrmi\Documents\SI-Tarcisio\Sound-of-Rainfall\RAC-semiurban-forest-ML-2026\data\raw\Chavascal\light\SMM11307_20240113_043500_0-2_light_night.wav,.wav,2024,01,13,04,35,00,
SMM11307_20240114_034000_0-0_no-rain_night.wav,2024-01-14 03:40:00,overnight,0.0,0.0,no-rain,SMM11307,Chavascal,C:\Users\ggrmi\Documents\SI-Tarcisio\Sound-of-Rainfall\RAC-semiurban-forest-ML-2026\data\raw\Chavascal\no_rain\SMM11307_20240114_034000_0-0_no-rain_night.wav,.wav,2024,01,14,03,40,00,
SMM11307_20240122_025500_0-2_light_night.wav,2024-01-22 02:55:00,overnight,0.2,2.4,light,SMM11307,Chavascal,C:\Users\ggrmi\Documents\SI-Tarcisio\Sound-of-Rainfall\RAC-semiurban-forest-ML-2026\data\raw\Chavascal\light\SMM11307_20240122_025500_0-2_light_night.wav,.wav,2024,01,22,02,55,00,
SMM11307_20240113_062500_0-6_moderate_morning.wav,2024-01-13 06:25:00,morning,0.6,7.2,moderate,SMM11307,Chavascal,C:\Users\ggrmi\Documents\SI-Tarcisio\Sound-of-Rainfall\RAC-semiurban-forest-ML-2026\data\raw\Chavascal\moderate\SMM11307_20240113_062500_0-6_moderate_morning.wav,.wav,2024,01,13,06,25,00,
SMM11307_20240519_191500_0-4_moderate_night.wav,2024-05-19 19:15:00,night,0.4,4.8,moderate,SMM11307,Chavascal,C:\Users\ggrmi\Documents\SI-Tarcisio\Sound-of-Rainfall\RAC-semiurban-forest-ML-2026\data\raw\Chavascal\moderate\SMM11307_20240519_191500_0-4_moderate_night.wav,.wav,2024,05,19,19,15,00,
SMM11307_20240113_080500_0-6_moderate_morning.wav,2024-01-13 08:05:00,morning,0.6,7.2,moderate,SMM11307,Chavascal,C:\Users\ggrmi\Documents\SI-Tarcisio\Sound-of-Rainfall\RAC-semiurban-forest-ML-2026\data\raw\Chavascal\moderate\SMM11307_20240113_080500_0-6_moderate_morning.wav,.wav,2024,01,13,08,05,00,
SMM11307_20240524_170000_0-0_no-rain_afternoon.wav,2024-05-24 17:00:00,afternoon,0.0,0.0,no-rain,SMM11307,Chavascal,C:\Users\ggrmi\Documents\SI-Tarcisio\Sound-of-Rainfall\RAC-semiurban-forest-ML-2026\data\raw\Chavascal\no_rain\SMM11307_20240524_170000_0-0_no-rain_afternoon.wav,.wav,2024,05,24,17,00,00,
SMM11307_20240518_162500_1-0_heavy_afternoon.wav,2024-05-18 16:25:00,afternoon,1.0,12.0,heavy,SMM11307,Chavascal,C:\Users\ggrmi\Documents\SI-Tarcisio\Sound-of-Rainfall\RAC-semiurban-forest-ML-2026\data\raw\Chavascal\heavy\SMM11307_20240518_162500_1-0_heavy_afternoon.wav,.wav,2024,05,18,16,25,00,
SMM11307_20240519_190500_0-4_moderate_night.wav,2024-05-19 19:05:00,night,0.4,4.8,moderate,SMM11307,Chavascal,C:\Users\ggrmi\Documents\SI-Tarcisio\Sound-of-Rainfall\RAC-semiurban-forest-ML-2026\data\raw\Chavascal\moderate\SMM11307_20240519_190500_0-4_moderate_night.wav,.wav,2024,05,19,19,05,00,
SMM11307_20240113_042500_0-2_light_night.wav,2024-01-13 04:25:00,overnight,0.2,2.4,light,SMM11307,Chavascal,C:\Users\ggrmi\Documents\SI-Tarcisio\Sound-of-Rainfall\RAC-semiurban-forest-ML-2026\data\raw\Chavascal\light\SMM11307_20240113_042500_0-2_light_night.wav,.wav,2024,01,13,04,25,00,
SMM11307_20240117_113000_0-8_moderate_morning.wav,2024-01-17 11:30:00,morning,0.8,9.6,moderate,SMM11307,Chavascal,C:\Users\ggrmi\Documents\SI-Tarcisio\Sound-of-Rainfall\RAC-semiurban-forest-ML-2026\data\raw\Chavascal\moderate\SMM11307_20240117_113000_0-8_moderate_morning.wav,.wav,2024,01,17,11,30,00,
SMM11307_20240113_175500_0-0_no-rain_afternoon.wav,2024-01-13 17:55:00,afternoon,0.0,0.0,no-rain,SMM11307,Chavascal,C:\Users\ggrmi\Documents\SI-Tarcisio\Sound-of-Rainfall\RAC-semiurban-forest-ML-2026\data\raw\Chavascal\no_rain\SMM11307_20240113_175500_0-0_no-rain_afternoon.wav,.wav,2024,01,13,17,55,00,
SMM11307_20240112_133000_1-2_heavy_afternoon.wav,2024-01-12 13:30:00,afternoon,1.2,14.4,heavy,SMM11307,Chavascal,C:\Users\ggrmi\Documents\SI-Tarcisio\Sound-of-Rainfall\RAC-semiurban-forest-ML-2026\data\raw\Chavascal\heavy\SMM11307_20240112_133000_1-2_heavy_afternoon.wav,.wav,2024,01,12,13,30,00,
SMM11307_20240521_164000_0-0_no-rain_afternoon.wav,2024-05-21 16:40:00,afternoon,0.0,0.0,no-rain,SMM11307,Chavascal,C:\Users\ggrmi\Documents\SI-Tarcisio\Sound-of-Rainfall\RAC-semiurban-forest-ML-2026\data\raw\Chavascal\no_rain\SMM11307_20240521_164000_0-0_no-rain_afternoon.wav,.wav,2024,05,21,16,40,00,
SMM11307_20240526_042500_0-0_no-rain_night.wav,2024-05-26 04:25:00,overnight,0.0,0.0,no-rain,SMM11307,Chavascal,C:\Users\ggrmi\Documents\SI-Tarcisio\Sound-of-Rainfall\RAC-semiurban-forest-ML-2026\data\raw\Chavascal\no_rain\SMM11307_20240526_042500_0-0_no-rain_night.wav,.wav,2024,05,26,04,25,00,
SMM11307_20240526_055500_0-2_light_night.wav,2024-05-26 05:55:00,overnight,0.2,2.4,light,SMM11307,Chavascal,C:\Users\ggrmi\Documents\SI-Tarcisio\Sound-of-Rainfall\RAC-semiurban-forest-ML-2026\data\raw\Chavascal\light\SMM11307_20240526_055500_0-2_light_night.wav,.wav,2024,05,26,05,55,00,
SMM11307_20240113_052500_1-6_heavy_night.wav,2024-01-13 05:25:00,overnight,1.6,19.2,heavy,SMM11307,Chavascal,C:\Users\ggrmi\Documents\SI-Tarcisio\Sound-of-Rainfall\RAC-semiurban-forest-ML-2026\data\raw\Chavascal\heavy\SMM11307_20240113_052500_1-6_heavy_night.wav,.wav,2024,01,13,05,25,00,
SMM11307_20240121_112500_0-0_no-rain_morning.wav,2024-01-21 11:25:00,morning,0.0,0.0,no-rain,SMM11307,Chavascal,C:\Users\ggrmi\Documents\SI-Tarcisio\Sound-of-Rainfall\RAC-semiurban-forest-ML-2026\data\raw\Chavascal\no_rain\SMM11307_20240121_112500_0-0_no-rain_morning.wav,.wav,2024,01,21,11,25,00,
SMM11307_20240122_020000_0-2_light_night.wav,2024-01-22 02:00:00,overnight,0.2,2.4,light,SMM11307,Chavascal,C:\Users\ggrmi\Documents\SI-Tarcisio\Sound-of-Rainfall\RAC-semiurban-forest-ML-2026\data\raw\Chavascal\light\SMM11307_20240122_020000_0-2_light_night.wav,.wav,2024,01,22,02,00,00,
SMM11307_20240122_083000_0-0_no-rain_morning.wav,2024-01-22 08:30:00,morning,0.0,0.0,no-rain,SMM11307,Chavascal,C:\Users\ggrmi\Documents\SI-Tarcisio\Sound-of-Rainfall\RAC-semiurban-forest-ML-2026\data\raw\Chavascal\no_rain\SMM11307_20240122_083000_0-0_no-rain_morning.wav,.wav,2024,01,22,08,30,00,
SMM11307_20240121_074500_0-0_no-rain_morning.wav,2024-01-21 07:45:00,morning,0.0,0.0,no-rain,SMM11307,Chavascal,C:\Users\ggrmi\Documents\SI-Tarcisio\Sound-of-Rainfall\RAC-semiurban-forest-ML-2026\data\raw\Chavascal\no_rain\SMM11307_20240121_074500_0-0_no-rain_morning.wav,.wav,2024,01,21,07,45,00,
SMM11307_20240118_225000_0-0_no-rain_night.wav,2024-01-18 22:50:00,night,0.0,0.0,no-rain,SMM11307,Chavascal,C:\Users\ggrmi\Documents\SI-Tarcisio\Sound-of-Rainfall\RAC-semiurban-forest-ML-2026\data\raw\Chavascal\no_rain\SMM11307_20240118_225000_0-0_no-rain_night.wav,.wav,2024,01,18,22,50,00,
SMM11307_20240119_091500_0-0_no-rain_morning.wav,2024-01-19 09:15:00,morning,0.0,0.0,no-rain,SMM11307,Chavascal,C:\Users\ggrmi\Documents\SI-Tarcisio\Sound-of-Rainfall\RAC-semiurban-forest-ML-2026\data\raw\Chavascal\no_rain\SMM11307_20240119_091500_0-0_no-rain_morning.wav,.wav,2024,01,19,09,15,00,
SMM11307_20240119_111500_0-0_no-rain_morning.wav,2024-01-19 11:15:00,morning,0.0,0.0,no-rain,SMM11307,Chavascal,C:\Users\ggrmi\Documents\SI-Tarcisio\Sound-of-Rainfall\RAC-semiurban-forest-ML-2026\data\raw\Chavascal\no_rain\SMM11307_20240119_111500_0-0_no-rain_morning.wav,.wav,2024,01,19,11,15,00,
SMM11307_20240524_071500_0-0_no-rain_morning.wav,2024-05-24 07:15:00,morning,0.0,0.0,no-rain,SMM11307,Chavascal,C:\Users\ggrmi\Documents\SI-Tarcisio\Sound-of-Rainfall\RAC-semiurban-forest-ML-2026\data\raw\Chavascal\no_rain\SMM11307_20240524_071500_0-0_no-rain_morning.wav,.wav,2024,05,24,07,15,00,
SMM11307_20240524_192500_0-0_no-rain_night.wav,2024-05-24 19:25:00,night,0.0,0.0,no-rain,SMM11307,Chavascal,C:\Users\ggrmi\Documents\SI-Tarcisio\Sound-of-Rainfall\RAC-semiurban-forest-ML-2026\data\raw\Chavascal\no_rain\SMM11307_20240524_192500_0-0_no-rain_night.wav,.wav,2024,05,24,19,25,00,
SMM11307_20240113_094000_1-6_heavy_morning.wav,2024-01-13 09:40:00,morning,1.6,19.2,heavy,SMM11307,Chavascal,C:\Users\ggrmi\Documents\SI-Tarcisio\Sound-of-Rainfall\RAC-semiurban-forest-ML-2026\data\raw\Chavascal\heavy\SMM11307_20240113_094000_1-6_heavy_morning.wav,.wav,2024,01,13,09,40,00,
SMM11307_20240113_024500_0-4_moderate_night.wav,2024-01-13 02:45:00,overnight,0.4,4.8,moderate,SMM11307,Chavascal,C:\Users\ggrmi\Documents\SI-Tarcisio\Sound-of-Rainfall\RAC-semiurban-forest-ML-2026\data\raw\Chavascal\moderate\SMM11307_20240113_024500_0-4_moderate_night.wav,.wav,2024,01,13,02,45,00,
SMM11307_20240519_163000_1-6_heavy_afternoon.wav,2024-05-19 16:30:00,afternoon,1.6,19.2,heavy,SMM11307,Chavascal,C:\Users\ggrmi\Documents\SI-Tarcisio\Sound-of-Rainfall\RAC-semiurban-forest-ML-2026\data\raw\Chavascal\heavy\SMM11307_20240519_163000_1-6_heavy_afternoon.wav,.wav,2024,05,19,16,30,00,
SMM11307_20240121_061000_0-0_no-rain_morning.wav,2024-01-21 06:10:00,morning,0.0,0.0,no-rain,SMM11307,Chavascal,C:\Users\ggrmi\Documents\SI-Tarcisio\Sound-of-Rainfall\RAC-semiurban-forest-ML-2026\data\raw\Chavascal\no_rain\SMM11307_20240121_061000_0-0_no-rain_morning.wav,.wav,2024,01,21,06,10,00,
SMM11307_20240520_233000_0-6_moderate_night.wav,2024-05-20 23:30:00,night,0.6,7.2,moderate,SMM11307,Chavascal,C:\Users\ggrmi\Documents\SI-Tarcisio\Sound-of-Rainfall\RAC-semiurban-forest-ML-2026\data\raw\Chavascal\moderate\SMM11307_20240520_233000_0-6_moderate_night.wav,.wav,2024,05,20,23,30,00,
SMM11307_20240113_055500_0-4_moderate_night.wav,2024-01-13 05:55:00,overnight,0.4,4.8,moderate,SMM11307,Chavascal,C:\Users\ggrmi\Documents\SI-Tarcisio\Sound-of-Rainfall\RAC-semiurban-forest-ML-2026\data\raw\Chavascal\moderate\SMM11307_20240113_055500_0-4_moderate_night.wav,.wav,2024,01,13,05,55,00,
SMM11307_20240113_092000_0-2_light_morning.wav,2024-01-13 09:20:00,morning,0.2,2.4,light,SMM11307,Chavascal,C:\Users\ggrmi\Documents\SI-Tarcisio\Sound-of-Rainfall\RAC-semiurban-forest-ML-2026\data\raw\Chavascal\light\SMM11307_20240113_092000_0-2_light_morning.wav,.wav,2024,01,13,09,20,00,
SMM11307_20240113_082500_1-2_heavy_morning.wav,2024-01-13 08:25:00,morning,1.2,14.4,heavy,SMM11307,Chavascal,C:\Users\ggrmi\Documents\SI-Tarcisio\Sound-of-Rainfall\RAC-semiurban-forest-ML-2026\data\raw\Chavascal\heavy\SMM11307_20240113_082500_1-2_heavy_morning.wav,.wav,2024,01,13,08,25,00,
SMM11307_20240526_153500_0-0_no-rain_afternoon.wav,2024-05-26 15:35:00,afternoon,0.0,0.0,no-rain,SMM11307,Chavascal,C:\Users\ggrmi\Documents\SI-Tarcisio\Sound-of-Rainfall\RAC-semiurban-forest-ML-2026\data\raw\Chavascal\no_rain\SMM11307_20240526_153500_0-0_no-rain_afternoon.wav,.wav,2024,05,26,15,35,00,
SMM11307_20240113_031000_4-4_violent_night.wav,2024-01-13 03:10:00,overnight,4.4,52.8,violent,SMM11307,Chavascal,C:\Users\ggrmi\Documents\SI-Tarcisio\Sound-of-Rainfall\RAC-semiurban-forest-ML-2026\data\raw\Chavascal\violent\SMM11307_20240113_031000_4-4_violent_night.wav,.wav,2024,01,13,03,10,00,
SMM11307_20240520_202000_0-0_no-rain_night.wav,2024-05-20 20:20:00,night,0.0,0.0,no-rain,SMM11307,Chavascal,C:\Users\ggrmi\Documents\SI-Tarcisio\Sound-of-Rainfall\RAC-semiurban-forest-ML-2026\data\raw\Chavascal\no_rain\SMM11307_20240520_202000_0-0_no-rain_night.wav,.wav,2024,05,20,20,20,00,
SMM11307_20240113_002000_0-0_no-rain_night.wav,2024-01-13 00:20:00,overnight,0.0,0.0,no-rain,SMM11307,Chavascal,C:\Users\ggrmi\Documents\SI-Tarcisio\Sound-of-Rainfall\RAC-semiurban-forest-ML-2026\data\raw\Chavascal\no_rain\SMM11307_20240113_002000_0-0_no-rain_night.wav,.wav,2024,01,13,00,20,00,
SMM11307_20240120_162500_1-8_heavy_afternoon.wav,2024-01-20 16:25:00,afternoon,1.8,21.6,heavy,SMM11307,Chavascal,C:\Users\ggrmi\Documents\SI-Tarcisio\Sound-of-Rainfall\RAC-semiurban-forest-ML-2026\data\raw\Chavascal\heavy\SMM11307_20240120_162500_1-8_heavy_afternoon.wav,.wav,2024,01,20,16,25,00,
SMM11307_20240520_115000_0-0_no-rain_morning.wav,2024-05-20 11:50:00,morning,0.0,0.0,no-rain,SMM11307,Chavascal,C:\Users\ggrmi\Documents\SI-Tarcisio\Sound-of-Rainfall\RAC-semiurban-forest-ML-2026\data\raw\Chavascal\no_rain\SMM11307_20240520_115000_0-0_no-rain_morning.wav,.wav,2024,05,20,11,50,00,
SMM11307_20240113_030500_0-6_moderate_night.wav,2024-01-13 03:05:00,overnight,0.6,7.2,moderate,SMM11307,Chavascal,C:\Users\ggrmi\Documents\SI-Tarcisio\Sound-of-Rainfall\RAC-semiurban-forest-ML-2026\data\raw\Chavascal\moderate\SMM11307_20240113_030500_0-6_moderate_night.wav,.wav,2024,01,13,03,05,00,
SMM11307_20240122_185500_0-0_no-rain_night.wav,2024-01-22 18:55:00,night,0.0,0.0,no-rain,SMM11307,Chavascal,C:\Users\ggrmi\Documents\SI-Tarcisio\Sound-of-Rainfall\RAC-semiurban-forest-ML-2026\data\raw\Chavascal\no_rain\SMM11307_20240122_185500_0-0_no-rain_night.wav,.wav,2024,01,22,18,55,00,
SMM11307_20240519_191000_0-2_light_night.wav,2024-05-19 19:10:00,night,0.2,2.4,light,SMM11307,Chavascal,C:\Users\ggrmi\Documents\SI-Tarcisio\Sound-of-Rainfall\RAC-semiurban-forest-ML-2026\data\raw\Chavascal\light\SMM11307_20240519_191000_0-2_light_night.wav,.wav,2024,05,19,19,10,00,
SMM11307_20240113_043000_0-2_light_night.wav,2024-01-13 04:30:00,overnight,0.2,2.4,light,SMM11307,Chavascal,C:\Users\ggrmi\Documents\SI-Tarcisio\Sound-of-Rainfall\RAC-semiurban-forest-ML-2026\data\raw\Chavascal\light\SMM11307_20240113_043000_0-2_light_night.wav,.wav,2024,01,13,04,30,00,
SMM11307_20240113_032000_1-4_heavy_night.wav,2024-01-13 03:20:00,overnight,1.4,16.8,heavy,SMM11307,Chavascal,C:\Users\ggrmi\Documents\SI-Tarcisio\Sound-of-Rainfall\RAC-semiurban-forest-ML-2026\data\raw\Chavascal\heavy\SMM11307_20240113_032000_1-4_heavy_night.wav,.wav,2024,01,13,03,20,00,
SMM11307_20240523_070000_4-0_heavy_morning.wav,2024-05-23 07:00:00,morning,4.0,48.0,heavy,SMM11307,Chavascal,C:\Users\ggrmi\Documents\SI-Tarcisio\Sound-of-Rainfall\RAC-semiurban-forest-ML-2026\data\raw\Chavascal\heavy\SMM11307_20240523_070000_4-0_heavy_morning.wav,.wav,2024,05,23,07,00,00,
SMM11307_20240117_212000_0-0_no-rain_night.wav,2024-01-17 21:20:00,night,0.0,0.0,no-rain,SMM11307,Chavascal,C:\Users\ggrmi\Documents\SI-Tarcisio\Sound-of-Rainfall\RAC-semiurban-forest-ML-2026\data\raw\Chavascal\no_rain\SMM11307_20240117_212000_0-0_no-rain_night.wav,.wav,2024,01,17,21,20,00,
SMM11307_20240520_000000_0-0_no-rain_night.wav,2024-05-20 00:00:00,overnight,0.0,0.0,no-rain,SMM11307,Chavascal,C:\Users\ggrmi\Documents\SI-Tarcisio\Sound-of-Rainfall\RAC-semiurban-forest-ML-2026\data\raw\Chavascal\no_rain\SMM11307_20240520_000000_0-0_no-rain_night.wav,.wav,2024,05,20,00,00,00,
SMM11307_20240521_093500_0-0_no-rain_morning.wav,2024-05-21 09:35:00,morning,0.0,0.0,no-rain,SMM11307,Chavascal,C:\Users\ggrmi\Documents\SI-Tarcisio\Sound-of-Rainfall\RAC-semiurban-forest-ML-2026\data\raw\Chavascal\no_rain\SMM11307_20240521_093500_0-0_no-rain_morning.wav,.wav,2024,05,21,09,35,00,
SMM11307_20240517_155000_0-0_no-rain_afternoon.wav,2024-05-17 15:50:00,afternoon,0.0,0.0,no-rain,SMM11307,Chavascal,C:\Users\ggrmi\Documents\SI-Tarcisio\Sound-of-Rainfall\RAC-semiurban-forest-ML-2026\data\raw\Chavascal\no_rain\SMM11307_20240517_155000_0-0_no-rain_afternoon.wav,.wav,2024,05,17,15,50,00,
SMM11307_20240117_143500_4-8_violent_afternoon.wav,2024-01-17 14:35:00,afternoon,4.8,57.6,violent,SMM11307,Chavascal,C:\Users\ggrmi\Documents\SI-Tarcisio\Sound-of-Rainfall\RAC-semiurban-forest-ML-2026\data\raw\Chavascal\violent\SMM11307_20240117_143500_4-8_violent_afternoon.wav,.wav,2024,01,17,14,35,00,
SMM11307_20240113_171500_0-0_no-rain_afternoon.wav,2024-01-13 17:15:00,afternoon,0.0,0.0,no-rain,SMM11307,Chavascal,C:\Users\ggrmi\Documents\SI-Tarcisio\Sound-of-Rainfall\RAC-semiurban-forest-ML-2026\data\raw\Chavascal\no_rain\SMM11307_20240113_171500_0-0_no-rain_afternoon.wav,.wav,2024,01,13,17,15,00,
SMM11307_20240523_071000_0-2_light_morning.wav,2024-05-23 07:10:00,morning,0.2,2.4,light,SMM11307,Chavascal,C:\Users\ggrmi\Documents\SI-Tarcisio\Sound-of-Rainfall\RAC-semiurban-forest-ML-2026\data\raw\Chavascal\light\SMM11307_20240523_071000_0-2_light_morning.wav,.wav,2024,05,23,07,10,00,
SMM11307_20240112_230000_1-8_heavy_night.wav,2024-01-12 23:00:00,night,1.8,21.6,heavy,SMM11307,Chavascal,C:\Users\ggrmi\Documents\SI-Tarcisio\Sound-of-Rainfall\RAC-semiurban-forest-ML-2026\data\raw\Chavascal\heavy\SMM11307_20240112_230000_1-8_heavy_night.wav,.wav,2024,01,12,23,00,00,
SMM11307_20240525_134500_0-0_no-rain_afternoon.wav,2024-05-25 13:45:00,afternoon,0.0,0.0,no-rain,SMM11307,Chavascal,C:\Users\ggrmi\Documents\SI-Tarcisio\Sound-of-Rainfall\RAC-semiurban-forest-ML-2026\data\raw\Chavascal\no_rain\SMM11307_20240525_134500_0-0_no-rain_afternoon.wav,.wav,2024,05,25,13,45,00,False
SMM11307_20240122_030000_0-2_light_night.wav,2024-01-22 03:00:00,overnight,0.2,2.4,light,SMM11307,Chavascal,C:\Users\ggrmi\Documents\SI-Tarcisio\Sound-of-Rainfall\RAC-semiurban-forest-ML-2026\data\raw\Chavascal\light\SMM11307_20240122_030000_0-2_light_night.wav,.wav,2024,01,22,03,00,00,
SMM11307_20240118_103000_0-0_no-rain_morning.wav,2024-01-18 10:30:00,morning,0.0,0.0,no-rain,SMM11307,Chavascal,C:\Users\ggrmi\Documents\SI-Tarcisio\Sound-of-Rainfall\RAC-semiurban-forest-ML-2026\data\raw\Chavascal\no_rain\SMM11307_20240118_103000_0-0_no-rain_morning.wav,.wav,2024,01,18,10,30,00,
SMM11307_20240116_221500_0-0_no-rain_night.wav,2024-01-16 22:15:00,night,0.0,0.0,no-rain,SMM11307,Chavascal,C:\Users\ggrmi\Documents\SI-Tarcisio\Sound-of-Rainfall\RAC-semiurban-forest-ML-2026\data\raw\Chavascal\no_rain\SMM11307_20240116_221500_0-0_no-rain_night.wav,.wav,2024,01,16,22,15,00,
SMM11307_20240122_030500_0-2_light_night.wav,2024-01-22 03:05:00,overnight,0.2,2.4,light,SMM11307,Chavascal,C:\Users\ggrmi\Documents\SI-Tarcisio\Sound-of-Rainfall\RAC-semiurban-forest-ML-2026\data\raw\Chavascal\light\SMM11307_20240122_030500_0-2_light_night.wav,.wav,2024,01,22,03,05,00,
SMM11307_20240524_013000_1-4_heavy_night.wav,2024-05-24 01:30:00,overnight,1.4,16.8,heavy,SMM11307,Chavascal,C:\Users\ggrmi\Documents\SI-Tarcisio\Sound-of-Rainfall\RAC-semiurban-forest-ML-2026\data\raw\Chavascal\heavy\SMM11307_20240524_013000_1-4_heavy_night.wav,.wav,2024,05,24,01,30,00,
SMM11307_20240112_150000_0-0_no-rain_afternoon.wav,2024-01-12 15:00:00,afternoon,0.0,0.0,no-rain,SMM11307,Chavascal,C:\Users\ggrmi\Documents\SI-Tarcisio\Sound-of-Rainfall\RAC-semiurban-forest-ML-2026\data\raw\Chavascal\no_rain\SMM11307_20240112_150000_0-0_no-rain_afternoon.wav,.wav,2024,01,12,15,00,00,
SMM11307_20240122_020500_0-2_light_night.wav,2024-01-22 02:05:00,overnight,0.2,2.4,light,SMM11307,Chavascal,C:\Users\ggrmi\Documents\SI-Tarcisio\Sound-of-Rainfall\RAC-semiurban-forest-ML-2026\data\raw\Chavascal\light\SMM11307_20240122_020500_0-2_light_night.wav,.wav,2024,01,22,02,05,00,
SMM11307_20240115_160000_0-0_no-rain_afternoon.wav,2024-01-15 16:00:00,afternoon,0.0,0.0,no-rain,SMM11307,Chavascal,C:\Users\ggrmi\Documents\SI-Tarcisio\Sound-of-Rainfall\RAC-semiurban-forest-ML-2026\data\raw\Chavascal\no_rain\SMM11307_20240115_160000_0-0_no-rain_afternoon.wav,.wav,2024,01,15,16,00,00,
SMM11307_20240113_075500_0-4_moderate_morning.wav,2024-01-13 07:55:00,morning,0.4,4.8,moderate,SMM11307,Chavascal,C:\Users\ggrmi\Documents\SI-Tarcisio\Sound-of-Rainfall\RAC-semiurban-forest-ML-2026\data\raw\Chavascal\moderate\SMM11307_20240113_075500_0-4_moderate_morning.wav,.wav,2024,01,13,07,55,00,
SMM11307_20240112_200500_0-0_no-rain_night.wav,2024-01-12 20:05:00,night,0.0,0.0,no-rain,SMM11307,Chavascal,C:\Users\ggrmi\Documents\SI-Tarcisio\Sound-of-Rainfall\RAC-semiurban-forest-ML-2026\data\raw\Chavascal\no_rain\SMM11307_20240112_200500_0-0_no-rain_night.wav,.wav,2024,01,12,20,05,00,
SMM11307_20240518_214000_0-2_light_night.wav,2024-05-18 21:40:00,night,0.2,2.4,light,SMM11307,Chavascal,C:\Users\ggrmi\Documents\SI-Tarcisio\Sound-of-Rainfall\RAC-semiurban-forest-ML-2026\data\raw\Chavascal\light\SMM11307_20240518_214000_0-2_light_night.wav,.wav,2024,05,18,21,40,00,
SMM11307_20240524_062500_0-2_light_morning.wav,2024-05-24 06:25:00,morning,0.2,2.4,light,SMM11307,Chavascal,C:\Users\ggrmi\Documents\SI-Tarcisio\Sound-of-Rainfall\RAC-semiurban-forest-ML-2026\data\raw\Chavascal\light\SMM11307_20240524_062500_0-2_light_morning.wav,.wav,2024,05,24,06,25,00,
SMM11307_20240114_161000_0-0_no-rain_afternoon.wav,2024-01-14 16:10:00,afternoon,0.0,0.0,no-rain,SMM11307,Chavascal,C:\Users\ggrmi\Documents\SI-Tarcisio\Sound-of-Rainfall\RAC-semiurban-forest-ML-2026\data\raw\Chavascal\no_rain\SMM11307_20240114_161000_0-0_no-rain_afternoon.wav,.wav,2024,01,14,16,10,00,
SMM11307_20240519_212000_0-0_no-rain_night.wav,2024-05-19 21:20:00,night,0.0,0.0,no-rain,SMM11307,Chavascal,C:\Users\ggrmi\Documents\SI-Tarcisio\Sound-of-Rainfall\RAC-semiurban-forest-ML-2026\data\raw\Chavascal\no_rain\SMM11307_20240519_212000_0-0_no-rain_night.wav,.wav,2024,05,19,21,20,00,False
SMM11307_20240519_030000_0-0_no-rain_night.wav,2024-05-19 03:00:00,overnight,0.0,0.0,no-rain,SMM11307,Chavascal,C:\Users\ggrmi\Documents\SI-Tarcisio\Sound-of-Rainfall\RAC-semiurban-forest-ML-2026\data\raw\Chavascal\no_rain\SMM11307_20240519_030000_0-0_no-rain_night.wav,.wav,2024,05,19,03,00,00,
SMM11307_20240114_021000_0-0_no-rain_night.wav,2024-01-14 02:10:00,overnight,0.0,0.0,no-rain,SMM11307,Chavascal,C:\Users\ggrmi\Documents\SI-Tarcisio\Sound-of-Rainfall\RAC-semiurban-forest-ML-2026\data\raw\Chavascal\no_rain\SMM11307_20240114_021000_0-0_no-rain_night.wav,.wav,2024,01,14,02,10,00,
SMM11307_20240119_114000_0-0_no-rain_morning.wav,2024-01-19 11:40:00,morning,0.0,0.0,no-rain,SMM11307,Chavascal,C:\Users\ggrmi\Documents\SI-Tarcisio\Sound-of-Rainfall\RAC-semiurban-forest-ML-2026\data\raw\Chavascal\no_rain\SMM11307_20240119_114000_0-0_no-rain_morning.wav,.wav,2024,01,19,11,40,00,
SMM11307_20240122_022500_0-2_light_night.wav,2024-01-22 02:25:00,overnight,0.2,2.4,light,SMM11307,Chavascal,C:\Users\ggrmi\Documents\SI-Tarcisio\Sound-of-Rainfall\RAC-semiurban-forest-ML-2026\data\raw\Chavascal\light\SMM11307_20240122_022500_0-2_light_night.wav,.wav,2024,01,22,02,25,00,
SMM11307_20240518_215000_0-2_light_night.wav,2024-05-18 21:50:00,night,0.2,2.4,light,SMM11307,Chavascal,C:\Users\ggrmi\Documents\SI-Tarcisio\Sound-of-Rainfall\RAC-semiurban-forest-ML-2026\data\raw\Chavascal\light\SMM11307_20240518_215000_0-2_light_night.wav,.wav,2024,05,18,21,50,00,
SMM11307_20240121_115000_0-0_no-rain_morning.wav,2024-01-21 11:50:00,morning,0.0,0.0,no-rain,SMM11307,Chavascal,C:\Users\ggrmi\Documents\SI-Tarcisio\Sound-of-Rainfall\RAC-semiurban-forest-ML-2026\data\raw\Chavascal\no_rain\SMM11307_20240121_115000_0-0_no-rain_morning.wav,.wav,2024,01,21,11,50,00,
SMM11307_20240113_072000_2-6_heavy_morning.wav,2024-01-13 07:20:00,morning,2.6,31.2,heavy,SMM11307,Chavascal,C:\Users\ggrmi\Documents\SI-Tarcisio\Sound-of-Rainfall\RAC-semiurban-forest-ML-2026\data\raw\Chavascal\heavy\SMM11307_20240113_072000_2-6_heavy_morning.wav,.wav,2024,01,13,07,20,00,
SMM11307_20240113_202000_0-2_light_night.wav,2024-01-13 20:20:00,night,0.2,2.4,light,SMM11307,Chavascal,C:\Users\ggrmi\Documents\SI-Tarcisio\Sound-of-Rainfall\RAC-semiurban-forest-ML-2026\data\raw\Chavascal\light\SMM11307_20240113_202000_0-2_light_night.wav,.wav,2024,01,13,20,20,00,
SMM11307_20240117_194500_0-0_no-rain_night.wav,2024-01-17 19:45:00,night,0.0,0.0,no-rain,SMM11307,Chavascal,C:\Users\ggrmi\Documents\SI-Tarcisio\Sound-of-Rainfall\RAC-semiurban-forest-ML-2026\data\raw\Chavascal\no_rain\SMM11307_20240117_194500_0-0_no-rain_night.wav,.wav,2024,01,17,19,45,00,
SMM11307_20240113_051000_1-2_heavy_night.wav,2024-01-13 05:10:00,overnight,1.2,14.4,heavy,SMM11307,Chavascal,C:\Users\ggrmi\Documents\SI-Tarcisio\Sound-of-Rainfall\RAC-semiurban-forest-ML-2026\data\raw\Chavascal\heavy\SMM11307_20240113_051000_1-2_heavy_night.wav,.wav,2024,01,13,05,10,00,
SMM11307_20240113_053000_0-4_moderate_night.wav,2024-01-13 05:30:00,overnight,0.4,4.8,moderate,SMM11307,Chavascal,C:\Users\ggrmi\Documents\SI-Tarcisio\Sound-of-Rainfall\RAC-semiurban-forest-ML-2026\data\raw\Chavascal\moderate\SMM11307_20240113_053000_0-4_moderate_night.wav,.wav,2024,01,13,05,30,00,
SMM11307_20240113_061000_0-4_moderate_morning.wav,2024-01-13 06:10:00,morning,0.4,4.8,moderate,SMM11307,Chavascal,C:\Users\ggrmi\Documents\SI-Tarcisio\Sound-of-Rainfall\RAC-semiurban-forest-ML-2026\data\raw\Chavascal\moderate\SMM11307_20240113_061000_0-4_moderate_morning.wav,.wav,2024,01,13,06,10,00,
SMM11307_20240521_045000_0-0_no-rain_night.wav,2024-05-21 04:50:00,overnight,0.0,0.0,no-rain,SMM11307,Chavascal,C:\Users\ggrmi\Documents\SI-Tarcisio\Sound-of-Rainfall\RAC-semiurban-forest-ML-2026\data\raw\Chavascal\no_rain\SMM11307_20240521_045000_0-0_no-rain_night.wav,.wav,2024,05,21,04,50,00,
SMM11307_20240114_052000_0-0_no-rain_night.wav,2024-01-14 05:20:00,overnight,0.0,0.0,no-rain,SMM11307,Chavascal,C:\Users\ggrmi\Documents\SI-Tarcisio\Sound-of-Rainfall\RAC-semiurban-forest-ML-2026\data\raw\Chavascal\no_rain\SMM11307_20240114_052000_0-0_no-rain_night.wav,.wav,2024,01,14,05,20,00,
SMM11307_20240120_070500_0-0_no-rain_morning.wav,2024-01-20 07:05:00,morning,0.0,0.0,no-rain,SMM11307,Chavascal,C:\Users\ggrmi\Documents\SI-Tarcisio\Sound-of-Rainfall\RAC-semiurban-forest-ML-2026\data\raw\Chavascal\no_rain\SMM11307_20240120_070500_0-0_no-rain_morning.wav,.wav,2024,01,20,07,05,00,
SMM11307_20240115_094000_0-0_no-rain_morning.wav,2024-01-15 09:40:00,morning,0.0,0.0,no-rain,SMM11307,Chavascal,C:\Users\ggrmi\Documents\SI-Tarcisio\Sound-of-Rainfall\RAC-semiurban-forest-ML-2026\data\raw\Chavascal\no_rain\SMM11307_20240115_094000_0-0_no-rain_morning.wav,.wav,2024,01,15,09,40,00,
SMM11307_20240113_045500_0-6_moderate_night.wav,2024-01-13 04:55:00,overnight,0.6,7.2,moderate,SMM11307,Chavascal,C:\Users\ggrmi\Documents\SI-Tarcisio\Sound-of-Rainfall\RAC-semiurban-forest-ML-2026\data\raw\Chavascal\moderate\SMM11307_20240113_045500_0-6_moderate_night.wav,.wav,2024,01,13,04,55,00,
SMM11307_20240119_074500_0-0_no-rain_morning.wav,2024-01-19 07:45:00,morning,0.0,0.0,no-rain,SMM11307,Chavascal,C:\Users\ggrmi\Documents\SI-Tarcisio\Sound-of-Rainfall\RAC-semiurban-forest-ML-2026\data\raw\Chavascal\no_rain\SMM11307_20240119_074500_0-0_no-rain_morning.wav,.wav,2024,01,19,07,45,00,
SMM11307_20240113_065000_0-2_light_morning.wav,2024-01-13 06:50:00,morning,0.2,2.4,light,SMM11307,Chavascal,C:\Users\ggrmi\Documents\SI-Tarcisio\Sound-of-Rainfall\RAC-semiurban-forest-ML-2026\data\raw\Chavascal\light\SMM11307_20240113_065000_0-2_light_morning.wav,.wav,2024,01,13,06,50,00,
SMM11307_20240526_080500_0-0_no-rain_morning.wav,2024-05-26 08:05:00,morning,0.0,0.0,no-rain,SMM11307,Chavascal,C:\Users\ggrmi\Documents\SI-Tarcisio\Sound-of-Rainfall\RAC-semiurban-forest-ML-2026\data\raw\Chavascal\no_rain\SMM11307_20240526_080500_0-0_no-rain_morning.wav,.wav,2024,05,26,08,05,00,
SMM11307_20240117_181000_0-0_no-rain_night.wav,2024-01-17 18:10:00,night,0.0,0.0,no-rain,SMM11307,Chavascal,C:\Users\ggrmi\Documents\SI-Tarcisio\Sound-of-Rainfall\RAC-semiurban-forest-ML-2026\data\raw\Chavascal\no_rain\SMM11307_20240117_181000_0-0_no-rain_night.wav,.wav,2024,01,17,18,10,00,
SMM11307_20240113_084500_0-4_moderate_morning.wav,2024-01-13 08:45:00,morning,0.4,4.8,moderate,SMM11307,Chavascal,C:\Users\ggrmi\Documents\SI-Tarcisio\Sound-of-Rainfall\RAC-semiurban-forest-ML-2026\data\raw\Chavascal\moderate\SMM11307_20240113_084500_0-4_moderate_morning.wav,.wav,2024,01,13,08,45,00,
SMM11307_20240519_041500_0-0_no-rain_night.wav,2024-05-19 04:15:00,overnight,0.0,0.0,no-rain,SMM11307,Chavascal,C:\Users\ggrmi\Documents\SI-Tarcisio\Sound-of-Rainfall\RAC-semiurban-forest-ML-2026\data\raw\Chavascal\no_rain\SMM11307_20240519_041500_0-0_no-rain_night.wav,.wav,2024,05,19,04,15,00,
SMM11307_20240117_143000_0-8_moderate_afternoon.wav,2024-01-17 14:30:00,afternoon,0.8,9.6,moderate,SMM11307,Chavascal,C:\Users\ggrmi\Documents\SI-Tarcisio\Sound-of-Rainfall\RAC-semiurban-forest-ML-2026\data\raw\Chavascal\moderate\SMM11307_20240117_143000_0-8_moderate_afternoon.wav,.wav,2024,01,17,14,30,00,
SMM11307_20240113_072500_3-2_heavy_morning.wav,2024-01-13 07:25:00,morning,3.2,38.4,heavy,SMM11307,Chavascal,C:\Users\ggrmi\Documents\SI-Tarcisio\Sound-of-Rainfall\RAC-semiurban-forest-ML-2026\data\raw\Chavascal\heavy\SMM11307_20240113_072500_3-2_heavy_morning.wav,.wav,2024,01,13,07,25,00,
SMM11307_20240117_132500_0-0_no-rain_afternoon.wav,2024-01-17 13:25:00,afternoon,0.0,0.0,no-rain,SMM11307,Chavascal,C:\Users\ggrmi\Documents\SI-Tarcisio\Sound-of-Rainfall\RAC-semiurban-forest-ML-2026\data\raw\Chavascal\no_rain\SMM11307_20240117_132500_0-0_no-rain_afternoon.wav,.wav,2024,01,17,13,25,00,
SMM11307_20240113_093500_1-2_heavy_morning.wav,2024-01-13 09:35:00,morning,1.2,14.4,heavy,SMM11307,Chavascal,C:\Users\ggrmi\Documents\SI-Tarcisio\Sound-of-Rainfall\RAC-semiurban-forest-ML-2026\data\raw\Chavascal\heavy\SMM11307_20240113_093500_1-2_heavy_morning.wav,.wav,2024,01,13,09,35,00,
SMM11307_20240521_162000_0-0_no-rain_afternoon.wav,2024-05-21 16:20:00,afternoon,0.0,0.0,no-rain,SMM11307,Chavascal,C:\Users\ggrmi\Documents\SI-Tarcisio\Sound-of-Rainfall\RAC-semiurban-forest-ML-2026\data\raw\Chavascal\no_rain\SMM11307_20240521_162000_0-0_no-rain_afternoon.wav,.wav,2024,05,21,16,20,00,
SMM11307_20240520_152500_0-0_no-rain_afternoon.wav,2024-05-20 15:25:00,afternoon,0.0,0.0,no-rain,SMM11307,Chavascal,C:\Users\ggrmi\Documents\SI-Tarcisio\Sound-of-Rainfall\RAC-semiurban-forest-ML-2026\data\raw\Chavascal\no_rain\SMM11307_20240520_152500_0-0_no-rain_afternoon.wav,.wav,2024,05,20,15,25,00,
SMM11307_20240522_060500_0-0_no-rain_morning.wav,2024-05-22 06:05:00,morning,0.0,0.0,no-rain,SMM11307,Chavascal,C:\Users\ggrmi\Documents\SI-Tarcisio\Sound-of-Rainfall\RAC-semiurban-forest-ML-2026\data\raw\Chavascal\no_rain\SMM11307_20240522_060500_0-0_no-rain_morning.wav,.wav,2024,05,22,06,05,00,
SMM11307_20240521_023000_0-0_no-rain_night.wav,2024-05-21 02:30:00,overnight,0.0,0.0,no-rain,SMM11307,Chavascal,C:\Users\ggrmi\Documents\SI-Tarcisio\Sound-of-Rainfall\RAC-semiurban-forest-ML-2026\data\raw\Chavascal\no_rain\SMM11307_20240521_023000_0-0_no-rain_night.wav,.wav,2024,05,21,02,30,00,False
SMM11307_20240117_123000_0-4_moderate_afternoon.wav,2024-01-17 12:30:00,afternoon,0.4,4.8,moderate,SMM11307,Chavascal,C:\Users\ggrmi\Documents\SI-Tarcisio\Sound-of-Rainfall\RAC-semiurban-forest-ML-2026\data\raw\Chavascal\moderate\SMM11307_20240117_123000_0-4_moderate_afternoon.wav,.wav,2024,01,17,12,30,00,True
SMM11307_20240524_012500_0-4_moderate_night.wav,2024-05-24 01:25:00,overnight,0.4,4.8,moderate,SMM11307,Chavascal,C:\Users\ggrmi\Documents\SI-Tarcisio\Sound-of-Rainfall\RAC-semiurban-forest-ML-2026\data\raw\Chavascal\moderate\SMM11307_20240524_012500_0-4_moderate_night.wav,.wav,2024,05,24,01,25,00,
SMM11307_20240518_105500_0-0_no-rain_morning.wav,2024-05-18 10:55:00,morning,0.0,0.0,no-rain,SMM11307,Chavascal,C:\Users\ggrmi\Documents\SI-Tarcisio\Sound-of-Rainfall\RAC-semiurban-forest-ML-2026\data\raw\Chavascal\no_rain\SMM11307_20240518_105500_0-0_no-rain_morning.wav,.wav,2024,05,18,10,55,00,
SMM11307_20240518_221000_0-0_no-rain_night.wav,2024-05-18 22:10:00,night,0.0,0.0,no-rain,SMM11307,Chavascal,C:\Users\ggrmi\Documents\SI-Tarcisio\Sound-of-Rainfall\RAC-semiurban-forest-ML-2026\data\raw\Chavascal\no_rain\SMM11307_20240518_221000_0-0_no-rain_night.wav,.wav,2024,05,18,22,10,00,
SMM11307_20240113_105000_0-0_no-rain_morning.wav,2024-01-13 10:50:00,morning,0.0,0.0,no-rain,SMM11307,Chavascal,C:\Users\ggrmi\Documents\SI-Tarcisio\Sound-of-Rainfall\RAC-semiurban-forest-ML-2026\data\raw\Chavascal\no_rain\SMM11307_20240113_105000_0-0_no-rain_morning.wav,.wav,2024,01,13,10,50,00,False
SMM11307_20240518_144500_0-0_no-rain_afternoon.wav,2024-05-18 14:45:00,afternoon,0.0,0.0,no-rain,SMM11307,Chavascal,C:\Users\ggrmi\Documents\SI-Tarcisio\Sound-of-Rainfall\RAC-semiurban-forest-ML-2026\data\raw\Chavascal\no_rain\SMM11307_20240518_144500_0-0_no-rain_afternoon.wav,.wav,2024,05,18,14,45,00,
SMM11307_20240523_233500_0-0_no-rain_night.wav,2024-05-23 23:35:00,night,0.0,0.0,no-rain,SMM11307,Chavascal,C:\Users\ggrmi\Documents\SI-Tarcisio\Sound-of-Rainfall\RAC-semiurban-forest-ML-2026\data\raw\Chavascal\no_rain\SMM11307_20240523_233500_0-0_no-rain_night.wav,.wav,2024,05,23,23,35,00,
SMM11307_20240519_032000_0-0_no-rain_night.wav,2024-05-19 03:20:00,overnight,0.0,0.0,no-rain,SMM11307,Chavascal,C:\Users\ggrmi\Documents\SI-Tarcisio\Sound-of-Rainfall\RAC-semiurban-forest-ML-2026\data\raw\Chavascal\no_rain\SMM11307_20240519_032000_0-0_no-rain_night.wav,.wav,2024,05,19,03,20,00,
SMM11307_20240520_235000_0-4_moderate_night.wav,2024-05-20 23:50:00,night,0.4,4.8,moderate,SMM11307,Chavascal,C:\Users\ggrmi\Documents\SI-Tarcisio\Sound-of-Rainfall\RAC-semiurban-forest-ML-2026\data\raw\Chavascal\moderate\SMM11307_20240520_235000_0-4_moderate_night.wav,.wav,2024,05,20,23,50,00,
SMM11307_20240113_073500_2-6_heavy_morning.wav,2024-01-13 07:35:00,morning,2.6,31.2,heavy,SMM11307,Chavascal,C:\Users\ggrmi\Documents\SI-Tarcisio\Sound-of-Rainfall\RAC-semiurban-forest-ML-2026\data\raw\Chavascal\heavy\SMM11307_20240113_073500_2-6_heavy_morning.wav,.wav,2024,01,13,07,35,00,
SMM11307_20240519_164000_0-8_moderate_afternoon.wav,2024-05-19 16:40:00,afternoon,0.8,9.6,moderate,SMM11307,Chavascal,C:\Users\ggrmi\Documents\SI-Tarcisio\Sound-of-Rainfall\RAC-semiurban-forest-ML-2026\data\raw\Chavascal\moderate\SMM11307_20240519_164000_0-8_moderate_afternoon.wav,.wav,2024,05,19,16,40,00,
SMM11307_20240122_031000_0-2_light_night.wav,2024-01-22 03:10:00,overnight,0.2,2.4,light,SMM11307,Chavascal,C:\Users\ggrmi\Documents\SI-Tarcisio\Sound-of-Rainfall\RAC-semiurban-forest-ML-2026\data\raw\Chavascal\light\SMM11307_20240122_031000_0-2_light_night.wav,.wav,2024,01,22,03,10,00,
SMM11307_20240112_134500_0-0_no-rain_afternoon.wav,2024-01-12 13:45:00,afternoon,0.0,0.0,no-rain,SMM11307,Chavascal,C:\Users\ggrmi\Documents\SI-Tarcisio\Sound-of-Rainfall\RAC-semiurban-forest-ML-2026\data\raw\Chavascal\no_rain\SMM11307_20240112_134500_0-0_no-rain_afternoon.wav,.wav,2024,01,12,13,45,00,
SMM11307_20240113_073000_3-8_heavy_morning.wav,2024-01-13 07:30:00,morning,3.8,45.6,heavy,SMM11307,Chavascal,C:\Users\ggrmi\Documents\SI-Tarcisio\Sound-of-Rainfall\RAC-semiurban-forest-ML-2026\data\raw\Chavascal\heavy\SMM11307_20240113_073000_3-8_heavy_morning.wav,.wav,2024,01,13,07,30,00,
SMM11307_20240519_140500_0-0_no-rain_afternoon.wav,2024-05-19 14:05:00,afternoon,0.0,0.0,no-rain,SMM11307,Chavascal,C:\Users\ggrmi\Documents\SI-Tarcisio\Sound-of-Rainfall\RAC-semiurban-forest-ML-2026\data\raw\Chavascal\no_rain\SMM11307_20240519_140500_0-0_no-rain_afternoon.wav,.wav,2024,05,19,14,05,00,
SMM11307_20240526_064500_0-2_light_morning.wav,2024-05-26 06:45:00,morning,0.2,2.4,light,SMM11307,Chavascal,C:\Users\ggrmi\Documents\SI-Tarcisio\Sound-of-Rainfall\RAC-semiurban-forest-ML-2026\data\raw\Chavascal\light\SMM11307_20240526_064500_0-2_light_morning.wav,.wav,2024,05,26,06,45,00,
SMM11307_20240119_001500_0-0_no-rain_night.wav,2024-01-19 00:15:00,overnight,0.0,0.0,no-rain,SMM11307,Chavascal,C:\Users\ggrmi\Documents\SI-Tarcisio\Sound-of-Rainfall\RAC-semiurban-forest-ML-2026\data\raw\Chavascal\no_rain\SMM11307_20240119_001500_0-0_no-rain_night.wav,.wav,2024,01,19,00,15,00,
SMM11307_20240113_062000_0-6_moderate_morning.wav,2024-01-13 06:20:00,morning,0.6,7.2,moderate,SMM11307,Chavascal,C:\Users\ggrmi\Documents\SI-Tarcisio\Sound-of-Rainfall\RAC-semiurban-forest-ML-2026\data\raw\Chavascal\moderate\SMM11307_20240113_062000_0-6_moderate_morning.wav,.wav,2024,01,13,06,20,00,
SMM11307_20240122_015000_3-8_heavy_night.wav,2024-01-22 01:50:00,overnight,3.8,45.6,heavy,SMM11307,Chavascal,C:\Users\ggrmi\Documents\SI-Tarcisio\Sound-of-Rainfall\RAC-semiurban-forest-ML-2026\data\raw\Chavascal\heavy\SMM11307_20240122_015000_3-8_heavy_night.wav,.wav,2024,01,22,01,50,00,
SMM11307_20240122_024500_2-0_heavy_night.wav,2024-01-22 02:45:00,overnight,2.0,24.0,heavy,SMM11307,Chavascal,C:\Users\ggrmi\Documents\SI-Tarcisio\Sound-of-Rainfall\RAC-semiurban-forest-ML-2026\data\raw\Chavascal\heavy\SMM11307_20240122_024500_2-0_heavy_night.wav,.wav,2024,01,22,02,45,00,
SMM11307_20240520_234500_0-6_moderate_night.wav,2024-05-20 23:45:00,night,0.6,7.2,moderate,SMM11307,Chavascal,C:\Users\ggrmi\Documents\SI-Tarcisio\Sound-of-Rainfall\RAC-semiurban-forest-ML-2026\data\raw\Chavascal\moderate\SMM11307_20240520_234500_0-6_moderate_night.wav,.wav,2024,05,20,23,45,00,
SMM11307_20240525_142500_10-0_violent_afternoon.wav,2024-05-25 14:25:00,afternoon,10.0,120.0,violent,SMM11307,Chavascal,C:\Users\ggrmi\Documents\SI-Tarcisio\Sound-of-Rainfall\RAC-semiurban-forest-ML-2026\data\raw\Chavascal\violent\SMM11307_20240525_142500_10-0_violent_afternoon.wav,.wav,2024,05,25,14,25,00,
SMM11307_20240524_061500_0-4_moderate_morning.wav,2024-05-24 06:15:00,morning,0.4,4.8,moderate,SMM11307,Chavascal,C:\Users\ggrmi\Documents\SI-Tarcisio\Sound-of-Rainfall\RAC-semiurban-forest-ML-2026\data\raw\Chavascal\moderate\SMM11307_20240524_061500_0-4_moderate_morning.wav,.wav,2024,05,24,06,15,00,
SMM11307_20240525_220500_0-0_no-rain_night.wav,2024-05-25 22:05:00,night,0.0,0.0,no-rain,SMM11307,Chavascal,C:\Users\ggrmi\Documents\SI-Tarcisio\Sound-of-Rainfall\RAC-semiurban-forest-ML-2026\data\raw\Chavascal\no_rain\SMM11307_20240525_220500_0-0_no-rain_night.wav,.wav,2024,05,25,22,05,00,
SMM11307_20240520_124500_0-0_no-rain_afternoon.wav,2024-05-20 12:45:00,afternoon,0.0,0.0,no-rain,SMM11307,Chavascal,C:\Users\ggrmi\Documents\SI-Tarcisio\Sound-of-Rainfall\RAC-semiurban-forest-ML-2026\data\raw\Chavascal\no_rain\SMM11307_20240520_124500_0-0_no-rain_afternoon.wav,.wav,2024,05,20,12,45,00,
SMM11307_20240526_064000_0-4_moderate_morning.wav,2024-05-26 06:40:00,morning,0.4,4.8,moderate,SMM11307,Chavascal,C:\Users\ggrmi\Documents\SI-Tarcisio\Sound-of-Rainfall\RAC-semiurban-forest-ML-2026\data\raw\Chavascal\moderate\SMM11307_20240526_064000_0-4_moderate_morning.wav,.wav,2024,05,26,06,40,00,
SMM11307_20240116_210000_0-0_no-rain_night.wav,2024-01-16 21:00:00,night,0.0,0.0,no-rain,SMM11307,Chavascal,C:\Users\ggrmi\Documents\SI-Tarcisio\Sound-of-Rainfall\RAC-semiurban-forest-ML-2026\data\raw\Chavascal\no_rain\SMM11307_20240116_210000_0-0_no-rain_night.wav,.wav,2024,01,16,21,00,00,
SMM11307_20240113_060500_0-2_light_morning.wav,2024-01-13 06:05:00,morning,0.2,2.4,light,SMM11307,Chavascal,C:\Users\ggrmi\Documents\SI-Tarcisio\Sound-of-Rainfall\RAC-semiurban-forest-ML-2026\data\raw\Chavascal\light\SMM11307_20240113_060500_0-2_light_morning.wav,.wav,2024,01,13,06,05,00,
SMM11307_20240113_050500_0-6_moderate_night.wav,2024-01-13 05:05:00,overnight,0.6,7.2,moderate,SMM11307,Chavascal,C:\Users\ggrmi\Documents\SI-Tarcisio\Sound-of-Rainfall\RAC-semiurban-forest-ML-2026\data\raw\Chavascal\moderate\SMM11307_20240113_050500_0-6_moderate_night.wav,.wav,2024,01,13,05,05,00,
SMM11307_20240518_162000_0-4_moderate_afternoon.wav,2024-05-18 16:20:00,afternoon,0.4,4.8,moderate,SMM11307,Chavascal,C:\Users\ggrmi\Documents\SI-Tarcisio\Sound-of-Rainfall\RAC-semiurban-forest-ML-2026\data\raw\Chavascal\moderate\SMM11307_20240518_162000_0-4_moderate_afternoon.wav,.wav,2024,05,18,16,20,00,
SMM11307_20240113_050000_1-4_heavy_night.wav,2024-01-13 05:00:00,overnight,1.4,16.8,heavy,SMM11307,Chavascal,C:\Users\ggrmi\Documents\SI-Tarcisio\Sound-of-Rainfall\RAC-semiurban-forest-ML-2026\data\raw\Chavascal\heavy\SMM11307_20240113_050000_1-4_heavy_night.wav,.wav,2024,01,13,05,00,00,
SMM11307_20240116_081000_0-0_no-rain_morning.wav,2024-01-16 08:10:00,morning,0.0,0.0,no-rain,SMM11307,Chavascal,C:\Users\ggrmi\Documents\SI-Tarcisio\Sound-of-Rainfall\RAC-semiurban-forest-ML-2026\data\raw\Chavascal\no_rain\SMM11307_20240116_081000_0-0_no-rain_morning.wav,.wav,2024,01,16,08,10,00,
SMM11307_20240522_111000_0-0_no-rain_morning.wav,2024-05-22 11:10:00,morning,0.0,0.0,no-rain,SMM11307,Chavascal,C:\Users\ggrmi\Documents\SI-Tarcisio\Sound-of-Rainfall\RAC-semiurban-forest-ML-2026\data\raw\Chavascal\no_rain\SMM11307_20240522_111000_0-0_no-rain_morning.wav,.wav,2024,05,22,11,10,00,
SMM11307_20240113_063000_1-0_heavy_morning.wav,2024-01-13 06:30:00,morning,1.0,12.0,heavy,SMM11307,Chavascal,C:\Users\ggrmi\Documents\SI-Tarcisio\Sound-of-Rainfall\RAC-semiurban-forest-ML-2026\data\raw\Chavascal\heavy\SMM11307_20240113_063000_1-0_heavy_morning.wav,.wav,2024,01,13,06,30,00,
SMM11307_20240523_234000_0-0_no-rain_night.wav,2024-05-23 23:40:00,night,0.0,0.0,no-rain,SMM11307,Chavascal,C:\Users\ggrmi\Documents\SI-Tarcisio\Sound-of-Rainfall\RAC-semiurban-forest-ML-2026\data\raw\Chavascal\no_rain\SMM11307_20240523_234000_0-0_no-rain_night.wav,.wav,2024,05,23,23,40,00,
SMM11307_20240526_060500_0-2_light_morning.wav,2024-05-26 06:05:00,morning,0.2,2.4,light,SMM11307,Chavascal,C:\Users\ggrmi\Documents\SI-Tarcisio\Sound-of-Rainfall\RAC-semiurban-forest-ML-2026\data\raw\Chavascal\light\SMM11307_20240526_060500_0-2_light_morning.wav,.wav,2024,05,26,06,05,00,
SMM11307_20240518_165000_0-2_light_afternoon.wav,2024-05-18 16:50:00,afternoon,0.2,2.4,light,SMM11307,Chavascal,C:\Users\ggrmi\Documents\SI-Tarcisio\Sound-of-Rainfall\RAC-semiurban-forest-ML-2026\data\raw\Chavascal\light\SMM11307_20240518_165000_0-2_light_afternoon.wav,.wav,2024,05,18,16,50,00,
SMM11307_20240525_142000_4-6_violent_afternoon.wav,2024-05-25 14:20:00,afternoon,4.6,55.2,violent,SMM11307,Chavascal,C:\Users\ggrmi\Documents\SI-Tarcisio\Sound-of-Rainfall\RAC-semiurban-forest-ML-2026\data\raw\Chavascal\violent\SMM11307_20240525_142000_4-6_violent_afternoon.wav,.wav,2024,05,25,14,20,00,
SMM11307_20240114_031500_0-0_no-rain_night.wav,2024-01-14 03:15:00,overnight,0.0,0.0,no-rain,SMM11307,Chavascal,C:\Users\ggrmi\Documents\SI-Tarcisio\Sound-of-Rainfall\RAC-semiurban-forest-ML-2026\data\raw\Chavascal\no_rain\SMM11307_20240114_031500_0-0_no-rain_night.wav,.wav,2024,01,14,03,15,00,
SMM11307_20240525_143000_4-6_violent_afternoon.wav,2024-05-25 14:30:00,afternoon,4.6,55.2,violent,SMM11307,Chavascal,C:\Users\ggrmi\Documents\SI-Tarcisio\Sound-of-Rainfall\RAC-semiurban-forest-ML-2026\data\raw\Chavascal\violent\SMM11307_20240525_143000_4-6_violent_afternoon.wav,.wav,2024,05,25,14,30,00,
SMM11307_20240518_150000_0-0_no-rain_afternoon.wav,2024-05-18 15:00:00,afternoon,0.0,0.0,no-rain,SMM11307,Chavascal,C:\Users\ggrmi\Documents\SI-Tarcisio\Sound-of-Rainfall\RAC-semiurban-forest-ML-2026\data\raw\Chavascal\no_rain\SMM11307_20240518_150000_0-0_no-rain_afternoon.wav,.wav,2024,05,18,15,00,00,
SMM11307_20240526_043000_0-0_no-rain_night.wav,2024-05-26 04:30:00,overnight,0.0,0.0,no-rain,SMM11307,Chavascal,C:\Users\ggrmi\Documents\SI-Tarcisio\Sound-of-Rainfall\RAC-semiurban-forest-ML-2026\data\raw\Chavascal\no_rain\SMM11307_20240526_043000_0-0_no-rain_night.wav,.wav,2024,05,26,04,30,00,
SMM11307_20240524_062000_0-4_moderate_morning.wav,2024-05-24 06:20:00,morning,0.4,4.8,moderate,SMM11307,Chavascal,C:\Users\ggrmi\Documents\SI-Tarcisio\Sound-of-Rainfall\RAC-semiurban-forest-ML-2026\data\raw\Chavascal\moderate\SMM11307_20240524_062000_0-4_moderate_morning.wav,.wav,2024,05,24,06,20,00,
SMM11307_20240518_213000_0-4_moderate_night.wav,2024-05-18 21:30:00,night,0.4,4.8,moderate,SMM11307,Chavascal,C:\Users\ggrmi\Documents\SI-Tarcisio\Sound-of-Rainfall\RAC-semiurban-forest-ML-2026\data\raw\Chavascal\moderate\SMM11307_20240518_213000_0-4_moderate_night.wav,.wav,2024,05,18,21,30,00,True
SMM11307_20240520_062000_0-0_no-rain_morning.wav,2024-05-20 06:20:00,morning,0.0,0.0,no-rain,SMM11307,Chavascal,C:\Users\ggrmi\Documents\SI-Tarcisio\Sound-of-Rainfall\RAC-semiurban-forest-ML-2026\data\raw\Chavascal\no_rain\SMM11307_20240520_062000_0-0_no-rain_morning.wav,.wav,2024,05,20,06,20,00,
SMM11307_20240523_051500_0-2_light_night.wav,2024-05-23 05:15:00,overnight,0.2,2.4,light,SMM11307,Chavascal,C:\Users\ggrmi\Documents\SI-Tarcisio\Sound-of-Rainfall\RAC-semiurban-forest-ML-2026\data\raw\Chavascal\light\SMM11307_20240523_051500_0-2_light_night.wav,.wav,2024,05,23,05,15,00,
SMM11307_20240116_145000_0-2_light_afternoon.wav,2024-01-16 14:50:00,afternoon,0.2,2.4,light,SMM11307,Chavascal,C:\Users\ggrmi\Documents\SI-Tarcisio\Sound-of-Rainfall\RAC-semiurban-forest-ML-2026\data\raw\Chavascal\light\SMM11307_20240116_145000_0-2_light_afternoon.wav,.wav,2024,01,16,14,50,00,
SMM11307_20240524_150000_0-0_no-rain_afternoon.wav,2024-05-24 15:00:00,afternoon,0.0,0.0,no-rain,SMM11307,Chavascal,C:\Users\ggrmi\Documents\SI-Tarcisio\Sound-of-Rainfall\RAC-semiurban-forest-ML-2026\data\raw\Chavascal\no_rain\SMM11307_20240524_150000_0-0_no-rain_afternoon.wav,.wav,2024,05,24,15,00,00,
SMM11307_20240524_153000_0-2_light_afternoon.wav,2024-05-24 15:30:00,afternoon,0.2,2.4,light,SMM11307,Chavascal,C:\Users\ggrmi\Documents\SI-Tarcisio\Sound-of-Rainfall\RAC-semiurban-forest-ML-2026\data\raw\Chavascal\light\SMM11307_20240524_153000_0-2_light_afternoon.wav,.wav,2024,05,24,15,30,00,
SMM11307_20240122_031500_0-4_moderate_night.wav,2024-01-22 03:15:00,overnight,0.4,4.8,moderate,SMM11307,Chavascal,C:\Users\ggrmi\Documents\SI-Tarcisio\Sound-of-Rainfall\RAC-semiurban-forest-ML-2026\data\raw\Chavascal\moderate\SMM11307_20240122_031500_0-4_moderate_night.wav,.wav,2024,01,22,03,15,00,
SMM11307_20240122_233500_0-0_no-rain_night.wav,2024-01-22 23:35:00,night,0.0,0.0,no-rain,SMM11307,Chavascal,C:\Users\ggrmi\Documents\SI-Tarcisio\Sound-of-Rainfall\RAC-semiurban-forest-ML-2026\data\raw\Chavascal\no_rain\SMM11307_20240122_233500_0-0_no-rain_night.wav,.wav,2024,01,22,23,35,00,
SMM11307_20240524_154000_0-2_light_afternoon.wav,2024-05-24 15:40:00,afternoon,0.2,2.4,light,SMM11307,Chavascal,C:\Users\ggrmi\Documents\SI-Tarcisio\Sound-of-Rainfall\RAC-semiurban-forest-ML-2026\data\raw\Chavascal\light\SMM11307_20240524_154000_0-2_light_afternoon.wav,.wav,2024,05,24,15,40,00,
SMM11307_20240112_142000_0-0_no-rain_afternoon.wav,2024-01-12 14:20:00,afternoon,0.0,0.0,no-rain,SMM11307,Chavascal,C:\Users\ggrmi\Documents\SI-Tarcisio\Sound-of-Rainfall\RAC-semiurban-forest-ML-2026\data\raw\Chavascal\no_rain\SMM11307_20240112_142000_0-0_no-rain_afternoon.wav,.wav,2024,01,12,14,20,00,
SMM11307_20240113_203000_0-2_light_night.wav,2024-01-13 20:30:00,night,0.2,2.4,light,SMM11307,Chavascal,C:\Users\ggrmi\Documents\SI-Tarcisio\Sound-of-Rainfall\RAC-semiurban-forest-ML-2026\data\raw\Chavascal\light\SMM11307_20240113_203000_0-2_light_night.wav,.wav,2024,01,13,20,30,00,
SMM11307_20240113_083000_1-6_heavy_morning.wav,2024-01-13 08:30:00,morning,1.6,19.2,heavy,SMM11307,Chavascal,C:\Users\ggrmi\Documents\SI-Tarcisio\Sound-of-Rainfall\RAC-semiurban-forest-ML-2026\data\raw\Chavascal\heavy\SMM11307_20240113_083000_1-6_heavy_morning.wav,.wav,2024,01,13,08,30,00,
SMM11307_20240122_025000_1-2_heavy_night.wav,2024-01-22 02:50:00,overnight,1.2,14.4,heavy,SMM11307,Chavascal,C:\Users\ggrmi\Documents\SI-Tarcisio\Sound-of-Rainfall\RAC-semiurban-forest-ML-2026\data\raw\Chavascal\heavy\SMM11307_20240122_025000_1-2_heavy_night.wav,.wav,2024,01,22,02,50,00,
SMM11307_20240518_161000_0-4_moderate_afternoon.wav,2024-05-18 16:10:00,afternoon,0.4,4.8,moderate,SMM11307,Chavascal,C:\Users\ggrmi\Documents\SI-Tarcisio\Sound-of-Rainfall\RAC-semiurban-forest-ML-2026\data\raw\Chavascal\moderate\SMM11307_20240518_161000_0-4_moderate_afternoon.wav,.wav,2024,05,18,16,10,00,
SMM11307_20240113_064500_0-8_moderate_morning.wav,2024-01-13 06:45:00,morning,0.8,9.6,moderate,SMM11307,Chavascal,C:\Users\ggrmi\Documents\SI-Tarcisio\Sound-of-Rainfall\RAC-semiurban-forest-ML-2026\data\raw\Chavascal\moderate\SMM11307_20240113_064500_0-8_moderate_morning.wav,.wav,2024,01,13,06,45,00,
SMM11307_20240113_202500_0-2_light_night.wav,2024-01-13 20:25:00,night,0.2,2.4,light,SMM11307,Chavascal,C:\Users\ggrmi\Documents\SI-Tarcisio\Sound-of-Rainfall\RAC-semiurban-forest-ML-2026\data\raw\Chavascal\light\SMM11307_20240113_202500_0-2_light_night.wav,.wav,2024,01,13,20,25,00,
SMM11307_20240120_092500_0-0_no-rain_morning.wav,2024-01-20 09:25:00,morning,0.0,0.0,no-rain,SMM11307,Chavascal,C:\Users\ggrmi\Documents\SI-Tarcisio\Sound-of-Rainfall\RAC-semiurban-forest-ML-2026\data\raw\Chavascal\no_rain\SMM11307_20240120_092500_0-0_no-rain_morning.wav,.wav,2024,01,20,09,25,00,
SMM11307_20240114_053000_0-0_no-rain_night.wav,2024-01-14 05:30:00,overnight,0.0,0.0,no-rain,SMM11307,Chavascal,C:\Users\ggrmi\Documents\SI-Tarcisio\Sound-of-Rainfall\RAC-semiurban-forest-ML-2026\data\raw\Chavascal\no_rain\SMM11307_20240114_053000_0-0_no-rain_night.wav,.wav,2024,01,14,05,30,00,
SMM11307_20240524_043000_0-0_no-rain_night.wav,2024-05-24 04:30:00,overnight,0.0,0.0,no-rain,SMM11307,Chavascal,C:\Users\ggrmi\Documents\SI-Tarcisio\Sound-of-Rainfall\RAC-semiurban-forest-ML-2026\data\raw\Chavascal\no_rain\SMM11307_20240524_043000_0-0_no-rain_night.wav,.wav,2024,05,24,04,30,00,False
SMM11307_20240526_063500_0-4_moderate_morning.wav,2024-05-26 06:35:00,morning,0.4,4.8,moderate,SMM11307,Chavascal,C:\Users\ggrmi\Documents\SI-Tarcisio\Sound-of-Rainfall\RAC-semiurban-forest-ML-2026\data\raw\Chavascal\moderate\SMM11307_20240526_063500_0-4_moderate_morning.wav,.wav,2024,05,26,06,35,00,
SMM11307_20240113_080000_0-8_moderate_morning.wav,2024-01-13 08:00:00,morning,0.8,9.6,moderate,SMM11307,Chavascal,C:\Users\ggrmi\Documents\SI-Tarcisio\Sound-of-Rainfall\RAC-semiurban-forest-ML-2026\data\raw\Chavascal\moderate\SMM11307_20240113_080000_0-8_moderate_morning.wav,.wav,2024,01,13,08,00,00,
SMM11307_20240518_163500_0-6_moderate_afternoon.wav,2024-05-18 16:35:00,afternoon,0.6,7.2,moderate,SMM11307,Chavascal,C:\Users\ggrmi\Documents\SI-Tarcisio\Sound-of-Rainfall\RAC-semiurban-forest-ML-2026\data\raw\Chavascal\moderate\SMM11307_20240518_163500_0-6_moderate_afternoon.wav,.wav,2024,05,18,16,35,00,
SMM11307_20240119_181500_0-0_no-rain_night.wav,2024-01-19 18:15:00,night,0.0,0.0,no-rain,SMM11307,Chavascal,C:\Users\ggrmi\Documents\SI-Tarcisio\Sound-of-Rainfall\RAC-semiurban-forest-ML-2026\data\raw\Chavascal\no_rain\SMM11307_20240119_181500_0-0_no-rain_night.wav,.wav,2024,01,19,18,15,00,
SMM11307_20240519_181500_0-2_light_night.wav,2024-05-19 18:15:00,night,0.2,2.4,light,SMM11307,Chavascal,C:\Users\ggrmi\Documents\SI-Tarcisio\Sound-of-Rainfall\RAC-semiurban-forest-ML-2026\data\raw\Chavascal\light\SMM11307_20240519_181500_0-2_light_night.wav,.wav,2024,05,19,18,15,00,
SMM11307_20240115_094500_0-0_no-rain_morning.wav,2024-01-15 09:45:00,morning,0.0,0.0,no-rain,SMM11307,Chavascal,C:\Users\ggrmi\Documents\SI-Tarcisio\Sound-of-Rainfall\RAC-semiurban-forest-ML-2026\data\raw\Chavascal\no_rain\SMM11307_20240115_094500_0-0_no-rain_morning.wav,.wav,2024,01,15,09,45,00,
SMM11307_20240523_065500_6-8_violent_morning.wav,2024-05-23 06:55:00,morning,6.8,81.6,violent,SMM11307,Chavascal,C:\Users\ggrmi\Documents\SI-Tarcisio\Sound-of-Rainfall\RAC-semiurban-forest-ML-2026\data\raw\Chavascal\violent\SMM11307_20240523_065500_6-8_violent_morning.wav,.wav,2024,05,23,06,55,00,
SMM11307_20240521_020500_0-0_no-rain_night.wav,2024-05-21 02:05:00,overnight,0.0,0.0,no-rain,SMM11307,Chavascal,C:\Users\ggrmi\Documents\SI-Tarcisio\Sound-of-Rainfall\RAC-semiurban-forest-ML-2026\data\raw\Chavascal\no_rain\SMM11307_20240521_020500_0-0_no-rain_night.wav,.wav,2024,05,21,02,05,00,False
SMM11307_20240113_031500_5-6_violent_night.wav,2024-01-13 03:15:00,overnight,5.6,67.2,violent,SMM11307,Chavascal,C:\Users\ggrmi\Documents\SI-Tarcisio\Sound-of-Rainfall\RAC-semiurban-forest-ML-2026\data\raw\Chavascal\violent\SMM11307_20240113_031500_5-6_violent_night.wav,.wav,2024,01,13,03,15,00,
SMM11307_20240116_070500_0-0_no-rain_morning.wav,2024-01-16 07:05:00,morning,0.0,0.0,no-rain,SMM11307,Chavascal,C:\Users\ggrmi\Documents\SI-Tarcisio\Sound-of-Rainfall\RAC-semiurban-forest-ML-2026\data\raw\Chavascal\no_rain\SMM11307_20240116_070500_0-0_no-rain_morning.wav,.wav,2024,01,16,07,05,00,
SMM11307_20240523_030500_0-0_no-rain_night.wav,2024-05-23 03:05:00,overnight,0.0,0.0,no-rain,SMM11307,Chavascal,C:\Users\ggrmi\Documents\SI-Tarcisio\Sound-of-Rainfall\RAC-semiurban-forest-ML-2026\data\raw\Chavascal\no_rain\SMM11307_20240523_030500_0-0_no-rain_night.wav,.wav,2024,05,23,03,05,00,
SMM11307_20240522_072000_0-0_no-rain_morning.wav,2024-05-22 07:20:00,morning,0.0,0.0,no-rain,SMM11307,Chavascal,C:\Users\ggrmi\Documents\SI-Tarcisio\Sound-of-Rainfall\RAC-semiurban-forest-ML-2026\data\raw\Chavascal\no_rain\SMM11307_20240522_072000_0-0_no-rain_morning.wav,.wav,2024,05,22,07,20,00,
SMM11307_20240118_142000_0-0_no-rain_afternoon.wav,2024-01-18 14:20:00,afternoon,0.0,0.0,no-rain,SMM11307,Chavascal,C:\Users\ggrmi\Documents\SI-Tarcisio\Sound-of-Rainfall\RAC-semiurban-forest-ML-2026\data\raw\Chavascal\no_rain\SMM11307_20240118_142000_0-0_no-rain_afternoon.wav,.wav,2024,01,18,14,20,00,
SMM11307_20240119_032500_0-0_no-rain_night.wav,2024-01-19 03:25:00,overnight,0.0,0.0,no-rain,SMM11307,Chavascal,C:\Users\ggrmi\Documents\SI-Tarcisio\Sound-of-Rainfall\RAC-semiurban-forest-ML-2026\data\raw\Chavascal\no_rain\SMM11307_20240119_032500_0-0_no-rain_night.wav,.wav,2024,01,19,03,25,00,
SMM11307_20240113_082000_0-6_moderate_morning.wav,2024-01-13 08:20:00,morning,0.6,7.2,moderate,SMM11307,Chavascal,C:\Users\ggrmi\Documents\SI-Tarcisio\Sound-of-Rainfall\RAC-semiurban-forest-ML-2026\data\raw\Chavascal\moderate\SMM11307_20240113_082000_0-6_moderate_morning.wav,.wav,2024,01,13,08,20,00,
SMM11307_20240518_161500_1-8_heavy_afternoon.wav,2024-05-18 16:15:00,afternoon,1.8,21.6,heavy,SMM11307,Chavascal,C:\Users\ggrmi\Documents\SI-Tarcisio\Sound-of-Rainfall\RAC-semiurban-forest-ML-2026\data\raw\Chavascal\heavy\SMM11307_20240518_161500_1-8_heavy_afternoon.wav,.wav,2024,05,18,16,15,00,
SMM11307_20240113_065500_2-0_heavy_morning.wav,2024-01-13 06:55:00,morning,2.0,24.0,heavy,SMM11307,Chavascal,C:\Users\ggrmi\Documents\SI-Tarcisio\Sound-of-Rainfall\RAC-semiurban-forest-ML-2026\data\raw\Chavascal\heavy\SMM11307_20240113_065500_2-0_heavy_morning.wav,.wav,2024,01,13,06,55,00,
SMM11307_20240117_043500_0-0_no-rain_night.wav,2024-01-17 04:35:00,overnight,0.0,0.0,no-rain,SMM11307,Chavascal,C:\Users\ggrmi\Documents\SI-Tarcisio\Sound-of-Rainfall\RAC-semiurban-forest-ML-2026\data\raw\Chavascal\no_rain\SMM11307_20240117_043500_0-0_no-rain_night.wav,.wav,2024,01,17,04,35,00,
SMM11307_20240116_101500_0-0_no-rain_morning.wav,2024-01-16 10:15:00,morning,0.0,0.0,no-rain,SMM11307,Chavascal,C:\Users\ggrmi\Documents\SI-Tarcisio\Sound-of-Rainfall\RAC-semiurban-forest-ML-2026\data\raw\Chavascal\no_rain\SMM11307_20240116_101500_0-0_no-rain_morning.wav,.wav,2024,01,16,10,15,00,
SMM11307_20240113_051500_0-8_moderate_night.wav,2024-01-13 05:15:00,overnight,0.8,9.6,moderate,SMM11307,Chavascal,C:\Users\ggrmi\Documents\SI-Tarcisio\Sound-of-Rainfall\RAC-semiurban-forest-ML-2026\data\raw\Chavascal\moderate\SMM11307_20240113_051500_0-8_moderate_night.wav,.wav,2024,01,13,05,15,00,
SMM11307_20240523_065000_6-0_violent_morning.wav,2024-05-23 06:50:00,morning,6.0,72.0,violent,SMM11307,Chavascal,C:\Users\ggrmi\Documents\SI-Tarcisio\Sound-of-Rainfall\RAC-semiurban-forest-ML-2026\data\raw\Chavascal\violent\SMM11307_20240523_065000_6-0_violent_morning.wav,.wav,2024,05,23,06,50,00,
SMM11307_20240116_093500_0-0_no-rain_morning.wav,2024-01-16 09:35:00,morning,0.0,0.0,no-rain,SMM11307,Chavascal,C:\Users\ggrmi\Documents\SI-Tarcisio\Sound-of-Rainfall\RAC-semiurban-forest-ML-2026\data\raw\Chavascal\no_rain\SMM11307_20240116_093500_0-0_no-rain_morning.wav,.wav,2024,01,16,09,35,00,
SMM11307_20240119_021500_0-0_no-rain_night.wav,2024-01-19 02:15:00,overnight,0.0,0.0,no-rain,SMM11307,Chavascal,C:\Users\ggrmi\Documents\SI-Tarcisio\Sound-of-Rainfall\RAC-semiurban-forest-ML-2026\data\raw\Chavascal\no_rain\SMM11307_20240119_021500_0-0_no-rain_night.wav,.wav,2024,01,19,02,15,00,
SMM11307_20240113_061500_0-4_moderate_morning.wav,2024-01-13 06:15:00,morning,0.4,4.8,moderate,SMM11307,Chavascal,C:\Users\ggrmi\Documents\SI-Tarcisio\Sound-of-Rainfall\RAC-semiurban-forest-ML-2026\data\raw\Chavascal\moderate\SMM11307_20240113_061500_0-4_moderate_morning.wav,.wav,2024,01,13,06,15,00,
SMM11307_20240519_082500_0-0_no-rain_morning.wav,2024-05-19 08:25:00,morning,0.0,0.0,no-rain,SMM11307,Chavascal,C:\Users\ggrmi\Documents\SI-Tarcisio\Sound-of-Rainfall\RAC-semiurban-forest-ML-2026\data\raw\Chavascal\no_rain\SMM11307_20240519_082500_0-0_no-rain_morning.wav,.wav,2024,05,19,08,25,00,
SMM11307_20240114_134500_0-0_no-rain_afternoon.wav,2024-01-14 13:45:00,afternoon,0.0,0.0,no-rain,SMM11307,Chavascal,C:\Users\ggrmi\Documents\SI-Tarcisio\Sound-of-Rainfall\RAC-semiurban-forest-ML-2026\data\raw\Chavascal\no_rain\SMM11307_20240114_134500_0-0_no-rain_afternoon.wav,.wav,2024,01,14,13,45,00,
SMM11307_20240118_082500_0-0_no-rain_morning.wav,2024-01-18 08:25:00,morning,0.0,0.0,no-rain,SMM11307,Chavascal,C:\Users\ggrmi\Documents\SI-Tarcisio\Sound-of-Rainfall\RAC-semiurban-forest-ML-2026\data\raw\Chavascal\no_rain\SMM11307_20240118_082500_0-0_no-rain_morning.wav,.wav,2024,01,18,08,25,00,False
SMM11307_20240525_181500_0-0_no-rain_night.wav,2024-05-25 18:15:00,night,0.0,0.0,no-rain,SMM11307,Chavascal,C:\Users\ggrmi\Documents\SI-Tarcisio\Sound-of-Rainfall\RAC-semiurban-forest-ML-2026\data\raw\Chavascal\no_rain\SMM11307_20240525_181500_0-0_no-rain_night.wav,.wav,2024,05,25,18,15,00,
SMM11307_20240524_014000_0-8_moderate_night.wav,2024-05-24 01:40:00,overnight,0.8,9.6,moderate,SMM11307,Chavascal,C:\Users\ggrmi\Documents\SI-Tarcisio\Sound-of-Rainfall\RAC-semiurban-forest-ML-2026\data\raw\Chavascal\moderate\SMM11307_20240524_014000_0-8_moderate_night.wav,.wav,2024,05,24,01,40,00,
SMM11307_20240121_121000_0-0_no-rain_afternoon.wav,2024-01-21 12:10:00,afternoon,0.0,0.0,no-rain,SMM11307,Chavascal,C:\Users\ggrmi\Documents\SI-Tarcisio\Sound-of-Rainfall\RAC-semiurban-forest-ML-2026\data\raw\Chavascal\no_rain\SMM11307_20240121_121000_0-0_no-rain_afternoon.wav,.wav,2024,01,21,12,10,00,
SMM11307_20240520_130000_0-0_no-rain_afternoon.wav,2024-05-20 13:00:00,afternoon,0.0,0.0,no-rain,SMM11307,Chavascal,C:\Users\ggrmi\Documents\SI-Tarcisio\Sound-of-Rainfall\RAC-semiurban-forest-ML-2026\data\raw\Chavascal\no_rain\SMM11307_20240520_130000_0-0_no-rain_afternoon.wav,.wav,2024,05,20,13,00,00,
SMM11307_20240520_232500_0-4_moderate_night.wav,2024-05-20 23:25:00,night,0.4,4.8,moderate,SMM11307,Chavascal,C:\Users\ggrmi\Documents\SI-Tarcisio\Sound-of-Rainfall\RAC-semiurban-forest-ML-2026\data\raw\Chavascal\moderate\SMM11307_20240520_232500_0-4_moderate_night.wav,.wav,2024,05,20,23,25,00,
SMM11307_20240525_165000_0-0_no-rain_afternoon.wav,2024-05-25 16:50:00,afternoon,0.0,0.0,no-rain,SMM11307,Chavascal,C:\Users\ggrmi\Documents\SI-Tarcisio\Sound-of-Rainfall\RAC-semiurban-forest-ML-2026\data\raw\Chavascal\no_rain\SMM11307_20240525_165000_0-0_no-rain_afternoon.wav,.wav,2024,05,25,16,50,00,False
SMM11307_20240521_063000_0-0_no-rain_morning.wav,2024-05-21 06:30:00,morning,0.0,0.0,no-rain,SMM11307,Chavascal,C:\Users\ggrmi\Documents\SI-Tarcisio\Sound-of-Rainfall\RAC-semiurban-forest-ML-2026\data\raw\Chavascal\no_rain\SMM11307_20240521_063000_0-0_no-rain_morning.wav,.wav,2024,05,21,06,30,00,
SMM11307_20240112_134000_1-0_heavy_afternoon.wav,2024-01-12 13:40:00,afternoon,1.0,12.0,heavy,SMM11307,Chavascal,C:\Users\ggrmi\Documents\SI-Tarcisio\Sound-of-Rainfall\RAC-semiurban-forest-ML-2026\data\raw\Chavascal\heavy\SMM11307_20240112_134000_1-0_heavy_afternoon.wav,.wav,2024,01,12,13,40,00,
SMM11307_20240113_060000_0-6_moderate_morning.wav,2024-01-13 06:00:00,morning,0.6,7.2,moderate,SMM11307,Chavascal,C:\Users\ggrmi\Documents\SI-Tarcisio\Sound-of-Rainfall\RAC-semiurban-forest-ML-2026\data\raw\Chavascal\moderate\SMM11307_20240113_060000_0-6_moderate_morning.wav,.wav,2024,01,13,06,00,00,
SMM11307_20240120_054500_0-0_no-rain_night.wav,2024-01-20 05:45:00,overnight,0.0,0.0,no-rain,SMM11307,Chavascal,C:\Users\ggrmi\Documents\SI-Tarcisio\Sound-of-Rainfall\RAC-semiurban-forest-ML-2026\data\raw\Chavascal\no_rain\SMM11307_20240120_054500_0-0_no-rain_night.wav,.wav,2024,01,20,05,45,00,
SMM11307_20240523_033000_0-0_no-rain_night.wav,2024-05-23 03:30:00,overnight,0.0,0.0,no-rain,SMM11307,Chavascal,C:\Users\ggrmi\Documents\SI-Tarcisio\Sound-of-Rainfall\RAC-semiurban-forest-ML-2026\data\raw\Chavascal\no_rain\SMM11307_20240523_033000_0-0_no-rain_night.wav,.wav,2024,05,23,03,30,00,
SMM11307_20240520_212000_0-0_no-rain_night.wav,2024-05-20 21:20:00,night,0.0,0.0,no-rain,SMM11307,Chavascal,C:\Users\ggrmi\Documents\SI-Tarcisio\Sound-of-Rainfall\RAC-semiurban-forest-ML-2026\data\raw\Chavascal\no_rain\SMM11307_20240520_212000_0-0_no-rain_night.wav,.wav,2024,05,20,21,20,00,
SMM11307_20240113_063500_0-6_moderate_morning.wav,2024-01-13 06:35:00,morning,0.6,7.2,moderate,SMM11307,Chavascal,C:\Users\ggrmi\Documents\SI-Tarcisio\Sound-of-Rainfall\RAC-semiurban-forest-ML-2026\data\raw\Chavascal\moderate\SMM11307_20240113_063500_0-6_moderate_morning.wav,.wav,2024,01,13,06,35,00,
SMM11307_20240113_230000_0-0_no-rain_night.wav,2024-01-13 23:00:00,night,0.0,0.0,no-rain,SMM11307,Chavascal,C:\Users\ggrmi\Documents\SI-Tarcisio\Sound-of-Rainfall\RAC-semiurban-forest-ML-2026\data\raw\Chavascal\no_rain\SMM11307_20240113_230000_0-0_no-rain_night.wav,.wav,2024,01,13,23,00,00,
SMM11307_20240525_140000_0-0_no-rain_afternoon.wav,2024-05-25 14:00:00,afternoon,0.0,0.0,no-rain,SMM11307,Chavascal,C:\Users\ggrmi\Documents\SI-Tarcisio\Sound-of-Rainfall\RAC-semiurban-forest-ML-2026\data\raw\Chavascal\no_rain\SMM11307_20240525_140000_0-0_no-rain_afternoon.wav,.wav,2024,05,25,14,00,00,False
SMM11307_20240522_123000_0-0_no-rain_afternoon.wav,2024-05-22 12:30:00,afternoon,0.0,0.0,no-rain,SMM11307,Chavascal,C:\Users\ggrmi\Documents\SI-Tarcisio\Sound-of-Rainfall\RAC-semiurban-forest-ML-2026\data\raw\Chavascal\no_rain\SMM11307_20240522_123000_0-0_no-rain_afternoon.wav,.wav,2024,05,22,12,30,00,
SMM11307_20240113_081000_0-8_moderate_morning.wav,2024-01-13 08:10:00,morning,0.8,9.6,moderate,SMM11307,Chavascal,C:\Users\ggrmi\Documents\SI-Tarcisio\Sound-of-Rainfall\RAC-semiurban-forest-ML-2026\data\raw\Chavascal\moderate\SMM11307_20240113_081000_0-8_moderate_morning.wav,.wav,2024,01,13,08,10,00,
SMM11307_20240122_021000_0-2_light_night.wav,2024-01-22 02:10:00,overnight,0.2,2.4,light,SMM11307,Chavascal,C:\Users\ggrmi\Documents\SI-Tarcisio\Sound-of-Rainfall\RAC-semiurban-forest-ML-2026\data\raw\Chavascal\light\SMM11307_20240122_021000_0-2_light_night.wav,.wav,2024,01,22,02,10,00,
SMM11307_20240525_080000_0-0_no-rain_morning.wav,2024-05-25 08:00:00,morning,0.0,0.0,no-rain,SMM11307,Chavascal,C:\Users\ggrmi\Documents\SI-Tarcisio\Sound-of-Rainfall\RAC-semiurban-forest-ML-2026\data\raw\Chavascal\no_rain\SMM11307_20240525_080000_0-0_no-rain_morning.wav,.wav,2024,05,25,08,00,00,
SMM11307_20240119_134000_3-0_heavy_afternoon.wav,2024-01-19 13:40:00,afternoon,3.0,36.0,heavy,SMM11307,Chavascal,C:\Users\ggrmi\Documents\SI-Tarcisio\Sound-of-Rainfall\RAC-semiurban-forest-ML-2026\data\raw\Chavascal\heavy\SMM11307_20240119_134000_3-0_heavy_afternoon.wav,.wav,2024,01,19,13,40,00,
SMM11307_20240518_214500_0-2_light_night.wav,2024-05-18 21:45:00,night,0.2,2.4,light,SMM11307,Chavascal,C:\Users\ggrmi\Documents\SI-Tarcisio\Sound-of-Rainfall\RAC-semiurban-forest-ML-2026\data\raw\Chavascal\light\SMM11307_20240518_214500_0-2_light_night.wav,.wav,2024,05,18,21,45,00,
SMM11307_20240112_194000_0-0_no-rain_night.wav,2024-01-12 19:40:00,night,0.0,0.0,no-rain,SMM11307,Chavascal,C:\Users\ggrmi\Documents\SI-Tarcisio\Sound-of-Rainfall\RAC-semiurban-forest-ML-2026\data\raw\Chavascal\no_rain\SMM11307_20240112_194000_0-0_no-rain_night.wav,.wav,2024,01,12,19,40,00,
SMM11307_20240113_003000_0-4_moderate_night.wav,2024-01-13 00:30:00,overnight,0.4,4.8,moderate,SMM11307,Chavascal,C:\Users\ggrmi\Documents\SI-Tarcisio\Sound-of-Rainfall\RAC-semiurban-forest-ML-2026\data\raw\Chavascal\moderate\SMM11307_20240113_003000_0-4_moderate_night.wav,.wav,2024,01,13,00,30,00,
SMM11307_20240122_122000_0-0_no-rain_afternoon.wav,2024-01-22 12:20:00,afternoon,0.0,0.0,no-rain,SMM11307,Chavascal,C:\Users\ggrmi\Documents\SI-Tarcisio\Sound-of-Rainfall\RAC-semiurban-forest-ML-2026\data\raw\Chavascal\no_rain\SMM11307_20240122_122000_0-0_no-rain_afternoon.wav,.wav,2024,01,22,12,20,00,
SMM11307_20240526_225500_0-0_no-rain_night.wav,2024-05-26 22:55:00,night,0.0,0.0,no-rain,SMM11307,Chavascal,C:\Users\ggrmi\Documents\SI-Tarcisio\Sound-of-Rainfall\RAC-semiurban-forest-ML-2026\data\raw\Chavascal\no_rain\SMM11307_20240526_225500_0-0_no-rain_night.wav,.wav,2024,05,26,22,55,00,
SMM11307_20240113_092500_0-6_moderate_morning.wav,2024-01-13 09:25:00,morning,0.6,7.2,moderate,SMM11307,Chavascal,C:\Users\ggrmi\Documents\SI-Tarcisio\Sound-of-Rainfall\RAC-semiurban-forest-ML-2026\data\raw\Chavascal\moderate\SMM11307_20240113_092500_0-6_moderate_morning.wav,.wav,2024,01,13,09,25,00,
SMM11307_20240522_195000_0-0_no-rain_night.wav,2024-05-22 19:50:00,night,0.0,0.0,no-rain,SMM11307,Chavascal,C:\Users\ggrmi\Documents\SI-Tarcisio\Sound-of-Rainfall\RAC-semiurban-forest-ML-2026\data\raw\Chavascal\no_rain\SMM11307_20240522_195000_0-0_no-rain_night.wav,.wav,2024,05,22,19,50,00,
SMM11307_20240118_175500_0-0_no-rain_afternoon.wav,2024-01-18 17:55:00,afternoon,0.0,0.0,no-rain,SMM11307,Chavascal,C:\Users\ggrmi\Documents\SI-Tarcisio\Sound-of-Rainfall\RAC-semiurban-forest-ML-2026\data\raw\Chavascal\no_rain\SMM11307_20240118_175500_0-0_no-rain_afternoon.wav,.wav,2024,01,18,17,55,00,
SMM11307_20240520_233500_1-8_heavy_night.wav,2024-05-20 23:35:00,night,1.8,21.6,heavy,SMM11307,Chavascal,C:\Users\ggrmi\Documents\SI-Tarcisio\Sound-of-Rainfall\RAC-semiurban-forest-ML-2026\data\raw\Chavascal\heavy\SMM11307_20240520_233500_1-8_heavy_night.wav,.wav,2024,05,20,23,35,00,
SMM11307_20240119_180000_0-0_no-rain_night.wav,2024-01-19 18:00:00,night,0.0,0.0,no-rain,SMM11307,Chavascal,C:\Users\ggrmi\Documents\SI-Tarcisio\Sound-of-Rainfall\RAC-semiurban-forest-ML-2026\data\raw\Chavascal\no_rain\SMM11307_20240119_180000_0-0_no-rain_night.wav,.wav,2024,01,19,18,00,00,
SMM11307_20240113_195000_0-2_light_night.wav,2024-01-13 19:50:00,night,0.2,2.4,light,SMM11307,Chavascal,C:\Users\ggrmi\Documents\SI-Tarcisio\Sound-of-Rainfall\RAC-semiurban-forest-ML-2026\data\raw\Chavascal\light\SMM11307_20240113_195000_0-2_light_night.wav,.wav,2024,01,13,19,50,00,
SMM11307_20240113_104500_0-0_no-rain_morning.wav,2024-01-13 10:45:00,morning,0.0,0.0,no-rain,SMM11307,Chavascal,C:\Users\ggrmi\Documents\SI-Tarcisio\Sound-of-Rainfall\RAC-semiurban-forest-ML-2026\data\raw\Chavascal\no_rain\SMM11307_20240113_104500_0-0_no-rain_morning.wav,.wav,2024,01,13,10,45,00,False
SMM11307_20240519_165000_0-2_light_afternoon.wav,2024-05-19 16:50:00,afternoon,0.2,2.4,light,SMM11307,Chavascal,C:\Users\ggrmi\Documents\SI-Tarcisio\Sound-of-Rainfall\RAC-semiurban-forest-ML-2026\data\raw\Chavascal\light\SMM11307_20240519_165000_0-2_light_afternoon.wav,.wav,2024,05,19,16,50,00,
SMM11307_20240119_163000_0-0_no-rain_afternoon.wav,2024-01-19 16:30:00,afternoon,0.0,0.0,no-rain,SMM11307,Chavascal,C:\Users\ggrmi\Documents\SI-Tarcisio\Sound-of-Rainfall\RAC-semiurban-forest-ML-2026\data\raw\Chavascal\no_rain\SMM11307_20240119_163000_0-0_no-rain_afternoon.wav,.wav,2024,01,19,16,30,00,
SMM11307_20240118_235500_0-2_light_night.wav,2024-01-18 23:55:00,night,0.2,2.4,light,SMM11307,Chavascal,C:\Users\ggrmi\Documents\SI-Tarcisio\Sound-of-Rainfall\RAC-semiurban-forest-ML-2026\data\raw\Chavascal\light\SMM11307_20240118_235500_0-2_light_night.wav,.wav,2024,01,18,23,55,00,
SMM11307_20240522_095000_0-4_moderate_morning.wav,2024-05-22 09:50:00,morning,0.4,4.8,moderate,SMM11307,Chavascal,C:\Users\ggrmi\Documents\SI-Tarcisio\Sound-of-Rainfall\RAC-semiurban-forest-ML-2026\data\raw\Chavascal\moderate\SMM11307_20240522_095000_0-4_moderate_morning.wav,.wav,2024,05,22,09,50,00,True
SMM11307_20240113_070000_2-2_heavy_morning.wav,2024-01-13 07:00:00,morning,2.2,26.4,heavy,SMM11307,Chavascal,C:\Users\ggrmi\Documents\SI-Tarcisio\Sound-of-Rainfall\RAC-semiurban-forest-ML-2026\data\raw\Chavascal\heavy\SMM11307_20240113_070000_2-2_heavy_morning.wav,.wav,2024,01,13,07,00,00,
SMM11307_20240122_024000_2-8_heavy_night.wav,2024-01-22 02:40:00,overnight,2.8,33.6,heavy,SMM11307,Chavascal,C:\Users\ggrmi\Documents\SI-Tarcisio\Sound-of-Rainfall\RAC-semiurban-forest-ML-2026\data\raw\Chavascal\heavy\SMM11307_20240122_024000_2-8_heavy_night.wav,.wav,2024,01,22,02,40,00,
SMM11307_20240118_235000_1-4_heavy_night.wav,2024-01-18 23:50:00,night,1.4,16.8,heavy,SMM11307,Chavascal,C:\Users\ggrmi\Documents\SI-Tarcisio\Sound-of-Rainfall\RAC-semiurban-forest-ML-2026\data\raw\Chavascal\heavy\SMM11307_20240118_235000_1-4_heavy_night.wav,.wav,2024,01,18,23,50,00,
SMM11307_20240525_145000_0-6_moderate_afternoon.wav,2024-05-25 14:50:00,afternoon,0.6,7.2,moderate,SMM11307,Chavascal,C:\Users\ggrmi\Documents\SI-Tarcisio\Sound-of-Rainfall\RAC-semiurban-forest-ML-2026\data\raw\Chavascal\moderate\SMM11307_20240525_145000_0-6_moderate_afternoon.wav,.wav,2024,05,25,14,50,00,
SMM11307_20240119_134500_0-8_moderate_afternoon.wav,2024-01-19 13:45:00,afternoon,0.8,9.6,moderate,SMM11307,Chavascal,C:\Users\ggrmi\Documents\SI-Tarcisio\Sound-of-Rainfall\RAC-semiurban-forest-ML-2026\data\raw\Chavascal\moderate\SMM11307_20240119_134500_0-8_moderate_afternoon.wav,.wav,2024,01,19,13,45,00,
SMM11307_20240523_143500_0-0_no-rain_afternoon.wav,2024-05-23 14:35:00,afternoon,0.0,0.0,no-rain,SMM11307,Chavascal,C:\Users\ggrmi\Documents\SI-Tarcisio\Sound-of-Rainfall\RAC-semiurban-forest-ML-2026\data\raw\Chavascal\no_rain\SMM11307_20240523_143500_0-0_no-rain_afternoon.wav,.wav,2024,05,23,14,35,00,
SMM11307_20240519_184500_0-4_moderate_night.wav,2024-05-19 18:45:00,night,0.4,4.8,moderate,SMM11307,Chavascal,C:\Users\ggrmi\Documents\SI-Tarcisio\Sound-of-Rainfall\RAC-semiurban-forest-ML-2026\data\raw\Chavascal\moderate\SMM11307_20240519_184500_0-4_moderate_night.wav,.wav,2024,05,19,18,45,00,
SMM11307_20240116_235000_0-0_no-rain_night.wav,2024-01-16 23:50:00,night,0.0,0.0,no-rain,SMM11307,Chavascal,C:\Users\ggrmi\Documents\SI-Tarcisio\Sound-of-Rainfall\RAC-semiurban-forest-ML-2026\data\raw\Chavascal\no_rain\SMM11307_20240116_235000_0-0_no-rain_night.wav,.wav,2024,01,16,23,50,00,
SMM11307_20240518_073000_0-0_no-rain_morning.wav,2024-05-18 07:30:00,morning,0.0,0.0,no-rain,SMM11307,Chavascal,C:\Users\ggrmi\Documents\SI-Tarcisio\Sound-of-Rainfall\RAC-semiurban-forest-ML-2026\data\raw\Chavascal\no_rain\SMM11307_20240518_073000_0-0_no-rain_morning.wav,.wav,2024,05,18,07,30,00,
SMM11307_20240113_084000_0-4_moderate_morning.wav,2024-01-13 08:40:00,morning,0.4,4.8,moderate,SMM11307,Chavascal,C:\Users\ggrmi\Documents\SI-Tarcisio\Sound-of-Rainfall\RAC-semiurban-forest-ML-2026\data\raw\Chavascal\moderate\SMM11307_20240113_084000_0-4_moderate_morning.wav,.wav,2024,01,13,08,40,00,
SMM11307_20240523_131500_0-0_no-rain_afternoon.wav,2024-05-23 13:15:00,afternoon,0.0,0.0,no-rain,SMM11307,Chavascal,C:\Users\ggrmi\Documents\SI-Tarcisio\Sound-of-Rainfall\RAC-semiurban-forest-ML-2026\data\raw\Chavascal\no_rain\SMM11307_20240523_131500_0-0_no-rain_afternoon.wav,.wav,2024,05,23,13,15,00,
SMM11307_20240113_003500_0-2_light_night.wav,2024-01-13 00:35:00,overnight,0.2,2.4,light,SMM11307,Chavascal,C:\Users\ggrmi\Documents\SI-Tarcisio\Sound-of-Rainfall\RAC-semiurban-forest-ML-2026\data\raw\Chavascal\light\SMM11307_20240113_003500_0-2_light_night.wav,.wav,2024,01,13,00,35,00,
SMM11307_20240521_091000_0-0_no-rain_morning.wav,2024-05-21 09:10:00,morning,0.0,0.0,no-rain,SMM11307,Chavascal,C:\Users\ggrmi\Documents\SI-Tarcisio\Sound-of-Rainfall\RAC-semiurban-forest-ML-2026\data\raw\Chavascal\no_rain\SMM11307_20240521_091000_0-0_no-rain_morning.wav,.wav,2024,05,21,09,10,00,
SMM11307_20240115_023500_0-0_no-rain_night.wav,2024-01-15 02:35:00,overnight,0.0,0.0,no-rain,SMM11307,Chavascal,C:\Users\ggrmi\Documents\SI-Tarcisio\Sound-of-Rainfall\RAC-semiurban-forest-ML-2026\data\raw\Chavascal\no_rain\SMM11307_20240115_023500_0-0_no-rain_night.wav,.wav,2024,01,15,02,35,00,
SMM11307_20240524_063000_0-2_light_morning.wav,2024-05-24 06:30:00,morning,0.2,2.4,light,SMM11307,Chavascal,C:\Users\ggrmi\Documents\SI-Tarcisio\Sound-of-Rainfall\RAC-semiurban-forest-ML-2026\data\raw\Chavascal\light\SMM11307_20240524_063000_0-2_light_morning.wav,.wav,2024,05,24,06,30,00,
SMM11307_20240119_221000_0-0_no-rain_night.wav,2024-01-19 22:10:00,night,0.0,0.0,no-rain,SMM11307,Chavascal,C:\Users\ggrmi\Documents\SI-Tarcisio\Sound-of-Rainfall\RAC-semiurban-forest-ML-2026\data\raw\Chavascal\no_rain\SMM11307_20240119_221000_0-0_no-rain_night.wav,.wav,2024,01,19,22,10,00,
SMM11307_20240122_023500_5-2_violent_night.wav,2024-01-22 02:35:00,overnight,5.2,62.4,violent,SMM11307,Chavascal,C:\Users\ggrmi\Documents\SI-Tarcisio\Sound-of-Rainfall\RAC-semiurban-forest-ML-2026\data\raw\Chavascal\violent\SMM11307_20240122_023500_5-2_violent_night.wav,.wav,2024,01,22,02,35,00,
SMM11307_20240523_080000_0-2_no-rain_morning.wav,2024-05-23 08:00:00,morning,0.2,2.4,no-rain,SMM11307,Chavascal,C:\Users\ggrmi\Documents\SI-Tarcisio\Sound-of-Rainfall\RAC-semiurban-forest-ML-2026\data\raw\Chavascal\no_rain\SMM11307_20240523_080000_0-2_no-rain_morning.wav,.wav,2024,05,23,08,00,00,True
SMM11307_20240113_075000_0-8_moderate_morning.wav,2024-01-13 07:50:00,morning,0.8,9.6,moderate,SMM11307,Chavascal,C:\Users\ggrmi\Documents\SI-Tarcisio\Sound-of-Rainfall\RAC-semiurban-forest-ML-2026\data\raw\Chavascal\moderate\SMM11307_20240113_075000_0-8_moderate_morning.wav,.wav,2024,01,13,07,50,00,
SMM11307_20240518_164000_2-4_heavy_afternoon.wav,2024-05-18 16:40:00,afternoon,2.4,28.8,heavy,SMM11307,Chavascal,C:\Users\ggrmi\Documents\SI-Tarcisio\Sound-of-Rainfall\RAC-semiurban-forest-ML-2026\data\raw\Chavascal\heavy\SMM11307_20240518_164000_2-4_heavy_afternoon.wav,.wav,2024,05,18,16,40,00,
SMM11307_20240519_185500_0-2_light_night.wav,2024-05-19 18:55:00,night,0.2,2.4,light,SMM11307,Chavascal,C:\Users\ggrmi\Documents\SI-Tarcisio\Sound-of-Rainfall\RAC-semiurban-forest-ML-2026\data\raw\Chavascal\light\SMM11307_20240519_185500_0-2_light_night.wav,.wav,2024,05,19,18,55,00,
SMM11307_20240519_134500_0-0_no-rain_afternoon.wav,2024-05-19 13:45:00,afternoon,0.0,0.0,no-rain,SMM11307,Chavascal,C:\Users\ggrmi\Documents\SI-Tarcisio\Sound-of-Rainfall\RAC-semiurban-forest-ML-2026\data\raw\Chavascal\no_rain\SMM11307_20240519_134500_0-0_no-rain_afternoon.wav,.wav,2024,05,19,13,45,00,
SMM11307_20240119_000000_0-0_no-rain_night.wav,2024-01-19 00:00:00,overnight,0.0,0.0,no-rain,SMM11307,Chavascal,C:\Users\ggrmi\Documents\SI-Tarcisio\Sound-of-Rainfall\RAC-semiurban-forest-ML-2026\data\raw\Chavascal\no_rain\SMM11307_20240119_000000_0-0_no-rain_night.wav,.wav,2024,01,19,00,00,00,
SMM11307_20240116_144500_0-4_moderate_afternoon.wav,2024-01-16 14:45:00,afternoon,0.4,4.8,moderate,SMM11307,Chavascal,C:\Users\ggrmi\Documents\SI-Tarcisio\Sound-of-Rainfall\RAC-semiurban-forest-ML-2026\data\raw\Chavascal\moderate\SMM11307_20240116_144500_0-4_moderate_afternoon.wav,.wav,2024,01,16,14,45,00,
SMM11307_20240117_144000_1-4_heavy_afternoon.wav,2024-01-17 14:40:00,afternoon,1.4,16.8,heavy,SMM11307,Chavascal,C:\Users\ggrmi\Documents\SI-Tarcisio\Sound-of-Rainfall\RAC-semiurban-forest-ML-2026\data\raw\Chavascal\heavy\SMM11307_20240117_144000_1-4_heavy_afternoon.wav,.wav,2024,01,17,14,40,00,
SMM11307_20240525_062500_0-0_no-rain_morning.wav,2024-05-25 06:25:00,morning,0.0,0.0,no-rain,SMM11307,Chavascal,C:\Users\ggrmi\Documents\SI-Tarcisio\Sound-of-Rainfall\RAC-semiurban-forest-ML-2026\data\raw\Chavascal\no_rain\SMM11307_20240525_062500_0-0_no-rain_morning.wav,.wav,2024,05,25,06,25,00,
SMM11307_20240117_162000_0-6_moderate_afternoon.wav,2024-01-17 16:20:00,afternoon,0.6,7.2,moderate,SMM11307,Chavascal,C:\Users\ggrmi\Documents\SI-Tarcisio\Sound-of-Rainfall\RAC-semiurban-forest-ML-2026\data\raw\Chavascal\moderate\SMM11307_20240117_162000_0-6_moderate_afternoon.wav,.wav,2024,01,17,16,20,00,
SMM11307_20240121_154500_0-0_no-rain_afternoon.wav,2024-01-21 15:45:00,afternoon,0.0,0.0,no-rain,SMM11307,Chavascal,C:\Users\ggrmi\Documents\SI-Tarcisio\Sound-of-Rainfall\RAC-semiurban-forest-ML-2026\data\raw\Chavascal\no_rain\SMM11307_20240121_154500_0-0_no-rain_afternoon.wav,.wav,2024,01,21,15,45,00,
SMM11307_20240522_145500_0-0_no-rain_afternoon.wav,2024-05-22 14:55:00,afternoon,0.0,0.0,no-rain,SMM11307,Chavascal,C:\Users\ggrmi\Documents\SI-Tarcisio\Sound-of-Rainfall\RAC-semiurban-forest-ML-2026\data\raw\Chavascal\no_rain\SMM11307_20240522_145500_0-0_no-rain_afternoon.wav,.wav,2024,05,22,14,55,00,
SMM11307_20240113_002500_2-8_heavy_night.wav,2024-01-13 00:25:00,overnight,2.8,33.6,heavy,SMM11307,Chavascal,C:\Users\ggrmi\Documents\SI-Tarcisio\Sound-of-Rainfall\RAC-semiurban-forest-ML-2026\data\raw\Chavascal\heavy\SMM11307_20240113_002500_2-8_heavy_night.wav,.wav,2024,01,13,00,25,00,
SMM11307_20240525_061000_0-0_no-rain_morning.wav,2024-05-25 06:10:00,morning,0.0,0.0,no-rain,SMM11307,Chavascal,C:\Users\ggrmi\Documents\SI-Tarcisio\Sound-of-Rainfall\RAC-semiurban-forest-ML-2026\data\raw\Chavascal\no_rain\SMM11307_20240525_061000_0-0_no-rain_morning.wav,.wav,2024,05,25,06,10,00,
SMM11307_20240120_064500_0-0_no-rain_morning.wav,2024-01-20 06:45:00,morning,0.0,0.0,no-rain,SMM11307,Chavascal,C:\Users\ggrmi\Documents\SI-Tarcisio\Sound-of-Rainfall\RAC-semiurban-forest-ML-2026\data\raw\Chavascal\no_rain\SMM11307_20240120_064500_0-0_no-rain_morning.wav,.wav,2024,01,20,06,45,00,
SMM11307_20240525_145500_0-2_light_afternoon.wav,2024-05-25 14:55:00,afternoon,0.2,2.4,light,SMM11307,Chavascal,C:\Users\ggrmi\Documents\SI-Tarcisio\Sound-of-Rainfall\RAC-semiurban-forest-ML-2026\data\raw\Chavascal\light\SMM11307_20240525_145500_0-2_light_afternoon.wav,.wav,2024,05,25,14,55,00,
SMM11307_20240114_121000_0-0_no-rain_afternoon.wav,2024-01-14 12:10:00,afternoon,0.0,0.0,no-rain,SMM11307,Chavascal,C:\Users\ggrmi\Documents\SI-Tarcisio\Sound-of-Rainfall\RAC-semiurban-forest-ML-2026\data\raw\Chavascal\no_rain\SMM11307_20240114_121000_0-0_no-rain_afternoon.wav,.wav,2024,01,14,12,10,00,
SMM11307_20240518_174000_0-0_no-rain_afternoon.wav,2024-05-18 17:40:00,afternoon,0.0,0.0,no-rain,SMM11307,Chavascal,C:\Users\ggrmi\Documents\SI-Tarcisio\Sound-of-Rainfall\RAC-semiurban-forest-ML-2026\data\raw\Chavascal\no_rain\SMM11307_20240518_174000_0-0_no-rain_afternoon.wav,.wav,2024,05,18,17,40,00,False
SMM11307_20240113_213500_0-0_no-rain_night.wav,2024-01-13 21:35:00,night,0.0,0.0,no-rain,SMM11307,Chavascal,C:\Users\ggrmi\Documents\SI-Tarcisio\Sound-of-Rainfall\RAC-semiurban-forest-ML-2026\data\raw\Chavascal\no_rain\SMM11307_20240113_213500_0-0_no-rain_night.wav,.wav,2024,01,13,21,35,00,
SMM11307_20240526_054500_0-4_moderate_night.wav,2024-05-26 05:45:00,overnight,0.4,4.8,moderate,SMM11307,Chavascal,C:\Users\ggrmi\Documents\SI-Tarcisio\Sound-of-Rainfall\RAC-semiurban-forest-ML-2026\data\raw\Chavascal\moderate\SMM11307_20240526_054500_0-4_moderate_night.wav,.wav,2024,05,26,05,45,00,True
SMM11307_20240524_154500_0-2_light_afternoon.wav,2024-05-24 15:45:00,afternoon,0.2,2.4,light,SMM11307,Chavascal,C:\Users\ggrmi\Documents\SI-Tarcisio\Sound-of-Rainfall\RAC-semiurban-forest-ML-2026\data\raw\Chavascal\light\SMM11307_20240524_154500_0-2_light_afternoon.wav,.wav,2024,05,24,15,45,00,
SMM11307_20240525_092000_0-0_no-rain_morning.wav,2024-05-25 09:20:00,morning,0.0,0.0,no-rain,SMM11307,Chavascal,C:\Users\ggrmi\Documents\SI-Tarcisio\Sound-of-Rainfall\RAC-semiurban-forest-ML-2026\data\raw\Chavascal\no_rain\SMM11307_20240525_092000_0-0_no-rain_morning.wav,.wav,2024,05,25,09,20,00,
SMM11307_20240113_085000_0-2_light_morning.wav,2024-01-13 08:50:00,morning,0.2,2.4,light,SMM11307,Chavascal,C:\Users\ggrmi\Documents\SI-Tarcisio\Sound-of-Rainfall\RAC-semiurban-forest-ML-2026\data\raw\Chavascal\light\SMM11307_20240113_085000_0-2_light_morning.wav,.wav,2024,01,13,08,50,00,
SMM11307_20240524_013500_1-0_heavy_night.wav,2024-05-24 01:35:00,overnight,1.0,12.0,heavy,SMM11307,Chavascal,C:\Users\ggrmi\Documents\SI-Tarcisio\Sound-of-Rainfall\RAC-semiurban-forest-ML-2026\data\raw\Chavascal\heavy\SMM11307_20240524_013500_1-0_heavy_night.wav,.wav,2024,05,24,01,35,00,
SMM11307_20240122_015500_1-2_heavy_night.wav,2024-01-22 01:55:00,overnight,1.2,14.4,heavy,SMM11307,Chavascal,C:\Users\ggrmi\Documents\SI-Tarcisio\Sound-of-Rainfall\RAC-semiurban-forest-ML-2026\data\raw\Chavascal\heavy\SMM11307_20240122_015500_1-2_heavy_night.wav,.wav,2024,01,22,01,55,00,
SMM11307_20240119_113000_0-0_no-rain_morning.wav,2024-01-19 11:30:00,morning,0.0,0.0,no-rain,SMM11307,Chavascal,C:\Users\ggrmi\Documents\SI-Tarcisio\Sound-of-Rainfall\RAC-semiurban-forest-ML-2026\data\raw\Chavascal\no_rain\SMM11307_20240119_113000_0-0_no-rain_morning.wav,.wav,2024,01,19,11,30,00,
SMM11307_20240121_204000_0-0_no-rain_night.wav,2024-01-21 20:40:00,night,0.0,0.0,no-rain,SMM11307,Chavascal,C:\Users\ggrmi\Documents\SI-Tarcisio\Sound-of-Rainfall\RAC-semiurban-forest-ML-2026\data\raw\Chavascal\no_rain\SMM11307_20240121_204000_0-0_no-rain_night.wav,.wav,2024,01,21,20,40,00,
SMM11307_20240521_194500_0-0_no-rain_night.wav,2024-05-21 19:45:00,night,0.0,0.0,no-rain,SMM11307,Chavascal,C:\Users\ggrmi\Documents\SI-Tarcisio\Sound-of-Rainfall\RAC-semiurban-forest-ML-2026\data\raw\Chavascal\no_rain\SMM11307_20240521_194500_0-0_no-rain_night.wav,.wav,2024,05,21,19,45,00,
SMM11307_20240117_162500_1-6_heavy_afternoon.wav,2024-01-17 16:25:00,afternoon,1.6,19.2,heavy,SMM11307,Chavascal,C:\Users\ggrmi\Documents\SI-Tarcisio\Sound-of-Rainfall\RAC-semiurban-forest-ML-2026\data\raw\Chavascal\heavy\SMM11307_20240117_162500_1-6_heavy_afternoon.wav,.wav,2024,01,17,16,25,00,
SMM11307_20240115_113500_0-0_no-rain_morning.wav,2024-01-15 11:35:00,morning,0.0,0.0,no-rain,SMM11307,Chavascal,C:\Users\ggrmi\Documents\SI-Tarcisio\Sound-of-Rainfall\RAC-semiurban-forest-ML-2026\data\raw\Chavascal\no_rain\SMM11307_20240115_113500_0-0_no-rain_morning.wav,.wav,2024,01,15,11,35,00,
SMM11307_20240524_112500_0-0_no-rain_morning.wav,2024-05-24 11:25:00,morning,0.0,0.0,no-rain,SMM11307,Chavascal,C:\Users\ggrmi\Documents\SI-Tarcisio\Sound-of-Rainfall\RAC-semiurban-forest-ML-2026\data\raw\Chavascal\no_rain\SMM11307_20240524_112500_0-0_no-rain_morning.wav,.wav,2024,05,24,11,25,00,
SMM11307_20240117_105000_0-0_no-rain_morning.wav,2024-01-17 10:50:00,morning,0.0,0.0,no-rain,SMM11307,Chavascal,C:\Users\ggrmi\Documents\SI-Tarcisio\Sound-of-Rainfall\RAC-semiurban-forest-ML-2026\data\raw\Chavascal\no_rain\SMM11307_20240117_105000_0-0_no-rain_morning.wav,.wav,2024,01,17,10,50,00,
SMM11307_20240524_012000_0-6_moderate_night.wav,2024-05-24 01:20:00,overnight,0.6,7.2,moderate,SMM11307,Chavascal,C:\Users\ggrmi\Documents\SI-Tarcisio\Sound-of-Rainfall\RAC-semiurban-forest-ML-2026\data\raw\Chavascal\moderate\SMM11307_20240524_012000_0-6_moderate_night.wav,.wav,2024,05,24,01,20,00,
SMM11307_20240522_160500_0-0_no-rain_afternoon.wav,2024-05-22 16:05:00,afternoon,0.0,0.0,no-rain,SMM11307,Chavascal,C:\Users\ggrmi\Documents\SI-Tarcisio\Sound-of-Rainfall\RAC-semiurban-forest-ML-2026\data\raw\Chavascal\no_rain\SMM11307_20240522_160500_0-0_no-rain_afternoon.wav,.wav,2024,05,22,16,05,00,
SMM11307_20240117_113500_0-6_moderate_morning.wav,2024-01-17 11:35:00,morning,0.6,7.2,moderate,SMM11307,Chavascal,C:\Users\ggrmi\Documents\SI-Tarcisio\Sound-of-Rainfall\RAC-semiurban-forest-ML-2026\data\raw\Chavascal\moderate\SMM11307_20240117_113500_0-6_moderate_morning.wav,.wav,2024,01,17,11,35,00,
SMM11307_20240113_085500_0-2_light_morning.wav,2024-01-13 08:55:00,morning,0.2,2.4,light,SMM11307,Chavascal,C:\Users\ggrmi\Documents\SI-Tarcisio\Sound-of-Rainfall\RAC-semiurban-forest-ML-2026\data\raw\Chavascal\light\SMM11307_20240113_085500_0-2_light_morning.wav,.wav,2024,01,13,08,55,00,
SMM11307_20240115_193000_0-6_moderate_night.wav,2024-01-15 19:30:00,night,0.6,7.2,moderate,SMM11307,Chavascal,C:\Users\ggrmi\Documents\SI-Tarcisio\Sound-of-Rainfall\RAC-semiurban-forest-ML-2026\data\raw\Chavascal\moderate\SMM11307_20240115_193000_0-6_moderate_night.wav,.wav,2024,01,15,19,30,00,True
SMM11307_20240113_081500_0-6_moderate_morning.wav,2024-01-13 08:15:00,morning,0.6,7.2,moderate,SMM11307,Chavascal,C:\Users\ggrmi\Documents\SI-Tarcisio\Sound-of-Rainfall\RAC-semiurban-forest-ML-2026\data\raw\Chavascal\moderate\SMM11307_20240113_081500_0-6_moderate_morning.wav,.wav,2024,01,13,08,15,00,
SMM11307_20240113_052000_1-6_heavy_night.wav,2024-01-13 05:20:00,overnight,1.6,19.2,heavy,SMM11307,Chavascal,C:\Users\ggrmi\Documents\SI-Tarcisio\Sound-of-Rainfall\RAC-semiurban-forest-ML-2026\data\raw\Chavascal\heavy\SMM11307_20240113_052000_1-6_heavy_night.wav,.wav,2024,01,13,05,20,00,
SMM11307_20240113_194500_0-2_light_night.wav,2024-01-13 19:45:00,night,0.2,2.4,light,SMM11307,Chavascal,C:\Users\ggrmi\Documents\SI-Tarcisio\Sound-of-Rainfall\RAC-semiurban-forest-ML-2026\data\raw\Chavascal\light\SMM11307_20240113_194500_0-2_light_night.wav,.wav,2024,01,13,19,45,00,
SMM11307_20240113_071000_3-8_heavy_morning.wav,2024-01-13 07:10:00,morning,3.8,45.6,heavy,SMM11307,Chavascal,C:\Users\ggrmi\Documents\SI-Tarcisio\Sound-of-Rainfall\RAC-semiurban-forest-ML-2026\data\raw\Chavascal\heavy\SMM11307_20240113_071000_3-8_heavy_morning.wav,.wav,2024,01,13,07,10,00,
SMM11307_20240520_234000_0-4_moderate_night.wav,2024-05-20 23:40:00,night,0.4,4.8,moderate,SMM11307,Chavascal,C:\Users\ggrmi\Documents\SI-Tarcisio\Sound-of-Rainfall\RAC-semiurban-forest-ML-2026\data\raw\Chavascal\moderate\SMM11307_20240520_234000_0-4_moderate_night.wav,.wav,2024,05,20,23,40,00,
SMM11307_20240518_163000_1-0_heavy_afternoon.wav,2024-05-18 16:30:00,afternoon,1.0,12.0,heavy,SMM11307,Chavascal,C:\Users\ggrmi\Documents\SI-Tarcisio\Sound-of-Rainfall\RAC-semiurban-forest-ML-2026\data\raw\Chavascal\heavy\SMM11307_20240518_163000_1-0_heavy_afternoon.wav,.wav,2024,05,18,16,30,00,
SMM11307_20240522_131000_0-0_no-rain_afternoon.wav,2024-05-22 13:10:00,afternoon,0.0,0.0,no-rain,SMM11307,Chavascal,C:\Users\ggrmi\Documents\SI-Tarcisio\Sound-of-Rainfall\RAC-semiurban-forest-ML-2026\data\raw\Chavascal\no_rain\SMM11307_20240522_131000_0-0_no-rain_afternoon.wav,.wav,2024,05,22,13,10,00,
SMM11307_20240518_062000_0-0_no-rain_morning.wav,2024-05-18 06:20:00,morning,0.0,0.0,no-rain,SMM11307,Chavascal,C:\Users\ggrmi\Documents\SI-Tarcisio\Sound-of-Rainfall\RAC-semiurban-forest-ML-2026\data\raw\Chavascal\no_rain\SMM11307_20240518_062000_0-0_no-rain_morning.wav,.wav,2024,05,18,06,20,00,
SMM11307_20240115_170500_0-0_no-rain_afternoon.wav,2024-01-15 17:05:00,afternoon,0.0,0.0,no-rain,SMM11307,Chavascal,C:\Users\ggrmi\Documents\SI-Tarcisio\Sound-of-Rainfall\RAC-semiurban-forest-ML-2026\data\raw\Chavascal\no_rain\SMM11307_20240115_170500_0-0_no-rain_afternoon.wav,.wav,2024,01,15,17,05,00,
SMM11307_20240115_023000_0-0_no-rain_night.wav,2024-01-15 02:30:00,overnight,0.0,0.0,no-rain,SMM11307,Chavascal,C:\Users\ggrmi\Documents\SI-Tarcisio\Sound-of-Rainfall\RAC-semiurban-forest-ML-2026\data\raw\Chavascal\no_rain\SMM11307_20240115_023000_0-0_no-rain_night.wav,.wav,2024,01,15,02,30,00,
SMM11307_20240118_024500_0-0_no-rain_night.wav,2024-01-18 02:45:00,overnight,0.0,0.0,no-rain,SMM11307,Chavascal,C:\Users\ggrmi\Documents\SI-Tarcisio\Sound-of-Rainfall\RAC-semiurban-forest-ML-2026\data\raw\Chavascal\no_rain\SMM11307_20240118_024500_0-0_no-rain_night.wav,.wav,2024,01,18,02,45,00,
SMM11307_20240521_012000_0-0_no-rain_night.wav,2024-05-21 01:20:00,overnight,0.0,0.0,no-rain,SMM11307,Chavascal,C:\Users\ggrmi\Documents\SI-Tarcisio\Sound-of-Rainfall\RAC-semiurban-forest-ML-2026\data\raw\Chavascal\no_rain\SMM11307_20240521_012000_0-0_no-rain_night.wav,.wav,2024,05,21,01,20,00,False
SMM11307_20240118_143500_0-0_no-rain_afternoon.wav,2024-01-18 14:35:00,afternoon,0.0,0.0,no-rain,SMM11307,Chavascal,C:\Users\ggrmi\Documents\SI-Tarcisio\Sound-of-Rainfall\RAC-semiurban-forest-ML-2026\data\raw\Chavascal\no_rain\SMM11307_20240118_143500_0-0_no-rain_afternoon.wav,.wav,2024,01,18,14,35,00,
SMM11307_20240518_060500_0-0_no-rain_morning.wav,2024-05-18 06:05:00,morning,0.0,0.0,no-rain,SMM11307,Chavascal,C:\Users\ggrmi\Documents\SI-Tarcisio\Sound-of-Rainfall\RAC-semiurban-forest-ML-2026\data\raw\Chavascal\no_rain\SMM11307_20240518_060500_0-0_no-rain_morning.wav,.wav,2024,05,18,06,05,00,
SMM11307_20240517_200000_0-0_no-rain_night.wav,2024-05-17 20:00:00,night,0.0,0.0,no-rain,SMM11307,Chavascal,C:\Users\ggrmi\Documents\SI-Tarcisio\Sound-of-Rainfall\RAC-semiurban-forest-ML-2026\data\raw\Chavascal\no_rain\SMM11307_20240517_200000_0-0_no-rain_night.wav,.wav,2024,05,17,20,00,00,
SMM11307_20240122_172500_0-0_no-rain_afternoon.wav,2024-01-22 17:25:00,afternoon,0.0,0.0,no-rain,SMM11307,Chavascal,C:\Users\ggrmi\Documents\SI-Tarcisio\Sound-of-Rainfall\RAC-semiurban-forest-ML-2026\data\raw\Chavascal\no_rain\SMM11307_20240122_172500_0-0_no-rain_afternoon.wav,.wav,2024,01,22,17,25,00,
SMM11307_20240523_081000_0-0_no-rain_morning.wav,2024-05-23 08:10:00,morning,0.0,0.0,no-rain,SMM11307,Chavascal,C:\Users\ggrmi\Documents\SI-Tarcisio\Sound-of-Rainfall\RAC-semiurban-forest-ML-2026\data\raw\Chavascal\no_rain\SMM11307_20240523_081000_0-0_no-rain_morning.wav,.wav,2024,05,23,08,10,00,False
SMM11307_20240114_145500_0-0_no-rain_afternoon.wav,2024-01-14 14:55:00,afternoon,0.0,0.0,no-rain,SMM11307,Chavascal,C:\Users\ggrmi\Documents\SI-Tarcisio\Sound-of-Rainfall\RAC-semiurban-forest-ML-2026\data\raw\Chavascal\no_rain\SMM11307_20240114_145500_0-0_no-rain_afternoon.wav,.wav,2024,01,14,14,55,00,
SMM11307_20240114_095500_0-0_no-rain_morning.wav,2024-01-14 09:55:00,morning,0.0,0.0,no-rain,SMM11307,Chavascal,C:\Users\ggrmi\Documents\SI-Tarcisio\Sound-of-Rainfall\RAC-semiurban-forest-ML-2026\data\raw\Chavascal\no_rain\SMM11307_20240114_095500_0-0_no-rain_morning.wav,.wav,2024,01,14,09,55,00,
SMM11307_20240122_222500_0-0_no-rain_night.wav,2024-01-22 22:25:00,night,0.0,0.0,no-rain,SMM11307,Chavascal,C:\Users\ggrmi\Documents\SI-Tarcisio\Sound-of-Rainfall\RAC-semiurban-forest-ML-2026\data\raw\Chavascal\no_rain\SMM11307_20240122_222500_0-0_no-rain_night.wav,.wav,2024,01,22,22,25,00,
SMM11307_20240522_182000_0-0_no-rain_night.wav,2024-05-22 18:20:00,night,0.0,0.0,no-rain,SMM11307,Chavascal,C:\Users\ggrmi\Documents\SI-Tarcisio\Sound-of-Rainfall\RAC-semiurban-forest-ML-2026\data\raw\Chavascal\no_rain\SMM11307_20240522_182000_0-0_no-rain_night.wav,.wav,2024,05,22,18,20,00,
SMM11307_20240523_070500_0-4_moderate_morning.wav,2024-05-23 07:05:00,morning,0.4,4.8,moderate,SMM11307,Chavascal,C:\Users\ggrmi\Documents\SI-Tarcisio\Sound-of-Rainfall\RAC-semiurban-forest-ML-2026\data\raw\Chavascal\moderate\SMM11307_20240523_070500_0-4_moderate_morning.wav,.wav,2024,05,23,07,05,00,
SMM11307_20240519_163500_2-0_heavy_afternoon.wav,2024-05-19 16:35:00,afternoon,2.0,24.0,heavy,SMM11307,Chavascal,C:\Users\ggrmi\Documents\SI-Tarcisio\Sound-of-Rainfall\RAC-semiurban-forest-ML-2026\data\raw\Chavascal\heavy\SMM11307_20240519_163500_2-0_heavy_afternoon.wav,.wav,2024,05,19,16,35,00,
SMM11307_20240112_155000_0-0_no-rain_afternoon.wav,2024-01-12 15:50:00,afternoon,0.0,0.0,no-rain,SMM11307,Chavascal,C:\Users\ggrmi\Documents\SI-Tarcisio\Sound-of-Rainfall\RAC-semiurban-forest-ML-2026\data\raw\Chavascal\no_rain\SMM11307_20240112_155000_0-0_no-rain_afternoon.wav,.wav,2024,01,12,15,50,00,
SMM11307_20240517_220500_0-0_no-rain_night.wav,2024-05-17 22:05:00,night,0.0,0.0,no-rain,SMM11307,Chavascal,C:\Users\ggrmi\Documents\SI-Tarcisio\Sound-of-Rainfall\RAC-semiurban-forest-ML-2026\data\raw\Chavascal\no_rain\SMM11307_20240517_220500_0-0_no-rain_night.wav,.wav,2024,05,17,22,05,00,
SMM11307_20240518_151500_0-0_no-rain_afternoon.wav,2024-05-18 15:15:00,afternoon,0.0,0.0,no-rain,SMM11307,Chavascal,C:\Users\ggrmi\Documents\SI-Tarcisio\Sound-of-Rainfall\RAC-semiurban-forest-ML-2026\data\raw\Chavascal\no_rain\SMM11307_20240518_151500_0-0_no-rain_afternoon.wav,.wav,2024,05,18,15,15,00,
SMM11307_20240526_065000_0-2_light_morning.wav,2024-05-26 06:50:00,morning,0.2,2.4,light,SMM11307,Chavascal,C:\Users\ggrmi\Documents\SI-Tarcisio\Sound-of-Rainfall\RAC-semiurban-forest-ML-2026\data\raw\Chavascal\light\SMM11307_20240526_065000_0-2_light_morning.wav,.wav,2024,05,26,06,50,00,
SMM11307_20240113_034000_0-2_light_night.wav,2024-01-13 03:40:00,overnight,0.2,2.4,light,SMM11307,Chavascal,C:\Users\ggrmi\Documents\SI-Tarcisio\Sound-of-Rainfall\RAC-semiurban-forest-ML-2026\data\raw\Chavascal\light\SMM11307_20240113_034000_0-2_light_night.wav,.wav,2024,01,13,03,40,00,
SMM11307_20240112_133500_2-4_heavy_afternoon.wav,2024-01-12 13:35:00,afternoon,2.4,28.8,heavy,SMM11307,Chavascal,C:\Users\ggrmi\Documents\SI-Tarcisio\Sound-of-Rainfall\RAC-semiurban-forest-ML-2026\data\raw\Chavascal\heavy\SMM11307_20240112_133500_2-4_heavy_afternoon.wav,.wav,2024,01,12,13,35,00,
SMM11307_20240525_144000_2-4_heavy_afternoon.wav,2024-05-25 14:40:00,afternoon,2.4,28.8,heavy,SMM11307,Chavascal,C:\Users\ggrmi\Documents\SI-Tarcisio\Sound-of-Rainfall\RAC-semiurban-forest-ML-2026\data\raw\Chavascal\heavy\SMM11307_20240525_144000_2-4_heavy_afternoon.wav,.wav,2024,05,25,14,40,00,
SMM11307_20240518_164500_0-2_light_afternoon.wav,2024-05-18 16:45:00,afternoon,0.2,2.4,light,SMM11307,Chavascal,C:\Users\ggrmi\Documents\SI-Tarcisio\Sound-of-Rainfall\RAC-semiurban-forest-ML-2026\data\raw\Chavascal\light\SMM11307_20240518_164500_0-2_light_afternoon.wav,.wav,2024,05,18,16,45,00,
SMM11307_20240523_195000_0-0_no-rain_night.wav,2024-05-23 19:50:00,night,0.0,0.0,no-rain,SMM11307,Chavascal,C:\Users\ggrmi\Documents\SI-Tarcisio\Sound-of-Rainfall\RAC-semiurban-forest-ML-2026\data\raw\Chavascal\no_rain\SMM11307_20240523_195000_0-0_no-rain_night.wav,.wav,2024,05,23,19,50,00,
SMM11307_20240122_023000_2-4_heavy_night.wav,2024-01-22 02:30:00,overnight,2.4,28.8,heavy,SMM11307,Chavascal,C:\Users\ggrmi\Documents\SI-Tarcisio\Sound-of-Rainfall\RAC-semiurban-forest-ML-2026\data\raw\Chavascal\heavy\SMM11307_20240122_023000_2-4_heavy_night.wav,.wav,2024,01,22,02,30,00,
SMM11307_20240117_025000_0-0_no-rain_night.wav,2024-01-17 02:50:00,overnight,0.0,0.0,no-rain,SMM11307,Chavascal,C:\Users\ggrmi\Documents\SI-Tarcisio\Sound-of-Rainfall\RAC-semiurban-forest-ML-2026\data\raw\Chavascal\no_rain\SMM11307_20240117_025000_0-0_no-rain_night.wav,.wav,2024,01,17,02,50,00,
SMM11307_20240523_051000_0-2_light_night.wav,2024-05-23 05:10:00,overnight,0.2,2.4,light,SMM11307,Chavascal,C:\Users\ggrmi\Documents\SI-Tarcisio\Sound-of-Rainfall\RAC-semiurban-forest-ML-2026\data\raw\Chavascal\light\SMM11307_20240523_051000_0-2_light_night.wav,.wav,2024,05,23,05,10,00,
SMM11307_20240113_025000_0-2_light_night.wav,2024-01-13 02:50:00,overnight,0.2,2.4,light,SMM11307,Chavascal,C:\Users\ggrmi\Documents\SI-Tarcisio\Sound-of-Rainfall\RAC-semiurban-forest-ML-2026\data\raw\Chavascal\light\SMM11307_20240113_025000_0-2_light_night.wav,.wav,2024,01,13,02,50,00,
SMM11307_20240122_144000_0-0_no-rain_afternoon.wav,2024-01-22 14:40:00,afternoon,0.0,0.0,no-rain,SMM11307,Chavascal,C:\Users\ggrmi\Documents\SI-Tarcisio\Sound-of-Rainfall\RAC-semiurban-forest-ML-2026\data\raw\Chavascal\no_rain\SMM11307_20240122_144000_0-0_no-rain_afternoon.wav,.wav,2024,01,22,14,40,00,
SMM11307_20240524_002000_0-0_no-rain_night.wav,2024-05-24 00:20:00,overnight,0.0,0.0,no-rain,SMM11307,Chavascal,C:\Users\ggrmi\Documents\SI-Tarcisio\Sound-of-Rainfall\RAC-semiurban-forest-ML-2026\data\raw\Chavascal\no_rain\SMM11307_20240524_002000_0-0_no-rain_night.wav,.wav,2024,05,24,00,20,00,
SMM11307_20240113_070500_2-4_heavy_morning.wav,2024-01-13 07:05:00,morning,2.4,28.8,heavy,SMM11307,Chavascal,C:\Users\ggrmi\Documents\SI-Tarcisio\Sound-of-Rainfall\RAC-semiurban-forest-ML-2026\data\raw\Chavascal\heavy\SMM11307_20240113_070500_2-4_heavy_morning.wav,.wav,2024,01,13,07,05,00,
SMM11307_20240114_204000_0-0_no-rain_night.wav,2024-01-14 20:40:00,night,0.0,0.0,no-rain,SMM11307,Chavascal,C:\Users\ggrmi\Documents\SI-Tarcisio\Sound-of-Rainfall\RAC-semiurban-forest-ML-2026\data\raw\Chavascal\no_rain\SMM11307_20240114_204000_0-0_no-rain_night.wav,.wav,2024,01,14,20,40,00,
SMM11307_20240519_185000_0-2_light_night.wav,2024-05-19 18:50:00,night,0.2,2.4,light,SMM11307,Chavascal,C:\Users\ggrmi\Documents\SI-Tarcisio\Sound-of-Rainfall\RAC-semiurban-forest-ML-2026\data\raw\Chavascal\light\SMM11307_20240519_185000_0-2_light_night.wav,.wav,2024,05,19,18,50,00,
SMM11307_20240121_192000_0-0_no-rain_night.wav,2024-01-21 19:20:00,night,0.0,0.0,no-rain,SMM11307,Chavascal,C:\Users\ggrmi\Documents\SI-Tarcisio\Sound-of-Rainfall\RAC-semiurban-forest-ML-2026\data\raw\Chavascal\no_rain\SMM11307_20240121_192000_0-0_no-rain_night.wav,.wav,2024,01,21,19,20,00,
SMM11307_20240524_015000_0-4_moderate_night.wav,2024-05-24 01:50:00,overnight,0.4,4.8,moderate,SMM11307,Chavascal,C:\Users\ggrmi\Documents\SI-Tarcisio\Sound-of-Rainfall\RAC-semiurban-forest-ML-2026\data\raw\Chavascal\moderate\SMM11307_20240524_015000_0-4_moderate_night.wav,.wav,2024,05,24,01,50,00,
SMM11307_20240114_005500_0-0_no-rain_night.wav,2024-01-14 00:55:00,overnight,0.0,0.0,no-rain,SMM11307,Chavascal,C:\Users\ggrmi\Documents\SI-Tarcisio\Sound-of-Rainfall\RAC-semiurban-forest-ML-2026\data\raw\Chavascal\no_rain\SMM11307_20240114_005500_0-0_no-rain_night.wav,.wav,2024,01,14,00,55,00,
SMM11307_20240113_094500_0-6_moderate_morning.wav,2024-01-13 09:45:00,morning,0.6,7.2,moderate,SMM11307,Chavascal,C:\Users\ggrmi\Documents\SI-Tarcisio\Sound-of-Rainfall\RAC-semiurban-forest-ML-2026\data\raw\Chavascal\moderate\SMM11307_20240113_094500_0-6_moderate_morning.wav,.wav,2024,01,13,09,45,00,
SMM11307_20240519_044000_0-0_no-rain_night.wav,2024-05-19 04:40:00,overnight,0.0,0.0,no-rain,SMM11307,Chavascal,C:\Users\ggrmi\Documents\SI-Tarcisio\Sound-of-Rainfall\RAC-semiurban-forest-ML-2026\data\raw\Chavascal\no_rain\SMM11307_20240519_044000_0-0_no-rain_night.wav,.wav,2024,05,19,04,40,00,
SMM11307_20240519_235000_0-0_no-rain_night.wav,2024-05-19 23:50:00,night,0.0,0.0,no-rain,SMM11307,Chavascal,C:\Users\ggrmi\Documents\SI-Tarcisio\Sound-of-Rainfall\RAC-semiurban-forest-ML-2026\data\raw\Chavascal\no_rain\SMM11307_20240519_235000_0-0_no-rain_night.wav,.wav,2024,05,19,23,50,00,
SMM11307_20240114_061000_0-0_no-rain_morning.wav,2024-01-14 06:10:00,morning,0.0,0.0,no-rain,SMM11307,Chavascal,C:\Users\ggrmi\Documents\SI-Tarcisio\Sound-of-Rainfall\RAC-semiurban-forest-ML-2026\data\raw\Chavascal\no_rain\SMM11307_20240114_061000_0-0_no-rain_morning.wav,.wav,2024,01,14,06,10,00,
SMM11307_20240118_030000_0-0_no-rain_night.wav,2024-01-18 03:00:00,overnight,0.0,0.0,no-rain,SMM11307,Chavascal,C:\Users\ggrmi\Documents\SI-Tarcisio\Sound-of-Rainfall\RAC-semiurban-forest-ML-2026\data\raw\Chavascal\no_rain\SMM11307_20240118_030000_0-0_no-rain_night.wav,.wav,2024,01,18,03,00,00,
SMM11307_20240113_034500_0-2_light_night.wav,2024-01-13 03:45:00,overnight,0.2,2.4,light,SMM11307,Chavascal,C:\Users\ggrmi\Documents\SI-Tarcisio\Sound-of-Rainfall\RAC-semiurban-forest-ML-2026\data\raw\Chavascal\light\SMM11307_20240113_034500_0-2_light_night.wav,.wav,2024,01,13,03,45,00,
SMM11307_20240525_144500_1-8_heavy_afternoon.wav,2024-05-25 14:45:00,afternoon,1.8,21.6,heavy,SMM11307,Chavascal,C:\Users\ggrmi\Documents\SI-Tarcisio\Sound-of-Rainfall\RAC-semiurban-forest-ML-2026\data\raw\Chavascal\heavy\SMM11307_20240525_144500_1-8_heavy_afternoon.wav,.wav,2024,05,25,14,45,00,
SMM11307_20240526_090000_0-4_moderate_morning.wav,2024-05-26 09:00:00,morning,0.4,4.8,moderate,SMM11307,Chavascal,C:\Users\ggrmi\Documents\SI-Tarcisio\Sound-of-Rainfall\RAC-semiurban-forest-ML-2026\data\raw\Chavascal\moderate\SMM11307_20240526_090000_0-4_moderate_morning.wav,.wav,2024,05,26,09,00,00,True
SMM11307_20240115_235000_0-0_no-rain_night.wav,2024-01-15 23:50:00,night,0.0,0.0,no-rain,SMM11307,Chavascal,C:\Users\ggrmi\Documents\SI-Tarcisio\Sound-of-Rainfall\RAC-semiurban-forest-ML-2026\data\raw\Chavascal\no_rain\SMM11307_20240115_235000_0-0_no-rain_night.wav,.wav,2024,01,15,23,50,00,
SMM11307_20240112_194500_0-0_no-rain_night.wav,2024-01-12 19:45:00,night,0.0,0.0,no-rain,SMM11307,Chavascal,C:\Users\ggrmi\Documents\SI-Tarcisio\Sound-of-Rainfall\RAC-semiurban-forest-ML-2026\data\raw\Chavascal\no_rain\SMM11307_20240112_194500_0-0_no-rain_night.wav,.wav,2024,01,12,19,45,00,
SMM11307_20240113_162500_0-0_no-rain_afternoon.wav,2024-01-13 16:25:00,afternoon,0.0,0.0,no-rain,SMM11307,Chavascal,C:\Users\ggrmi\Documents\SI-Tarcisio\Sound-of-Rainfall\RAC-semiurban-forest-ML-2026\data\raw\Chavascal\no_rain\SMM11307_20240113_162500_0-0_no-rain_afternoon.wav,.wav,2024,01,13,16,25,00,
SMM11307_20240524_153500_0-4_moderate_afternoon.wav,2024-05-24 15:35:00,afternoon,0.4,4.8,moderate,SMM11307,Chavascal,C:\Users\ggrmi\Documents\SI-Tarcisio\Sound-of-Rainfall\RAC-semiurban-forest-ML-2026\data\raw\Chavascal\moderate\SMM11307_20240524_153500_0-4_moderate_afternoon.wav,.wav,2024,05,24,15,35,00,
SMM11307_20240113_055000_0-2_light_night.wav,2024-01-13 05:50:00,overnight,0.2,2.4,light,SMM11307,Chavascal,C:\Users\ggrmi\Documents\SI-Tarcisio\Sound-of-Rainfall\RAC-semiurban-forest-ML-2026\data\raw\Chavascal\light\SMM11307_20240113_055000_0-2_light_night.wav,.wav,2024,01,13,05,50,00,
SMM11307_20240525_143500_3-0_heavy_afternoon.wav,2024-05-25 14:35:00,afternoon,3.0,36.0,heavy,SMM11307,Chavascal,C:\Users\ggrmi\Documents\SI-Tarcisio\Sound-of-Rainfall\RAC-semiurban-forest-ML-2026\data\raw\Chavascal\heavy\SMM11307_20240525_143500_3-0_heavy_afternoon.wav,.wav,2024,05,25,14,35,00,
SMM11307_20240122_170000_0-0_no-rain_afternoon.wav,2024-01-22 17:00:00,afternoon,0.0,0.0,no-rain,SMM11307,Chavascal,C:\Users\ggrmi\Documents\SI-Tarcisio\Sound-of-Rainfall\RAC-semiurban-forest-ML-2026\data\raw\Chavascal\no_rain\SMM11307_20240122_170000_0-0_no-rain_afternoon.wav,.wav,2024,01,22,17,00,00,
SMM11307_20240121_004500_0-0_no-rain_night.wav,2024-01-21 00:45:00,overnight,0.0,0.0,no-rain,SMM11307,Chavascal,C:\Users\ggrmi\Documents\SI-Tarcisio\Sound-of-Rainfall\RAC-semiurban-forest-ML-2026\data\raw\Chavascal\no_rain\SMM11307_20240121_004500_0-0_no-rain_night.wav,.wav,2024,01,21,00,45,00,
SMM11307_20240113_074500_1-8_heavy_morning.wav,2024-01-13 07:45:00,morning,1.8,21.6,heavy,SMM11307,Chavascal,C:\Users\ggrmi\Documents\SI-Tarcisio\Sound-of-Rainfall\RAC-semiurban-forest-ML-2026\data\raw\Chavascal\heavy\SMM11307_20240113_074500_1-8_heavy_morning.wav,.wav,2024,01,13,07,45,00,
SMM11307_20240517_170000_0-0_no-rain_afternoon.wav,2024-05-17 17:00:00,afternoon,0.0,0.0,no-rain,SMM11307,Chavascal,C:\Users\ggrmi\Documents\SI-Tarcisio\Sound-of-Rainfall\RAC-semiurban-forest-ML-2026\data\raw\Chavascal\no_rain\SMM11307_20240517_170000_0-0_no-rain_afternoon.wav,.wav,2024,05,17,17,00,00,
SMM11307_20240522_134500_0-6_moderate_afternoon.wav,2024-05-22 13:45:00,afternoon,0.6,7.2,moderate,SMM11307,Chavascal,C:\Users\ggrmi\Documents\SI-Tarcisio\Sound-of-Rainfall\RAC-semiurban-forest-ML-2026\data\raw\Chavascal\moderate\SMM11307_20240522_134500_0-6_moderate_afternoon.wav,.wav,2024,05,22,13,45,00,True
SMM11307_20240526_202000_0-0_no-rain_night.wav,2024-05-26 20:20:00,night,0.0,0.0,no-rain,SMM11307,Chavascal,C:\Users\ggrmi\Documents\SI-Tarcisio\Sound-of-Rainfall\RAC-semiurban-forest-ML-2026\data\raw\Chavascal\no_rain\SMM11307_20240526_202000_0-0_no-rain_night.wav,.wav,2024,05,26,20,20,00,
SMM11307_20240122_112000_0-0_no-rain_morning.wav,2024-01-22 11:20:00,morning,0.0,0.0,no-rain,SMM11307,Chavascal,C:\Users\ggrmi\Documents\SI-Tarcisio\Sound-of-Rainfall\RAC-semiurban-forest-ML-2026\data\raw\Chavascal\no_rain\SMM11307_20240122_112000_0-0_no-rain_morning.wav,.wav,2024,01,22,11,20,00,
SMM11307_20240122_110000_0-0_no-rain_morning.wav,2024-01-22 11:00:00,morning,0.0,0.0,no-rain,SMM11307,Chavascal,C:\Users\ggrmi\Documents\SI-Tarcisio\Sound-of-Rainfall\RAC-semiurban-forest-ML-2026\data\raw\Chavascal\no_rain\SMM11307_20240122_110000_0-0_no-rain_morning.wav,.wav,2024,01,22,11,00,00,
SMM11307_20240121_190000_0-0_no-rain_night.wav,2024-01-21 19:00:00,night,0.0,0.0,no-rain,SMM11307,Chavascal,C:\Users\ggrmi\Documents\SI-Tarcisio\Sound-of-Rainfall\RAC-semiurban-forest-ML-2026\data\raw\Chavascal\no_rain\SMM11307_20240121_190000_0-0_no-rain_night.wav,.wav,2024,01,21,19,00,00,
SMM11307_20240117_004000_0-0_no-rain_night.wav,2024-01-17 00:40:00,overnight,0.0,0.0,no-rain,SMM11307,Chavascal,C:\Users\ggrmi\Documents\SI-Tarcisio\Sound-of-Rainfall\RAC-semiurban-forest-ML-2026\data\raw\Chavascal\no_rain\SMM11307_20240117_004000_0-0_no-rain_night.wav,.wav,2024,01,17,00,40,00,
SMM11307_20240121_132500_0-0_no-rain_afternoon.wav,2024-01-21 13:25:00,afternoon,0.0,0.0,no-rain,SMM11307,Chavascal,C:\Users\ggrmi\Documents\SI-Tarcisio\Sound-of-Rainfall\RAC-semiurban-forest-ML-2026\data\raw\Chavascal\no_rain\SMM11307_20240121_132500_0-0_no-rain_afternoon.wav,.wav,2024,01,21,13,25,00,
SMM11307_20240519_164500_0-6_moderate_afternoon.wav,2024-05-19 16:45:00,afternoon,0.6,7.2,moderate,SMM11307,Chavascal,C:\Users\ggrmi\Documents\SI-Tarcisio\Sound-of-Rainfall\RAC-semiurban-forest-ML-2026\data\raw\Chavascal\moderate\SMM11307_20240519_164500_0-6_moderate_afternoon.wav,.wav,2024,05,19,16,45,00,
SMM11307_20240113_083500_0-8_moderate_morning.wav,2024-01-13 08:35:00,morning,0.8,9.6,moderate,SMM11307,Chavascal,C:\Users\ggrmi\Documents\SI-Tarcisio\Sound-of-Rainfall\RAC-semiurban-forest-ML-2026\data\raw\Chavascal\moderate\SMM11307_20240113_083500_0-8_moderate_morning.wav,.wav,2024,01,13,08,35,00,
SMM11307_20240519_190000_0-4_moderate_night.wav,2024-05-19 19:00:00,night,0.4,4.8,moderate,SMM11307,Chavascal,C:\Users\ggrmi\Documents\SI-Tarcisio\Sound-of-Rainfall\RAC-semiurban-forest-ML-2026\data\raw\Chavascal\moderate\SMM11307_20240519_190000_0-4_moderate_night.wav,.wav,2024,05,19,19,00,00,
SMM11307_20240524_155000_0-2_light_afternoon.wav,2024-05-24 15:50:00,afternoon,0.2,2.4,light,SMM11307,Chavascal,C:\Users\ggrmi\Documents\SI-Tarcisio\Sound-of-Rainfall\RAC-semiurban-forest-ML-2026\data\raw\Chavascal\light\SMM11307_20240524_155000_0-2_light_afternoon.wav,.wav,2024,05,24,15,50,00,
SMM11307_20240519_182000_0-2_light_night.wav,2024-05-19 18:20:00,night,0.2,2.4,light,SMM11307,Chavascal,C:\Users\ggrmi\Documents\SI-Tarcisio\Sound-of-Rainfall\RAC-semiurban-forest-ML-2026\data\raw\Chavascal\light\SMM11307_20240519_182000_0-2_light_night.wav,.wav,2024,05,19,18,20,00,
SMM11307_20240118_234500_0-0_no-rain_night.wav,2024-01-18 23:45:00,night,0.0,0.0,no-rain,SMM11307,Chavascal,C:\Users\ggrmi\Documents\SI-Tarcisio\Sound-of-Rainfall\RAC-semiurban-forest-ML-2026\data\raw\Chavascal\no_rain\SMM11307_20240118_234500_0-0_no-rain_night.wav,.wav,2024,01,18,23,45,00,
SMM11307_20240521_133000_0-0_no-rain_afternoon.wav,2024-05-21 13:30:00,afternoon,0.0,0.0,no-rain,SMM11307,Chavascal,C:\Users\ggrmi\Documents\SI-Tarcisio\Sound-of-Rainfall\RAC-semiurban-forest-ML-2026\data\raw\Chavascal\no_rain\SMM11307_20240521_133000_0-0_no-rain_afternoon.wav,.wav,2024,05,21,13,30,00,
SMM11307_20240113_064000_0-4_moderate_morning.wav,2024-01-13 06:40:00,morning,0.4,4.8,moderate,SMM11307,Chavascal,C:\Users\ggrmi\Documents\SI-Tarcisio\Sound-of-Rainfall\RAC-semiurban-forest-ML-2026\data\raw\Chavascal\moderate\SMM11307_20240113_064000_0-4_moderate_morning.wav,.wav,2024,01,13,06,40,00,
SMM11307_20240522_064500_0-0_no-rain_morning.wav,2024-05-22 06:45:00,morning,0.0,0.0,no-rain,SMM11307,Chavascal,C:\Users\ggrmi\Documents\SI-Tarcisio\Sound-of-Rainfall\RAC-semiurban-forest-ML-2026\data\raw\Chavascal\no_rain\SMM11307_20240522_064500_0-0_no-rain_morning.wav,.wav,2024,05,22,06,45,00,
SMM11307_20240113_074000_3-4_heavy_morning.wav,2024-01-13 07:40:00,morning,3.4,40.8,heavy,SMM11307,Chavascal,C:\Users\ggrmi\Documents\SI-Tarcisio\Sound-of-Rainfall\RAC-semiurban-forest-ML-2026\data\raw\Chavascal\heavy\SMM11307_20240113_074000_3-4_heavy_morning.wav,.wav,2024,01,13,07,40,00,
SMM11307_20240114_131000_0-0_no-rain_afternoon.wav,2024-01-14 13:10:00,afternoon,0.0,0.0,no-rain,SMM11307,Chavascal,C:\Users\ggrmi\Documents\SI-Tarcisio\Sound-of-Rainfall\RAC-semiurban-forest-ML-2026\data\raw\Chavascal\no_rain\SMM11307_20240114_131000_0-0_no-rain_afternoon.wav,.wav,2024,01,14,13,10,00,
SMM11307_20240120_163000_0-2_light_afternoon.wav,2024-01-20 16:30:00,afternoon,0.2,2.4,light,SMM11307,Chavascal,C:\Users\ggrmi\Documents\SI-Tarcisio\Sound-of-Rainfall\RAC-semiurban-forest-ML-2026\data\raw\Chavascal\light\SMM11307_20240120_163000_0-2_light_afternoon.wav,.wav,2024,01,20,16,30,00,
SMM11307_20240112_225500_0-4_moderate_night.wav,2024-01-12 22:55:00,night,0.4,4.8,moderate,SMM11307,Chavascal,C:\Users\ggrmi\Documents\SI-Tarcisio\Sound-of-Rainfall\RAC-semiurban-forest-ML-2026\data\raw\Chavascal\moderate\SMM11307_20240112_225500_0-4_moderate_night.wav,.wav,2024,01,12,22,55,00,
SMM11307_20240117_034500_0-0_no-rain_night.wav,2024-01-17 03:45:00,overnight,0.0,0.0,no-rain,SMM11307,Chavascal,C:\Users\ggrmi\Documents\SI-Tarcisio\Sound-of-Rainfall\RAC-semiurban-forest-ML-2026\data\raw\Chavascal\no_rain\SMM11307_20240117_034500_0-0_no-rain_night.wav,.wav,2024,01,17,03,45,00,
SMM11307_20240118_140000_0-0_no-rain_afternoon.wav,2024-01-18 14:00:00,afternoon,0.0,0.0,no-rain,SMM11307,Chavascal,C:\Users\ggrmi\Documents\SI-Tarcisio\Sound-of-Rainfall\RAC-semiurban-forest-ML-2026\data\raw\Chavascal\no_rain\SMM11307_20240118_140000_0-0_no-rain_afternoon.wav,.wav,2024,01,18,14,00,00,
SMM11307_20240526_060000_0-2_light_morning.wav,2024-05-26 06:00:00,morning,0.2,2.4,light,SMM11307,Chavascal,C:\Users\ggrmi\Documents\SI-Tarcisio\Sound-of-Rainfall\RAC-semiurban-forest-ML-2026\data\raw\Chavascal\light\SMM11307_20240526_060000_0-2_light_morning.wav,.wav,2024,05,26,06,00,00,
